Batch,fecha_inicio,orden_escalon_fase,m6_avance_prev,real,pred,conjunto
AP0001,2026-04-21 19:06:00,1,0.5339211861740609,0.6038518510789966,0.7568283844595137,OOF_dev
AP0001,2026-04-21 19:41:00,2,0.5602169182918788,0.48840180957301005,0.5293369782345901,OOF_dev
AP0001,2026-04-21 20:21:00,3,0.5861092594302175,0.38503030798206805,0.4612458903593434,OOF_dev
AP0001,2026-04-21 21:06:00,4,0.5857894606279517,0.5893529268995313,0.45704164575518585,OOF_dev
AP0001,2026-04-21 21:56:00,5,0.694026397480507,0.3635024856514464,0.47848027918476643,OOF_dev
AP0001,2026-04-21 22:51:00,6,0.6727476527781017,0.6838486633684844,0.7561084631924712,OOF_dev
AP0002,2026-04-22 03:52:00,1,0.8867598289027832,0.9659398164871881,0.838647034706943,OOF_dev
AP0002,2026-04-22 04:27:00,2,0.7575987544220273,0.4768191339971536,0.4886229908605452,OOF_dev
AP0002,2026-04-22 05:07:00,3,0.6826062588606875,0.6732127457837067,0.45120543253473777,OOF_dev
AP0002,2026-04-22 05:52:00,4,0.7398799591401911,0.3380696096249245,0.5046250638258121,OOF_dev
AP0002,2026-04-22 06:42:00,5,0.6703460296097954,0.5427860760671849,0.5552209592110067,OOF_dev
AP0002,2026-04-22 07:37:00,6,0.7233143139442353,0.8436872696408346,0.7883161802445378,OOF_dev
AP0003,2026-04-22 12:59:00,1,0.7327046257656861,0.7894872751264865,0.6669893948889801,OOF_dev
AP0003,2026-04-22 13:34:00,2,0.6983663316705879,0.4498957693939835,0.5174998093580011,OOF_dev
AP0003,2026-04-22 14:14:00,3,0.6375346091949812,0.7640733539918222,0.4809262745584416,OOF_dev
AP0003,2026-04-22 14:59:00,4,0.7417532116060018,0.3801180218408827,0.37494422493463586,OOF_dev
AP0003,2026-04-22 15:49:00,5,0.7158928895220117,0.5712560431265591,0.5293028970775615,OOF_dev
AP0003,2026-04-22 16:44:00,6,0.748653733526079,0.8622834677420721,0.7004951672092986,OOF_dev
AP0004,2026-04-22 21:38:00,1,0.8126769141484678,0.8698416536381474,0.7186076983195501,OOF_dev
AP0004,2026-04-22 22:13:00,2,0.7241334274533415,0.5970745727657593,0.5359272283748322,OOF_dev
AP0004,2026-04-22 22:53:00,3,0.6897844653413213,0.5903585885417088,0.5130570671624355,OOF_dev
AP0004,2026-04-22 23:38:00,4,0.709892491911939,0.46768817839670235,0.4675516427786261,OOF_dev
AP0004,2026-04-23 00:28:00,5,0.712491718216006,0.5755180737981491,0.5049322907836487,OOF_dev
AP0004,2026-04-23 01:23:00,6,0.7620841689206808,0.7014777991372686,0.7386808343165092,OOF_dev
AP0005,2026-04-23 06:15:00,1,0.678070123292378,0.7837106843822434,0.658971581852958,OOF_dev
AP0005,2026-04-23 06:50:00,2,0.6759900807583333,0.5777020960509502,0.537804048157844,OOF_dev
AP0005,2026-04-23 07:30:00,3,0.6682526877335919,0.4362014057673992,0.5443590255665918,OOF_dev
AP0005,2026-04-23 08:15:00,4,0.6535522781810541,0.596132074483956,0.49856369552048224,OOF_dev
AP0005,2026-04-23 09:05:00,5,0.7364739871794796,0.4658300650455735,0.4944049442178267,OOF_dev
AP0005,2026-04-23 10:00:00,6,0.7276563938724978,0.7644347252137994,0.7354000550165253,OOF_dev
AP0006,2026-04-23 15:10:00,1,0.6930264582762973,0.6181837642452591,0.671940596124779,OOF_dev
AP0006,2026-04-23 15:45:00,2,0.6327930100765824,0.5707485069537891,0.5035471991229199,OOF_dev
AP0006,2026-04-23 16:25:00,3,0.6559516360874341,0.6077273068958109,0.4936234081097505,OOF_dev
AP0006,2026-04-23 17:10:00,4,0.7053011417049087,0.6120867766732193,0.5222568594603403,OOF_dev
AP0006,2026-04-23 18:00:00,5,0.7514526525885938,0.4747489095714959,0.5250690867196363,OOF_dev
AP0006,2026-04-23 18:55:00,6,0.7425662387798273,0.7088135411989782,0.744459144761874,OOF_dev
AP0007,2026-04-23 23:08:00,1,0.6848847565026721,0.5548771882140003,0.6927132022767937,OOF_dev
AP0007,2026-04-23 23:43:00,2,0.6027506365556934,0.49764573497149106,0.5312725568597836,OOF_dev
AP0007,2026-04-24 00:23:00,3,0.6169747831887098,0.4022464129664625,0.5445762554568702,OOF_dev
AP0007,2026-04-24 01:08:00,4,0.6213481344529537,0.41412707127960824,0.5509147541890854,OOF_dev
AP0007,2026-04-24 01:58:00,5,0.6508841279436571,0.38979447954687907,0.5084515316683826,OOF_dev
AP0007,2026-04-24 02:53:00,6,0.6664344191046682,0.6257433777854877,0.6798931216777132,OOF_dev
AP0008,2026-04-24 09:53:00,4,0.690130704503578,0.5554456149122948,0.4891410001305312,OOF_dev
AP0008,2026-04-24 10:43:00,5,0.7000226728584548,0.4856754998669575,0.5636363856704883,OOF_dev
AP0008,2026-04-24 11:38:00,6,0.707236126927921,0.8628757316164829,0.6717893314537925,OOF_dev
AP0009,2026-04-24 16:11:00,1,0.8299138505629556,0.6626801957718744,0.7798875010877294,OOF_dev
AP0009,2026-04-24 16:41:00,2,0.6781540761724685,0.5539937236079013,0.5516576569053153,OOF_dev
AP0009,2026-04-24 17:16:00,3,0.6630908464302113,0.48973077306263957,0.5173498278492467,OOF_dev
AP0009,2026-04-24 17:56:00,4,0.6684516247051686,0.9075494586916085,0.5421395381415056,OOF_dev
AP0009,2026-04-24 18:41:00,5,0.8072855050800699,0.7359270266650523,0.5257009977486752,OOF_dev
AP0009,2026-04-24 19:31:00,6,0.8203681162016345,0.8789186362494417,0.6240042253728506,OOF_dev
AP0010,2026-04-25 00:18:00,1,0.7924639268883521,2.2492468043281493,0.832962775651516,OOF_dev
AP0010,2026-04-25 00:53:00,2,0.9084045167086515,0.9381087405050238,0.6514626135190688,OOF_dev
AP0010,2026-04-25 01:33:00,3,0.8002377897034476,0.34292457047485464,0.5844427419652015,OOF_dev
AP0010,2026-04-25 02:18:00,4,0.6932959998845275,0.9615659127871753,0.5403661152487077,OOF_dev
AP0010,2026-04-25 03:08:00,5,0.799702295280504,0.42150848157322046,0.674256175846441,OOF_dev
AP0010,2026-04-25 04:03:00,6,0.7532658132238921,0.6921349908131842,0.7367248782887407,OOF_dev
AP0011,2026-04-25 08:59:00,1,0.8467130567433315,1.0531764833059925,0.9516029411156129,OOF_dev
AP0011,2026-04-25 09:34:00,2,0.7742550802981749,0.6286073502401588,0.6113756609998588,OOF_dev
AP0011,2026-04-25 10:14:00,3,0.7149521471527234,0.507996681988906,0.5674388178156902,OOF_dev
AP0011,2026-04-25 10:59:00,4,0.6976059697719474,0.7664326534082508,0.5475472129695974,OOF_dev
AP0011,2026-04-25 11:49:00,5,0.7810773233860651,0.6143453209996564,0.5489653021597262,OOF_dev
AP0011,2026-04-25 12:44:00,6,0.788849151760596,1.0557723512256287,0.5896669960741436,OOF_dev
AP0012,2026-04-25 16:28:00,1,0.7307471619066412,0.6695414339825689,0.7361201055106165,OOF_dev
AP0012,2026-04-25 17:03:00,2,0.6599040921905879,0.4821393169445758,0.5947079261442954,OOF_dev
AP0012,2026-04-25 17:43:00,3,0.6417623409835029,0.5940939718220658,0.5910143455221487,OOF_dev
AP0012,2026-04-25 18:28:00,4,0.6953515297387285,0.5431247453920414,0.6008864663735518,OOF_dev
AP0012,2026-04-25 19:18:00,5,0.7239677096048509,0.371300497438099,0.5607009608217665,OOF_dev
AP0012,2026-04-25 20:13:00,6,0.7016093624623201,0.3851507735159824,0.7581499008513619,OOF_dev
AP0013,2026-04-26 00:23:00,1,0.7673020736156395,0.5759908492173239,0.9596695100808786,OOF_dev
AP0013,2026-04-26 00:53:00,2,0.6274897391279097,0.2710817555012334,0.6181610193015064,OOF_dev
AP0013,2026-04-26 01:28:00,3,0.5269975213351542,0.6601201594209416,0.5585355212912525,OOF_dev
AP0013,2026-04-26 02:08:00,4,0.6707479531338588,0.29611109085721654,0.5862281501289581,OOF_dev
AP0013,2026-04-26 02:53:00,5,0.6258281014806277,0.548597193461525,0.5874770338286487,OOF_dev
AP0013,2026-04-26 03:43:00,6,0.7110740924465422,0.2439362523465777,0.6794919841744639,OOF_dev
AP0014,2026-04-26 08:39:00,1,0.7842926653906699,1.0730504253878406,0.7011584859301034,OOF_dev
AP0014,2026-04-26 09:09:00,2,0.7788895341745059,0.5521476998826756,0.4986582353787973,OOF_dev
AP0014,2026-04-26 09:44:00,3,0.6973860716316073,0.4703470512987018,0.4538826313109283,OOF_dev
AP0014,2026-04-26 10:24:00,4,0.6806263240382953,0.46669326221271157,0.45744148833806764,OOF_dev
AP0014,2026-04-26 11:09:00,5,0.7019201788040125,1.3837713350585745,0.40823448786489924,OOF_dev
AP0014,2026-04-26 11:59:00,6,0.8847407672015348,0.7859267997577708,0.546419387463844,OOF_dev
AP0015,2026-04-26 16:34:00,1,0.7733553599451145,0.7290662757502301,0.6610122766782774,OOF_dev
AP0015,2026-04-26 17:04:00,2,0.685687230233742,0.574376725520252,0.5550031199097175,OOF_dev
AP0015,2026-04-26 17:39:00,3,0.6732529227940669,0.43774844229364757,0.5425719085918558,OOF_dev
AP0015,2026-04-26 18:19:00,4,0.657081222850463,0.4590831169533513,0.5987813925465844,OOF_dev
AP0015,2026-04-26 19:04:00,5,0.6811893808528552,0.5122724300860771,0.6681618190237575,OOF_dev
AP0015,2026-04-26 19:54:00,6,0.7173246741035517,0.5685578475550128,0.7373880149121573,OOF_dev
AP0016,2026-04-27 00:40:00,1,0.6909571110954655,0.6511391770017346,0.6327434250712413,OOF_dev
AP0016,2026-04-27 01:10:00,2,0.6411875511700191,0.5373496656241435,0.44675528374205536,OOF_dev
AP0016,2026-04-27 01:45:00,3,0.6443415158071427,0.3194301128532553,0.47249446714961046,OOF_dev
AP0016,2026-04-27 02:25:00,4,0.597165129522941,0.2607555692952093,0.44395505158502224,OOF_dev
AP0016,2026-04-27 03:10:00,5,0.5724130400885278,1.4407862057895264,0.5614447984640771,OOF_dev
AP0016,2026-04-27 04:00:00,6,0.8843406134798014,0.5898655207437218,0.6059393538333868,OOF_dev
AP0017,2026-04-27 08:53:00,1,0.8197424647892355,0.5998016736170386,0.8067952118259955,OOF_dev
AP0017,2026-04-27 09:23:00,2,0.6406128849896053,0.40181595325915104,0.4036641447866765,OOF_dev
AP0017,2026-04-27 09:58:00,3,0.5867802121691774,1.2280872651140142,0.4426229432533227,OOF_dev
AP0017,2026-04-27 10:38:00,4,0.8247616599012887,0.3922822892316837,0.7133756704156351,OOF_dev
AP0017,2026-04-27 11:23:00,5,0.798240314188147,0.45766821782340755,0.6884779654200803,OOF_dev
AP0017,2026-04-27 12:13:00,6,0.7808356369686994,0.4448608247975711,0.596330081928138,OOF_dev
AP0018,2026-04-27 17:12:00,1,0.7844658283922357,0.6231292679341526,0.8094732937425556,OOF_dev
AP0018,2026-04-27 17:42:00,2,0.6520655725969489,0.5741417412021876,0.4174266095367513,OOF_dev
AP0018,2026-04-27 18:17:00,3,0.6644345892642562,0.381038785270679,0.4545139852695237,OOF_dev
AP0018,2026-04-27 18:57:00,4,0.6295672495996745,0.5241217560433622,0.49264583320294086,OOF_dev
AP0018,2026-04-27 19:42:00,5,0.6863013404224156,0.3125458869054427,0.6272022626567424,OOF_dev
AP0018,2026-04-27 20:32:00,6,0.6620436247766062,0.5837460119602814,0.7677858029220634,OOF_dev
AP0019,2026-04-28 01:24:00,1,0.7001908965364442,0.549533943825197,0.6917991189560051,OOF_dev
AP0019,2026-04-28 01:54:00,2,0.600810532831935,0.448271287053449,0.5379295497040406,OOF_dev
AP0019,2026-04-28 02:29:00,3,0.5932950546206299,0.3730312432519796,0.5136330085392582,OOF_dev
AP0019,2026-04-28 03:09:00,4,0.6033478524429519,0.3409939458520996,0.43750725327822715,OOF_dev
AP0019,2026-04-28 03:54:00,5,0.6068866688102615,0.640806778800876,0.5087289260514972,OOF_dev
AP0019,2026-04-28 04:44:00,6,0.7414706050247705,0.8453169192032575,0.6232549066188089,OOF_dev
AP0020,2026-04-28 09:17:00,1,0.8155540481570331,0.7020341676426418,0.6466257097269467,OOF_dev
AP0020,2026-04-28 09:47:00,2,0.6840758786224513,0.4995700594974371,0.47315591740724516,OOF_dev
AP0020,2026-04-28 10:22:00,3,0.6512785565722627,0.5167725203698569,0.5088442609347071,OOF_dev
AP0020,2026-04-28 11:02:00,4,0.6726760179928076,0.4135115166934092,0.5041404892910857,OOF_dev
AP0020,2026-04-28 11:47:00,5,0.6689700796432885,0.44563040856346003,0.6221192731473252,OOF_dev
AP0020,2026-04-28 12:37:00,6,0.7213193432919295,0.6265333793885328,0.6308025859870526,OOF_dev
AP0021,2026-04-28 17:26:00,1,0.7664466533013321,0.7840420207653065,0.717137432103026,OOF_dev
AP0021,2026-04-28 17:56:00,2,0.7013316740046147,0.41247939833202013,0.5358506995793383,OOF_dev
AP0021,2026-04-28 18:31:00,3,0.609314146973022,0.5688563855312823,0.491198226275173,OOF_dev
AP0021,2026-04-28 19:11:00,4,0.6717921106271831,0.43373831829378257,0.4680783088083843,OOF_dev
AP0021,2026-04-28 19:56:00,5,0.6801736802542238,0.35556733276587726,0.4363843841182414,OOF_dev
AP0021,2026-04-28 20:46:00,6,0.6637513978800044,0.4458485690359183,0.5872540532896463,OOF_dev
AP0022,2026-04-29 01:03:00,1,0.7820921338904663,0.646014593838861,0.7409179619126992,OOF_dev
AP0022,2026-04-29 01:33:00,2,0.6600051932408272,0.6365269635211505,0.4737247048212716,OOF_dev
AP0022,2026-04-29 02:08:00,3,0.6893080501927649,0.3729866611318841,0.4949814911484854,OOF_dev
AP0022,2026-04-29 02:48:00,4,0.6368093626742053,0.2930664579627421,0.42827381744108556,OOF_dev
AP0022,2026-04-29 03:33:00,5,0.607140890460047,0.21171930937448358,0.41708753418193323,OOF_dev
AP0022,2026-04-29 04:23:00,6,0.572914277619098,1.0204064919782325,0.8365848448498712,OOF_dev
AP0023,2026-04-29 10:05:00,1,0.8238935319877068,0.39507949380865875,0.6958223831729632,OOF_dev
AP0023,2026-04-29 10:35:00,2,0.5730083997231518,0.482796951108666,0.44055306942601347,OOF_dev
AP0023,2026-04-29 11:10:00,3,0.5979410875335407,0.46393211276187585,0.4529417377220104,OOF_dev
AP0023,2026-04-29 11:50:00,4,0.6308263937655498,0.4726999155708215,0.4488506899784179,OOF_dev
AP0023,2026-04-29 12:35:00,5,0.6771316275465105,0.2531736624291146,0.4008778803555624,OOF_dev
AP0023,2026-04-29 13:25:00,6,0.6291254679802799,1.5396009949374008,0.4228667812167696,OOF_dev
AP0024,2026-04-29 17:43:00,1,0.7863468795062789,0.5378098494768708,0.658326160583659,OOF_dev
AP0024,2026-04-29 18:13:00,2,0.6199094519013584,0.3279974943430565,0.5278081353681275,OOF_dev
AP0024,2026-04-29 18:48:00,3,0.5502410265826494,0.41400626247383615,0.4338550282521702,OOF_dev
AP0024,2026-04-29 19:28:00,4,0.5913114509988295,0.30763716007013436,0.4532722570038182,OOF_dev
AP0024,2026-04-29 20:13:00,5,0.5872088116919753,0.6119563616471017,0.47626372350476825,OOF_dev
AP0024,2026-04-29 21:03:00,6,0.7118113738139276,0.32363888037712524,0.7276152320214639,OOF_dev
AP0025,2026-04-30 01:14:00,1,0.7743559607096733,0.8726034363703289,0.6606449961929138,OOF_dev
AP0025,2026-04-30 01:44:00,2,0.7267272116602994,0.32793320638902873,0.5429946761627427,OOF_dev
AP0025,2026-04-30 02:19:00,3,0.5991598705688002,0.305549932137817,0.527990100404514,OOF_dev
AP0025,2026-04-30 02:59:00,4,0.5711782452314629,0.42341985823607486,0.4632836487207634,OOF_dev
AP0025,2026-04-30 03:44:00,5,0.6244885329571208,0.5611029496688731,0.47980822630148035,OOF_dev
AP0025,2026-04-30 04:34:00,6,0.7437660251151259,0.5507640391220435,0.6825786311409325,OOF_dev
AP0026,2026-04-30 09:21:00,1,0.8858500603535434,0.6362397268159381,0.64880561437324,OOF_dev
AP0026,2026-04-30 09:51:00,2,0.6720529634917283,0.42047368367946,0.5505181768671965,OOF_dev
AP0026,2026-04-30 10:26:00,3,0.6077764520293705,0.5950958037887127,0.43758712293948854,OOF_dev
AP0026,2026-04-30 11:06:00,4,0.676888252554644,0.3601615640489098,0.45471605256751885,OOF_dev
AP0026,2026-04-30 11:51:00,5,0.6550060073516477,0.5953429671926068,0.5020946083539246,OOF_dev
AP0026,2026-04-30 12:41:00,6,0.7309003245881933,0.6023905497305219,0.592566915659245,OOF_dev
AP0027,2026-04-30 17:38:00,1,0.6675614551039306,0.5557236341207683,0.5863213453860793,OOF_dev
AP0027,2026-04-30 18:08:00,2,0.5991904822860487,0.4761290366511283,0.48160832224016076,OOF_dev
AP0027,2026-04-30 18:43:00,3,0.6075764046704238,0.4407861855664531,0.45460236180595015,OOF_dev
AP0027,2026-04-30 19:23:00,4,0.6286678234614453,0.3709102167790761,0.4350730907464816,OOF_dev
AP0027,2026-04-30 20:08:00,5,0.6403213827046706,0.5377692701614215,0.4574122354028703,OOF_dev
AP0027,2026-04-30 20:58:00,6,0.711098666469615,0.4688381359077614,0.5113568620809718,OOF_dev
AP0028,2026-05-01 01:02:00,1,0.8175427397757223,0.9615155003319872,0.7871863215847283,OOF_dev
AP0028,2026-05-01 01:32:00,2,0.7529197420335962,0.4049471204132292,0.5561572860812279,OOF_dev
AP0028,2026-05-01 02:07:00,3,0.6360003644343086,0.41019623332478633,0.5084115161438362,OOF_dev
AP0028,2026-05-01 02:47:00,4,0.6268963141666223,0.6610427025249168,0.47674518503088575,OOF_dev
AP0028,2026-05-01 03:32:00,5,0.7282680038480414,0.49032344237468833,0.5466951291989995,OOF_dev
AP0028,2026-05-01 04:22:00,6,0.7353386118055155,1.1754759762999458,0.6121407011662039,OOF_dev
AP0029,2026-05-01 08:48:00,1,0.8357431340594678,0.711460752811507,0.7609221023466222,OOF_dev
AP0029,2026-05-01 09:18:00,2,0.6863604326433367,0.400448972225699,0.5062844919143324,OOF_dev
AP0029,2026-05-01 09:53:00,3,0.6072418256258856,0.34721447885670464,0.47880487696042034,OOF_dev
AP0029,2026-05-01 10:33:00,4,0.586606101766991,0.35864729151931535,0.43040236070045246,OOF_dev
AP0029,2026-05-01 11:18:00,5,0.6049467087686828,0.6781968096399483,0.48762661682963976,OOF_dev
AP0029,2026-05-01 12:08:00,6,0.7353606550546821,0.5289386704454422,0.5781886849252552,OOF_dev
AP0030,2026-05-01 16:34:00,1,0.8863390011496423,0.7493534221472433,0.5465680434780225,OOF_dev
AP0030,2026-05-01 17:04:00,2,0.6467817070949999,0.6863388776759065,0.5494527108654631,OOF_dev
AP0030,2026-05-01 17:39:00,3,0.6377959961814389,0.5313827050043739,0.5062162835293963,OOF_dev
AP0030,2026-05-01 18:19:00,4,0.6399907283485744,0.5051961368414905,0.4718749770184593,OOF_dev
AP0030,2026-05-01 19:04:00,5,0.6661497196699355,0.2375642553206673,0.5063942200024252,OOF_dev
AP0030,2026-05-01 19:54:00,6,0.6091284498375864,1.334517355601648,0.6753746505837336,OOF_dev
AP0031,2026-05-02 00:56:00,1,0.7967372801307777,0.6885084974957332,0.7110666954206839,OOF_dev
AP0031,2026-05-02 01:26:00,2,0.6772823716702547,0.6428764739259807,0.45698290737448677,OOF_dev
AP0031,2026-05-02 02:01:00,3,0.6920834517925119,0.454025746373121,0.4814978897583325,OOF_dev
AP0031,2026-05-02 02:41:00,4,0.6813497856515851,0.40357434600944503,0.47558477528666304,OOF_dev
AP0031,2026-05-02 03:26:00,5,0.6686636518419173,0.3251999556528505,0.41983469983323296,OOF_dev
AP0031,2026-05-02 04:16:00,6,0.6514025059631081,0.4977352170866763,0.48947418713991797,OOF_dev
AP0032,2026-05-02 08:27:00,1,0.7365746635193384,0.7395475592583883,0.6124494157305234,OOF_dev
AP0032,2026-05-02 08:57:00,2,0.6775723048850647,0.4001516248722581,0.487831826520033,OOF_dev
AP0032,2026-05-02 09:32:00,3,0.6043417473561009,0.7105161805783581,0.43909055381375717,OOF_dev
AP0032,2026-05-02 10:12:00,4,0.7154433856597116,0.32437201996820564,0.41320035687096635,OOF_dev
AP0032,2026-05-02 10:57:00,5,0.672942780533833,0.35523874753296303,0.4786181874720216,OOF_dev
AP0032,2026-05-02 11:47:00,6,0.6664274402790662,0.5474676347872577,0.5674293438221456,OOF_dev
AP0033,2026-05-02 15:53:00,1,0.861395589139736,0.39972345262933595,0.7176350795804866,OOF_dev
AP0033,2026-05-02 16:23:00,2,0.5845710963434956,0.5276099134702892,0.5388839517383996,OOF_dev
AP0033,2026-05-02 16:58:00,3,0.618746869771953,0.4442485423705145,0.4240934935861544,OOF_dev
AP0033,2026-05-02 17:38:00,4,0.6510064137919036,0.37055963682938114,0.5246803495599667,OOF_dev
AP0033,2026-05-02 18:23:00,5,0.6385170179209629,0.3212978992353642,0.5241196077529069,OOF_dev
AP0033,2026-05-02 19:13:00,6,0.6308637467521092,0.536944951400852,0.49671917279768324,OOF_dev
AP0034,2026-05-02 23:34:00,1,0.7688556792721821,0.8685285672496907,0.691417625979708,OOF_dev
AP0034,2026-05-03 00:04:00,2,0.7248236770564296,0.6700129520970448,0.5527382776268107,OOF_dev
AP0034,2026-05-03 00:39:00,3,0.7137689435890824,0.7617064588681702,0.5137968834757409,OOF_dev
AP0034,2026-05-03 01:19:00,4,0.7671031782382114,0.5261686003260455,0.4440209107612737,OOF_dev
AP0034,2026-05-03 02:04:00,5,0.7449111567031245,0.6154122336221531,0.48028172663214325,OOF_dev
AP0034,2026-05-03 02:54:00,6,0.7742207296701062,0.5607115733722919,0.4132448841565613,OOF_dev
AP0035,2026-05-03 06:47:00,1,0.8005521705299983,0.6758586232036495,0.6663309907625102,OOF_dev
AP0035,2026-05-03 07:17:00,2,0.6719244354572929,0.6115217447408291,0.5139301585850051,OOF_dev
AP0035,2026-05-03 07:52:00,3,0.6771855932013346,0.3052347162413717,0.4708823121059853,OOF_dev
AP0035,2026-05-03 08:32:00,4,0.6068625869364046,0.3139743547562293,0.48447743706702706,OOF_dev
AP0035,2026-05-03 09:17:00,5,0.6036916328593949,0.2928090101139974,0.5269879058191645,OOF_dev
AP0035,2026-05-03 10:07:00,6,0.6097283153105568,0.39845992428054017,0.5994369485869798,OOF_dev
AP0036,2026-05-03 14:28:00,1,0.6798381949751682,0.560184131756833,0.6420098286170987,OOF_dev
AP0036,2026-05-03 14:58:00,2,0.602484345351932,1.045701554965361,0.5091945740953616,OOF_dev
AP0036,2026-05-03 15:33:00,3,0.7773841625842872,0.2010141488253977,0.5134776849742824,OOF_dev
AP0036,2026-05-03 16:13:00,4,0.6359122284888947,0.6279847489597766,0.4329735972483423,OOF_dev
AP0036,2026-05-03 16:58:00,5,0.718605782489606,0.18650015562385328,0.46017327760273535,OOF_dev
AP0036,2026-05-03 17:48:00,6,0.6357057891420207,1.0585451621978008,0.7811120466570659,OOF_dev
AP0037,2026-05-03 22:13:00,1,0.5413085534597455,0.33337302518504436,0.9194770605836979,OOF_dev
AP0037,2026-05-03 22:43:00,2,0.4423710001288832,0.3853831734976356,0.7622246013828622,OOF_dev
AP0037,2026-05-03 23:18:00,3,0.5106406520222875,0.2586824216317635,0.47543572404753315,OOF_dev
AP0037,2026-05-03 23:58:00,4,0.5680726838232844,0.674970421602668,0.5541460417619776,OOF_dev
AP0037,2026-05-04 00:43:00,5,0.6552447410576612,0.42906024872117454,0.4848020104541445,OOF_dev
AP0037,2026-05-04 01:33:00,6,0.6352352053112078,1.3068250875717615,0.966463806638123,OOF_dev
AP0038,2026-05-04 05:55:00,1,0.6368300939649947,0.6951646413350488,0.6233744363604073,OOF_dev
AP0038,2026-05-04 06:25:00,2,0.6414511380301074,0.49608740186552946,0.5158670060078353,OOF_dev
AP0038,2026-05-04 07:00:00,3,0.6264098891439446,0.33661285825454734,0.49821492244678656,OOF_dev
AP0038,2026-05-04 07:40:00,4,0.5935320215844613,0.31832101766659293,0.5015006533347455,OOF_dev
AP0038,2026-05-04 08:25:00,5,0.5989923362311845,0.40306105060342257,0.5078774440302488,OOF_dev
AP0038,2026-05-04 09:15:00,6,0.6444022446718356,0.27145294893378114,0.46845647307808824,OOF_dev
AP0039,2026-05-04 13:22:00,1,0.779816004089212,0.5120703758907578,0.610957120529819,OOF_dev
AP0039,2026-05-04 13:52:00,2,0.6120018623560904,0.472213458105713,0.48548382244254423,OOF_dev
AP0039,2026-05-04 14:27:00,3,0.6092731894861247,0.718524673746963,0.42270831298172834,OOF_dev
AP0039,2026-05-04 15:07:00,4,0.7180521527569166,-0.013105909980168393,0.4992463992261373,OOF_dev
AP0039,2026-05-04 15:52:00,5,0.5664078765918614,0.40627140301942966,0.41508962688473194,OOF_dev
AP0039,2026-05-04 16:42:00,6,0.6270086656277953,0.5730008616779985,0.8927615691320304,OOF_dev
AP0040,2026-05-04 21:10:00,1,0.8011561989929947,1.0103281590253528,0.7665513915790032,OOF_dev
AP0040,2026-05-04 21:40:00,2,0.7598170856858338,0.5866543133727462,0.607012364993673,OOF_dev
AP0040,2026-05-04 22:15:00,3,0.6991275643906258,0.40674561200789694,0.5029918374049023,OOF_dev
AP0040,2026-05-04 22:55:00,4,0.6527607692881414,0.4716786522943649,0.4758663658370187,OOF_dev
AP0040,2026-05-04 23:40:00,5,0.6762669285953831,0.5305582565903308,0.4614941549420068,OOF_dev
AP0040,2026-05-05 00:30:00,6,0.723709097957027,0.4605323470005284,0.4458332606099036,OOF_dev
AP0041,2026-05-05 04:40:00,1,0.8092935514447505,0.8485819752764335,0.7911244316734489,OOF_dev
AP0041,2026-05-05 05:10:00,2,0.7220814635717928,0.5124780577689158,0.5372375911547238,OOF_dev
AP0041,2026-05-05 05:45:00,3,0.661621142088494,0.39352115627008166,0.45555473462586915,OOF_dev
AP0041,2026-05-05 06:25:00,4,0.6326630812786334,0.5135991100515122,0.43401495873105767,OOF_dev
AP0041,2026-05-05 07:10:00,5,0.681911800301877,0.38264611513990776,0.41634950497015194,OOF_dev
AP0041,2026-05-05 08:00:00,6,0.6826122363239164,0.24741725391483776,0.47112001284839344,OOF_dev
AP0042,2026-05-05 12:07:00,1,0.8843801246604164,0.5213819057193141,0.7498208964777907,OOF_dev
AP0042,2026-05-05 12:37:00,2,0.6418323927498715,0.43080228670007764,0.5503947945836228,OOF_dev
AP0042,2026-05-05 13:12:00,3,0.6038013465589221,0.482452532121206,0.4623368876698991,OOF_dev
AP0042,2026-05-05 13:52:00,4,0.6401355828358063,0.5069313032937182,0.4586194243656151,OOF_dev
AP0042,2026-05-05 14:37:00,5,0.6848497034946714,0.3300866217181495,0.43714555829976054,OOF_dev
AP0042,2026-05-05 15:27:00,6,0.6650765305074855,0.450150572205408,0.500014676830022,OOF_dev
AP0043,2026-05-05 19:29:00,1,0.8326588352035389,0.7349138145305371,0.6530390147127929,OOF_dev
AP0043,2026-05-05 19:59:00,2,0.6985862251122593,0.5490295667918541,0.6246084928136795,OOF_dev
AP0043,2026-05-05 20:34:00,3,0.6722315684114796,0.4673107690761348,0.5355270804458515,OOF_dev
AP0043,2026-05-05 21:14:00,4,0.6668734618698107,0.6217245664229996,0.516771587793253,OOF_dev
AP0044,2026-05-06 03:01:00,1,0.6799171368346888,0.7728892765624851,0.5636372255429754,OOF_dev
AP0044,2026-05-06 03:31:00,2,0.6794118671205378,0.6279263509230799,0.5148320637119334,OOF_dev
AP0044,2026-05-06 04:06:00,3,0.6880443802983682,0.45153125124391436,0.4823748215156726,OOF_dev
AP0044,2026-05-06 04:46:00,4,0.6681588667715608,0.40961894275728716,0.5010511906728449,OOF_dev
AP0044,2026-05-06 05:31:00,5,0.6670793262787191,0.36487084322605856,0.493918939596165,OOF_dev
AP0044,2026-05-06 06:21:00,6,0.6645349958885481,0.5051157168148296,0.46757509473902953,OOF_dev
AP0045,2026-05-06 10:43:00,1,0.6992391636348145,0.49854274835688617,0.6562992333775647,OOF_dev
AP0045,2026-05-06 11:13:00,2,0.5840413301202111,0.35718659030945854,0.4771157388774646,OOF_dev
AP0045,2026-05-06 11:48:00,3,0.549874741612437,0.3462386974014894,0.4002948675136355,OOF_dev
AP0045,2026-05-06 12:28:00,4,0.5626908223758328,0.39418581333956376,0.4855299798594897,OOF_dev
AP0045,2026-05-06 13:13:00,5,0.6135834337207735,0.30652088259818894,0.45354151369755547,OOF_dev
AP0045,2026-05-06 14:03:00,6,0.630109585513621,0.46938041771831995,0.8112022502497066,OOF_dev
AP0046,2026-05-06 18:28:00,1,0.6931510443063584,0.6751624753054275,0.6671534270284476,OOF_dev
AP0046,2026-05-06 18:58:00,2,0.6513777367850061,0.5373607467017109,0.5541291342941842,OOF_dev
AP0046,2026-05-06 19:33:00,3,0.6486071140739462,0.3047315550289806,0.5172105614575099,OOF_dev
AP0046,2026-05-06 20:13:00,4,0.5936726656687004,0.38761814698703473,0.5150537307039476,OOF_dev
AP0046,2026-05-06 20:58:00,5,0.6207330959148116,0.4796208532877504,0.47953557421165827,OOF_dev
AP0046,2026-05-06 21:48:00,6,0.6815676129052799,0.6226318986785423,0.5058425499295033,OOF_dev
AP0047,2026-05-07 02:05:00,1,0.7062724245886105,0.6658039104766527,0.6923851032963926,OOF_dev
AP0047,2026-05-07 02:35:00,2,0.6496160213097788,0.41948055648164084,0.5265121394747003,OOF_dev
AP0047,2026-05-07 03:10:00,3,0.6027680355218588,0.4302886572835568,0.45761066054269356,OOF_dev
AP0047,2026-05-07 03:50:00,4,0.6205728992418739,0.6816882465681641,0.4479841770944891,OOF_dev
AP0047,2026-05-07 04:35:00,5,0.7339151301159724,0.4670683749514995,0.4789415597607908,OOF_dev
AP0047,2026-05-07 05:25:00,6,0.7292387641992171,0.3836420360794163,0.7554940329967137,OOF_dev
AP0048,2026-05-07 10:18:00,1,0.7750892844728972,0.4623427699545171,0.826340221673819,OOF_dev
AP0048,2026-05-07 10:48:00,2,0.5891751194442276,0.4717166964040747,0.4945330962012346,OOF_dev
AP0048,2026-05-07 11:23:00,3,0.5996739105826696,0.25221611397969496,0.39284029123414227,OOF_dev
AP0048,2026-05-07 12:03:00,4,0.5462470872877523,0.42169973266875577,0.4007963122193611,OOF_dev
AP0048,2026-05-07 12:48:00,5,0.6096922196906178,0.24602605206773792,0.4171136054476907,OOF_dev
AP0048,2026-05-07 13:38:00,6,0.5896836948914936,0.4038529237938151,0.5734312045259967,OOF_dev
AP0049,2026-05-07 18:02:00,1,0.7337060879221688,0.7981109181917407,0.7595847866935158,OOF_dev
AP0049,2026-05-07 18:32:00,2,0.6986664091307822,0.5646628377733707,0.5202137491367341,OOF_dev
AP0049,2026-05-07 19:07:00,3,0.6739928211255887,0.759293631887106,0.4727390251370634,OOF_dev
AP0049,2026-05-07 19:47:00,4,0.7531180926346381,0.4472306815798016,0.4297658511553467,OOF_dev
AP0049,2026-05-07 20:32:00,5,0.7211589715513782,0.367763009756233,0.4474449605303027,OOF_dev
AP0049,2026-05-07 21:22:00,6,0.6960449229338137,0.7024772104203935,0.35726689251055593,OOF_dev
AP0050,2026-05-08 01:50:00,1,0.7558761918542378,0.9646229606802578,0.8376939208080184,OOF_dev
AP0050,2026-05-08 02:20:00,2,0.7495276936338603,0.4539790045590436,0.5027738495141219,OOF_dev
AP0050,2026-05-08 02:55:00,3,0.6558105375957778,0.5911239551382846,0.47226239417877314,OOF_dev
AP0050,2026-05-08 03:35:00,4,0.6978163979808985,0.6893757420502299,0.4914482611013683,OOF_dev
AP0050,2026-05-08 04:20:00,5,0.7648652469385006,0.387861115032483,0.5033279037589622,OOF_dev
AP0050,2026-05-08 05:10:00,6,0.7291273947142599,0.834093655606233,0.5398893504866107,OOF_dev
AP0051,2026-05-08 10:02:00,1,0.7576812399565448,0.6849509974798034,0.7444153988950478,OOF_dev
AP0051,2026-05-08 10:34:00,2,0.6660133535578749,0.40826689589812426,0.5407287522788247,OOF_dev
AP0051,2026-05-08 11:11:00,3,0.6049076630876371,0.3991810401205277,0.4960378832891952,OOF_dev
AP0051,2026-05-08 11:53:00,4,0.6105800186290308,0.4558150996437118,0.4478534933479409,OOF_dev
AP0051,2026-05-08 12:40:00,5,0.6547558230222358,0.25176633111356883,0.42131779107920553,OOF_dev
AP0051,2026-05-08 13:32:00,6,0.6222021726388678,0.3242084291381731,0.7437077905027778,OOF_dev
AP0052,2026-05-08 17:50:00,1,0.5343054107088916,0.5159231433857091,0.5827933210512865,OOF_dev
AP0052,2026-05-08 18:22:00,2,0.5380524076586911,0.43596244455218713,0.5770734015506914,OOF_dev
AP0052,2026-05-08 18:59:00,3,0.5664921627583301,0.4936072774156934,0.5236080844072271,OOF_dev
AP0052,2026-05-08 19:41:00,4,0.6317870803446326,0.37738069951994757,0.5358470195107288,OOF_dev
AP0052,2026-05-08 20:28:00,5,0.6432399315721824,0.32009924942332446,0.531502803553178,OOF_dev
AP0052,2026-05-08 21:20:00,6,0.6394175878374342,0.24675393451149052,0.7669198940148306,OOF_dev
AP0053,2026-05-09 01:46:00,1,0.6777753167182514,0.6170919747209664,0.6273591846026899,OOF_dev
AP0053,2026-05-09 02:18:00,2,0.6244292664416211,0.43086129805693624,0.5546061710200925,OOF_dev
AP0053,2026-05-09 02:55:00,3,0.5994497912893508,1.320457799010126,0.4468869268945869,OOF_dev
AP0053,2026-05-09 03:37:00,4,0.8441984836024223,0.2754076821714454,0.3854437224082376,OOF_dev
AP0053,2026-05-09 04:24:00,5,0.7652581770117209,0.4450206127725696,0.5455392260578575,OOF_dev
AP0053,2026-05-09 05:16:00,6,0.7347488256773484,0.47500800268467497,0.7641047315758062,OOF_dev
AP0054,2026-05-09 10:09:00,1,0.7644925437887257,0.7081198359222187,0.7119149021065897,OOF_dev
AP0054,2026-05-09 10:41:00,2,0.6750180809993758,0.531858209642805,0.5556438605329481,OOF_dev
AP0054,2026-05-09 11:18:00,3,0.6540910910502,0.49763562156248636,0.5710140905804755,OOF_dev
AP0054,2026-05-09 12:00:00,4,0.6676114501989733,0.512692456916507,0.5304145717003483,OOF_dev
AP0054,2026-05-09 12:47:00,5,0.7018332767495297,0.3647636227673227,0.5177906089562287,OOF_dev
AP0054,2026-05-09 13:39:00,6,0.6852174957226468,0.4414875153363574,0.5610026085868931,OOF_dev
AP0055,2026-05-09 17:36:00,1,0.7499902589230768,0.8222624786570539,0.7097869998354855,OOF_dev
AP0055,2026-05-09 18:08:00,2,0.7120417544021038,0.5965983377533486,0.5582508716020725,OOF_dev
AP0055,2026-05-09 18:45:00,3,0.6843263079184316,0.48191039410830944,0.5052144850817144,OOF_dev
AP0055,2026-05-09 19:27:00,4,0.6742616473408268,0.46024244351120297,0.4861249520623042,OOF_dev
AP0055,2026-05-09 20:14:00,5,0.6881410824293119,0.4830474126343646,0.4875151709837619,OOF_dev
AP0055,2026-05-09 21:06:00,6,0.7136329373786381,1.8015047646433326,0.8217409942238508,OOF_dev
AP0056,2026-05-10 01:27:00,1,0.7235591835113168,0.6916777269160652,0.6859967871186455,OOF_dev
AP0056,2026-05-10 01:59:00,2,0.6612154763567085,0.5210891172070891,0.5378557535571595,OOF_dev
AP0056,2026-05-10 02:36:00,3,0.6480390226289177,0.4927236666801423,0.511592912232962,OOF_dev
AP0056,2026-05-10 03:18:00,4,0.6670306041935014,0.5827325209468511,0.47405478145996166,OOF_dev
AP0056,2026-05-10 04:05:00,5,0.7228599892948155,0.5537308129447988,0.48110867681849784,OOF_dev
AP0056,2026-05-10 04:57:00,6,0.7517381826923931,1.3223791232455435,0.7550606641531186,OOF_dev
AP0057,2026-05-10 09:42:00,1,0.7358857152277873,0.7479779960828988,0.6524822474397494,OOF_dev
AP0057,2026-05-10 10:14:00,2,0.6843176319415724,0.6586598717661853,0.5577965477279013,OOF_dev
AP0057,2026-05-10 10:51:00,3,0.6993274644446765,0.4888299572510531,0.5434236348088027,OOF_dev
AP0057,2026-05-10 11:33:00,4,0.6927300345378274,0.4393487119724589,0.4772407470875953,OOF_dev
AP0057,2026-05-10 12:20:00,5,0.6889810235090041,0.38827385810032305,0.4373236400639043,OOF_dev
AP0057,2026-05-10 13:12:00,6,0.6855194884033036,1.1416640036143895,0.7104483685088108,OOF_dev
AP0058,2026-05-10 17:19:00,1,0.6717208054240442,0.7117492853403922,0.552380796018337,OOF_dev
AP0058,2026-05-10 17:51:00,2,0.6600356596105028,0.4348800609202045,0.4785943807583109,OOF_dev
AP0058,2026-05-10 18:28:00,3,0.6168640585254714,0.43073226528317554,0.4451785852080099,OOF_dev
AP0058,2026-05-10 19:10:00,4,0.6291773480045924,0.6280029261133974,0.46103602514853503,OOF_dev
AP0058,2026-05-10 19:57:00,5,0.7200473491988106,0.5591836770342422,0.49863559943900476,OOF_dev
AP0058,2026-05-10 20:49:00,6,0.7496166289181774,0.3757572265840684,0.5674293012666777,OOF_dev
AP0059,2026-05-11 01:12:00,1,0.7213174570117025,1.0607485806778378,0.5732765936484495,OOF_dev
AP0059,2026-05-11 01:44:00,2,0.7736300435338296,0.2555303646599193,0.4283246433863385,OOF_dev
AP0059,2026-05-11 02:21:00,3,0.6116881103475404,0.3328258629620167,0.5137330279813344,OOF_dev
AP0059,2026-05-11 03:03:00,4,0.5781839447406525,0.3983136470129232,0.4045237259280553,OOF_dev
AP0059,2026-05-11 03:50:00,5,0.6132254704976575,0.40599561261474376,0.4167942396858206,OOF_dev
AP0059,2026-05-11 04:42:00,6,0.6494646656006635,0.7308021316374054,0.7594941573472311,OOF_dev
AP0060,2026-05-11 09:15:00,1,0.6941113143459772,0.7009710465812329,0.613207779916357,OOF_dev
AP0060,2026-05-11 09:47:00,2,0.6602806595773704,0.5717876548248287,0.5534448157041053,OOF_dev
AP0060,2026-05-11 10:24:00,3,0.6641657662339502,0.4662785597203776,0.5288771524770419,OOF_dev
AP0060,2026-05-11 11:06:00,4,0.6668816133665741,0.37107780763406867,0.5062745452548061,OOF_dev
AP0060,2026-05-11 11:53:00,5,0.6574749195240314,0.3295118351097238,0.44347031235144996,OOF_dev
AP0060,2026-05-11 12:45:00,6,0.6502912026709969,0.3510849017937008,0.6492946889767652,OOF_dev
AP0061,2026-05-11 18:36:00,1,0.7875496866530225,0.6903182370742569,0.67637895701833,OOF_dev
AP0061,2026-05-11 19:08:00,2,0.6779575301884864,0.6675768252667614,0.5257840725510493,OOF_dev
AP0061,2026-05-11 19:45:00,3,0.700894442122896,0.598712997815849,0.5327289934060876,OOF_dev
AP0061,2026-05-11 20:27:00,4,0.7216005671170775,0.6068255464690804,0.562779161136793,OOF_dev
AP0061,2026-05-11 21:14:00,5,0.7489788427098887,0.38061315596982553,0.48625590747808556,OOF_dev
AP0061,2026-05-11 22:06:00,6,0.720541620511835,0.6057210475837449,0.6083527396727036,OOF_dev
AP0062,2026-05-12 02:30:00,1,0.7699554611174475,0.6853144139093275,0.6837180447153449,OOF_dev
AP0062,2026-05-12 03:01:00,2,0.6643353991101272,0.37024423847185095,0.5755006446644322,OOF_dev
AP0062,2026-05-12 03:37:00,3,0.586522078555074,0.4972271922904108,0.4753724433079451,OOF_dev
AP0062,2026-05-12 04:18:00,4,0.6382125257611608,0.3341258682849704,0.46195154960590173,OOF_dev
AP0062,2026-05-12 05:04:00,5,0.6317218914202214,0.30596711682982486,0.45365982452681647,OOF_dev
AP0062,2026-05-12 05:55:00,6,0.6263157518026851,0.5145480525590614,0.6678083421243113,OOF_dev
AP0063,2026-05-12 11:09:00,1,0.6310962851460389,0.39445184757090407,0.5641637812279742,OOF_dev
AP0063,2026-05-12 11:40:00,2,0.5191268392692894,0.42907576555234794,0.5233002658898352,OOF_dev
AP0063,2026-05-12 12:16:00,3,0.5565211392082765,0.49255933982674094,0.4760053120553477,OOF_dev
AP0063,2026-05-12 12:57:00,4,0.6277552952153564,0.7420822398635262,0.4864265671026243,OOF_dev
AP0063,2026-05-12 13:43:00,5,0.7451662639183902,0.3929094670940948,0.5189541318950835,OOF_dev
AP0063,2026-05-12 14:34:00,6,0.720111045973912,0.5705302231257863,0.46600312523961,OOF_dev
AP0064,2026-05-12 19:11:00,1,0.7780640373741521,0.9694416070967864,0.8657805611062594,OOF_dev
AP0064,2026-05-12 19:42:00,2,0.7489182084388032,0.3774830566355374,0.5797268382730109,OOF_dev
AP0064,2026-05-12 20:18:00,3,0.6420572732722463,0.4865991692807024,0.5242662911687336,OOF_dev
AP0064,2026-05-12 20:59:00,4,0.6550901919221404,0.38548953529802993,0.5161430270405719,OOF_dev
AP0064,2026-05-12 21:45:00,5,0.649431964971555,0.5630915581514432,0.5135730349448332,OOF_dev
AP0064,2026-05-12 22:36:00,6,0.7177925264157858,0.5238337381617331,0.8148624766726403,OOF_dev
AP0065,2026-05-13 03:07:00,1,0.8194091065054981,0.5090677763543653,0.656182017156041,OOF_dev
AP0065,2026-05-13 03:39:00,2,0.6206772511961363,0.4550903539009175,0.5504164599188455,OOF_dev
AP0065,2026-05-13 04:16:00,3,0.6086235261556148,0.5431354420347022,0.5005288861975811,OOF_dev
AP0065,2026-05-13 04:58:00,4,0.6649056064180034,0.6225101387640929,0.5340258392740892,OOF_dev
AP0065,2026-05-13 05:45:00,5,0.7357826650415019,0.5393542700464804,0.5516087481342947,OOF_dev
AP0065,2026-05-13 06:37:00,6,0.7526768159490528,1.304612565742521,0.7895276427746383,OOF_dev
AP0066,2026-05-13 11:10:00,1,0.7796150239977003,1.2156722690253208,0.7470575241450743,OOF_dev
AP0066,2026-05-13 11:42:00,2,0.8116448502509661,0.9944163013115928,0.7136374878639471,OOF_dev
AP0066,2026-05-13 12:19:00,3,0.8180861898729271,1.0709533257562767,0.6613716114715654,OOF_dev
AP0066,2026-05-13 13:01:00,4,0.8523250087817289,1.0021483269635247,0.6160708302622474,OOF_dev
AP0066,2026-05-13 13:48:00,5,0.867153358671747,0.6477839208366364,0.6091079594245228,OOF_dev
AP0066,2026-05-13 14:40:00,6,0.8329347737178974,0.6921925115101631,0.7037811145991106,OOF_dev
AP0067,2026-05-13 18:50:00,1,0.7531144192351461,1.0125551800018955,0.7664409364722066,OOF_dev
AP0067,2026-05-13 19:22:00,2,0.7513243502909337,0.480478244876544,0.5480213621371175,OOF_dev
AP0067,2026-05-13 19:59:00,3,0.6598468368145283,0.6522487728825938,0.5551136492705155,OOF_dev
AP0067,2026-05-13 20:41:00,4,0.7277280723495235,0.6246506113305443,0.5682970258628758,OOF_dev
AP0067,2026-05-13 21:28:00,5,0.7528251788164684,0.8331599783665048,0.561888556155863,OOF_dev
AP0067,2026-05-13 22:20:00,6,0.8192741260625946,0.90214074118432,0.6734770103500758,OOF_dev
AP0068,2026-05-14 02:17:00,1,0.7899983706483971,0.590744638029456,0.7273543819961265,OOF_dev
AP0068,2026-05-14 02:49:00,2,0.6440710387472603,0.6321070634562582,0.5683408472139818,OOF_dev
AP0068,2026-05-14 03:26:00,3,0.6797580272974781,0.49258446348635876,0.553540607704227,OOF_dev
AP0068,2026-05-14 04:08:00,4,0.6767495439143107,0.6122097729559223,0.5339564498643757,OOF_dev
AP0068,2026-05-14 04:55:00,5,0.7328501293399674,0.4354993199518631,0.5750946761989735,OOF_dev
AP0068,2026-05-14 05:47:00,6,0.7237736240305148,0.7979850001311638,0.7195573265737423,OOF_dev
AP0069,2026-05-14 10:09:00,1,0.7939495557857834,0.8241356425248859,0.6884360934665328,OOF_dev
AP0069,2026-05-14 10:41:00,2,0.7131874584985636,0.7813498228302918,0.5496568444441342,OOF_dev
AP0069,2026-05-14 11:18:00,3,0.7406830966212385,0.8535870773946891,0.5598853833708993,OOF_dev
AP0069,2026-05-14 12:00:00,4,0.7932138510251476,0.5060229178188375,0.5379353943737493,OOF_dev
AP0069,2026-05-14 12:47:00,5,0.7536648787656941,0.44015297562719313,0.4190649879471904,OOF_dev
AP0069,2026-05-14 13:39:00,6,0.7345360272187467,0.9863891614581625,0.7730462542241472,OOF_dev
AP0070,2026-05-14 17:56:00,1,0.7255491938874571,0.6594555710737108,0.6767952928456126,OOF_dev
AP0070,2026-05-14 18:29:00,2,0.6560417582463631,0.5784609303787234,0.4680675390820761,OOF_dev
AP0070,2026-05-14 19:07:00,3,0.6658594766778454,0.3683492733869487,0.48984756729462264,OOF_dev
AP0070,2026-05-14 19:50:00,4,0.6324866799908487,0.4126007424435883,0.45742970942225153,OOF_dev
AP0070,2026-05-14 20:38:00,5,0.6514990957845248,0.44849006228998245,0.4407574021147447,OOF_dev
AP0070,2026-05-14 21:31:00,6,0.687145458424175,0.7336144247398294,0.46788225162351876,OOF_dev
AP0071,2026-05-15 01:26:00,1,0.80297324048399,0.7198423754143245,0.6713562862654515,OOF_dev
AP0071,2026-05-15 01:59:00,2,0.6845479763192717,0.5879865830853777,0.4860751016719809,OOF_dev
AP0071,2026-05-15 02:37:00,3,0.6759805840652362,0.6094505577464739,0.46499308338713113,OOF_dev
AP0071,2026-05-15 03:20:00,4,0.7139200398734618,0.4201001288122711,0.5015981525062827,OOF_dev
AP0071,2026-05-15 04:08:00,5,0.6948611431338847,0.42168549366568775,0.45451803395460383,OOF_dev
AP0071,2026-05-15 05:01:00,6,0.6985180318590669,0.43709974611120245,0.6792832131219397,OOF_dev
AP0072,2026-05-15 09:47:00,1,0.6736859848993282,0.6837336458023902,0.6597725764988492,OOF_dev
AP0072,2026-05-15 10:20:00,2,0.648077331279233,0.613418655364757,0.48108086290217233,OOF_dev
AP0072,2026-05-15 10:58:00,3,0.6730102747405966,0.46595517369961814,0.533613789489728,OOF_dev
AP0072,2026-05-15 11:41:00,4,0.6724922530688842,0.4020005131705963,0.4920137799824019,OOF_dev
AP0072,2026-05-15 12:29:00,5,0.6666432117284642,0.5531157172672092,0.46374325098240005,OOF_dev
AP0072,2026-05-15 13:22:00,6,0.7233442669714439,0.42885446258890086,0.8439250207425164,OOF_dev
AP0073,2026-05-15 17:53:00,1,0.7228809957559816,0.634724077857177,0.5789336959422957,OOF_dev
AP0073,2026-05-15 18:26:00,2,0.6442432243607163,0.5534617660109468,0.45343078569787426,OOF_dev
AP0073,2026-05-15 19:04:00,3,0.6529050443542292,0.467539873319207,0.4522111329632015,OOF_dev
AP0073,2026-05-15 19:47:00,4,0.6597381035424679,0.3901939208578105,0.471958965359796,OOF_dev
AP0073,2026-05-15 20:35:00,5,0.664612177662628,0.0899490354437586,0.45926509703620083,OOF_dev
AP0073,2026-05-15 21:28:00,6,0.5620074923073123,1.2480453130380744,0.5409716820622048,OOF_dev
AP0074,2026-05-16 01:37:00,1,0.7568992534214596,0.6766572098033156,0.6060689439013193,OOF_dev
AP0074,2026-05-16 02:10:00,2,0.6672056931724855,0.3996891495977044,0.5176690361450246,OOF_dev
AP0074,2026-05-16 02:48:00,3,0.6056796800756052,0.4299573025462246,0.4876643559179611,OOF_dev
AP0074,2026-05-16 03:31:00,4,0.6297652804673076,0.40569525540628554,0.47098258690190586,OOF_dev
AP0074,2026-05-16 04:19:00,5,0.6461316072236476,0.44034367403538244,0.3708629938603822,OOF_dev
AP0074,2026-05-16 05:12:00,6,0.6873845533205052,0.6662616886327986,0.5318949199978413,OOF_dev
AP0075,2026-05-16 09:39:00,1,0.8114322364612104,0.742761527560866,0.7096816280139426,OOF_dev
AP0075,2026-05-16 10:12:00,2,0.7006589889209764,0.6039774058289796,0.5574905699300841,OOF_dev
AP0075,2026-05-16 10:50:00,3,0.6894622313427919,0.4849288776853228,0.503671627751316,OOF_dev
AP0075,2026-05-16 11:33:00,4,0.680706281347317,0.4265915492595546,0.4865323246614116,OOF_dev
AP0075,2026-05-16 12:21:00,5,0.6797217788206824,0.3639719451233808,0.4590083962657231,OOF_dev
AP0075,2026-05-16 13:14:00,6,0.6734890876096813,0.9529461225985271,0.5796478916469952,OOF_dev
AP0076,2026-05-16 17:17:00,1,0.8756509018576131,0.6541037614394017,0.5503343438825637,OOF_dev
AP0076,2026-05-16 17:50:00,2,0.6886133928830127,0.5576843184140716,0.45588399279393577,OOF_dev
AP0076,2026-05-16 18:28:00,3,0.6702913407813549,0.6484889256919266,0.43839102306505534,OOF_dev
AP0076,2026-05-16 19:11:00,4,0.7298942599588618,0.380273325100329,0.5548549152852602,OOF_dev
AP0076,2026-05-16 19:59:00,5,0.6891585993408944,0.4746669968077834,0.5116981813718394,OOF_dev
AP0076,2026-05-16 20:52:00,6,0.7156930962047098,0.6001288185384267,0.6583191910774936,OOF_dev
AP0077,2026-05-17 01:04:00,1,0.7781421656745482,0.7268552948774403,0.6200025990746167,OOF_dev
AP0077,2026-05-17 01:37:00,2,0.6880314690062006,0.5762767921728251,0.46935244709318624,OOF_dev
AP0077,2026-05-17 02:15:00,3,0.6755686496190851,0.6646772051790114,0.5358683539293211,OOF_dev
AP0077,2026-05-17 02:58:00,4,0.7286500748660448,0.4165931248827973,0.5310776494529814,OOF_dev
AP0077,2026-05-17 03:46:00,5,0.6997705905628013,0.5794124050105064,0.5036782814827098,OOF_dev
AP0077,2026-05-17 04:39:00,6,0.7461895693951646,0.6501384065981012,0.6492601755660047,OOF_dev
AP0078,2026-05-17 08:55:00,1,0.763419885296474,0.890154620705328,0.6469949051076553,OOF_dev
AP0078,2026-05-17 09:28:00,2,0.7341732590619989,0.4220006427019057,0.6077231064253635,OOF_dev
AP0078,2026-05-17 10:06:00,3,0.6421502896624424,0.49690422518602384,0.5266997460917879,OOF_dev
AP0078,2026-05-17 10:49:00,4,0.6628596503384081,0.49474829111436447,0.5284492642102138,OOF_dev
AP0078,2026-05-17 11:37:00,5,0.6931472572238055,0.2840879886192989,0.5282784837412178,OOF_dev
AP0078,2026-05-17 12:30:00,6,0.6573723822874857,0.8354118677110728,0.5732170843057225,OOF_dev
AP0079,2026-05-17 16:52:00,1,0.7730517554387069,0.6013478528476618,0.5622194467199519,OOF_dev
AP0079,2026-05-17 17:25:00,2,0.6419925047068611,0.452240174015794,0.5042698223859884,OOF_dev
AP0079,2026-05-17 18:03:00,3,0.618550696987302,0.5093567795036571,0.49283634799709575,OOF_dev
AP0079,2026-05-17 18:46:00,4,0.659136315748877,0.4099478779994317,0.49452620304933775,OOF_dev
AP0079,2026-05-17 19:34:00,5,0.6649814570089494,0.7378107562799763,0.49488475467482373,OOF_dev
AP0079,2026-05-17 20:27:00,6,0.7739419451983933,0.43321494180353537,0.5283679344138582,OOF_dev
AP0080,2026-05-18 00:56:00,1,0.7209498723025728,0.6416467926856024,0.6121439507071115,OOF_dev
AP0080,2026-05-18 01:29:00,2,0.6467694670841513,0.46343618388113683,0.48712621816764257,OOF_dev
AP0080,2026-05-18 02:07:00,3,0.631255031780604,0.6814245391780365,0.5399391853229519,OOF_dev
AP0080,2026-05-18 02:50:00,4,0.7164277225872597,0.5286683377279605,0.5328894919717763,OOF_dev
AP0080,2026-05-18 03:38:00,5,0.7248410932617648,0.333050329593235,0.5131491474654947,OOF_dev
AP0080,2026-05-18 04:31:00,6,0.6863760838392514,0.29334390804969523,0.5722785866069519,OOF_dev
AP0081,2026-05-18 08:59:00,1,0.6718643160876643,0.5771635397463896,0.5472677853790591,OOF_dev
AP0081,2026-05-18 09:32:00,2,0.6103404376037442,0.4556137070529192,0.5033705043702751,OOF_dev
AP0081,2026-05-18 10:10:00,3,0.6065791074366881,0.6028104271585245,0.42284091126190226,OOF_dev
AP0081,2026-05-18 10:53:00,4,0.6850010002167927,0.41525489930470977,0.49260828627057546,OOF_dev
AP0081,2026-05-18 11:41:00,5,0.6770328709713902,0.4228578802415181,0.412589912760363,OOF_dev
AP0081,2026-05-18 12:34:00,6,0.6908462580988644,0.30004292408348293,0.5318937779544524,OOF_dev
AP0082,2026-05-18 16:54:00,1,0.755009104805586,0.7724262250625412,0.5742259453542328,OOF_dev
AP0082,2026-05-18 17:27:00,2,0.6996853322114989,0.3888659235282279,0.48483628431648973,OOF_dev
AP0082,2026-05-18 18:05:00,3,0.6154723388304588,0.39170541548475507,0.42331695123702934,OOF_dev
AP0082,2026-05-18 18:48:00,4,0.614517900312628,0.7242462075955045,0.4020647227278077,OOF_dev
AP0082,2026-05-18 19:36:00,5,0.7394786965203389,0.3059341868636301,0.47517799591876786,OOF_dev
AP0082,2026-05-18 20:29:00,6,0.6942725984345852,0.5104015968503333,0.6619735316810411,OOF_dev
AP0083,2026-05-19 00:49:00,1,0.749028951276979,0.5152658060484553,0.579607168636078,OOF_dev
AP0083,2026-05-19 01:22:00,2,0.6073349112416373,0.37114482014847816,0.5153554142332518,OOF_dev
AP0083,2026-05-19 02:00:00,3,0.56811735174057,0.45320778386830257,0.46177980537044994,OOF_dev
AP0083,2026-05-19 02:43:00,4,0.6159464574762141,0.38116435486136796,0.446105916232491,OOF_dev
AP0083,2026-05-19 03:31:00,5,0.6312523207896206,0.41590357797155564,0.45219645052266105,OOF_dev
AP0083,2026-05-19 04:24:00,6,0.671165738287294,0.487159119473045,0.5568606277888384,OOF_dev
AP0084,2026-05-19 09:20:00,1,0.6987076889880519,0.5665215043841363,0.6452277281662271,OOF_dev
AP0084,2026-05-19 09:53:00,2,0.6138844990172624,0.45633684907019534,0.49861432926706317,OOF_dev
AP0084,2026-05-19 10:31:00,3,0.6059792842701056,0.41500153916422045,0.4554724847996799,OOF_dev
AP0084,2026-05-19 11:14:00,4,0.6183831777795028,0.4562214205479394,0.4664705267367822,OOF_dev
AP0084,2026-05-19 12:02:00,5,0.6577297009877756,0.4833467707592642,0.4374875824889916,OOF_dev
AP0084,2026-05-19 12:55:00,6,0.699522940197862,0.5381105494456317,0.7917580317400479,OOF_dev
AP0085,2026-05-19 16:52:00,1,0.8623881710756928,0.5604662616453603,0.8264595101143181,OOF_dev
AP0085,2026-05-19 17:25:00,2,0.626499993605965,0.4383578310788989,0.46171956316823337,OOF_dev
AP0085,2026-05-19 18:03:00,3,0.5882971420770358,0.30720586950575773,0.44802315820013533,OOF_dev
AP0085,2026-05-19 18:46:00,4,0.5582490779545375,0.4057902654262368,0.4466888221703689,OOF_dev
AP0085,2026-05-19 19:34:00,5,0.609672068647304,0.49444625091248756,0.4486061424592495,OOF_dev
AP0085,2026-05-19 20:27:00,6,0.6784959267617772,0.2751447021523447,0.7127874072394773,OOF_dev
AP0086,2026-05-20 00:32:00,1,0.6466766869029235,0.37180316418465736,0.5288788701398283,OOF_dev
AP0086,2026-05-20 01:04:00,2,0.5185343584156614,0.2617082112441811,0.4220370475013408,OOF_dev
AP0086,2026-05-20 01:41:00,3,0.4770762800163796,0.3474102545631452,0.39739171810798024,OOF_dev
AP0086,2026-05-20 02:23:00,4,0.5315466822206615,0.3068235124318204,0.43123065088008306,OOF_dev
AP0086,2026-05-20 03:10:00,5,0.5603735562484559,0.25905817484038324,0.4385689418424497,OOF_dev
AP0086,2026-05-20 04:02:00,6,0.565909254036058,0.3074835199616872,0.6328119832478913,OOF_dev
AP0087,2026-05-20 09:23:00,1,0.613729528349515,0.500733502296744,0.5523660063887352,OOF_dev
AP0087,2026-05-20 09:55:00,2,0.5615211371774502,0.38474093443760704,0.4451749163257075,OOF_dev
AP0087,2026-05-20 10:32:00,3,0.5561997878221243,0.2969872373355078,0.4012329217718912,OOF_dev
AP0087,2026-05-20 11:14:00,4,0.5477981242445515,0.431459928617764,0.43753949240532164,OOF_dev
AP0087,2026-05-20 12:01:00,5,0.6215301650304867,0.42529696751942225,0.39522798424680317,OOF_dev
AP0087,2026-05-20 12:53:00,6,0.6618818889226992,0.6195604755638446,0.7708652871199888,OOF_dev
AP0088,2026-05-20 17:07:00,1,0.7704450074111381,0.31599253579287034,0.5587196633924073,OOF_dev
AP0088,2026-05-20 17:39:00,2,0.5251135628307118,0.32443950291458723,0.4095411867262121,OOF_dev
AP0088,2026-05-20 18:16:00,3,0.5093595364791229,0.2869543345316671,0.40419129924897923,OOF_dev
AP0088,2026-05-20 18:58:00,4,0.5185072222362804,0.4900949311500291,0.38133530452043146,OOF_dev
AP0088,2026-05-20 19:45:00,5,0.6248585054640535,0.40622036423993724,0.48833370320414154,OOF_dev
AP0088,2026-05-20 20:37:00,6,0.6616053700896449,0.2977855212399429,0.5338361855681043,OOF_dev
AP0089,2026-05-21 00:40:00,1,0.6448038027975223,0.48465938215159177,0.6693336224924453,OOF_dev
AP0089,2026-05-21 01:12:00,2,0.5483679154185428,0.6092469935198399,0.5388061849873206,OOF_dev
AP0089,2026-05-21 01:49:00,3,0.6396117232154301,0.13734778690246222,0.4537308165718918,OOF_dev
AP0089,2026-05-21 02:31:00,4,0.5856592776734433,0.34645264467089837,0.5185299143509822,OOF_dev
AP0089,2026-05-21 03:18:00,5,0.5829280317695155,0.8907885447791786,0.5313411745056903,OOF_dev
AP0089,2026-05-21 04:10:00,6,0.7742216670986408,0.5109273681382639,0.7188726765518698,OOF_dev
AP0090,2026-05-21 09:36:00,1,0.6281510627166382,0.6481237035146551,0.5164284303067789,OOF_dev
AP0090,2026-05-21 10:08:00,2,0.630516115022062,0.4560416135636906,0.5090003653732779,OOF_dev
AP0090,2026-05-21 10:45:00,3,0.6124208252933742,0.45864464103778046,0.471061382977896,OOF_dev
AP0090,2026-05-21 11:27:00,4,0.6418086817213651,0.37675473414929894,0.4821120030353514,OOF_dev
AP0090,2026-05-21 12:14:00,5,0.6403059355612077,0.3733617040207771,0.46150192201461526,OOF_dev
AP0090,2026-05-21 13:06:00,6,0.652741958496198,0.30834405721189956,0.6482126821696601,OOF_dev
AP0091,2026-05-21 17:09:00,1,0.777867398831012,0.47486622275707974,0.6500798320970409,OOF_dev
AP0091,2026-05-21 17:41:00,2,0.5949083202152803,0.4219569871724218,0.45694291585472924,OOF_dev
AP0091,2026-05-21 18:18:00,3,0.5849158330848137,0.39251008710008417,0.503482392936208,OOF_dev
AP0091,2026-05-21 19:00:00,4,0.5993704306474741,0.5910844318334366,0.46626935738275527,OOF_dev
AP0091,2026-05-21 19:47:00,5,0.6955200013610754,0.561788453933094,0.561998643984665,OOF_dev
AP0091,2026-05-21 20:39:00,6,0.7422196692472312,0.39948128663017546,0.7445224076574364,OOF_dev
AP0092,2026-05-22 00:32:00,1,0.7320329014839593,0.5244640207410476,0.644567203377932,OOF_dev
AP0092,2026-05-22 01:04:00,2,0.6023847528873976,0.49858031038406336,0.4993959656343406,OOF_dev
AP0092,2026-05-22 01:41:00,3,0.616443892147599,0.5533229364525446,0.48859795897195496,OOF_dev
AP0092,2026-05-22 02:23:00,4,0.6755470708927628,0.2488011903068087,0.41043059342030014,OOF_dev
AP0092,2026-05-22 03:10:00,5,0.6376487459326492,1.81592819752276,0.39136823031439827,OOF_dev
AP0092,2026-05-22 04:02:00,6,0.9183050645556928,0.5946337069606408,0.4471189220840901,OOF_dev
AP0093,2026-05-22 09:11:00,1,0.6304798986048927,0.595051646039394,0.5349693275889896,OOF_dev
AP0093,2026-05-22 09:43:00,2,0.6037530841935796,0.589757284363293,0.4972344382116684,OOF_dev
AP0093,2026-05-22 10:20:00,3,0.6504506969637971,0.4598052894123524,0.48972293808137163,OOF_dev
AP0093,2026-05-22 11:02:00,4,0.6543363535089867,0.38953820959448954,0.49768040894508453,OOF_dev
AP0093,2026-05-22 11:49:00,5,0.6534854587153787,0.23572895674335057,0.48276576073391725,OOF_dev
AP0093,2026-05-22 12:41:00,6,0.6107580030433417,0.6183291437190063,0.5997865154555911,OOF_dev
AP0094,2026-05-22 16:55:00,1,0.730780327000883,0.4910920424921422,0.6565988061480661,OOF_dev
AP0094,2026-05-22 17:25:00,2,0.5881791856941421,0.4679634768585945,0.48137087041877885,OOF_dev
AP0094,2026-05-22 18:00:00,3,0.5976206513809825,0.3109373743661233,0.49290936880239394,OOF_dev
AP0094,2026-05-22 18:40:00,4,0.5707574714440655,0.2964845971691185,0.4750340059657794,OOF_dev
AP0094,2026-05-22 19:25:00,5,0.573958850509267,0.41826512456852855,0.5065445368783011,OOF_dev
AP0094,2026-05-22 20:15:00,6,0.6367569007015428,0.3210869021602348,0.4297938786575993,OOF_dev
AP0095,2026-05-23 00:18:00,1,0.7056771641812086,0.6660478439073979,0.5633554118062958,OOF_dev
AP0095,2026-05-23 00:48:00,2,0.6506381031373931,0.43976574017672176,0.5146008479181028,OOF_dev
AP0095,2026-05-23 01:23:00,3,0.6119399638480086,0.3854917957520702,0.48458286577903636,OOF_dev
AP0095,2026-05-23 02:03:00,4,0.6086250830602351,0.8819871873867077,0.501687811376617,OOF_dev
AP0095,2026-05-23 02:48:00,5,0.7740994084684262,0.33235170821682275,0.5534802410848907,OOF_dev
AP0095,2026-05-23 03:38:00,6,0.7198549204129638,0.41943852307734264,0.515511196382791,OOF_dev
AP0096,2026-05-23 08:06:00,1,0.619885107496487,0.5191215842121137,0.5464751023245245,OOF_dev
AP0096,2026-05-23 08:36:00,2,0.571789858456943,0.5962170411244352,0.49767257798055964,OOF_dev
AP0096,2026-05-23 09:11:00,3,0.6422493322157119,0.37776867035019573,0.45148823589145093,OOF_dev
AP0096,2026-05-23 09:51:00,4,0.6276466882114541,0.5142413802602659,0.4464125870001588,OOF_dev
AP0096,2026-05-23 10:36:00,5,0.6866609917364646,0.4627848242489701,0.5001406191922707,OOF_dev
AP0096,2026-05-23 11:26:00,6,0.7054938930173708,0.6284515748214592,0.6678109242984825,OOF_dev
AP0097,2026-05-23 15:47:00,1,0.6035972316631115,0.4733839774001503,0.5582031743337148,OOF_dev
AP0097,2026-05-23 16:17:00,2,0.5471548332331724,0.3852836570400925,0.5168401889095675,OOF_dev
AP0097,2026-05-23 16:52:00,3,0.5459041995131988,0.3288482922591951,0.48442505381506806,OOF_dev
AP0097,2026-05-23 17:32:00,4,0.5515711398532519,0.21019302444578503,0.42550378813138545,OOF_dev
AP0097,2026-05-23 18:17:00,5,0.5211530501771242,0.33861119374381854,0.39867784539773793,OOF_dev
AP0097,2026-05-23 19:07:00,6,0.5744745167949923,0.20138193025713572,0.3512589035308397,OOF_dev
AP0098,2026-05-23 23:36:00,1,0.7075007637915689,0.8158962635799667,0.5967918274681918,OOF_dev
AP0098,2026-05-24 00:06:00,2,0.6996129766740726,0.49346023849267584,0.5528621641955114,OOF_dev
AP0098,2026-05-24 00:41:00,3,0.6502720773256114,0.6513801754395999,0.5063315239291445,OOF_dev
AP0098,2026-05-24 01:21:00,4,0.7131778390509611,0.3355275887041417,0.574138090121436,OOF_dev
AP0098,2026-05-24 02:06:00,5,0.6639398693607532,0.4579787640343661,0.535251069736603,OOF_dev
AP0098,2026-05-24 02:56:00,6,0.6942500613287677,0.2171033860757879,0.5973688784126533,OOF_dev
AP0099,2026-05-24 06:44:00,1,0.7061067694673518,0.6198256623164499,0.6291080957584969,OOF_dev
AP0099,2026-05-24 07:14:00,2,0.6319917375482438,0.531979473926428,0.5030867994011692,OOF_dev
AP0099,2026-05-24 07:49:00,3,0.6384537070093491,0.5059921457923043,0.5111887142938515,OOF_dev
AP0099,2026-05-24 08:29:00,4,0.6630611639703348,0.43975420534246956,0.5261535291451325,OOF_dev
AP0099,2026-05-24 09:14:00,5,0.672703490910144,1.5219105702445919,0.5256958366636488,OOF_dev
AP0099,2026-05-24 10:04:00,6,0.8959041310533029,-0.17128531772390423,0.5877320861728521,OOF_dev
AP0100,2026-05-24 13:54:00,1,0.8449694240590059,0.6819656269292578,0.5500106357233272,OOF_dev
AP0100,2026-05-24 14:24:00,2,0.6833840713897852,0.36277016723151845,0.5164437701342701,OOF_dev
AP0100,2026-05-24 14:59:00,3,0.5927637654405586,0.6540923686714084,0.4871227439492208,OOF_dev
AP0100,2026-05-24 15:39:00,4,0.6956943730663255,0.41643394714572307,0.4929425670087825,OOF_dev
AP0100,2026-05-24 16:24:00,5,0.6896214468238007,0.7132596638661679,0.47747456984209785,OOF_dev
AP0100,2026-05-24 17:14:00,6,0.7781422291202317,0.5626058842855317,0.6405932632008196,OOF_dev
AP0101,2026-05-24 21:35:00,1,0.8219399537398737,0.5139487842281986,0.628382990878293,OOF_dev
AP0101,2026-05-24 22:05:00,2,0.626837020980383,0.5317013771681505,0.4717316309596048,OOF_dev
AP0101,2026-05-24 22:40:00,3,0.6383462899800585,0.5425230195406665,0.4537832190372945,OOF_dev
AP0101,2026-05-24 23:20:00,4,0.6760945998829464,0.3676046853801529,0.4005445990392583,OOF_dev
AP0101,2026-05-25 00:05:00,5,0.6544406420398737,0.2597061553117565,0.45403184539348623,OOF_dev
AP0101,2026-05-25 00:55:00,6,0.6244583591899715,0.8374619606425522,0.6841325435775086,OOF_dev
AP0102,2026-05-25 05:15:00,1,0.6845015475449707,0.642713206141997,0.6292609744588668,OOF_dev
AP0102,2026-05-25 05:45:00,2,0.6362662248371322,0.46489753010749946,0.518586777762994,OOF_dev
AP0102,2026-05-25 06:20:00,3,0.6185704617112349,0.3712678593613668,0.47618374985907824,OOF_dev
AP0102,2026-05-25 07:00:00,4,0.6038064982104814,0.38329421163280614,0.4496936330683357,OOF_dev
AP0102,2026-05-25 07:45:00,5,0.6239645143883459,0.5484291742498911,0.4911945360937755,OOF_dev
AP0102,2026-05-25 08:35:00,6,0.7070064943040348,0.4033633788882555,0.64594540059005,OOF_dev
AP0103,2026-05-25 13:04:00,1,0.871685838970125,0.643130787221116,0.7645391908389559,OOF_dev
AP0103,2026-05-25 13:34:00,2,0.7148912855138578,0.3627556177059401,0.5490636292277191,OOF_dev
AP0103,2026-05-25 14:09:00,3,0.5922163857891185,0.5057284156175339,0.4634402109333683,OOF_dev
AP0103,2026-05-25 14:49:00,4,0.6391927656012868,0.38170670106280635,0.4803900472011757,OOF_dev
AP0103,2026-05-25 15:34:00,5,0.6379364241347149,0.5126680665316418,0.492026624511516,OOF_dev
AP0103,2026-05-25 16:24:00,6,0.7013333614031674,0.7392926620664552,0.5299776405968392,OOF_dev
AP0104,2026-05-25 20:45:00,1,0.7279097904364717,0.6221335683060866,0.7169288402867671,OOF_dev
AP0104,2026-05-25 21:15:00,2,0.6326358352349023,0.4837127142236916,0.469200445326483,OOF_dev
AP0104,2026-05-25 21:50:00,3,0.6188622633785847,0.42824666510336645,0.4524458183784918,OOF_dev
AP0104,2026-05-25 22:30:00,4,0.6279225087099672,0.3461775815281115,0.45408090744519974,OOF_dev
AP0104,2026-05-25 23:15:00,5,0.6215410250243122,0.3869199223014918,0.3785290349929302,OOF_dev
AP0104,2026-05-26 00:05:00,6,0.6480216690693059,0.6869428201304869,0.5455798572937615,OOF_dev
AP0105,2026-05-26 04:13:00,1,0.6701433785306387,0.7456991402148287,0.5461949848174434,OOF_dev
AP0105,2026-05-26 04:43:00,2,0.6690598920571029,0.48516733548429386,0.5169065999205552,OOF_dev
AP0105,2026-05-26 05:18:00,3,0.6357046449018968,0.4188712161154146,0.5122486740741183,OOF_dev
AP0105,2026-05-26 05:58:00,4,0.6327872164521651,0.43899139554675604,0.4625114692684752,OOF_dev
AP0105,2026-05-26 06:43:00,5,0.6587183348761225,0.36843450736576305,0.4570185681345274,OOF_dev
AP0105,2026-05-26 07:33:00,6,0.6655288804710449,0.4430242564931619,0.5768153648323684,OOF_dev
AP0106,2026-05-26 11:59:00,1,0.8177686554830484,1.2683908809818072,0.6391174038269527,OOF_dev
AP0106,2026-05-26 12:29:00,2,0.8281461676865303,0.0529781546540019,0.3027538280312923,OOF_dev
AP0106,2026-05-26 13:04:00,3,0.6483124023314999,0.46415923786917357,0.5081826575287427,OOF_dev
AP0106,2026-05-26 13:44:00,4,0.6024004286911449,0.37524807247360376,0.44872900363612395,OOF_dev
AP0106,2026-05-26 14:29:00,5,0.5905395104004107,0.5736855796423117,0.47513790755217905,OOF_dev
AP0106,2026-05-26 15:19:00,6,0.6864685544654849,0.7042977038679851,0.5693084276358039,OOF_dev
AP0107,2026-05-26 20:05:00,1,0.8069631501130005,0.6165518191959714,0.7033900997007896,OOF_dev
AP0107,2026-05-26 20:35:00,2,0.6532919936652855,0.6042971966064296,0.5278504716841536,OOF_dev
AP0107,2026-05-26 21:10:00,3,0.6700325982775381,0.5548984068471331,0.4830595869420502,OOF_dev
AP0107,2026-05-26 21:50:00,4,0.6914164370658784,0.5543016339576903,0.5017119204328864,OOF_dev
AP0107,2026-05-26 22:35:00,5,0.7199116825588365,0.547530869128853,0.5181775132316504,OOF_dev
AP0107,2026-05-26 23:25:00,6,0.7490049232050104,0.795652802576412,0.5254737146085361,OOF_dev
AP0108,2026-05-27 03:10:00,1,0.6190241009686828,0.5914812276479711,0.5530546457051062,OOF_dev
AP0108,2026-05-27 03:40:00,2,0.5978349782861332,0.47856776101077475,0.49611571800828647,OOF_dev
AP0108,2026-05-27 04:15:00,3,0.6080911599576679,0.5336192418181389,0.47794694278578775,OOF_dev
AP0108,2026-05-27 04:55:00,4,0.6608455493458558,0.2865734066169641,0.4493764889493144,OOF_dev
AP0108,2026-05-27 05:40:00,5,0.6229837829856821,0.3997415225209193,0.4678325019142791,OOF_dev
AP0108,2026-05-27 06:30:00,6,0.6549635971624295,0.4404909547743786,0.4758650194594603,OOF_dev
AP0109,2026-05-27 11:26:00,1,0.7504730788769314,0.2789266298468326,0.6117027432941967,OOF_dev
AP0109,2026-05-27 11:56:00,2,0.4995339365324901,0.37562979568424865,0.5363228073803508,OOF_dev
AP0109,2026-05-27 12:31:00,3,0.523292798996405,0.4238803266558318,0.5109830299913571,OOF_dev
AP0109,2026-05-27 13:11:00,4,0.5873379362534632,0.3915836538434234,0.508729633548514,OOF_dev
AP0109,2026-05-27 13:56:00,5,0.6190981419938715,0.39604862516826367,0.4867725161782405,OOF_dev
AP0109,2026-05-27 14:46:00,6,0.6517868090149684,0.5717764006529477,0.3589810958094967,OOF_dev
AP0110,2026-05-27 18:54:00,1,0.7908815001635391,0.4499641327178722,0.6806930166744163,OOF_dev
AP0110,2026-05-27 19:24:00,2,0.5875900113523681,0.721571111809979,0.5847642750524464,OOF_dev
AP0110,2026-05-27 19:59:00,3,0.6876185877513468,0.5578802567566786,0.4980182837208531,OOF_dev
AP0110,2026-05-27 20:39:00,4,0.7010883131852015,0.511107143844662,0.46308672599007655,OOF_dev
AP0110,2026-05-27 21:24:00,5,0.7119594376300287,0.8237331350675792,0.44119564084999846,OOF_dev
AP0110,2026-05-27 22:14:00,6,0.806687375011454,0.783755608241079,0.50434642899992,OOF_dev
AP0111,2026-05-28 02:17:00,1,0.7604259031270659,0.609118337004659,0.6762827246111842,OOF_dev
AP0111,2026-05-28 02:47:00,2,0.6416545760288072,0.8084016834070282,0.5562016427370269,OOF_dev
AP0111,2026-05-28 03:22:00,3,0.7281202654015302,0.6099273830971101,0.5769456261383584,OOF_dev
AP0111,2026-05-28 04:02:00,4,0.7375450322320628,0.6087637896020749,0.5367900459237028,OOF_dev
AP0111,2026-05-28 04:47:00,5,0.7548843501590486,0.7508471061554913,0.4320751103658295,OOF_dev
AP0111,2026-05-28 05:37:00,6,0.8186695476534289,0.5769340286477679,0.6716128518431955,OOF_dev
AP0112,2026-05-28 10:37:00,1,0.858347840668344,0.7478580293954914,0.7246420492828555,OOF_dev
AP0112,2026-05-28 11:09:00,2,0.7112374196135856,1.1097131173260837,0.5812317118182695,OOF_dev
AP0112,2026-05-28 11:46:00,3,0.8146783922660116,0.47545538310398217,0.46524688999346153,OOF_dev
AP0112,2026-05-28 12:28:00,4,0.7548375798045516,0.5715466631054733,0.6385066033947479,OOF_dev
AP0112,2026-05-28 13:15:00,5,0.7476567181631101,0.6609244011523953,0.5937410886508867,OOF_dev
AP0112,2026-05-28 14:07:00,6,0.7831419229428882,0.8728435311913685,0.8140496148022968,OOF_dev
AP0113,2026-05-28 18:28:00,1,0.8079485993443903,0.7825106050708907,0.7656778288125262,OOF_dev
AP0113,2026-05-28 19:00:00,2,0.7083151643873871,0.7644681216178021,0.6470375710724005,OOF_dev
AP0113,2026-05-28 19:37:00,3,0.7373298987369171,0.6225521601852949,0.6266107325563572,OOF_dev
AP0113,2026-05-28 20:19:00,4,0.7380232889441758,0.5969837452904974,0.6102266688789237,OOF_dev
AP0113,2026-05-28 21:06:00,5,0.7559527291720718,0.31265452117208586,0.56869580683586,OOF_dev
AP0113,2026-05-28 21:58:00,6,0.6986818299535498,1.1144584241003117,0.6846945976077173,OOF_dev
AP0114,2026-05-29 02:23:00,1,0.7484614476973681,0.7568022581701844,0.6989347244094404,OOF_dev
AP0114,2026-05-29 02:55:00,2,0.6935901547057163,0.7505055659256321,0.5825686628052971,OOF_dev
AP0114,2026-05-29 03:32:00,3,0.731626627554713,0.7587718990215403,0.5765893724442035,OOF_dev
AP0114,2026-05-29 04:14:00,4,0.7676111801119331,0.5545399214904282,0.6116978556106598,OOF_dev
AP0114,2026-05-29 05:01:00,5,0.7560911971227375,0.6423172303631105,0.6077641806420975,OOF_dev
AP0114,2026-05-29 05:53:00,6,0.7868051539485299,0.5766026790061548,0.8870563798978398,OOF_dev
AP0115,2026-05-29 10:26:00,1,0.8090186294640658,0.6262823707841736,0.7271854855335746,OOF_dev
AP0115,2026-05-29 10:58:00,2,0.6616868272158236,0.4360018625919447,0.5480423045387203,OOF_dev
AP0115,2026-05-29 11:35:00,3,0.6156847250370853,0.5714508224798509,0.5323392771240849,OOF_dev
AP0115,2026-05-29 12:17:00,4,0.6801819628447273,0.4778849745413361,0.5167242497292477,OOF_dev
AP0115,2026-05-29 13:04:00,5,0.695974563421525,0.49658944830015067,0.5299267945461537,OOF_dev
AP0115,2026-05-29 13:56:00,6,0.7217368858595519,0.7375092552783353,0.7534772866701216,OOF_dev
AP0116,2026-05-29 18:08:00,1,0.8207241501738078,0.6534163436570608,0.7032706453316704,OOF_dev
AP0116,2026-05-29 18:40:00,2,0.6695858601049012,0.4973062126803338,0.611884949681279,OOF_dev
AP0116,2026-05-29 19:17:00,3,0.6401476845864777,0.5735188389871875,0.5934003688022041,OOF_dev
AP0116,2026-05-29 19:59:00,4,0.6884861380927516,0.6717539199234333,0.5543246468360782,OOF_dev
AP0116,2026-05-29 20:46:00,5,0.7504549599155677,0.8410843836919978,0.6034629000915573,OOF_dev
AP0116,2026-05-29 21:38:00,6,0.8265944591375427,1.1708719035898787,0.7298676381328715,OOF_dev
AP0117,2026-05-30 02:09:00,1,0.7376980284357014,0.8935462330511056,0.6446233515565726,OOF_dev
AP0117,2026-05-30 02:41:00,2,0.7268898608591916,1.133522092909733,0.5871921691402429,OOF_dev
AP0117,2026-05-30 03:18:00,3,0.8274066692970166,0.6080581411940977,0.6357127950938518,OOF_dev
AP0117,2026-05-30 04:00:00,4,0.7955947403732186,0.3725290873503745,0.6659611543772875,OOF_dev
AP0117,2026-05-30 04:47:00,5,0.7126087024176732,0.4546146051375619,0.5714541772388632,OOF_dev
AP0117,2026-05-30 05:39:00,6,0.7160889951725429,1.497668020542006,0.738104700330892,OOF_dev
AP0118,2026-05-30 10:58:00,1,0.7574838211187895,0.746900296183034,0.6920613853012019,OOF_dev
AP0118,2026-05-30 11:30:00,2,0.6857657889995964,0.5405466849275353,0.5425186583885011,OOF_dev
AP0118,2026-05-30 12:07:00,3,0.6602294201599763,0.38530827657663025,0.4843164527217297,OOF_dev
AP0118,2026-05-30 12:49:00,4,0.6305477769880687,0.36086018306222795,0.460121544872888,OOF_dev
AP0118,2026-05-30 13:36:00,5,0.6303004043364523,1.1166180181880418,0.4902727248201541,OOF_dev
AP0118,2026-05-30 14:28:00,6,0.8340365643564382,0.7191902317357801,0.7530997806534852,OOF_dev
AP0119,2026-05-30 18:26:00,1,0.7829447461989312,0.5833168442290226,0.7070020969358697,OOF_dev
AP0119,2026-05-30 18:58:00,2,0.6399334370601919,0.5309399519610293,0.5132717832516172,OOF_dev
AP0119,2026-05-30 19:35:00,3,0.6427347115854645,0.5261530443936123,0.5502712866279205,OOF_dev
AP0119,2026-05-30 20:17:00,4,0.6730339233947453,0.6883626561755529,0.5564666875022353,OOF_dev
AP0119,2026-05-30 21:04:00,5,0.7540634733445635,0.436727717835934,0.590915951849102,OOF_dev
AP0119,2026-05-30 21:56:00,6,0.7329053068261842,0.7009178679566631,0.8933266942018794,OOF_dev
AP0120,2026-05-31 02:44:00,1,0.7493792685395386,0.6214481595912535,0.6966010883852501,OOF_dev
AP0120,2026-05-31 03:16:00,2,0.641614661402506,0.6036745100002553,0.5809660122069538,OOF_dev
AP0120,2026-05-31 03:53:00,3,0.6665966556709928,0.5385405532011334,0.5562459829641805,OOF_dev
AP0120,2026-05-31 04:35:00,4,0.6861657040377511,0.4317591821107087,0.5670929232542924,OOF_dev
AP0120,2026-05-31 05:22:00,5,0.6819081633349553,0.5316257048099787,0.5419231852521063,OOF_dev
AP0120,2026-05-31 06:14:00,6,0.7247025562929715,0.7296154469525141,0.7666333577248804,OOF_dev
AP0121,2026-05-31 10:26:00,1,0.7839790054361111,0.5109566735063933,0.7140414487417988,OOF_dev
AP0121,2026-05-31 10:58:00,2,0.6098945556867179,0.44850385049194835,0.5498085105818553,OOF_dev
AP0121,2026-05-31 11:35:00,3,0.5991141366848118,0.4840921031547607,0.5486297673857967,OOF_dev
AP0121,2026-05-31 12:17:00,4,0.6437293125330132,0.4809178765125243,0.6020929109156956,OOF_dev
AP0121,2026-05-31 13:04:00,5,0.6817595025144194,0.5998583026571643,0.5305615277263577,OOF_dev
AP0121,2026-05-31 13:56:00,6,0.7449464739817266,0.6839532564062729,0.8743222204827346,OOF_dev
AP0122,2026-05-31 18:06:00,1,0.8740808450233455,0.7884049913581385,0.7404900194857984,OOF_dev
AP0122,2026-05-31 18:38:00,2,0.725909962339996,0.6662527935153922,0.5842578583685099,OOF_dev
AP0122,2026-05-31 19:15:00,3,0.7150928387933426,0.47726064668925816,0.5815090196081941,OOF_dev
AP0122,2026-05-31 19:57:00,4,0.6890947162497226,0.5963025827241091,0.5567571847396645,OOF_dev
AP0122,2026-05-31 20:44:00,5,0.7318678939797083,0.4434519969594678,0.6430342031055165,OOF_dev
AP0122,2026-05-31 21:36:00,6,0.7274065703322252,0.9329850426338239,0.7593284954616082,OOF_dev
AP0123,2026-06-01 01:46:00,1,0.763656974039305,0.6435092653074012,0.7292381966958525,OOF_dev
AP0123,2026-06-01 02:18:00,2,0.6516113442276459,0.5956464328629083,0.5380795436459471,OOF_dev
AP0123,2026-06-01 02:55:00,3,0.6683132297971931,0.752719913574424,0.5924853536535455,OOF_dev
AP0123,2026-06-01 03:37:00,4,0.7526704651735512,0.8046184550829653,0.6036299579080203,OOF_dev
AP0123,2026-06-01 04:24:00,5,0.8075976700279157,0.8308844038470435,0.6541298499994322,OOF_dev
AP0123,2026-06-01 05:16:00,6,0.8413767158350065,1.1187813789619898,0.6838384867082661,OOF_dev
AP0124,2026-06-01 09:51:00,1,0.7466945021701132,0.6867897066663334,0.669043280857511,OOF_dev
AP0124,2026-06-01 10:23:00,2,0.668079194409527,0.7152968051970837,0.542142102119032,OOF_dev
AP0124,2026-06-01 11:00:00,3,0.7297250085374358,0.46862576446995297,0.6419622534407738,OOF_dev
AP0124,2026-06-01 11:42:00,4,0.6829122630123714,0.639814583034507,0.5477516194732391,OOF_dev
AP0124,2026-06-01 12:29:00,5,0.737794250360422,0.4395105127076993,0.6105660902879875,OOF_dev
AP0124,2026-06-01 13:21:00,6,0.7246959323005143,0.8666358374630302,0.7391161794459147,OOF_dev
AP0125,2026-06-01 18:39:00,3,0.6195103404402384,0.4794806478481345,0.5162172056498691,OOF_dev
AP0125,2026-06-01 19:21:00,4,0.6498783829226034,0.496550216336515,0.4949755084624732,OOF_dev
AP0125,2026-06-01 20:08:00,5,0.6852332972577035,0.33679053796421654,0.45235551092666976,OOF_dev
AP0125,2026-06-01 21:00:00,6,0.6673408561532541,0.34662837223645093,0.5236543934255232,OOF_dev
AP0126,2026-06-02 01:07:00,1,0.7275427617345759,0.5189798576020612,0.6494661889829986,OOF_dev
AP0126,2026-06-02 01:39:00,2,0.5958322011055492,0.3952365017055907,0.5019739631240561,OOF_dev
AP0126,2026-06-02 02:16:00,3,0.5731239316214387,0.4595313013620316,0.4726998654169901,OOF_dev
AP0126,2026-06-02 02:58:00,4,0.6206842657031723,0.34950914894602675,0.5131517455596107,OOF_dev
AP0126,2026-06-02 03:45:00,5,0.6258245482657867,0.46825592759608925,0.510472179942553,OOF_dev
AP0126,2026-06-02 04:37:00,6,0.6798921725392695,0.4931888123595826,0.5227776727866026,OOF_dev
AP0127,2026-06-02 09:12:00,1,0.8014074875860522,0.6401828211096718,0.6629843375348,OOF_dev
AP0127,2026-06-02 09:44:00,2,0.6602581777933081,0.5940092034081698,0.5553725217046048,OOF_dev
AP0127,2026-06-02 10:21:00,3,0.6696670335944355,0.3581576797213226,0.5022355557802665,OOF_dev
AP0127,2026-06-02 11:03:00,4,0.6277782024709864,0.6401945273074028,0.5851138486894568,OOF_dev
AP0127,2026-06-02 11:50:00,5,0.7233231929550696,0.3576714743094377,0.5681319160228353,OOF_dev
AP0127,2026-06-02 12:42:00,6,0.6951087942858967,0.5453348735979333,0.5916942998333988,OOF_dev
AP0128,2026-06-02 16:43:00,1,0.705653503391761,0.5109018641132196,0.6759266871214997,OOF_dev
AP0128,2026-06-02 17:15:00,2,0.5933735224763372,0.7617973750078277,0.5278097478093252,OOF_dev
AP0128,2026-06-02 17:52:00,3,0.7034885396544326,0.5447183507133342,0.5969631189492788,OOF_dev
AP0128,2026-06-02 18:34:00,4,0.7016994078447298,0.5123712706645321,0.5848457980581288,OOF_dev
AP0128,2026-06-02 19:21:00,5,0.713336665061589,0.5789412613946769,0.5789006109012744,OOF_dev
AP0128,2026-06-02 20:13:00,6,0.7509044299495533,0.47107107912574936,0.8577458772998408,OOF_dev
AP0129,2026-06-03 00:22:00,1,0.6758471353955475,0.5642164591726239,0.5822612908285792,OOF_dev
AP0129,2026-06-03 00:54:00,2,0.606152979999329,0.5291314968392489,0.5640161933597799,OOF_dev
AP0129,2026-06-03 01:31:00,3,0.6306863294636522,0.45622052072804764,0.5676109929121205,OOF_dev
AP0129,2026-06-03 02:13:00,4,0.6491058161293474,0.8114885510302275,0.5830085963958789,OOF_dev
AP0129,2026-06-03 03:00:00,5,0.776496631872453,0.5377192085838233,0.620016745410717,OOF_dev
AP0129,2026-06-03 03:52:00,6,0.7697888479469428,0.44262789895308025,0.5765611677834932,OOF_dev
AP0130,2026-06-03 08:05:00,1,0.6959127587888769,0.6262735167982539,0.6212572160953093,OOF_dev
AP0130,2026-06-03 08:37:00,2,0.6337439680822483,0.6659404760985761,0.5874784333212152,OOF_dev
AP0130,2026-06-03 09:14:00,3,0.6857220141254683,0.5960170784594757,0.543281151496209,OOF_dev
AP0130,2026-06-03 09:56:00,4,0.7120738172423715,0.6228764612987381,0.5939201615071231,OOF_dev
AP0130,2026-06-03 10:43:00,5,0.7528577545347988,0.7738513529245433,0.5839298993714109,OOF_dev
AP0130,2026-06-03 11:35:00,6,0.8119179868387473,0.9791979795507217,0.7914990023380889,OOF_dev
AP0131,2026-06-03 15:53:00,1,0.6944513470471777,0.7213418815316562,0.6404705841046294,OOF_dev
AP0131,2026-06-03 16:25:00,2,0.6669342423830685,0.6052544762020748,0.5991541335166533,OOF_dev
AP0131,2026-06-03 17:02:00,3,0.6773928079080673,0.9795127346644883,0.5405869776043069,OOF_dev
AP0131,2026-06-03 17:44:00,4,0.8018086685413124,0.17622352802357183,0.6094024447544986,OOF_dev
AP0131,2026-06-03 18:31:00,5,0.6702248250796596,0.7942546955174409,0.6075915186841084,OOF_dev
AP0131,2026-06-03 19:23:00,6,0.7876745398522025,0.9529724846853163,0.84738724626432,OOF_dev
AP0132,2026-06-04 00:02:00,1,0.781161206683271,0.534843602587297,0.6682137785876352,OOF_dev
AP0132,2026-06-04 00:34:00,2,0.6222473362392946,0.5623289964875385,0.5410788165897226,OOF_dev
AP0132,2026-06-04 01:11:00,3,0.6481040521816832,0.4157301533446523,0.5401831096513363,OOF_dev
AP0132,2026-06-04 01:53:00,4,0.6382089262488578,0.4158413197588711,0.5374118058931596,OOF_dev
AP0132,2026-06-04 02:40:00,5,0.6547438399854376,0.48926159652563,0.5794066203648985,OOF_dev
AP0132,2026-06-04 03:32:00,6,0.7040509653936382,0.7650319153684257,0.7906692853659611,OOF_dev
AP0133,2026-06-04 08:20:00,1,0.7330704117721087,0.5169273485782134,0.6944506501714706,OOF_dev
AP0133,2026-06-04 08:52:00,2,0.6014950227213821,0.5902371982190634,0.5496837111951773,OOF_dev
AP0133,2026-06-04 09:29:00,3,0.6501050299376592,0.48046363431575495,0.5317982305633856,OOF_dev
AP0133,2026-06-04 10:11:00,4,0.661988321376918,0.49985414839905806,0.5566869158558836,OOF_dev
AP0133,2026-06-04 10:58:00,5,0.6929116852501593,0.6799527960697842,0.48825895091496585,OOF_dev
AP0133,2026-06-04 11:50:00,6,0.7741897994619074,0.8588773184612057,0.6590990339846828,OOF_dev
AP0134,2026-06-04 16:20:00,1,0.679501109293228,0.7907281217027977,0.6795911341413587,OOF_dev
AP0134,2026-06-04 16:52:00,2,0.6823116653111219,0.6923018718639216,0.5500627947480148,OOF_dev
AP0134,2026-06-04 17:29:00,3,0.7068616446568897,0.6239016278984575,0.5458172587481253,OOF_dev
AP0134,2026-06-04 18:11:00,4,0.7298039858685668,0.526768468793824,0.536172340943452,OOF_dev
AP0134,2026-06-04 18:58:00,5,0.7338879332407515,0.6280008356950607,0.5599116388376707,OOF_dev
AP0134,2026-06-04 19:50:00,6,0.7726804309351206,0.983359503421429,0.6546496152773762,OOF_dev
AP0135,2026-06-05 00:10:00,1,0.7354610200380787,0.468796096650831,0.6202320716901978,OOF_dev
AP0135,2026-06-05 00:42:00,2,0.58501650801641,0.4553068392821182,0.4667955817194225,OOF_dev
AP0135,2026-06-05 01:19:00,3,0.5941032792935478,0.5357352423575676,0.5247848352514979,OOF_dev
AP0135,2026-06-05 02:01:00,4,0.6608354869379023,0.5644394146594349,0.49962125368636384,OOF_dev
AP0135,2026-06-05 02:48:00,5,0.7109876854448034,0.5011905307275628,0.5789226176573095,OOF_dev
AP0135,2026-06-05 03:40:00,6,0.7326372212146328,0.572117678825482,0.7961607439526951,OOF_dev
AP0136,2026-06-05 08:28:00,1,0.7249438663066264,0.5875677430350862,0.5567035596359822,OOF_dev
AP0136,2026-06-05 09:00:00,2,0.6270844178698751,0.6445722336710719,0.6101957231318235,OOF_dev
AP0136,2026-06-05 09:37:00,3,0.6776309547225589,0.5422209474450993,0.5816938649117004,OOF_dev
AP0136,2026-06-05 10:19:00,4,0.6946962330602902,0.3862911479655947,0.5908733835944248,OOF_dev
AP0136,2026-06-05 11:06:00,5,0.671243178625675,0.5636127463790963,0.5536009761219174,OOF_dev
AP0136,2026-06-05 11:58:00,6,0.7296184050396541,0.8957553062387971,0.7789709544301721,OOF_dev
AP0137,2026-06-05 16:25:00,1,0.8189037710228337,0.5680766620750267,0.7623477254938674,OOF_dev
AP0137,2026-06-05 16:57:00,2,0.6452091535352928,0.6392765031735715,0.5943478831929075,OOF_dev
AP0137,2026-06-05 17:34:00,3,0.6818787556574284,0.5041438517421486,0.5584908929660957,OOF_dev
AP0137,2026-06-05 18:16:00,4,0.6826967740495583,0.5383329261138727,0.6046993679329183,OOF_dev
AP0137,2026-06-05 19:03:00,5,0.7179975167103269,0.5451316884651676,0.5834520858986869,OOF_dev
AP0137,2026-06-05 19:55:00,6,0.7434869827329186,0.6555498398558401,0.7384397562936615,OOF_dev
AP0138,2026-06-06 00:05:00,1,0.7090568400015757,0.48486894727985635,0.6193500868344924,OOF_dev
AP0138,2026-06-06 00:37:00,2,0.5785182813267324,0.621031082952183,0.4910962931918645,OOF_dev
AP0138,2026-06-06 01:14:00,3,0.6526901484588705,0.6082227087271346,0.5252803580906671,OOF_dev
AP0138,2026-06-06 01:56:00,4,0.7028653822203805,0.4183186447573988,0.5822812096614568,OOF_dev
AP0138,2026-06-06 02:43:00,5,0.6867181232719866,0.41850023487223087,0.5579970861268763,OOF_dev
AP0138,2026-06-06 03:35:00,6,0.6945726617450899,0.50142263131526,0.584099236940324,OOF_dev
AP0139,2026-06-06 08:09:00,1,0.5796199615736188,0.42466484312781394,0.6330408919025584,OOF_dev
AP0139,2026-06-06 08:41:00,2,0.5191007033155063,0.5144015569548523,0.5655761940484807,OOF_dev
AP0139,2026-06-06 09:18:00,3,0.5933242057803307,0.5154082870045473,0.5192603755890703,OOF_dev
AP0139,2026-06-06 10:00:00,4,0.6498165117848471,0.43575609065299453,0.5444140963458045,OOF_dev
AP0139,2026-06-06 10:47:00,5,0.6677170017600396,0.5673471034676665,0.6057907505551384,OOF_dev
AP0139,2026-06-06 11:39:00,6,0.7412901578575358,0.582471639041909,0.7821227125670482,OOF_dev
AP0140,2026-06-06 16:33:00,1,0.6340214168560798,0.47257211551088185,0.5778929788658164,OOF_dev
AP0140,2026-06-06 17:05:00,2,0.5537005707798641,0.5404753431224383,0.5821039687749193,OOF_dev
AP0140,2026-06-06 17:42:00,3,0.6155977732391489,0.4918176464538934,0.5432401220436759,OOF_dev
AP0140,2026-06-06 18:24:00,4,0.6491320097577922,0.6028299437214157,0.5465714590551536,OOF_dev
AP0140,2026-06-06 19:11:00,5,0.7179843471297596,0.6424987511982214,0.545229552089382,OOF_dev
AP0140,2026-06-06 20:03:00,6,0.7679749402474064,0.5801239903890278,0.5959154878451566,OOF_dev
AP0141,2026-06-07 00:12:00,1,0.7005505242015423,0.6394404661280599,0.6309740229935603,OOF_dev
AP0141,2026-06-07 00:44:00,2,0.6409405962468776,0.640308271048598,0.5362992834840509,OOF_dev
AP0141,2026-06-07 01:21:00,3,0.6810813012311625,0.2967440948693944,0.5944284767382633,OOF_dev
AP0141,2026-06-07 02:03:00,4,0.6131700810133007,0.46616509066364403,0.5157163104842333,OOF_dev
AP0141,2026-06-07 02:50:00,5,0.6585054800674073,0.7884545053415142,0.5675676109180187,OOF_dev
AP0141,2026-06-07 03:42:00,6,0.7849071885328983,0.29776155896021,0.729134041097283,OOF_dev
AP0142,2026-06-07 08:16:00,1,0.737827663866496,0.581287722360455,0.616046514471142,OOF_dev
AP0142,2026-06-07 08:48:00,2,0.6270877152549315,0.6336729683654494,0.5702634325031926,OOF_dev
AP0142,2026-06-07 09:25:00,3,0.672866623313753,0.5117898202588049,0.5645423955470112,OOF_dev
AP0142,2026-06-07 10:07:00,4,0.6834772871308494,0.8856006729045105,0.5375700054875129,OOF_dev
AP0142,2026-06-07 10:54:00,5,0.7971390052819826,0.5388913798473611,0.5237964495419457,OOF_dev
AP0142,2026-06-07 11:46:00,6,0.7919579381367374,0.7282868246605259,0.6444802217396541,OOF_dev
AP0143,2026-06-07 16:17:00,1,0.7877695861931141,0.669099305462613,0.6588424276042264,OOF_dev
AP0143,2026-06-07 16:49:00,2,0.6674379641048278,0.7651270932221694,0.562506284491959,OOF_dev
AP0143,2026-06-07 17:26:00,3,0.7237745408906298,0.5727564095045211,0.6215560640817577,OOF_dev
AP0143,2026-06-07 18:08:00,4,0.7186973615496219,0.6550418113321718,0.5980936614134569,OOF_dev
AP0143,2026-06-07 18:55:00,5,0.76187908109247,0.6715720545116102,0.6000637221390505,OOF_dev
AP0143,2026-06-07 19:47:00,6,0.796251945997586,0.628400281216192,0.6652009175465643,OOF_dev
AP0144,2026-06-07 23:47:00,1,0.7593741279753383,0.7663965118249698,0.6579601529846999,OOF_dev
AP0144,2026-06-08 00:19:00,2,0.6934836148601613,0.5546098433270013,0.5999304018855617,OOF_dev
AP0144,2026-06-08 00:56:00,3,0.6688580606037691,0.5702931633578949,0.550896873008083,OOF_dev
AP0144,2026-06-08 01:38:00,4,0.6989514019801715,0.5921997395118734,0.6065531820815439,OOF_dev
AP0144,2026-06-08 02:25:00,5,0.7381536946911522,0.556085222580776,0.5956202059943649,OOF_dev
AP0144,2026-06-08 03:17:00,6,0.7557464219556904,0.7060020140548007,0.6229048416378405,OOF_dev
AP0145,2026-06-08 07:26:00,1,0.8787480308919942,0.8655356806996042,0.7504839236928033,OOF_dev
AP0145,2026-06-08 07:58:00,2,0.7402224996199973,0.643696781072115,0.6200362236056424,OOF_dev
AP0145,2026-06-08 08:35:00,3,0.7099379872907197,0.5878959235563648,0.572750693302134,OOF_dev
AP0145,2026-06-08 09:17:00,4,0.7169136020954927,0.6688790366031044,0.5804363380038721,OOF_dev
AP0145,2026-06-08 10:04:00,5,0.7606612530552171,0.7632665177222236,0.5769041590219245,OOF_dev
AP0145,2026-06-08 10:56:00,6,0.8114996918476267,0.7748535275617371,0.6536866585189512,OOF_dev
AP0146,2026-06-08 15:15:00,1,0.8108584836150206,0.7624913272797598,0.6671936045484006,OOF_dev
AP0146,2026-06-08 15:47:00,2,0.7007625577050718,0.602643004421977,0.6165962306099679,OOF_dev
AP0146,2026-06-08 16:24:00,3,0.686530773151393,0.5606430014774787,0.5938618555623937,OOF_dev
AP0146,2026-06-08 17:06:00,4,0.701766220215934,0.5832758338057149,0.5778647977537624,OOF_dev
AP0146,2026-06-08 17:53:00,5,0.7333315785147855,0.5395715826739265,0.6115711544735315,OOF_dev
AP0146,2026-06-08 18:45:00,6,0.749506415098202,0.9060450881275567,0.6131703378387005,OOF_dev
AP0147,2026-06-08 22:42:00,1,0.7578916591584556,0.8659843873254268,0.6709885134457658,OOF_dev
AP0147,2026-06-08 23:14:00,2,0.7231028226119147,0.6822045838461219,0.6109250306501646,OOF_dev
AP0147,2026-06-08 23:51:00,3,0.7216055329602691,0.6509246036655444,0.5909596816630731,OOF_dev
AP0147,2026-06-09 00:33:00,4,0.7442932260645514,0.4585293188034093,0.547473414581179,OOF_dev
AP0147,2026-06-09 01:20:00,5,0.7165260903201929,0.7537473805890615,0.4609739915745771,OOF_dev
AP0147,2026-06-09 02:12:00,6,0.8017569356022598,0.3527177097410869,0.6021173660037327,OOF_dev
AP0148,2026-06-09 06:40:00,1,0.7181653275011575,0.729442132702606,0.6050648047503444,OOF_dev
AP0148,2026-06-09 07:12:00,2,0.6731901373578837,0.6531320775623204,0.621846378194954,OOF_dev
AP0148,2026-06-09 07:49:00,3,0.6934971857107718,0.4541253094709605,0.6111505303693131,OOF_dev
AP0148,2026-06-09 08:31:00,4,0.6703179091703144,0.5707860542086108,0.5914696209530598,OOF_dev
AP0148,2026-06-09 09:18:00,5,0.7174818839421035,0.4113852032898833,0.5932788825324499,OOF_dev
AP0148,2026-06-09 10:10:00,6,0.7087746955563455,0.4661457734779521,0.5970278852053765,OOF_dev
AP0149,2026-06-09 14:17:00,1,0.6680186130787664,0.5136778130647012,0.6098725664180038,OOF_dev
AP0149,2026-06-09 14:49:00,2,0.5843524631818571,0.48580874929985335,0.6329395146687432,OOF_dev
AP0149,2026-06-09 15:26:00,3,0.6048269164284779,0.4205574095454909,0.5422104428190174,OOF_dev
AP0149,2026-06-09 16:08:00,4,0.6185469590128669,0.4530066422696806,0.5465593677783477,OOF_dev
AP0149,2026-06-09 16:55:00,5,0.657146955479113,0.3735207738172196,0.563721838751681,OOF_dev
AP0149,2026-06-09 17:47:00,6,0.6660846264632378,0.49062551160225637,0.5629794549098999,OOF_dev
AP0150,2026-06-09 21:54:00,1,0.8191312354912352,0.6745699875546972,0.5284809284683546,OOF_dev
AP0150,2026-06-09 22:26:00,2,0.6771546828942715,0.5359091466504843,0.5428918368728421,OOF_dev
AP0150,2026-06-09 23:03:00,3,0.6588391478367542,0.4835945989575326,0.5325000665025604,OOF_dev
AP0150,2026-06-09 23:45:00,4,0.667394433424389,0.5712542164359535,0.5486232883650595,OOF_dev
AP0150,2026-06-10 00:32:00,5,0.7196418739441675,0.6299164803749178,0.516961127974825,OOF_dev
AP0150,2026-06-10 01:24:00,6,0.7653277333730721,0.567323581564049,0.5172686775434003,OOF_dev
AP0151,2026-06-10 05:01:00,1,0.7709844285763504,0.5902075810392952,0.5575447615712605,OOF_dev
AP0151,2026-06-10 05:33:00,2,0.6368486488421721,0.5424589237849881,0.5225292156049004,OOF_dev
AP0151,2026-06-10 06:10:00,3,0.6445072888032706,0.49051919762081825,0.5150545952106014,OOF_dev
AP0151,2026-06-10 06:52:00,4,0.6614154639564979,0.45392568395083155,0.5182574987556333,OOF_dev
AP0151,2026-06-10 07:39:00,5,0.6783405866412706,0.7363141786288927,0.516943233605338,OOF_dev
AP0151,2026-06-10 08:31:00,6,0.7741867508880474,0.5183632966920513,0.5309084850544381,OOF_dev
AP0152,2026-06-10 12:46:00,1,0.5368825466809495,0.410647961446281,0.5824571290563723,OOF_dev
AP0152,2026-06-10 13:18:00,2,0.49942339684416437,0.5437118164227083,0.4546166367200817,OOF_dev
AP0152,2026-06-10 13:55:00,3,0.5970585064596049,0.6386112412742615,0.5359099657684447,OOF_dev
AP0152,2026-06-10 14:37:00,4,0.6923233007918949,0.5174131738963119,0.5619147210400319,OOF_dev
AP0152,2026-06-10 15:24:00,5,0.7108904984925093,0.4282500840229137,0.5600271485920632,OOF_dev
AP0152,2026-06-10 16:16:00,6,0.7093754434633164,0.5938829795448114,0.5633448341531835,OOF_dev
AP0153,2026-06-10 20:13:00,1,0.7373138214067964,0.9143339841802921,0.8689390992428276,OOF_dev
AP0153,2026-06-10 20:45:00,2,0.7055446558693023,0.6682174068471999,0.5823389464130114,OOF_dev
AP0153,2026-06-10 21:22:00,3,0.6994419230179693,0.8515685722345409,0.5903084646062233,OOF_dev
AP0153,2026-06-10 22:04:00,4,0.7764228027537001,0.4478563867877164,0.5960252272510168,OOF_dev
AP0153,2026-06-10 22:51:00,5,0.7273656130462531,0.5560105820096717,0.5362969057773034,OOF_dev
AP0153,2026-06-10 23:43:00,6,0.7466103644563806,0.5078600081516809,0.5460947915670534,OOF_dev
AP0154,2026-06-11 03:35:00,1,0.7321877174159477,0.9299314562844264,0.6449285933331087,OOF_dev
AP0154,2026-06-11 04:07:00,2,0.7355429336626622,0.6365242621426203,0.5723364925324823,OOF_dev
AP0154,2026-06-11 04:44:00,3,0.7085026545988304,0.5813168454507646,0.5578285082231265,OOF_dev
AP0154,2026-06-11 05:26:00,4,0.7157683229496055,0.855284328722487,0.5268797614656617,OOF_dev
AP0154,2026-06-11 06:13:00,5,0.802931931778731,0.5916145912808269,0.6088622074208427,OOF_dev
AP0154,2026-06-11 07:05:00,6,0.7952904397166538,0.6161681699146567,0.6353346539013355,OOF_dev
AP0155,2026-06-11 11:25:00,1,0.7440602808818595,0.7873065426975122,0.6239024580359288,OOF_dev
AP0155,2026-06-11 11:57:00,2,0.6967535459051226,0.7544905460539703,0.5715002250982862,OOF_dev
AP0155,2026-06-11 12:34:00,3,0.7314607278944281,0.5626516985121639,0.6130464203050887,OOF_dev
AP0155,2026-06-11 13:16:00,4,0.72269301572605,0.6847600392305874,0.5773970241818532,OOF_dev
AP0155,2026-06-11 14:03:00,5,0.7677967994628832,0.4287062506253191,0.5854585372861968,OOF_dev
AP0155,2026-06-11 14:55:00,6,0.7389442096034758,0.6249870090344446,0.5827780412932766,OOF_dev
AP0156,2026-06-11 19:03:00,1,0.7563826455296734,0.6385792364983075,0.6458838303310164,OOF_dev
AP0156,2026-06-11 19:35:00,2,0.6550187437481523,0.5366390235658647,0.5201876049827882,OOF_dev
AP0156,2026-06-11 20:12:00,3,0.6491312179657289,0.680474138246069,0.49268994133088634,OOF_dev
AP0156,2026-06-11 20:54:00,4,0.721489925361467,0.5599462427705685,0.5664150242221606,OOF_dev
AP0156,2026-06-11 21:41:00,5,0.7376135630936489,0.4818148966414874,0.567946424445573,OOF_dev
AP0156,2026-06-11 22:33:00,6,0.7400241019780127,0.5523352210766433,0.604035775424847,OOF_dev
AP0157,2026-06-12 02:25:00,1,0.7875001953105318,0.2931982762398739,0.6468042510276409,OOF_dev
AP0157,2026-06-12 02:57:00,2,0.5223993440105263,0.5613757935034263,0.5170914493783949,OOF_dev
AP0157,2026-06-12 03:34:00,3,0.6136817994932737,0.5809887462504862,0.47996755821400244,OOF_dev
AP0157,2026-06-12 04:16:00,4,0.6837424415006395,0.5698119686921109,0.529324387737747,OOF_dev
AP0157,2026-06-12 05:03:00,5,0.7246441494617493,0.3045257779579268,0.5834534760827617,OOF_dev
AP0157,2026-06-12 05:55:00,6,0.6760211274054952,0.9908685501672683,0.5959557628491794,OOF_dev
AP0158,2026-06-12 10:08:00,1,0.6929990292078733,0.6076140769070578,0.5913982034634218,OOF_dev
AP0158,2026-06-12 10:40:00,2,0.6248394224839087,0.6048380518399163,0.5609619096105695,OOF_dev
AP0158,2026-06-12 11:17:00,3,0.6637482507433163,0.6285471732041756,0.5541634722789882,OOF_dev
AP0158,2026-06-12 11:59:00,4,0.7126689887826522,0.33893429695410837,0.5713147520594464,OOF_dev
AP0158,2026-06-12 12:46:00,5,0.6664148727645303,0.5708697927599047,0.5229054741568657,OOF_dev
AP0158,2026-06-12 13:38:00,6,0.7284828758201327,0.4224789979405979,0.6777424621838775,OOF_dev
AP0159,2026-06-12 17:43:00,1,0.715182727111379,0.5847632580969642,0.5769365903096267,OOF_dev
AP0159,2026-06-12 18:15:00,2,0.6239913292134708,0.49033165402648254,0.5107361389522216,OOF_dev
AP0159,2026-06-12 18:52:00,3,0.6219847651426464,0.4949106190752262,0.49584090657630325,OOF_dev
AP0159,2026-06-12 19:34:00,4,0.653928946314123,0.45955707886176245,0.5136369895647449,OOF_dev
AP0159,2026-06-12 20:21:00,5,0.6784055004316045,0.6761560866878047,0.5349509285570904,OOF_dev
AP0159,2026-06-12 21:13:00,6,0.7656947113738667,0.8499945121799988,0.6446677465240188,OOF_dev
AP0160,2026-06-13 01:05:00,1,0.7770494439366441,0.7934812710836178,0.643187531761046,OOF_dev
AP0160,2026-06-13 01:37:00,2,0.7041304367347525,0.5373621882517055,0.5506131935360787,OOF_dev
AP0160,2026-06-13 02:14:00,3,0.6715705887022211,0.5088204380265287,0.5058325731354716,OOF_dev
AP0160,2026-06-13 02:56:00,4,0.6815705389394554,0.5281179904763369,0.5279911393395034,OOF_dev
AP0160,2026-06-13 03:43:00,5,0.7133290532395593,0.5553523711293621,0.583405395864576,OOF_dev
AP0160,2026-06-13 04:35:00,6,0.7518011029856918,0.7293232246212978,0.6977562552413039,OOF_dev
AP0161,2026-06-13 09:05:00,1,0.6412157431465559,0.6300968090932808,0.5800856628490406,OOF_dev
AP0161,2026-06-13 09:37:00,2,0.6208309413136961,0.4122773082332308,0.5612118099907543,OOF_dev
AP0161,2026-06-13 10:14:00,3,0.588116900280919,0.5666311283057681,0.5271643185203287,OOF_dev
AP0161,2026-06-13 10:56:00,4,0.6661422993688846,0.6064278831447947,0.5530506559684126,OOF_dev
AP0161,2026-06-13 11:43:00,5,0.7255096613998304,0.6035708523474472,0.583651268531828,OOF_dev
AP0161,2026-06-13 12:35:00,6,0.7628485758593204,0.5011244709215565,0.6580385469164752,OOF_dev
AP0162,2026-06-13 16:43:00,1,0.6937978067353934,0.5364260286282738,0.5774433191839285,OOF_dev
AP0162,2026-06-13 17:15:00,2,0.5987892349981616,0.5108999650135033,0.5138285415989567,OOF_dev
AP0162,2026-06-13 17:52:00,3,0.6201407867322224,0.45840180040590117,0.5141059642843163,OOF_dev
AP0162,2026-06-13 18:34:00,4,0.6418246441136775,0.6247808257913068,0.5242017677478349,OOF_dev
AP0162,2026-06-13 19:21:00,5,0.7234448798767972,0.5153526811582387,0.5750597739392136,OOF_dev
AP0162,2026-06-13 20:13:00,6,0.7380628778370268,0.45764237687894344,0.5549663847552357,OOF_dev
AP0163,2026-06-14 00:14:00,1,0.7259674444563482,0.4120396568203183,0.6409321238684624,OOF_dev
AP0163,2026-06-14 00:46:00,2,0.5542657215514448,0.5585907212903922,0.5222213000305066,OOF_dev
AP0163,2026-06-14 01:23:00,3,0.6220679877984309,0.5099424302419865,0.5344108150275607,OOF_dev
AP0163,2026-06-14 02:05:00,4,0.6597892956447915,0.13261475407732626,0.5636358374975531,OOF_dev
AP0163,2026-06-14 02:52:00,5,0.5739871208000635,0.6576321317446546,0.4548308251270091,OOF_dev
AP0163,2026-06-14 03:44:00,6,0.7122344318402672,0.43321218091680197,0.5884342003840966,OOF_dev
AP0164,2026-06-14 08:19:00,1,0.5710332150905726,0.5047166780519966,0.5900816082450252,OOF_dev
AP0164,2026-06-14 08:51:00,2,0.5514015450707812,0.4980145752823143,0.5650153705837225,OOF_dev
AP0164,2026-06-14 09:28:00,3,0.5971140544139184,0.9197424150571868,0.5248661297810114,OOF_dev
AP0164,2026-06-14 10:10:00,4,0.7669872849215896,0.5551478497056451,0.5640085709307169,OOF_dev
AP0164,2026-06-14 10:57:00,5,0.7563084291548955,0.6376522306617822,0.5563322751133493,OOF_dev
AP0164,2026-06-14 11:49:00,6,0.7852287287549021,1.0500292609696047,0.5609629618065621,OOF_dev
AP0165,2026-06-14 16:07:00,1,0.6646196100439147,0.5772899036047177,0.6282179592622427,OOF_dev
AP0165,2026-06-14 16:39:00,2,0.5928313299367165,0.593954395153983,0.5200812787431297,OOF_dev
AP0165,2026-06-14 17:16:00,3,0.6475657138110076,0.5099680352287344,0.4820017355666133,OOF_dev
AP0165,2026-06-14 17:58:00,4,0.6700308225323108,0.4195463963709105,0.48644830485260243,OOF_dev
AP0165,2026-06-14 18:45:00,5,0.6705969586359004,0.49163036129056026,0.477615392313932,OOF_dev
AP0165,2026-06-14 19:37:00,6,0.709625574029507,0.4309029192605001,0.6496554110293167,OOF_dev
AP0166,2026-06-14 23:49:00,1,0.5806597416989994,0.713313513011105,0.5290572681684346,OOF_dev
AP0166,2026-06-15 00:21:00,2,0.638066808743063,0.5749330777155517,0.5261987294427459,OOF_dev
AP0166,2026-06-15 00:58:00,3,0.6567978692996133,0.5510007368428987,0.5498914354518376,OOF_dev
AP0166,2026-06-15 01:40:00,4,0.687005688610234,0.8440910535821792,0.5621583818895002,OOF_dev
AP0166,2026-06-15 02:27:00,5,0.7901839765966467,0.7847838501429726,0.6033969596826274,OOF_dev
AP0166,2026-06-15 03:19:00,6,0.8306304273355709,0.07891790170342934,0.6654492902753752,OOF_dev
AP0167,2026-06-15 07:42:00,1,0.6689251436805119,0.7666688972749293,0.6433405319014708,OOF_dev
AP0167,2026-06-15 08:14:00,2,0.6700102947535274,0.6683470475005695,0.5423097741216687,OOF_dev
AP0167,2026-06-15 08:51:00,3,0.6947146470306111,0.6923063195469863,0.5866522668161774,OOF_dev
AP0167,2026-06-15 09:33:00,4,0.7400408478828087,0.6940202174975089,0.5574387622806742,OOF_dev
AP0167,2026-06-15 10:20:00,5,0.7750072693146993,0.584189682829796,0.5623494130121616,OOF_dev
AP0167,2026-06-15 11:12:00,6,0.7804796086699571,0.7697175450021267,0.6138190176140927,OOF_dev
AP0168,2026-06-15 15:18:00,1,0.7258011764964785,0.5066788935514406,0.7121483886995296,OOF_dev
AP0168,2026-06-15 15:50:00,2,0.5910415040530572,0.48302241755406367,0.5211966082248869,OOF_dev
AP0168,2026-06-15 18:48:00,6,0.769039289032881,0.37003699155755254,0.6564413483525339,OOF_dev
AP0169,2026-06-15 23:24:00,1,0.8103955104899505,0.43225786660185106,0.675653428067395,OOF_dev
AP0169,2026-06-15 23:56:00,2,0.5874771968728745,0.49190282386383033,0.5559618083769772,OOF_dev
AP0169,2026-06-16 00:33:00,3,0.6084345166868592,0.5301633450709792,0.5387930479103653,OOF_dev
AP0169,2026-06-16 01:15:00,4,0.6606447730376452,0.521619487136849,0.63366833649566,OOF_dev
AP0169,2026-06-16 02:02:00,5,0.7063181566611005,0.4892590752615971,0.5639576522593033,OOF_dev
AP0169,2026-06-16 02:54:00,6,0.7240210204595889,0.5419779560039779,0.604298783570725,OOF_dev
AP0170,2026-06-16 07:41:00,1,0.7477863863235944,0.8709071651756485,0.6484849166696642,OOF_dev
AP0170,2026-06-16 08:13:00,2,0.722127358767751,0.6024867784017988,0.6175582712328437,OOF_dev
AP0170,2026-06-16 08:50:00,3,0.6958432631506966,0.855744895414259,0.5737291746362918,OOF_dev
AP0170,2026-06-16 09:32:00,4,0.7798539898872824,0.8857907054599583,0.5556573537357711,OOF_dev
AP0170,2026-06-16 10:19:00,5,0.8301123059485598,0.6367719838119408,0.5488206888249635,OOF_dev
AP0170,2026-06-16 11:11:00,6,0.8120343841113153,0.5555519067342003,0.5990157974795389,OOF_dev
AP0171,2026-06-16 15:21:00,1,0.7485575899139455,0.5686252789324202,0.566870889089879,OOF_dev
AP0171,2026-06-16 15:53:00,2,0.6270290569694423,0.43972326938619094,0.48778669340282543,OOF_dev
AP0171,2026-06-16 16:30:00,3,0.6044999560699202,0.36500987114250505,0.39728368988912693,OOF_dev
AP0171,2026-06-16 17:12:00,4,0.5977876655996293,0.7010256183686153,0.4050587396173096,OOF_dev
AP0171,2026-06-16 17:59:00,5,0.7421782367511824,0.49627153892538156,0.5573688757889643,OOF_dev
AP0171,2026-06-16 18:51:00,6,0.7381106865664231,-0.19270278561077628,0.5834056044993492,OOF_dev
AP0172,2026-06-17 00:02:00,1,0.7198227231106347,0.46828294322115593,0.5381435705957984,OOF_dev
AP0172,2026-06-17 00:34:00,2,0.5782521465194845,0.2962991163179059,0.5328556989278964,OOF_dev
AP0172,2026-06-17 01:11:00,3,0.5194931746131342,0.5061255772373704,0.4795434695360225,OOF_dev
AP0172,2026-06-17 01:53:00,4,0.6176978383011927,0.7560000034814583,0.5295346790894797,OOF_dev
AP0172,2026-06-17 02:40:00,5,0.7500636612268538,0.5691370004552812,0.5200765142410245,OOF_dev
AP0172,2026-06-17 03:32:00,6,0.7637010513788625,0.7254190685694152,0.5607960365924978,OOF_dev
AP0173,2026-06-17 08:02:00,1,0.6547867606009788,0.5382938793228617,0.5389254579976612,OOF_dev
AP0173,2026-06-17 08:34:00,2,0.5913131284798898,0.3861536098159065,0.48314426724176507,OOF_dev
AP0173,2026-06-17 09:11:00,3,0.567861135204049,0.4287876164461549,0.4951344371775271,OOF_dev
AP0173,2026-06-17 09:53:00,4,0.6058172051866875,0.7871112535467948,0.5573294820248663,OOF_dev
AP0173,2026-06-17 10:40:00,5,0.7537672428780043,0.20774188976205651,0.5632806273659844,OOF_dev
AP0173,2026-06-17 11:32:00,6,0.6655316110980384,0.33741930095064543,0.6067637075291569,OOF_dev
AP0174,2026-06-17 15:37:00,1,0.6921818700743343,0.5966159912874347,0.5863049791486236,OOF_dev
AP0174,2026-06-17 16:09:00,2,0.6236374145461556,0.51938346638962,0.5077016287022005,OOF_dev
AP0174,2026-06-17 16:46:00,3,0.6326302591422013,0.5041624441464899,0.5299506447768266,OOF_dev
AP0174,2026-06-17 17:28:00,4,0.666227684893113,0.5234866330799762,0.5863542969034491,OOF_dev
AP0174,2026-06-17 18:15:00,5,0.7071227749628561,0.7771518902565093,0.5419829396163895,OOF_dev
AP0174,2026-06-17 19:07:00,6,0.7957238160654367,0.5215830305783365,0.5179018644105715,OOF_dev
AP0175,2026-06-17 23:01:00,1,0.7420737287616992,0.5818150982577897,0.6065666599537017,OOF_dev
AP0175,2026-06-17 23:33:00,2,0.6264151340331281,0.5083658146925495,0.5204397157363833,OOF_dev
AP0175,2026-06-18 00:10:00,3,0.6281998761690685,0.6418692417405923,0.48249060024901447,OOF_dev
AP0175,2026-06-18 00:52:00,4,0.7030654283312392,0.6367533064926623,0.4890356831853234,OOF_dev
AP0175,2026-06-18 01:39:00,5,0.7571763086766332,0.6921702113242131,0.49690840658742713,OOF_dev
AP0175,2026-06-18 02:31:00,6,0.7926691639170331,0.6927393710710721,0.5636655342212131,OOF_dev
AP0176,2026-06-18 07:04:00,1,0.5547052198784163,0.4876119405353836,0.4737340932448637,OOF_dev
AP0176,2026-06-18 07:36:00,2,0.5372136881220972,0.5487252829919806,0.4106929234298785,OOF_dev
AP0176,2026-06-18 08:13:00,3,0.612101462176458,0.4660936481484005,0.42184735849329436,OOF_dev
AP0176,2026-06-18 08:55:00,4,0.6389751489785752,0.48743737966372624,0.45949387114417933,OOF_dev
AP0176,2026-06-18 09:42:00,5,0.6781711202739094,0.5700703754178938,0.4273368924842456,OOF_dev
AP0176,2026-06-18 10:34:00,6,0.7352650444835382,0.315564221864327,0.5512267296404213,OOF_dev
AP0177,2026-06-18 14:50:00,1,0.7666801884123543,0.5861147122114142,0.558326595737861,OOF_dev
AP0177,2026-06-18 15:22:00,2,0.6319960263196547,0.3731161331232124,0.5089909265720475,OOF_dev
AP0177,2026-06-18 15:59:00,3,0.5761526876709134,0.2592552742514333,0.4232263494690279,OOF_dev
AP0177,2026-06-18 16:41:00,4,0.5457148006957946,0.5265194081481175,0.5550884516598921,OOF_dev
AP0177,2026-06-18 17:28:00,5,0.654456925924907,0.24464760272697886,0.4660309094591198,OOF_dev
AP0177,2026-06-18 18:20:00,6,0.6182741536364434,0.7204281476141126,0.7053709907485359,OOF_dev
AP0178,2026-06-18 22:56:00,1,0.4774871023838262,0.5372382968093484,0.5484315937293486,OOF_dev
AP0178,2026-06-18 23:28:00,2,0.5423990062086175,0.4555536086614111,0.5618212068597974,OOF_dev
AP0178,2026-06-19 00:05:00,3,0.5808729635931182,0.4288540211214939,0.4627232229588999,OOF_dev
AP0178,2026-06-19 00:47:00,4,0.61176413640938,0.4798700818026567,0.4629413356304759,OOF_dev
AP0178,2026-06-19 01:34:00,5,0.6738244902444426,0.3308897273830756,0.47375292355758,OOF_dev
AP0178,2026-06-19 02:26:00,6,0.6552381540378285,0.5502585111138782,0.7227298887151158,OOF_dev
AP0179,2026-06-19 06:53:00,1,0.6145872222940041,0.5060485746289577,0.49793698176406187,OOF_dev
AP0179,2026-06-19 07:25:00,2,0.563198010874424,0.37213775975390767,0.42937397465900434,OOF_dev
AP0179,2026-06-19 08:02:00,3,0.5481503515340318,0.3497570137214046,0.44553296522853125,OOF_dev
AP0179,2026-06-19 08:44:00,4,0.5640049588589897,0.5847429096965894,0.49571906431225965,OOF_dev
AP0179,2026-06-19 09:31:00,5,0.6807800080025173,0.1214577897395345,0.47358229543829083,OOF_dev
AP0179,2026-06-19 10:23:00,6,0.5841840834492961,0.5104174344422447,0.5216326161084207,OOF_dev
AP0180,2026-06-19 15:16:00,1,0.7232929570144506,0.5073222077057938,0.5468364232111598,OOF_dev
AP0180,2026-06-19 15:48:00,2,0.5944029421707234,0.48319313668247355,0.46650274774550254,OOF_dev
AP0180,2026-06-19 16:25:00,3,0.6075343823084305,0.3823824315773638,0.4489851778279803,OOF_dev
AP0180,2026-06-19 17:07:00,4,0.6091426848588672,0.41493837098105163,0.4430597814176535,OOF_dev
AP0180,2026-06-19 17:54:00,5,0.649922500209698,0.4097302943325544,0.4123434828715948,OOF_dev
AP0180,2026-06-19 18:46:00,6,0.6674060866477429,0.36875211838787836,0.5134920746035277,OOF_dev
AP0181,2026-06-19 23:08:00,1,0.7210730962843408,0.7137357962685974,0.5442487071930935,OOF_dev
AP0181,2026-06-19 23:40:00,2,0.669819483233145,0.6641466105733429,0.4868742542591672,OOF_dev
AP0181,2026-06-20 00:17:00,3,0.6986657255928612,0.29560879379025884,0.5324334355239568,OOF_dev
AP0181,2026-06-20 00:59:00,4,0.6218007956632718,0.6248200348544581,0.45856111049695,OOF_dev
AP0181,2026-06-20 01:46:00,5,0.7160122784933953,0.29058489875172483,0.48939919946934546,OOF_dev
AP0181,2026-06-20 02:38:00,6,0.669158390500415,0.5825736543009555,0.4511907133724684,OOF_dev
AP0182,2026-06-20 07:16:00,1,0.8124628395743403,0.4018504890907067,0.51228843480304,OOF_dev
AP0182,2026-06-20 07:48:00,2,0.5736102896697178,0.5160442009037899,0.3587649580073973,OOF_dev
AP0182,2026-06-20 08:25:00,3,0.6123081287051921,0.36824094004876334,0.3762214353258925,OOF_dev
AP0182,2026-06-20 09:07:00,4,0.5486507478496532,0.34187548342702034,0.5199866475920419,OOF_dev
AP0182,2026-06-20 09:54:00,5,0.5474534245372515,0.24498671643979658,0.46718820801445776,OOF_dev
AP0182,2026-06-20 10:46:00,6,0.5393070216577998,0.26212111727868614,0.7399099606347014,OOF_dev
AP0183,2026-06-20 16:17:00,1,0.6404635032253453,0.4229458059390984,0.6125972909154942,OOF_dev
AP0183,2026-06-20 16:49:00,2,0.5355037214805467,0.44311025660851594,0.5531116291019597,OOF_dev
AP0183,2026-06-20 17:26:00,3,0.5683593346511615,0.40502466482336946,0.48081392363557857,OOF_dev
AP0183,2026-06-20 18:08:00,4,0.6014537125769917,0.3712029993884083,0.5073069626543293,OOF_dev
AP0183,2026-06-20 18:55:00,5,0.6217084638775255,0.23254441225640796,0.4804047626449781,OOF_dev
AP0183,2026-06-20 19:47:00,6,0.5933138660111505,0.3616414315792334,0.6464918829619719,OOF_dev
AP0184,2026-06-21 01:55:00,1,0.7818892010972298,0.7157517540703157,0.592419024116922,OOF_dev
AP0184,2026-06-21 02:27:00,2,0.684643628205232,0.5800170086908156,0.5102781217888308,OOF_dev
AP0184,2026-06-21 03:04:00,3,0.6766314018205355,0.5569669663436834,0.5022155344672271,OOF_dev
AP0184,2026-06-21 03:46:00,4,0.6961420087760426,0.29952937284395376,0.5134522010839361,OOF_dev
AP0184,2026-06-21 04:33:00,5,0.6636202152178539,0.478174250245589,0.45554959381210497,OOF_dev
AP0184,2026-06-21 05:25:00,6,0.697868368643155,0.6094345931086373,0.6718786459552315,OOF_dev
AP0185,2026-06-21 09:56:00,1,0.7395384652321743,0.41421888010749336,0.53165512933954,OOF_dev
AP0185,2026-06-21 10:28:00,2,0.5610479485241181,0.4208992586354054,0.41163635831058765,OOF_dev
AP0185,2026-06-21 11:05:00,3,0.5720408548886995,0.3272465834977782,0.21183964036218178,OOF_dev
AP0185,2026-06-21 11:47:00,4,0.5800597636806915,0.5002743791986319,0.402660534117358,OOF_dev
AP0185,2026-06-21 12:34:00,5,0.6534513828541384,0.37398686512615753,0.42183939728051556,OOF_dev
AP0185,2026-06-21 13:26:00,6,0.661344985112278,0.5211115472875516,0.6118177798401448,OOF_dev
AP0186,2026-06-21 17:46:00,1,0.7250301139211675,0.5074023302652405,0.5617951560919812,OOF_dev
AP0186,2026-06-21 18:18:00,2,0.5948666322477261,0.3638860671442345,0.42883385885418857,OOF_dev
AP0186,2026-06-21 18:55:00,3,0.5587516846594599,0.766430418692097,0.422168696678708,OOF_dev
AP0186,2026-06-21 19:37:00,4,0.7158340201968489,0.3034312136469889,0.420461651723765,OOF_dev
AP0186,2026-06-21 20:24:00,5,0.6795568254699373,0.2882142829367727,0.39911825866286893,OOF_dev
AP0186,2026-06-21 21:16:00,6,0.6463067441751958,0.8762306305917354,0.5281214415259947,OOF_dev
AP0187,2026-06-22 01:43:00,1,0.755705983714273,0.7498118803207282,0.6436293266663242,OOF_dev
AP0187,2026-06-22 02:15:00,2,0.6847147971828443,0.5463719490471411,0.49294413898457856,OOF_dev
AP0187,2026-06-22 02:52:00,3,0.6693210718039371,0.4011060487165128,0.43086394259169547,OOF_dev
AP0187,2026-06-22 03:34:00,4,0.640509487651761,0.22875146232631885,0.42057605864151215,OOF_dev
AP0187,2026-06-22 04:21:00,5,0.5997130200489115,0.30258527649424327,0.42240754631805366,OOF_dev
AP0187,2026-06-22 05:13:00,6,0.6011759997720326,0.5894863237670309,0.8015118091094978,OOF_dev
AP0188,2026-06-22 09:54:00,1,0.6994137254341322,0.3911860275385574,0.5568351086676552,OOF_dev
AP0188,2026-06-22 10:26:00,2,0.5324234022678849,0.3873676853319886,0.44984425278643153,OOF_dev
AP0188,2026-06-22 11:03:00,3,0.5411440839693014,0.45743924986197854,0.43620217519387955,OOF_dev
AP0188,2026-06-22 11:45:00,4,0.6033772336741783,0.3682189725471602,0.4471463193544347,OOF_dev
AP0189,2026-06-22 17:57:00,1,0.7485785161580367,0.5785039323748954,0.5538474883846485,OOF_dev
AP0189,2026-06-22 18:29:00,2,0.6262128473535656,0.5442213619735348,0.47557965126806057,OOF_dev
AP0189,2026-06-22 19:06:00,3,0.6412535772784509,0.563225295213409,0.46821791547200214,OOF_dev
AP0189,2026-06-22 19:48:00,4,0.6865514466347474,0.5423175195684651,0.5117876750163385,OOF_dev
AP0189,2026-06-22 20:35:00,5,0.7159044319186458,0.581786695208403,0.5004670284398313,OOF_dev
AP0189,2026-06-22 21:27:00,6,0.7630860202975521,1.0384720281710822,0.5649059217804596,OOF_dev
AP0190,2026-06-23 01:52:00,1,0.7523608724318911,0.6819607414609606,0.6305537671866317,OOF_dev
AP0190,2026-06-23 02:24:00,2,0.6631530937337341,0.5610654632185957,0.5310057085050693,OOF_dev
AP0190,2026-06-23 03:01:00,3,0.660969141568453,0.4960567155837579,0.5649827179486997,OOF_dev
AP0190,2026-06-23 03:43:00,4,0.6737778886366925,0.7624834654493288,0.5439688115867789,OOF_dev
AP0190,2026-06-23 04:30:00,5,0.7671104984234899,0.5836791010893401,0.5652010809199699,OOF_dev
AP0190,2026-06-23 05:22:00,6,0.7753352679536009,0.4923229433079686,0.7418566496403085,OOF_dev
AP0191,2026-06-23 09:59:00,1,0.6980926644694816,1.0902202552059064,0.6185843722913579,OOF_dev
AP0191,2026-06-23 10:31:00,2,0.7612199532129036,0.5918848168420714,0.5713142693840324,OOF_dev
AP0191,2026-06-23 11:08:00,3,0.7026740859138985,0.700413732693588,0.5528883582348655,OOF_dev
AP0191,2026-06-23 11:50:00,4,0.7446230411936776,0.6724668699583595,0.513105384607324,OOF_dev
AP0191,2026-06-23 12:37:00,5,0.7745966290324238,0.5511194562806876,0.4716681586991791,OOF_dev
AP0191,2026-06-23 13:29:00,6,0.7767448574634249,0.5368508589286514,0.7043429614102895,OOF_dev
AP0192,2026-06-23 17:51:00,1,0.7464002421302645,0.7229522041084463,0.625267375495148,OOF_dev
AP0192,2026-06-23 18:23:00,2,0.6743799586430577,0.5541318105253035,0.5207094185091864,OOF_dev
AP0192,2026-06-23 19:00:00,3,0.6614867464090147,1.0270000386677742,0.5322606499014799,OOF_dev
AP0192,2026-06-23 19:42:00,4,0.8064219277705285,0.700179076335337,0.5771691534586989,OOF_dev
AP0192,2026-06-23 20:29:00,5,0.8039227800076095,0.49956175960115423,0.562594268952725,OOF_dev
AP0192,2026-06-23 21:21:00,6,0.7748618118208774,0.830936140869815,0.5852444337007408,OOF_dev
AP0193,2026-06-24 01:58:00,1,0.8460843607156002,0.718072349858297,0.6119438255397948,OOF_dev
AP0193,2026-06-24 02:30:00,2,0.6982334556521104,0.47323575004713836,0.5110301227733851,OOF_dev
AP0193,2026-06-24 03:07:00,3,0.6430307135651978,0.5628228960101467,0.5098934960516243,OOF_dev
AP0193,2026-06-24 03:49:00,4,0.685863522040624,0.40560833303332167,0.505174479171676,OOF_dev
AP0193,2026-06-24 04:36:00,5,0.6746597194541002,0.5253911322234321,0.48694627054027706,OOF_dev
AP0193,2026-06-24 05:28:00,6,0.7193312448973609,1.0741437609906703,0.7051650678932446,OOF_dev
AP0194,2026-06-24 09:45:00,1,0.7758936890775455,0.6723174375617814,0.6211579359141046,OOF_dev
AP0194,2026-06-24 10:17:00,2,0.6654598923158708,0.47433819186885684,0.4789026596373004,OOF_dev
AP0194,2026-06-24 10:54:00,3,0.6301001541256873,0.46510532728728377,0.5505805688826033,OOF_dev
AP0194,2026-06-24 11:36:00,4,0.6464681423843935,0.32725282239021497,0.508294356777161,OOF_dev
AP0194,2026-06-24 12:23:00,5,0.6260294783036746,0.22510657664095032,0.5433747857433558,OOF_dev
AP0194,2026-06-24 13:15:00,6,0.6061948161379387,1.2018137063252434,0.8672504390423013,OOF_dev
AP0195,2026-06-24 17:47:00,1,0.7097407109573295,0.5399433852297282,0.6203208707672994,OOF_dev
AP0195,2026-06-24 18:19:00,2,0.6051538263573628,0.49725781772243477,0.47727505238146634,OOF_dev
AP0195,2026-06-24 18:56:00,3,0.6181324065660236,0.07058664604046493,0.54168153768009,OOF_dev
AP0195,2026-06-24 19:38:00,4,0.4845207812663328,0.2703610977123322,0.39140634797286145,OOF_dev
AP0195,2026-06-24 20:25:00,5,0.5100932906226361,0.4194249819034329,0.4293118688320094,OOF_dev
AP0195,2026-06-24 21:17:00,6,0.6070401034752908,0.7885317213319643,0.6899197594812884,OOF_dev
AP0196,2026-06-25 01:47:00,1,0.8320171866294674,0.9387620904336278,0.6473491648220963,OOF_dev
AP0196,2026-06-25 02:19:00,2,0.7530516417903422,0.790527119146721,0.5429393796645753,OOF_dev
AP0196,2026-06-25 02:56:00,3,0.7544760944975195,0.41919979205563485,0.533083276280001,OOF_dev
AP0196,2026-06-25 03:38:00,4,0.6865384262548457,0.6874970184618243,0.49393886036370854,OOF_dev
AP0196,2026-06-25 04:25:00,5,0.7580336688247019,0.9032250136149693,0.5073997795238202,OOF_dev
AP0196,2026-06-25 05:17:00,6,0.8339900761412301,1.1439135916123533,0.6408272223315266,OOF_dev
AP0197,2026-06-25 17:17:00,1,0.7203364952286595,0.5610231947205145,0.6345647786599674,OOF_dev
AP0197,2026-06-25 17:49:00,2,0.6466550105845932,0.44061687997417065,0.44037031623783635,OOF_dev
AP0197,2026-06-25 18:26:00,3,0.6832784123325736,0.7316318776718695,0.5976453939394445,OOF_dev
AP0197,2026-06-25 19:08:00,4,0.7011541386661306,0.20593659267636927,0.5605832666408587,OOF_dev
AP0197,2026-06-25 19:55:00,5,0.5659103601051318,0.6010997598071004,0.4690619767997621,OOF_dev
AP0197,2026-06-25 20:47:00,6,0.6888780816907452,0.9663767919094877,0.7405868601654999,OOF_dev
AP0198,2026-06-26 02:02:00,1,0.7573570033430439,0.4118105760339098,0.5995994051397263,OOF_dev
AP0198,2026-06-26 02:34:00,2,0.5653943109129225,0.6051066843319325,0.44505106495264773,OOF_dev
AP0198,2026-06-26 03:11:00,3,0.6432764382465482,0.314623265416556,0.4548518423703816,OOF_dev
AP0198,2026-06-26 03:53:00,4,0.5963655502628107,0.40799463809064257,0.49319426554289725,OOF_dev
AP0198,2026-06-26 04:40:00,5,0.6310667736014692,0.4388058328735015,0.5130782905448527,OOF_dev
AP0198,2026-06-26 05:32:00,6,0.6761039295361312,1.5803079818847718,0.8862670028498334,OOF_dev
AP0199,2026-06-26 10:07:00,1,0.7198424708717064,0.4971993131676047,0.6448470297535641,OOF_dev
AP0199,2026-06-26 10:39:00,2,0.5889303718275261,0.4928634635679096,0.4668136296495024,OOF_dev
AP0199,2026-06-26 11:16:00,3,0.6090595287641434,0.5375480752758481,0.46921328653724226,OOF_dev
AP0199,2026-06-26 11:58:00,4,0.6628258266717597,0.3605298165322878,0.49515199377823227,OOF_dev
AP0199,2026-06-26 12:45:00,5,0.6501204681287301,0.5781700109791154,0.5226311856465768,OOF_dev
AP0199,2026-06-26 13:37:00,6,0.727433883638436,0.7097407298861699,0.9727784084349316,OOF_dev
AP0200,2026-06-26 18:03:00,1,0.7676292764291552,0.658071290529784,0.6363302232332871,OOF_dev
AP0200,2026-06-26 18:35:00,2,0.6615848299260935,0.4767028641885448,0.5447286249831342,OOF_dev
AP0200,2026-06-26 19:12:00,3,0.6299864967453608,0.5501389862720032,0.512693441558634,OOF_dev
AP0200,2026-06-26 19:54:00,4,0.6763975572237446,0.48776040800975434,0.5541702772941622,OOF_dev
AP0200,2026-06-26 20:41:00,5,0.6976335626660807,0.5843459080266403,0.5474777207183267,OOF_dev
AP0200,2026-06-26 21:33:00,6,0.7478203661029973,0.305206104108335,0.8875069508434295,OOF_dev
AP0201,2026-06-27 01:38:00,1,0.8275912196972763,0.4265400089270677,0.5561054820164072,OOF_dev
AP0201,2026-06-27 02:10:00,2,0.5933694591836955,0.46047475754247413,0.4184927002027353,OOF_dev
AP0201,2026-06-27 02:47:00,3,0.5989829907978759,0.3351410422025287,0.431763917041035,OOF_dev
AP0201,2026-06-27 03:29:00,4,0.5823873036105081,0.24888126155232518,0.4644154678581997,OOF_dev
AP0201,2026-06-27 04:16:00,5,0.5609586929183874,0.7566456542427425,0.5757967859711594,OOF_dev
AP0201,2026-06-27 05:08:00,6,0.7459479089412262,0.9598634842148895,0.7739935192349736,OOF_dev
AP0202,2026-06-27 09:44:00,1,0.8107183433050114,0.6819517523530196,0.6407069907130823,OOF_dev
AP0202,2026-06-27 10:16:00,2,0.6767792795006257,0.5463820724266083,0.5113952553050174,OOF_dev
AP0202,2026-06-27 10:53:00,3,0.6616490715172674,0.5190703857280433,0.5058097576718911,OOF_dev
AP0202,2026-06-27 11:35:00,4,0.6810823527194646,0.4754841343903826,0.4677876840160036,OOF_dev
AP0202,2026-06-27 12:22:00,5,0.6932432552774281,0.5633779447088284,0.5115516944678619,OOF_dev
AP0202,2026-06-27 13:14:00,6,0.7389064913155021,1.157937076887588,0.936876721540655,OOF_dev
AP0203,2026-06-27 17:53:00,1,0.8184678403515758,0.755023437034187,0.6869868299378477,OOF_dev
AP0203,2026-06-27 18:25:00,2,0.7040982343870203,0.6042398737480591,0.512323730726308,OOF_dev
AP0203,2026-06-27 19:02:00,3,0.702551128387753,0.5484349993366922,0.49431381780191797,OOF_dev
AP0203,2026-06-27 19:44:00,4,0.7054750929687595,0.3919592824071908,0.4549503432092502,OOF_dev
AP0203,2026-06-27 20:31:00,5,0.6893530581263827,0.34955268583453464,0.5009230709972065,OOF_dev
AP0203,2026-06-27 21:23:00,6,0.6760397787183017,0.8351603550118977,0.9504030065103549,OOF_dev
AP0204,2026-06-28 02:11:00,1,0.7888183881766669,0.5421502547815609,0.6077863516657176,OOF_dev
AP0204,2026-06-28 02:43:00,2,0.6249054739873963,0.36843592502641,0.4605397836959785,OOF_dev
AP0204,2026-06-28 03:20:00,3,0.5726453501433679,0.30709030831880474,0.46640854373697205,OOF_dev
AP0204,2026-06-28 04:02:00,4,0.5565520380098008,0.5150374386362948,0.5076125643278745,OOF_dev
AP0204,2026-06-28 04:49:00,5,0.650873343136092,0.4823423861780847,0.5163393124512845,OOF_dev
AP0204,2026-06-28 05:41:00,6,0.7003599298141199,1.2646828769205245,0.5661020982245013,OOF_dev
AP0205,2026-06-28 10:45:00,1,0.8173294853868814,0.6839220220839033,0.6393673325110775,OOF_dev
AP0205,2026-06-28 11:17:00,2,0.6795639240982747,0.4654684647159358,0.5263862236959613,OOF_dev
AP0205,2026-06-28 11:54:00,3,0.6396444238827054,0.4268078646061811,0.5055630716895939,OOF_dev
AP0205,2026-06-28 12:36:00,4,0.6360283233178763,0.5892210574918422,0.4780133926638759,OOF_dev
AP0205,2026-06-28 13:23:00,5,0.7171540823366113,0.6219783155915708,0.49872406943429304,OOF_dev
AP0205,2026-06-28 14:15:00,6,0.7632157193378899,1.2589407494883798,0.886937826796994,OOF_dev
AP0206,2026-06-28 19:21:00,1,0.8521078872248714,0.8457191735177517,0.7979517424137668,OOF_dev
AP0206,2026-06-28 19:53:00,2,0.7869286570552166,0.6323913895587555,0.5011199820259004,OOF_dev
AP0206,2026-06-28 20:30:00,3,0.6924833755584925,0.6022714974105758,0.44798894086398294,OOF_dev
AP0206,2026-06-28 21:12:00,4,0.698066123546843,0.469401687363685,0.4787605328447107,OOF_dev
AP0206,2026-06-28 21:59:00,5,0.6897274757147123,0.5172938425438359,0.49253576653252673,OOF_dev
AP0206,2026-06-28 22:51:00,6,0.7180637260790661,0.6841160055241879,0.7747969922337364,OOF_dev
AP0207,2026-06-29 03:23:00,1,0.7901433996343415,0.5663174411487157,0.5535000459806391,OOF_dev
AP0207,2026-06-29 03:55:00,2,0.6384352277378171,0.3800685331752042,0.44732933977583705,OOF_dev
AP0207,2026-06-29 04:32:00,3,0.5819952730721403,0.30604208558871615,0.4198891797016909,OOF_dev
AP0207,2026-06-29 05:14:00,4,0.5589169689960034,0.5539202517946139,0.3878708880925028,OOF_dev
AP0207,2026-06-29 06:01:00,5,0.6638599659250326,0.30231083278562154,0.5147805105917121,OOF_dev
AP0207,2026-06-29 06:53:00,6,0.6529890016563702,0.9653904284646677,0.9140016830224794,OOF_dev
AP0208,2026-06-29 11:21:00,1,0.7390460270809818,0.5652236835532077,0.6430921675043655,OOF_dev
AP0208,2026-06-29 11:53:00,2,0.6198196032020035,0.566481911464814,0.5079003577966084,OOF_dev
AP0208,2026-06-29 12:30:00,3,0.6470342185225271,0.41504635544355767,0.48815252424091427,OOF_dev
AP0208,2026-06-29 13:12:00,4,0.6363690900070735,0.7112169417026849,0.4464879445772373,OOF_dev
AP0208,2026-06-29 13:59:00,5,0.7625687303219428,0.478744140169564,0.5625393949140416,OOF_dev
AP0208,2026-06-29 14:51:00,6,0.7436013477574747,1.0587846249432533,0.81185447893635,OOF_dev
AP0209,2026-06-29 19:14:00,1,0.8195715185472889,0.733761979880936,0.6764383687150458,OOF_dev
AP0209,2026-06-29 19:46:00,2,0.6944044695573498,0.5034709195053342,0.4838418812934944,OOF_dev
AP0209,2026-06-29 20:23:00,3,0.6509608813585777,0.5212951286136596,0.49389011259107535,OOF_dev
AP0209,2026-06-29 21:05:00,4,0.6779160145362226,0.34462945735471245,0.5132240023278124,OOF_dev
AP0209,2026-06-29 21:52:00,5,0.652270055061009,0.5502458731220937,0.5179700011836386,OOF_dev
AP0209,2026-06-29 22:44:00,6,0.7167826711215715,0.7517831928494634,0.5874392602997172,OOF_dev
AP0210,2026-06-30 03:07:00,1,0.738632027156569,0.4573664630457921,0.6140048592226187,OOF_dev
AP0210,2026-06-30 03:39:00,2,0.5771520195245926,0.3814052922039338,0.4726048874078465,OOF_dev
AP0210,2026-06-30 04:16:00,3,0.5574456244823907,0.44433510647998037,0.45772843863060897,OOF_dev
AP0210,2026-06-30 04:58:00,4,0.6072029879336456,0.3230887863159988,0.48694589775375746,OOF_dev
AP0210,2026-06-30 05:45:00,5,0.606933590103925,0.6010081705085822,0.4663934661311486,OOF_dev
AP0210,2026-06-30 06:37:00,6,0.7110069446693941,0.8271682115028672,0.7821327638503568,OOF_dev
AP0211,2026-06-30 11:18:00,1,0.8247019170532228,0.6964817491324926,0.6861610826430183,OOF_dev
AP0211,2026-06-30 11:50:00,2,0.6866676112279405,0.4761436072646284,0.5715680554408566,OOF_dev
AP0211,2026-06-30 12:27:00,3,0.6402162553196319,0.5369182039502566,0.5000390777704551,OOF_dev
AP0211,2026-06-30 13:09:00,4,0.6797265400732899,0.4088685283296881,0.5084798766099837,OOF_dev
AP0211,2026-06-30 13:56:00,5,0.6709426678051904,0.5201127610235444,0.5185459917720794,OOF_dev
AP0211,2026-06-30 14:48:00,6,0.7186631126183609,0.29047920063761956,0.9928164736913776,OOF_dev
AP0212,2026-06-30 19:15:00,1,0.7383478417917684,0.8141784179355531,0.6290531430930717,OOF_dev
AP0212,2026-06-30 19:47:00,2,0.7042008398243317,0.6350005860493841,0.5063108474374279,OOF_dev
AP0212,2026-06-30 20:24:00,3,0.7074180271840604,0.49663191251682026,0.515882392144634,OOF_dev
AP0212,2026-06-30 21:06:00,4,0.6932151946317311,0.3863011016284022,0.4895915334852371,OOF_dev
AP0212,2026-06-30 21:53:00,5,0.669670896090115,0.2968506685265011,0.48977978086191015,OOF_dev
AP0212,2026-06-30 22:45:00,6,0.6433772629373673,1.0327991290363066,0.7944242541548742,OOF_dev
AP0213,2026-07-01 03:18:00,1,0.7048564713900933,0.3681432403418713,0.5572856012921859,OOF_dev
AP0213,2026-07-01 03:50:00,2,0.5210365773643626,0.3089465740674138,0.35770079831191537,OOF_dev
AP0213,2026-07-01 04:27:00,3,0.5004881132315177,0.3406270625828253,0.38387854353206813,OOF_dev
AP0213,2026-07-01 05:09:00,4,0.5337615461497283,0.6662222738669906,0.5439484719474722,OOF_dev
AP0213,2026-07-01 05:56:00,5,0.6949362015844831,0.1009247768938759,0.5386038072181716,OOF_dev
AP0213,2026-07-01 06:48:00,6,0.5992894497060904,0.8318022773629862,1.1080038979159834,OOF_dev
AP0214,2026-07-01 11:53:00,1,0.7255031607188819,0.5343037221660086,0.6398237230528513,OOF_dev
AP0214,2026-07-01 12:25:00,2,0.6028430600699977,0.44673633011471614,0.5032068119469432,OOF_dev
AP0214,2026-07-01 13:02:00,3,0.5954208777356209,0.34152501565037324,0.481578301562941,OOF_dev
AP0214,2026-07-01 13:44:00,4,0.5828993824857296,0.5460663507184093,0.4651618460094354,OOF_dev
AP0214,2026-07-01 14:31:00,5,0.67284297885909,0.46824026665454777,0.5624093772064743,OOF_dev
AP0214,2026-07-01 15:23:00,6,0.7273701966719279,0.9126500025995075,0.7959803937538819,OOF_dev
AP0215,2026-07-01 19:53:00,1,0.806682131208516,0.3586345931677861,0.554521268531434,OOF_dev
AP0215,2026-07-01 20:25:00,2,0.5537882024281546,0.4141589541677744,0.4466324800784122,OOF_dev
AP0215,2026-07-01 21:02:00,3,0.5625676365740726,0.3175919466100912,0.4344906098632033,OOF_dev
AP0215,2026-07-01 21:44:00,4,0.5578676950417285,0.4458379810532942,0.5088058107532188,OOF_dev
AP0215,2026-07-01 22:31:00,5,0.6370318907627217,0.39999817272444005,0.47556492673530326,OOF_dev
AP0215,2026-07-01 23:23:00,6,0.6597484476428169,0.9194163855398139,0.701549224563676,OOF_dev
AP0216,2026-07-02 04:03:00,1,0.8077137870691777,0.5615089117312713,0.6339022286456977,OOF_dev
AP0216,2026-07-02 04:35:00,2,0.6379010480617797,0.4032490390208302,0.533833263753703,OOF_dev
AP0216,2026-07-02 05:12:00,3,0.5925966443505849,0.4807941630070101,0.5165363897431496,OOF_dev
AP0216,2026-07-02 05:54:00,4,0.6383501346509795,0.4829512497709346,0.5464706533207209,OOF_dev
AP0216,2026-07-02 06:41:00,5,0.6805888652603075,0.42567145178997146,0.5438333520171811,OOF_dev
AP0216,2026-07-02 07:33:00,6,0.6912680092883746,0.7290415923877651,0.8630053017529309,OOF_dev
AP0217,2026-07-02 12:07:00,1,0.7089918186780118,0.5237724410797078,0.5465406227491473,OOF_dev
AP0217,2026-07-02 12:39:00,2,0.5985560564828447,0.5185603458377985,0.6154542672211912,OOF_dev
AP0217,2026-07-02 13:16:00,3,0.625200870512747,0.45843355797538726,0.5310028612864565,OOF_dev
AP0217,2026-07-02 13:58:00,4,0.6434678673385095,0.5621490691613862,0.5818833222534495,OOF_dev
AP0217,2026-07-02 14:45:00,5,0.7042674365071471,0.6580002817152575,0.5894945747431125,OOF_dev
AP0217,2026-07-02 15:37:00,6,0.7672325741267942,0.6993731076717717,0.6857937571164965,OOF_dev
AP0218,2026-07-02 19:56:00,1,0.8838241257044117,0.5763724035808468,0.6605833900473399,OOF_dev
AP0218,2026-07-02 20:28:00,2,0.6584004015051111,0.45451057929411176,0.5121842933508898,OOF_dev
AP0218,2026-07-02 21:05:00,3,0.6188647484614338,0.2975700646129956,0.47879182199893966,OOF_dev
AP0218,2026-07-02 21:47:00,4,0.5866419880537808,0.3563649757216421,0.47014817900753186,OOF_dev
AP0218,2026-07-02 22:34:00,5,0.6026225436090347,0.6635937557754933,0.5732535945631076,OOF_dev
AP0218,2026-07-02 23:26:00,6,0.7367196900011156,0.8523370679030687,0.7626110777875598,OOF_dev
AP0220,2026-07-03 13:36:00,1,0.801255987812163,0.8142826083430375,0.5372434836928089,OOF_dev
AP0220,2026-07-03 14:08:00,2,0.7161931207335908,0.8373583344699408,0.5286682265280168,OOF_dev
AP0220,2026-07-03 14:45:00,3,0.7565500891689525,0.6978067503554581,0.5159025759025697,OOF_dev
AP0220,2026-07-03 15:27:00,4,0.7632742703512494,0.6548037386275627,0.5149513427906182,OOF_dev
AP0221,2026-07-03 21:35:00,1,0.8532682193375303,0.32499238322411267,0.7075497259991302,OOF_dev
AP0221,2026-07-03 22:07:00,2,0.5526949528273764,1.3050942199281144,0.5790614558869827,OOF_dev
AP0221,2026-07-03 22:44:00,3,0.8201689957368287,0.21757322562312795,0.4705896190811073,OOF_dev
AP0221,2026-07-03 23:26:00,4,0.6658551603854674,0.6946927213769563,0.49666828945776686,OOF_dev
AP0222,2026-07-04 05:37:00,1,0.7201109426215204,0.6212506120738996,0.6327911888221877,OOF_dev
AP0222,2026-07-04 06:09:00,2,0.6369625371761554,0.36482973920991474,0.48658315211722375,OOF_dev
AP0222,2026-07-04 06:46:00,3,0.5759114565736289,0.41221926990407126,0.4250546719210907,OOF_dev
AP0222,2026-07-04 07:28:00,4,0.6024395988780126,0.25993134573250154,0.43162617090721567,OOF_dev
AP0222,2026-07-04 08:15:00,5,0.5784813227146959,0.513656042442394,0.4199186125291691,OOF_dev
AP0222,2026-07-04 09:07:00,6,0.6723066277537906,0.6798411683060663,0.682559670118778,OOF_dev
AP0223,2026-07-04 13:44:00,1,0.8570262253575136,0.6020554552311284,0.5176609458099206,OOF_dev
AP0223,2026-07-04 14:16:00,2,0.6646580022808599,0.4026458097181913,0.4487628317129029,OOF_dev
AP0223,2026-07-04 14:53:00,3,0.6037398750178713,0.46908945915483025,0.451979199611414,OOF_dev
AP0223,2026-07-04 15:35:00,4,0.637543804263843,0.5269799208586268,0.45285571821603193,OOF_dev
AP0223,2026-07-04 16:22:00,5,0.6895160713518526,0.4444037748522593,0.49336934774908553,OOF_dev
AP0223,2026-07-04 17:14:00,6,0.7073178352041946,0.44831465818006033,0.8225965709088747,OOF_dev
AP0224,2026-07-04 21:29:00,1,0.7738909844564726,0.41908385498827966,0.5827270586822767,OOF_dev
AP0224,2026-07-04 22:01:00,2,0.576912655272865,0.3371842175997868,0.43405091233116594,OOF_dev
AP0224,2026-07-04 22:38:00,3,0.538233230878708,0.40938376844989366,0.4213426416642436,OOF_dev
AP0224,2026-07-04 23:20:00,4,0.5848616045080814,0.40201552295823956,0.4571451382053452,OOF_dev
AP0224,2026-07-05 00:07:00,5,0.6261049133949812,0.24913143217675074,0.4396491208113277,OOF_dev
AP0224,2026-07-05 00:59:00,6,0.6015677091111984,0.5479938246421368,0.6451466866895564,OOF_dev
AP0225,2026-07-05 05:17:00,1,0.7293376844455226,0.6956889490709374,0.5738313848574608,OOF_dev
AP0225,2026-07-05 05:49:00,2,0.6601628205334853,0.5126405128832218,0.43807469567784824,OOF_dev
AP0225,2026-07-05 06:26:00,3,0.6401190478568575,0.5092112570781606,0.46904995608333505,OOF_dev
AP0225,2026-07-05 07:08:00,4,0.666069995244282,0.6536945174945824,0.5228101779251836,OOF_dev
AP0225,2026-07-05 07:55:00,5,0.7431106946016373,0.5902953408859453,0.5194161206093714,OOF_dev
AP0225,2026-07-05 08:47:00,6,0.7644864493823607,0.5947137272618908,0.5892225914351622,OOF_dev
AP0226,2026-07-05 13:32:00,1,0.740706340193967,0.48689581270369386,0.5670207921681697,OOF_dev
AP0226,2026-07-05 14:04:00,2,0.5922391244319085,0.5596831189288299,0.5120213728764931,OOF_dev
AP0226,2026-07-05 14:41:00,3,0.6363098966595877,0.3953414021112054,0.4568496098140062,OOF_dev
AP0226,2026-07-05 15:23:00,4,0.630375168992584,0.3488870814459245,0.4369264387822334,OOF_dev
AP0226,2026-07-05 16:10:00,5,0.624109968053995,0.3580362125506485,0.44875641292985935,OOF_dev
AP0226,2026-07-05 17:02:00,6,0.6391255987596511,0.272814793998016,0.6067529481440356,OOF_dev
AP0227,2026-07-05 21:13:00,1,0.8580562668869072,0.5114076235000253,0.4987484759042819,OOF_dev
AP0227,2026-07-05 21:45:00,2,0.6333084947630708,0.41937800332194886,0.4204897341458647,OOF_dev
AP0227,2026-07-05 22:22:00,3,0.5980164209002898,0.4698985952756226,0.48607915279221214,OOF_dev
AP0227,2026-07-05 23:04:00,4,0.6406676131819621,0.2939913928866646,0.4699923624566058,OOF_dev
AP0227,2026-07-05 23:51:00,5,0.6083702592363756,0.38553214896843035,0.4906348084171656,OOF_dev
AP0227,2026-07-06 00:43:00,6,0.6437108251398536,1.981335045838596,0.8132761268205847,OOF_dev
AP0228,2026-07-06 04:44:00,1,0.6744925167654682,0.5655990525313089,0.5559281870371101,OOF_dev
AP0228,2026-07-06 05:16:00,2,0.6003029723900798,0.5284723960142167,0.48848489192309624,OOF_dev
AP0228,2026-07-06 05:53:00,3,0.6253146824280751,0.6021678852895047,0.48840663784603416,OOF_dev
AP0228,2026-07-06 06:35:00,4,0.689232048382209,0.5357905287644095,0.5500868908610709,OOF_dev
AP0228,2026-07-06 07:22:00,5,0.7146818661673303,0.6073643011348177,0.5021708098850339,OOF_dev
AP0228,2026-07-06 08:14:00,6,0.7613724239960796,0.5047486229331902,0.755230669331535,OOF_dev
AP0229,2026-07-06 12:33:00,1,0.7432644600576575,0.655364769297105,0.5997030732705625,OOF_dev
AP0229,2026-07-06 13:05:00,2,0.6526133657691549,0.44843598420714925,0.5548931656163293,OOF_dev
AP0229,2026-07-06 13:42:00,3,0.6152251101853967,0.33497434527676667,0.5427200983139768,OOF_dev
AP0229,2026-07-06 14:24:00,4,0.589803748691585,0.3562299958812325,0.524651347011982,OOF_dev
AP0229,2026-07-06 15:11:00,5,0.6073465404415488,0.38696412360640386,0.49970161715411116,OOF_dev
AP0229,2026-07-06 16:03:00,6,0.6415392536349501,0.2596321461029993,0.75198472285053,OOF_dev
AP0230,2026-07-06 19:53:00,1,0.8338428653248852,0.45932626948455263,0.6044819017439239,OOF_dev
AP0230,2026-07-06 20:25:00,2,0.604163897422566,0.37588732830722205,0.47993397984167463,OOF_dev
AP0230,2026-07-06 21:02:00,3,0.5664571435344103,0.460955123411021,0.40723385816317154,OOF_dev
AP0230,2026-07-06 21:44:00,4,0.6204587650057516,0.49171939242916635,0.4554567830322152,OOF_dev
AP0230,2026-07-06 22:31:00,5,0.6797962150745585,0.4606535592952058,0.46307031933042275,OOF_dev
AP0230,2026-07-06 23:23:00,6,0.7141868788937952,0.744310149257847,0.7540493550131189,OOF_dev
AP0231,2026-07-07 03:42:00,1,0.828529833886047,0.5978142126654716,0.5900243118969681,OOF_dev
AP0231,2026-07-07 04:14:00,2,0.6569056270764226,0.4443909794446702,0.5241283583144479,OOF_dev
AP0231,2026-07-07 04:51:00,3,0.6169844838943146,0.378520764990953,0.48144412422165356,OOF_dev
AP0231,2026-07-07 05:33:00,4,0.608823032389936,0.46746206370486015,0.48040509082206906,OOF_dev
AP0231,2026-07-07 06:20:00,5,0.6578223660771318,1.1227515048690702,0.5834043699540034,OOF_dev
AP0231,2026-07-07 07:12:00,6,0.848794082570916,0.540074848096324,0.8295412529137463,OOF_dev
AP0232,2026-07-07 11:49:00,1,0.5762701240397519,0.6438048293284766,0.5465398997750743,OOF_dev
AP0232,2026-07-07 12:21:00,2,0.6111041492726117,0.522870128759815,0.4736765299165449,OOF_dev
AP0232,2026-07-07 12:58:00,3,0.6288484975556736,0.43585380621093767,0.5235347821782688,OOF_dev
AP0232,2026-07-07 13:40:00,4,0.6373410103661754,0.29674647735825044,0.5425332111810249,OOF_dev
AP0232,2026-07-07 14:27:00,5,0.6102447652806392,0.3391442952205134,0.500928933423818,OOF_dev
AP0232,2026-07-07 15:19:00,6,0.628061494547743,0.953732763781168,0.8554349816850316,OOF_dev
AP0233,2026-07-07 19:39:00,1,0.8626795502733157,0.5864112872023991,0.4970316622943172,OOF_dev
AP0233,2026-07-07 20:11:00,2,0.6592644034439605,0.4319713350113885,0.5001805044895855,OOF_dev
AP0233,2026-07-07 20:48:00,3,0.6123318914157243,0.4281148592043894,0.506055071653468,OOF_dev
AP0233,2026-07-07 21:30:00,4,0.6253760182227441,0.7131239949015935,0.4862171101419985,OOF_dev
AP0233,2026-07-07 22:17:00,5,0.7426017699950769,0.5756904563303027,0.5761172134902631,OOF_dev
AP0233,2026-07-07 23:09:00,6,0.7643275943316276,0.7360743423011766,0.9513695840026669,OOF_dev
AP0234,2026-07-08 03:44:00,1,0.6149503055451107,0.65029825881418,0.5778864621326995,OOF_dev
AP0234,2026-07-08 04:16:00,2,0.6232086778610602,0.4727540733412631,0.5121091538029665,OOF_dev
AP0234,2026-07-08 04:53:00,3,0.614568270394769,0.3702241880211108,0.47417638608911,OOF_dev
AP0234,2026-07-08 05:35:00,4,0.6041667253625023,0.46383219467674425,0.5019610336920165,OOF_dev
AP0234,2026-07-08 06:22:00,5,0.6568965942594116,0.3671733633396126,0.5196008052528286,OOF_dev
AP0234,2026-07-08 07:14:00,6,0.6647192370795999,0.441100202984783,0.6689264720936368,OOF_dev
AP0235,2026-07-08 11:30:00,1,0.8064652998544949,0.6354095144779477,0.6605896747047519,OOF_dev
AP0235,2026-07-08 12:02:00,2,0.662919589819195,0.5615282077191246,0.5117402230181216,OOF_dev
AP0235,2026-07-08 12:39:00,3,0.6608029990899682,0.450601953485104,0.49546610890697396,OOF_dev
AP0235,2026-07-08 13:21:00,4,0.654956508861295,0.4245940935553255,0.4603350632069662,OOF_dev
AP0235,2026-07-08 14:08:00,5,0.6648914342106264,0.7098721210253649,0.507300683554705,OOF_dev
AP0235,2026-07-08 15:00:00,6,0.7641564900966844,0.6566353692070322,0.6825330628909243,OOF_dev
AP0236,2026-07-08 19:27:00,1,0.9050118463347029,0.7345908910010764,0.7339677341793472,OOF_dev
AP0236,2026-07-08 19:59:00,2,0.7133622387077853,0.6332713019659817,0.4849059794572529,OOF_dev
AP0236,2026-07-08 20:36:00,3,0.6996629506714649,1.2323841038498076,0.45551034035198573,OOF_dev
AP0236,2026-07-08 21:18:00,4,0.8497050276047365,0.7068921425256245,0.39046291872933064,OOF_dev
AP0236,2026-07-08 22:05:00,5,0.8456825601121045,0.8518317906497036,0.5509431595208953,OOF_dev
AP0236,2026-07-08 22:57:00,6,0.8532609357158029,0.5880272939623046,0.8875403758175407,OOF_dev
AP0237,2026-07-09 03:24:00,1,0.9076203662435719,0.5545340169175592,0.6438569324948152,OOF_dev
AP0237,2026-07-09 03:56:00,2,0.6593185675954756,0.4861083530651347,0.5361946863568604,OOF_dev
AP0237,2026-07-09 04:33:00,3,0.6351453951104784,0.5963781987075312,0.4502749794204607,OOF_dev
AP0237,2026-07-09 05:15:00,4,0.7012168409998782,0.5896230508259055,0.547698626549423,OOF_dev
AP0237,2026-07-09 06:02:00,5,0.7359531143994916,0.48684930176406405,0.5445873242221575,OOF_dev
AP0237,2026-07-09 06:54:00,6,0.7343028849108001,1.1435504404473467,0.6573112192002394,OOF_dev
AP0238,2026-07-09 11:24:00,1,0.674456169622734,0.6077240309254762,0.6081242377783541,OOF_dev
AP0238,2026-07-09 11:56:00,2,0.6212907561817,0.5326070616236539,0.46474469771470206,OOF_dev
AP0238,2026-07-09 12:33:00,3,0.6371379424801104,0.4050814198631797,0.4939450234185082,OOF_dev
AP0238,2026-07-09 13:15:00,4,0.6332091314497119,0.43450110483487503,0.48475012791611116,OOF_dev
AP0238,2026-07-09 14:02:00,5,0.6565084934627172,0.4905978959904412,0.47719773261840653,OOF_dev
AP0238,2026-07-09 14:54:00,6,0.7000493729682634,0.8376762081559319,1.0461125865441532,OOF_dev
AP0239,2026-07-09 19:21:00,1,0.797304406461748,1.1423060069439608,0.7246671325102121,OOF_dev
AP0239,2026-07-09 19:53:00,2,0.7941181855195961,0.29824851798507945,0.5500702302877976,OOF_dev
AP0239,2026-07-09 20:30:00,3,0.6169205901365901,0.43659306637558026,0.457241048866353,OOF_dev
AP0239,2026-07-09 21:12:00,4,0.6298757461673214,0.48647945216243543,0.4780818171173464,OOF_dev
AP0239,2026-07-09 21:59:00,5,0.6745353356675027,0.7662274354370401,0.47848404878634443,OOF_dev
AP0239,2026-07-09 22:51:00,6,0.7803855366117469,1.439446726161193,0.776972215816578,OOF_dev
AP0240,2026-07-10 03:11:00,1,0.9117075059646567,0.925634328144825,0.7108658206252446,OOF_dev
AP0240,2026-07-10 03:43:00,2,0.7650434797754647,0.5120711539553422,0.5321036155528939,OOF_dev
AP0240,2026-07-10 04:20:00,3,0.6802908192792605,0.6081272146851827,0.5295843751493043,OOF_dev
AP0240,2026-07-10 05:02:00,4,0.7125174961718421,0.661561660129368,0.5502809165066015,OOF_dev
AP0240,2026-07-10 05:49:00,5,0.7593094925440567,0.6861386755373818,0.5298059623554673,OOF_dev
AP0240,2026-07-10 06:41:00,6,0.7951245789161572,1.0203949071458898,0.5802140111098789,OOF_dev
AP0241,2026-07-10 11:58:00,1,0.7926251712672296,1.0350389604315073,0.5188105933566747,OOF_dev
AP0241,2026-07-10 12:30:00,2,0.7721197712343295,0.40108013063228964,0.4992111694988192,OOF_dev
AP0241,2026-07-10 13:07:00,3,0.6634283662123414,0.551709187620488,0.510696208414594,OOF_dev
AP0241,2026-07-10 13:49:00,4,0.6856362817184267,0.3627711721252287,0.5186641287703168,OOF_dev
AP0241,2026-07-10 14:36:00,5,0.6567311118419894,0.4158117573843807,0.48305688999715735,OOF_dev
AP0241,2026-07-10 15:28:00,6,0.6765359578198379,1.018232301631961,0.7803028388513956,OOF_dev
AP0242,2026-07-10 19:47:00,1,0.8750704106352825,0.9104388758458747,0.571468970376892,OOF_dev
AP0242,2026-07-10 20:19:00,2,0.7563013130047231,0.5505225208636014,0.5330855798930199,OOF_dev
AP0242,2026-07-10 20:56:00,3,0.6902628115308159,0.7862033523428924,0.5047699907663447,OOF_dev
AP0242,2026-07-10 21:38:00,4,0.7627698561737999,0.5914894277104866,0.5475684898008459,OOF_dev
AP0242,2026-07-10 22:25:00,5,0.7627083131776419,0.6843561389794613,0.5615372016071589,OOF_dev
AP0242,2026-07-10 23:17:00,6,0.7950655373489283,1.0300055297580077,1.0092500963059068,OOF_dev
AP0243,2026-07-11 03:39:00,1,0.9316129195465743,0.9100764201753463,0.7363882215814737,OOF_dev
AP0243,2026-07-11 04:11:00,2,0.7631532608093301,0.7204040173078492,0.5778126000560921,OOF_dev
AP0243,2026-07-11 04:48:00,3,0.7393166444160353,0.46455023331867373,0.5939765201293811,OOF_dev
AP0243,2026-07-11 05:30:00,4,0.6933958992822066,0.7071586941524917,0.606077519160171,OOF_dev
AP0243,2026-07-11 06:17:00,5,0.7626034522580134,0.5421062576202066,0.587504243136548,OOF_dev
AP0243,2026-07-11 07:09:00,6,0.7641829931100097,0.5155204216508322,0.8250453681667761,OOF_dev
AP0244,2026-07-11 11:48:00,1,0.8371325030718074,0.48831948820556986,0.5799954026496852,OOF_dev
AP0244,2026-07-11 12:20:00,2,0.6173154638291831,0.7476069585820015,0.475548124050268,OOF_dev
AP0244,2026-07-11 12:57:00,3,0.7049892065933637,0.31155511266183283,0.4486855634574817,OOF_dev
AP0244,2026-07-11 13:39:00,4,0.6566045081104155,0.3083936907843373,0.47215595020677925,OOF_dev
AP0244,2026-07-11 14:26:00,5,0.6177287777572684,0.44412802982449656,0.5696952008989772,OOF_dev
AP0244,2026-07-11 15:18:00,6,0.6666853770234784,0.7961620041744494,0.6759152351312517,OOF_dev
AP0245,2026-07-11 19:42:00,1,0.7852242829804377,0.511775487632856,0.681061634825735,OOF_dev
AP0245,2026-07-11 20:14:00,2,0.6147253974436568,0.3949843098788797,0.5332025886157128,OOF_dev
AP0245,2026-07-11 20:51:00,3,0.5809274937623208,0.3016978089641312,0.504675243564377,OOF_dev
AP0245,2026-07-11 21:33:00,4,0.5601717040743868,0.6818567277708538,0.58644563920202,OOF_dev
AP0245,2026-07-11 22:20:00,5,0.709754344336905,0.6565759629688988,0.5336840452922093,OOF_dev
AP0245,2026-07-11 23:12:00,6,0.7688530337621796,1.0958991606656305,0.9028180279489916,OOF_dev
AP0246,2026-07-12 03:34:00,1,0.7290676981882438,0.7398337354334696,0.5755761495987383,OOF_dev
AP0246,2026-07-12 04:06:00,2,0.6786149626534672,0.6097092423235686,0.5577973115911963,OOF_dev
AP0246,2026-07-12 04:43:00,3,0.6814659639918184,0.2363551468200324,0.5398576281528225,OOF_dev
AP0246,2026-07-12 05:25:00,4,0.5842656017232954,0.5532577734366579,0.589818393591801,OOF_dev
AP0246,2026-07-12 06:12:00,5,0.6756902475212772,0.41983431821828854,0.5504078263262161,OOF_dev
AP0246,2026-07-12 07:04:00,6,0.6901108084940737,0.32343302472406965,0.7264712501986837,OOF_dev
AP0247,2026-07-12 11:59:00,2,0.6103715678427977,0.6018574235467081,0.49786454018600157,OOF_dev
AP0247,2026-07-12 12:36:00,3,0.6573199561394261,0.46891550823256595,0.4967963422752219,OOF_dev
AP0247,2026-07-12 13:18:00,4,0.6601570795400842,0.4507238862001943,0.5172677725850479,OOF_dev
AP0248,2026-07-12 19:00:00,1,0.7866610488695613,0.5958801233087225,0.76932295381391,OOF_dev
AP0248,2026-07-12 19:32:00,2,0.6354034893893966,0.5047403213223891,0.5080261130638839,OOF_dev
AP0248,2026-07-12 20:09:00,3,0.6309998968325556,0.9291181294644169,0.5190223369821417,OOF_dev
AP0248,2026-07-12 20:51:00,4,0.7763235492983214,0.43574078797479165,0.5941702463469358,OOF_dev
AP0248,2026-07-12 21:38:00,5,0.729498646174009,0.5007831118164751,0.5545646629299497,OOF_dev
AP0248,2026-07-12 22:30:00,6,0.7371792099891594,1.0721034798694888,0.6133772189824734,OOF_dev
AP0249,2026-07-13 02:54:00,1,0.880208628904022,0.5623555513036578,0.7403708394474722,OOF_dev
AP0249,2026-07-13 03:26:00,2,0.6574189981203082,0.5308732009305105,0.6090949852660845,OOF_dev
AP0249,2026-07-13 04:03:00,3,0.6488429333498795,0.648886396069955,0.5401413247983974,OOF_dev
AP0249,2026-07-13 04:45:00,4,0.7128362968583404,0.4327679560717823,0.5791091298041894,OOF_dev
AP0249,2026-07-13 05:32:00,5,0.6963377615156677,0.3757670301286239,0.5708453201211923,OOF_dev
AP0249,2026-07-13 06:24:00,6,0.6877106835047053,0.5768574206542101,0.7135264737825582,OOF_dev
AP0250,2026-07-13 10:28:00,1,0.8912550812575659,0.6236679804444999,0.7257637366128059,OOF_dev
AP0250,2026-07-13 11:00:00,2,0.6811679911456812,0.36502462368250954,0.5736176586634283,OOF_dev
AP0250,2026-07-13 11:37:00,3,0.5957019232477319,0.4769245915651835,0.49232610900785834,OOF_dev
AP0250,2026-07-13 12:19:00,4,0.6362315948243101,0.4556485707635364,0.5088659974314944,OOF_dev
AP0250,2026-07-13 13:06:00,5,0.6673873361536291,0.42928579592723975,0.605041307975202,OOF_dev
AP0250,2026-07-13 13:58:00,6,0.7067799646101421,0.6872004338081282,0.7288618775036363,OOF_dev
AP0251,2026-07-13 18:13:00,1,0.7983916433686316,0.8226653802121079,0.6500381317841749,OOF_dev
AP0251,2026-07-13 18:45:00,2,0.7195004528348083,0.41398259011433075,0.5530273819686805,OOF_dev
AP0251,2026-07-13 19:22:00,3,0.6313238756714388,0.5955370666323535,0.4764390285832214,OOF_dev
AP0251,2026-07-13 20:04:00,4,0.6918964056587176,0.5636686180764917,0.4943587228316531,OOF_dev
AP0251,2026-07-13 20:51:00,5,0.7241551869458718,0.4963412130917684,0.4897999484504805,OOF_dev
AP0251,2026-07-13 21:43:00,6,0.7363058631900682,1.5215852939948933,0.6291372279457279,OOF_dev
AP0252,2026-07-14 02:10:00,1,0.8689097713412529,0.953240058554622,0.6684122500584263,OOF_dev
AP0252,2026-07-14 02:42:00,2,0.7647649817490378,0.6158861256747269,0.5358650197587893,OOF_dev
AP0252,2026-07-14 03:19:00,3,0.7121394817330553,0.5645901452431076,0.5119292870061946,OOF_dev
AP0252,2026-07-14 04:01:00,4,0.7123650570387188,0.7474841800891421,0.527165805604243,OOF_dev
AP0252,2026-07-14 04:48:00,5,0.7797805797556239,0.9009731848952311,0.5577744092753647,OOF_dev
AP0252,2026-07-14 05:40:00,6,0.8447135315462376,0.18119915553099153,0.8630693492054647,OOF_dev
AP0253,2026-07-14 09:45:00,1,0.7660833025158316,0.4847576594576594,0.6302902159824539,OOF_dev
AP0253,2026-07-14 10:17:00,2,0.5991253854824806,0.5854885872349228,0.49759088699304443,OOF_dev
AP0253,2026-07-14 10:54:00,3,0.648534914416222,0.4037064792126591,0.4777492423828682,OOF_dev
AP0253,2026-07-14 11:36:00,4,0.6352752629106635,0.3800762532019765,0.475193569282546,OOF_dev
AP0253,2026-07-14 12:23:00,5,0.6402053711191276,0.29144167198964255,0.4644338717965656,OOF_dev
AP0253,2026-07-14 13:15:00,6,0.6281739756027926,1.2848945860335481,0.7003235227934124,OOF_dev
AP0254,2026-07-14 17:53:00,1,0.7498237413201685,0.5523545855548654,0.560583468023292,OOF_dev
AP0254,2026-07-14 18:25:00,2,0.6148421038810536,0.4165496839932355,0.49517854504707165,OOF_dev
AP0254,2026-07-14 19:02:00,3,0.587548942728104,0.4549144764948813,0.4909127126871638,OOF_dev
AP0254,2026-07-14 19:44:00,4,0.6259132445228934,0.574702046795179,0.5274641025942645,OOF_dev
AP0254,2026-07-14 20:31:00,5,0.7013064913124499,0.6173846230408709,0.6217985260645451,OOF_dev
AP0254,2026-07-14 21:23:00,6,0.7672451545017431,0.4195080018913192,0.8405700156344843,OOF_dev
AP0255,2026-07-15 02:08:00,1,0.7093843523132203,0.6134662582403567,0.5171261906927351,OOF_dev
AP0255,2026-07-15 02:40:00,2,0.6315635449135859,0.5518717066230597,0.6059672122339229,OOF_dev
AP0255,2026-07-15 03:17:00,3,0.6533631216516703,0.7630499175672294,0.520376101033291,OOF_dev
AP0255,2026-07-15 03:59:00,4,0.7442923146832064,0.6220066481210025,0.5774681338922815,OOF_dev
AP0255,2026-07-15 04:46:00,5,0.7634076456652181,0.4265788536181315,0.5569325819482994,OOF_dev
AP0255,2026-07-15 05:38:00,6,0.7342090008747758,0.8293646963299373,0.8470020481736066,OOF_dev
AP0256,2026-07-15 09:50:00,1,0.6868105381739457,0.4785068845038361,0.5454868284467391,OOF_dev
AP0256,2026-07-15 10:22:00,2,0.5718394784823774,0.6483646408401992,0.4871657923026116,OOF_dev
AP0256,2026-07-15 10:59:00,3,0.6602266350998109,0.4962631305984056,0.5114118351726373,OOF_dev
AP0256,2026-07-15 11:41:00,4,0.6709937274468789,0.3168359213967193,0.510721731196688,OOF_dev
AP0256,2026-07-15 12:28:00,5,0.6373993482525296,0.3978029266967653,0.4797696712262722,OOF_dev
AP0256,2026-07-15 13:20:00,6,0.666751568227634,0.7508831364536127,0.6566570342061956,OOF_dev
AP0257,2026-07-15 17:17:00,1,0.5991623885993685,0.7203632049172056,0.7106578780344822,OOF_dev
AP0257,2026-07-15 17:49:00,2,0.5969540608890707,0.5415271889849267,0.49872375929421847,OOF_dev
AP0257,2026-07-15 18:26:00,3,0.6073691457132414,0.6255031562217476,0.5289829496488974,OOF_dev
AP0257,2026-07-15 19:08:00,4,0.6778245293179712,0.8466905947952655,0.46929225381730916,OOF_dev
AP0257,2026-07-15 19:55:00,5,0.7793790126831386,0.29191656300380386,0.5085319391781884,OOF_dev
AP0257,2026-07-15 20:47:00,6,0.7188910093682477,0.5539570510632087,0.8041306636823667,OOF_dev
AP0258,2026-07-16 01:31:00,1,0.7909697282917734,0.6412050508485343,0.6431549414411926,OOF_dev
AP0258,2026-07-16 02:03:00,2,0.6609648687988444,0.5714873614824183,0.5747011759052979,OOF_dev
AP0258,2026-07-16 02:40:00,3,0.6649449032341647,0.5498637652626424,0.5733356740752542,OOF_dev
AP0258,2026-07-16 03:22:00,4,0.6879875462334903,0.733151211926063,0.6151075435934774,OOF_dev
AP0258,2026-07-16 04:09:00,5,0.7681858766361536,0.5648190722584262,0.5669299940738376,OOF_dev
AP0258,2026-07-16 05:01:00,6,0.7701667796077368,0.5339909464888934,0.6578873168670892,OOF_dev
AP0259,2026-07-16 09:15:00,1,0.7388814549053208,0.6700822769371501,0.576931544956254,OOF_dev
AP0259,2026-07-16 09:47:00,2,0.6559598384094931,0.4343129791380357,0.5223493881563882,OOF_dev
AP0259,2026-07-16 10:24:00,3,0.6108321717483294,0.45193780757322743,0.5365223230191487,OOF_dev
AP0259,2026-07-16 11:06:00,4,0.6359184973497353,0.323973156596563,0.5202180039175541,OOF_dev
AP0259,2026-07-16 11:53:00,5,0.6213075767065028,0.3788208874340246,0.5365476411782644,OOF_dev
AP0259,2026-07-16 12:45:00,6,0.6512562282122378,0.5638092468361717,0.787768379344236,OOF_dev
AP0260,2026-07-16 17:26:00,1,0.6213483754194641,0.8542596612904073,0.5333883871098914,OOF_dev
AP0260,2026-07-16 17:58:00,2,0.696774450944792,0.6538310637759198,0.5198043146427204,OOF_dev
AP0260,2026-07-16 18:35:00,3,0.7053761673212917,0.32216816786094066,0.4730115526627452,OOF_dev
AP0260,2026-07-16 19:17:00,4,0.6314134684522992,0.571496414568403,0.5005728798327305,OOF_dev
AP0260,2026-07-16 20:04:00,5,0.7039084002254854,0.643849110782215,0.47643377891218736,OOF_dev
AP0260,2026-07-16 20:56:00,6,0.7744666581528868,1.2540503960689489,0.6394060157008129,OOF_dev
AP0261,2026-07-17 01:14:00,1,0.7233799704570711,0.6805055408602352,0.5510166088880314,OOF_dev
AP0261,2026-07-17 01:46:00,2,0.6566994921033438,0.49783479490839144,0.5384099259961244,OOF_dev
AP0261,2026-07-17 02:23:00,3,0.6353246781346904,0.628796974293028,0.45616437092170875,OOF_dev
AP0261,2026-07-17 03:05:00,4,0.7042834852621682,0.7652426842474793,0.5310427453841424,OOF_dev
AP0261,2026-07-17 03:52:00,5,0.7814002944926899,0.6388179954044254,0.5674690943531607,OOF_dev
AP0262,2026-07-17 09:26:00,1,0.7829672005141842,0.39623912898921726,0.5609485979166839,OOF_dev
AP0262,2026-07-17 09:58:00,2,0.5648168171178133,0.47247551899042245,0.535129153211786,OOF_dev
AP0262,2026-07-17 10:35:00,3,0.5893851508008038,0.5908837737305925,0.4736516373103472,OOF_dev
AP0262,2026-07-17 11:17:00,4,0.6713896297352253,1.0791969259894996,0.42599150882897635,OOF_dev
AP0263,2026-07-17 17:09:00,1,0.7409640649550541,0.41148481169071377,0.6526155567815741,OOF_dev
AP0263,2026-07-17 17:41:00,2,0.554697728814215,0.4667610050974093,0.5239034526406557,OOF_dev
AP0263,2026-07-17 19:47:00,5,0.6877901801986628,0.2622750756907015,0.5198938370191327,OOF_dev
AP0263,2026-07-17 20:39:00,6,0.6497590593689532,0.9671163507252334,0.7712338242789974,OOF_dev
AP0264,2026-07-18 01:45:00,1,0.730013010761299,0.8511378514762274,0.6104043674115179,OOF_dev
AP0264,2026-07-18 02:17:00,2,0.7128208233886875,0.6040820763526155,0.4698970222498012,OOF_dev
AP0264,2026-07-18 02:54:00,3,0.6917242250253834,0.2974590108219947,0.4362134259832287,OOF_dev
AP0264,2026-07-18 03:36:00,4,0.6274204473763878,0.24608272663209088,0.45877659533345494,OOF_dev
AP0264,2026-07-18 04:23:00,5,0.5876963834281712,0.34297019022078945,0.4296134892609774,OOF_dev
AP0264,2026-07-18 05:15:00,6,0.613318810689603,1.0689675375815486,0.7750053348824315,OOF_dev
AP0265,2026-07-18 10:09:00,1,0.5723194924095504,0.5721558083092996,0.5306290629566569,OOF_dev
AP0265,2026-07-18 10:41:00,2,0.5785813950732763,0.39712325999262155,0.4479868025173783,OOF_dev
AP0265,2026-07-18 11:18:00,3,0.5664608502438946,0.3276553535174471,0.4159717074470776,OOF_dev
AP0265,2026-07-18 12:00:00,4,0.5609155150691523,0.3628926241905395,0.4943517708056115,OOF_dev
AP0265,2026-07-18 12:47:00,5,0.5939769955513895,0.4079380075149542,0.4773096079778223,OOF_dev
AP0265,2026-07-18 13:39:00,6,0.6423469695017888,0.66354853995282,0.6920702118879702,OOF_dev
AP0266,2026-07-18 18:06:00,1,0.8294017181603301,0.6585871476517084,0.5830479202416183,OOF_dev
AP0266,2026-07-18 18:38:00,2,0.6807475555925504,0.5005310030433913,0.5037267523785323,OOF_dev
AP0266,2026-07-18 19:15:00,3,0.644308172774694,0.3851534089285519,0.5229785716310957,OOF_dev
AP0266,2026-07-18 19:57:00,4,0.6238866016637368,0.4369499958931153,0.5049441092345816,OOF_dev
AP0266,2026-07-18 20:44:00,5,0.6547083862259432,0.34835533419152753,0.44594593982438147,OOF_dev
AP0266,2026-07-18 21:36:00,6,0.6537002353070359,0.15361044487474895,0.9433504286806514,OOF_dev
AP0267,2026-07-19 02:24:00,1,0.7751734262885663,0.37828071729025425,0.5531609891102838,OOF_dev
AP0267,2026-07-19 02:56:00,2,0.5550091412698819,0.5748154291666991,0.5392279800493972,OOF_dev
AP0267,2026-07-19 03:33:00,3,0.6284976717796318,0.46190771522174934,0.48975900763542557,OOF_dev
AP0267,2026-07-19 04:15:00,4,0.6497464103370758,0.7288214542918421,0.5407600006476797,OOF_dev
AP0267,2026-07-19 05:02:00,5,0.7530800190011988,0.7573573800315718,0.5136166279802501,OOF_dev
AP0267,2026-07-19 05:54:00,6,0.8076602964773719,0.921468573849889,0.8355965962450745,OOF_dev
AP0268,2026-07-19 10:40:00,1,0.8097286698174575,0.7427714433013015,0.41181346729204643,OOF_dev
AP0268,2026-07-19 11:12:00,2,0.79780188595255,0.5764106738331443,0.382478545671451,OOF_dev
AP0268,2026-07-19 11:49:00,3,0.8316024415123906,0.4878983755134073,0.20680071674077188,OOF_dev
AP0268,2026-07-19 12:31:00,4,0.7641146713750796,0.013894671706176772,0.34607484871916744,OOF_dev
AP0268,2026-07-19 13:18:00,5,0.5795691270840714,0.46195444647343825,0.3875146472629318,OOF_dev
AP0268,2026-07-19 14:10:00,6,0.5851488610674997,1.013562967473756,0.7928553738169484,OOF_dev
AP0269,2026-07-19 20:29:00,1,0.8457101570249318,0.4076926609859533,0.5387527918860098,OOF_dev
AP0269,2026-07-19 21:01:00,2,0.5891162020423932,0.39020028816997304,0.48382786005758466,OOF_dev
AP0269,2026-07-19 21:38:00,3,0.5672862385006386,0.36916864265518856,0.41801503445246035,OOF_dev
AP0269,2026-07-19 22:20:00,4,0.581479620810984,0.3304776905048152,0.4111428190428468,OOF_dev
AP0269,2026-07-19 23:07:00,5,0.5960512139473361,0.35628980181796494,0.39120143984041456,OOF_dev
AP0269,2026-07-19 23:59:00,6,0.6248966663140167,0.3490236542631489,0.5594767377637724,OOF_dev
AP0270,2026-07-20 04:02:00,1,0.5673512058434721,0.7192679893935927,0.7117413313463493,OOF_dev
AP0270,2026-07-20 04:34:00,2,0.6169902597887793,0.31502906580269535,0.4858708444461359,OOF_dev
AP0270,2026-07-20 05:11:00,3,0.5318427195583757,0.4506974037310398,0.4081698182527859,OOF_dev
AP0270,2026-07-20 05:53:00,4,0.5924819207232148,0.42616303454877735,0.4301323072345017,OOF_dev
AP0270,2026-07-20 06:40:00,5,0.6312422981225698,0.2982285941499857,0.45201308935218587,OOF_dev
AP0270,2026-07-20 07:32:00,6,0.6201448757456656,0.9752141350476916,0.8713599890702581,OOF_dev
AP0271,2026-07-20 12:28:00,1,0.8776271230822608,0.4369420526580197,0.5412312264391792,OOF_dev
AP0271,2026-07-20 13:00:00,2,0.6120197585498264,0.2754629768636273,0.48181575852276687,OOF_dev
AP0271,2026-07-20 13:37:00,3,0.5258727414914157,0.35226225603480205,0.3337848580322966,OOF_dev
AP0271,2026-07-20 14:19:00,4,0.5540398814600686,0.27756336812778093,0.36047639858758884,OOF_dev
AP0271,2026-07-20 15:06:00,5,0.5553772802241237,0.4536822468555241,0.38766122231081995,OOF_dev
AP0271,2026-07-20 15:58:00,6,0.6402138283163744,0.7383010005608163,0.6323779817616716,OOF_dev
AP0272,2026-07-20 20:08:00,1,0.8993337876593842,0.2577121219482679,0.5242944962743701,OOF_dev
AP0272,2026-07-20 20:40:00,2,0.5434251650255506,0.9737369205423874,0.49090175569806505,OOF_dev
AP0272,2026-07-20 21:17:00,3,0.7523914094160948,-0.060981303553140756,0.37219863930766744,OOF_dev
AP0272,2026-07-20 21:59:00,4,0.6002034491168371,0.3496623136041163,0.5265208155340537,OOF_dev
AP0272,2026-07-20 22:46:00,5,0.5948078086678779,0.48947439698803996,0.4586686533326743,OOF_dev
AP0272,2026-07-20 23:38:00,6,0.6639086595175192,0.6023135259844441,0.7512914937928901,OOF_dev
AP0273,2026-07-21 04:10:00,1,0.680148168026267,0.33065611234656594,0.4962574627446016,OOF_dev
AP0273,2026-07-21 04:42:00,2,0.50231900303132,0.4711932346636385,0.44286020531760223,OOF_dev
AP0273,2026-07-21 05:19:00,3,0.5680607430126821,0.25770365035919335,0.47204224480045354,OOF_dev
AP0273,2026-07-21 06:01:00,4,0.5323422146461847,1.0256421725571931,0.498991100680193,OOF_dev
AP0273,2026-07-21 06:48:00,5,0.7841811328041869,0.5252348062429367,0.5852856661172262,OOF_dev
AP0273,2026-07-21 07:40:00,6,0.7822726127094419,0.42276493997191805,0.7841290071046949,OOF_dev
AP0274,2026-07-21 12:11:00,1,0.733313039454612,0.16122539692861693,0.5779561190274433,OOF_dev
AP0274,2026-07-21 12:43:00,2,0.43168687507788805,0.3876860631768539,0.3332774731615996,OOF_dev
AP0274,2026-07-21 13:20:00,3,0.5518624028717442,0.34050505516642227,0.4742734158186786,OOF_dev
AP0274,2026-07-21 14:02:00,4,0.5567765138230916,0.4360268558604041,0.5095402629081636,OOF_dev
AP0274,2026-07-21 14:49:00,5,0.6082680554273785,0.3738269033800138,0.47029239018488717,OOF_dev
AP0274,2026-07-21 15:41:00,6,0.6275731482872277,0.8046584790279313,0.9008405970627545,OOF_dev
AP0275,2026-07-21 20:32:00,1,0.6506294978579543,0.5482256729597497,0.4598639207146391,OOF_dev
AP0275,2026-07-21 21:04:00,2,0.5895592799197937,0.3992041313966922,0.5149166678976953,OOF_dev
AP0275,2026-07-21 21:41:00,3,0.5701028778436508,0.46686669740662323,0.4450521464662883,OOF_dev
AP0275,2026-07-21 22:23:00,4,0.6216627428258985,0.5797051465115577,0.4699647749957541,OOF_dev
AP0275,2026-07-21 23:10:00,5,0.7008052834693466,0.5158222740417281,0.45464657880337916,OOF_dev
AP0275,2026-07-22 00:02:00,6,0.728209629294269,0.826410833702256,0.6849329728887701,OOF_dev
AP0276,2026-07-22 03:45:00,1,0.8933113248973317,0.3774405362353154,0.49250335088560754,OOF_dev
AP0276,2026-07-22 04:17:00,2,0.5921028704849547,0.4996786513079019,0.45550836647421894,OOF_dev
AP0276,2026-07-22 04:54:00,3,0.6133222919700224,0.48512512134712715,0.43081663170197865,OOF_dev
AP0276,2026-07-22 05:36:00,4,0.6471690462289633,0.5634115351771926,0.4147711932325882,OOF_dev
AP0276,2026-07-22 06:23:00,5,0.7086028670044615,0.2393501647710983,0.4531715867250722,OOF_dev
AP0276,2026-07-22 07:15:00,6,0.6487144349542531,1.0318242025128386,0.6214167875979113,OOF_dev
AP0277,2026-07-22 11:35:00,1,0.8505477207199065,0.3923443567656985,0.5970509835110192,OOF_dev
AP0277,2026-07-22 12:07:00,2,0.5821875024482452,0.3308132049597839,0.49157498632592944,OOF_dev
AP0277,2026-07-22 12:44:00,3,0.5372059262836333,0.3775943674679908,0.4078311369812351,OOF_dev
AP0277,2026-07-22 13:26:00,4,0.5701907175545369,0.43528090953799053,0.40151698015243525,OOF_dev
AP0277,2026-07-22 14:13:00,5,0.6278040750157937,0.5276026151327431,0.3987061676141904,OOF_dev
AP0277,2026-07-22 15:05:00,6,0.6992138919809324,0.5576652875158354,0.7552774795736907,OOF_dev
AP0278,2026-07-22 19:32:00,1,0.7108446154740019,0.5549431163691836,0.5789591805224376,OOF_dev
AP0278,2026-07-22 20:04:00,2,0.6106235827118767,0.5243738952101928,0.49548948217934746,OOF_dev
AP0278,2026-07-22 20:41:00,3,0.629490486562978,0.39567684929796204,0.475849740012894,OOF_dev
AP0278,2026-07-22 21:23:00,4,0.6234956140452692,0.5822722153549907,0.4588396906149187,OOF_dev
AP0278,2026-07-22 22:10:00,5,0.7021443360371453,0.6586312051618317,0.4799634473188707,OOF_dev
AP0278,2026-07-22 23:02:00,6,0.7649886660181056,0.6728721986935687,0.622201218281849,OOF_dev
AP0279,2026-07-23 03:55:00,1,0.8708934191127037,0.45792121434266014,0.5380795270623133,OOF_dev
AP0279,2026-07-23 04:27:00,2,0.6155597684465599,1.2581928028605582,0.5183235502402828,OOF_dev
AP0279,2026-07-23 05:04:00,3,0.8227731952872605,0.09351775766770166,0.534069131498974,OOF_dev
AP0279,2026-07-23 05:46:00,4,0.6095110327046477,0.5726476234840583,0.5367920130270272,OOF_dev
AP0279,2026-07-23 06:33:00,5,0.6996200963242034,0.2924598570332838,0.5352053194850306,OOF_dev
AP0279,2026-07-23 07:25:00,6,0.6702103259538414,0.9590466627541105,0.8382728721033724,OOF_dev
AP0280,2026-07-23 12:01:00,1,0.6186776002033403,0.5425762067923015,0.5633941523951825,OOF_dev
AP0280,2026-07-23 12:33:00,2,0.582597899001983,0.4412458815761167,0.49740383548452494,OOF_dev
AP0280,2026-07-23 13:10:00,3,0.5877204827806983,0.5296315807360524,0.4593305776450276,OOF_dev
AP0280,2026-07-23 13:52:00,4,0.6512100732132113,0.4209583164932744,0.4739463818169746,OOF_dev
AP0280,2026-07-23 14:39:00,5,0.6643410872479913,0.0026672099943569473,0.43610229366272035,OOF_dev
AP0280,2026-07-23 15:31:00,6,0.548879046882609,1.2161898294728761,0.8504465970590012,OOF_dev
AP0281,2026-07-23 19:53:00,1,0.687152007542039,0.6157470835805767,0.5360851925414498,OOF_dev
AP0281,2026-07-23 20:25:00,2,0.6282028654137471,0.4308221261619799,0.5210254484484907,OOF_dev
AP0281,2026-07-23 21:02:00,3,0.6002789386951153,0.35549907054007496,0.5005705891976007,OOF_dev
AP0281,2026-07-23 21:44:00,4,0.5914171614994512,0.43941669135706446,0.4492318254198528,OOF_dev
AP0281,2026-07-23 22:31:00,5,0.6422612232776133,0.5044940778691716,0.5248119834470633,OOF_dev
AP0281,2026-07-23 23:23:00,6,0.6975151194812845,0.7587628288023407,0.6031108134437804,OOF_dev
AP0282,2026-07-24 03:12:00,1,0.7458620495668136,0.7784638145695435,0.5926544984577773,OOF_dev
AP0282,2026-07-24 03:44:00,2,0.6939445416930653,0.48667602871602905,0.57362119777683,OOF_dev
AP0282,2026-07-24 04:21:00,3,0.645384411992495,0.3202521100013324,0.5064685392524363,OOF_dev
AP0282,2026-07-24 05:03:00,4,0.5988845030476146,0.5981436232603894,0.5115558298585495,OOF_dev
AP0282,2026-07-24 05:50:00,5,0.6979979856420307,0.6984637093524877,0.5156234064659512,OOF_dev
AP0282,2026-07-24 06:42:00,6,0.7745693511233036,0.687752505551796,0.8800213343300776,OOF_dev
AP0283,2026-07-24 11:01:00,1,0.7749701968873974,0.5069371443446531,0.6247376623111802,OOF_dev
AP0283,2026-07-24 11:33:00,2,0.6116307542725574,0.5491698482151457,0.5300844668424384,OOF_dev
AP0283,2026-07-24 12:10:00,3,0.6407820552032685,0.377191863231874,0.5306206545471787,OOF_dev
AP0283,2026-07-24 12:52:00,4,0.6198066324423499,0.8105222538362421,0.49686908689399323,OOF_dev
AP0283,2026-07-24 13:39:00,5,0.7689812507500535,0.43421279978303373,0.5732122490143899,OOF_dev
AP0283,2026-07-24 14:31:00,6,0.7385123009028769,0.5403524395028754,0.5776817920275434,OOF_dev
AP0284,2026-07-24 18:40:00,1,0.666840571870906,0.6928026171421272,0.564883753684637,OOF_dev
AP0284,2026-07-24 19:12:00,2,0.6464258037449107,0.5005258728933442,0.504931664993007,OOF_dev
AP0284,2026-07-24 19:49:00,3,0.6328226147998669,0.5507072144275035,0.4701549800631772,OOF_dev
AP0284,2026-07-24 20:31:00,4,0.6766611731624438,0.6804738848673433,0.46971496635048027,OOF_dev
AP0284,2026-07-24 21:18:00,5,0.7489556087352601,0.4549123388296519,0.562873991181862,OOF_dev
AP0284,2026-07-24 22:10:00,6,0.7524291963739794,0.325901275020281,0.8050631454637263,OOF_dev
AP0285,2026-07-25 02:09:00,1,0.7991314698191927,1.3235018396929483,0.5338520037302028,OOF_dev
AP0285,2026-07-25 02:41:00,2,0.829157399918987,0.205133959525055,0.4386829577426512,OOF_dev
AP0285,2026-07-25 03:18:00,3,0.596893485772765,0.37841391030393884,0.5052042589148982,OOF_dev
AP0285,2026-07-25 04:00:00,4,0.6037578892589206,0.355327079106356,0.4606715770940904,OOF_dev
AP0285,2026-07-25 04:47:00,5,0.6133869318252594,0.22874241507722462,0.46396008472867556,OOF_dev
AP0285,2026-07-25 05:39:00,6,0.5872723003393079,0.652942497069479,0.7970821483762482,OOF_dev
AP0286,2026-07-25 09:52:00,1,0.7663872723682349,0.584457847566119,0.6212354293887212,OOF_dev
AP0286,2026-07-25 10:24:00,2,0.6320663192018741,0.4588259041424541,0.4920045804944722,OOF_dev
AP0286,2026-07-25 11:01:00,3,0.6109207924801459,0.5121530587802232,0.47479976759265785,OOF_dev
AP0286,2026-07-25 11:43:00,4,0.6538795961503188,0.595380915203666,0.5008936171309334,OOF_dev
AP0286,2026-07-25 12:30:00,5,0.7205773692052977,0.4701917371953249,0.5406490672121255,OOF_dev
AP0286,2026-07-25 13:22:00,6,0.7278152945191005,1.1334582667970734,0.9124573004838009,OOF_dev
AP0287,2026-07-25 17:38:00,1,0.765004376840356,0.5293210989876342,0.5688122689825118,OOF_dev
AP0287,2026-07-25 18:10:00,2,0.6103396929511222,0.4857171746068702,0.5143247313554915,OOF_dev
AP0287,2026-07-25 18:47:00,3,0.6129694616384249,0.48947246762324087,0.49639844690183826,OOF_dev
AP0287,2026-07-25 19:29:00,4,0.6470610159248698,0.3633858193769131,0.4904664967233635,OOF_dev
AP0287,2026-07-25 20:16:00,5,0.6394734982372716,0.9201486193804344,0.43016323810472523,OOF_dev
AP0287,2026-07-25 21:08:00,6,0.8010623875736783,1.1385309784914173,0.8878871135175388,OOF_dev
AP0288,2026-07-26 01:07:00,1,0.8525928829366167,0.6226177669125382,0.6062073757202479,OOF_dev
AP0288,2026-07-26 01:39:00,2,0.6727515583826071,0.34108245073608506,0.49915055015014176,OOF_dev
AP0288,2026-07-26 02:16:00,3,0.5755463375766874,0.4622501403294086,0.452518596619505,OOF_dev
AP0288,2026-07-26 02:58:00,4,0.6206809098551387,0.46596348305865365,0.4245986876246133,OOF_dev
AP0288,2026-07-26 03:45:00,5,0.6610615131079739,0.47956886481265204,0.46544135243762574,OOF_dev
AP0288,2026-07-26 04:37:00,6,0.7023315049408971,0.5041844680217897,0.8711512650065086,OOF_dev
AP0289,2026-07-26 09:05:00,1,0.8039115787695383,0.8994350617824205,0.6313391179852684,OOF_dev
AP0289,2026-07-26 09:37:00,2,0.7399624590009386,0.5331705045068261,0.5668137670763099,OOF_dev
AP0289,2026-07-26 10:14:00,3,0.6788520285975895,0.5432717430895806,0.5375219914606408,OOF_dev
AP0289,2026-07-26 10:56:00,4,0.6927240881644814,0.8418072421312873,0.5545473507627802,OOF_dev
AP0289,2026-07-26 11:43:00,5,0.794288359414328,0.8810521317646596,0.5515851599100273,OOF_dev
AP0289,2026-07-26 12:35:00,6,0.8440266124603055,0.7963970791304588,0.7429219215999103,OOF_dev
AP0290,2026-07-26 16:41:00,1,0.5982078107132254,0.5537801244089778,0.547996681555692,OOF_dev
AP0290,2026-07-26 17:13:00,2,0.5778794290525929,0.546067262811385,0.5008313896219051,OOF_dev
AP0290,2026-07-26 17:50:00,3,0.6263273479837763,0.4301821974250304,0.5044628641177361,OOF_dev
AP0290,2026-07-26 18:32:00,4,0.6319103663652635,0.5310742494203087,0.48497289410115646,OOF_dev
AP0290,2026-07-26 19:19:00,5,0.6887894242055677,0.7086160356463455,0.4914580313431832,OOF_dev
AP0290,2026-07-26 20:11:00,6,0.77142524147802,0.5324279912975707,0.6291232018497902,OOF_dev
AP0291,2026-07-26 23:53:00,1,0.6783325794256674,0.5170480891954442,0.578950413618084,OOF_dev
AP0291,2026-07-27 00:24:00,2,0.5865041793358483,0.42872135138678835,0.44669067961511094,OOF_dev
AP0291,2026-07-27 01:00:00,3,0.5822078791006364,0.33932677254299837,0.44684722712876174,OOF_dev
AP0291,2026-07-27 01:41:00,4,0.5751229985767632,0.4358593385140175,0.45603247035057826,OOF_dev
AP0291,2026-07-27 02:27:00,5,0.6312254317225885,0.49198571373204936,0.5416351522824576,OOF_dev
AP0291,2026-07-27 03:18:00,6,0.695869292280219,0.5308795960436767,0.5468133128204444,OOF_dev
AP0292,2026-07-27 07:30:00,1,0.793300577177984,0.9183059464447388,0.6559495994954485,OOF_dev
AP0292,2026-07-27 08:01:00,2,0.7430235633009468,0.473505588273124,0.566985324531291,OOF_dev
AP0292,2026-07-27 08:37:00,3,0.6594812893971379,0.5277650745029389,0.5109990257043434,OOF_dev
AP0292,2026-07-27 09:18:00,4,0.679476965295269,0.37635384716633097,0.5086362590348126,OOF_dev
AP0292,2026-07-27 10:04:00,5,0.6603810628358875,0.38302156499429857,0.5856603634437964,OOF_dev
AP0292,2026-07-27 10:55:00,6,0.6858679730217508,0.8252239022600888,0.8380371780539403,OOF_dev
AP0293,2026-07-27 14:59:00,1,0.6935898668035166,0.5891542210368463,0.6065003049640934,OOF_dev
AP0293,2026-07-27 15:30:00,2,0.6292672884313726,0.5559380225318364,0.46255572202915185,OOF_dev
AP0293,2026-07-27 16:06:00,3,0.6399635844668043,0.4526015608744418,0.47577565114853054,OOF_dev
AP0293,2026-07-27 16:47:00,4,0.6400839713209714,0.6057929826080698,0.44655100919474555,OOF_dev
AP0293,2026-07-27 17:33:00,5,0.7110806959527894,0.3168305590213957,0.513965102592626,OOF_dev
AP0293,2026-07-27 18:24:00,6,0.6751102556131883,0.5503386420871573,0.5547622077211248,OOF_dev
AP0294,2026-07-27 22:12:00,1,0.6427906088021202,0.481789867257479,0.5704493134592659,OOF_dev
AP0294,2026-07-27 22:43:00,2,0.5614968784270951,0.5666050987211604,0.4890471797622673,OOF_dev
AP0294,2026-07-27 23:19:00,3,0.6284920049864937,0.2978697430666177,0.5320048812152838,OOF_dev
AP0294,2026-07-28 00:00:00,4,0.5852139547340971,0.3800477386766548,0.4717190448492998,OOF_dev
AP0294,2026-07-28 00:46:00,5,0.6155666934332646,0.3182792593365982,0.4627518545736894,OOF_dev
AP0294,2026-07-28 01:37:00,6,0.6223032685715346,0.6670941775153488,0.4590520162803583,OOF_dev
AP0295,2026-07-28 05:31:00,1,0.8365448804038177,0.42339534599081796,0.6493355511820166,OOF_dev
AP0295,2026-07-28 06:02:00,2,0.5931202264820408,0.44485950751958103,0.5192272797630242,OOF_dev
AP0295,2026-07-28 06:38:00,3,0.5915642660678301,0.4776994159411281,0.47395096121491476,OOF_dev
AP0295,2026-07-28 07:19:00,4,0.6344788579292994,0.44112259032455764,0.44533056162598733,OOF_dev
AP0295,2026-07-28 08:05:00,5,0.6601225709681504,0.4629249209725466,0.4647475760327029,OOF_dev
AP0295,2026-07-28 08:56:00,6,0.6944858976288031,0.7510843780329632,0.5162515100491322,OOF_dev
AP0296,2026-07-28 13:01:00,1,0.84111402111841,0.7146605791061651,0.6482370501824007,OOF_dev
AP0296,2026-07-28 13:32:00,2,0.6957233427429506,0.6164378646893562,0.5026041849372279,OOF_dev
AP0296,2026-07-28 14:08:00,3,0.6891546103124103,0.5691377825564532,0.47792866871038336,OOF_dev
AP0296,2026-07-28 14:49:00,4,0.7057804504986511,0.5012155076797892,0.5566149555493517,OOF_dev
AP0296,2026-07-28 15:35:00,5,0.716031586992135,0.4771218790764118,0.49381168083154836,OOF_dev
AP0296,2026-07-28 16:26:00,6,0.7250730321192811,1.0189388545020441,0.8365412751896966,OOF_dev
AP0297,2026-07-28 20:28:00,1,0.9188113136305374,0.35562366202535717,0.6734391550140248,OOF_dev
AP0297,2026-07-28 20:59:00,2,0.5909582491066501,0.32809477252172664,0.49815325657674603,OOF_dev
AP0297,2026-07-28 21:35:00,3,0.5398636992762762,0.30295615681744853,0.41190715834595737,OOF_dev
AP0297,2026-07-28 22:16:00,4,0.5384062363442041,0.26513554246378457,0.3713862583741741,OOF_dev
AP0297,2026-07-28 23:02:00,5,0.5446279439306232,0.28960190221535637,0.35854840659338877,OOF_dev
AP0297,2026-07-28 23:53:00,6,0.5701931683763237,1.4095777870000163,0.9936299778591422,OOF_dev
AP0298,2026-07-29 04:23:00,1,0.8364100533132567,0.4193504633508901,0.6259641622242087,OOF_dev
AP0298,2026-07-29 04:54:00,2,0.5907868282798682,0.5187466362168941,0.438976862442683,OOF_dev
AP0298,2026-07-29 05:30:00,3,0.6195398622715083,0.5723987336780546,0.431938769159481,OOF_dev
AP0298,2026-07-29 06:11:00,4,0.6807616277777424,0.6169765249357025,0.4282966016568435,OOF_dev
AP0298,2026-07-29 06:57:00,5,0.7331209155984537,0.5317447111758885,0.5172898532139734,OOF_dev
AP0298,2026-07-29 07:48:00,6,0.7477484316862526,0.5982492609039584,0.6526240406761712,OOF_dev
AP0299,2026-07-29 11:54:00,1,0.7569947634552385,0.5224655838649913,0.6314799386138654,OOF_dev
AP0299,2026-07-29 12:29:00,2,0.6062644148166498,0.5323261653207108,0.49575183718084237,OOF_dev
AP0299,2026-07-29 13:09:00,3,0.6306474058237664,0.44176507372782103,0.4877829319682007,OOF_dev
AP0299,2026-07-29 13:54:00,4,0.6393817323770108,0.2383539748779405,0.4832220724652226,OOF_dev
AP0299,2026-07-29 14:44:00,5,0.5886067727599855,0.45904412291431385,0.5290050901711764,OOF_dev
AP0299,2026-07-29 15:39:00,6,0.6593814991414989,0.5493510555412807,0.8430821711200516,OOF_dev
AP0300,2026-07-29 19:28:00,1,0.9023685639977931,0.43598823158400113,0.6080009355683365,lockbox
AP0300,2026-07-29 20:03:00,2,0.5950006752520258,0.39908153760170423,0.4521908603281926,lockbox
AP0300,2026-07-29 20:43:00,3,0.5686829414909885,0.4247115312330586,0.41064748446523575,lockbox
AP0300,2026-07-29 21:28:00,4,0.6027716794398459,0.45530579254767206,0.4056425254962057,lockbox
AP0300,2026-07-29 22:18:00,5,0.6516598153109021,0.25339955633218064,0.4393701223337576,lockbox
AP0300,2026-07-29 23:13:00,6,0.6189377104434768,0.34403339698360813,0.8074802985969316,lockbox
AP0301,2026-07-30 02:56:00,1,0.9062443500922295,0.6492160842763902,0.6052626548199348,lockbox
AP0301,2026-07-30 03:31:00,2,0.6932023398377636,0.477637652981122,0.4931943620362591,lockbox
AP0301,2026-07-30 04:11:00,3,0.6447493719466393,0.4024778214154724,0.44732722740679964,lockbox
AP0301,2026-07-30 04:56:00,4,0.6325110396844271,0.3576882421047826,0.42954088806766993,lockbox
AP0301,2026-07-30 05:46:00,5,0.6321203918308071,0.842995696827451,0.5462374821653327,lockbox
AP0301,2026-07-30 06:41:00,6,0.7926327970572389,0.6078663346299439,0.7880273786167973,lockbox
AP0302,2026-07-30 11:18:00,1,0.735158315277203,0.5471919757603058,0.7249329940775997,lockbox
AP0302,2026-07-30 11:51:00,2,0.6116835735309192,0.47851827252005974,0.4914960026773779,lockbox
AP0302,2026-07-30 12:29:00,3,0.6118551777814176,0.398427924539718,0.44045661193421287,lockbox
AP0302,2026-07-30 13:12:00,4,0.6140546249888105,0.118269678891517,0.45822029305932727,lockbox
AP0302,2026-07-30 14:00:00,5,0.5437826254342624,0.37872896791992056,0.3809298098893292,lockbox
AP0302,2026-07-30 14:53:00,6,0.6029263511399185,0.921214363721862,1.0150812730327985,lockbox
AP0303,2026-07-30 19:08:00,1,0.7419490621363012,0.2717001167748069,0.5268630604088292,lockbox
AP0303,2026-07-30 19:39:00,2,0.5070199428171442,0.42742579653420637,0.33584948313021423,lockbox
AP0303,2026-07-30 20:15:00,3,0.5459923582654305,0.3008284667168144,0.38846053922043783,lockbox
AP0303,2026-07-30 20:56:00,4,0.5372830965983205,0.3166420812597224,0.39897658830452387,lockbox
AP0303,2026-07-30 21:42:00,5,0.5657947541235187,0.33913831638599745,0.43675482485895145,lockbox
AP0303,2026-07-30 22:33:00,6,0.6005387126364212,0.5954634667411999,0.5614881655411214,lockbox
AP0304,2026-07-31 02:26:00,1,0.8546125595860666,0.6007468179857084,0.4769149358897612,lockbox
AP0304,2026-07-31 02:57:00,2,0.6658146553640651,0.2824048647577843,0.4549090275353539,lockbox
AP0304,2026-07-31 03:33:00,3,0.5540783529049057,0.38125010199640863,0.4512973579397299,lockbox
AP0304,2026-07-31 04:14:00,4,0.5797805417912426,0.5213484643385582,0.42174041923101296,lockbox
AP0304,2026-07-31 05:00:00,5,0.6679543000254176,0.5828104437798551,0.4372475042774994,lockbox
AP0304,2026-07-31 05:51:00,6,0.7338103481744965,0.4758846670515945,0.6794021324902684,lockbox
AP0305,2026-07-31 10:59:00,1,0.6918872057869252,0.43251936677280933,0.5426594781959049,lockbox
AP0305,2026-07-31 11:30:00,2,0.5519303021393993,0.4023714762284801,0.46700308923631706,lockbox
AP0305,2026-07-31 12:06:00,3,0.5561853299948631,0.34331566499174,0.4306515371508491,lockbox
AP0305,2026-07-31 12:47:00,4,0.5652606568483898,0.30638264184329345,0.41374131971074896,lockbox
AP0305,2026-07-31 13:33:00,5,0.5749598450920552,0.2654854291632622,0.4193018561840909,lockbox
AP0305,2026-07-31 14:24:00,6,0.5796808786800913,0.38229887193210277,0.48852826792408516,lockbox
AP0306,2026-07-31 18:13:00,1,0.7137994903944413,0.543320929692579,0.6030575898617336,lockbox
AP0306,2026-07-31 18:44:00,2,0.6032424755228928,0.4497153487969292,0.40998712290821265,lockbox
AP0306,2026-07-31 19:20:00,3,0.5966442227637323,0.3830750682972248,0.42575131129617083,lockbox
AP0306,2026-07-31 20:01:00,4,0.5989347984367288,0.35885038824344584,0.3844048305793437,lockbox
AP0306,2026-07-31 20:47:00,5,0.6145754494885769,0.3139255318085751,0.40567312845923675,lockbox
AP0306,2026-07-31 21:38:00,6,0.6170128338766205,0.5985327611033568,1.0412184750783422,lockbox
AP0307,2026-08-01 02:01:00,1,0.6774073752144858,0.6954262387443778,0.63518764843089,lockbox
AP0307,2026-08-01 02:32:00,2,0.6533426711026667,0.57909657178478,0.5480126407698114,lockbox
AP0307,2026-08-01 03:08:00,3,0.6631660230665901,0.46426982746545215,0.5609939166362867,lockbox
AP0307,2026-08-01 03:49:00,4,0.6607969474974367,0.4238073210703714,0.5674151950067968,lockbox
AP0307,2026-08-01 04:35:00,5,0.6709341483439777,0.5018391169244091,0.5834255923883727,lockbox
AP0307,2026-08-01 05:26:00,6,0.7138255717966968,1.0685655344049747,0.8786983591704999,lockbox
AP0308,2026-08-01 09:54:00,1,0.7115445395187483,0.5908176562158692,0.619003196436869,lockbox
AP0308,2026-08-01 10:25:00,2,0.623912381160749,0.5628757470578208,0.5287478387609923,lockbox
AP0308,2026-08-01 11:01:00,3,0.6469873694149799,0.4875127594220738,0.5053937318047581,lockbox
AP0308,2026-08-01 11:42:00,4,0.6619341423430894,0.45098036662652274,0.4914108882911536,lockbox
AP0308,2026-08-01 12:28:00,5,0.6771572453667445,0.5199521466019545,0.5277088534178902,lockbox
AP0308,2026-08-01 13:19:00,6,0.7210308136490489,0.833854152187346,0.5650291397583199,lockbox
AP0309,2026-08-01 17:17:00,1,0.7513011489178058,0.5732014319885201,0.6405344268771359,lockbox
AP0309,2026-08-01 17:48:00,2,0.626621608560398,0.4287294407398789,0.48323089203727576,lockbox
AP0309,2026-08-01 18:24:00,3,0.5989396267040954,0.4705140506860444,0.4453724446452686,lockbox
AP0309,2026-08-01 19:05:00,4,0.6358012437140562,0.41377244218478804,0.4624051200957773,lockbox
AP0309,2026-08-01 19:51:00,5,0.6553143577902436,0.4228178927374985,0.43796086974158127,lockbox
AP0309,2026-08-01 20:42:00,6,0.6793220530848912,0.5339045552196203,0.7263353724352065,lockbox
AP0310,2026-08-02 00:42:00,1,0.8043404744071607,0.6012259169503854,0.7412204475693303,lockbox
AP0310,2026-08-02 01:13:00,2,0.7246330210411651,0.5278364757700547,0.6841023820224122,lockbox
AP0310,2026-08-02 01:49:00,3,0.6377230361652808,0.5060739248613653,0.5810016444043171,lockbox
AP0310,2026-08-02 02:30:00,4,0.648178063709892,0.5090295267323744,0.5624554894536827,lockbox
AP0310,2026-08-02 03:16:00,5,0.6826057509580642,0.675406237948472,0.5313871163180863,lockbox
AP0310,2026-08-02 04:07:00,6,0.7566253991921231,0.7824289803072183,0.8794110479505145,lockbox
AP0311,2026-08-02 09:03:00,1,0.6769507427872503,0.6254046500979653,0.5876498027408519,lockbox
AP0311,2026-08-02 09:34:00,2,0.6258638041454972,0.5451247959680183,0.5805149768058978,lockbox
AP0311,2026-08-02 10:10:00,3,0.6426192911564147,0.31191352439126013,0.5394123319494025,lockbox
AP0311,2026-08-02 10:51:00,4,0.5933700476010634,0.6951100842794641,0.5269465895440277,lockbox
AP0311,2026-08-02 11:37:00,5,0.7212290842700793,0.40167756774816665,0.5904101972001081,lockbox
AP0311,2026-08-02 12:28:00,6,0.7129240420940011,0.18172677903181159,1.0504994530320912,lockbox
AP0312,2026-08-02 16:56:00,1,0.6627048976883706,0.8194678431643162,0.5936479184241307,lockbox
AP0312,2026-08-02 17:27:00,2,0.6917764557726005,0.5368661412055754,0.5821920091573581,lockbox
AP0312,2026-08-02 18:03:00,3,0.6646276004006215,0.39827804447731335,0.5441565500710829,lockbox
AP0312,2026-08-02 18:44:00,4,0.6368333784380227,0.4047091638519968,0.538206143735366,lockbox
AP0312,2026-08-02 19:30:00,5,0.6504185511436298,0.5594658425911431,0.48318943163073164,lockbox
AP0312,2026-08-02 20:21:00,6,0.7187354640084895,0.6656767105256118,0.655523288489908,lockbox
AP0313,2026-08-03 00:53:00,1,0.7876074128750647,0.8395690168786409,0.8490242365155451,lockbox
AP0313,2026-08-03 01:24:00,2,0.7098713962366447,0.5533536161201313,0.6256114321699554,lockbox
AP0313,2026-08-03 02:00:00,3,0.6681667042276678,0.40404313668795067,0.552638772269815,lockbox
AP0313,2026-08-03 02:41:00,4,0.6380351927241179,0.43276783533155416,0.5639044073891548,lockbox
AP0313,2026-08-03 03:27:00,5,0.657409954445286,0.4831812999274139,0.62450947685631,lockbox
AP0313,2026-08-03 04:18:00,6,0.7035635524328592,0.7117608021725083,0.9583337956425723,lockbox
AP0314,2026-08-03 08:56:00,1,0.6930069683398006,0.6636674630914324,0.654472607116229,lockbox
AP0314,2026-08-03 09:27:00,2,0.645608249272468,0.49241532330350046,0.6192772954609376,lockbox
AP0314,2026-08-03 10:03:00,3,0.633075964430009,0.5785819756151854,0.5634264201091851,lockbox
AP0314,2026-08-03 10:44:00,4,0.6848311481782459,0.5006665797949991,0.5263062752337581,lockbox
AP0314,2026-08-03 11:30:00,5,0.7007269994990138,0.48995591094373786,0.5538518649198498,lockbox
AP0314,2026-08-03 12:21:00,6,0.7233018933387817,0.12023810830729893,1.0030521852856082,lockbox
AP0315,2026-08-03 16:45:00,1,0.6813996580820953,0.6325588411130572,0.6676889369674882,lockbox
AP0315,2026-08-03 17:17:00,2,0.6303379701406484,0.42205060678626666,0.531617010355255,lockbox
AP0315,2026-08-03 17:54:00,3,0.5930227705157425,0.5360401039542282,0.5400492567744032,lockbox
AP0315,2026-08-03 18:36:00,4,0.6536258916387632,0.7138452803358489,0.5663510633661887,lockbox
AP0315,2026-08-03 19:23:00,5,0.750657098891048,0.6083576887903425,0.5935191505324124,lockbox
AP0315,2026-08-03 20:15:00,6,0.7710315016832543,0.4101459266247022,0.7045183881997793,lockbox
AP0316,2026-08-04 00:13:00,1,0.8079595867152968,0.6377520248080333,0.8230842950852955,lockbox
AP0316,2026-08-04 00:45:00,2,0.665880379472922,0.48289992076713123,0.5439924389181678,lockbox
AP0316,2026-08-04 01:22:00,3,0.6352865872583034,0.44620903611906887,0.5340064195699394,lockbox
AP0316,2026-08-04 02:04:00,4,0.6426309302904349,0.46970912291618266,0.4732471358098871,lockbox
AP0316,2026-08-04 02:51:00,5,0.6748257555691805,0.5050730424662081,0.5026240731045527,lockbox
AP0316,2026-08-04 03:43:00,6,0.7162710705096571,0.6126781013892247,0.568503087253023,lockbox
AP0317,2026-08-04 07:46:00,1,0.7737634913356461,0.3779193018772867,0.7492642425183449,lockbox
AP0317,2026-08-04 08:18:00,2,0.5547272125020959,0.46243999021595833,0.6132426724502201,lockbox
AP0317,2026-08-04 08:55:00,3,0.5838513815160356,0.31691615368678444,0.5467903170152836,lockbox
AP0317,2026-08-04 09:37:00,4,0.566194635581371,0.44906966386269925,0.5511207316176194,lockbox
AP0317,2026-08-04 10:24:00,5,0.6307525387089901,0.3301082066353486,0.528973522702926,lockbox
AP0317,2026-08-04 11:16:00,6,0.6350880116506432,0.5038632537324004,0.6048327153658679,lockbox
AP0318,2026-08-04 14:56:00,1,0.7987383168925553,0.47301640509113074,0.6305247233255226,lockbox
AP0318,2026-08-04 15:28:00,2,0.5981135859087818,0.44765605087383653,0.5911550949932378,lockbox
AP0318,2026-08-04 16:05:00,3,0.5934881969259022,0.40986195882117377,0.549147198791092,lockbox
AP0318,2026-08-04 16:47:00,4,0.619240960702825,0.3101661019436685,0.5766302633854191,lockbox
AP0318,2026-08-04 17:34:00,5,0.6168481194532902,0.4131801378754578,0.5238899286252813,lockbox
AP0318,2026-08-04 18:26:00,6,0.6633184813396755,0.42735547465802853,0.581212013045937,lockbox
AP0319,2026-08-04 22:22:00,1,0.5640999862374494,0.6725105128752726,0.5213887942500144,lockbox
AP0319,2026-08-04 22:54:00,2,0.6198979834734646,0.5090094329795869,0.6079080463383361,lockbox
AP0319,2026-08-04 23:31:00,3,0.6270386787334432,0.4391522453502009,0.5457283979666436,lockbox
AP0319,2026-08-05 00:13:00,4,0.6361336852263899,0.4174996236131577,0.5314692622042743,lockbox
AP0319,2026-08-05 01:00:00,5,0.6545029152490665,0.4061514532292522,0.5418875385511143,lockbox
AP0319,2026-08-05 01:52:00,6,0.676625928930209,0.4211007622273065,0.6234439487271606,lockbox
AP0320,2026-08-05 05:38:00,1,0.6117577210214337,0.47108614857230185,0.6110564176770672,lockbox
AP0320,2026-08-05 06:10:00,2,0.5489453462577405,0.5214023083005764,0.5821325547492476,lockbox
AP0320,2026-08-05 06:47:00,3,0.6059388483160388,0.4195210104627835,0.5570766280139284,lockbox
AP0320,2026-08-05 07:29:00,4,0.6192173035019211,0.23691162811992092,0.5367605338332526,lockbox
AP0320,2026-08-05 08:16:00,5,0.5751128621399733,0.3587512452087956,0.5055825503635994,lockbox
AP0320,2026-08-05 09:08:00,6,0.6150347924075841,0.3883784355844356,0.6670155069104503,lockbox
AP0321,2026-08-05 13:20:00,1,0.6457108852410802,0.5265212351621189,0.643851158570216,lockbox
AP0321,2026-08-05 13:52:00,2,0.5776663065385045,0.4121288618560059,0.5699416990945458,lockbox
AP0321,2026-08-05 14:29:00,3,0.5701939308111004,0.5820419012311135,0.5251302805927688,lockbox
AP0321,2026-08-05 15:11:00,4,0.6617491377471071,0.3878870500800206,0.5463341660350948,lockbox
AP0321,2026-08-05 15:58:00,5,0.6583412310961986,0.42452575195070946,0.5400342734745979,lockbox
AP0321,2026-08-05 16:50:00,6,0.6827689140514264,0.21352187543275075,0.7230055523467018,lockbox
AP0322,2026-08-05 20:55:00,1,0.7833571527548859,0.5341585076529584,0.8035920684058819,lockbox
AP0322,2026-08-05 21:27:00,2,0.6224572603992391,0.6452139905822036,0.5348584777834672,lockbox
AP0322,2026-08-05 22:04:00,3,0.6757213519989711,0.7097443667230976,0.5615436942731192,lockbox
AP0322,2026-08-05 22:46:00,4,0.7593002148285715,0.5434939956683575,0.5189469747129514,lockbox
AP0322,2026-08-05 23:33:00,5,0.7407760646563726,0.36151522268654807,0.5441352932445673,lockbox
AP0322,2026-08-06 00:25:00,6,0.7000688411385285,0.91350948183985,1.0896507182234143,lockbox
AP0323,2026-08-06 04:37:00,1,0.676082418644026,0.5887052112010165,0.6053955725517031,lockbox
AP0323,2026-08-06 05:09:00,2,0.6130776241612824,0.508052001403965,0.624367698593399,lockbox
AP0323,2026-08-06 05:46:00,3,0.6254151944364922,0.4864562593791661,0.5534720967763203,lockbox
AP0323,2026-08-06 06:28:00,4,0.6533968334680822,0.2319458044010361,0.5447235845363302,lockbox
AP0323,2026-08-06 07:15:00,5,0.5910495773544601,0.3154840998312046,0.5672197518908733,lockbox
AP0323,2026-08-06 08:07:00,6,0.6077195994797693,0.41512613703268797,0.788943767619131,lockbox
AP0324,2026-08-06 12:34:00,1,0.5939805299603724,0.42729976587259855,0.6643119858171755,lockbox
AP0324,2026-08-06 13:06:00,2,0.5210709790184314,0.4888113402982597,0.5509137883742538,lockbox
AP0324,2026-08-06 13:43:00,3,0.5815918251666483,0.33667525227728407,0.5922807993693288,lockbox
AP0324,2026-08-06 14:25:00,4,0.5862037276406042,0.5343759280628861,0.5436193214081092,lockbox
AP0324,2026-08-06 15:12:00,5,0.6665612190857637,0.2310176152719728,0.6291899858105584,lockbox
AP0324,2026-08-06 16:04:00,6,0.6253533728796119,0.4778114914098847,0.8529496623947836,lockbox
AP0325,2026-08-06 20:12:00,1,0.7665105854207475,0.4462417798292346,0.7564788644968161,lockbox
AP0325,2026-08-06 20:44:00,2,0.5837932632762233,0.3254721703684662,0.5667392942717685,lockbox
AP0325,2026-08-06 21:21:00,3,0.5357710805983954,0.7807815854557606,0.44073386032913514,lockbox
AP0325,2026-08-06 22:03:00,4,0.7125415105140631,0.18846083128191735,0.6442413749048895,lockbox
AP0325,2026-08-06 22:50:00,5,0.6504329545002059,0.6255069847374383,0.4771487081822365,lockbox
AP0325,2026-08-06 23:42:00,6,0.7312509242325056,0.8074341029329286,0.8921541697773209,lockbox
AP0326,2026-08-07 04:00:00,1,0.6209931506174051,0.5220271790630834,0.6226734506259549,lockbox
AP0326,2026-08-07 04:33:00,2,0.5752442457559981,0.5151004789485933,0.5060443473010484,lockbox
AP0326,2026-08-07 05:11:00,3,0.6141186932415206,0.3670955985444695,0.47842213769585096,lockbox
AP0326,2026-08-07 05:54:00,4,0.6037196333015955,0.28594018987489017,0.48695111025068805,lockbox
AP0326,2026-08-07 06:42:00,5,0.5876538625284404,0.2927976845713037,0.5366099300599374,lockbox
AP0326,2026-08-07 07:35:00,6,0.6047888941333017,0.5635343076678121,0.9105227677929066,lockbox
AP0327,2026-08-07 12:02:00,1,0.663455985059541,0.5558168885646151,0.5957981286852395,lockbox
AP0327,2026-08-07 12:35:00,2,0.6008273908949966,0.620383337988805,0.6250987483261605,lockbox
AP0327,2026-08-07 13:13:00,3,0.6612909942575049,0.2792088459122221,0.5444039898503423,lockbox
AP0327,2026-08-07 13:56:00,4,0.5932080289720657,0.5298379845984803,0.5399065549449882,lockbox
AP0327,2026-08-07 14:44:00,5,0.6742306972928542,0.18110332788339054,0.5175251278477507,lockbox
AP0327,2026-08-07 15:37:00,6,0.6035510715405519,0.47465074614779945,0.6427573227357017,lockbox
AP0328,2026-08-07 19:28:00,1,0.7962384243336006,0.41495162404993485,0.7628258072205696,lockbox
AP0328,2026-08-07 20:01:00,2,0.5822446863764037,0.5216074794912378,0.5195577119123146,lockbox
AP0328,2026-08-07 20:39:00,3,0.6197112716507769,0.33064908480386995,0.46393609948583925,lockbox
AP0328,2026-08-07 21:22:00,4,0.5920150251620064,0.4349532421841598,0.46556566492623586,lockbox
AP0328,2026-08-07 22:10:00,5,0.6419527187276881,0.5711940159783293,0.5184667408431038,lockbox
AP0328,2026-08-07 23:03:00,6,0.7182527093104958,0.8461286720972591,0.7395562523192748,lockbox
AP0329,2026-08-08 03:01:00,1,0.7075182166089264,0.4628197122840332,0.7217505137184766,lockbox
AP0329,2026-08-08 03:34:00,2,0.5706172772276243,0.580593265652402,0.5649681341834221,lockbox
AP0329,2026-08-08 04:12:00,3,0.6385065146485385,0.3799741988610161,0.529660329956927,lockbox
AP0329,2026-08-08 04:55:00,4,0.6190147783914741,0.2366303651437216,0.5236428558889406,lockbox
AP0329,2026-08-08 05:43:00,5,0.5765260291042593,0.28679152171873223,0.4947340020245507,lockbox
AP0329,2026-08-08 06:36:00,6,0.5863265382658532,0.46894586120320597,0.7764492604263911,lockbox
AP0330,2026-08-08 10:35:00,1,0.7859886795576647,0.44599399541850726,0.731689312953012,lockbox
AP0330,2026-08-08 11:08:00,2,0.5908553753122554,0.45608599219392754,0.5451500256520091,lockbox
AP0330,2026-08-08 11:46:00,3,0.596784919235599,0.31067820324463946,0.48290433234702823,lockbox
AP0330,2026-08-08 12:29:00,4,0.5715407448981626,0.31747370194016333,0.5226595758674675,lockbox
AP0330,2026-08-08 13:17:00,5,0.5843754084213852,0.41762208297721964,0.5004013340891004,lockbox
AP0330,2026-08-08 14:10:00,6,0.6411978064382982,0.3165376391940058,0.7515898227262899,lockbox
AP0331,2026-08-08 17:51:00,1,0.6392181123382319,0.4847443094771032,0.6233536816761274,lockbox
AP0331,2026-08-08 18:24:00,2,0.5647193559795284,0.5144979165563943,0.5020489063420067,lockbox
AP0331,2026-08-08 19:02:00,3,0.611493188856906,0.36778038087241205,0.5143555438519676,lockbox
AP0331,2026-08-08 19:45:00,4,0.6020648160368773,0.3418843129415812,0.619771257175407,lockbox
AP0331,2026-08-08 20:33:00,5,0.6331117973559351,0.6264918230303756,0.47867468938188884,lockbox
AP0331,2026-08-08 21:26:00,6,0.7254893629968755,0.537689300025437,0.6302823827759378,lockbox
AP0332,2026-08-09 01:35:00,1,0.6590546232245895,0.5436335245122143,0.5498871499236772,lockbox
AP0332,2026-08-09 02:08:00,2,0.6239504940561953,0.3466571241851348,0.4392528187975291,lockbox
AP0332,2026-08-09 02:46:00,3,0.5975993792744652,0.512608977679551,0.487392719820528,lockbox
AP0332,2026-08-09 03:29:00,4,0.627662934513978,0.3929160176554146,0.4519601596989431,lockbox
AP0332,2026-08-09 04:17:00,5,0.6258148025505916,0.45915949259463834,0.5367570771998678,lockbox
AP0332,2026-08-09 05:10:00,6,0.6676017139206137,0.4597596873943156,0.8585908611014138,lockbox
AP0333,2026-08-09 09:33:00,1,0.7328283503003622,0.385760443209896,0.6254847193667802,lockbox
AP0333,2026-08-09 10:06:00,2,0.543733277422795,0.37542707026186145,0.5532140449520772,lockbox
AP0333,2026-08-09 10:44:00,3,0.541419473041298,0.36721814720703644,0.5531042267877312,lockbox
AP0333,2026-08-09 11:27:00,4,0.5724150142562636,0.3180932664103324,0.5063257600465281,lockbox
AP0334,2026-08-09 17:28:00,1,0.6105729447822077,0.3335327368984047,0.6057126353922334,lockbox
AP0334,2026-08-09 18:01:00,2,0.48266007607886086,0.3560885882621409,0.5385067193911319,lockbox
AP0334,2026-08-09 18:39:00,3,0.5120906337924631,0.3092295880261822,0.4069082587571672,lockbox
AP0334,2026-08-09 19:22:00,4,0.526385650072773,0.34428121243453325,0.5121335511175293,lockbox
AP0334,2026-08-09 20:10:00,5,0.5879879093350762,0.344920685624604,0.4642558789377933,lockbox
AP0334,2026-08-09 21:03:00,6,0.6114825861618587,0.8107815238580403,0.8018770788047542,lockbox
AP0335,2026-08-10 01:27:00,1,0.6832451341552006,0.4987218106352803,0.5909632592883087,lockbox
AP0335,2026-08-10 02:00:00,2,0.5761982387173907,0.45721436300147544,0.5125154539972169,lockbox
AP0335,2026-08-10 02:38:00,3,0.5889778327881212,0.742590800695241,0.49757744240011,lockbox
AP0335,2026-08-10 03:21:00,4,0.7202522373685993,0.05719562636325077,0.39251460774779573,lockbox
AP0335,2026-08-10 04:09:00,5,0.6707599987225683,0.41341731466990367,0.5349790143649704,lockbox
AP0335,2026-08-10 05:02:00,6,0.6684948942754538,0.5441942705168717,0.8339370019383245,lockbox
AP0336,2026-08-10 10:42:00,1,0.7261729315554417,0.5144816140927492,0.6782125826195077,lockbox
AP0336,2026-08-10 11:34:00,2,0.6084043763111431,0.428710393646907,0.5098802665681532,lockbox
AP0336,2026-08-10 12:31:00,3,0.6015137933729452,0.5085246517307572,0.47815397287651706,lockbox
AP0336,2026-08-10 13:33:00,4,0.6610495200696439,0.6136682392588302,0.5472259940001959,lockbox
AP0336,2026-08-10 14:40:00,5,0.7315330754818685,0.5583553407069273,0.907638795657349,lockbox
AP0336,2026-08-10 15:52:00,6,0.7613012748034466,0.5535315128232113,0.9433336270239695,lockbox
AP0337,2026-08-10 19:57:00,1,0.6547310701343207,0.5430219208306643,0.661291477953913,lockbox
AP0337,2026-08-10 20:30:00,2,0.5896066174857477,0.4590948461220943,0.5959535282063441,lockbox
AP0337,2026-08-10 21:08:00,3,0.5959605123049444,0.372232247086578,0.4975025662995281,lockbox
AP0337,2026-08-10 21:51:00,4,0.5964850093143425,0.43948437069043833,0.67646484235,lockbox
AP0337,2026-08-10 22:39:00,5,0.6683275716224848,0.6654961098711234,0.5445731813166957,lockbox
AP0337,2026-08-10 23:32:00,6,0.7496396074827107,0.5135967180423047,0.6532676687212869,lockbox
AP0338,2026-08-11 03:54:00,1,0.5667157273027364,0.5039655154661024,0.6071741356254036,lockbox
AP0338,2026-08-11 04:27:00,2,0.5490970743983419,0.42926188589456743,0.5166526661763635,lockbox
AP0338,2026-08-11 05:05:00,3,0.5674070633651821,0.29580455493326335,0.5200200745360647,lockbox
AP0338,2026-08-11 05:48:00,4,0.5492410023549763,0.3964875814953851,0.49108106482351793,lockbox
AP0338,2026-08-11 06:36:00,5,0.6093889888700799,0.17855195692074607,0.5999856735901291,lockbox
AP0338,2026-08-11 07:29:00,6,0.5759913446696112,0.4854257811811618,0.7868292411762847,lockbox
AP0339,2026-08-11 11:58:00,1,0.7387302615373956,0.5507874722803788,0.642592017707459,lockbox
AP0339,2026-08-11 12:31:00,2,0.6159787450983725,0.6050125934241316,0.5660970840777676,lockbox
AP0339,2026-08-11 13:09:00,3,0.6600853101689705,0.4308327246446383,0.5318903742239086,lockbox
AP0339,2026-08-11 13:52:00,4,0.6489569666455623,0.5689524798982813,0.5056325162809648,lockbox
AP0339,2026-08-11 14:40:00,5,0.7170278837764041,0.38090618034661206,0.607569884910779,lockbox
AP0339,2026-08-11 15:33:00,6,0.7157045846531515,0.6838835160827736,0.9452373543072338,lockbox
AP0340,2026-08-11 19:43:00,1,0.7213355545145788,0.7860531544103593,0.702371049002731,lockbox
AP0340,2026-08-11 20:16:00,2,0.7001964759297649,0.6220934446966662,0.6042645960526581,lockbox
AP0340,2026-08-11 20:54:00,3,0.7002117123826745,0.19690612230351273,0.5765271095436204,lockbox
AP0340,2026-08-11 21:37:00,4,0.5862377972010084,0.5474961699943094,0.4949423418588799,lockbox
AP0340,2026-08-11 22:25:00,5,0.6697010934229024,0.41983593240209355,0.49184809571559684,lockbox
AP0340,2026-08-11 23:18:00,6,0.6827206954615963,0.5965943464633386,0.8219336052123557,lockbox
AP0341,2026-08-12 03:51:00,1,0.5527741752227657,0.6806765125963573,0.5859148350788289,lockbox
AP0341,2026-08-12 04:24:00,2,0.6182843533307794,0.5214730855583801,0.5650956701574732,lockbox
AP0341,2026-08-12 05:02:00,3,0.6303599067033676,0.4926130540616617,0.4996433747635143,lockbox
AP0341,2026-08-12 05:45:00,4,0.6561690556583397,0.42413126597085554,0.5117358226789933,lockbox
AP0341,2026-08-12 06:33:00,5,0.6684109059923828,0.4459270271625707,0.4780292815370923,lockbox
AP0341,2026-08-12 07:26:00,6,0.6943906969713134,1.1646236523558526,0.6338037342792446,lockbox
AP0342,2026-08-12 11:35:00,1,0.7280533485284699,0.45264664042847436,0.668783511229129,lockbox
AP0342,2026-08-12 12:08:00,2,0.5723037406679867,0.48792193464961964,0.47389243445633367,lockbox
AP0342,2026-08-12 12:46:00,3,0.6010637181006477,0.34555863977248885,0.4468653332461123,lockbox
AP0342,2026-08-12 13:29:00,4,0.5879910426865786,0.5411987664114107,0.48764449024202594,lockbox
AP0342,2026-08-12 14:17:00,5,0.674086944008252,0.49547786665595617,0.5206104513868794,lockbox
AP0342,2026-08-12 15:10:00,6,0.7126727983442607,0.6634174853663392,0.8381910524971347,lockbox
AP0343,2026-08-12 19:04:00,1,0.6504847903885674,0.5727671731798962,0.5911231818961739,lockbox
AP0343,2026-08-12 19:37:00,2,0.6029008306422274,0.5164152732788438,0.5393590317247615,lockbox
AP0343,2026-08-12 20:15:00,3,0.6241304251849968,0.4906683983086913,0.4522260844781554,lockbox
AP0343,2026-08-12 20:58:00,4,0.6545325025778792,0.3787045274063461,0.45253639827040526,lockbox
AP0343,2026-08-12 21:46:00,5,0.6516793121053492,0.3406160057884567,0.4683539226825466,lockbox
AP0343,2026-08-12 22:39:00,6,0.6530622504049177,0.24462015427836592,0.7249331699433007,lockbox
AP0344,2026-08-13 03:03:00,2,0.5871880445118536,0.47968561627453665,0.48146674040219234,lockbox
AP0344,2026-08-13 03:41:00,3,0.6045007155372726,0.35613190978981873,0.42253392426428293,lockbox
AP0344,2026-08-13 04:24:00,4,0.5956311756968815,0.26533679051149434,0.3945361292204783,lockbox
AP0344,2026-08-13 05:12:00,5,0.573914688205337,0.36823299514416363,0.38404590363342744,lockbox
AP0344,2026-08-13 06:05:00,6,0.6515885925259493,0.4571451085334816,0.8902286549362968,lockbox
AP0345,2026-08-13 10:54:00,1,0.751229025566995,0.5139779480491642,0.7108924973486476,lockbox
AP0345,2026-08-13 11:27:00,2,0.6054384446219396,0.3981224907476572,0.5796818830631325,lockbox
AP0345,2026-08-13 12:05:00,3,0.5778276465897325,0.4723064844893694,0.5044545310636379,lockbox
AP0345,2026-08-13 12:48:00,4,0.6273436737736564,0.4588035836868898,0.5691717193856624,lockbox
AP0345,2026-08-13 13:36:00,5,0.6734029085213797,0.43193987879503,0.5185654318542204,lockbox
AP0345,2026-08-13 14:29:00,6,0.6904511605286747,0.328982669137947,0.7973383275310648,lockbox
AP0346,2026-08-13 18:37:00,1,0.8360817312762701,0.37210843278830047,0.8090537941750382,lockbox
AP0346,2026-08-13 19:10:00,2,0.6198232460636779,0.5013998626669343,0.5227339070697683,lockbox
AP0346,2026-08-13 19:48:00,3,0.6099108339061841,0.3696469699978642,0.4647596196171635,lockbox
AP0346,2026-08-13 20:31:00,4,0.5939862014791905,0.45849158461498907,0.4641276903818518,lockbox
AP0346,2026-08-13 21:19:00,5,0.6487922824474555,0.4293983536694348,0.4585899132214489,lockbox
AP0346,2026-08-13 22:12:00,6,0.6760693881306681,0.41730251980367045,0.7832999953149962,lockbox
AP0347,2026-08-14 02:26:00,1,0.7219662057195486,0.44804740792545594,0.598022615174271,lockbox
AP0347,2026-08-14 02:59:00,2,0.570347409860366,0.33947814600462833,0.5666809026268259,lockbox
AP0347,2026-08-14 03:37:00,3,0.5370201115238993,0.5421086604968616,0.4974517590709132,lockbox
AP0347,2026-08-14 04:20:00,4,0.6356336476330622,0.43973324867276675,0.5169963198603552,lockbox
AP0347,2026-08-14 05:08:00,5,0.6643867863132695,0.4147988691936809,0.5337491252791606,lockbox
AP0347,2026-08-14 06:01:00,6,0.6823034097334415,0.32812795056195543,0.782271454674318,lockbox
AP0348,2026-08-14 10:18:00,1,0.7032126240429543,0.5185351228120783,0.6002613416119019,lockbox
AP0348,2026-08-14 10:51:00,2,0.5945192673665212,0.5625750003415223,0.5347763715440589,lockbox
AP0348,2026-08-14 11:29:00,3,0.6375080294307532,0.5163457937824213,0.461727168487993,lockbox
AP0348,2026-08-14 12:12:00,4,0.6686526673839177,0.35494670746079204,0.48981113124874814,lockbox
AP0348,2026-08-14 13:00:00,5,0.6544357368527706,0.31743384344573866,0.48292831714787054,lockbox
AP0348,2026-08-14 13:53:00,6,0.6423855534773433,0.5897571442428489,0.782943456354246,lockbox
AP0349,2026-08-14 18:08:00,1,0.6690752517482665,0.4678036435005244,0.593285447750422,lockbox
AP0349,2026-08-14 18:41:00,2,0.5623065629962772,0.3335914866278045,0.4850864007833331,lockbox
AP0349,2026-08-14 19:19:00,3,0.5304258301137345,0.4335695479651142,0.4309532737796717,lockbox
AP0349,2026-08-14 20:02:00,4,0.5951190001760587,0.2819864781069679,0.46068584619282815,lockbox
AP0349,2026-08-14 20:50:00,5,0.5798206743005831,0.23073509172765463,0.49219874696254634,lockbox
AP0349,2026-08-14 21:43:00,6,0.5660322679001886,0.7217648512685528,0.7078889925186199,lockbox
AP0350,2026-08-15 01:44:00,1,0.8048281684222933,0.39362105557399824,0.7370786428266222,lockbox
AP0350,2026-08-15 02:17:00,2,0.5723676037139818,0.34437372443589953,0.4971641458680709,lockbox
AP0350,2026-08-15 02:55:00,3,0.5406047982763915,0.488613064056143,0.3935821925045405,lockbox
AP0350,2026-08-15 03:38:00,4,0.6173998706356572,0.04710446703631146,0.4950177895031872,lockbox
AP0350,2026-08-15 04:26:00,5,0.49583558901640246,0.47182424208182316,0.4142643456664437,lockbox
AP0350,2026-08-15 05:19:00,6,0.6172017475142088,0.4713540588077644,0.8233141163624086,lockbox
AP0351,2026-08-15 10:05:00,1,0.697252904340057,0.33456370457217804,0.6057736627421177,lockbox
AP0351,2026-08-15 10:38:00,2,0.5074308068801122,0.3165166475827247,0.4690056323806311,lockbox
AP0351,2026-08-15 11:16:00,3,0.4972832034540162,1.0526602541308645,0.4144856456924229,lockbox
AP0351,2026-08-15 11:59:00,4,0.7742424715922993,-0.07767439385619845,0.3990099525734084,lockbox
AP0351,2026-08-15 12:47:00,5,0.6308054738280867,0.2560922560710669,0.4909061615724518,lockbox
AP0351,2026-08-15 13:40:00,6,0.6028173579586176,0.38903741873915476,0.8501718140840574,lockbox
AP0352,2026-08-15 18:27:00,1,0.7332391579745885,0.4345464965538325,0.6249233891085042,lockbox
AP0352,2026-08-15 19:01:00,2,0.5663331576324659,0.6670860924126842,0.46399776044728097,lockbox
AP0352,2026-08-15 19:40:00,3,0.6651032857644417,0.19308226796177275,0.4889081208112166,lockbox
AP0352,2026-08-15 20:24:00,4,0.562972054657332,0.36349475105441903,0.38881426516962475,lockbox
AP0352,2026-08-15 21:13:00,5,0.5980115437114529,0.2939661801841564,0.45178759198340895,lockbox
AP0352,2026-08-15 22:07:00,6,0.6022789608144903,0.16609718723378863,0.7540882886956382,lockbox
AP0353,2026-08-16 02:04:00,1,0.723299275940078,0.44026008006073514,0.6050302396347363,lockbox
AP0353,2026-08-16 02:38:00,2,0.5657789912770146,0.23600207363450107,0.5418257023991381,lockbox
AP0353,2026-08-16 03:17:00,3,0.4841402795609202,0.2971656439521615,0.4659571480311563,lockbox
AP0353,2026-08-16 04:01:00,4,0.5077173921018491,0.2441718157977934,0.5122485926489949,lockbox
AP0353,2026-08-16 04:50:00,5,0.5167938479626262,0.2510512202545378,0.48296188600149637,lockbox
AP0353,2026-08-16 05:44:00,6,0.5368848565209622,1.1302120538707998,0.8160953203399474,lockbox
AP0354,2026-08-16 09:47:00,1,0.729352819536066,0.5388117250293968,0.6468362676943036,lockbox
AP0354,2026-08-16 10:21:00,2,0.6093582165206219,0.350056300079333,0.5448002863110818,lockbox
AP0354,2026-08-16 11:00:00,3,0.5591266175000443,0.5175041927673908,0.5700529782099074,lockbox
AP0354,2026-08-16 11:44:00,4,0.645045353433271,0.3066768967336374,0.6029842471837343,lockbox
AP0354,2026-08-16 12:33:00,5,0.636815432638443,0.4693427647923999,0.5034674124896036,lockbox
AP0354,2026-08-16 13:27:00,6,0.6805032027539317,0.5229429097861331,0.8931950251882634,lockbox
AP0355,2026-08-16 17:51:00,1,0.7115160527330227,0.4902723748563331,0.6455957404053735,lockbox
AP0355,2026-08-16 18:25:00,2,0.5849264532358706,0.3198859157352251,0.5221808652328697,lockbox
AP0355,2026-08-16 19:04:00,3,0.5343816231477712,0.5044239800729534,0.44045981260092065,lockbox
AP0355,2026-08-16 19:48:00,4,0.6357368724002389,0.2577949181700364,0.5325211689957009,lockbox
AP0355,2026-08-16 20:37:00,5,0.6139570242797303,0.6767950267489752,0.49415608551826107,lockbox
AP0355,2026-08-16 21:31:00,6,0.7299287110722534,0.45874606728879413,0.8437175369347251,lockbox
AP0356,2026-08-17 02:00:00,1,0.7810295900764507,0.41920786131951443,0.6822697132672286,lockbox
AP0356,2026-08-17 02:34:00,2,0.5764459974132773,0.4470991153471869,0.555917955159404,lockbox
AP0356,2026-08-17 03:13:00,3,0.5874974757382191,0.24346155979244355,0.5216356970065722,lockbox
AP0356,2026-08-17 03:57:00,4,0.5375016322550987,0.2654611938101571,0.4860431633057211,lockbox
AP0356,2026-08-17 04:46:00,5,0.544493229690634,0.37196843674687996,0.47727522423650276,lockbox
AP0356,2026-08-17 05:40:00,6,0.6065998396007067,0.6430222811276732,0.9084427020330399,lockbox
AP0357,2026-08-17 10:00:00,1,0.7671263892327264,0.47341142415252685,0.6498587242474457,lockbox
AP0357,2026-08-17 10:34:00,2,0.5961071810444506,0.3375777875381371,0.5981935976027632,lockbox
AP0357,2026-08-17 11:13:00,3,0.5491076394270251,0.46790226988559486,0.5454046169899646,lockbox
AP0357,2026-08-17 11:57:00,4,0.6141364849159401,0.48798366544892746,0.5730048396794164,lockbox
AP0357,2026-08-17 12:46:00,5,0.6733991964225583,0.837430306844912,0.5952934881851438,lockbox
AP0357,2026-08-17 13:40:00,6,0.8013527349919165,0.6799885361552273,0.9569323489236251,lockbox
AP0358,2026-08-17 17:51:00,1,0.685941423032294,0.5823025101237983,0.6246265160640935,lockbox
AP0358,2026-08-17 18:25:00,2,0.6160436569059946,0.5009382865099629,0.5584246090946949,lockbox
AP0358,2026-08-17 19:04:00,3,0.6239324910513327,0.5353854801451893,0.5254972718047878,lockbox
AP0358,2026-08-17 19:48:00,4,0.6716455296674195,0.5597477828070009,0.5191951492419299,lockbox
AP0358,2026-08-17 20:37:00,5,0.7157535477984092,0.8115991189807384,0.3865948255922501,lockbox
AP0358,2026-08-17 21:31:00,6,0.8289952972311161,0.21955663492528177,0.9282960696179595,lockbox
AP0359,2026-08-18 02:07:00,1,0.7936190052518107,0.36637200318910185,0.6822709274998721,lockbox
AP0359,2026-08-18 02:41:00,2,0.5569727775435731,0.4539993026421066,0.49956809013274117,lockbox
AP0359,2026-08-18 03:20:00,3,0.5825749918917771,0.5749661514694429,0.4968675080248388,lockbox
AP0359,2026-08-18 04:04:00,4,0.6723354198395526,0.28068041110439307,0.47681086170111625,lockbox
AP0359,2026-08-18 04:53:00,5,0.6282096678071376,0.3944599824216869,0.4546503206302419,lockbox
AP0359,2026-08-18 05:47:00,6,0.6549474817657301,0.5340234124615507,0.9772590118548149,lockbox
AP0360,2026-08-18 09:56:00,1,0.7912608716680842,0.49029579093619285,0.6229609927953567,lockbox
AP0360,2026-08-18 10:30:00,2,0.6050201064760641,0.506736635516874,0.5954728596710062,lockbox
AP0360,2026-08-18 11:09:00,3,0.6208736017800728,0.39713298752123655,0.5768809575422914,lockbox
AP0360,2026-08-18 11:53:00,4,0.6184431171964481,0.45348614733149634,0.5275655638600074,lockbox
AP0360,2026-08-18 12:42:00,5,0.6579333653197643,0.40190099095504545,0.5273756196038163,lockbox
AP0360,2026-08-18 13:36:00,6,0.6768757104200054,0.7240694040254864,0.8113837302481565,lockbox
AP0361,2026-08-18 17:45:00,1,0.6990395742117528,0.6157146128535359,0.6307342005393803,lockbox
AP0361,2026-08-18 18:19:00,2,0.6291374624879855,0.3861318787096223,0.6117939881938307,lockbox
AP0361,2026-08-18 18:58:00,3,0.5808824086181892,0.36301959045203436,0.5198015333988765,lockbox
AP0361,2026-08-18 19:42:00,4,0.5847661431169197,0.6075897205546801,0.5011359067473559,lockbox
AP0361,2026-08-18 20:31:00,5,0.6932736748054946,0.5229429468895638,0.4927720836529242,lockbox
AP0361,2026-08-18 21:25:00,6,0.730934644054057,0.6681583546655331,0.7448262181250616,lockbox
AP0362,2026-08-19 01:23:00,1,0.6961797281850306,0.39806292890455747,0.6149101335907099,lockbox
AP0362,2026-08-19 01:57:00,2,0.5385737978529987,0.4636201322380001,0.5263159922800595,lockbox
AP0362,2026-08-19 02:36:00,3,0.5786144108808382,0.376663289104858,0.46328550289984505,lockbox
AP0362,2026-08-19 03:20:00,4,0.5920297972269242,0.46417505100671935,0.4981039380467148,lockbox
AP0362,2026-08-19 04:09:00,5,0.65535103315933,0.4625369521778414,0.37804180362187106,lockbox
AP0362,2026-08-19 05:03:00,6,0.6912488759570863,0.8609212178228791,0.9431752929965271,lockbox
