Batch,fecha_inicio,orden_escalon_fase,real,pred,conjunto,clave,forma
AP0001,2026-04-22 00:21:00,0,1.6976485621949498,1.763517750624502,OOF_dev,sn_dep,estructural
AP0001,2026-04-22 00:51:00,1,1.0382604275382346,0.8976143382829016,OOF_dev,sn_dep,estructural
AP0001,2026-04-22 01:16:00,2,0.2044844413764346,0.2885377630565107,OOF_dev,sn_dep,estructural
AP0002,2026-04-22 09:13:00,0,1.4610091423303684,0.9550203858377763,OOF_dev,sn_dep,estructural
AP0002,2026-04-22 09:43:00,1,0.5874427881074327,1.0274981685919446,OOF_dev,sn_dep,estructural
AP0002,2026-04-22 10:08:00,2,0.6738464712957157,0.2960708860793004,OOF_dev,sn_dep,estructural
AP0002,2026-04-22 10:28:00,3,0.24514193242912166,0.16382040658236627,OOF_dev,sn_dep,estructural
AP0003,2026-04-22 18:20:00,0,1.9064029152136979,1.9139794323919488,OOF_dev,sn_dep,estructural
AP0003,2026-04-22 18:50:00,1,0.5151342723544527,0.7988858605675667,OOF_dev,sn_dep,estructural
AP0003,2026-04-22 19:15:00,2,0.34754877079683344,0.2971704102523958,OOF_dev,sn_dep,estructural
AP0004,2026-04-23 03:00:00,0,2.100812136720415,1.429575550953974,OOF_dev,sn_dep,estructural
AP0004,2026-04-23 03:30:00,1,0.10558680133654313,0.996351015776985,OOF_dev,sn_dep,estructural
AP0004,2026-04-23 03:55:00,2,0.9466435209232136,0.2642062756668962,OOF_dev,sn_dep,estructural
AP0005,2026-04-23 11:23:00,0,1.4270485475542916,0.2272238821987922,OOF_dev,sn_dep,estructural
AP0005,2026-04-23 11:53:00,1,0.03272516462688685,0.3845599307330898,OOF_dev,sn_dep,estructural
AP0005,2026-04-23 12:18:00,2,0.37662999104210904,0.9391796930699576,OOF_dev,sn_dep,estructural
AP0005,2026-04-23 12:38:00,3,0.6266964910544396,1.5791543324255157,OOF_dev,sn_dep,estructural
AP0006,2026-04-23 20:10:00,0,1.993008104083934,1.4641789524594264,OOF_dev,sn_dep,estructural
AP0006,2026-04-23 20:40:00,1,0.8226204457216039,1.165158513316729,OOF_dev,sn_dep,estructural
AP0007,2026-04-24 04:11:00,0,1.675483612652539,0.6829216114523328,OOF_dev,sn_dep,estructural
AP0007,2026-04-24 04:41:00,1,0.4215931534281776,1.2195391744556998,OOF_dev,sn_dep,estructural
AP0008,2026-04-24 12:58:00,0,1.7960695780510219,3.0692040509084095,OOF_dev,sn_dep,estructural
AP0008,2026-04-24 13:28:00,1,0.48710753592013045,1.4841761446350452,OOF_dev,sn_dep,estructural
AP0008,2026-04-24 13:53:00,2,0.08815372043248172,0.303187161141226,OOF_dev,sn_dep,estructural
AP0008,2026-04-24 14:13:00,3,0.5043548631020424,0.19347392334988459,OOF_dev,sn_dep,estructural
AP0009,2026-04-24 20:55:00,0,1.4981818786390513,1.4208760737878208,OOF_dev,sn_dep,estructural
AP0009,2026-04-24 21:25:00,1,0.6353229669501718,0.7431060659089767,OOF_dev,sn_dep,estructural
AP0009,2026-04-24 21:50:00,2,0.9984877014368585,0.23252735481822595,OOF_dev,sn_dep,estructural
AP0010,2026-04-25 05:30:00,0,0.9961423304859696,2.007053418175252,OOF_dev,sn_dep,estructural
AP0010,2026-04-25 06:00:00,1,1.6976708063598562,0.7473447548603994,OOF_dev,sn_dep,estructural
AP0010,2026-04-25 06:25:00,2,1.2708504598652646,0.33152824663995667,OOF_dev,sn_dep,estructural
AP0010,2026-04-25 06:45:00,3,0.0009702316157051468,0.23735392528242855,OOF_dev,sn_dep,estructural
AP0011,2026-04-25 13:25:00,0,1.1919294227757105,2.559613191343564,OOF_dev,sn_dep,estructural
AP0011,2026-04-25 13:55:00,1,0.43946080859009345,1.075603705350605,OOF_dev,sn_dep,estructural
AP0011,2026-04-25 14:20:00,2,0.3326209295447995,0.29325051284225384,OOF_dev,sn_dep,estructural
AP0011,2026-04-25 14:40:00,3,0.1944628987786035,0.13870274973142876,OOF_dev,sn_dep,estructural
AP0012,2026-04-25 21:06:00,0,1.1367357991510518,1.521758364210243,OOF_dev,sn_dep,estructural
AP0012,2026-04-25 21:36:00,1,1.7166013419544353,0.870638517292878,OOF_dev,sn_dep,estructural
AP0012,2026-04-25 22:01:00,2,0.6549076679151818,0.3925587562243776,OOF_dev,sn_dep,estructural
AP0013,2026-04-26 04:50:00,0,0.5643548506283101,1.356513784304101,OOF_dev,sn_dep,estructural
AP0013,2026-04-26 05:20:00,1,1.6181166832403455,0.6669584949032057,OOF_dev,sn_dep,estructural
AP0013,2026-04-26 05:45:00,2,0.5750817791997404,0.2447080652163653,OOF_dev,sn_dep,estructural
AP0013,2026-04-26 06:05:00,3,0.14328029389746993,0.12937760756917235,OOF_dev,sn_dep,estructural
AP0014,2026-04-26 13:37:00,0,1.4947171328292987,1.6301583075522026,OOF_dev,sn_dep,estructural
AP0014,2026-04-26 14:07:00,1,1.0844024271166137,0.737528869610284,OOF_dev,sn_dep,estructural
AP0014,2026-04-26 14:32:00,2,0.3090912796864903,0.27209152633197287,OOF_dev,sn_dep,estructural
AP0015,2026-04-26 21:04:00,0,1.4431426047963052,0.9473805341449701,OOF_dev,sn_dep,estructural
AP0015,2026-04-26 21:34:00,1,1.1613165174679256,0.7130342241730193,OOF_dev,sn_dep,estructural
AP0015,2026-04-26 21:59:00,2,-0.26000097539932937,0.29541873722707646,OOF_dev,sn_dep,estructural
AP0015,2026-04-26 22:19:00,3,0.3211760536006461,0.21496907684684907,OOF_dev,sn_dep,estructural
AP0016,2026-04-27 05:47:00,0,2.02229336610113,1.0239113089957053,OOF_dev,sn_dep,estructural
AP0016,2026-04-27 06:17:00,1,0.4435121775602583,0.7482556490344577,OOF_dev,sn_dep,estructural
AP0016,2026-04-27 06:42:00,2,1.0191491842639662,0.2780822458306328,OOF_dev,sn_dep,estructural
AP0017,2026-04-27 13:56:00,0,1.8931635043064836,1.4805367960103526,OOF_dev,sn_dep,estructural
AP0017,2026-04-27 14:26:00,1,0.623174559294282,1.5713556543038818,OOF_dev,sn_dep,estructural
AP0017,2026-04-27 14:51:00,2,0.22674489942155712,0.30713700176698405,OOF_dev,sn_dep,estructural
AP0017,2026-04-27 15:11:00,3,0.20938127509325183,0.30540722597918635,OOF_dev,sn_dep,estructural
AP0018,2026-04-27 21:56:00,0,1.7223969970109652,2.6877475789602046,OOF_dev,sn_dep,estructural
AP0018,2026-04-27 22:26:00,1,1.055661319731308,1.1556881280179454,OOF_dev,sn_dep,estructural
AP0018,2026-04-27 22:51:00,2,0.25892341989308076,0.1878244691418876,OOF_dev,sn_dep,estructural
AP0018,2026-04-27 23:11:00,3,0.7842779565595461,0.1353410756802604,OOF_dev,sn_dep,estructural
AP0019,2026-04-28 06:12:00,0,1.4571469625206015,3.6304596954477826,OOF_dev,sn_dep,estructural
AP0019,2026-04-28 06:42:00,1,0.7314954787030994,1.1408680693108268,OOF_dev,sn_dep,estructural
AP0019,2026-04-28 07:07:00,2,0.6830595642177614,0.18706056518165756,OOF_dev,sn_dep,estructural
AP0019,2026-04-28 07:27:00,3,0.7248593311143787,0.12414851056261342,OOF_dev,sn_dep,estructural
AP0020,2026-04-28 14:01:00,0,2.2804698978333238,3.912023005428144,OOF_dev,sn_dep,estructural
AP0020,2026-04-28 14:31:00,1,-0.06909816716015196,1.237735801723154,OOF_dev,sn_dep,estructural
AP0020,2026-04-28 14:56:00,2,0.32880030938643745,0.2954433543701288,OOF_dev,sn_dep,estructural
AP0020,2026-04-28 15:16:00,3,0.3759601759304646,0.07478498927718084,OOF_dev,sn_dep,estructural
AP0021,2026-04-28 21:56:00,0,1.5256487858753134,1.7968748246738298,OOF_dev,sn_dep,estructural
AP0021,2026-04-28 22:26:00,1,0.862692589653923,0.7365447677819823,OOF_dev,sn_dep,estructural
AP0021,2026-04-28 22:51:00,2,-0.1379168482284556,0.16626513289716166,OOF_dev,sn_dep,estructural
AP0021,2026-04-28 23:11:00,3,0.48290646903290546,0.08945897453220353,OOF_dev,sn_dep,estructural
AP0022,2026-04-29 06:05:00,0,1.8509496865697215,2.7942872296965944,OOF_dev,sn_dep,estructural
AP0022,2026-04-29 06:35:00,1,0.40070056650549796,1.2701866276605367,OOF_dev,sn_dep,estructural
AP0022,2026-04-29 07:00:00,2,0.19703465267213047,0.160467542631769,OOF_dev,sn_dep,estructural
AP0022,2026-04-29 07:20:00,3,0.6169171262212286,0.049769398025898,OOF_dev,sn_dep,estructural
AP0023,2026-04-29 14:35:00,0,1.2000745478517185,1.660020985288143,OOF_dev,sn_dep,estructural
AP0023,2026-04-29 15:05:00,1,0.5808140087839891,0.7927778719699582,OOF_dev,sn_dep,estructural
AP0023,2026-04-29 15:30:00,2,0.7914923038703607,0.14774339286829494,OOF_dev,sn_dep,estructural
AP0023,2026-04-29 15:50:00,3,-0.03552699914136724,0.07845424086042135,OOF_dev,sn_dep,estructural
AP0024,2026-04-29 22:19:00,0,1.9829122058664013,1.1507045884934475,OOF_dev,sn_dep,estructural
AP0024,2026-04-29 22:49:00,1,-0.4030070183689403,0.8901533446744532,OOF_dev,sn_dep,estructural
AP0024,2026-04-29 23:14:00,2,0.7840756632912068,0.13586448489175765,OOF_dev,sn_dep,estructural
AP0024,2026-04-29 23:34:00,3,0.3829651894155802,0.08953452108110006,OOF_dev,sn_dep,estructural
AP0025,2026-04-30 06:11:00,0,2.149806556988415,0.746380921138168,OOF_dev,sn_dep,estructural
AP0025,2026-04-30 06:41:00,1,0.4926019058251311,1.1553701398926801,OOF_dev,sn_dep,estructural
AP0025,2026-04-30 07:06:00,2,0.2986656599228201,0.28212234953520976,OOF_dev,sn_dep,estructural
AP0025,2026-04-30 07:26:00,3,0.03562544135942909,0.09678926493416073,OOF_dev,sn_dep,estructural
AP0026,2026-04-30 13:48:00,0,1.8044873057190811,1.1600056206683014,OOF_dev,sn_dep,estructural
AP0026,2026-04-30 14:18:00,1,0.5122751420706327,0.977245156618316,OOF_dev,sn_dep,estructural
AP0026,2026-04-30 14:43:00,2,0.539835433463923,0.1158517532425738,OOF_dev,sn_dep,estructural
AP0027,2026-04-30 22:02:00,0,1.6386270244170147,1.483571498250889,OOF_dev,sn_dep,estructural
AP0027,2026-04-30 22:32:00,1,0.5057767620064202,0.7506330105942735,OOF_dev,sn_dep,estructural
AP0027,2026-04-30 22:57:00,2,0.10670129221199545,0.1570133150488233,OOF_dev,sn_dep,estructural
AP0027,2026-04-30 23:17:00,3,0.38194590014662994,0.09606096382622427,OOF_dev,sn_dep,estructural
AP0028,2026-05-01 05:40:00,0,1.5304799626263819,1.7938018600501835,OOF_dev,sn_dep,estructural
AP0028,2026-05-01 06:10:00,1,0.6958763020620825,0.9714095599732417,OOF_dev,sn_dep,estructural
AP0028,2026-05-01 06:35:00,2,0.46398409974030613,0.1574145129276301,OOF_dev,sn_dep,estructural
AP0029,2026-05-01 13:16:00,0,0.9921520581175639,1.3825144784534897,OOF_dev,sn_dep,estructural
AP0029,2026-05-01 13:46:00,1,1.4229293376985652,0.7590241658998078,OOF_dev,sn_dep,estructural
AP0029,2026-05-01 14:11:00,2,0.4386713239463815,0.19076850509771184,OOF_dev,sn_dep,estructural
AP0030,2026-05-01 21:50:00,0,0.32661024216708384,1.9334976354992435,OOF_dev,sn_dep,estructural
AP0030,2026-05-01 22:20:00,1,1.1514648875409734,0.7232253586116635,OOF_dev,sn_dep,estructural
AP0030,2026-05-01 22:45:00,2,0.3863633371617986,0.157596982505314,OOF_dev,sn_dep,estructural
AP0030,2026-05-01 23:05:00,3,0.25319052000151304,0.06296423106182722,OOF_dev,sn_dep,estructural
AP0031,2026-05-02 05:19:00,0,1.721485041582641,1.6128542483951471,OOF_dev,sn_dep,estructural
AP0031,2026-05-02 05:49:00,1,0.6748612086287574,0.7054488002988715,OOF_dev,sn_dep,estructural
AP0031,2026-05-02 06:14:00,2,0.5703436324616736,0.13099280750293674,OOF_dev,sn_dep,estructural
AP0031,2026-05-02 06:34:00,3,0.5900127266138769,0.09128382343170853,OOF_dev,sn_dep,estructural
AP0032,2026-05-02 12:49:00,0,1.218223784273817,1.3280739021314276,OOF_dev,sn_dep,estructural
AP0032,2026-05-02 13:19:00,1,1.1969544606998077,0.7188340096741972,OOF_dev,sn_dep,estructural
AP0032,2026-05-02 13:44:00,2,1.253413431031614,0.15545769332253734,OOF_dev,sn_dep,estructural
AP0033,2026-05-02 20:10:00,0,1.9794304134890333,1.4888791128370389,OOF_dev,sn_dep,estructural
AP0033,2026-05-02 20:40:00,1,0.7075129556481232,0.6493950075979184,OOF_dev,sn_dep,estructural
AP0033,2026-05-02 21:05:00,2,-0.08833304561261025,0.1371183885619764,OOF_dev,sn_dep,estructural
AP0033,2026-05-02 21:25:00,3,-0.1428568964188124,0.05518103705885897,OOF_dev,sn_dep,estructural
AP0034,2026-05-03 03:46:00,0,1.6048577372769042,0.9457599907605937,OOF_dev,sn_dep,estructural
AP0034,2026-05-03 04:16:00,1,0.6124479194747738,0.8712111411879591,OOF_dev,sn_dep,estructural
AP0034,2026-05-03 04:41:00,2,0.4982822496310616,0.23088361274954533,OOF_dev,sn_dep,estructural
AP0034,2026-05-03 05:01:00,3,0.19535525315109242,0.153812945545664,OOF_dev,sn_dep,estructural
AP0035,2026-05-03 11:17:00,0,2.127154291839285,0.9535658993356567,OOF_dev,sn_dep,estructural
AP0035,2026-05-03 11:47:00,1,0.5068697970236473,1.2565210185380724,OOF_dev,sn_dep,estructural
AP0035,2026-05-03 12:12:00,2,0.28386252407473356,0.20572597781489016,OOF_dev,sn_dep,estructural
AP0035,2026-05-03 12:32:00,3,0.28485379456036697,0.0560614259037397,OOF_dev,sn_dep,estructural
AP0036,2026-05-03 19:22:00,0,1.4582854510259082,1.4761911837445374,OOF_dev,sn_dep,estructural
AP0036,2026-05-03 19:52:00,1,0.7036029636485208,0.7470065135198397,OOF_dev,sn_dep,estructural
AP0036,2026-05-03 20:17:00,2,0.6792704153018924,0.2784516525082689,OOF_dev,sn_dep,estructural
AP0037,2026-05-04 02:53:00,0,1.4867924165817625,1.8009067758855641,OOF_dev,sn_dep,estructural
AP0037,2026-05-04 03:23:00,1,0.7298380836750066,1.8270561917642134,OOF_dev,sn_dep,estructural
AP0037,2026-05-04 03:48:00,2,0.43447433341842273,0.4430582639769204,OOF_dev,sn_dep,estructural
AP0037,2026-05-04 04:08:00,3,0.4063360058636501,0.23935775288517047,OOF_dev,sn_dep,estructural
AP0038,2026-05-04 10:12:00,0,0.9719067518878355,1.3640832540787433,OOF_dev,sn_dep,estructural
AP0038,2026-05-04 10:42:00,1,1.61428665285007,0.7756426342222973,OOF_dev,sn_dep,estructural
AP0038,2026-05-04 11:07:00,2,0.11346026676242044,0.14530491749045943,OOF_dev,sn_dep,estructural
AP0038,2026-05-04 11:27:00,3,0.4456728692262193,0.08782322315489943,OOF_dev,sn_dep,estructural
AP0039,2026-05-04 18:05:00,0,2.0491465233657196,1.6258464996426856,OOF_dev,sn_dep,estructural
AP0039,2026-05-04 18:35:00,1,0.9905351224635116,0.9784565764663176,OOF_dev,sn_dep,estructural
AP0039,2026-05-04 19:00:00,2,0.18614183296385525,0.18613995840125064,OOF_dev,sn_dep,estructural
AP0040,2026-05-05 01:30:00,0,0.49271008060164107,1.5262189312190164,OOF_dev,sn_dep,estructural
AP0040,2026-05-05 02:00:00,1,1.503305639337518,0.6234788905994115,OOF_dev,sn_dep,estructural
AP0040,2026-05-05 02:25:00,2,0.3371545830005236,0.18653555242119393,OOF_dev,sn_dep,estructural
AP0040,2026-05-05 02:45:00,3,-0.2175992518892783,0.07368561024666932,OOF_dev,sn_dep,estructural
AP0041,2026-05-05 08:59:00,0,1.995214519389982,1.0562488988009513,OOF_dev,sn_dep,estructural
AP0041,2026-05-05 09:29:00,1,0.6901025175275937,0.6025970554230756,OOF_dev,sn_dep,estructural
AP0041,2026-05-05 09:54:00,2,0.12293979031951024,0.13501709355437488,OOF_dev,sn_dep,estructural
AP0041,2026-05-05 10:14:00,3,0.2677289680831367,0.052793205292658296,OOF_dev,sn_dep,estructural
AP0042,2026-05-05 16:21:00,0,1.2878708013618383,1.6279512381817414,OOF_dev,sn_dep,estructural
AP0042,2026-05-05 16:51:00,1,1.286297662891432,0.7268891751615035,OOF_dev,sn_dep,estructural
AP0042,2026-05-05 17:16:00,2,0.18120156267136625,0.15530142493177057,OOF_dev,sn_dep,estructural
AP0042,2026-05-05 17:36:00,3,-0.022149995024598627,0.09728462515972348,OOF_dev,sn_dep,estructural
AP0043,2026-05-05 23:45:00,0,1.8324048993093693,1.7136482927434213,OOF_dev,sn_dep,estructural
AP0043,2026-05-06 00:15:00,1,0.805583705612346,1.0894547239860992,OOF_dev,sn_dep,estructural
AP0043,2026-05-06 00:40:00,2,0.17349350233832125,0.2723008711225262,OOF_dev,sn_dep,estructural
AP0043,2026-05-06 01:00:00,3,-0.0270873675115316,0.12156486975003987,OOF_dev,sn_dep,estructural
AP0044,2026-05-06 07:19:00,0,1.5821576028341566,1.5839107735214082,OOF_dev,sn_dep,estructural
AP0044,2026-05-06 07:49:00,1,0.8639817495609885,0.9484749200747641,OOF_dev,sn_dep,estructural
AP0044,2026-05-06 08:14:00,2,-0.1060776087736407,0.22675339505848183,OOF_dev,sn_dep,estructural
AP0044,2026-05-06 08:34:00,3,0.6519360005261987,0.06247648663128632,OOF_dev,sn_dep,estructural
AP0045,2026-05-06 15:25:00,0,1.8477470305442476,1.4467938775892173,OOF_dev,sn_dep,estructural
AP0045,2026-05-06 15:55:00,1,0.20434404446018412,0.5164945045592029,OOF_dev,sn_dep,estructural
AP0045,2026-05-06 16:20:00,2,-0.0322179536925544,0.14209102991738123,OOF_dev,sn_dep,estructural
AP0045,2026-05-06 16:40:00,3,0.33247275669511817,0.34147279574867423,OOF_dev,sn_dep,estructural
AP0046,2026-05-06 22:55:00,0,1.39466680093734,1.8419156092743474,OOF_dev,sn_dep,estructural
AP0046,2026-05-06 23:25:00,1,1.077162072878326,0.8283887156854884,OOF_dev,sn_dep,estructural
AP0046,2026-05-06 23:50:00,2,0.30453260978318436,0.217032737155628,OOF_dev,sn_dep,estructural
AP0046,2026-05-07 00:10:00,3,-0.2591298391818164,0.09681758925724827,OOF_dev,sn_dep,estructural
AP0047,2026-05-07 06:37:00,0,1.766845637242848,1.9348481146373735,OOF_dev,sn_dep,estructural
AP0047,2026-05-07 07:07:00,1,0.8132318375884305,0.8317869331458717,OOF_dev,sn_dep,estructural
AP0047,2026-05-07 07:32:00,2,0.1255932799507918,0.16778878518006146,OOF_dev,sn_dep,estructural
AP0047,2026-05-07 07:52:00,3,0.47303461219453224,0.08511187122904842,OOF_dev,sn_dep,estructural
AP0048,2026-05-07 14:46:00,0,1.7034055804281572,1.471748671554625,OOF_dev,sn_dep,estructural
AP0048,2026-05-07 15:16:00,1,0.7285932886356694,0.45492479497475097,OOF_dev,sn_dep,estructural
AP0048,2026-05-07 15:41:00,2,0.37421411280520356,0.4816106010309471,OOF_dev,sn_dep,estructural
AP0048,2026-05-07 16:01:00,3,0.21022795029861577,0.08838626995376014,OOF_dev,sn_dep,estructural
AP0049,2026-05-07 22:30:00,0,1.6177519465752412,1.5102856513549934,OOF_dev,sn_dep,estructural
AP0049,2026-05-07 23:00:00,1,0.35718395743228876,1.3623445669069765,OOF_dev,sn_dep,estructural
AP0049,2026-05-07 23:25:00,2,0.42306171015603156,0.31869907651227664,OOF_dev,sn_dep,estructural
AP0049,2026-05-07 23:45:00,3,0.6935822296782066,0.10918492746482215,OOF_dev,sn_dep,estructural
AP0050,2026-05-08 06:19:00,0,1.0054694765703351,3.912023005428149,OOF_dev,sn_dep,estructural
AP0050,2026-05-08 06:49:00,1,1.1777656097681455,0.9249928356533195,OOF_dev,sn_dep,estructural
AP0050,2026-05-08 07:14:00,2,0.5020362765208675,0.21237100339125262,OOF_dev,sn_dep,estructural
AP0051,2026-05-08 14:35:00,0,2.250396238351301,1.2259061550185217,OOF_dev,sn_dep,estructural
AP0051,2026-05-08 15:05:00,1,-0.17283751361674626,0.7216344838055044,OOF_dev,sn_dep,estructural
AP0051,2026-05-08 15:30:00,2,0.6393179333568401,0.1499016443623458,OOF_dev,sn_dep,estructural
AP0051,2026-05-08 15:50:00,3,-0.36157628477254405,0.04644064592167333,OOF_dev,sn_dep,estructural
AP0052,2026-05-08 22:34:00,0,1.9613316319059473,1.8428118850348676,OOF_dev,sn_dep,estructural
AP0052,2026-05-08 23:04:00,1,0.7462484007203916,0.6992549337185089,OOF_dev,sn_dep,estructural
AP0052,2026-05-08 23:29:00,2,0.8149020920455408,0.2070101097845641,OOF_dev,sn_dep,estructural
AP0053,2026-05-09 06:37:00,0,2.236357643965174,1.2357552986183835,OOF_dev,sn_dep,estructural
AP0053,2026-05-09 07:07:00,1,0.2600731645800441,0.5928007790364915,OOF_dev,sn_dep,estructural
AP0053,2026-05-09 07:32:00,2,0.6515806714070407,0.2164970866638136,OOF_dev,sn_dep,estructural
AP0053,2026-05-09 07:52:00,3,0.6464326622460108,0.058769391166399045,OOF_dev,sn_dep,estructural
AP0054,2026-05-09 14:44:00,0,2.3317287704381053,1.4766532320943695,OOF_dev,sn_dep,estructural
AP0054,2026-05-09 15:14:00,1,0.23991544849527155,0.7620317371881119,OOF_dev,sn_dep,estructural
AP0054,2026-05-09 15:39:00,2,0.3894148970400156,0.1467436768582817,OOF_dev,sn_dep,estructural
AP0054,2026-05-09 15:59:00,3,0.2679907071074576,0.06721084631693972,OOF_dev,sn_dep,estructural
AP0055,2026-05-09 22:16:00,0,1.1381557030727498,2.2427614484218914,OOF_dev,sn_dep,estructural
AP0055,2026-05-09 22:46:00,1,0.04313693996380981,1.0615143265919582,OOF_dev,sn_dep,estructural
AP0055,2026-05-09 23:11:00,2,0.5291541996297373,0.2906140382770761,OOF_dev,sn_dep,estructural
AP0055,2026-05-09 23:31:00,3,0.5145357897235469,0.07827755835158497,OOF_dev,sn_dep,estructural
AP0056,2026-05-10 06:10:00,0,1.1226354782478065,2.1031571364036115,OOF_dev,sn_dep,estructural
AP0056,2026-05-10 06:40:00,1,0.4964563402985126,0.9149209873315501,OOF_dev,sn_dep,estructural
AP0056,2026-05-10 07:05:00,2,0.8320937246051517,0.23611604085077442,OOF_dev,sn_dep,estructural
AP0057,2026-05-10 14:15:00,0,1.4808930108952245,1.0089458650334902,OOF_dev,sn_dep,estructural
AP0057,2026-05-10 14:45:00,1,0.25813426878207335,0.806171814826844,OOF_dev,sn_dep,estructural
AP0057,2026-05-10 15:10:00,2,0.7881471004398412,0.19556495467050744,OOF_dev,sn_dep,estructural
AP0058,2026-05-10 21:48:00,0,1.011480649018565,0.0409351277930927,OOF_dev,sn_dep,estructural
AP0058,2026-05-10 22:18:00,1,1.1695655257885296,0.698686908120043,OOF_dev,sn_dep,estructural
AP0058,2026-05-10 22:43:00,2,0.18133659730445037,0.6555960677495081,OOF_dev,sn_dep,estructural
AP0058,2026-05-10 23:03:00,3,0.3637003941445388,0.7309974584643404,OOF_dev,sn_dep,estructural
AP0059,2026-05-11 05:54:00,0,2.3274927458757704,1.4071110893977739,OOF_dev,sn_dep,estructural
AP0059,2026-05-11 06:24:00,1,-0.046751838484529004,0.7178321314281927,OOF_dev,sn_dep,estructural
AP0059,2026-05-11 06:49:00,2,0.6863558469371087,0.1929752937192978,OOF_dev,sn_dep,estructural
AP0059,2026-05-11 07:09:00,3,0.906176820201811,0.057200598481425675,OOF_dev,sn_dep,estructural
AP0060,2026-05-11 13:48:00,0,1.5803849626819026,0.2346480099254281,OOF_dev,sn_dep,estructural
AP0060,2026-05-11 14:18:00,1,1.1244734879865328,0.5012858061199826,OOF_dev,sn_dep,estructural
AP0060,2026-05-11 15:03:00,3,0.473338386358697,3.912023005428147,OOF_dev,sn_dep,estructural
AP0061,2026-05-11 23:11:00,0,1.4043270731507493,0.7591833263608176,OOF_dev,sn_dep,estructural
AP0061,2026-05-11 23:41:00,1,0.7013062525150394,0.5958080229245393,OOF_dev,sn_dep,estructural
AP0061,2026-05-12 00:06:00,2,0.4200487881159997,0.38780050478894285,OOF_dev,sn_dep,estructural
AP0061,2026-05-12 00:26:00,3,0.29336925771366945,0.2178608571392037,OOF_dev,sn_dep,estructural
AP0062,2026-05-12 07:42:00,0,2.212022725500104,1.227497731644002,OOF_dev,sn_dep,estructural
AP0062,2026-05-12 08:12:00,1,0.3339046776744357,1.1781043724289841,OOF_dev,sn_dep,estructural
AP0062,2026-05-12 08:37:00,2,0.5484536124490726,0.187343655922081,OOF_dev,sn_dep,estructural
AP0062,2026-05-12 08:57:00,3,0.2977782832706314,0.09555234030909085,OOF_dev,sn_dep,estructural
AP0063,2026-05-12 15:57:00,0,1.8840381601828153,1.325377488374525,OOF_dev,sn_dep,estructural
AP0063,2026-05-12 16:27:00,1,0.599283722596483,0.7119961937175803,OOF_dev,sn_dep,estructural
AP0063,2026-05-12 16:52:00,2,0.03576495494107753,0.1262238948957068,OOF_dev,sn_dep,estructural
AP0063,2026-05-12 17:12:00,3,0.4678433167311667,0.06604748011314365,OOF_dev,sn_dep,estructural
AP0064,2026-05-13 00:05:00,0,2.0874833750310042,1.1800050148134031,OOF_dev,sn_dep,estructural
AP0064,2026-05-13 00:35:00,1,0.6738629904560275,0.4766248847102333,OOF_dev,sn_dep,estructural
AP0064,2026-05-13 01:00:00,2,0.5673797121129177,0.2690125029854737,OOF_dev,sn_dep,estructural
AP0065,2026-05-13 07:53:00,0,2.4142337017105118,1.673158843244247,OOF_dev,sn_dep,estructural
AP0065,2026-05-13 08:23:00,1,0.1218205871235972,1.0648736738825277,OOF_dev,sn_dep,estructural
AP0065,2026-05-13 08:48:00,2,0.1065762881367933,0.15217904104087693,OOF_dev,sn_dep,estructural
AP0066,2026-05-13 15:40:00,0,1.7469708881806651,1.2957301182812841,OOF_dev,sn_dep,estructural
AP0066,2026-05-13 16:10:00,1,0.38202491760855384,0.766689562068015,OOF_dev,sn_dep,estructural
AP0066,2026-05-13 16:35:00,2,0.6680970211732832,0.14275938338222993,OOF_dev,sn_dep,estructural
AP0067,2026-05-13 23:36:00,0,1.630103537412824,1.5336018584623463,OOF_dev,sn_dep,estructural
AP0067,2026-05-14 00:06:00,1,0.9341441297510331,0.675287476658223,OOF_dev,sn_dep,estructural
AP0068,2026-05-14 06:57:00,0,1.5615825941559993,1.3411442007940144,OOF_dev,sn_dep,estructural
AP0068,2026-05-14 07:27:00,1,0.011045281411200434,0.7722539968932128,OOF_dev,sn_dep,estructural
AP0068,2026-05-14 07:52:00,2,1.1224265926533443,0.09554145812511886,OOF_dev,sn_dep,estructural
AP0068,2026-05-14 08:12:00,3,0.8061823317378671,0.059813646448056,OOF_dev,sn_dep,estructural
AP0069,2026-05-14 14:51:00,0,1.532804421176827,1.4149914108788384,OOF_dev,sn_dep,estructural
AP0069,2026-05-14 15:21:00,1,0.6671484574756557,0.6227620554057378,OOF_dev,sn_dep,estructural
AP0069,2026-05-14 15:46:00,2,0.535302353149127,0.15769272493041375,OOF_dev,sn_dep,estructural
AP0070,2026-05-14 22:34:00,0,1.2831227855512295,1.3577036347964995,OOF_dev,sn_dep,estructural
AP0070,2026-05-14 23:04:00,1,0.924524779659079,0.4385301807283122,OOF_dev,sn_dep,estructural
AP0070,2026-05-14 23:29:00,2,0.5796028069545799,0.18446525793504637,OOF_dev,sn_dep,estructural
AP0071,2026-05-15 06:18:00,0,2.1828630492625813,1.3284111507014857,OOF_dev,sn_dep,estructural
AP0071,2026-05-15 06:48:00,1,0.3629775530155141,0.9026969855467947,OOF_dev,sn_dep,estructural
AP0071,2026-05-15 07:13:00,2,0.3320594853608977,0.2023456459002094,OOF_dev,sn_dep,estructural
AP0071,2026-05-15 07:33:00,3,0.005419928096873617,0.0381280643241609,OOF_dev,sn_dep,estructural
AP0072,2026-05-15 14:31:00,0,1.7541056946106162,0.9581804670517673,OOF_dev,sn_dep,estructural
AP0072,2026-05-15 15:01:00,1,0.14856202814771033,0.45579317586988405,OOF_dev,sn_dep,estructural
AP0072,2026-05-15 15:26:00,2,0.47954092250555236,0.1014006935763113,OOF_dev,sn_dep,estructural
AP0072,2026-05-15 15:46:00,3,0.6072980214982548,0.040138753554682965,OOF_dev,sn_dep,estructural
AP0073,2026-05-15 22:40:00,0,1.4999939614350237,1.292266599211282,OOF_dev,sn_dep,estructural
AP0073,2026-05-15 23:10:00,1,0.3800813444710274,0.4454387381301853,OOF_dev,sn_dep,estructural
AP0073,2026-05-15 23:35:00,2,0.35565149323946504,0.12414669243620188,OOF_dev,sn_dep,estructural
AP0073,2026-05-15 23:55:00,3,0.6938022792394536,0.04082341552116949,OOF_dev,sn_dep,estructural
AP0074,2026-05-16 06:26:00,0,1.9843745911895851,1.823591390138928,OOF_dev,sn_dep,estructural
AP0074,2026-05-16 06:56:00,1,0.20151416140658218,0.6462774888466144,OOF_dev,sn_dep,estructural
AP0074,2026-05-16 07:21:00,2,0.46006408251152053,0.08232985117094903,OOF_dev,sn_dep,estructural
AP0074,2026-05-16 07:41:00,3,1.146565035811333,0.030869482908021217,OOF_dev,sn_dep,estructural
AP0075,2026-05-16 14:21:00,0,1.6702929221153944,1.1342012181287948,OOF_dev,sn_dep,estructural
AP0075,2026-05-16 14:51:00,1,0.523144834597129,0.45588879044037706,OOF_dev,sn_dep,estructural
AP0075,2026-05-16 15:16:00,2,0.7932696903171412,0.10151655308225091,OOF_dev,sn_dep,estructural
AP0076,2026-05-16 22:05:00,0,1.967538425838664,1.0076896923625691,OOF_dev,sn_dep,estructural
AP0076,2026-05-16 22:35:00,1,0.27431548972490916,0.4954052881280067,OOF_dev,sn_dep,estructural
AP0076,2026-05-16 23:00:00,2,0.5491861809623794,0.13212783705702918,OOF_dev,sn_dep,estructural
AP0077,2026-05-17 05:42:00,0,1.9378511562363838,1.3657809335421833,OOF_dev,sn_dep,estructural
AP0077,2026-05-17 06:12:00,1,0.13785727328546404,0.6380877125177784,OOF_dev,sn_dep,estructural
AP0077,2026-05-17 06:37:00,2,0.5170289905700447,0.07883670087885562,OOF_dev,sn_dep,estructural
AP0077,2026-05-17 06:57:00,3,0.31605081745465596,0.03487892007340751,OOF_dev,sn_dep,estructural
AP0078,2026-05-17 13:51:00,0,1.2141200076165535,1.0985771574874448,OOF_dev,sn_dep,estructural
AP0078,2026-05-17 14:21:00,1,1.3458342379030426,0.485110284138044,OOF_dev,sn_dep,estructural
AP0078,2026-05-17 14:46:00,2,0.32142087021634425,0.06487285601065476,OOF_dev,sn_dep,estructural
AP0079,2026-05-17 21:39:00,0,1.851884807093492,0.6850610524522056,OOF_dev,sn_dep,estructural
AP0079,2026-05-17 22:09:00,1,0.22474561329713208,0.4267286966528247,OOF_dev,sn_dep,estructural
AP0079,2026-05-17 22:34:00,2,0.541081521762544,0.3336281336731275,OOF_dev,sn_dep,estructural
AP0079,2026-05-17 22:54:00,3,0.22927587766934615,0.21284080794541463,OOF_dev,sn_dep,estructural
AP0080,2026-05-18 05:39:00,0,2.405809222626071,0.9299201998036819,OOF_dev,sn_dep,estructural
AP0080,2026-05-18 06:09:00,1,-0.015043211123634088,0.4028794966698662,OOF_dev,sn_dep,estructural
AP0080,2026-05-18 06:34:00,2,0.640518677891515,0.15493755075514445,OOF_dev,sn_dep,estructural
AP0080,2026-05-18 06:54:00,3,0.5500905310670848,0.04764066934522005,OOF_dev,sn_dep,estructural
AP0081,2026-05-18 13:46:00,0,1.1529328308300315,0.9962612304135042,OOF_dev,sn_dep,estructural
AP0081,2026-05-18 14:16:00,1,1.3325491634260507,0.4587177290307166,OOF_dev,sn_dep,estructural
AP0081,2026-05-18 14:41:00,2,0.39620798501202387,0.08531867211429486,OOF_dev,sn_dep,estructural
AP0081,2026-05-18 15:01:00,3,0.5042887604879438,0.038454835496573636,OOF_dev,sn_dep,estructural
AP0082,2026-05-18 21:42:00,0,1.8141347559389915,1.0725611064784077,OOF_dev,sn_dep,estructural
AP0082,2026-05-18 22:12:00,1,0.6387606433325043,0.4776048216518979,OOF_dev,sn_dep,estructural
AP0082,2026-05-18 22:37:00,2,0.044597034393473296,0.19127304435928866,OOF_dev,sn_dep,estructural
AP0082,2026-05-18 22:57:00,3,0.762375022659743,0.06493511708145,OOF_dev,sn_dep,estructural
AP0083,2026-05-19 05:35:00,0,0.8123153811769733,0.9956833361014314,OOF_dev,sn_dep,estructural
AP0083,2026-05-19 06:05:00,1,1.7116688162614073,0.30199902484237734,OOF_dev,sn_dep,estructural
AP0083,2026-05-19 06:30:00,2,0.990623372592804,0.1741085228510219,OOF_dev,sn_dep,estructural
AP0083,2026-05-19 06:50:00,3,0.6820342790625785,0.07273610905956676,OOF_dev,sn_dep,estructural
AP0084,2026-05-19 14:04:00,0,2.2226616784787505,1.0177490423055031,OOF_dev,sn_dep,estructural
AP0084,2026-05-19 14:34:00,1,0.8180313047634259,0.7444558581655792,OOF_dev,sn_dep,estructural
AP0084,2026-05-19 14:59:00,2,0.43128805090747896,0.14176535541424803,OOF_dev,sn_dep,estructural
AP0085,2026-05-19 21:35:00,0,1.9532841858423398,0.8725480260321189,OOF_dev,sn_dep,estructural
AP0085,2026-05-19 22:05:00,1,0.5886983722263542,0.6185381727583087,OOF_dev,sn_dep,estructural
AP0085,2026-05-19 22:30:00,2,0.37492870081588636,0.23358125057099435,OOF_dev,sn_dep,estructural
AP0085,2026-05-19 22:50:00,3,0.3343902903315031,0.037452758549434695,OOF_dev,sn_dep,estructural
AP0086,2026-05-20 05:05:00,0,1.0906123052328012,1.339966675929094,OOF_dev,sn_dep,estructural
AP0086,2026-05-20 05:35:00,1,2.0568452495011775,0.38394678998044296,OOF_dev,sn_dep,estructural
AP0086,2026-05-20 06:00:00,2,0.24196742480983216,0.16177220240678797,OOF_dev,sn_dep,estructural
AP0087,2026-05-20 14:10:00,0,2.075142369071848,1.039293621275596,OOF_dev,sn_dep,estructural
AP0087,2026-05-20 14:40:00,1,0.5837256492370057,0.5690355816045098,OOF_dev,sn_dep,estructural
AP0087,2026-05-20 15:05:00,2,0.4890269553106858,0.11230816273074518,OOF_dev,sn_dep,estructural
AP0088,2026-05-20 21:42:00,0,2.1723664412831494,0.9174832384045417,OOF_dev,sn_dep,estructural
AP0088,2026-05-20 22:12:00,1,0.8014648779193484,0.7107642021134609,OOF_dev,sn_dep,estructural
AP0088,2026-05-20 22:37:00,2,-0.6571336145176774,0.1526373384474283,OOF_dev,sn_dep,estructural
AP0088,2026-05-20 22:57:00,3,-0.04602644172873263,0.05428740020034535,OOF_dev,sn_dep,estructural
AP0089,2026-05-21 06:01:00,0,2.264447507232129,0.8775239190398824,OOF_dev,sn_dep,estructural
AP0089,2026-05-21 06:31:00,1,0.3737081095962125,0.3592276788126299,OOF_dev,sn_dep,estructural
AP0089,2026-05-21 06:56:00,2,0.2507397638061022,0.16458694636427149,OOF_dev,sn_dep,estructural
AP0089,2026-05-21 07:16:00,3,0.21453799146110994,0.09338739393658946,OOF_dev,sn_dep,estructural
AP0090,2026-05-21 14:11:00,0,2.476438377506334,0.8220114092998816,OOF_dev,sn_dep,estructural
AP0090,2026-05-21 14:41:00,1,0.23819377049937782,1.0034690151800094,OOF_dev,sn_dep,estructural
AP0090,2026-05-21 15:06:00,2,0.3010153709995794,0.06241409894515793,OOF_dev,sn_dep,estructural
AP0090,2026-05-21 15:26:00,3,-0.04132639078192142,0.01867870941690688,OOF_dev,sn_dep,estructural
AP0091,2026-05-21 21:43:00,0,1.3105648503698608,1.303979436119548,OOF_dev,sn_dep,estructural
AP0091,2026-05-21 22:13:00,1,1.0877765597669007,0.7429875418438326,OOF_dev,sn_dep,estructural
AP0091,2026-05-21 22:38:00,2,0.17255764620904734,0.10083902762092344,OOF_dev,sn_dep,estructural
AP0091,2026-05-21 22:58:00,3,0.22013535576111454,0.044395517656211136,OOF_dev,sn_dep,estructural
AP0092,2026-05-22 05:46:00,0,2.3696236598944926,1.6169016530324125,OOF_dev,sn_dep,estructural
AP0092,2026-05-22 06:16:00,1,-0.1786104759222031,0.5218812766118535,OOF_dev,sn_dep,estructural
AP0092,2026-05-22 06:41:00,2,1.0818139443080885,0.22205649937750274,OOF_dev,sn_dep,estructural
AP0093,2026-05-22 13:46:00,0,2.181126156232739,0.9300116319793167,OOF_dev,sn_dep,estructural
AP0093,2026-05-22 14:16:00,1,0.28255529615143743,0.49275681037928953,OOF_dev,sn_dep,estructural
AP0093,2026-05-22 14:41:00,2,0.042797699861229756,0.17454224771964166,OOF_dev,sn_dep,estructural
AP0093,2026-05-22 15:01:00,3,0.5068285477519111,0.07549729299001061,OOF_dev,sn_dep,estructural
AP0094,2026-05-22 21:16:00,0,0.970553703412121,1.2236976699453808,OOF_dev,sn_dep,estructural
AP0094,2026-05-22 21:46:00,1,1.5445523086691093,0.4031661700125814,OOF_dev,sn_dep,estructural
AP0094,2026-05-22 22:11:00,2,0.4867766630511762,0.1954335982453874,OOF_dev,sn_dep,estructural
AP0094,2026-05-22 22:31:00,3,0.13762901074574135,0.054845043810707206,OOF_dev,sn_dep,estructural
AP0095,2026-05-23 04:44:00,0,1.8609747936057943,1.1849908548050163,OOF_dev,sn_dep,estructural
AP0095,2026-05-23 05:14:00,1,0.5648748370133508,0.4058465382567624,OOF_dev,sn_dep,estructural
AP0095,2026-05-23 05:39:00,2,0.302672829591153,0.11518734401234482,OOF_dev,sn_dep,estructural
AP0095,2026-05-23 05:59:00,3,0.9908338469995308,0.047152027546270556,OOF_dev,sn_dep,estructural
AP0096,2026-05-23 12:41:00,0,1.8123877884480764,0.929575852592902,OOF_dev,sn_dep,estructural
AP0096,2026-05-23 13:11:00,1,0.14331387438611956,0.4632144179758855,OOF_dev,sn_dep,estructural
AP0096,2026-05-23 13:36:00,2,0.19148348557224104,0.1793005490298674,OOF_dev,sn_dep,estructural
AP0096,2026-05-23 13:56:00,3,1.3732964730859862,0.07571353478836443,OOF_dev,sn_dep,estructural
AP0097,2026-05-23 19:41:00,0,1.5208430229156653,1.8632403321764988,OOF_dev,sn_dep,estructural
AP0097,2026-05-23 20:11:00,1,1.160351400888248,0.5810242056783319,OOF_dev,sn_dep,estructural
AP0097,2026-05-23 20:36:00,2,0.14520456751057192,0.21697201976828964,OOF_dev,sn_dep,estructural
AP0097,2026-05-23 20:56:00,3,0.04190868596020542,0.04941600832720914,OOF_dev,sn_dep,estructural
AP0098,2026-05-24 03:43:00,0,2.3149094425652765,1.78540372343545,OOF_dev,sn_dep,estructural
AP0098,2026-05-24 04:13:00,1,0.19630220461154654,0.8019539012692555,OOF_dev,sn_dep,estructural
AP0098,2026-05-24 04:38:00,2,0.3201609501396863,0.07223493463033355,OOF_dev,sn_dep,estructural
AP0098,2026-05-24 04:58:00,3,0.3521591482765536,0.034558940828880495,OOF_dev,sn_dep,estructural
AP0099,2026-05-24 10:40:00,0,1.57426193614139,1.4575209285812196,OOF_dev,sn_dep,estructural
AP0099,2026-05-24 11:10:00,1,0.9245701402775474,0.3120645750406841,OOF_dev,sn_dep,estructural
AP0099,2026-05-24 11:35:00,2,0.7137846342388252,0.20954837982858443,OOF_dev,sn_dep,estructural
AP0100,2026-05-24 18:30:00,0,1.7280922976826472,1.1140240284706906,OOF_dev,sn_dep,estructural
AP0100,2026-05-24 19:00:00,1,0.43796908439792737,0.3293389032247788,OOF_dev,sn_dep,estructural
AP0100,2026-05-24 19:25:00,2,0.33950109843752707,0.14380366014749385,OOF_dev,sn_dep,estructural
AP0100,2026-05-24 19:45:00,3,0.364720600691996,0.05414396475191023,OOF_dev,sn_dep,estructural
AP0101,2026-05-25 02:24:00,0,2.0136043058871227,2.0830446087886845,OOF_dev,sn_dep,estructural
AP0101,2026-05-25 02:54:00,1,0.17491778831373844,0.5946501778242574,OOF_dev,sn_dep,estructural
AP0101,2026-05-25 03:19:00,2,0.23730192475964507,0.0780816291474973,OOF_dev,sn_dep,estructural
AP0101,2026-05-25 03:39:00,3,0.4784284106729349,0.0421113240683504,OOF_dev,sn_dep,estructural
AP0102,2026-05-25 09:53:00,0,1.711209127262046,0.9630327238033076,OOF_dev,sn_dep,estructural
AP0102,2026-05-25 10:23:00,1,0.8707430974355465,0.262813641063976,OOF_dev,sn_dep,estructural
AP0102,2026-05-25 10:48:00,2,0.17660252441488136,0.19838933746125156,OOF_dev,sn_dep,estructural
AP0102,2026-05-25 11:08:00,3,0.613275149019787,0.08341929886907441,OOF_dev,sn_dep,estructural
AP0103,2026-05-25 17:50:00,0,2.351066264860745,1.257200668614682,OOF_dev,sn_dep,estructural
AP0103,2026-05-25 18:20:00,1,0.5634408317319498,0.4216141936365963,OOF_dev,sn_dep,estructural
AP0104,2026-05-26 01:22:00,0,1.8539058291990682,1.5512800107527214,OOF_dev,sn_dep,estructural
AP0104,2026-05-26 01:52:00,1,0.44488824982898895,0.5288359912840063,OOF_dev,sn_dep,estructural
AP0104,2026-05-26 02:17:00,2,0.10896257494541933,0.07399662067882354,OOF_dev,sn_dep,estructural
AP0104,2026-05-26 02:37:00,3,0.380599970068584,0.02926402166593187,OOF_dev,sn_dep,estructural
AP0105,2026-05-26 08:35:00,0,1.7725852981274919,1.1437630576341535,OOF_dev,sn_dep,estructural
AP0105,2026-05-26 09:05:00,1,0.7484530719282255,0.26473712936767896,OOF_dev,sn_dep,estructural
AP0105,2026-05-26 09:30:00,2,0.5772673491192105,0.20155838249370542,OOF_dev,sn_dep,estructural
AP0106,2026-05-26 17:00:00,0,0.9767984660798376,1.1319097492661458,OOF_dev,sn_dep,estructural
AP0106,2026-05-26 17:30:00,1,1.5786601998738439,0.33143317344123707,OOF_dev,sn_dep,estructural
AP0106,2026-05-26 17:55:00,2,0.9411630344159095,0.11971783007427965,OOF_dev,sn_dep,estructural
AP0107,2026-05-27 00:26:00,0,1.8985838613959742,1.1212712880853697,OOF_dev,sn_dep,estructural
AP0107,2026-05-27 00:56:00,1,0.12092651146738907,0.31032446715854095,OOF_dev,sn_dep,estructural
AP0107,2026-05-27 01:21:00,2,0.5982994084259353,0.2036709430387305,OOF_dev,sn_dep,estructural
AP0108,2026-05-27 07:36:00,0,1.7634794375259824,1.276678253474051,OOF_dev,sn_dep,estructural
AP0108,2026-05-27 08:06:00,1,0.5827333641068588,0.29431641616143916,OOF_dev,sn_dep,estructural
AP0108,2026-05-27 08:31:00,2,0.3422494721641726,0.20422225178333078,OOF_dev,sn_dep,estructural
AP0108,2026-05-27 08:51:00,3,0.08262177028603328,0.04805016935986091,OOF_dev,sn_dep,estructural
AP0109,2026-05-27 16:00:00,0,0.9913748960903911,1.1020524336617734,OOF_dev,sn_dep,estructural
AP0109,2026-05-27 16:30:00,1,1.3659947324992525,0.37618495272939284,OOF_dev,sn_dep,estructural
AP0109,2026-05-27 16:55:00,2,0.29999699259106377,0.09796614579399159,OOF_dev,sn_dep,estructural
AP0109,2026-05-27 17:15:00,3,0.12418393312657323,0.041644966017032166,OOF_dev,sn_dep,estructural
AP0110,2026-05-27 23:26:00,0,1.6589997848490785,1.6013944871496164,OOF_dev,sn_dep,estructural
AP0110,2026-05-27 23:56:00,1,0.5060818061686883,0.3658989499049597,OOF_dev,sn_dep,estructural
AP0110,2026-05-28 00:21:00,2,0.5660681409991276,0.24615045634688004,OOF_dev,sn_dep,estructural
AP0111,2026-05-28 07:10:00,0,1.6479566619580424,0.7739636377184558,OOF_dev,sn_dep,estructural
AP0111,2026-05-28 07:40:00,1,0.7300735097946124,0.5852952048297728,OOF_dev,sn_dep,estructural
AP0111,2026-05-28 08:05:00,2,0.21960039869733738,0.21001054487237925,OOF_dev,sn_dep,estructural
AP0111,2026-05-28 08:25:00,3,0.2734098144824702,0.12554974539498673,OOF_dev,sn_dep,estructural
AP0112,2026-05-28 15:34:00,0,1.9135626356103732,1.1144771166409968,OOF_dev,sn_dep,estructural
AP0112,2026-05-28 16:04:00,1,0.21451993865616967,0.38834984158895924,OOF_dev,sn_dep,estructural
AP0112,2026-05-28 16:29:00,2,0.55567910552799,0.05392229033053698,OOF_dev,sn_dep,estructural
AP0112,2026-05-28 16:49:00,3,0.28396693403615425,0.026469860404805125,OOF_dev,sn_dep,estructural
AP0113,2026-05-28 23:04:00,0,1.3522705702350653,1.0515762900303587,OOF_dev,sn_dep,estructural
AP0113,2026-05-28 23:34:00,1,0.42413728407287365,0.26632173297428907,OOF_dev,sn_dep,estructural
AP0113,2026-05-28 23:59:00,2,0.4705014329869836,0.19758768448768527,OOF_dev,sn_dep,estructural
AP0113,2026-05-29 00:19:00,3,0.48738793507992373,0.09011379903118213,OOF_dev,sn_dep,estructural
AP0114,2026-05-29 07:07:00,0,1.5949686584675706,1.201599751150722,OOF_dev,sn_dep,estructural
AP0114,2026-05-29 07:37:00,1,0.5315498937215366,0.25876068816868736,OOF_dev,sn_dep,estructural
AP0114,2026-05-29 08:02:00,2,0.5112264845369012,0.18180154888075045,OOF_dev,sn_dep,estructural
AP0114,2026-05-29 08:22:00,3,0.3096945272852654,0.03321004955020557,OOF_dev,sn_dep,estructural
AP0115,2026-05-29 15:15:00,0,1.9831597378793921,1.3393285736918112,OOF_dev,sn_dep,estructural
AP0115,2026-05-29 15:45:00,1,0.0919376976064999,0.46194876814493613,OOF_dev,sn_dep,estructural
AP0115,2026-05-29 16:10:00,2,0.8415481674149644,0.08570704494577903,OOF_dev,sn_dep,estructural
AP0116,2026-05-29 22:42:00,0,1.2942424888807251,0.8340097803865364,OOF_dev,sn_dep,estructural
AP0116,2026-05-29 23:12:00,1,0.6533346080244727,0.24305655157674327,OOF_dev,sn_dep,estructural
AP0116,2026-05-29 23:37:00,2,0.17590409895480952,0.10973386902482697,OOF_dev,sn_dep,estructural
AP0116,2026-05-29 23:57:00,3,0.32403446171019307,0.1314376059680576,OOF_dev,sn_dep,estructural
AP0117,2026-05-30 07:40:00,0,1.1724925527175518,2.4309267704239104,OOF_dev,sn_dep,estructural
AP0117,2026-05-30 08:10:00,1,0.4227527327573284,0.28504406834095336,OOF_dev,sn_dep,estructural
AP0117,2026-05-30 08:35:00,2,0.34319918545466765,0.21229828910303983,OOF_dev,sn_dep,estructural
AP0117,2026-05-30 08:55:00,3,0.49233595628688565,0.05384617693163625,OOF_dev,sn_dep,estructural
AP0118,2026-05-30 15:31:00,0,1.8545489158730026,1.1053688769348722,OOF_dev,sn_dep,estructural
AP0118,2026-05-30 16:01:00,1,0.5494620071928313,0.8019462972949817,OOF_dev,sn_dep,estructural
AP0118,2026-05-30 16:26:00,2,-0.10093240086507327,0.10853061811021701,OOF_dev,sn_dep,estructural
AP0118,2026-05-30 16:46:00,3,0.35929850203806446,0.06274356738704732,OOF_dev,sn_dep,estructural
AP0119,2026-05-30 23:45:00,0,2.1607226809439455,1.179239541761114,OOF_dev,sn_dep,estructural
AP0119,2026-05-31 00:15:00,1,0.5828573661636198,0.3222295921598684,OOF_dev,sn_dep,estructural
AP0119,2026-05-31 00:40:00,2,0.5612472224277814,0.23808186147484717,OOF_dev,sn_dep,estructural
AP0120,2026-05-31 07:18:00,0,1.8504495030651607,1.4633013935942554,OOF_dev,sn_dep,estructural
AP0120,2026-05-31 07:48:00,1,0.6618022242618078,0.33468591762950495,OOF_dev,sn_dep,estructural
AP0120,2026-05-31 08:13:00,2,0.7724824624846285,0.13050630888273532,OOF_dev,sn_dep,estructural
AP0121,2026-05-31 15:15:00,0,2.380866438982569,1.533330344716936,OOF_dev,sn_dep,estructural
AP0121,2026-05-31 15:45:00,1,0.4536964169032412,0.5829425512716696,OOF_dev,sn_dep,estructural
AP0121,2026-05-31 16:10:00,2,0.3557519812403951,0.11343822629347354,OOF_dev,sn_dep,estructural
AP0122,2026-05-31 22:39:00,0,1.8589883220013943,0.8282947803794835,OOF_dev,sn_dep,estructural
AP0122,2026-05-31 23:09:00,1,0.35362046149455123,0.2198802719772409,OOF_dev,sn_dep,estructural
AP0122,2026-05-31 23:34:00,2,0.8375726246936379,0.18104894260066273,OOF_dev,sn_dep,estructural
AP0123,2026-06-01 06:22:00,0,1.3880563723656374,1.305946741147332,OOF_dev,sn_dep,estructural
AP0123,2026-06-01 06:52:00,1,0.5910221257706292,0.4306412105228754,OOF_dev,sn_dep,estructural
AP0123,2026-06-01 07:17:00,2,0.17809094017525864,0.08618495923845734,OOF_dev,sn_dep,estructural
AP0124,2026-06-01 14:36:00,0,1.8259710337870207,1.572224254963445,OOF_dev,sn_dep,estructural
AP0124,2026-06-01 15:06:00,1,0.5149768377208077,0.4183145674206976,OOF_dev,sn_dep,estructural
AP0124,2026-06-01 15:31:00,2,0.20405008919025555,0.10139737358254997,OOF_dev,sn_dep,estructural
AP0124,2026-06-01 15:51:00,3,-0.16696726158395864,0.044716871249194615,OOF_dev,sn_dep,estructural
AP0125,2026-06-01 21:57:00,0,2.2626994114687933,1.0747915227760354,OOF_dev,sn_dep,estructural
AP0125,2026-06-01 22:27:00,1,0.6852852428928556,0.4452786606729294,OOF_dev,sn_dep,estructural
AP0125,2026-06-01 22:52:00,2,0.36027278346143327,0.0844402848467818,OOF_dev,sn_dep,estructural
AP0126,2026-06-02 05:38:00,0,2.0869264066515694,1.6352327088657095,OOF_dev,sn_dep,estructural
AP0126,2026-06-02 06:08:00,1,0.8542068644458658,0.44580666756359716,OOF_dev,sn_dep,estructural
AP0126,2026-06-02 06:33:00,2,0.4287538991430866,0.09215139960553861,OOF_dev,sn_dep,estructural
AP0127,2026-06-02 13:40:00,0,2.078360022286056,1.3638112477083266,OOF_dev,sn_dep,estructural
AP0127,2026-06-02 14:10:00,1,0.6786771139782538,0.4265659823728797,OOF_dev,sn_dep,estructural
AP0127,2026-06-02 14:35:00,2,-0.35481474841342525,0.08627412234949072,OOF_dev,sn_dep,estructural
AP0127,2026-06-02 14:55:00,3,0.44490414911146237,0.03329504310154972,OOF_dev,sn_dep,estructural
AP0128,2026-06-02 21:20:00,0,2.171589791398979,1.1698251182564934,OOF_dev,sn_dep,estructural
AP0128,2026-06-02 21:50:00,1,0.6221033520297473,0.538660638187061,OOF_dev,sn_dep,estructural
AP0128,2026-06-02 22:15:00,2,0.2039969269047616,0.07786720471299882,OOF_dev,sn_dep,estructural
AP0129,2026-06-03 04:52:00,0,0.9541043868135104,1.030749012919059,OOF_dev,sn_dep,estructural
AP0129,2026-06-03 05:22:00,1,1.2511379395838866,0.3731229243483406,OOF_dev,sn_dep,estructural
AP0129,2026-06-03 05:47:00,2,1.3297218053455604,0.10516716589207727,OOF_dev,sn_dep,estructural
AP0130,2026-06-03 12:40:00,0,1.531345244595308,1.2996775384016623,OOF_dev,sn_dep,estructural
AP0130,2026-06-03 13:10:00,1,0.46358686547106426,0.3362700705977463,OOF_dev,sn_dep,estructural
AP0130,2026-06-03 13:35:00,2,0.497441298030299,0.1030944897742703,OOF_dev,sn_dep,estructural
AP0130,2026-06-03 13:55:00,3,0.21566479353120477,0.043132144982741524,OOF_dev,sn_dep,estructural
AP0131,2026-06-03 20:37:00,0,1.6884137636999659,1.2589844807961184,OOF_dev,sn_dep,estructural
AP0131,2026-06-03 21:07:00,1,-0.017937340669419106,0.41207596567134097,OOF_dev,sn_dep,estructural
AP0131,2026-06-03 21:32:00,2,0.2666821567676439,0.1681010243513637,OOF_dev,sn_dep,estructural
AP0131,2026-06-03 21:52:00,3,0.19714001001330433,0.04087582309335985,OOF_dev,sn_dep,estructural
AP0132,2026-06-04 04:50:00,0,2.02609305051244,1.2117808207520055,OOF_dev,sn_dep,estructural
AP0132,2026-06-04 05:20:00,1,0.24669360338802707,0.5148367271440331,OOF_dev,sn_dep,estructural
AP0132,2026-06-04 05:45:00,2,0.585424093796455,0.07357068634795343,OOF_dev,sn_dep,estructural
AP0133,2026-06-04 13:00:00,0,1.4306295867033418,1.2765748098977374,OOF_dev,sn_dep,estructural
AP0133,2026-06-04 13:30:00,1,0.30723979860620415,0.315019141389325,OOF_dev,sn_dep,estructural
AP0133,2026-06-04 13:55:00,2,0.8775128980652743,0.12558852034733875,OOF_dev,sn_dep,estructural
AP0133,2026-06-04 14:15:00,3,0.4235690475764984,0.05337095054367447,OOF_dev,sn_dep,estructural
AP0134,2026-06-04 21:04:00,0,1.561440249220251,1.3325577311711516,OOF_dev,sn_dep,estructural
AP0134,2026-06-04 21:34:00,1,0.7456534987318805,0.395556168672385,OOF_dev,sn_dep,estructural
AP0134,2026-06-04 21:59:00,2,0.08018470768893923,0.20638592553940016,OOF_dev,sn_dep,estructural
AP0135,2026-06-05 04:48:00,0,1.6034894302248606,1.063050503130766,OOF_dev,sn_dep,estructural
AP0135,2026-06-05 05:18:00,1,0.9306746290406779,0.3355470377388315,OOF_dev,sn_dep,estructural
AP0135,2026-06-05 05:43:00,2,0.06386257113347489,0.16254988865942402,OOF_dev,sn_dep,estructural
AP0135,2026-06-05 06:03:00,3,1.2251508876684045,0.0882689654652486,OOF_dev,sn_dep,estructural
AP0136,2026-06-05 13:23:00,0,1.9366078338011212,1.1907117817891866,OOF_dev,sn_dep,estructural
AP0136,2026-06-05 13:53:00,1,0.08109519049420275,0.40203775732541613,OOF_dev,sn_dep,estructural
AP0136,2026-06-05 14:18:00,2,0.3097846591487146,0.15614638240367018,OOF_dev,sn_dep,estructural
AP0136,2026-06-05 14:38:00,3,0.3951771638813607,0.04971511471184938,OOF_dev,sn_dep,estructural
AP0137,2026-06-05 21:09:00,0,1.5035050068385851,1.120817622986792,OOF_dev,sn_dep,estructural
AP0137,2026-06-05 21:39:00,1,0.9923963083283251,0.3126122592874219,OOF_dev,sn_dep,estructural
AP0137,2026-06-05 22:04:00,2,0.33658829948967617,0.1738379711416114,OOF_dev,sn_dep,estructural
AP0138,2026-06-06 04:39:00,0,2.0725193683434795,1.0806688047518556,OOF_dev,sn_dep,estructural
AP0138,2026-06-06 05:09:00,1,0.22275157881296692,0.41319092914541844,OOF_dev,sn_dep,estructural
AP0138,2026-06-06 05:34:00,2,0.40173266789913825,0.16633196582083382,OOF_dev,sn_dep,estructural
AP0138,2026-06-06 05:54:00,3,0.5841557985366674,0.04726286197881054,OOF_dev,sn_dep,estructural
AP0139,2026-06-06 13:43:00,0,2.3355040214561003,1.155292120353059,OOF_dev,sn_dep,estructural
AP0139,2026-06-06 14:13:00,1,0.877249203167567,0.4408171427411921,OOF_dev,sn_dep,estructural
AP0139,2026-06-06 14:38:00,2,0.42308232192184986,0.1804916311154928,OOF_dev,sn_dep,estructural
AP0140,2026-06-06 21:05:00,0,2.2514357776150544,1.1752836604407622,OOF_dev,sn_dep,estructural
AP0140,2026-06-06 21:35:00,1,0.0755021025003285,0.48711179872787336,OOF_dev,sn_dep,estructural
AP0140,2026-06-06 22:00:00,2,0.16522337520919322,0.18707956727318342,OOF_dev,sn_dep,estructural
AP0140,2026-06-06 22:20:00,3,0.047303207081047495,0.05757648674213353,OOF_dev,sn_dep,estructural
AP0141,2026-06-07 04:53:00,0,1.9080516028355312,1.0083684799298152,OOF_dev,sn_dep,estructural
AP0141,2026-06-07 05:23:00,1,0.15218416831899262,0.4561799125253243,OOF_dev,sn_dep,estructural
AP0141,2026-06-07 05:48:00,2,0.7307171503707787,0.09842569850503892,OOF_dev,sn_dep,estructural
AP0141,2026-06-07 06:08:00,3,-0.06974654074858816,0.08016101696956364,OOF_dev,sn_dep,estructural
AP0142,2026-06-07 13:07:00,0,2.078564682658994,0.7070641309881776,OOF_dev,sn_dep,estructural
AP0142,2026-06-07 13:37:00,1,0.44221702690330383,0.8703571478529765,OOF_dev,sn_dep,estructural
AP0142,2026-06-07 14:02:00,2,0.6057217619762225,0.227552423923529,OOF_dev,sn_dep,estructural
AP0143,2026-06-07 20:53:00,0,1.8735228532877208,1.0083497526676743,OOF_dev,sn_dep,estructural
AP0143,2026-06-07 21:23:00,1,0.4204122061759104,0.34331157080608626,OOF_dev,sn_dep,estructural
AP0143,2026-06-07 21:48:00,2,0.9943656440394821,0.16823065450188815,OOF_dev,sn_dep,estructural
AP0144,2026-06-08 04:27:00,0,1.637950098391382,1.1224753339845543,OOF_dev,sn_dep,estructural
AP0144,2026-06-08 04:57:00,1,1.4060991699507492,0.35669174426894845,OOF_dev,sn_dep,estructural
AP0144,2026-06-08 05:22:00,2,0.1188453345663848,0.0980796544231826,OOF_dev,sn_dep,estructural
AP0145,2026-06-08 12:07:00,0,1.8469065861216518,0.9753569778616092,OOF_dev,sn_dep,estructural
AP0145,2026-06-08 12:37:00,1,0.10020212613291131,0.3733473648566299,OOF_dev,sn_dep,estructural
AP0145,2026-06-08 13:02:00,2,0.6984570893944961,0.07112303256636432,OOF_dev,sn_dep,estructural
AP0145,2026-06-08 13:22:00,3,0.168225847300446,0.03600846648752225,OOF_dev,sn_dep,estructural
AP0146,2026-06-08 19:50:00,0,1.6889476835163653,0.9587264390734592,OOF_dev,sn_dep,estructural
AP0146,2026-06-08 20:20:00,1,0.2769135028829336,0.32108385301843695,OOF_dev,sn_dep,estructural
AP0146,2026-06-08 20:45:00,2,0.6701507557547116,0.15144741896858316,OOF_dev,sn_dep,estructural
AP0146,2026-06-08 21:05:00,3,0.6375650206425066,0.07486169550492093,OOF_dev,sn_dep,estructural
AP0147,2026-06-09 03:38:00,0,2.0546710650747815,1.1197970572371827,OOF_dev,sn_dep,estructural
AP0147,2026-06-09 04:08:00,1,0.6235174747690888,0.31107319632216734,OOF_dev,sn_dep,estructural
AP0147,2026-06-09 04:33:00,2,0.9857070692337566,0.09696593695349495,OOF_dev,sn_dep,estructural
AP0148,2026-06-09 11:13:00,0,1.5904822548393969,0.9410523273391156,OOF_dev,sn_dep,estructural
AP0148,2026-06-09 11:43:00,1,0.7570494837288263,0.31254974080857245,OOF_dev,sn_dep,estructural
AP0148,2026-06-09 12:08:00,2,0.17535825752268663,0.05303096833623288,OOF_dev,sn_dep,estructural
AP0148,2026-06-09 12:28:00,3,0.30305597919491994,0.02513575954025566,OOF_dev,sn_dep,estructural
AP0149,2026-06-09 18:52:00,0,2.0482286855624117,0.8444772340697373,OOF_dev,sn_dep,estructural
AP0149,2026-06-09 19:22:00,1,0.4700329314493474,0.36334782303220836,OOF_dev,sn_dep,estructural
AP0149,2026-06-09 19:47:00,2,0.344881129010538,0.18512202048684623,OOF_dev,sn_dep,estructural
AP0149,2026-06-09 20:07:00,3,0.2945014464833412,0.04787529646531545,OOF_dev,sn_dep,estructural
AP0150,2026-06-10 02:20:00,0,1.0625710353252023,1.1808523424483957,OOF_dev,sn_dep,estructural
AP0150,2026-06-10 02:50:00,1,0.966071892156518,0.34440434968742584,OOF_dev,sn_dep,estructural
AP0150,2026-06-10 03:15:00,2,0.8304443925776454,0.1448947995125295,OOF_dev,sn_dep,estructural
AP0151,2026-06-10 09:27:00,0,1.9916491208095743,1.4416479485307119,OOF_dev,sn_dep,estructural
AP0151,2026-06-10 09:57:00,1,0.42087966414556266,0.3877385631064769,OOF_dev,sn_dep,estructural
AP0151,2026-06-10 10:22:00,2,-0.4454068140644906,0.08660059766822437,OOF_dev,sn_dep,estructural
AP0151,2026-06-10 10:42:00,3,0.16795520534982772,0.03707501833801172,OOF_dev,sn_dep,estructural
AP0152,2026-06-10 17:22:00,0,1.7878761635449427,0.9700812741755255,OOF_dev,sn_dep,estructural
AP0152,2026-06-10 17:52:00,1,0.6427664224460475,0.39647567266583933,OOF_dev,sn_dep,estructural
AP0152,2026-06-10 18:17:00,2,0.496660559019373,0.17532771845828482,OOF_dev,sn_dep,estructural
AP0153,2026-06-11 00:55:00,0,1.904073376854654,1.3538314843334678,OOF_dev,sn_dep,estructural
AP0153,2026-06-11 01:25:00,1,0.8029906371119232,0.37505474743284534,OOF_dev,sn_dep,estructural
AP0153,2026-06-11 01:50:00,2,0.5328020118689816,0.16468850275140418,OOF_dev,sn_dep,estructural
AP0154,2026-06-11 08:07:00,0,1.7234734901948685,1.661201191903172,OOF_dev,sn_dep,estructural
AP0154,2026-06-11 08:37:00,1,0.38836252513668507,0.3338466658875495,OOF_dev,sn_dep,estructural
AP0154,2026-06-11 09:02:00,2,0.6160828483024787,0.2382168256779663,OOF_dev,sn_dep,estructural
AP0155,2026-06-11 16:07:00,0,1.2873537460015898,0.8467988685969385,OOF_dev,sn_dep,estructural
AP0155,2026-06-11 16:37:00,1,1.0973647943964528,0.3429829352970173,OOF_dev,sn_dep,estructural
AP0155,2026-06-11 17:02:00,2,0.22208791743374798,0.13042979969317037,OOF_dev,sn_dep,estructural
AP0155,2026-06-11 17:22:00,3,0.1593385472291925,0.03012965147015875,OOF_dev,sn_dep,estructural
AP0156,2026-06-11 23:35:00,0,2.214910816997798,1.2369883086269602,OOF_dev,sn_dep,estructural
AP0156,2026-06-12 00:05:00,1,0.03439499461437669,0.3855866079011587,OOF_dev,sn_dep,estructural
AP0156,2026-06-12 00:30:00,2,0.7121599485735663,0.12240099751149844,OOF_dev,sn_dep,estructural
AP0157,2026-06-12 06:57:00,0,1.7324392048554538,1.18372423611517,OOF_dev,sn_dep,estructural
AP0157,2026-06-12 07:27:00,1,0.09735789860215018,0.30590741679923356,OOF_dev,sn_dep,estructural
AP0157,2026-06-12 07:52:00,2,0.6197891442816806,0.1786096479347512,OOF_dev,sn_dep,estructural
AP0157,2026-06-12 08:12:00,3,0.15903408423828896,0.052860718529298266,OOF_dev,sn_dep,estructural
AP0158,2026-06-12 14:39:00,0,1.666311005250664,1.0025920599934268,OOF_dev,sn_dep,estructural
AP0158,2026-06-12 15:09:00,1,0.4742913704800877,0.2684493784605866,OOF_dev,sn_dep,estructural
AP0158,2026-06-12 15:34:00,2,0.2917072770623856,0.14541715557426038,OOF_dev,sn_dep,estructural
AP0158,2026-06-12 15:54:00,3,0.24538475655723388,0.04985557890162242,OOF_dev,sn_dep,estructural
AP0159,2026-06-12 22:17:00,0,1.0939469816606469,2.0263996728919507,OOF_dev,sn_dep,estructural
AP0159,2026-06-12 22:47:00,1,0.7970809274909524,0.4064589859345852,OOF_dev,sn_dep,estructural
AP0159,2026-06-12 23:12:00,2,0.3967919286254568,0.12753488158061027,OOF_dev,sn_dep,estructural
AP0160,2026-06-13 05:38:00,0,2.2094992965137794,1.5069580814037757,OOF_dev,sn_dep,estructural
AP0160,2026-06-13 06:08:00,1,0.025908932963343186,0.4603864139305235,OOF_dev,sn_dep,estructural
AP0160,2026-06-13 06:33:00,2,0.5767178749458055,0.14456456023002517,OOF_dev,sn_dep,estructural
AP0161,2026-06-13 13:38:00,0,2.1919224659668735,0.9645243846777104,OOF_dev,sn_dep,estructural
AP0161,2026-06-13 14:08:00,1,0.21500838555703322,0.3874829422723645,OOF_dev,sn_dep,estructural
AP0161,2026-06-13 14:33:00,2,0.0726101776874643,0.20216271201733996,OOF_dev,sn_dep,estructural
AP0161,2026-06-13 14:53:00,3,0.2758500551701026,0.12692199822542025,OOF_dev,sn_dep,estructural
AP0162,2026-06-13 21:16:00,0,1.0772517727846933,1.4220740193241175,OOF_dev,sn_dep,estructural
AP0162,2026-06-13 21:46:00,1,1.2763861835561732,0.406831803345355,OOF_dev,sn_dep,estructural
AP0162,2026-06-13 22:11:00,2,0.15252771343854848,0.1270793839839228,OOF_dev,sn_dep,estructural
AP0162,2026-06-13 22:31:00,3,0.013447855943598428,0.03867818251125528,OOF_dev,sn_dep,estructural
AP0163,2026-06-14 05:08:00,0,2.3620215775199798,1.3182816642299682,OOF_dev,sn_dep,estructural
AP0163,2026-06-14 05:38:00,1,1.0672154081149074,0.5394443442549349,OOF_dev,sn_dep,estructural
AP0163,2026-06-14 06:03:00,2,0.049563600750614924,0.1594890308188332,OOF_dev,sn_dep,estructural
AP0164,2026-06-14 12:50:00,0,1.264541870442262,1.2647295017175655,OOF_dev,sn_dep,estructural
AP0164,2026-06-14 14:05:00,3,0.4095690274091844,0.12151825067413372,OOF_dev,sn_dep,estructural
AP0165,2026-06-14 20:40:00,0,1.735317992117217,1.1636984070980076,OOF_dev,sn_dep,estructural
AP0165,2026-06-14 21:10:00,1,0.6650787969327459,0.3862702563112673,OOF_dev,sn_dep,estructural
AP0165,2026-06-14 21:35:00,2,0.08421917218288238,0.16872250378515,OOF_dev,sn_dep,estructural
AP0165,2026-06-14 21:55:00,3,0.28960375454795667,0.061250281376012086,OOF_dev,sn_dep,estructural
AP0166,2026-06-15 04:33:00,0,2.343307780962415,1.2009360216106513,OOF_dev,sn_dep,estructural
AP0166,2026-06-15 05:03:00,1,0.04738759578042578,0.4656538514518776,OOF_dev,sn_dep,estructural
AP0166,2026-06-15 05:28:00,2,0.1506220142017993,0.11269395422651102,OOF_dev,sn_dep,estructural
AP0166,2026-06-15 05:48:00,3,0.09752483825307573,0.04626216787245826,OOF_dev,sn_dep,estructural
AP0167,2026-06-15 12:15:00,0,1.5120667540456065,1.5445949801680001,OOF_dev,sn_dep,estructural
AP0167,2026-06-15 12:45:00,1,0.10442045294547149,0.2685033885972824,OOF_dev,sn_dep,estructural
AP0167,2026-06-15 13:10:00,2,0.4911087485841659,0.20398213567351545,OOF_dev,sn_dep,estructural
AP0167,2026-06-15 13:30:00,3,0.27672125626350286,0.08568563107081481,OOF_dev,sn_dep,estructural
AP0168,2026-06-15 20:04:00,0,2.098958667243184,1.3004514054920944,OOF_dev,sn_dep,estructural
AP0168,2026-06-15 20:34:00,1,0.7525504138298239,0.4693339557324869,OOF_dev,sn_dep,estructural
AP0168,2026-06-15 20:59:00,2,0.16481682651474966,0.20446328369613126,OOF_dev,sn_dep,estructural
AP0168,2026-06-15 21:19:00,3,0.14449971698906788,0.06778496639916033,OOF_dev,sn_dep,estructural
AP0169,2026-06-16 04:15:00,0,1.3362283425360588,1.1008115654592754,OOF_dev,sn_dep,estructural
AP0169,2026-06-16 04:45:00,1,0.9168337126612526,0.3798690851995652,OOF_dev,sn_dep,estructural
AP0169,2026-06-16 05:10:00,2,-0.11389018031612684,0.05828717739750685,OOF_dev,sn_dep,estructural
AP0169,2026-06-16 05:30:00,3,0.17767379518289345,0.04749798485339172,OOF_dev,sn_dep,estructural
AP0170,2026-06-16 12:18:00,0,1.54073748789804,1.441099588977346,OOF_dev,sn_dep,estructural
AP0170,2026-06-16 12:48:00,1,0.9226110835824491,0.47675039918474327,OOF_dev,sn_dep,estructural
AP0170,2026-06-16 13:13:00,2,0.03935827081519447,0.11831601400753149,OOF_dev,sn_dep,estructural
AP0170,2026-06-16 13:33:00,3,0.37484889394581955,0.03603050893124584,OOF_dev,sn_dep,estructural
AP0171,2026-06-16 20:45:00,0,2.4925377161553586,1.4009973838299603,OOF_dev,sn_dep,estructural
AP0171,2026-06-16 21:15:00,1,-0.18943779540449562,0.500035161875975,OOF_dev,sn_dep,estructural
AP0171,2026-06-16 21:40:00,2,0.7592777518976139,0.13599696435336164,OOF_dev,sn_dep,estructural
AP0171,2026-06-16 22:00:00,3,0.03183645418160912,0.07165625425535735,OOF_dev,sn_dep,estructural
AP0172,2026-06-17 04:53:00,0,1.9745696549227023,1.421178883441449,OOF_dev,sn_dep,estructural
AP0172,2026-06-17 05:23:00,1,0.12319809852928951,0.5042826326093964,OOF_dev,sn_dep,estructural
AP0172,2026-06-17 05:48:00,2,0.8367962695184689,0.11640136706895089,OOF_dev,sn_dep,estructural
AP0173,2026-06-17 12:40:00,0,1.3051061148830567,1.1144531718356214,OOF_dev,sn_dep,estructural
AP0173,2026-06-17 13:10:00,1,0.9763251419642262,0.3776889102445203,OOF_dev,sn_dep,estructural
AP0173,2026-06-17 13:35:00,2,0.3034826184210034,0.07841892781336805,OOF_dev,sn_dep,estructural
AP0173,2026-06-17 13:55:00,3,0.8400256251086026,0.038793693542340066,OOF_dev,sn_dep,estructural
AP0174,2026-06-17 20:11:00,0,2.090579008627544,1.4857227482833486,OOF_dev,sn_dep,estructural
AP0174,2026-06-17 20:41:00,1,0.48818962935345267,0.4296080335900442,OOF_dev,sn_dep,estructural
AP0174,2026-06-17 21:06:00,2,0.6017045183572715,0.17978902667366825,OOF_dev,sn_dep,estructural
AP0175,2026-06-18 03:43:00,0,1.960733579458919,1.6785751860664233,OOF_dev,sn_dep,estructural
AP0175,2026-06-18 04:13:00,1,0.14262094167306802,0.518072718827927,OOF_dev,sn_dep,estructural
AP0175,2026-06-18 04:38:00,2,0.6409837032287987,0.13219404536866453,OOF_dev,sn_dep,estructural
AP0175,2026-06-18 04:58:00,3,0.3856099895060246,0.06894288101427057,OOF_dev,sn_dep,estructural
AP0176,2026-06-18 11:40:00,0,1.0135494251754538,1.1166657608610835,OOF_dev,sn_dep,estructural
AP0176,2026-06-18 12:10:00,1,1.1933898490990427,0.38263964671331235,OOF_dev,sn_dep,estructural
AP0176,2026-06-18 12:35:00,2,0.5390068784942985,0.13133751755660425,OOF_dev,sn_dep,estructural
AP0176,2026-06-18 12:55:00,3,0.2957681241633688,0.05342408142171282,OOF_dev,sn_dep,estructural
AP0177,2026-06-18 19:35:00,0,1.2411227001760503,1.2255802213029086,OOF_dev,sn_dep,estructural
AP0177,2026-06-18 20:05:00,1,0.9180297052516081,0.5470811151895416,OOF_dev,sn_dep,estructural
AP0177,2026-06-18 20:30:00,2,0.1110758493520266,0.15374235546142198,OOF_dev,sn_dep,estructural
AP0177,2026-06-18 20:50:00,3,0.8385983070835568,0.06918457721879732,OOF_dev,sn_dep,estructural
AP0178,2026-06-19 03:44:00,0,2.0937606289027855,1.4897941060321354,OOF_dev,sn_dep,estructural
AP0178,2026-06-19 04:14:00,1,0.14937743456680036,0.5201208076753217,OOF_dev,sn_dep,estructural
AP0178,2026-06-19 04:39:00,2,0.8261962647059515,0.13462173696088436,OOF_dev,sn_dep,estructural
AP0178,2026-06-19 04:59:00,3,0.5104404420927434,0.06495579563368342,OOF_dev,sn_dep,estructural
AP0179,2026-06-19 11:49:00,0,1.8936385509301519,1.354581345659,OOF_dev,sn_dep,estructural
AP0179,2026-06-19 12:19:00,1,0.4797937461982149,0.4359622656866976,OOF_dev,sn_dep,estructural
AP0179,2026-06-19 12:44:00,2,0.22312922218902906,0.11328389312572842,OOF_dev,sn_dep,estructural
AP0179,2026-06-19 13:04:00,3,0.07315285166598025,0.03768519881416868,OOF_dev,sn_dep,estructural
AP0180,2026-06-19 19:50:00,0,0.8213061425966536,1.318285708556541,OOF_dev,sn_dep,estructural
AP0180,2026-06-19 20:20:00,1,1.8092038072479035,0.4173389444498904,OOF_dev,sn_dep,estructural
AP0180,2026-06-19 20:45:00,2,0.36713074166655274,0.13115059216243266,OOF_dev,sn_dep,estructural
AP0181,2026-06-20 03:43:00,0,1.3659603328195666,0.8008005077586118,OOF_dev,sn_dep,estructural
AP0181,2026-06-20 04:13:00,1,1.0243096667294234,0.8480401008368328,OOF_dev,sn_dep,estructural
AP0181,2026-06-20 04:38:00,2,0.17004123233181082,0.24967358687310018,OOF_dev,sn_dep,estructural
AP0181,2026-06-20 04:58:00,3,0.6768364609310077,0.1456910371881146,OOF_dev,sn_dep,estructural
AP0182,2026-06-20 12:23:00,0,1.9448129556121039,0.7381916628002101,OOF_dev,sn_dep,estructural
AP0182,2026-06-20 12:53:00,1,0.12689153121805025,0.26838561897824853,OOF_dev,sn_dep,estructural
AP0182,2026-06-20 13:18:00,2,0.3384328878807316,0.08825431144243268,OOF_dev,sn_dep,estructural
AP0182,2026-06-20 13:38:00,3,0.37751407062355785,0.06320207893112738,OOF_dev,sn_dep,estructural
AP0183,2026-06-20 20:50:00,0,1.0440129030647742,1.2778611400491118,OOF_dev,sn_dep,estructural
AP0183,2026-06-20 21:20:00,1,1.389149996101103,0.4373274842862854,OOF_dev,sn_dep,estructural
AP0183,2026-06-20 21:45:00,2,0.48507653250390775,0.14123453037191291,OOF_dev,sn_dep,estructural
AP0183,2026-06-20 22:05:00,3,-0.3156907799004665,0.043123882942984366,OOF_dev,sn_dep,estructural
AP0184,2026-06-21 06:33:00,0,1.8646242627091676,1.3063056038147887,OOF_dev,sn_dep,estructural
AP0184,2026-06-21 07:03:00,1,0.5087237356909361,0.4393187831056828,OOF_dev,sn_dep,estructural
AP0184,2026-06-21 07:28:00,2,0.26907606646920673,0.09807848896365841,OOF_dev,sn_dep,estructural
AP0184,2026-06-21 07:48:00,3,0.3035236217179718,0.031573476471055406,OOF_dev,sn_dep,estructural
AP0185,2026-06-21 14:46:00,0,2.22719272309435,1.6704392667330155,OOF_dev,sn_dep,estructural
AP0185,2026-06-21 15:16:00,1,0.4845495547596236,0.5717538744682884,OOF_dev,sn_dep,estructural
AP0185,2026-06-21 15:41:00,2,-0.054339725738620094,0.10885173834381763,OOF_dev,sn_dep,estructural
AP0185,2026-06-21 16:01:00,3,-0.029311105043301432,0.046604227082768825,OOF_dev,sn_dep,estructural
AP0186,2026-06-21 22:26:00,0,1.4116239483887614,1.3573892965069168,OOF_dev,sn_dep,estructural
AP0186,2026-06-21 22:56:00,1,0.9697884300251365,0.4588556001930243,OOF_dev,sn_dep,estructural
AP0186,2026-06-21 23:21:00,2,0.1298075381111257,0.08652830784495294,OOF_dev,sn_dep,estructural
AP0186,2026-06-21 23:41:00,3,0.6292766368168218,0.04438922977544575,OOF_dev,sn_dep,estructural
AP0187,2026-06-22 06:33:00,0,2.0394647047379104,1.1611879946671362,OOF_dev,sn_dep,estructural
AP0187,2026-06-22 07:03:00,1,0.23230164566840222,0.5446612173102349,OOF_dev,sn_dep,estructural
AP0187,2026-06-22 07:28:00,2,0.5198855538117308,0.06132779713595808,OOF_dev,sn_dep,estructural
AP0187,2026-06-22 07:48:00,3,-0.022865979270783914,0.04276656135351704,OOF_dev,sn_dep,estructural
AP0188,2026-06-22 14:45:00,0,2.257562074998631,2.042408486051834,OOF_dev,sn_dep,estructural
AP0188,2026-06-22 15:15:00,1,0.19953081194294262,0.6484983514370234,OOF_dev,sn_dep,estructural
AP0188,2026-06-22 15:40:00,2,-0.19152061801613596,0.14846107646710996,OOF_dev,sn_dep,estructural
AP0188,2026-06-22 16:00:00,3,0.18318440572648384,0.048899164642314676,OOF_dev,sn_dep,estructural
AP0189,2026-06-22 22:35:00,0,1.216325146937051,1.0995270797031027,OOF_dev,sn_dep,estructural
AP0189,2026-06-22 23:05:00,1,0.6040155614765187,0.3828037804592131,OOF_dev,sn_dep,estructural
AP0189,2026-06-22 23:30:00,2,0.3025617257849043,0.0721156065333394,OOF_dev,sn_dep,estructural
AP0189,2026-06-22 23:50:00,3,0.6984814123020585,0.037161708003123566,OOF_dev,sn_dep,estructural
AP0190,2026-06-23 06:31:00,0,1.947252598288315,1.2848082482541197,OOF_dev,sn_dep,estructural
AP0190,2026-06-23 07:01:00,1,0.5918569257908656,0.394655503892027,OOF_dev,sn_dep,estructural
AP0190,2026-06-23 07:26:00,2,0.44074983588904076,0.13666241671107954,OOF_dev,sn_dep,estructural
AP0191,2026-06-23 15:01:00,0,2.2596728716868495,1.1343399591298853,OOF_dev,sn_dep,estructural
AP0191,2026-06-23 15:31:00,1,0.19795182781320816,0.41510289812870044,OOF_dev,sn_dep,estructural
AP0191,2026-06-23 15:56:00,2,0.45729069695759017,0.09028364294547084,OOF_dev,sn_dep,estructural
AP0191,2026-06-23 16:16:00,3,0.7091936042127756,0.03849542261229003,OOF_dev,sn_dep,estructural
AP0192,2026-06-23 22:25:00,0,1.7432604444606408,1.2181415376905957,OOF_dev,sn_dep,estructural
AP0192,2026-06-23 22:55:00,1,0.45406413960222514,0.3983279175014838,OOF_dev,sn_dep,estructural
AP0192,2026-06-23 23:20:00,2,-0.015761955081336054,0.06547315190838396,OOF_dev,sn_dep,estructural
AP0192,2026-06-23 23:40:00,3,0.16014673091335332,0.05447212521835026,OOF_dev,sn_dep,estructural
AP0193,2026-06-24 06:31:00,0,1.7977921410673097,1.3745038340846742,OOF_dev,sn_dep,estructural
AP0193,2026-06-24 07:01:00,1,0.23996184006387258,0.4005551737738702,OOF_dev,sn_dep,estructural
AP0193,2026-06-24 07:26:00,2,0.18818519350905283,0.12497899648858878,OOF_dev,sn_dep,estructural
AP0194,2026-06-24 14:44:00,0,1.7718896453615343,1.7203929611244742,OOF_dev,sn_dep,estructural
AP0194,2026-06-24 15:14:00,1,0.7649896966281174,0.49420819899771956,OOF_dev,sn_dep,estructural
AP0194,2026-06-24 15:39:00,2,-0.43887367071682537,0.1246330835893488,OOF_dev,sn_dep,estructural
AP0194,2026-06-24 15:59:00,3,-0.5807981965009142,0.03095531347803002,OOF_dev,sn_dep,estructural
AP0195,2026-06-24 22:22:00,0,1.9264111541158577,1.5695977319168766,OOF_dev,sn_dep,estructural
AP0195,2026-06-24 22:52:00,1,0.4105843727253667,0.5385410905262685,OOF_dev,sn_dep,estructural
AP0195,2026-06-24 23:17:00,2,0.12289723697205293,0.09844208263441878,OOF_dev,sn_dep,estructural
AP0195,2026-06-24 23:37:00,3,0.6526557482036816,0.029718648855547453,OOF_dev,sn_dep,estructural
AP0196,2026-06-25 06:26:00,0,1.2369110229124807,2.0001366398787437,OOF_dev,sn_dep,estructural
AP0196,2026-06-25 06:56:00,1,0.2209058582490598,0.47332518130997986,OOF_dev,sn_dep,estructural
AP0196,2026-06-25 07:21:00,2,0.6528054281474975,0.08456605612520458,OOF_dev,sn_dep,estructural
AP0197,2026-06-25 22:43:00,0,1.6160717403792852,1.5668765956793722,OOF_dev,sn_dep,estructural
AP0197,2026-06-25 23:13:00,1,0.4334708967875962,0.37299344197948636,OOF_dev,sn_dep,estructural
AP0197,2026-06-25 23:38:00,2,0.35380245579056413,0.14929916950014605,OOF_dev,sn_dep,estructural
AP0197,2026-06-25 23:58:00,3,0.3246085492737828,0.04751430174938578,OOF_dev,sn_dep,estructural
AP0198,2026-06-26 07:00:00,0,1.451017057338229,1.4723651669764517,OOF_dev,sn_dep,estructural
AP0198,2026-06-26 07:30:00,1,0.3080170400214044,0.41073545718538224,OOF_dev,sn_dep,estructural
AP0198,2026-06-26 07:55:00,2,1.0145949407875114,0.13765271882368627,OOF_dev,sn_dep,estructural
AP0199,2026-06-26 14:56:00,0,2.114349264936975,1.2550014821557494,OOF_dev,sn_dep,estructural
AP0199,2026-06-26 15:26:00,1,0.059786266654169036,0.39598494288263003,OOF_dev,sn_dep,estructural
AP0199,2026-06-26 15:51:00,2,0.3821602421195911,0.15523186759517127,OOF_dev,sn_dep,estructural
AP0199,2026-06-26 16:11:00,3,-0.5629148387595843,0.054743139506362865,OOF_dev,sn_dep,estructural
AP0200,2026-06-26 22:44:00,0,1.4395658209167705,0.8305583758306077,OOF_dev,sn_dep,estructural
AP0200,2026-06-26 23:14:00,1,0.9801294880432273,0.3559708181551242,OOF_dev,sn_dep,estructural
AP0200,2026-06-26 23:39:00,2,0.3541567938616698,0.13833530351604575,OOF_dev,sn_dep,estructural
AP0200,2026-06-26 23:59:00,3,0.3003211919007873,0.030839955053771018,OOF_dev,sn_dep,estructural
AP0201,2026-06-27 06:40:00,0,1.2857229531780543,1.6659202598136178,OOF_dev,sn_dep,estructural
AP0201,2026-06-27 07:10:00,1,0.9355781647294541,0.5389976519404505,OOF_dev,sn_dep,estructural
AP0201,2026-06-27 07:35:00,2,1.3771139402060775,0.21785086400858322,OOF_dev,sn_dep,estructural
AP0202,2026-06-27 14:22:00,0,1.4232579768953963,1.871657413062189,OOF_dev,sn_dep,estructural
AP0202,2026-06-27 14:52:00,1,0.7918725436994182,0.6462400478388275,OOF_dev,sn_dep,estructural
AP0202,2026-06-27 15:17:00,2,0.33746385221303893,0.2203703126731655,OOF_dev,sn_dep,estructural
AP0203,2026-06-27 23:15:00,0,1.8865304816083648,1.2958190910571779,OOF_dev,sn_dep,estructural
AP0203,2026-06-27 23:45:00,1,0.4700032785196793,0.43817613542516326,OOF_dev,sn_dep,estructural
AP0203,2026-06-28 00:10:00,2,0.12519461655276887,0.1423273837922866,OOF_dev,sn_dep,estructural
AP0203,2026-06-28 00:30:00,3,0.02238872911418877,0.04217474947153897,OOF_dev,sn_dep,estructural
AP0204,2026-06-28 06:49:00,0,1.1742332632712595,2.3281795979488833,OOF_dev,sn_dep,estructural
AP0204,2026-06-28 07:19:00,1,0.43182020532791054,0.557924435981135,OOF_dev,sn_dep,estructural
AP0204,2026-06-28 07:44:00,2,1.3156525023314987,0.27574904113833115,OOF_dev,sn_dep,estructural
AP0205,2026-06-28 15:24:00,0,1.3662953921725876,1.9009641357921845,OOF_dev,sn_dep,estructural
AP0205,2026-06-28 15:54:00,1,0.14418835050734713,0.6215886879532274,OOF_dev,sn_dep,estructural
AP0205,2026-06-28 16:19:00,2,0.6484634323686141,0.25575824402202646,OOF_dev,sn_dep,estructural
AP0205,2026-06-28 16:39:00,3,0.6991398021654833,0.04488986698557101,OOF_dev,sn_dep,estructural
AP0206,2026-06-29 00:16:00,0,1.7927273270876798,1.2182543607434697,OOF_dev,sn_dep,estructural
AP0206,2026-06-29 00:46:00,1,0.502132470181983,0.34926269140685584,OOF_dev,sn_dep,estructural
AP0206,2026-06-29 01:11:00,2,0.3171986465403394,0.21956207377752404,OOF_dev,sn_dep,estructural
AP0206,2026-06-29 01:31:00,3,-0.6298290788456532,0.059566103562561055,OOF_dev,sn_dep,estructural
AP0207,2026-06-29 08:31:00,0,1.5132957336379322,1.4968431342764743,OOF_dev,sn_dep,estructural
AP0207,2026-06-29 09:01:00,1,1.0187993525612677,0.5102543787088725,OOF_dev,sn_dep,estructural
AP0207,2026-06-29 09:26:00,2,0.19537264475402671,0.14517291360257017,OOF_dev,sn_dep,estructural
AP0207,2026-06-29 09:46:00,3,0.34569012011138744,0.025153615321317033,OOF_dev,sn_dep,estructural
AP0208,2026-06-29 16:22:00,0,1.734758044867975,1.4284955206389582,OOF_dev,sn_dep,estructural
AP0208,2026-06-29 16:52:00,1,0.6128742171739737,0.5693849077416862,OOF_dev,sn_dep,estructural
AP0208,2026-06-29 17:17:00,2,0.42565280874221856,0.21138952597281627,OOF_dev,sn_dep,estructural
AP0209,2026-06-30 00:10:00,0,1.7778694906368253,1.0046462324763095,OOF_dev,sn_dep,estructural
AP0209,2026-06-30 00:40:00,1,0.0860398488633184,0.5445747446260345,OOF_dev,sn_dep,estructural
AP0209,2026-06-30 01:05:00,2,0.6316359088615744,0.13752864635901796,OOF_dev,sn_dep,estructural
AP0209,2026-06-30 01:25:00,3,0.4622567366866457,0.0478382805952924,OOF_dev,sn_dep,estructural
AP0210,2026-06-30 08:04:00,0,1.825657503801303,1.413297040563584,OOF_dev,sn_dep,estructural
AP0210,2026-06-30 08:34:00,1,0.5301405045724448,0.4456873673237791,OOF_dev,sn_dep,estructural
AP0210,2026-06-30 08:59:00,2,0.47096709919919566,0.1319336704927127,OOF_dev,sn_dep,estructural
AP0210,2026-06-30 09:19:00,3,-0.040281785033628024,0.06355240579869591,OOF_dev,sn_dep,estructural
AP0211,2026-06-30 16:15:00,0,2.476292971688093,0.9429933523406101,OOF_dev,sn_dep,estructural
AP0211,2026-06-30 16:45:00,1,0.5693408636162619,0.5483223859765582,OOF_dev,sn_dep,estructural
AP0211,2026-06-30 17:10:00,2,0.5040056052719079,0.22079147185017636,OOF_dev,sn_dep,estructural
AP0212,2026-07-01 00:12:00,0,1.1856166071379264,0.5109202660407137,OOF_dev,sn_dep,estructural
AP0212,2026-07-01 00:42:00,1,0.9588318709667443,0.797302528781336,OOF_dev,sn_dep,estructural
AP0212,2026-07-01 01:07:00,2,-0.18476461199073857,0.30695849225097466,OOF_dev,sn_dep,estructural
AP0212,2026-07-01 01:27:00,3,0.5549299015828397,0.11851176950167153,OOF_dev,sn_dep,estructural
AP0213,2026-07-01 08:30:00,0,1.935792030604142,1.4303827967265255,OOF_dev,sn_dep,estructural
AP0213,2026-07-01 09:00:00,1,0.418683763305905,0.4934642534994674,OOF_dev,sn_dep,estructural
AP0213,2026-07-01 09:25:00,2,-0.0023983294750643223,0.14268667067022262,OOF_dev,sn_dep,estructural
AP0213,2026-07-01 09:45:00,3,-0.16990720785660285,0.04598728924949806,OOF_dev,sn_dep,estructural
AP0214,2026-07-01 16:50:00,0,1.7046552039939256,2.411804443292071,OOF_dev,sn_dep,estructural
AP0214,2026-07-01 17:20:00,1,0.5140530845215675,0.5426200127836797,OOF_dev,sn_dep,estructural
AP0214,2026-07-01 17:45:00,2,0.7202684803336198,0.129138544741971,OOF_dev,sn_dep,estructural
AP0215,2026-07-02 00:39:00,0,1.7626629948533301,0.9205265547994432,OOF_dev,sn_dep,estructural
AP0215,2026-07-02 01:09:00,1,0.27347310685917314,1.2033332488524002,OOF_dev,sn_dep,estructural
AP0215,2026-07-02 01:34:00,2,1.5094058904964274,0.3169714486535479,OOF_dev,sn_dep,estructural
AP0216,2026-07-02 08:43:00,0,1.8618603405902012,0.8358282727437907,OOF_dev,sn_dep,estructural
AP0216,2026-07-02 09:13:00,1,0.6360286428255121,0.6828830770920822,OOF_dev,sn_dep,estructural
AP0216,2026-07-02 09:38:00,2,-0.04888189002107006,0.3908826127713118,OOF_dev,sn_dep,estructural
AP0216,2026-07-02 09:58:00,3,0.1827546024559399,0.15331882258331955,OOF_dev,sn_dep,estructural
AP0217,2026-07-02 16:41:00,0,1.6537441709143055,1.4826761478237869,OOF_dev,sn_dep,estructural
AP0217,2026-07-02 17:11:00,1,0.4715098852023683,0.4269569581759646,OOF_dev,sn_dep,estructural
AP0217,2026-07-02 17:36:00,2,0.2970651781944718,0.22303384035839163,OOF_dev,sn_dep,estructural
AP0217,2026-07-02 17:56:00,3,0.9325734678812714,0.04335473491052729,OOF_dev,sn_dep,estructural
AP0218,2026-07-03 00:34:00,0,1.2430875111508102,1.861037844915372,OOF_dev,sn_dep,estructural
AP0219,2026-07-03 11:00:00,3,0.0023625184633675415,0.051178085477787266,OOF_dev,sn_dep,estructural
AP0220,2026-07-03 18:11:00,0,0.6196797051581124,0.40563169604347116,OOF_dev,sn_dep,estructural
AP0220,2026-07-03 18:41:00,1,1.2820639386825396,0.31421685928703147,OOF_dev,sn_dep,estructural
AP0220,2026-07-03 19:06:00,2,0.2906839436808743,0.15456178860951422,OOF_dev,sn_dep,estructural
AP0220,2026-07-03 19:26:00,3,0.2896416198836172,0.05467036114263641,OOF_dev,sn_dep,estructural
AP0221,2026-07-04 02:52:00,0,1.4249464020172784,0.9700070251374744,OOF_dev,sn_dep,estructural
AP0221,2026-07-04 03:22:00,1,0.13583086097702401,0.6090804597013529,OOF_dev,sn_dep,estructural
AP0221,2026-07-04 03:47:00,2,1.044005306395263,0.16396062246789814,OOF_dev,sn_dep,estructural
AP0222,2026-07-04 10:14:00,0,1.5243914702212946,2.4380706621384007,OOF_dev,sn_dep,estructural
AP0222,2026-07-04 10:44:00,1,0.6121737737506189,0.4526053605015021,OOF_dev,sn_dep,estructural
AP0222,2026-07-04 11:09:00,2,0.1931078500354994,0.11291121882392352,OOF_dev,sn_dep,estructural
AP0222,2026-07-04 11:29:00,3,0.03106448580110742,0.1043517341644311,OOF_dev,sn_dep,estructural
AP0223,2026-07-04 18:21:00,0,1.781763769790861,1.5188977228485905,OOF_dev,sn_dep,estructural
AP0223,2026-07-04 18:51:00,1,0.602120907464402,0.4992724609517695,OOF_dev,sn_dep,estructural
AP0223,2026-07-04 19:16:00,2,0.22953662053575524,0.2077490415014293,OOF_dev,sn_dep,estructural
AP0223,2026-07-04 19:36:00,3,0.28343657410743506,0.06503913094326474,OOF_dev,sn_dep,estructural
AP0224,2026-07-05 02:02:00,0,0.8840505733974484,0.8955392268873926,OOF_dev,sn_dep,estructural
AP0224,2026-07-05 02:32:00,1,0.6407485915765064,0.7329456533244297,OOF_dev,sn_dep,estructural
AP0224,2026-07-05 02:57:00,2,1.0184594677186551,0.25070379104126167,OOF_dev,sn_dep,estructural
AP0224,2026-07-05 03:17:00,3,0.39795602706741,0.1161761710411864,OOF_dev,sn_dep,estructural
AP0225,2026-07-05 09:48:00,0,1.537379849473726,1.2979539942428855,OOF_dev,sn_dep,estructural
AP0225,2026-07-05 10:18:00,1,0.9888119800552647,0.5791313631582871,OOF_dev,sn_dep,estructural
AP0225,2026-07-05 10:43:00,2,0.11992107546650975,0.258329986452634,OOF_dev,sn_dep,estructural
AP0225,2026-07-05 11:03:00,3,1.1019133827067156,0.05916309298844805,OOF_dev,sn_dep,estructural
AP0226,2026-07-05 18:02:00,0,1.7339974126404223,0.6167328712712438,OOF_dev,sn_dep,estructural
AP0226,2026-07-05 18:32:00,1,0.7987343253114366,0.7013309787216908,OOF_dev,sn_dep,estructural
AP0226,2026-07-05 18:57:00,2,0.5500235942810735,0.27057999374325653,OOF_dev,sn_dep,estructural
AP0226,2026-07-05 19:17:00,3,0.25347922431795145,0.17866113708993944,OOF_dev,sn_dep,estructural
AP0227,2026-07-06 02:00:00,0,0.8878089050780219,1.6353861847678068,OOF_dev,sn_dep,estructural
AP0227,2026-07-06 02:30:00,1,1.1574941789084479,0.5377175208952051,OOF_dev,sn_dep,estructural
AP0227,2026-07-06 02:55:00,2,0.6212690643557982,0.2543094709333128,OOF_dev,sn_dep,estructural
AP0228,2026-07-06 09:17:00,0,2.1056935696425234,1.2358220781450153,OOF_dev,sn_dep,estructural
AP0228,2026-07-06 09:47:00,1,0.39397420598106375,0.5164831729499862,OOF_dev,sn_dep,estructural
AP0228,2026-07-06 10:12:00,2,0.4255496839130906,0.1859359027422189,OOF_dev,sn_dep,estructural
AP0229,2026-07-06 17:04:00,0,1.264147706238155,1.1493033140177267,OOF_dev,sn_dep,estructural
AP0229,2026-07-06 17:34:00,1,1.2785015663435384,0.46520505308597343,OOF_dev,sn_dep,estructural
AP0229,2026-07-06 17:59:00,2,0.26037353337437447,0.11537894152017852,OOF_dev,sn_dep,estructural
AP0229,2026-07-06 18:19:00,3,0.3937514606310506,0.05106476882468565,OOF_dev,sn_dep,estructural
AP0230,2026-07-07 00:40:00,0,1.7931879615862207,1.6099276914822538,OOF_dev,sn_dep,estructural
AP0230,2026-07-07 01:10:00,1,0.6204771778487909,0.6317501530918063,OOF_dev,sn_dep,estructural
AP0230,2026-07-07 01:35:00,2,0.7311593472908868,0.18281390056414798,OOF_dev,sn_dep,estructural
AP0231,2026-07-07 08:28:00,0,1.8347387008313385,1.0325342248285643,OOF_dev,sn_dep,estructural
AP0231,2026-07-07 08:58:00,1,0.19876377805265422,0.4835312357378989,OOF_dev,sn_dep,estructural
AP0231,2026-07-07 09:23:00,2,0.07845455281731459,0.3770847427624736,OOF_dev,sn_dep,estructural
AP0231,2026-07-07 09:43:00,3,0.7521400445450062,0.16874445592311985,OOF_dev,sn_dep,estructural
AP0232,2026-07-07 16:49:00,0,1.8978826137357627,0.8382549402066123,OOF_dev,sn_dep,estructural
AP0232,2026-07-07 17:19:00,1,0.2652745595863361,0.4749244712724013,OOF_dev,sn_dep,estructural
AP0232,2026-07-07 17:44:00,2,0.14121803026336716,0.1479954054149593,OOF_dev,sn_dep,estructural
AP0232,2026-07-07 18:04:00,3,0.15469279465706037,0.052830574508329606,OOF_dev,sn_dep,estructural
AP0233,2026-07-08 00:18:00,0,1.5570019406002775,1.4159906372409237,OOF_dev,sn_dep,estructural
AP0233,2026-07-08 00:48:00,1,0.7174652996804457,0.5407340168809586,OOF_dev,sn_dep,estructural
AP0233,2026-07-08 01:13:00,2,0.2565798644675012,0.1338794767592102,OOF_dev,sn_dep,estructural
AP0233,2026-07-08 01:33:00,3,0.35905458654729083,0.060768945280354626,OOF_dev,sn_dep,estructural
AP0234,2026-07-08 08:18:00,0,1.542928475872439,0.9379585602458349,OOF_dev,sn_dep,estructural
AP0234,2026-07-08 08:48:00,1,0.9494231061030012,0.46263075550375365,OOF_dev,sn_dep,estructural
AP0234,2026-07-08 09:13:00,2,0.453445500205088,0.15003577700565018,OOF_dev,sn_dep,estructural
AP0234,2026-07-08 09:33:00,3,0.41552255663669957,0.04713286997883337,OOF_dev,sn_dep,estructural
AP0235,2026-07-08 16:05:00,0,0.9655091522914998,1.3626204421737627,OOF_dev,sn_dep,estructural
AP0235,2026-07-08 16:35:00,1,1.0669219789928093,0.3220995607450165,OOF_dev,sn_dep,estructural
AP0235,2026-07-08 17:00:00,2,0.24219191928560355,0.32279929220033854,OOF_dev,sn_dep,estructural
AP0235,2026-07-08 17:20:00,3,0.2552340392256823,0.08277948011661272,OOF_dev,sn_dep,estructural
AP0236,2026-07-09 00:23:00,0,2.0629400713949044,1.6358119188843385,OOF_dev,sn_dep,estructural
AP0236,2026-07-09 00:53:00,1,0.5151851017865737,0.6423194734179107,OOF_dev,sn_dep,estructural
AP0236,2026-07-09 01:18:00,2,0.5960198924203951,0.11307224793880499,OOF_dev,sn_dep,estructural
AP0237,2026-07-09 08:04:00,0,1.4759504044805927,1.4104119915058904,OOF_dev,sn_dep,estructural
AP0237,2026-07-09 08:34:00,1,0.3741629090679086,0.5697731915292106,OOF_dev,sn_dep,estructural
AP0237,2026-07-09 08:59:00,2,0.4221699862265763,0.15096970501990745,OOF_dev,sn_dep,estructural
AP0237,2026-07-09 09:19:00,3,0.23909296562853366,0.05550625975156028,OOF_dev,sn_dep,estructural
AP0238,2026-07-09 16:12:00,0,1.620316381585825,1.7974326648517192,OOF_dev,sn_dep,estructural
AP0238,2026-07-09 16:42:00,1,0.47643893598241277,0.6927993018276969,OOF_dev,sn_dep,estructural
AP0238,2026-07-09 17:07:00,2,0.6545350163922212,0.13343222319527306,OOF_dev,sn_dep,estructural
AP0239,2026-07-09 23:59:00,0,1.1831052311283534,2.376573303343627,OOF_dev,sn_dep,estructural
AP0239,2026-07-10 00:29:00,1,0.2468068640229463,0.6102498110523412,OOF_dev,sn_dep,estructural
AP0239,2026-07-10 00:54:00,2,0.27684324558868956,0.10378008204565575,OOF_dev,sn_dep,estructural
AP0239,2026-07-10 01:14:00,3,0.8208376761545036,0.05365323670411304,OOF_dev,sn_dep,estructural
AP0240,2026-07-10 07:44:00,0,1.3893844392210275,0.9887874923977378,OOF_dev,sn_dep,estructural
AP0240,2026-07-10 08:14:00,1,0.4955366436827722,0.5178844612568233,OOF_dev,sn_dep,estructural
AP0240,2026-07-10 08:39:00,2,-0.13021532094015906,0.1379468278717808,OOF_dev,sn_dep,estructural
AP0240,2026-07-10 08:59:00,3,1.1015329989087457,0.040734875649401626,OOF_dev,sn_dep,estructural
AP0241,2026-07-10 16:39:00,0,1.7957283563414312,1.581861691682625,OOF_dev,sn_dep,estructural
AP0241,2026-07-10 17:09:00,1,0.2846375896032216,0.5479708078175386,OOF_dev,sn_dep,estructural
AP0241,2026-07-10 17:34:00,2,0.312218070610435,0.14989664760455593,OOF_dev,sn_dep,estructural
AP0242,2026-07-11 00:34:00,0,1.7565228849689825,1.6431916536502775,OOF_dev,sn_dep,estructural
AP0242,2026-07-11 01:04:00,1,0.22565622280581418,0.7556259453372037,OOF_dev,sn_dep,estructural
AP0242,2026-07-11 01:29:00,2,0.26405370921254445,0.15396617557596873,OOF_dev,sn_dep,estructural
AP0242,2026-07-11 01:49:00,3,0.47380250629042236,0.05367989985529825,OOF_dev,sn_dep,estructural
AP0243,2026-07-11 08:19:00,0,1.8621193713761979,0.9432846786199353,OOF_dev,sn_dep,estructural
AP0243,2026-07-11 08:49:00,1,0.6131858809721702,0.3505289187670913,OOF_dev,sn_dep,estructural
AP0243,2026-07-11 09:14:00,2,0.3434692366690554,0.08138951343713861,OOF_dev,sn_dep,estructural
AP0244,2026-07-11 16:29:00,0,1.7604875811706922,1.0874351008376668,OOF_dev,sn_dep,estructural
AP0244,2026-07-11 16:59:00,1,0.21634404299744617,0.5744502973809475,OOF_dev,sn_dep,estructural
AP0244,2026-07-11 17:24:00,2,0.337060278219316,0.2245772623738605,OOF_dev,sn_dep,estructural
AP0244,2026-07-11 17:44:00,3,0.44968112677616345,0.05480553346373438,OOF_dev,sn_dep,estructural
AP0245,2026-07-12 00:27:00,0,1.3645050103732623,1.8584181885514124,OOF_dev,sn_dep,estructural
AP0245,2026-07-12 00:57:00,1,0.574504180859841,0.6534521842813438,OOF_dev,sn_dep,estructural
AP0245,2026-07-12 01:22:00,2,0.4966986482271674,0.0995717442088799,OOF_dev,sn_dep,estructural
AP0246,2026-07-12 08:12:00,0,2.293515793685826,0.9039704434520753,OOF_dev,sn_dep,estructural
AP0246,2026-07-12 08:42:00,1,-0.05324133548914841,0.4054404894632714,OOF_dev,sn_dep,estructural
AP0246,2026-07-12 09:07:00,2,0.1737295301620606,0.06480011265113822,OOF_dev,sn_dep,estructural
AP0246,2026-07-12 09:27:00,3,0.4046177136512275,0.03534715623803358,OOF_dev,sn_dep,estructural
AP0247,2026-07-12 15:58:00,0,0.9946334381139899,1.0773298371825728,OOF_dev,sn_dep,estructural
AP0247,2026-07-12 16:28:00,1,1.3497637044550783,0.46700517231283306,OOF_dev,sn_dep,estructural
AP0247,2026-07-12 16:53:00,2,0.4522594818471758,0.23053046184180295,OOF_dev,sn_dep,estructural
AP0247,2026-07-12 17:13:00,3,0.2556326517075529,0.06541495477530217,OOF_dev,sn_dep,estructural
AP0248,2026-07-12 23:50:00,0,1.4650491021552532,1.1505647807255348,OOF_dev,sn_dep,estructural
AP0248,2026-07-13 00:20:00,1,0.5139540405243194,0.4861127860991398,OOF_dev,sn_dep,estructural
AP0248,2026-07-13 00:45:00,2,0.17041863176365482,0.14473987480866576,OOF_dev,sn_dep,estructural
AP0248,2026-07-13 01:05:00,3,0.42037080027696155,0.06696419801166191,OOF_dev,sn_dep,estructural
AP0249,2026-07-13 07:28:00,0,0.9954328378522924,0.9159482936545995,OOF_dev,sn_dep,estructural
AP0249,2026-07-13 07:58:00,1,1.2819762480690426,0.3486265344755154,OOF_dev,sn_dep,estructural
AP0249,2026-07-13 08:23:00,2,0.04642017278816588,0.18222723247487765,OOF_dev,sn_dep,estructural
AP0249,2026-07-13 08:43:00,3,0.0796000587659488,0.04169544906515598,OOF_dev,sn_dep,estructural
AP0250,2026-07-13 15:14:00,0,1.7153530195581443,1.4292003112718783,OOF_dev,sn_dep,estructural
AP0250,2026-07-13 15:44:00,1,0.42718079006564585,0.5266040125293185,OOF_dev,sn_dep,estructural
AP0250,2026-07-13 16:09:00,2,0.34100343217507356,0.1821325459594589,OOF_dev,sn_dep,estructural
AP0250,2026-07-13 16:29:00,3,0.2995530359270113,0.05107010339210399,OOF_dev,sn_dep,estructural
AP0251,2026-07-13 22:45:00,0,0.8006345302776401,1.3168105514804012,OOF_dev,sn_dep,estructural
AP0251,2026-07-13 23:15:00,1,0.7347195436102741,0.538340201384351,OOF_dev,sn_dep,estructural
AP0251,2026-07-13 23:40:00,2,0.012526977860105691,0.2499746260351081,OOF_dev,sn_dep,estructural
AP0251,2026-07-14 00:00:00,3,-0.025410139073732813,0.03870067594941566,OOF_dev,sn_dep,estructural
AP0252,2026-07-14 06:46:00,0,0.959699518373799,0.9914182294157999,OOF_dev,sn_dep,estructural
AP0252,2026-07-14 07:16:00,1,1.1233434278243353,0.3770836569139377,OOF_dev,sn_dep,estructural
AP0252,2026-07-14 07:41:00,2,0.15700988783433048,0.05968306344401113,OOF_dev,sn_dep,estructural
AP0252,2026-07-14 08:01:00,3,0.08734581129380205,0.03497053707300333,OOF_dev,sn_dep,estructural
AP0253,2026-07-14 14:20:00,0,1.2620686860673864,1.6636197238486394,OOF_dev,sn_dep,estructural
AP0253,2026-07-14 14:50:00,1,0.3605035542982439,0.5510268753571184,OOF_dev,sn_dep,estructural
AP0253,2026-07-14 15:15:00,2,-0.008444341394203548,0.061256288095759635,OOF_dev,sn_dep,estructural
AP0253,2026-07-14 15:35:00,3,0.32498452174244313,0.06252584447493009,OOF_dev,sn_dep,estructural
AP0254,2026-07-14 22:39:00,0,1.9735899970386666,1.5643576198220057,OOF_dev,sn_dep,estructural
AP0254,2026-07-14 23:09:00,1,0.37690190711679,0.5209333406359131,OOF_dev,sn_dep,estructural
AP0254,2026-07-14 23:34:00,2,0.7893614024004412,0.16125459488952198,OOF_dev,sn_dep,estructural
AP0254,2026-07-14 23:54:00,3,0.2550338249515213,0.07060065280088428,OOF_dev,sn_dep,estructural
AP0255,2026-07-15 06:48:00,0,0.8576130052324309,1.090930892598245,OOF_dev,sn_dep,estructural
AP0255,2026-07-15 07:18:00,1,1.5508003039103515,0.6596247605810102,OOF_dev,sn_dep,estructural
AP0255,2026-07-15 07:43:00,2,0.337425082117955,0.0765997185643451,OOF_dev,sn_dep,estructural
AP0255,2026-07-15 08:03:00,3,-0.06909888649901279,0.029933802672772278,OOF_dev,sn_dep,estructural
AP0256,2026-07-15 14:22:00,0,2.3894365586359094,1.7484259716912294,OOF_dev,sn_dep,estructural
AP0256,2026-07-15 14:52:00,1,0.3123387407292368,0.6701305416285492,OOF_dev,sn_dep,estructural
AP0256,2026-07-15 15:17:00,2,0.2537680938492502,0.16701148937527158,OOF_dev,sn_dep,estructural
AP0257,2026-07-15 22:14:00,0,2.3518094400631844,1.5730251285857302,OOF_dev,sn_dep,estructural
AP0257,2026-07-15 22:44:00,1,0.16418299496132122,0.5983906812665389,OOF_dev,sn_dep,estructural
AP0257,2026-07-15 23:09:00,2,0.4487836148708325,0.16061546582638828,OOF_dev,sn_dep,estructural
AP0257,2026-07-15 23:29:00,3,0.31038304138367395,0.03763620296864174,OOF_dev,sn_dep,estructural
AP0258,2026-07-16 05:59:00,0,2.154040636632603,1.31533894911945,OOF_dev,sn_dep,estructural
AP0258,2026-07-16 06:29:00,1,0.08546443176889826,0.4271451953184099,OOF_dev,sn_dep,estructural
AP0258,2026-07-16 06:54:00,2,0.30169782059320815,0.13507058171987582,OOF_dev,sn_dep,estructural
AP0258,2026-07-16 07:14:00,3,0.3033597435611924,0.044122548462322525,OOF_dev,sn_dep,estructural
AP0259,2026-07-16 13:54:00,0,2.3971521465174073,1.4919816613209405,OOF_dev,sn_dep,estructural
AP0259,2026-07-16 14:24:00,1,0.027502065927270062,0.5692264734088183,OOF_dev,sn_dep,estructural
AP0259,2026-07-16 14:49:00,2,0.30716154544107743,0.13992687964731448,OOF_dev,sn_dep,estructural
AP0259,2026-07-16 15:09:00,3,0.3658102093918934,0.04620856578894368,OOF_dev,sn_dep,estructural
AP0260,2026-07-16 22:03:00,0,1.4534397685742908,1.7600303204553394,OOF_dev,sn_dep,estructural
AP0260,2026-07-16 22:33:00,1,0.441953617328379,0.48835679867357623,OOF_dev,sn_dep,estructural
AP0260,2026-07-16 22:58:00,2,0.051474225992788086,0.07768648793864957,OOF_dev,sn_dep,estructural
AP0260,2026-07-16 23:18:00,3,0.6172260564324902,0.06604638729973458,OOF_dev,sn_dep,estructural
AP0261,2026-07-17 06:43:00,2,0.37719800551366894,0.16919092454709647,OOF_dev,sn_dep,estructural
AP0261,2026-07-17 07:03:00,3,0.19930521073223798,0.08962117563163675,OOF_dev,sn_dep,estructural
AP0262,2026-07-17 14:11:00,0,1.4584763439699175,1.2844849879995577,OOF_dev,sn_dep,estructural
AP0262,2026-07-17 14:41:00,1,0.746908182927172,0.4770575942981252,OOF_dev,sn_dep,estructural
AP0262,2026-07-17 15:06:00,2,0.2867222988456009,3.3038393181429236e-07,OOF_dev,sn_dep,estructural
AP0262,2026-07-17 15:26:00,3,0.061093218684764326,0.04412904242568592,OOF_dev,sn_dep,estructural
AP0263,2026-07-17 21:50:00,0,1.6811183538230348,1.5753119417499548,OOF_dev,sn_dep,estructural
AP0263,2026-07-17 22:20:00,1,1.5921103912025218,0.5194395682860004,OOF_dev,sn_dep,estructural
AP0263,2026-07-17 22:45:00,2,-0.5705913569815698,0.17756649904134134,OOF_dev,sn_dep,estructural
AP0263,2026-07-17 23:05:00,3,0.31771318277069394,0.09254641307350686,OOF_dev,sn_dep,estructural
AP0264,2026-07-18 06:23:00,0,1.1646283168841773,3.912023005428147,OOF_dev,sn_dep,estructural
AP0264,2026-07-18 06:53:00,1,0.7607195680800268,0.5720235685272097,OOF_dev,sn_dep,estructural
AP0264,2026-07-18 07:18:00,2,0.3430485696489533,0.2231517737399623,OOF_dev,sn_dep,estructural
AP0265,2026-07-18 14:42:00,0,0.7665800353678894,1.5390631803659847,OOF_dev,sn_dep,estructural
AP0265,2026-07-18 15:12:00,1,1.2781806289700273,0.5481917964641497,OOF_dev,sn_dep,estructural
AP0265,2026-07-18 15:37:00,2,0.2282739140673136,0.07907378102942066,OOF_dev,sn_dep,estructural
AP0265,2026-07-18 15:57:00,3,0.31351471230809985,0.10647199671094651,OOF_dev,sn_dep,estructural
AP0266,2026-07-18 22:59:00,0,2.3510605643144764,1.2895187589361206,OOF_dev,sn_dep,estructural
AP0266,2026-07-18 23:29:00,1,0.3539248418317384,0.5581491589337888,OOF_dev,sn_dep,estructural
AP0266,2026-07-18 23:54:00,2,0.6422213237758843,0.0887526786566811,OOF_dev,sn_dep,estructural
AP0266,2026-07-19 00:14:00,3,0.46153181785844916,0.041069384657665464,OOF_dev,sn_dep,estructural
AP0267,2026-07-19 07:13:00,0,1.342861808160791,1.373207932237291,OOF_dev,sn_dep,estructural
AP0267,2026-07-19 07:43:00,1,0.8070953627061553,0.5857713117256479,OOF_dev,sn_dep,estructural
AP0267,2026-07-19 08:08:00,2,-0.044587172474926655,0.12786973980172503,OOF_dev,sn_dep,estructural
AP0268,2026-07-19 17:18:00,0,1.5638937356389733,1.718469470927892,OOF_dev,sn_dep,estructural
AP0268,2026-07-19 17:48:00,1,0.926721325897842,0.4769374090211731,OOF_dev,sn_dep,estructural
AP0268,2026-07-19 18:13:00,2,0.028456071973646205,0.11672633775439357,OOF_dev,sn_dep,estructural
AP0268,2026-07-19 18:33:00,3,0.005483959634784337,0.047411748185556435,OOF_dev,sn_dep,estructural
AP0269,2026-07-20 01:03:00,0,1.3310953557155007,1.2039411138954212,OOF_dev,sn_dep,estructural
AP0269,2026-07-20 01:33:00,1,0.8374549713505921,0.4980849374322384,OOF_dev,sn_dep,estructural
AP0269,2026-07-20 01:58:00,2,0.6764619281415597,0.18472969425191307,OOF_dev,sn_dep,estructural
AP0269,2026-07-20 02:18:00,3,0.4393149449638941,0.05071660594451811,OOF_dev,sn_dep,estructural
AP0270,2026-07-20 08:44:00,0,1.544711730373209,1.6685292932678675,OOF_dev,sn_dep,estructural
AP0270,2026-07-20 09:14:00,1,0.4197892054801053,0.607532018185261,OOF_dev,sn_dep,estructural
AP0270,2026-07-20 09:39:00,2,0.408746243557873,0.168788826125091,OOF_dev,sn_dep,estructural
AP0270,2026-07-20 09:59:00,3,0.49547399143706927,0.11622832698519316,OOF_dev,sn_dep,estructural
AP0271,2026-07-20 17:00:00,0,2.0645551934950026,1.5136542154771877,OOF_dev,sn_dep,estructural
AP0271,2026-07-20 17:30:00,1,-0.051867525281249736,0.6324726083056135,OOF_dev,sn_dep,estructural
AP0271,2026-07-20 17:55:00,2,0.29160777119292847,0.21625365648360484,OOF_dev,sn_dep,estructural
AP0271,2026-07-20 18:15:00,3,0.18530128358455672,0.06376541690336826,OOF_dev,sn_dep,estructural
AP0272,2026-07-21 01:10:00,0,2.0710599872699635,0.8648559444891261,OOF_dev,sn_dep,estructural
AP0272,2026-07-21 01:40:00,1,0.27885552136844716,0.6002674797460429,OOF_dev,sn_dep,estructural
AP0272,2026-07-21 02:05:00,2,0.36966424379927093,0.15447765230109636,OOF_dev,sn_dep,estructural
AP0272,2026-07-21 02:25:00,3,0.3329628537533121,0.03855894235304303,OOF_dev,sn_dep,estructural
AP0274,2026-07-21 17:34:00,0,2.040396094267777,1.2123264875626338,OOF_dev,sn_dep,estructural
AP0274,2026-07-21 18:04:00,1,0.37073125799739187,0.5618273514649007,OOF_dev,sn_dep,estructural
AP0274,2026-07-21 18:29:00,2,0.3642490110136248,0.15025316088705556,OOF_dev,sn_dep,estructural
AP0274,2026-07-21 18:49:00,3,0.1068767850523034,0.056253973616907406,OOF_dev,sn_dep,estructural
AP0275,2026-07-22 01:04:00,0,0.8952455984321234,1.294156466967419,OOF_dev,sn_dep,estructural
AP0275,2026-07-22 01:34:00,1,1.1884498556822058,0.47002105492736623,OOF_dev,sn_dep,estructural
AP0275,2026-07-22 01:59:00,2,0.27873747823030515,0.1269226685290506,OOF_dev,sn_dep,estructural
AP0275,2026-07-22 02:19:00,3,0.26327131112035085,0.0388283550651586,OOF_dev,sn_dep,estructural
AP0276,2026-07-22 08:17:00,0,1.4387375484413607,1.391542866890141,OOF_dev,sn_dep,estructural
AP0276,2026-07-22 08:47:00,1,0.4269639457775514,0.6024515719138142,OOF_dev,sn_dep,estructural
AP0276,2026-07-22 09:12:00,2,0.8992953651094587,0.15468841608559528,OOF_dev,sn_dep,estructural
AP0277,2026-07-22 16:07:00,0,1.9615947592012568,1.431937070070566,OOF_dev,sn_dep,estructural
AP0277,2026-07-22 16:37:00,1,0.4052265022649822,0.6438800175877049,OOF_dev,sn_dep,estructural
AP0277,2026-07-22 17:02:00,2,0.07157854648653034,0.16057017882414024,OOF_dev,sn_dep,estructural
AP0277,2026-07-22 17:22:00,3,0.6781858719792961,0.06679606440690804,OOF_dev,sn_dep,estructural
AP0278,2026-07-23 00:04:00,0,1.6173181495144395,1.750968088742928,OOF_dev,sn_dep,estructural
AP0278,2026-07-23 00:34:00,1,-0.017912654854035863,0.19443689781301524,OOF_dev,sn_dep,estructural
AP0278,2026-07-23 00:59:00,2,0.27177746554662974,0.0637915591136867,OOF_dev,sn_dep,estructural
AP0278,2026-07-23 01:19:00,3,0.033569433770070954,0.559120196251714,OOF_dev,sn_dep,estructural
AP0279,2026-07-23 08:55:00,0,2.053922979626431,1.7126994970524385,OOF_dev,sn_dep,estructural
AP0279,2026-07-23 09:25:00,1,0.3309449110838585,0.5366481567484783,OOF_dev,sn_dep,estructural
AP0279,2026-07-23 09:50:00,2,0.021805886966306448,0.13023548683169553,OOF_dev,sn_dep,estructural
AP0279,2026-07-23 10:10:00,3,0.5018020323148462,0.04377900859873194,OOF_dev,sn_dep,estructural
AP0280,2026-07-23 16:46:00,0,1.8778908726629835,1.4524344968685603,OOF_dev,sn_dep,estructural
AP0280,2026-07-23 17:16:00,1,-0.008551687861931962,0.6757972714191218,OOF_dev,sn_dep,estructural
AP0280,2026-07-23 17:41:00,2,0.5768616370493346,0.13738138503840341,OOF_dev,sn_dep,estructural
AP0280,2026-07-23 18:01:00,3,0.46805189248189893,0.032685601138336746,OOF_dev,sn_dep,estructural
AP0281,2026-07-24 00:22:00,0,1.7318536615069096,1.021657345775074,OOF_dev,sn_dep,estructural
AP0281,2026-07-24 00:52:00,1,0.26137910163491274,0.5194231490586789,OOF_dev,sn_dep,estructural
AP0281,2026-07-24 01:17:00,2,0.46296842635565455,0.12669717517943177,OOF_dev,sn_dep,estructural
AP0281,2026-07-24 01:37:00,3,0.27401607501137865,0.03220782999105331,OOF_dev,sn_dep,estructural
AP0282,2026-07-24 07:50:00,0,2.2168534735927574,1.425797070569883,OOF_dev,sn_dep,estructural
AP0282,2026-07-24 08:20:00,1,0.12465928367857286,0.46538976101030616,OOF_dev,sn_dep,estructural
AP0282,2026-07-24 08:45:00,2,0.2228698313681014,0.11235664831040934,OOF_dev,sn_dep,estructural
AP0282,2026-07-24 09:05:00,3,0.17027979775400262,0.03412338763234444,OOF_dev,sn_dep,estructural
AP0283,2026-07-24 15:27:00,0,2.159732871843991,1.3808832101115094,OOF_dev,sn_dep,estructural
AP0283,2026-07-24 15:57:00,1,-0.09270689828526393,0.5910591945010623,OOF_dev,sn_dep,estructural
AP0283,2026-07-24 16:22:00,2,0.408021160161356,0.1179318787198885,OOF_dev,sn_dep,estructural
AP0283,2026-07-24 16:42:00,3,0.4785324658941068,0.0515503926612661,OOF_dev,sn_dep,estructural
AP0284,2026-07-24 23:22:00,0,2.4737053223342222,1.3270792650617262,OOF_dev,sn_dep,estructural
AP0284,2026-07-24 23:52:00,1,-0.010424136129892578,0.6225563115104906,OOF_dev,sn_dep,estructural
AP0284,2026-07-25 00:17:00,2,0.2803693731346344,0.1391151732017301,OOF_dev,sn_dep,estructural
AP0284,2026-07-25 00:37:00,3,0.12764217686251236,0.04322176734601955,OOF_dev,sn_dep,estructural
AP0285,2026-07-25 06:42:00,0,2.063798162174951,1.507659312336576,OOF_dev,sn_dep,estructural
AP0285,2026-07-25 07:12:00,1,0.28880566680516817,0.5327544737860919,OOF_dev,sn_dep,estructural
AP0285,2026-07-25 07:37:00,2,0.20899228656733004,0.13381227570634577,OOF_dev,sn_dep,estructural
AP0285,2026-07-25 07:57:00,3,0.4765069615088815,0.042868553905075116,OOF_dev,sn_dep,estructural
AP0286,2026-07-25 14:32:00,0,1.8635298460360914,1.931581703290024,OOF_dev,sn_dep,estructural
AP0286,2026-07-25 15:02:00,1,0.13006242924448114,0.9327015211374362,OOF_dev,sn_dep,estructural
AP0286,2026-07-25 15:27:00,2,0.18045830527913723,0.13624776854166085,OOF_dev,sn_dep,estructural
AP0286,2026-07-25 15:47:00,3,0.6759162644954844,0.0426433754179626,OOF_dev,sn_dep,estructural
AP0287,2026-07-25 22:23:00,0,1.527791763516756,1.4077825173207272,OOF_dev,sn_dep,estructural
AP0287,2026-07-25 22:53:00,1,0.2150064639961118,0.600843941755391,OOF_dev,sn_dep,estructural
AP0287,2026-07-25 23:18:00,2,0.4716099805843362,0.1479962234650668,OOF_dev,sn_dep,estructural
AP0288,2026-07-26 05:44:00,0,2.3913101872918814,1.5230909428636257,OOF_dev,sn_dep,estructural
AP0288,2026-07-26 06:14:00,1,0.15152280290870718,0.5051976440583607,OOF_dev,sn_dep,estructural
AP0288,2026-07-26 06:39:00,2,-0.1365203348321928,0.13158966557750282,OOF_dev,sn_dep,estructural
AP0288,2026-07-26 06:59:00,3,0.6577213445815401,0.04459129381285823,OOF_dev,sn_dep,estructural
AP0289,2026-07-26 13:39:00,0,1.8085532088237792,1.489067196341801,OOF_dev,sn_dep,estructural
AP0289,2026-07-26 14:09:00,1,0.08215094897383819,0.64989024694684,OOF_dev,sn_dep,estructural
AP0289,2026-07-26 14:34:00,2,0.7575560294653902,0.13915613547373484,OOF_dev,sn_dep,estructural
AP0289,2026-07-26 14:54:00,3,0.6882444352363294,0.038752463290678836,OOF_dev,sn_dep,estructural
AP0290,2026-07-26 21:10:00,0,1.8682434975731588,1.6322026834975458,OOF_dev,sn_dep,estructural
AP0290,2026-07-26 21:40:00,1,0.2236861692345862,0.678830657521754,OOF_dev,sn_dep,estructural
AP0290,2026-07-26 22:05:00,2,0.40770581088992836,0.11792683230097331,OOF_dev,sn_dep,estructural
AP0290,2026-07-26 22:25:00,3,0.011848880535965457,0.03771701265650461,OOF_dev,sn_dep,estructural
AP0291,2026-07-27 04:22:00,0,1.955805305657422,1.3142705074129608,OOF_dev,sn_dep,estructural
AP0291,2026-07-27 04:52:00,1,0.32836365690215347,0.5879692892111603,OOF_dev,sn_dep,estructural
AP0291,2026-07-27 05:17:00,2,0.7714421612877983,0.16335052003756168,OOF_dev,sn_dep,estructural
AP0292,2026-07-27 12:14:00,0,1.9263604759128938,1.5776002748624676,OOF_dev,sn_dep,estructural
AP0292,2026-07-27 12:44:00,1,0.2323445036697614,0.5933565663906871,OOF_dev,sn_dep,estructural
AP0292,2026-07-27 13:09:00,2,0.3318626251524515,0.12391675461973416,OOF_dev,sn_dep,estructural
AP0292,2026-07-27 13:29:00,3,0.6145807026480599,0.0404398375253311,OOF_dev,sn_dep,estructural
AP0293,2026-07-27 19:30:00,0,2.2513511585367207,1.0012100037060854,OOF_dev,sn_dep,estructural
AP0293,2026-07-27 20:00:00,1,0.6558481090023607,0.621321588512426,OOF_dev,sn_dep,estructural
AP0293,2026-07-27 20:25:00,2,0.014609094160853757,0.1450652338050784,OOF_dev,sn_dep,estructural
AP0293,2026-07-27 20:45:00,3,0.37327047767040733,0.030339012226470313,OOF_dev,sn_dep,estructural
AP0294,2026-07-28 02:39:00,0,1.2731564410299778,1.3321375051130244,OOF_dev,sn_dep,estructural
AP0294,2026-07-28 03:09:00,1,1.314265438213194,0.5656600646423978,OOF_dev,sn_dep,estructural
AP0294,2026-07-28 03:34:00,2,0.39460880451194263,0.15863877981999502,OOF_dev,sn_dep,estructural
AP0295,2026-07-28 09:56:00,0,1.7315010393753,1.555433658844268,OOF_dev,sn_dep,estructural
AP0295,2026-07-28 10:26:00,1,0.5266575275814487,0.449145161008318,OOF_dev,sn_dep,estructural
AP0295,2026-07-28 10:51:00,2,0.2885827386709922,0.12360346522306746,OOF_dev,sn_dep,estructural
AP0295,2026-07-28 11:11:00,3,0.17066180515501259,0.04795952958535581,OOF_dev,sn_dep,estructural
AP0296,2026-07-28 17:38:00,0,1.5219015022150362,1.6076707552932739,OOF_dev,sn_dep,estructural
AP0296,2026-07-28 18:08:00,1,0.7279627211974817,0.40596794654414403,OOF_dev,sn_dep,estructural
AP0296,2026-07-28 18:33:00,2,0.042987277025002164,0.17854151553919909,OOF_dev,sn_dep,estructural
AP0296,2026-07-28 18:53:00,3,0.15877535006325208,0.060778997791007455,OOF_dev,sn_dep,estructural
AP0297,2026-07-29 01:25:00,0,1.5776153784865492,2.1928925941602495,OOF_dev,sn_dep,estructural
AP0297,2026-07-29 01:55:00,1,0.2594469169849718,0.6546025769456759,OOF_dev,sn_dep,estructural
AP0297,2026-07-29 02:20:00,2,0.017706876112667098,0.11478379683433526,OOF_dev,sn_dep,estructural
AP0297,2026-07-29 02:40:00,3,0.7158490029524048,0.09152974882353537,OOF_dev,sn_dep,estructural
AP0298,2026-07-29 08:55:00,0,2.0425907900624902,1.156082248312221,OOF_dev,sn_dep,estructural
AP0298,2026-07-29 09:25:00,1,0.24268989730512802,0.5636142183519897,OOF_dev,sn_dep,estructural
AP0298,2026-07-29 09:50:00,2,0.5407570513527797,0.1574117774136171,OOF_dev,sn_dep,estructural
AP0298,2026-07-29 10:10:00,3,-0.04667674443964932,0.031871789880945536,OOF_dev,sn_dep,estructural
AP0299,2026-07-29 16:27:00,0,0.9909593824218412,0.9922360397663279,OOF_dev,sn_dep,estructural
AP0299,2026-07-29 16:57:00,1,1.2439997325103729,0.3572008295378964,OOF_dev,sn_dep,estructural
AP0299,2026-07-29 17:22:00,2,0.3054743951540586,0.13588941393761553,OOF_dev,sn_dep,estructural
AP0299,2026-07-29 17:42:00,3,0.07854468288832195,0.090003860301383,OOF_dev,sn_dep,estructural
AP0001,2026-04-22 00:21:00,0,-0.1756055047955765,-0.1270742262230461,OOF_dev,feo_ret,estructural
AP0001,2026-04-22 00:51:00,1,-0.04042108197674594,-0.10787542546927543,OOF_dev,feo_ret,estructural
AP0001,2026-04-22 01:16:00,2,-0.055025757729241516,-0.07759261187309306,OOF_dev,feo_ret,estructural
AP0002,2026-04-22 09:13:00,0,-0.17153324838849301,-0.11203230530230349,OOF_dev,feo_ret,estructural
AP0002,2026-04-22 09:43:00,1,0.017238978708318014,-0.11039095270986882,OOF_dev,feo_ret,estructural
AP0002,2026-04-22 10:08:00,2,-0.1324181377690486,-0.07582708136297914,OOF_dev,feo_ret,estructural
AP0002,2026-04-22 10:28:00,3,-0.08421371377295146,-0.06553961079651305,OOF_dev,feo_ret,estructural
AP0003,2026-04-22 18:20:00,0,-0.11058671634456718,-0.1355315489112618,OOF_dev,feo_ret,estructural
AP0003,2026-04-22 18:50:00,1,-0.0850994379988446,-0.10654554305657278,OOF_dev,feo_ret,estructural
AP0003,2026-04-22 19:15:00,2,-0.06140477670746916,-0.07760030851284383,OOF_dev,feo_ret,estructural
AP0004,2026-04-23 03:00:00,0,-0.2096719004106781,-0.13453159997336303,OOF_dev,feo_ret,estructural
AP0004,2026-04-23 03:30:00,1,0.059225219858391694,-0.11177839305419678,OOF_dev,feo_ret,estructural
AP0004,2026-04-23 03:55:00,2,-0.10870668392457775,-0.07411307457488248,OOF_dev,feo_ret,estructural
AP0005,2026-04-23 11:23:00,0,-0.20083256827180418,-0.07230280758131329,OOF_dev,feo_ret,estructural
AP0005,2026-04-23 11:53:00,1,0.05901069077619848,-0.09195499717743252,OOF_dev,feo_ret,estructural
AP0005,2026-04-23 12:18:00,2,-0.022532860630847213,-0.12372323055922692,OOF_dev,feo_ret,estructural
AP0005,2026-04-23 12:38:00,3,-0.148317489520107,-0.14281683013752094,OOF_dev,feo_ret,estructural
AP0006,2026-04-23 20:10:00,0,-0.20629264926111887,-0.12986722723738392,OOF_dev,feo_ret,estructural
AP0006,2026-04-23 20:40:00,1,-0.055832446281861674,-0.12211256532998661,OOF_dev,feo_ret,estructural
AP0007,2026-04-24 04:11:00,0,-0.15555272018540628,-0.10310805407903953,OOF_dev,feo_ret,estructural
AP0007,2026-04-24 04:41:00,1,-0.000795000216738847,-0.1524757870300338,OOF_dev,feo_ret,estructural
AP0008,2026-04-24 12:58:00,0,-0.18627447587690787,-0.13775315446096217,OOF_dev,feo_ret,estructural
AP0008,2026-04-24 13:28:00,1,-0.012881857075901981,-0.12334682566000585,OOF_dev,feo_ret,estructural
AP0008,2026-04-24 13:53:00,2,-0.021462516372652733,-0.07849965904512021,OOF_dev,feo_ret,estructural
AP0008,2026-04-24 14:13:00,3,-0.043010385487337335,-0.07059030641155087,OOF_dev,feo_ret,estructural
AP0009,2026-04-24 20:55:00,0,-0.10073116147564935,-0.15662701548042357,OOF_dev,feo_ret,estructural
AP0009,2026-04-24 21:25:00,1,-0.04513582617805989,-0.11796813635092905,OOF_dev,feo_ret,estructural
AP0009,2026-04-24 21:50:00,2,-0.09205215461443034,-0.07867769167203674,OOF_dev,feo_ret,estructural
AP0010,2026-04-25 05:30:00,0,0.1276751024334801,-0.18097078982029252,OOF_dev,feo_ret,estructural
AP0010,2026-04-25 06:00:00,1,-0.12682918062513593,-0.12359973397973023,OOF_dev,feo_ret,estructural
AP0010,2026-04-25 06:25:00,2,-0.2534862188277993,-0.085388024222007,OOF_dev,feo_ret,estructural
AP0010,2026-04-25 06:45:00,3,-0.084077463415538,-0.07454678432076803,OOF_dev,feo_ret,estructural
AP0011,2026-04-25 13:25:00,0,-0.16752694878389274,-0.14978890907306822,OOF_dev,feo_ret,estructural
AP0011,2026-04-25 13:55:00,1,0.0524660078712987,-0.12061203647151642,OOF_dev,feo_ret,estructural
AP0011,2026-04-25 14:20:00,2,-0.00982533304974332,-0.07920162538859365,OOF_dev,feo_ret,estructural
AP0011,2026-04-25 14:40:00,3,-0.03035096201470038,-0.06691726384078062,OOF_dev,feo_ret,estructural
AP0012,2026-04-25 21:06:00,0,-0.10928110067037304,-0.12892190841671783,OOF_dev,feo_ret,estructural
AP0012,2026-04-25 21:36:00,1,-0.22040264816036217,-0.10792717115077359,OOF_dev,feo_ret,estructural
AP0012,2026-04-25 22:01:00,2,-0.15052278942726946,-0.08324975295667104,OOF_dev,feo_ret,estructural
AP0013,2026-04-26 04:50:00,0,-0.0628393141582418,-0.11923082442916955,OOF_dev,feo_ret,estructural
AP0013,2026-04-26 05:20:00,1,-0.1545693377236115,-0.0959664513696932,OOF_dev,feo_ret,estructural
AP0013,2026-04-26 05:45:00,2,-0.10424637499442398,-0.07385665130422998,OOF_dev,feo_ret,estructural
AP0013,2026-04-26 06:05:00,3,-0.08603750792236346,-0.06507344996108298,OOF_dev,feo_ret,estructural
AP0014,2026-04-26 13:37:00,0,-0.0918651497707379,-0.13608816408405341,OOF_dev,feo_ret,estructural
AP0014,2026-04-26 14:07:00,1,-0.09172299423553068,-0.10704114089912624,OOF_dev,feo_ret,estructural
AP0014,2026-04-26 14:32:00,2,-0.022767012198310795,-0.07589329760692959,OOF_dev,feo_ret,estructural
AP0015,2026-04-26 21:04:00,0,-0.11938394747067559,-0.12202188854225489,OOF_dev,feo_ret,estructural
AP0015,2026-04-26 21:34:00,1,-0.13894571432505898,-0.10573884522876767,OOF_dev,feo_ret,estructural
AP0015,2026-04-26 21:59:00,2,-0.043499995198076555,-0.07638764324476609,OOF_dev,feo_ret,estructural
AP0015,2026-04-26 22:19:00,3,-0.05361352559859237,-0.06879373226240704,OOF_dev,feo_ret,estructural
AP0016,2026-04-27 05:47:00,0,-0.132731709673582,-0.12756349686443982,OOF_dev,feo_ret,estructural
AP0016,2026-04-27 06:17:00,1,-0.0451219092680401,-0.11051121859753664,OOF_dev,feo_ret,estructural
AP0016,2026-04-27 06:42:00,2,-0.12890580021494016,-0.07911761634802585,OOF_dev,feo_ret,estructural
AP0017,2026-04-27 13:56:00,0,-0.14278801491492307,-0.1357792009400937,OOF_dev,feo_ret,estructural
AP0017,2026-04-27 14:26:00,1,-0.03995405245457773,-0.14109656907946375,OOF_dev,feo_ret,estructural
AP0017,2026-04-27 14:51:00,2,-0.01369529114133437,-0.0806333143623532,OOF_dev,feo_ret,estructural
AP0017,2026-04-27 15:11:00,3,-0.016115581956538637,-0.0802248459309444,OOF_dev,feo_ret,estructural
AP0018,2026-04-27 21:56:00,0,-0.16395837894791218,-0.1412581720779281,OOF_dev,feo_ret,estructural
AP0018,2026-04-27 22:26:00,1,-0.10211177046919946,-0.11869078805682302,OOF_dev,feo_ret,estructural
AP0018,2026-04-27 22:51:00,2,-0.08527117905548817,-0.0697594864531228,OOF_dev,feo_ret,estructural
AP0018,2026-04-27 23:11:00,3,-0.06256954592358817,-0.06482706307335032,OOF_dev,feo_ret,estructural
AP0019,2026-04-28 06:12:00,0,-0.11801427437974552,-0.15935339146175873,OOF_dev,feo_ret,estructural
AP0019,2026-04-28 06:42:00,1,-0.07285381207678526,-0.12365047564604456,OOF_dev,feo_ret,estructural
AP0019,2026-04-28 07:07:00,2,-0.09002028971474267,-0.06765460490966005,OOF_dev,feo_ret,estructural
AP0019,2026-04-28 07:27:00,3,-0.0641261431696537,-0.06181326049532313,OOF_dev,feo_ret,estructural
AP0020,2026-04-28 14:01:00,0,-0.17511591959700543,-0.15543887613658247,OOF_dev,feo_ret,estructural
AP0020,2026-04-28 14:31:00,1,-0.015902450855527803,-0.12488493634898515,OOF_dev,feo_ret,estructural
AP0020,2026-04-28 14:56:00,2,-0.029745477188197346,-0.07546155116863641,OOF_dev,feo_ret,estructural
AP0020,2026-04-28 15:16:00,3,-0.03255089242980499,-0.056077629045381855,OOF_dev,feo_ret,estructural
AP0021,2026-04-28 21:56:00,0,-0.17138515641638588,-0.1283097196794906,OOF_dev,feo_ret,estructural
AP0021,2026-04-28 22:26:00,1,-0.1283639648740899,-0.11087332904123995,OOF_dev,feo_ret,estructural
AP0021,2026-04-28 22:51:00,2,0.05953573187613457,-0.0679074054552237,OOF_dev,feo_ret,estructural
AP0021,2026-04-28 23:11:00,3,-0.03067604807564916,-0.062083508812949544,OOF_dev,feo_ret,estructural
AP0022,2026-04-29 06:05:00,0,-0.2111512753046459,-0.14476830996876025,OOF_dev,feo_ret,estructural
AP0022,2026-04-29 06:35:00,1,-0.002051661277641068,-0.11974563404327195,OOF_dev,feo_ret,estructural
AP0022,2026-04-29 07:00:00,2,-0.023259146221077297,-0.06624570340103839,OOF_dev,feo_ret,estructural
AP0022,2026-04-29 07:20:00,3,-0.08405557391432708,-0.05681801538913027,OOF_dev,feo_ret,estructural
AP0023,2026-04-29 14:35:00,0,-0.07652297741968517,-0.15408215168512773,OOF_dev,feo_ret,estructural
AP0023,2026-04-29 15:05:00,1,-0.08852040802478393,-0.11154041728764963,OOF_dev,feo_ret,estructural
AP0023,2026-04-29 15:30:00,2,-0.06042912258762419,-0.0678425786760624,OOF_dev,feo_ret,estructural
AP0023,2026-04-29 15:50:00,3,0.01156949671175291,-0.06144667793974895,OOF_dev,feo_ret,estructural
AP0024,2026-04-29 22:19:00,0,-0.208879192821212,-0.12228770516088483,OOF_dev,feo_ret,estructural
AP0024,2026-04-29 22:49:00,1,0.023025424118299914,-0.11049901452833252,OOF_dev,feo_ret,estructural
AP0024,2026-04-29 23:14:00,2,-0.05404637739465551,-0.06298454483935162,OOF_dev,feo_ret,estructural
AP0024,2026-04-29 23:34:00,3,-0.026249312598959004,-0.058955751680361726,OOF_dev,feo_ret,estructural
AP0025,2026-04-30 06:11:00,0,-0.11950906275464841,-0.11759675886227111,OOF_dev,feo_ret,estructural
AP0025,2026-04-30 06:41:00,1,-0.002839929219329927,-0.12505566426328332,OOF_dev,feo_ret,estructural
AP0025,2026-04-30 07:06:00,2,-0.04542136277237172,-0.07546545642331041,OOF_dev,feo_ret,estructural
AP0025,2026-04-30 07:26:00,3,-0.015935870933140275,-0.058495612635738575,OOF_dev,feo_ret,estructural
AP0026,2026-04-30 13:48:00,0,-0.12432772144961533,-0.13497133226269833,OOF_dev,feo_ret,estructural
AP0026,2026-04-30 14:18:00,1,-0.058240171883774144,-0.11532378160960505,OOF_dev,feo_ret,estructural
AP0026,2026-04-30 14:43:00,2,-0.09591929000191833,-0.06406427531051566,OOF_dev,feo_ret,estructural
AP0027,2026-04-30 22:02:00,0,-0.19542006447321544,-0.13330679085508343,OOF_dev,feo_ret,estructural
AP0027,2026-04-30 22:32:00,1,-0.055093711472281974,-0.1140022888090976,OOF_dev,feo_ret,estructural
AP0027,2026-04-30 22:57:00,2,-0.04264951252419628,-0.06706189607942754,OOF_dev,feo_ret,estructural
AP0027,2026-04-30 23:17:00,3,-0.08009680943578708,-0.06141434153498093,OOF_dev,feo_ret,estructural
AP0028,2026-05-01 05:40:00,0,-0.1726789279682292,-0.14709039133469232,OOF_dev,feo_ret,estructural
AP0028,2026-05-01 06:10:00,1,-0.09197737528687648,-0.1131150469735382,OOF_dev,feo_ret,estructural
AP0028,2026-05-01 06:35:00,2,-0.02581661998913829,-0.06723403571264569,OOF_dev,feo_ret,estructural
AP0029,2026-05-01 13:16:00,0,-0.0682144577783346,-0.13600166512412587,OOF_dev,feo_ret,estructural
AP0029,2026-05-01 13:46:00,1,-0.17452343626484504,-0.10494859429464035,OOF_dev,feo_ret,estructural
AP0029,2026-05-01 14:11:00,2,-0.09744414935327175,-0.06723011217709737,OOF_dev,feo_ret,estructural
AP0030,2026-05-01 21:50:00,0,0.020444458223561106,-0.1487339284560887,OOF_dev,feo_ret,estructural
AP0030,2026-05-01 22:20:00,1,-0.2135830619185936,-0.10799888808722227,OOF_dev,feo_ret,estructural
AP0030,2026-05-01 22:45:00,2,-0.0377168690696035,-0.06447323588912215,OOF_dev,feo_ret,estructural
AP0030,2026-05-01 23:05:00,3,-0.079751923292627,-0.05507271222299209,OOF_dev,feo_ret,estructural
AP0031,2026-05-02 05:19:00,0,-0.19199115686282262,-0.1346845310084339,OOF_dev,feo_ret,estructural
AP0031,2026-05-02 05:49:00,1,-0.12813871042112124,-0.112260971655674,OOF_dev,feo_ret,estructural
AP0031,2026-05-02 06:14:00,2,-0.08138848286621447,-0.06638964890422065,OOF_dev,feo_ret,estructural
AP0031,2026-05-02 06:34:00,3,-0.09134865257464453,-0.0626170708704013,OOF_dev,feo_ret,estructural
AP0032,2026-05-02 12:49:00,0,-0.14478096028946824,-0.13794386516669654,OOF_dev,feo_ret,estructural
AP0032,2026-05-02 13:19:00,1,-0.11913804617126689,-0.10709337386223791,OOF_dev,feo_ret,estructural
AP0032,2026-05-02 13:44:00,2,-0.20416977038372167,-0.06607353603987033,OOF_dev,feo_ret,estructural
AP0033,2026-05-02 20:10:00,0,-0.20147902735435183,-0.1269450205653434,OOF_dev,feo_ret,estructural
AP0033,2026-05-02 20:40:00,1,-0.17105389597144083,-0.10900731802214887,OOF_dev,feo_ret,estructural
AP0033,2026-05-02 21:05:00,2,0.05534488977586068,-0.06604100683818798,OOF_dev,feo_ret,estructural
AP0033,2026-05-02 21:25:00,3,-0.10296883666516003,-0.05884860049881457,OOF_dev,feo_ret,estructural
AP0034,2026-05-03 03:46:00,0,-0.19657844205273925,-0.11288496981043222,OOF_dev,feo_ret,estructural
AP0034,2026-05-03 04:16:00,1,0.0027342311401819413,-0.11594679480604093,OOF_dev,feo_ret,estructural
AP0034,2026-05-03 04:41:00,2,-0.05989948061231704,-0.07243606953727094,OOF_dev,feo_ret,estructural
AP0034,2026-05-03 05:01:00,3,-0.034337903530585745,-0.06549057881982952,OOF_dev,feo_ret,estructural
AP0035,2026-05-03 11:17:00,0,-0.20907363339674137,-0.11325052152267376,OOF_dev,feo_ret,estructural
AP0035,2026-05-03 11:47:00,1,-0.02496213362173667,-0.12170014530956316,OOF_dev,feo_ret,estructural
AP0035,2026-05-03 12:12:00,2,-0.04835789555429362,-0.06754355067749539,OOF_dev,feo_ret,estructural
AP0035,2026-05-03 12:32:00,3,-0.03434972119023636,-0.05408147197098245,OOF_dev,feo_ret,estructural
AP0036,2026-05-03 19:22:00,0,-0.14712118066629767,-0.1277518515230867,OOF_dev,feo_ret,estructural
AP0036,2026-05-03 19:52:00,1,-0.13173733750163924,-0.11293648208192851,OOF_dev,feo_ret,estructural
AP0036,2026-05-03 20:17:00,2,-0.08302033637759343,-0.07604551841346766,OOF_dev,feo_ret,estructural
AP0037,2026-05-04 02:53:00,0,-0.07239684277649963,-0.16260213615829405,OOF_dev,feo_ret,estructural
AP0037,2026-05-04 03:23:00,1,-0.12423762192277026,-0.1288441692636016,OOF_dev,feo_ret,estructural
AP0037,2026-05-04 03:48:00,2,0.018518056380903664,-0.08394538582865664,OOF_dev,feo_ret,estructural
AP0037,2026-05-04 04:08:00,3,-0.0661310619959757,-0.07151449239674708,OOF_dev,feo_ret,estructural
AP0038,2026-05-04 10:12:00,0,-0.13034865041947397,-0.11644249926329232,OOF_dev,feo_ret,estructural
AP0038,2026-05-04 10:42:00,1,-0.18793270139887924,-0.10110070451930914,OOF_dev,feo_ret,estructural
AP0038,2026-05-04 11:07:00,2,-0.058313249997318434,-0.06578893114066094,OOF_dev,feo_ret,estructural
AP0038,2026-05-04 11:27:00,3,-0.029199185412798517,-0.061132144346302056,OOF_dev,feo_ret,estructural
AP0039,2026-05-04 18:05:00,0,-0.2437149917879346,-0.12953528350963997,OOF_dev,feo_ret,estructural
AP0039,2026-05-04 18:35:00,1,-0.13895009263278085,-0.1174394225316467,OOF_dev,feo_ret,estructural
AP0039,2026-05-04 19:00:00,2,-0.09217730869537659,-0.06715623010145708,OOF_dev,feo_ret,estructural
AP0040,2026-05-05 01:30:00,0,-0.038997827869642857,-0.13449417755522208,OOF_dev,feo_ret,estructural
AP0040,2026-05-05 02:00:00,1,-0.2514117814405327,-0.09642002385885876,OOF_dev,feo_ret,estructural
AP0040,2026-05-05 02:25:00,2,0.06530866219997801,-0.06749519892067314,OOF_dev,feo_ret,estructural
AP0040,2026-05-05 02:45:00,3,-0.03008154045237851,-0.05623727854129548,OOF_dev,feo_ret,estructural
AP0041,2026-05-05 08:59:00,0,-0.26745633549759024,-0.12307658452570522,OOF_dev,feo_ret,estructural
AP0041,2026-05-05 09:29:00,1,-0.033398958274862736,-0.1139966337377933,OOF_dev,feo_ret,estructural
AP0041,2026-05-05 09:54:00,2,-0.025709402668342127,-0.06673094641626653,OOF_dev,feo_ret,estructural
AP0041,2026-05-05 10:14:00,3,-0.04287124182653727,-0.05892779547142407,OOF_dev,feo_ret,estructural
AP0042,2026-05-05 16:21:00,0,-0.13118640975561688,-0.12999214830846278,OOF_dev,feo_ret,estructural
AP0042,2026-05-05 16:51:00,1,-0.23429533417945705,-0.10588130634314454,OOF_dev,feo_ret,estructural
AP0042,2026-05-05 17:16:00,2,0.030399533333112162,-0.06641504209717047,OOF_dev,feo_ret,estructural
AP0042,2026-05-05 17:36:00,3,-0.015325053453432175,-0.06124805330094414,OOF_dev,feo_ret,estructural
AP0043,2026-05-05 23:45:00,0,-0.13476016898693888,-0.13766643230440312,OOF_dev,feo_ret,estructural
AP0043,2026-05-06 00:15:00,1,-0.18204383997351972,-0.11504011574190917,OOF_dev,feo_ret,estructural
AP0043,2026-05-06 00:40:00,2,-0.04909791827071627,-0.07555763810712039,OOF_dev,feo_ret,estructural
AP0043,2026-05-06 01:00:00,3,0.05182150053423962,-0.06384194940117673,OOF_dev,feo_ret,estructural
AP0044,2026-05-06 07:19:00,0,-0.14563041951148523,-0.125473555091083,OOF_dev,feo_ret,estructural
AP0044,2026-05-06 07:49:00,1,-0.12066237990605792,-0.11034860640554356,OOF_dev,feo_ret,estructural
AP0044,2026-05-06 08:14:00,2,-0.09716293841214572,-0.06951610644839105,OOF_dev,feo_ret,estructural
AP0044,2026-05-06 08:34:00,3,-0.07516399251149235,-0.05601779040957648,OOF_dev,feo_ret,estructural
AP0045,2026-05-06 15:25:00,0,-0.22244711906414275,-0.1265626386798613,OOF_dev,feo_ret,estructural
AP0045,2026-05-06 15:55:00,1,-0.008321483614374717,-0.09038975422951095,OOF_dev,feo_ret,estructural
AP0045,2026-05-06 16:20:00,2,0.03852672619020368,-0.06230613795393133,OOF_dev,feo_ret,estructural
AP0045,2026-05-06 16:40:00,3,-0.08104441005951428,-0.07839188035103178,OOF_dev,feo_ret,estructural
AP0046,2026-05-06 22:55:00,0,-0.1287238172367219,-0.13408238686803703,OOF_dev,feo_ret,estructural
AP0046,2026-05-06 23:25:00,1,-0.14726848287405095,-0.10807688157437402,OOF_dev,feo_ret,estructural
AP0046,2026-05-06 23:50:00,2,-0.1406073071194409,-0.07208613954225228,OOF_dev,feo_ret,estructural
AP0046,2026-05-07 00:10:00,3,-0.022248810864144496,-0.06218675053966627,OOF_dev,feo_ret,estructural
AP0047,2026-05-07 06:37:00,0,-0.2019156747571085,-0.13160280817048653,OOF_dev,feo_ret,estructural
AP0047,2026-05-07 07:07:00,1,-0.1320340214304912,-0.11018398412687529,OOF_dev,feo_ret,estructural
AP0047,2026-05-07 07:32:00,2,-0.08177546034089979,-0.06737262808191444,OOF_dev,feo_ret,estructural
AP0047,2026-05-07 07:52:00,3,-0.16613320721316646,-0.06029231653061431,OOF_dev,feo_ret,estructural
AP0048,2026-05-07 14:46:00,0,-0.2219803032913043,-0.12361922299860459,OOF_dev,feo_ret,estructural
AP0048,2026-05-07 15:16:00,1,-0.19867557365035804,-0.09110670238910508,OOF_dev,feo_ret,estructural
AP0048,2026-05-07 15:41:00,2,0.05652536893417454,-0.09305356963167893,OOF_dev,feo_ret,estructural
AP0048,2026-05-07 16:01:00,3,-0.022530705148367587,-0.0618651054439225,OOF_dev,feo_ret,estructural
AP0049,2026-05-07 22:30:00,0,-0.17491226856756795,-0.12658702637637365,OOF_dev,feo_ret,estructural
AP0049,2026-05-07 23:00:00,1,-0.09359302335594993,-0.13421533492628263,OOF_dev,feo_ret,estructural
AP0049,2026-05-07 23:25:00,2,0.009007902192298068,-0.07751777552515977,OOF_dev,feo_ret,estructural
AP0049,2026-05-07 23:45:00,3,-0.1192265402254849,-0.06074258093676906,OOF_dev,feo_ret,estructural
AP0050,2026-05-08 06:19:00,0,-0.112218127474754,-0.1524036696234101,OOF_dev,feo_ret,estructural
AP0050,2026-05-08 06:49:00,1,-0.12511725092487827,-0.11026284699435934,OOF_dev,feo_ret,estructural
AP0050,2026-05-08 07:14:00,2,-0.1640049449201864,-0.0678518671808138,OOF_dev,feo_ret,estructural
AP0051,2026-05-08 14:35:00,0,-0.30589057771762346,-0.11885991621277155,OOF_dev,feo_ret,estructural
AP0051,2026-05-08 15:05:00,1,-0.14005557707873567,-0.11302378905430158,OOF_dev,feo_ret,estructural
AP0051,2026-05-08 15:30:00,2,0.0820483824856536,-0.06702770689138857,OOF_dev,feo_ret,estructural
AP0051,2026-05-08 15:50:00,3,0.06419155195577812,-0.05816023235339397,OOF_dev,feo_ret,estructural
AP0052,2026-05-08 22:34:00,0,-0.16852896852896707,-0.12489410869768204,OOF_dev,feo_ret,estructural
AP0052,2026-05-08 23:04:00,1,-0.057473547962098116,-0.10374023125851951,OOF_dev,feo_ret,estructural
AP0052,2026-05-08 23:29:00,2,-0.1032525017366625,-0.07111209337537804,OOF_dev,feo_ret,estructural
AP0053,2026-05-09 06:37:00,0,-0.17857912281188557,-0.12841558880044496,OOF_dev,feo_ret,estructural
AP0053,2026-05-09 07:07:00,1,-0.043855496140433485,-0.10558457771894608,OOF_dev,feo_ret,estructural
AP0053,2026-05-09 07:32:00,2,-0.11620957717421625,-0.07149372427408321,OOF_dev,feo_ret,estructural
AP0053,2026-05-09 07:52:00,3,-0.1215452349893015,-0.05902857486909503,OOF_dev,feo_ret,estructural
AP0054,2026-05-09 14:44:00,0,-0.3381973703964747,-0.12197004651089544,OOF_dev,feo_ret,estructural
AP0054,2026-05-09 15:14:00,1,-0.03720549860314689,-0.11497004173189035,OOF_dev,feo_ret,estructural
AP0054,2026-05-09 15:39:00,2,-0.1439224583912218,-0.06381514764590604,OOF_dev,feo_ret,estructural
AP0054,2026-05-09 15:59:00,3,-0.048904535038131365,-0.05616394202619984,OOF_dev,feo_ret,estructural
AP0055,2026-05-09 22:16:00,0,-0.21499646483983834,-0.16452066818686836,OOF_dev,feo_ret,estructural
AP0055,2026-05-09 22:46:00,1,0.03184421443169058,-0.1243916736053768,OOF_dev,feo_ret,estructural
AP0055,2026-05-09 23:11:00,2,-0.09407450649208335,-0.07636225155665856,OOF_dev,feo_ret,estructural
AP0055,2026-05-09 23:31:00,3,-0.039720874021351264,-0.05663728508270028,OOF_dev,feo_ret,estructural
AP0056,2026-05-10 06:10:00,0,-0.12739092364355994,-0.15109364112058513,OOF_dev,feo_ret,estructural
AP0056,2026-05-10 06:40:00,1,0.021545059074946145,-0.11248841560926223,OOF_dev,feo_ret,estructural
AP0056,2026-05-10 07:05:00,2,-0.1466452998294844,-0.07435557449259388,OOF_dev,feo_ret,estructural
AP0057,2026-05-10 14:15:00,0,-0.18864374578210039,-0.1405900956262525,OOF_dev,feo_ret,estructural
AP0057,2026-05-10 14:45:00,1,0.07347035464398437,-0.11307373951033456,OOF_dev,feo_ret,estructural
AP0057,2026-05-10 15:10:00,2,-0.09761710537338845,-0.0704537961671786,OOF_dev,feo_ret,estructural
AP0058,2026-05-10 21:48:00,0,-0.12090833234447414,-0.05751695351000692,OOF_dev,feo_ret,estructural
AP0058,2026-05-10 22:18:00,1,-0.03620666475372999,-0.11469616043325126,OOF_dev,feo_ret,estructural
AP0058,2026-05-10 22:43:00,2,0.007912279455357784,-0.10306789392091421,OOF_dev,feo_ret,estructural
AP0058,2026-05-10 23:03:00,3,-0.09131132019039363,-0.1037544770093772,OOF_dev,feo_ret,estructural
AP0059,2026-05-11 05:54:00,0,-0.2869996599243258,-0.13282162291408667,OOF_dev,feo_ret,estructural
AP0059,2026-05-11 06:24:00,1,0.05238551732475091,-0.11685442673648952,OOF_dev,feo_ret,estructural
AP0059,2026-05-11 06:49:00,2,-0.11231017380219246,-0.07028726291885033,OOF_dev,feo_ret,estructural
AP0059,2026-05-11 07:09:00,3,-0.09336370182052887,-0.05660474552248689,OOF_dev,feo_ret,estructural
AP0060,2026-05-11 13:48:00,0,-0.18048994447568448,-0.07151912113133221,OOF_dev,feo_ret,estructural
AP0060,2026-05-11 14:18:00,1,-0.06490153611948431,-0.10004449591219344,OOF_dev,feo_ret,estructural
AP0060,2026-05-11 15:03:00,3,-0.035743748134616796,-0.23939811963276386,OOF_dev,feo_ret,estructural
AP0061,2026-05-11 23:11:00,0,-0.11353186437556173,-0.10452631039672852,OOF_dev,feo_ret,estructural
AP0061,2026-05-11 23:41:00,1,-0.07320455668714528,-0.09918732891929738,OOF_dev,feo_ret,estructural
AP0061,2026-05-12 00:06:00,2,-0.0634692141186647,-0.08631808078833769,OOF_dev,feo_ret,estructural
AP0061,2026-05-12 00:26:00,3,-0.07936669146871585,-0.07360213276864531,OOF_dev,feo_ret,estructural
AP0062,2026-05-12 07:42:00,0,-0.2448370873550218,-0.13090024112313892,OOF_dev,feo_ret,estructural
AP0062,2026-05-12 08:12:00,1,-0.10912829284669251,-0.11602739985075612,OOF_dev,feo_ret,estructural
AP0062,2026-05-12 08:37:00,2,-0.029944957279204275,-0.06718177153235189,OOF_dev,feo_ret,estructural
AP0062,2026-05-12 08:57:00,3,-0.034024384792170626,-0.060805110224905895,OOF_dev,feo_ret,estructural
AP0063,2026-05-12 15:57:00,0,-0.21132387863477323,-0.12656248008727997,OOF_dev,feo_ret,estructural
AP0063,2026-05-12 16:27:00,1,0.01272790114124643,-0.10811781078443464,OOF_dev,feo_ret,estructural
AP0063,2026-05-12 16:52:00,2,-0.08568499864431937,-0.06544723410440932,OOF_dev,feo_ret,estructural
AP0063,2026-05-12 17:12:00,3,-0.026215074881360115,-0.05980625155393126,OOF_dev,feo_ret,estructural
AP0064,2026-05-13 00:05:00,0,-0.15078585896858354,-0.12382233313271174,OOF_dev,feo_ret,estructural
AP0064,2026-05-13 00:35:00,1,-0.15319800822497973,-0.09019157070115583,OOF_dev,feo_ret,estructural
AP0064,2026-05-13 01:00:00,2,-0.08285297495874794,-0.07370174314101184,OOF_dev,feo_ret,estructural
AP0065,2026-05-13 07:53:00,0,-0.20146394004564736,-0.15804649701345927,OOF_dev,feo_ret,estructural
AP0065,2026-05-13 08:23:00,1,0.0023575060694775106,-0.12124945846669154,OOF_dev,feo_ret,estructural
AP0065,2026-05-13 08:48:00,2,-0.0741088056743973,-0.06389428848467929,OOF_dev,feo_ret,estructural
AP0066,2026-05-13 15:40:00,0,-0.09894230184267702,-0.13413044055746776,OOF_dev,feo_ret,estructural
AP0066,2026-05-13 16:10:00,1,-0.01969295539768645,-0.1033617715310438,OOF_dev,feo_ret,estructural
AP0066,2026-05-13 16:35:00,2,-0.06276952479860666,-0.06686806586982726,OOF_dev,feo_ret,estructural
AP0067,2026-05-13 23:36:00,0,-0.09307389748701289,-0.13599212308377184,OOF_dev,feo_ret,estructural
AP0067,2026-05-14 00:06:00,1,-0.1443440575264787,-0.10274426020626783,OOF_dev,feo_ret,estructural
AP0068,2026-05-14 06:57:00,0,-0.12941845888932457,-0.12999740270264679,OOF_dev,feo_ret,estructural
AP0068,2026-05-14 07:27:00,1,-0.014428156470344882,-0.10424619754081785,OOF_dev,feo_ret,estructural
AP0068,2026-05-14 07:52:00,2,-0.16698709540636994,-0.062056504450011395,OOF_dev,feo_ret,estructural
AP0068,2026-05-14 08:12:00,3,-0.109572236334614,-0.05885671841400226,OOF_dev,feo_ret,estructural
AP0069,2026-05-14 14:51:00,0,-0.12429023664757319,-0.14731194929208233,OOF_dev,feo_ret,estructural
AP0069,2026-05-14 15:21:00,1,-0.041938831720104194,-0.09737889116882574,OOF_dev,feo_ret,estructural
AP0069,2026-05-14 15:46:00,2,-0.04346196235531438,-0.06507487931394437,OOF_dev,feo_ret,estructural
AP0070,2026-05-14 22:34:00,0,-0.10661757085448992,-0.13410089253443563,OOF_dev,feo_ret,estructural
AP0070,2026-05-14 23:04:00,1,-0.11520242858485509,-0.08838010898645596,OOF_dev,feo_ret,estructural
AP0070,2026-05-14 23:29:00,2,-0.08277696603326168,-0.0654902173058862,OOF_dev,feo_ret,estructural
AP0071,2026-05-15 06:18:00,0,-0.22439813451383347,-0.11839913702519915,OOF_dev,feo_ret,estructural
AP0071,2026-05-15 06:48:00,1,-0.03341964444132324,-0.11864457381718391,OOF_dev,feo_ret,estructural
AP0071,2026-05-15 07:13:00,2,-0.0950339649536073,-0.07115217759740033,OOF_dev,feo_ret,estructural
AP0071,2026-05-15 07:33:00,3,0.05195926147689951,-0.05733974515020753,OOF_dev,feo_ret,estructural
AP0072,2026-05-15 14:31:00,0,-0.141977891384533,-0.11924728608335469,OOF_dev,feo_ret,estructural
AP0072,2026-05-15 15:01:00,1,-0.016274745976218277,-0.08951469786597929,OOF_dev,feo_ret,estructural
AP0072,2026-05-15 15:26:00,2,-0.03343855997952221,-0.061851621856419764,OOF_dev,feo_ret,estructural
AP0072,2026-05-15 15:46:00,3,-0.08978735710805846,-0.05612435778816228,OOF_dev,feo_ret,estructural
AP0073,2026-05-15 22:40:00,0,-0.15691270872061816,-0.13052420213632543,OOF_dev,feo_ret,estructural
AP0073,2026-05-15 23:10:00,1,-0.0380903182593583,-0.08917994550803296,OOF_dev,feo_ret,estructural
AP0073,2026-05-15 23:35:00,2,-0.08351784684433974,-0.0653932083457996,OOF_dev,feo_ret,estructural
AP0073,2026-05-15 23:55:00,3,-0.10873939846181022,-0.05748731351196209,OOF_dev,feo_ret,estructural
AP0074,2026-05-16 06:26:00,0,-0.20662871027707214,-0.13228479444348903,OOF_dev,feo_ret,estructural
AP0074,2026-05-16 06:56:00,1,-0.058167663958706387,-0.10712698199578698,OOF_dev,feo_ret,estructural
AP0074,2026-05-16 07:21:00,2,-0.08083047206658912,-0.05827541351452452,OOF_dev,feo_ret,estructural
AP0074,2026-05-16 07:41:00,3,-0.03464416182908668,-0.05343282373309213,OOF_dev,feo_ret,estructural
AP0075,2026-05-16 14:21:00,0,-0.14874449423481467,-0.13378522076946003,OOF_dev,feo_ret,estructural
AP0075,2026-05-16 14:51:00,1,-0.09308198651984506,-0.09188863295884007,OOF_dev,feo_ret,estructural
AP0075,2026-05-16 15:16:00,2,-0.06153099621622046,-0.05857022076293849,OOF_dev,feo_ret,estructural
AP0076,2026-05-16 22:05:00,0,-0.15685657055739183,-0.11537719973532574,OOF_dev,feo_ret,estructural
AP0076,2026-05-16 22:35:00,1,-0.005052162482855589,-0.09332656871113777,OOF_dev,feo_ret,estructural
AP0076,2026-05-16 23:00:00,2,-0.13012630655159657,-0.06579839394311982,OOF_dev,feo_ret,estructural
AP0077,2026-05-17 05:42:00,0,-0.22265996574054164,-0.1303449637033892,OOF_dev,feo_ret,estructural
AP0077,2026-05-17 06:12:00,1,-0.0030386507156211265,-0.10438679335276663,OOF_dev,feo_ret,estructural
AP0077,2026-05-17 06:37:00,2,-0.04759783106522458,-0.060086681896786634,OOF_dev,feo_ret,estructural
AP0077,2026-05-17 06:57:00,3,-0.09466539697346407,-0.05584536193116969,OOF_dev,feo_ret,estructural
AP0078,2026-05-17 13:51:00,0,-0.0823314063128887,-0.12529581300804665,OOF_dev,feo_ret,estructural
AP0078,2026-05-17 14:21:00,1,-0.10722405255547,-0.09152886431435404,OOF_dev,feo_ret,estructural
AP0078,2026-05-17 14:46:00,2,-0.027397878865073947,-0.059906722530692354,OOF_dev,feo_ret,estructural
AP0079,2026-05-17 21:39:00,0,-0.231771668491088,-0.10524148221580348,OOF_dev,feo_ret,estructural
AP0079,2026-05-17 22:09:00,1,0.04836100057996347,-0.08621936247269103,OOF_dev,feo_ret,estructural
AP0079,2026-05-17 22:34:00,2,-0.04278194917632294,-0.08046088392354601,OOF_dev,feo_ret,estructural
AP0079,2026-05-17 22:54:00,3,-0.05666929556095408,-0.07073321770496772,OOF_dev,feo_ret,estructural
AP0080,2026-05-18 05:39:00,0,-0.2830188344770363,-0.11618636956546469,OOF_dev,feo_ret,estructural
AP0080,2026-05-18 06:09:00,1,0.009414014745887569,-0.09453740570401399,OOF_dev,feo_ret,estructural
AP0080,2026-05-18 06:34:00,2,-0.12469904317891556,-0.06427364704967414,OOF_dev,feo_ret,estructural
AP0080,2026-05-18 06:54:00,3,-0.056710198245844404,-0.053506061305726764,OOF_dev,feo_ret,estructural
AP0081,2026-05-18 13:46:00,0,-0.14218555359689125,-0.11196065454758401,OOF_dev,feo_ret,estructural
AP0081,2026-05-18 14:16:00,1,-0.11421706235374528,-0.0897815435250681,OOF_dev,feo_ret,estructural
AP0081,2026-05-18 14:41:00,2,-0.062416889519490884,-0.06149512574040788,OOF_dev,feo_ret,estructural
AP0081,2026-05-18 15:01:00,3,-0.059662873214027794,-0.057346458247281046,OOF_dev,feo_ret,estructural
AP0082,2026-05-18 21:42:00,0,-0.16899146588387523,-0.1195042223165147,OOF_dev,feo_ret,estructural
AP0082,2026-05-18 22:12:00,1,-0.05333041590858235,-0.09106153590110491,OOF_dev,feo_ret,estructural
AP0082,2026-05-18 22:37:00,2,-0.052326798075277306,-0.0692963582564355,OOF_dev,feo_ret,estructural
AP0082,2026-05-18 22:57:00,3,-0.11677138006797175,-0.05847086732077998,OOF_dev,feo_ret,estructural
AP0083,2026-05-19 05:35:00,0,-0.07197252469957259,-0.12003732543873785,OOF_dev,feo_ret,estructural
AP0083,2026-05-19 06:05:00,1,-0.1615973168014034,-0.08241209281967822,OOF_dev,feo_ret,estructural
AP0083,2026-05-19 06:30:00,2,-0.2530380255016095,-0.0691418349948291,OOF_dev,feo_ret,estructural
AP0083,2026-05-19 06:50:00,3,0.066175221040456,-0.06075416009664563,OOF_dev,feo_ret,estructural
AP0084,2026-05-19 14:04:00,0,-0.16973675958400725,-0.12064032308824225,OOF_dev,feo_ret,estructural
AP0084,2026-05-19 14:34:00,1,-0.12651481153349556,-0.10426086320056616,OOF_dev,feo_ret,estructural
AP0084,2026-05-19 14:59:00,2,-0.08675516698685828,-0.06366597455758956,OOF_dev,feo_ret,estructural
AP0085,2026-05-19 21:35:00,0,-0.18379842004201724,-0.11122748738105201,OOF_dev,feo_ret,estructural
AP0085,2026-05-19 22:05:00,1,-0.04623082573918669,-0.09725017143008693,OOF_dev,feo_ret,estructural
AP0085,2026-05-19 22:30:00,2,-0.07322143966434627,-0.0704127175978813,OOF_dev,feo_ret,estructural
AP0085,2026-05-19 22:50:00,3,-0.06605021706473724,-0.05242267556836985,OOF_dev,feo_ret,estructural
AP0086,2026-05-20 05:05:00,0,-0.08800758263506224,-0.11824395477547153,OOF_dev,feo_ret,estructural
AP0086,2026-05-20 05:35:00,1,-0.25591957273850835,-0.08417721356196498,OOF_dev,feo_ret,estructural
AP0086,2026-05-20 06:00:00,2,-0.10548735055562733,-0.06819187685112722,OOF_dev,feo_ret,estructural
AP0087,2026-05-20 14:10:00,0,-0.1508583177884657,-0.12138802074259918,OOF_dev,feo_ret,estructural
AP0087,2026-05-20 14:40:00,1,-0.0698007402542067,-0.09480421871731641,OOF_dev,feo_ret,estructural
AP0087,2026-05-20 15:05:00,2,-0.06406301634299025,-0.06271907225991677,OOF_dev,feo_ret,estructural
AP0088,2026-05-20 21:42:00,0,-0.23422974047531228,-0.1117975107618452,OOF_dev,feo_ret,estructural
AP0088,2026-05-20 22:12:00,1,-0.11336514659201585,-0.10173752164798452,OOF_dev,feo_ret,estructural
AP0088,2026-05-20 22:37:00,2,0.06730093376751883,-0.06669181796464933,OOF_dev,feo_ret,estructural
AP0088,2026-05-20 22:57:00,3,-0.004104480775887139,-0.058677438655722745,OOF_dev,feo_ret,estructural
AP0089,2026-05-21 06:01:00,0,-0.15829010777898891,-0.1083387252407212,OOF_dev,feo_ret,estructural
AP0089,2026-05-21 06:31:00,1,-0.04064746239306286,-0.08307345384766263,OOF_dev,feo_ret,estructural
AP0089,2026-05-21 06:56:00,2,-0.07970277146794678,-0.06625496801528157,OOF_dev,feo_ret,estructural
AP0089,2026-05-21 07:16:00,3,-0.029497529009606834,-0.05951301004471372,OOF_dev,feo_ret,estructural
AP0090,2026-05-21 14:11:00,0,-0.2578418441575443,-0.11360124470253191,OOF_dev,feo_ret,estructural
AP0090,2026-05-21 14:41:00,1,0.03835895942245354,-0.11598950781374627,OOF_dev,feo_ret,estructural
AP0090,2026-05-21 15:06:00,2,-0.013377528637880859,-0.05511339225183806,OOF_dev,feo_ret,estructural
AP0090,2026-05-21 15:26:00,3,-0.01940138595812969,-0.050540532527193205,OOF_dev,feo_ret,estructural
AP0091,2026-05-21 21:43:00,0,-0.1332447839863321,-0.12498620217047969,OOF_dev,feo_ret,estructural
AP0091,2026-05-21 22:13:00,1,-0.09674282955345151,-0.10331437776354384,OOF_dev,feo_ret,estructural
AP0091,2026-05-21 22:38:00,2,-0.10161431163171362,-0.06273231945356357,OOF_dev,feo_ret,estructural
AP0091,2026-05-21 22:58:00,3,-0.13215675158748239,-0.05775579602559543,OOF_dev,feo_ret,estructural
AP0092,2026-05-22 05:46:00,0,-0.1905676318583083,-0.1364256581274876,OOF_dev,feo_ret,estructural
AP0092,2026-05-22 06:16:00,1,-0.05963228887255314,-0.09555997862099318,OOF_dev,feo_ret,estructural
AP0092,2026-05-22 06:41:00,2,-0.08993287244407187,-0.07135563371671019,OOF_dev,feo_ret,estructural
AP0093,2026-05-22 13:46:00,0,-0.16319173332472517,-0.11320887809798841,OOF_dev,feo_ret,estructural
AP0093,2026-05-22 14:16:00,1,0.011189920277280087,-0.08928458153606778,OOF_dev,feo_ret,estructural
AP0093,2026-05-22 14:41:00,2,-0.06085853380240659,-0.06847242165940669,OOF_dev,feo_ret,estructural
AP0093,2026-05-22 15:01:00,3,-0.05516411881901168,-0.060261475908722995,OOF_dev,feo_ret,estructural
AP0094,2026-05-22 21:16:00,0,-0.0964264928020961,-0.12378524067894904,OOF_dev,feo_ret,estructural
AP0094,2026-05-22 21:46:00,1,-0.11580427899583862,-0.08655381333098817,OOF_dev,feo_ret,estructural
AP0094,2026-05-22 22:11:00,2,-0.17513508316442186,-0.06852828013262229,OOF_dev,feo_ret,estructural
AP0094,2026-05-22 22:31:00,3,0.044781274896151135,-0.055478221188664655,OOF_dev,feo_ret,estructural
AP0095,2026-05-23 04:44:00,0,-0.12152195112577663,-0.12736356354699485,OOF_dev,feo_ret,estructural
AP0095,2026-05-23 05:14:00,1,-0.10157347763075968,-0.08389221779714875,OOF_dev,feo_ret,estructural
AP0095,2026-05-23 05:39:00,2,-0.03147829501080846,-0.060042472570888385,OOF_dev,feo_ret,estructural
AP0095,2026-05-23 05:59:00,3,-0.15310585747439584,-0.053361518882796076,OOF_dev,feo_ret,estructural
AP0096,2026-05-23 12:41:00,0,-0.14410308327504678,-0.11980366524849052,OOF_dev,feo_ret,estructural
AP0096,2026-05-23 13:11:00,1,-0.04662711232920608,-0.08867938682970984,OOF_dev,feo_ret,estructural
AP0096,2026-05-23 13:36:00,2,0.023508359211475257,-0.0695297759028422,OOF_dev,feo_ret,estructural
AP0096,2026-05-23 13:56:00,3,-0.15189429287027129,-0.06262798613043859,OOF_dev,feo_ret,estructural
AP0097,2026-05-23 19:41:00,0,-0.17465249428594842,-0.13130514600027565,OOF_dev,feo_ret,estructural
AP0097,2026-05-23 20:11:00,1,-0.14726220307900645,-0.09484408709057271,OOF_dev,feo_ret,estructural
AP0097,2026-05-23 20:36:00,2,-0.06205270958413675,-0.07230615094305752,OOF_dev,feo_ret,estructural
AP0097,2026-05-23 20:56:00,3,-0.08983248854306561,-0.05675556983134431,OOF_dev,feo_ret,estructural
AP0098,2026-05-24 03:43:00,0,-0.33254386156295807,-0.13138565968289215,OOF_dev,feo_ret,estructural
AP0098,2026-05-24 04:13:00,1,0.027659723856341623,-0.10240815688167615,OOF_dev,feo_ret,estructural
AP0098,2026-05-24 04:38:00,2,-0.1334452396564,-0.0600142076696495,OOF_dev,feo_ret,estructural
AP0098,2026-05-24 04:58:00,3,-0.0824651950449617,-0.05669575000316245,OOF_dev,feo_ret,estructural
AP0099,2026-05-24 10:40:00,0,-0.15155156144190216,-0.1290922635387858,OOF_dev,feo_ret,estructural
AP0099,2026-05-24 11:10:00,1,-0.15303088720321795,-0.07677051950213602,OOF_dev,feo_ret,estructural
AP0099,2026-05-24 11:35:00,2,-0.09860673230301806,-0.07037232336972431,OOF_dev,feo_ret,estructural
AP0100,2026-05-24 18:30:00,0,-0.0914142612573844,-0.13501933031797497,OOF_dev,feo_ret,estructural
AP0100,2026-05-24 19:00:00,1,-0.05150111898796983,-0.08163644110206948,OOF_dev,feo_ret,estructural
AP0100,2026-05-24 19:25:00,2,-0.09648905342191941,-0.06272815811916048,OOF_dev,feo_ret,estructural
AP0100,2026-05-24 19:45:00,3,-0.05381398716815521,-0.054193870929548166,OOF_dev,feo_ret,estructural
AP0101,2026-05-25 02:24:00,0,-0.16703882667100234,-0.13361337250565689,OOF_dev,feo_ret,estructural
AP0101,2026-05-25 02:54:00,1,-0.04839876896151401,-0.09560525846617186,OOF_dev,feo_ret,estructural
AP0101,2026-05-25 03:19:00,2,-0.09130864109380546,-0.060878326562639105,OOF_dev,feo_ret,estructural
AP0101,2026-05-25 03:39:00,3,-0.072018275172569,-0.05761854001398013,OOF_dev,feo_ret,estructural
AP0102,2026-05-25 09:53:00,0,-0.1368234720547021,-0.11221184737009916,OOF_dev,feo_ret,estructural
AP0102,2026-05-25 10:23:00,1,-0.07316783911104484,-0.07513757727693329,OOF_dev,feo_ret,estructural
AP0102,2026-05-25 10:48:00,2,-0.09256982562321604,-0.07023420302822923,OOF_dev,feo_ret,estructural
AP0102,2026-05-25 11:08:00,3,-0.09157406170065845,-0.05996720870622328,OOF_dev,feo_ret,estructural
AP0103,2026-05-25 17:50:00,0,-0.1196075387625803,-0.13130646940931462,OOF_dev,feo_ret,estructural
AP0103,2026-05-25 18:20:00,1,-0.14030591489247457,-0.0874047748066512,OOF_dev,feo_ret,estructural
AP0104,2026-05-26 01:22:00,0,-0.18993606980141692,-0.13483948153382733,OOF_dev,feo_ret,estructural
AP0104,2026-05-26 01:52:00,1,-0.032710033859446014,-0.0955773629380715,OOF_dev,feo_ret,estructural
AP0104,2026-05-26 02:17:00,2,-0.0680799529593417,-0.05751022980536606,OOF_dev,feo_ret,estructural
AP0104,2026-05-26 02:37:00,3,-0.06450611113124513,-0.05324144126018606,OOF_dev,feo_ret,estructural
AP0105,2026-05-26 08:35:00,0,-0.14912026067210096,-0.12008367040974689,OOF_dev,feo_ret,estructural
AP0105,2026-05-26 09:05:00,1,-0.09862688908426767,-0.07455015064986013,OOF_dev,feo_ret,estructural
AP0105,2026-05-26 09:30:00,2,-0.06704479640318105,-0.06856065488266581,OOF_dev,feo_ret,estructural
AP0106,2026-05-26 17:00:00,0,-0.10549064126733923,-0.11922398437453655,OOF_dev,feo_ret,estructural
AP0106,2026-05-26 17:30:00,1,-0.10850890043787703,-0.08464352788917831,OOF_dev,feo_ret,estructural
AP0106,2026-05-26 17:55:00,2,-0.14391785805966817,-0.06504520336718735,OOF_dev,feo_ret,estructural
AP0107,2026-05-27 00:26:00,0,-0.16401299949547582,-0.12467754140931465,OOF_dev,feo_ret,estructural
AP0107,2026-05-27 00:56:00,1,-0.007947809146626713,-0.07998838057156224,OOF_dev,feo_ret,estructural
AP0107,2026-05-27 01:21:00,2,-0.033838416000722106,-0.07201847626278761,OOF_dev,feo_ret,estructural
AP0108,2026-05-27 07:36:00,0,-0.15084868370339827,-0.11824544755391668,OOF_dev,feo_ret,estructural
AP0108,2026-05-27 08:06:00,1,-0.03259030321587783,-0.07786600270192166,OOF_dev,feo_ret,estructural
AP0108,2026-05-27 08:31:00,2,-0.06534859903724607,-0.07105708446906094,OOF_dev,feo_ret,estructural
AP0108,2026-05-27 08:51:00,3,-0.0009543005779313194,-0.05790105226335839,OOF_dev,feo_ret,estructural
AP0109,2026-05-27 16:00:00,0,-0.040338917148797525,-0.12844233270179845,OOF_dev,feo_ret,estructural
AP0109,2026-05-27 16:30:00,1,-0.15032656227961097,-0.08159366719023367,OOF_dev,feo_ret,estructural
AP0109,2026-05-27 16:55:00,2,-0.07894786548224962,-0.05990248927930475,OOF_dev,feo_ret,estructural
AP0109,2026-05-27 17:15:00,3,-0.08996920007182296,-0.05430117444355216,OOF_dev,feo_ret,estructural
AP0110,2026-05-27 23:26:00,0,-0.21432562860219004,-0.1320218696306098,OOF_dev,feo_ret,estructural
AP0110,2026-05-27 23:56:00,1,-0.013474014859201034,-0.0807560791157403,OOF_dev,feo_ret,estructural
AP0110,2026-05-28 00:21:00,2,-0.05159319279371451,-0.07149806652630339,OOF_dev,feo_ret,estructural
AP0111,2026-05-28 07:10:00,0,-0.11461864981286153,-0.10679328085690645,OOF_dev,feo_ret,estructural
AP0111,2026-05-28 07:40:00,1,-0.061221207663449795,-0.09343441143472343,OOF_dev,feo_ret,estructural
AP0111,2026-05-28 08:05:00,2,-0.04313554893999639,-0.07091930478072041,OOF_dev,feo_ret,estructural
AP0111,2026-05-28 08:25:00,3,-0.0461954715471345,-0.0643939640732411,OOF_dev,feo_ret,estructural
AP0112,2026-05-28 15:34:00,0,-0.1194686019758287,-0.12477470191262156,OOF_dev,feo_ret,estructural
AP0112,2026-05-28 16:04:00,1,-0.09818966245973183,-0.08450840481079754,OOF_dev,feo_ret,estructural
AP0112,2026-05-28 16:29:00,2,-0.045380703775994534,-0.057378664416976664,OOF_dev,feo_ret,estructural
AP0112,2026-05-28 16:49:00,3,-0.08729992415267282,-0.05484798822928054,OOF_dev,feo_ret,estructural
AP0113,2026-05-28 23:04:00,0,-0.06915132702345626,-0.13109450904596245,OOF_dev,feo_ret,estructural
AP0113,2026-05-28 23:34:00,1,0.021870218995063088,-0.07819964115524557,OOF_dev,feo_ret,estructural
AP0113,2026-05-28 23:59:00,2,-0.060791695015507595,-0.07128638043209543,OOF_dev,feo_ret,estructural
AP0113,2026-05-29 00:19:00,3,-0.05844378700009866,-0.06212508242080892,OOF_dev,feo_ret,estructural
AP0114,2026-05-29 07:07:00,0,-0.13133891969599332,-0.1231960879795083,OOF_dev,feo_ret,estructural
AP0114,2026-05-29 07:37:00,1,-0.05848469940939565,-0.07397565338940776,OOF_dev,feo_ret,estructural
AP0114,2026-05-29 08:02:00,2,-0.09189471362995143,-0.0687362555476542,OOF_dev,feo_ret,estructural
AP0114,2026-05-29 08:22:00,3,-0.0637169323001496,-0.053801650002563685,OOF_dev,feo_ret,estructural
AP0115,2026-05-29 15:15:00,0,-0.261728718637595,-0.13517604361688546,OOF_dev,feo_ret,estructural
AP0115,2026-05-29 15:45:00,1,0.023643658739364224,-0.09413976056824058,OOF_dev,feo_ret,estructural
AP0115,2026-05-29 16:10:00,2,-0.13648149831585513,-0.05770110335230238,OOF_dev,feo_ret,estructural
AP0116,2026-05-29 22:42:00,0,-0.00930392394995359,-0.1311893805161825,OOF_dev,feo_ret,estructural
AP0116,2026-05-29 23:12:00,1,-0.057902618527626126,-0.07456049581966039,OOF_dev,feo_ret,estructural
AP0116,2026-05-29 23:37:00,2,-0.066434556296011,-0.0639659542023967,OOF_dev,feo_ret,estructural
AP0116,2026-05-29 23:57:00,3,-0.10692303027852312,-0.06622744265304739,OOF_dev,feo_ret,estructural
AP0117,2026-05-30 07:40:00,0,-0.07732801779398026,-0.15269260662131326,OOF_dev,feo_ret,estructural
AP0117,2026-05-30 08:10:00,1,-0.041772380618773794,-0.0828353796736201,OOF_dev,feo_ret,estructural
AP0117,2026-05-30 08:35:00,2,-0.08795949136986352,-0.0712881323020869,OOF_dev,feo_ret,estructural
AP0117,2026-05-30 08:55:00,3,-0.01967334225521999,-0.05729387174819798,OOF_dev,feo_ret,estructural
AP0118,2026-05-30 15:31:00,0,-0.1601321780477051,-0.11800809103297069,OOF_dev,feo_ret,estructural
AP0118,2026-05-30 16:01:00,1,-0.1751181775070769,-0.11780602603345433,OOF_dev,feo_ret,estructural
AP0118,2026-05-30 16:26:00,2,0.03497697001329826,-0.06391761109301397,OOF_dev,feo_ret,estructural
AP0118,2026-05-30 16:46:00,3,-0.1144414379891004,-0.0596043296207072,OOF_dev,feo_ret,estructural
AP0119,2026-05-30 23:45:00,0,-0.1778645627793785,-0.12261464284230439,OOF_dev,feo_ret,estructural
AP0119,2026-05-31 00:15:00,1,-0.06310497027662447,-0.07967006480757818,OOF_dev,feo_ret,estructural
AP0119,2026-05-31 00:40:00,2,-0.055479581561908596,-0.07313318456777312,OOF_dev,feo_ret,estructural
AP0120,2026-05-31 07:18:00,0,-0.13541320947117427,-0.13348637424230467,OOF_dev,feo_ret,estructural
AP0120,2026-05-31 07:48:00,1,-0.12010794252963221,-0.08152455889511334,OOF_dev,feo_ret,estructural
AP0120,2026-05-31 08:13:00,2,-0.12584180221833852,-0.06179800590048369,OOF_dev,feo_ret,estructural
AP0121,2026-05-31 15:15:00,0,-0.30736544005257493,-0.12744145336838975,OOF_dev,feo_ret,estructural
AP0121,2026-05-31 15:45:00,1,-0.09546766969085531,-0.09698737971721604,OOF_dev,feo_ret,estructural
AP0121,2026-05-31 16:10:00,2,-0.08756601580848182,-0.06376072089515993,OOF_dev,feo_ret,estructural
AP0122,2026-05-31 22:39:00,0,-0.14040242306743533,-0.12087412846904702,OOF_dev,feo_ret,estructural
AP0122,2026-05-31 23:09:00,1,-0.058140046089070196,-0.07737233106420763,OOF_dev,feo_ret,estructural
AP0122,2026-05-31 23:34:00,2,-0.14821901416231073,-0.07008664348598574,OOF_dev,feo_ret,estructural
AP0123,2026-06-01 06:22:00,0,-0.06173134138858377,-0.13853257172740466,OOF_dev,feo_ret,estructural
AP0123,2026-06-01 06:52:00,1,-0.09551174715122883,-0.08708215386250502,OOF_dev,feo_ret,estructural
AP0123,2026-06-01 07:17:00,2,-0.0899593514128534,-0.06221486440307817,OOF_dev,feo_ret,estructural
AP0124,2026-06-01 14:36:00,0,-0.13914886122202363,-0.13120711847148264,OOF_dev,feo_ret,estructural
AP0124,2026-06-01 15:06:00,1,-0.14451905616629063,-0.08676303327392505,OOF_dev,feo_ret,estructural
AP0124,2026-06-01 15:31:00,2,-0.1000790187814316,-0.06013290714443242,OOF_dev,feo_ret,estructural
AP0124,2026-06-01 15:51:00,3,-0.05371395116924671,-0.054649029816419344,OOF_dev,feo_ret,estructural
AP0125,2026-06-01 21:57:00,0,-0.27627753714887426,-0.1263834257250361,OOF_dev,feo_ret,estructural
AP0125,2026-06-01 22:27:00,1,-0.041496757850658726,-0.09164926526659743,OOF_dev,feo_ret,estructural
AP0125,2026-06-01 22:52:00,2,-0.07631835797862344,-0.05758207283249551,OOF_dev,feo_ret,estructural
AP0126,2026-06-02 05:38:00,0,-0.15608857090022224,-0.1295597036198272,OOF_dev,feo_ret,estructural
AP0126,2026-06-02 06:08:00,1,-0.1214852186360861,-0.08929088459342299,OOF_dev,feo_ret,estructural
AP0126,2026-06-02 06:33:00,2,-0.049969983521387894,-0.06221601347391801,OOF_dev,feo_ret,estructural
AP0127,2026-06-02 13:40:00,0,-0.15740385938167326,-0.1252258754881498,OOF_dev,feo_ret,estructural
AP0127,2026-06-02 14:10:00,1,-0.19466580458191246,-0.08785747191467803,OOF_dev,feo_ret,estructural
AP0127,2026-06-02 14:35:00,2,0.0739517068779976,-0.06070452945966419,OOF_dev,feo_ret,estructural
AP0127,2026-06-02 14:55:00,3,-0.09336455717586313,-0.05560126859445194,OOF_dev,feo_ret,estructural
AP0128,2026-06-02 21:20:00,0,-0.271278900570058,-0.1215879854290921,OOF_dev,feo_ret,estructural
AP0128,2026-06-02 21:50:00,1,0.014298375295498225,-0.09391146479158963,OOF_dev,feo_ret,estructural
AP0128,2026-06-02 22:15:00,2,-0.04098593051897916,-0.061298728497914484,OOF_dev,feo_ret,estructural
AP0129,2026-06-03 04:52:00,0,-0.06104992835116239,-0.1290130062587112,OOF_dev,feo_ret,estructural
AP0129,2026-06-03 05:22:00,1,-0.11853380815264619,-0.08118655642729898,OOF_dev,feo_ret,estructural
AP0129,2026-06-03 05:47:00,2,-0.1835468587007005,-0.06069873694236672,OOF_dev,feo_ret,estructural
AP0130,2026-06-03 12:40:00,0,-0.08732407575874342,-0.13342409837956284,OOF_dev,feo_ret,estructural
AP0130,2026-06-03 13:10:00,1,-0.07767786224842238,-0.07969357515693982,OOF_dev,feo_ret,estructural
AP0130,2026-06-03 13:35:00,2,-0.0519008518223273,-0.05858301098954159,OOF_dev,feo_ret,estructural
AP0130,2026-06-03 13:55:00,3,-0.053058009597490075,-0.05286994660693679,OOF_dev,feo_ret,estructural
AP0131,2026-06-03 20:37:00,0,-0.24575958307070453,-0.1261903669838127,OOF_dev,feo_ret,estructural
AP0131,2026-06-03 21:07:00,1,0.1105285658187305,-0.08721470596313881,OOF_dev,feo_ret,estructural
AP0131,2026-06-03 21:32:00,2,-0.05732172731476429,-0.06855355239886671,OOF_dev,feo_ret,estructural
AP0131,2026-06-03 21:52:00,3,-0.044911060865507876,-0.05764623007642386,OOF_dev,feo_ret,estructural
AP0132,2026-06-04 04:50:00,0,-0.1151751919323433,-0.12403302100291769,OOF_dev,feo_ret,estructural
AP0132,2026-06-04 05:20:00,1,-0.029145068720325944,-0.09137307200746213,OOF_dev,feo_ret,estructural
AP0132,2026-06-04 05:45:00,2,-0.14575749410822028,-0.059085457237063294,OOF_dev,feo_ret,estructural
AP0133,2026-06-04 13:00:00,0,-0.08462471373945588,-0.12034849777083341,OOF_dev,feo_ret,estructural
AP0133,2026-06-04 13:30:00,1,-0.051448479245357046,-0.07861069218575292,OOF_dev,feo_ret,estructural
AP0133,2026-06-04 13:55:00,2,-0.20389163267128615,-0.06471120337542564,OOF_dev,feo_ret,estructural
AP0133,2026-06-04 14:15:00,3,-0.06600060990498817,-0.058308916995320176,OOF_dev,feo_ret,estructural
AP0134,2026-06-04 21:04:00,0,-0.08224671382497009,-0.12667273451608957,OOF_dev,feo_ret,estructural
AP0134,2026-06-04 21:34:00,1,-0.13259621653529405,-0.08214849515602587,OOF_dev,feo_ret,estructural
AP0134,2026-06-04 21:59:00,2,-0.03785733577181287,-0.0691472113924552,OOF_dev,feo_ret,estructural
AP0135,2026-06-05 04:48:00,0,-0.12392452140468578,-0.11456119272172484,OOF_dev,feo_ret,estructural
AP0135,2026-06-05 05:18:00,1,-0.18744404849077367,-0.07914538544725422,OOF_dev,feo_ret,estructural
AP0135,2026-06-05 05:43:00,2,0.040448968991629565,-0.06399116026391398,OOF_dev,feo_ret,estructural
AP0135,2026-06-05 06:03:00,3,-0.13992461857706026,-0.057208174679960845,OOF_dev,feo_ret,estructural
AP0136,2026-06-05 13:23:00,0,-0.16739803228403094,-0.12004999592685717,OOF_dev,feo_ret,estructural
AP0136,2026-06-05 13:53:00,1,-0.0004987972628123278,-0.08501014846361978,OOF_dev,feo_ret,estructural
AP0136,2026-06-05 14:18:00,2,-0.09252097657722633,-0.06726380569309191,OOF_dev,feo_ret,estructural
AP0136,2026-06-05 14:38:00,3,-0.021951052409266748,-0.05829674942889095,OOF_dev,feo_ret,estructural
AP0137,2026-06-05 21:09:00,0,-0.10326350096318876,-0.11924803975618499,OOF_dev,feo_ret,estructural
AP0137,2026-06-05 21:39:00,1,-0.1290512463363386,-0.08052036745987057,OOF_dev,feo_ret,estructural
AP0137,2026-06-05 22:04:00,2,-0.03154105426781567,-0.0677224470635589,OOF_dev,feo_ret,estructural
AP0138,2026-06-06 04:39:00,0,-0.18775481344494052,-0.11784672867457452,OOF_dev,feo_ret,estructural
AP0138,2026-06-06 05:09:00,1,0.000901877545663316,-0.08837843549205954,OOF_dev,feo_ret,estructural
AP0138,2026-06-06 05:34:00,2,-0.04143657218341186,-0.06861360625647958,OOF_dev,feo_ret,estructural
AP0138,2026-06-06 05:54:00,3,-0.08907294628551705,-0.058214787972217415,OOF_dev,feo_ret,estructural
AP0139,2026-06-06 13:43:00,0,-0.23798424953255726,-0.11907998853519025,OOF_dev,feo_ret,estructural
AP0139,2026-06-06 14:13:00,1,-0.04241663690183692,-0.08495080455640515,OOF_dev,feo_ret,estructural
AP0139,2026-06-06 14:38:00,2,-0.06077111546343416,-0.06731169057154048,OOF_dev,feo_ret,estructural
AP0140,2026-06-06 21:05:00,0,-0.2504789787220252,-0.12338953033045626,OOF_dev,feo_ret,estructural
AP0140,2026-06-06 21:35:00,1,0.04459577669338776,-0.08781542400479792,OOF_dev,feo_ret,estructural
AP0140,2026-06-06 22:00:00,2,-0.03436335436355343,-0.06676226596373705,OOF_dev,feo_ret,estructural
AP0140,2026-06-06 22:20:00,3,-0.016227574159779854,-0.05440759314002895,OOF_dev,feo_ret,estructural
AP0141,2026-06-07 04:53:00,0,-0.163418596986577,-0.11114808929019829,OOF_dev,feo_ret,estructural
AP0141,2026-06-07 05:23:00,1,-0.005542630961883938,-0.09139465134353547,OOF_dev,feo_ret,estructural
AP0141,2026-06-07 05:48:00,2,-0.09151003334657129,-0.06271032890016136,OOF_dev,feo_ret,estructural
AP0141,2026-06-07 06:08:00,3,-0.02528588337927275,-0.06081446739485895,OOF_dev,feo_ret,estructural
AP0142,2026-06-07 13:07:00,0,-0.18348671696417118,-0.1015408747304382,OOF_dev,feo_ret,estructural
AP0142,2026-06-07 13:37:00,1,-0.05215257431550347,-0.10819661947529548,OOF_dev,feo_ret,estructural
AP0142,2026-06-07 14:02:00,2,-0.07471662152142129,-0.07195042180195133,OOF_dev,feo_ret,estructural
AP0143,2026-06-07 20:53:00,0,-0.15411182699397974,-0.11874065963720087,OOF_dev,feo_ret,estructural
AP0143,2026-06-07 21:23:00,1,-0.058919931621126825,-0.08113682415005642,OOF_dev,feo_ret,estructural
AP0143,2026-06-07 21:48:00,2,-0.09388370751770889,-0.06835961385681867,OOF_dev,feo_ret,estructural
AP0144,2026-06-08 04:27:00,0,-0.0975814400208983,-0.1214589278473454,OOF_dev,feo_ret,estructural
AP0144,2026-06-08 04:57:00,1,-0.21949687528595,-0.08421294492523074,OOF_dev,feo_ret,estructural
AP0144,2026-06-08 05:22:00,2,-0.04135957197789423,-0.05984006974398697,OOF_dev,feo_ret,estructural
AP0145,2026-06-08 12:07:00,0,-0.18312247772372442,-0.12413859355938275,OOF_dev,feo_ret,estructural
AP0145,2026-06-08 12:37:00,1,-0.03129456505208417,-0.08372207544341755,OOF_dev,feo_ret,estructural
AP0145,2026-06-08 13:02:00,2,-0.12340088470363017,-0.056015806295620564,OOF_dev,feo_ret,estructural
AP0145,2026-06-08 13:22:00,3,-0.08346771196466098,-0.05230907660509073,OOF_dev,feo_ret,estructural
AP0146,2026-06-08 19:50:00,0,-0.13592027226071907,-0.11989136410586254,OOF_dev,feo_ret,estructural
AP0146,2026-06-08 20:20:00,1,-0.015095519974227313,-0.08049608927101402,OOF_dev,feo_ret,estructural
AP0146,2026-06-08 20:45:00,2,-0.09415094738720545,-0.06783825287152667,OOF_dev,feo_ret,estructural
AP0146,2026-06-08 21:05:00,3,-0.0583544105826455,-0.060972887798737704,OOF_dev,feo_ret,estructural
AP0147,2026-06-09 03:38:00,0,-0.14443315525160214,-0.11505675369548467,OOF_dev,feo_ret,estructural
AP0147,2026-06-09 04:08:00,1,-0.13587170142187122,-0.079970222145674,OOF_dev,feo_ret,estructural
AP0147,2026-06-09 04:33:00,2,-0.1622403027748789,-0.06173143842227635,OOF_dev,feo_ret,estructural
AP0148,2026-06-09 11:13:00,0,-0.08396433012027577,-0.11533436079158524,OOF_dev,feo_ret,estructural
AP0148,2026-06-09 11:43:00,1,-0.13492171351506602,-0.07963725882782216,OOF_dev,feo_ret,estructural
AP0148,2026-06-09 12:08:00,2,0.047256824646593025,-0.058964020407857524,OOF_dev,feo_ret,estructural
AP0148,2026-06-09 12:28:00,3,-0.04095547127311524,-0.05609521815168491,OOF_dev,feo_ret,estructural
AP0149,2026-06-09 18:52:00,0,-0.1317407328660324,-0.11307000474680622,OOF_dev,feo_ret,estructural
AP0149,2026-06-09 19:22:00,1,-0.07219187117881687,-0.08312874830509656,OOF_dev,feo_ret,estructural
AP0149,2026-06-09 19:47:00,2,-0.05823458014730571,-0.06771121626208093,OOF_dev,feo_ret,estructural
AP0149,2026-06-09 20:07:00,3,-0.058170257163794994,-0.05518205765410937,OOF_dev,feo_ret,estructural
AP0150,2026-06-10 02:20:00,0,-0.09272484450819593,-0.12632048584070882,OOF_dev,feo_ret,estructural
AP0150,2026-06-10 02:50:00,1,-0.09254339749807845,-0.0813724894078312,OOF_dev,feo_ret,estructural
AP0150,2026-06-10 03:15:00,2,-0.12681925443613332,-0.0628191520667432,OOF_dev,feo_ret,estructural
AP0151,2026-06-10 09:27:00,0,-0.13900970924507275,-0.13003845483081747,OOF_dev,feo_ret,estructural
AP0151,2026-06-10 09:57:00,1,-0.14037505796606187,-0.08748498214996274,OOF_dev,feo_ret,estructural
AP0151,2026-06-10 10:22:00,2,0.03619168756299466,-0.06185073499238139,OOF_dev,feo_ret,estructural
AP0151,2026-06-10 10:42:00,3,-0.03650123918223411,-0.05725912007269804,OOF_dev,feo_ret,estructural
AP0152,2026-06-10 17:22:00,0,-0.09315666137509124,-0.1249314366245789,OOF_dev,feo_ret,estructural
AP0152,2026-06-10 17:52:00,1,-0.0759666232689932,-0.08546044489489621,OOF_dev,feo_ret,estructural
AP0152,2026-06-10 18:17:00,2,-0.05153993290704058,-0.06828272546344573,OOF_dev,feo_ret,estructural
AP0153,2026-06-11 00:55:00,0,-0.1513284954490187,-0.12096447315725334,OOF_dev,feo_ret,estructural
AP0153,2026-06-11 01:25:00,1,-0.17462786178143527,-0.08377083441589732,OOF_dev,feo_ret,estructural
AP0153,2026-06-11 01:50:00,2,-0.04539621754035275,-0.06756415352378098,OOF_dev,feo_ret,estructural
AP0154,2026-06-11 08:07:00,0,-0.25143258442927596,-0.12477239949461374,OOF_dev,feo_ret,estructural
AP0154,2026-06-11 08:37:00,1,-0.0032394200472216535,-0.07908780471198867,OOF_dev,feo_ret,estructural
AP0154,2026-06-11 09:02:00,2,-0.14152894213606432,-0.07106934695140445,OOF_dev,feo_ret,estructural
AP0155,2026-06-11 16:07:00,0,-0.06135486904480424,-0.12340657117883835,OOF_dev,feo_ret,estructural
AP0155,2026-06-11 16:37:00,1,-0.04347285290889369,-0.08099533396727278,OOF_dev,feo_ret,estructural
AP0155,2026-06-11 17:02:00,2,-0.04542575373588844,-0.0618757283073482,OOF_dev,feo_ret,estructural
AP0155,2026-06-11 17:22:00,3,-0.033220336153569834,-0.05172003762087052,OOF_dev,feo_ret,estructural
AP0156,2026-06-11 23:35:00,0,-0.214907844381106,-0.12147997978552165,OOF_dev,feo_ret,estructural
AP0156,2026-06-12 00:05:00,1,-0.012406437195864931,-0.08544010240492579,OOF_dev,feo_ret,estructural
AP0156,2026-06-12 00:30:00,2,-0.09660909086756911,-0.06529444177115325,OOF_dev,feo_ret,estructural
AP0157,2026-06-12 06:57:00,0,-0.21114863705110146,-0.12891235279932253,OOF_dev,feo_ret,estructural
AP0157,2026-06-12 07:27:00,1,0.06769298521217496,-0.08071174153924257,OOF_dev,feo_ret,estructural
AP0157,2026-06-12 07:52:00,2,-0.052799537984793046,-0.07002630261530922,OOF_dev,feo_ret,estructural
AP0157,2026-06-12 08:12:00,3,-0.03380740526631344,-0.05789018274841144,OOF_dev,feo_ret,estructural
AP0158,2026-06-12 14:39:00,0,-0.1569850435711795,-0.1184733706522924,OOF_dev,feo_ret,estructural
AP0158,2026-06-12 15:09:00,1,-0.017864619550888992,-0.08320936654206094,OOF_dev,feo_ret,estructural
AP0158,2026-06-12 15:34:00,2,-0.0396617822196073,-0.06715152228193448,OOF_dev,feo_ret,estructural
AP0158,2026-06-12 15:54:00,3,-0.03915256943973696,-0.05838251131072118,OOF_dev,feo_ret,estructural
AP0159,2026-06-12 22:17:00,0,-0.08974123287269324,-0.13334877989056326,OOF_dev,feo_ret,estructural
AP0159,2026-06-12 22:47:00,1,-0.04218548174198487,-0.08434719296688462,OOF_dev,feo_ret,estructural
AP0159,2026-06-12 23:12:00,2,-0.0878404490033921,-0.061669892984584425,OOF_dev,feo_ret,estructural
AP0160,2026-06-13 05:38:00,0,-0.2777321758727979,-0.12765639521595545,OOF_dev,feo_ret,estructural
AP0160,2026-06-13 06:08:00,1,0.02695530745086335,-0.08776641286286478,OOF_dev,feo_ret,estructural
AP0160,2026-06-13 06:33:00,2,-0.013081581118443455,-0.06285606741102824,OOF_dev,feo_ret,estructural
AP0161,2026-06-13 13:38:00,0,-0.17953577242729732,-0.1190306649299285,OOF_dev,feo_ret,estructural
AP0161,2026-06-13 14:08:00,1,0.007548172144417339,-0.08448191256196526,OOF_dev,feo_ret,estructural
AP0161,2026-06-13 14:33:00,2,-0.04626289183380236,-0.07158862061473159,OOF_dev,feo_ret,estructural
AP0161,2026-06-13 14:53:00,3,-0.02538167439796187,-0.06512912695593116,OOF_dev,feo_ret,estructural
AP0162,2026-06-13 21:16:00,0,-0.08286870646356069,-0.12597273169021475,OOF_dev,feo_ret,estructural
AP0162,2026-06-13 21:46:00,1,-0.09730551856489317,-0.08274043953466462,OOF_dev,feo_ret,estructural
AP0162,2026-06-13 22:11:00,2,-0.028736184029195245,-0.06348671569693916,OOF_dev,feo_ret,estructural
AP0162,2026-06-13 22:31:00,3,-0.05059497468649232,-0.055793344642942166,OOF_dev,feo_ret,estructural
AP0163,2026-06-14 05:08:00,0,-0.20476266796956485,-0.11786659179611103,OOF_dev,feo_ret,estructural
AP0163,2026-06-14 05:38:00,1,-0.18607041359239468,-0.09201874326956358,OOF_dev,feo_ret,estructural
AP0163,2026-06-14 06:03:00,2,0.026246913972257743,-0.06739402318151888,OOF_dev,feo_ret,estructural
AP0164,2026-06-14 12:50:00,0,-0.1423217423048526,-0.12908362003719687,OOF_dev,feo_ret,estructural
AP0164,2026-06-14 14:05:00,3,-0.031794146969160254,-0.06227068882605274,OOF_dev,feo_ret,estructural
AP0165,2026-06-14 20:40:00,0,-0.14764271621889977,-0.12239170569768158,OOF_dev,feo_ret,estructural
AP0165,2026-06-14 21:10:00,1,-0.0951610489058129,-0.08313951804053417,OOF_dev,feo_ret,estructural
AP0165,2026-06-14 21:35:00,2,0.0022942209089048204,-0.06612778157869033,OOF_dev,feo_ret,estructural
AP0165,2026-06-14 21:55:00,3,-0.06167226577215584,-0.055033595795190585,OOF_dev,feo_ret,estructural
AP0166,2026-06-15 04:33:00,0,-0.22972625005253114,-0.11711850417957528,OOF_dev,feo_ret,estructural
AP0166,2026-06-15 05:03:00,1,0.04112651857277265,-0.09152421711263654,OOF_dev,feo_ret,estructural
AP0166,2026-06-15 05:28:00,2,-0.01838413215732713,-0.06409235626434287,OOF_dev,feo_ret,estructural
AP0166,2026-06-15 05:48:00,3,-0.09023327666745877,-0.05820005027951579,OOF_dev,feo_ret,estructural
AP0167,2026-06-15 12:15:00,0,-0.08233269370581649,-0.1306227286157586,OOF_dev,feo_ret,estructural
AP0167,2026-06-15 12:45:00,1,-0.08469226383525083,-0.0769456848018775,OOF_dev,feo_ret,estructural
AP0167,2026-06-15 13:10:00,2,-0.010105633346128112,-0.06963163310579708,OOF_dev,feo_ret,estructural
AP0167,2026-06-15 13:30:00,3,-0.056869224351174794,-0.060155748787396456,OOF_dev,feo_ret,estructural
AP0168,2026-06-15 20:04:00,0,-0.2234610739480524,-0.12667772344562703,OOF_dev,feo_ret,estructural
AP0168,2026-06-15 20:34:00,1,-0.13039302093695437,-0.09025407175329749,OOF_dev,feo_ret,estructural
AP0168,2026-06-15 20:59:00,2,-0.12593135362386199,-0.07064641135136979,OOF_dev,feo_ret,estructural
AP0168,2026-06-15 21:19:00,3,-0.06373673288996724,-0.05952632144280936,OOF_dev,feo_ret,estructural
AP0169,2026-06-16 04:15:00,0,-0.08190212365792783,-0.11557868797419502,OOF_dev,feo_ret,estructural
AP0169,2026-06-16 04:45:00,1,-0.1267326839245912,-0.08190342708797677,OOF_dev,feo_ret,estructural
AP0169,2026-06-16 05:10:00,2,0.032578282985653656,-0.05585403019435677,OOF_dev,feo_ret,estructural
AP0169,2026-06-16 05:30:00,3,-0.013058357748502121,-0.054998334225592554,OOF_dev,feo_ret,estructural
AP0170,2026-06-16 12:18:00,0,-0.100519674332456,-0.1268864246705752,OOF_dev,feo_ret,estructural
AP0170,2026-06-16 12:48:00,1,-0.14024506213720112,-0.08847931641856999,OOF_dev,feo_ret,estructural
AP0170,2026-06-16 13:13:00,2,-0.06384114872342486,-0.060057477845923024,OOF_dev,feo_ret,estructural
AP0170,2026-06-16 13:33:00,3,-0.13450178848576957,-0.05209618630317796,OOF_dev,feo_ret,estructural
AP0171,2026-06-16 20:45:00,0,0.0154793064383648,-0.11490037622514368,OOF_dev,feo_ret,estructural
AP0171,2026-06-16 21:15:00,1,0.001568430411021526,-0.09347596766216011,OOF_dev,feo_ret,estructural
AP0171,2026-06-16 21:40:00,2,-0.04345456709496243,-0.06625801970206753,OOF_dev,feo_ret,estructural
AP0171,2026-06-16 22:00:00,3,-0.15621572100997888,-0.060419712141309416,OOF_dev,feo_ret,estructural
AP0172,2026-06-17 04:53:00,0,-0.22091491476628508,-0.12690854207397892,OOF_dev,feo_ret,estructural
AP0172,2026-06-17 05:23:00,1,0.024612918405909155,-0.09329295411666773,OOF_dev,feo_ret,estructural
AP0172,2026-06-17 05:48:00,2,-0.16982054215216152,-0.06345314528223907,OOF_dev,feo_ret,estructural
AP0173,2026-06-17 12:40:00,0,-0.11169485344291276,-0.11567576840097663,OOF_dev,feo_ret,estructural
AP0173,2026-06-17 13:10:00,1,-0.04183613323968218,-0.08525650833065873,OOF_dev,feo_ret,estructural
AP0173,2026-06-17 13:35:00,2,-0.09143069818650644,-0.061107281586948274,OOF_dev,feo_ret,estructural
AP0173,2026-06-17 13:55:00,3,-0.09615282684533083,-0.05712880923810222,OOF_dev,feo_ret,estructural
AP0174,2026-06-17 20:11:00,0,-0.2396087131080137,-0.13149577759890227,OOF_dev,feo_ret,estructural
AP0174,2026-06-17 20:41:00,1,0.0039421253738672075,-0.09515389557281947,OOF_dev,feo_ret,estructural
AP0174,2026-06-17 21:06:00,2,-0.09604653622377314,-0.06701011915276832,OOF_dev,feo_ret,estructural
AP0175,2026-06-18 03:43:00,0,-0.1960335600115371,-0.1390371648243994,OOF_dev,feo_ret,estructural
AP0175,2026-06-18 04:13:00,1,-0.02846117195503169,-0.091580397254116,OOF_dev,feo_ret,estructural
AP0175,2026-06-18 04:38:00,2,-0.09842001302069321,-0.06155035285016803,OOF_dev,feo_ret,estructural
AP0175,2026-06-18 04:58:00,3,-0.04837240770033118,-0.05534243066557177,OOF_dev,feo_ret,estructural
AP0176,2026-06-18 11:40:00,0,-0.03170670957899274,-0.12563710681041163,OOF_dev,feo_ret,estructural
AP0176,2026-06-18 12:10:00,1,-0.11436077509899749,-0.08270046734489711,OOF_dev,feo_ret,estructural
AP0176,2026-06-18 12:35:00,2,-0.0809891705148594,-0.06473726140409139,OOF_dev,feo_ret,estructural
AP0176,2026-06-18 12:55:00,3,-0.06836548223320983,-0.058471283980452746,OOF_dev,feo_ret,estructural
AP0177,2026-06-18 19:35:00,0,-0.06012163462262207,-0.12846506195975335,OOF_dev,feo_ret,estructural
AP0177,2026-06-18 20:05:00,1,-0.0719723825902757,-0.09098054115338362,OOF_dev,feo_ret,estructural
AP0177,2026-06-18 20:30:00,2,-0.06560735597874627,-0.06560804341595179,OOF_dev,feo_ret,estructural
AP0177,2026-06-18 20:50:00,3,-0.1342480460058391,-0.058422611902792354,OOF_dev,feo_ret,estructural
AP0178,2026-06-19 03:44:00,0,-0.22588477199094414,-0.12163030998851239,OOF_dev,feo_ret,estructural
AP0178,2026-06-19 04:14:00,1,0.04161838290947621,-0.09364207985211863,OOF_dev,feo_ret,estructural
AP0178,2026-06-19 04:39:00,2,-0.15264309066544005,-0.06504699942406421,OOF_dev,feo_ret,estructural
AP0178,2026-06-19 04:59:00,3,-0.08084480997253798,-0.05917219448330226,OOF_dev,feo_ret,estructural
AP0179,2026-06-19 11:49:00,0,-0.17637092033663157,-0.11958726772989392,OOF_dev,feo_ret,estructural
AP0179,2026-06-19 12:19:00,1,-0.05493110962918984,-0.08406431891981543,OOF_dev,feo_ret,estructural
AP0179,2026-06-19 12:44:00,2,-0.004747117803116436,-0.060579241699355024,OOF_dev,feo_ret,estructural
AP0179,2026-06-19 13:04:00,3,-0.028559059814883672,-0.054063865682896464,OOF_dev,feo_ret,estructural
AP0180,2026-06-19 19:50:00,0,-0.15812413302308956,-0.12565462800402796,OOF_dev,feo_ret,estructural
AP0180,2026-06-19 20:20:00,1,-0.15823240368841368,-0.08661234715111493,OOF_dev,feo_ret,estructural
AP0180,2026-06-19 20:45:00,2,-0.1262275398899224,-0.061362250093786604,OOF_dev,feo_ret,estructural
AP0181,2026-06-20 03:43:00,0,-0.13353489469352517,-0.10293703675735459,OOF_dev,feo_ret,estructural
AP0181,2026-06-20 04:13:00,1,-0.15278483055426917,-0.1096251659880681,OOF_dev,feo_ret,estructural
AP0181,2026-06-20 04:38:00,2,-0.03689077154602804,-0.07513225946710798,OOF_dev,feo_ret,estructural
AP0181,2026-06-20 04:58:00,3,-0.07435814634425428,-0.06664561506268693,OOF_dev,feo_ret,estructural
AP0182,2026-06-20 12:23:00,0,-0.1104770474576824,-0.09608422715870309,OOF_dev,feo_ret,estructural
AP0182,2026-06-20 12:53:00,1,-0.03333976807321368,-0.07510361239926612,OOF_dev,feo_ret,estructural
AP0182,2026-06-20 13:18:00,2,-0.0607905109545215,-0.060672790955439586,OOF_dev,feo_ret,estructural
AP0182,2026-06-20 13:38:00,3,-0.03388101769463236,-0.05886363462148657,OOF_dev,feo_ret,estructural
AP0183,2026-06-20 20:50:00,0,-0.10733289711715394,-0.11760701928460301,OOF_dev,feo_ret,estructural
AP0183,2026-06-20 21:20:00,1,-0.12286653211660614,-0.08686328306521314,OOF_dev,feo_ret,estructural
AP0183,2026-06-20 21:45:00,2,-0.04776008535295479,-0.06669527752220926,OOF_dev,feo_ret,estructural
AP0183,2026-06-20 22:05:00,3,-0.13371667763705872,-0.05802630337832195,OOF_dev,feo_ret,estructural
AP0184,2026-06-21 06:33:00,0,-0.13596699648446947,-0.12794551912679866,OOF_dev,feo_ret,estructural
AP0184,2026-06-21 07:03:00,1,-0.09925522896853539,-0.0882512382247726,OOF_dev,feo_ret,estructural
AP0184,2026-06-21 07:28:00,2,-0.0491764563051874,-0.06017857518755922,OOF_dev,feo_ret,estructural
AP0184,2026-06-21 07:48:00,3,-0.06552943216905792,-0.053666019887671466,OOF_dev,feo_ret,estructural
AP0185,2026-06-21 14:46:00,0,-0.23170252219758666,-0.13032282268046488,OOF_dev,feo_ret,estructural
AP0185,2026-06-21 15:16:00,1,-0.13954470929608095,-0.09605495984044465,OOF_dev,feo_ret,estructural
AP0185,2026-06-21 15:41:00,2,0.052082235140612,-0.05920570235529539,OOF_dev,feo_ret,estructural
AP0185,2026-06-21 16:01:00,3,-0.07831269309014427,-0.053130070093431535,OOF_dev,feo_ret,estructural
AP0186,2026-06-21 22:26:00,0,-0.08377808925269854,-0.136335242687163,OOF_dev,feo_ret,estructural
AP0186,2026-06-21 22:56:00,1,-0.10840710750112928,-0.08994455523376353,OOF_dev,feo_ret,estructural
AP0186,2026-06-21 23:21:00,2,-0.07814053894936489,-0.061687149874807196,OOF_dev,feo_ret,estructural
AP0186,2026-06-21 23:41:00,3,-0.09482564238049039,-0.057775211118191616,OOF_dev,feo_ret,estructural
AP0187,2026-06-22 06:33:00,0,-0.18878820533278068,-0.12082680290857437,OOF_dev,feo_ret,estructural
AP0187,2026-06-22 07:03:00,1,-0.044441296289011875,-0.09368293295526132,OOF_dev,feo_ret,estructural
AP0187,2026-06-22 07:28:00,2,-0.07306707162584132,-0.05798567408215472,OOF_dev,feo_ret,estructural
AP0187,2026-06-22 07:48:00,3,-0.07611234247520607,-0.056382616239484505,OOF_dev,feo_ret,estructural
AP0188,2026-06-22 14:45:00,0,-0.2220666375377208,-0.13654531830406172,OOF_dev,feo_ret,estructural
AP0188,2026-06-22 15:15:00,1,-0.024040414144202334,-0.09924304750175947,OOF_dev,feo_ret,estructural
AP0188,2026-06-22 15:40:00,2,-0.03984969582571361,-0.066124124082334,OOF_dev,feo_ret,estructural
AP0188,2026-06-22 16:00:00,3,-0.11733048265388933,-0.058004939932891485,OOF_dev,feo_ret,estructural
AP0189,2026-06-22 22:35:00,0,-0.11611672751396537,-0.14522388644500472,OOF_dev,feo_ret,estructural
AP0189,2026-06-22 23:05:00,1,0.016876812276693083,-0.0885136103644382,OOF_dev,feo_ret,estructural
AP0189,2026-06-22 23:30:00,2,-0.05117986068414406,-0.0579599281191464,OOF_dev,feo_ret,estructural
AP0189,2026-06-22 23:50:00,3,-0.11083440499820855,-0.05419809443183217,OOF_dev,feo_ret,estructural
AP0190,2026-06-23 06:31:00,0,-0.1503386153456592,-0.1275250253389498,OOF_dev,feo_ret,estructural
AP0190,2026-06-23 07:01:00,1,-0.10549361889904715,-0.08658625037756412,OOF_dev,feo_ret,estructural
AP0190,2026-06-23 07:26:00,2,-0.1097667333085586,-0.06199640331545186,OOF_dev,feo_ret,estructural
AP0191,2026-06-23 15:01:00,0,-0.18993029539512188,-0.12079028722251776,OOF_dev,feo_ret,estructural
AP0191,2026-06-23 15:31:00,1,0.029519635741909227,-0.08874986970177107,OOF_dev,feo_ret,estructural
AP0191,2026-06-23 15:56:00,2,-0.13098078319645368,-0.06240156639876531,OOF_dev,feo_ret,estructural
AP0191,2026-06-23 16:16:00,3,-0.13423262497878444,-0.057461168334342054,OOF_dev,feo_ret,estructural
AP0192,2026-06-23 22:25:00,0,-0.11450725582819457,-0.13437289354934998,OOF_dev,feo_ret,estructural
AP0192,2026-06-23 22:55:00,1,-0.06763228196980738,-0.09079868799488461,OOF_dev,feo_ret,estructural
AP0192,2026-06-23 23:20:00,2,0.009897075835902488,-0.05899131961229247,OOF_dev,feo_ret,estructural
AP0192,2026-06-23 23:40:00,3,-0.060317937519828065,-0.05794767397968946,OOF_dev,feo_ret,estructural
AP0193,2026-06-24 06:31:00,0,-0.1832599216478759,-0.13183726257146677,OOF_dev,feo_ret,estructural
AP0193,2026-06-24 07:01:00,1,-0.17837134414266653,-0.08977943670707916,OOF_dev,feo_ret,estructural
AP0193,2026-06-24 07:26:00,2,-0.025678725530036393,-0.06574571314121883,OOF_dev,feo_ret,estructural
AP0194,2026-06-24 14:44:00,0,-0.12711936904100027,-0.14226347104140386,OOF_dev,feo_ret,estructural
AP0194,2026-06-24 15:14:00,1,-0.1896476952466194,-0.09302925821830758,OOF_dev,feo_ret,estructural
AP0194,2026-06-24 15:39:00,2,0.011981581922436169,-0.06376000284959259,OOF_dev,feo_ret,estructural
AP0194,2026-06-24 15:59:00,3,-0.028977270236472744,-0.053674436819260506,OOF_dev,feo_ret,estructural
AP0195,2026-06-24 22:22:00,0,-0.13765527415463147,-0.13060061904325745,OOF_dev,feo_ret,estructural
AP0195,2026-06-24 22:52:00,1,-0.11377416796399012,-0.09722549180595046,OOF_dev,feo_ret,estructural
AP0195,2026-06-24 23:17:00,2,-0.08490492610193973,-0.05941133822376389,OOF_dev,feo_ret,estructural
AP0195,2026-06-24 23:37:00,3,-0.11776912698316415,-0.05181028675617526,OOF_dev,feo_ret,estructural
AP0196,2026-06-25 06:26:00,0,-0.18376449957613636,-0.14108192507501247,OOF_dev,feo_ret,estructural
AP0196,2026-06-25 06:56:00,1,-0.024759224873704716,-0.09466692224108843,OOF_dev,feo_ret,estructural
AP0196,2026-06-25 07:21:00,2,-0.09353565585135494,-0.06221778930061924,OOF_dev,feo_ret,estructural
AP0197,2026-06-25 22:43:00,0,-0.20478064183027556,-0.12533497923443546,OOF_dev,feo_ret,estructural
AP0197,2026-06-25 23:13:00,1,0.016228751298100075,-0.08676486286348403,OOF_dev,feo_ret,estructural
AP0197,2026-06-25 23:38:00,2,-0.05299635853458802,-0.06594102895047933,OOF_dev,feo_ret,estructural
AP0197,2026-06-25 23:58:00,3,-0.05833374543306518,-0.05689145983339439,OOF_dev,feo_ret,estructural
AP0198,2026-06-26 07:00:00,0,-0.12012430826813872,-0.1378376748321036,OOF_dev,feo_ret,estructural
AP0198,2026-06-26 07:30:00,1,-0.09665298487135078,-0.0939296244158848,OOF_dev,feo_ret,estructural
AP0198,2026-06-26 07:55:00,2,-0.08425078443596565,-0.06592632491581768,OOF_dev,feo_ret,estructural
AP0199,2026-06-26 14:56:00,0,-0.25278657906046004,-0.1373877853589493,OOF_dev,feo_ret,estructural
AP0199,2026-06-26 15:26:00,1,0.09741002860748095,-0.09389100219223082,OOF_dev,feo_ret,estructural
AP0199,2026-06-26 15:51:00,2,-0.08416972572593749,-0.06573156019414567,OOF_dev,feo_ret,estructural
AP0199,2026-06-26 16:11:00,3,-0.028647907952165697,-0.055879462153121784,OOF_dev,feo_ret,estructural
AP0200,2026-06-26 22:44:00,0,-0.1442469411329986,-0.11792667459581337,OOF_dev,feo_ret,estructural
AP0200,2026-06-26 23:14:00,1,-0.16816807871586695,-0.08096731065624864,OOF_dev,feo_ret,estructural
AP0200,2026-06-26 23:39:00,2,-0.058671995464580864,-0.0627942518457133,OOF_dev,feo_ret,estructural
AP0200,2026-06-26 23:59:00,3,-0.09879529888871702,-0.051774430568178945,OOF_dev,feo_ret,estructural
AP0201,2026-06-27 06:40:00,0,-0.1267556395028221,-0.1269745313443138,OOF_dev,feo_ret,estructural
AP0201,2026-06-27 07:10:00,1,-0.125943482814252,-0.09386404602096478,OOF_dev,feo_ret,estructural
AP0201,2026-06-27 07:35:00,2,-0.18928238835454606,-0.07190170993349908,OOF_dev,feo_ret,estructural
AP0202,2026-06-27 14:22:00,0,-0.0826730922491262,-0.147142556096854,OOF_dev,feo_ret,estructural
AP0202,2026-06-27 14:52:00,1,-0.1559864396111321,-0.09974974130622288,OOF_dev,feo_ret,estructural
AP0202,2026-06-27 15:17:00,2,-0.10164560747494207,-0.07199985276061033,OOF_dev,feo_ret,estructural
AP0203,2026-06-27 23:15:00,0,-0.11765532718224944,-0.13101344607650084,OOF_dev,feo_ret,estructural
AP0203,2026-06-27 23:45:00,1,-0.017726677056389674,-0.08930287289200409,OOF_dev,feo_ret,estructural
AP0203,2026-06-28 00:10:00,2,-0.022123650902064914,-0.06652822095582586,OOF_dev,feo_ret,estructural
AP0203,2026-06-28 00:30:00,3,-0.030873500994024455,-0.05766324099255599,OOF_dev,feo_ret,estructural
AP0204,2026-06-28 06:49:00,0,-0.10772674318853488,-0.14113706425218767,OOF_dev,feo_ret,estructural
AP0204,2026-06-28 07:19:00,1,-0.15803604240957952,-0.09328210231780072,OOF_dev,feo_ret,estructural
AP0204,2026-06-28 07:44:00,2,-0.505741877551864,-0.07436080872545493,OOF_dev,feo_ret,estructural
AP0205,2026-06-28 15:24:00,0,-0.08252760054498885,-0.14911059602320884,OOF_dev,feo_ret,estructural
AP0205,2026-06-28 15:54:00,1,-0.1296521063889151,-0.09774193432021352,OOF_dev,feo_ret,estructural
AP0205,2026-06-28 16:19:00,2,-0.09457116537019676,-0.07222311761268302,OOF_dev,feo_ret,estructural
AP0205,2026-06-28 16:39:00,3,-0.2297129526119045,-0.052991685399274686,OOF_dev,feo_ret,estructural
AP0206,2026-06-29 00:16:00,0,-0.1771688877869664,-0.12082597737443243,OOF_dev,feo_ret,estructural
AP0206,2026-06-29 00:46:00,1,-0.12694443915788858,-0.0822926097360891,OOF_dev,feo_ret,estructural
AP0206,2026-06-29 01:11:00,2,-0.07809703826540618,-0.07213840032123173,OOF_dev,feo_ret,estructural
AP0206,2026-06-29 01:31:00,3,0.10692449439060872,-0.05942140583640276,OOF_dev,feo_ret,estructural
AP0207,2026-06-29 08:31:00,0,-0.1026649533433941,-0.1350749194571205,OOF_dev,feo_ret,estructural
AP0207,2026-06-29 09:01:00,1,-0.11672166217642696,-0.09022440642227651,OOF_dev,feo_ret,estructural
AP0207,2026-06-29 09:26:00,2,-0.09639404797130585,-0.0650577932613724,OOF_dev,feo_ret,estructural
AP0207,2026-06-29 09:46:00,3,-0.05911437111033512,-0.05451240273610821,OOF_dev,feo_ret,estructural
AP0208,2026-06-29 16:22:00,0,-0.19301968440164738,-0.12741130459509706,OOF_dev,feo_ret,estructural
AP0208,2026-06-29 16:52:00,1,-0.027770905113188287,-0.09618059512538536,OOF_dev,feo_ret,estructural
AP0208,2026-06-29 17:17:00,2,-0.06679293543622096,-0.07131963737664374,OOF_dev,feo_ret,estructural
AP0209,2026-06-30 00:10:00,0,-0.10940875022556502,-0.12325753780031938,OOF_dev,feo_ret,estructural
AP0209,2026-06-30 00:40:00,1,-0.03405653522342805,-0.09211981958004846,OOF_dev,feo_ret,estructural
AP0209,2026-06-30 01:05:00,2,-0.07500314885302085,-0.06259290984481677,OOF_dev,feo_ret,estructural
AP0209,2026-06-30 01:25:00,3,-0.04531758241656298,-0.055014076418303144,OOF_dev,feo_ret,estructural
AP0210,2026-06-30 08:04:00,0,-0.11647163234572351,-0.12794902254169166,OOF_dev,feo_ret,estructural
AP0210,2026-06-30 08:34:00,1,-0.1187418881206645,-0.08568916330945692,OOF_dev,feo_ret,estructural
AP0210,2026-06-30 08:59:00,2,-0.10428170858111224,-0.06136450541195718,OOF_dev,feo_ret,estructural
AP0210,2026-06-30 09:19:00,3,-0.08341745903551123,-0.05466535913596678,OOF_dev,feo_ret,estructural
AP0211,2026-06-30 16:15:00,0,-0.30459237044263787,-0.10772584272058255,OOF_dev,feo_ret,estructural
AP0211,2026-06-30 16:45:00,1,-0.01786865310740242,-0.09992991854777321,OOF_dev,feo_ret,estructural
AP0211,2026-06-30 17:10:00,2,-0.08138076333366179,-0.07269427946174972,OOF_dev,feo_ret,estructural
AP0212,2026-07-01 00:12:00,0,-0.038811066259667064,-0.09886257974484716,OOF_dev,feo_ret,estructural
AP0212,2026-07-01 00:42:00,1,-0.14528341965889033,-0.10728627701855196,OOF_dev,feo_ret,estructural
AP0212,2026-07-01 01:07:00,2,0.03066803979907359,-0.07870453429144961,OOF_dev,feo_ret,estructural
AP0212,2026-07-01 01:27:00,3,-0.09382479339175095,-0.06314402863210271,OOF_dev,feo_ret,estructural
AP0213,2026-07-01 08:30:00,0,-0.14325055372536344,-0.12846224046921054,OOF_dev,feo_ret,estructural
AP0213,2026-07-01 09:00:00,1,-0.09099812645010621,-0.09098495631818782,OOF_dev,feo_ret,estructural
AP0213,2026-07-01 09:25:00,2,-0.033602452815962865,-0.06577862358018675,OOF_dev,feo_ret,estructural
AP0213,2026-07-01 09:45:00,3,-0.02335618393982732,-0.05764427380123158,OOF_dev,feo_ret,estructural
AP0214,2026-07-01 16:50:00,0,-0.10802466185604889,-0.13991212209326132,OOF_dev,feo_ret,estructural
AP0214,2026-07-01 17:20:00,1,-0.11231184354473775,-0.09125730586933642,OOF_dev,feo_ret,estructural
AP0214,2026-07-01 17:45:00,2,-0.10946640419967024,-0.06255441883340025,OOF_dev,feo_ret,estructural
AP0215,2026-07-02 00:39:00,0,-0.13852717536336823,-0.11373144628127797,OOF_dev,feo_ret,estructural
AP0215,2026-07-02 01:09:00,1,-0.04397165518026139,-0.1241048851550378,OOF_dev,feo_ret,estructural
AP0215,2026-07-02 01:34:00,2,-0.16744907942608175,-0.07775663809964244,OOF_dev,feo_ret,estructural
AP0216,2026-07-02 08:43:00,0,-0.1096234300810954,-0.10781977230505914,OOF_dev,feo_ret,estructural
AP0216,2026-07-02 09:13:00,1,-0.16627554183972446,-0.10470895683869715,OOF_dev,feo_ret,estructural
AP0216,2026-07-02 09:38:00,2,0.019462348433219413,-0.07229922808548354,OOF_dev,feo_ret,estructural
AP0216,2026-07-02 09:58:00,3,-0.06574384990968625,-0.061988923335683684,OOF_dev,feo_ret,estructural
AP0217,2026-07-02 16:41:00,0,-0.14863753554663012,-0.12406413404483899,OOF_dev,feo_ret,estructural
AP0217,2026-07-02 17:11:00,1,-0.10123059679256313,-0.09221523557371585,OOF_dev,feo_ret,estructural
AP0217,2026-07-02 17:36:00,2,-0.09423033778796368,-0.07321224460619216,OOF_dev,feo_ret,estructural
AP0217,2026-07-02 17:56:00,3,-0.2219268738938917,-0.0564074364966581,OOF_dev,feo_ret,estructural
AP0218,2026-07-03 00:34:00,0,-0.11115626756304446,-0.13198715226600022,OOF_dev,feo_ret,estructural
AP0219,2026-07-03 11:00:00,3,-0.12361183415504422,-0.05539271097514457,OOF_dev,feo_ret,estructural
AP0220,2026-07-03 18:11:00,0,0.028896868260030146,-0.08759577371675216,OOF_dev,feo_ret,estructural
AP0220,2026-07-03 18:41:00,1,0.018739438271898168,-0.07900139572146714,OOF_dev,feo_ret,estructural
AP0220,2026-07-03 19:06:00,2,-0.07508709580605159,-0.06357377262913799,OOF_dev,feo_ret,estructural
AP0220,2026-07-03 19:26:00,3,-0.06904797655994568,-0.05399297753146631,OOF_dev,feo_ret,estructural
AP0221,2026-07-04 02:52:00,0,-0.2292867501058305,-0.12306621827843987,OOF_dev,feo_ret,estructural
AP0221,2026-07-04 03:22:00,1,-0.054066059097161716,-0.09743283243420559,OOF_dev,feo_ret,estructural
AP0221,2026-07-04 03:47:00,2,-0.14786666355543904,-0.06807823408835098,OOF_dev,feo_ret,estructural
AP0222,2026-07-04 10:14:00,0,-0.029926163860370805,-0.1438148824560338,OOF_dev,feo_ret,estructural
AP0222,2026-07-04 10:44:00,1,-0.13707601690823784,-0.08997888295809878,OOF_dev,feo_ret,estructural
AP0222,2026-07-04 11:09:00,2,-0.11085179482637002,-0.06274920397045418,OOF_dev,feo_ret,estructural
AP0222,2026-07-04 11:29:00,3,0.02828917309020025,-0.06403419075794442,OOF_dev,feo_ret,estructural
AP0223,2026-07-04 18:21:00,0,-0.15483399121075941,-0.1253421635912383,OOF_dev,feo_ret,estructural
AP0223,2026-07-04 18:51:00,1,-0.14356915892789968,-0.09348612202336826,OOF_dev,feo_ret,estructural
AP0223,2026-07-04 19:16:00,2,-0.06076388161197743,-0.07220862677745662,OOF_dev,feo_ret,estructural
AP0223,2026-07-04 19:36:00,3,-0.09512661792284538,-0.059752957013339505,OOF_dev,feo_ret,estructural
AP0224,2026-07-05 02:02:00,0,-0.10464258276577902,-0.10594300587890997,OOF_dev,feo_ret,estructural
AP0224,2026-07-05 02:32:00,1,-0.05009827272014015,-0.1024643214173589,OOF_dev,feo_ret,estructural
AP0224,2026-07-05 02:57:00,2,-0.19494702052469054,-0.07251042141061471,OOF_dev,feo_ret,estructural
AP0224,2026-07-05 03:17:00,3,-0.12440332137482372,-0.06080068426279176,OOF_dev,feo_ret,estructural
AP0225,2026-07-05 09:48:00,0,-0.09723809221781153,-0.1325881049325603,OOF_dev,feo_ret,estructural
AP0225,2026-07-05 10:18:00,1,-0.16491388494239748,-0.09605229100542856,OOF_dev,feo_ret,estructural
AP0225,2026-07-05 10:43:00,2,-0.07955135760237346,-0.07399297077435547,OOF_dev,feo_ret,estructural
AP0225,2026-07-05 11:03:00,3,-0.2495696307381909,-0.0545364217538658,OOF_dev,feo_ret,estructural
AP0226,2026-07-05 18:02:00,0,-0.17048295891953372,-0.097848873443622,OOF_dev,feo_ret,estructural
AP0226,2026-07-05 18:32:00,1,-0.10356459023939545,-0.10305038417575908,OOF_dev,feo_ret,estructural
AP0226,2026-07-05 18:57:00,2,-0.0993708951134696,-0.07701214381862498,OOF_dev,feo_ret,estructural
AP0226,2026-07-05 19:17:00,3,-0.06367162855218995,-0.06949008096552911,OOF_dev,feo_ret,estructural
AP0227,2026-07-06 02:00:00,0,0.002564119310177723,-0.1544888830270747,OOF_dev,feo_ret,estructural
AP0227,2026-07-06 02:30:00,1,-0.22429747420715712,-0.09825152807563435,OOF_dev,feo_ret,estructural
AP0227,2026-07-06 02:55:00,2,-0.08266022534763194,-0.07497876879817958,OOF_dev,feo_ret,estructural
AP0228,2026-07-06 09:17:00,0,-0.18594304684879628,-0.12071706996165105,OOF_dev,feo_ret,estructural
AP0228,2026-07-06 09:47:00,1,-0.04514335092455278,-0.09829141950563793,OOF_dev,feo_ret,estructural
AP0228,2026-07-06 10:12:00,2,-0.11136878803371701,-0.07121765600338656,OOF_dev,feo_ret,estructural
AP0229,2026-07-06 17:04:00,0,-0.1646751109976594,-0.1216731729594157,OOF_dev,feo_ret,estructural
AP0229,2026-07-06 17:34:00,1,-0.12060351946538857,-0.09004903092847073,OOF_dev,feo_ret,estructural
AP0229,2026-07-06 17:59:00,2,-0.06170626130959711,-0.06192163790585599,OOF_dev,feo_ret,estructural
AP0229,2026-07-06 18:19:00,3,-0.07821455096563909,-0.05564717268577814,OOF_dev,feo_ret,estructural
AP0230,2026-07-07 00:40:00,0,-0.12907876511251928,-0.13575597227618091,OOF_dev,feo_ret,estructural
AP0230,2026-07-07 01:10:00,1,-0.10077770828272137,-0.10065197639887025,OOF_dev,feo_ret,estructural
AP0230,2026-07-07 01:35:00,2,-0.07690722847866713,-0.06620961400452353,OOF_dev,feo_ret,estructural
AP0231,2026-07-07 08:28:00,0,-0.1705077217160363,-0.11688302300840309,OOF_dev,feo_ret,estructural
AP0231,2026-07-07 08:58:00,1,-0.030645837613416257,-0.0905648369111417,OOF_dev,feo_ret,estructural
AP0231,2026-07-07 09:23:00,2,0.009852672599817652,-0.08333988074135412,OOF_dev,feo_ret,estructural
AP0231,2026-07-07 09:43:00,3,-0.07207721918455708,-0.06940202733479546,OOF_dev,feo_ret,estructural
AP0232,2026-07-07 16:49:00,0,-0.10673146989611461,-0.11429043959793685,OOF_dev,feo_ret,estructural
AP0232,2026-07-07 17:19:00,1,-0.0020431657195776865,-0.0916179506644709,OOF_dev,feo_ret,estructural
AP0232,2026-07-07 17:44:00,2,-0.04663906567256988,-0.06668777630732936,OOF_dev,feo_ret,estructural
AP0232,2026-07-07 18:04:00,3,-0.04547786993057657,-0.05743940641185081,OOF_dev,feo_ret,estructural
AP0233,2026-07-08 00:18:00,0,-0.18622283893944044,-0.13796344407439917,OOF_dev,feo_ret,estructural
AP0233,2026-07-08 00:48:00,1,-0.058409254333661516,-0.09540840621495048,OOF_dev,feo_ret,estructural
AP0233,2026-07-08 01:13:00,2,-0.05043875452504383,-0.06679548912644957,OOF_dev,feo_ret,estructural
AP0233,2026-07-08 01:33:00,3,-0.09581388363077878,-0.05975450633474708,OOF_dev,feo_ret,estructural
AP0234,2026-07-08 08:18:00,0,-0.10487179740005052,-0.12582460764110157,OOF_dev,feo_ret,estructural
AP0234,2026-07-08 08:48:00,1,-0.04516472403607859,-0.09088024736017647,OOF_dev,feo_ret,estructural
AP0234,2026-07-08 09:13:00,2,-0.04639400564489471,-0.06609712156554033,OOF_dev,feo_ret,estructural
AP0234,2026-07-08 09:33:00,3,-0.07999169785273424,-0.05553101326619904,OOF_dev,feo_ret,estructural
AP0235,2026-07-08 16:05:00,0,-0.07472007342473286,-0.1388528443943495,OOF_dev,feo_ret,estructural
AP0235,2026-07-08 16:35:00,1,-0.1535466614299675,-0.0819022405396861,OOF_dev,feo_ret,estructural
AP0235,2026-07-08 17:00:00,2,-0.04025839170893078,-0.0782147567522604,OOF_dev,feo_ret,estructural
AP0235,2026-07-08 17:20:00,3,-0.05657711952264645,-0.058097794224581466,OOF_dev,feo_ret,estructural
AP0236,2026-07-09 00:23:00,0,-0.24271006772552478,-0.1334054950556089,OOF_dev,feo_ret,estructural
AP0236,2026-07-09 00:53:00,1,-0.09466676134669028,-0.09824878363229306,OOF_dev,feo_ret,estructural
AP0236,2026-07-09 01:18:00,2,-0.0819261287017216,-0.06366384779959837,OOF_dev,feo_ret,estructural
AP0237,2026-07-09 08:04:00,0,-0.11213402492118522,-0.14403380311083164,OOF_dev,feo_ret,estructural
AP0237,2026-07-09 08:34:00,1,-0.010602530671708334,-0.09554897029030701,OOF_dev,feo_ret,estructural
AP0237,2026-07-09 08:59:00,2,-0.055677931875782447,-0.06581831753677685,OOF_dev,feo_ret,estructural
AP0237,2026-07-09 09:19:00,3,-0.08651034311419126,-0.05750080358126737,OOF_dev,feo_ret,estructural
AP0238,2026-07-09 16:12:00,0,-0.20398607535521315,-0.13443356814794918,OOF_dev,feo_ret,estructural
AP0238,2026-07-09 16:42:00,1,0.0423340128672197,-0.09706343032435191,OOF_dev,feo_ret,estructural
AP0238,2026-07-09 17:07:00,2,-0.11934444840949467,-0.06510316586402047,OOF_dev,feo_ret,estructural
AP0239,2026-07-09 23:59:00,0,-0.10554917356700474,-0.1499929788696897,OOF_dev,feo_ret,estructural
AP0239,2026-07-10 00:29:00,1,-0.06674777589260687,-0.09855930993605519,OOF_dev,feo_ret,estructural
AP0239,2026-07-10 00:54:00,2,-0.1525277707094269,-0.06047162300259894,OOF_dev,feo_ret,estructural
AP0239,2026-07-10 01:14:00,3,-0.05929688562745598,-0.05541402327786556,OOF_dev,feo_ret,estructural
AP0240,2026-07-10 07:44:00,0,-0.027327364940757368,-0.13633294468576285,OOF_dev,feo_ret,estructural
AP0240,2026-07-10 08:14:00,1,-0.13630046238490906,-0.09254884357788622,OOF_dev,feo_ret,estructural
AP0240,2026-07-10 08:39:00,2,0.005721954851130453,-0.06257647543671409,OOF_dev,feo_ret,estructural
AP0240,2026-07-10 08:59:00,3,-0.18010081785853346,-0.052631876824043196,OOF_dev,feo_ret,estructural
AP0241,2026-07-10 16:39:00,0,-0.12410352832871273,-0.12927136431354835,OOF_dev,feo_ret,estructural
AP0241,2026-07-10 17:09:00,1,-0.07994803958803828,-0.09428829739211825,OOF_dev,feo_ret,estructural
AP0241,2026-07-10 17:34:00,2,-0.10587600812246274,-0.06655505563371959,OOF_dev,feo_ret,estructural
AP0242,2026-07-11 00:34:00,0,-0.23022485368918966,-0.13563423348355233,OOF_dev,feo_ret,estructural
AP0242,2026-07-11 01:04:00,1,0.011866493517844943,-0.10322964997269878,OOF_dev,feo_ret,estructural
AP0242,2026-07-11 01:29:00,2,-0.05633016003790947,-0.06708881634838736,OOF_dev,feo_ret,estructural
AP0242,2026-07-11 01:49:00,3,-0.11833539422899104,-0.05727766520189903,OOF_dev,feo_ret,estructural
AP0243,2026-07-11 08:19:00,0,-0.11745056497485147,-0.12020473960976434,OOF_dev,feo_ret,estructural
AP0243,2026-07-11 08:49:00,1,-0.08396824588593119,-0.08441396848143838,OOF_dev,feo_ret,estructural
AP0243,2026-07-11 09:14:00,2,-0.0543048836436623,-0.06105842302307967,OOF_dev,feo_ret,estructural
AP0244,2026-07-11 16:29:00,0,-0.12045715574932071,-0.1326742276674786,OOF_dev,feo_ret,estructural
AP0244,2026-07-11 16:59:00,1,-0.016403357853533338,-0.09575309057859582,OOF_dev,feo_ret,estructural
AP0244,2026-07-11 17:24:00,2,-0.08856068488986629,-0.07168978396073822,OOF_dev,feo_ret,estructural
AP0244,2026-07-11 17:44:00,3,-0.06627913498335672,-0.05585413705505011,OOF_dev,feo_ret,estructural
AP0245,2026-07-12 00:27:00,0,-0.18456693703347674,-0.1441377987657949,OOF_dev,feo_ret,estructural
AP0245,2026-07-12 00:57:00,1,0.019789214237353525,-0.0989625091748524,OOF_dev,feo_ret,estructural
AP0245,2026-07-12 01:22:00,2,-0.09348824100702317,-0.058861984099747876,OOF_dev,feo_ret,estructural
AP0246,2026-07-12 08:12:00,0,-0.21351399470169455,-0.11527511821669897,OOF_dev,feo_ret,estructural
AP0246,2026-07-12 08:42:00,1,0.011937723111783021,-0.08818522684944304,OOF_dev,feo_ret,estructural
AP0246,2026-07-12 09:07:00,2,-0.005376400664146696,-0.05999321101038216,OOF_dev,feo_ret,estructural
AP0246,2026-07-12 09:27:00,3,-0.04733621978665084,-0.05730303987443626,OOF_dev,feo_ret,estructural
AP0247,2026-07-12 15:58:00,0,-0.08459007700550093,-0.12875499773067803,OOF_dev,feo_ret,estructural
AP0247,2026-07-12 16:28:00,1,-0.09753642402953791,-0.09106546799025698,OOF_dev,feo_ret,estructural
AP0247,2026-07-12 16:53:00,2,-0.05077135279097658,-0.07318049259088974,OOF_dev,feo_ret,estructural
AP0247,2026-07-12 17:13:00,3,-0.030031092253305226,-0.058468317426749884,OOF_dev,feo_ret,estructural
AP0248,2026-07-12 23:50:00,0,-0.05447084707664913,-0.12723656299706643,OOF_dev,feo_ret,estructural
AP0248,2026-07-13 00:20:00,1,-0.08398837377147754,-0.08944196386373553,OOF_dev,feo_ret,estructural
AP0248,2026-07-13 00:45:00,2,-0.10086113787975454,-0.06631308260256757,OOF_dev,feo_ret,estructural
AP0248,2026-07-13 01:05:00,3,-0.028426134233420275,-0.05951183658541325,OOF_dev,feo_ret,estructural
AP0249,2026-07-13 07:28:00,0,-0.06213445135759387,-0.11780351378971246,OOF_dev,feo_ret,estructural
AP0249,2026-07-13 07:58:00,1,-0.16543638769210678,-0.08085005483983389,OOF_dev,feo_ret,estructural
AP0249,2026-07-13 08:23:00,2,0.01602590828290264,-0.06640138864952223,OOF_dev,feo_ret,estructural
AP0249,2026-07-13 08:43:00,3,-0.013209896195192038,-0.05438424197692772,OOF_dev,feo_ret,estructural
AP0250,2026-07-13 15:14:00,0,-0.13433354439277573,-0.12713829237428212,OOF_dev,feo_ret,estructural
AP0250,2026-07-13 15:44:00,1,-0.027046512411256145,-0.08823674931779187,OOF_dev,feo_ret,estructural
AP0250,2026-07-13 16:09:00,2,-0.08144782163809905,-0.06544929714379548,OOF_dev,feo_ret,estructural
AP0250,2026-07-13 16:29:00,3,-0.06609922819004982,-0.053452670064597876,OOF_dev,feo_ret,estructural
AP0251,2026-07-13 22:45:00,0,-0.09428798511973845,-0.1428282963434312,OOF_dev,feo_ret,estructural
AP0251,2026-07-13 23:15:00,1,-0.10360421468282355,-0.09484645693143015,OOF_dev,feo_ret,estructural
AP0251,2026-07-13 23:40:00,2,0.056474220937341266,-0.07469702728397475,OOF_dev,feo_ret,estructural
AP0251,2026-07-14 00:00:00,3,-0.026313111169674476,-0.05740004056107261,OOF_dev,feo_ret,estructural
AP0252,2026-07-14 06:46:00,0,-0.0550114786886158,-0.11790327205689353,OOF_dev,feo_ret,estructural
AP0252,2026-07-14 07:16:00,1,-0.06142127253391999,-0.08073944519411459,OOF_dev,feo_ret,estructural
AP0252,2026-07-14 07:41:00,2,-0.035612846238584926,-0.058106014477199236,OOF_dev,feo_ret,estructural
AP0252,2026-07-14 08:01:00,3,-0.026002402599463924,-0.05564079807063858,OOF_dev,feo_ret,estructural
AP0253,2026-07-14 14:20:00,0,-0.07024988887177541,-0.14319142835131232,OOF_dev,feo_ret,estructural
AP0253,2026-07-14 14:50:00,1,-0.06307671483283496,-0.09249383056741935,OOF_dev,feo_ret,estructural
AP0253,2026-07-14 15:15:00,2,-0.008286962576312508,-0.05908624939626836,OOF_dev,feo_ret,estructural
AP0253,2026-07-14 15:35:00,3,-0.031275411749569264,-0.059652478954072385,OOF_dev,feo_ret,estructural
AP0254,2026-07-14 22:39:00,0,-0.2556868443799828,-0.12464332039161499,OOF_dev,feo_ret,estructural
AP0254,2026-07-14 23:09:00,1,0.07110460740348605,-0.1010065682467969,OOF_dev,feo_ret,estructural
AP0254,2026-07-14 23:34:00,2,-0.09303522368587137,-0.06578466310519503,OOF_dev,feo_ret,estructural
AP0254,2026-07-14 23:54:00,3,-0.08344498369419462,-0.057391491332979695,OOF_dev,feo_ret,estructural
AP0255,2026-07-15 06:48:00,0,-0.036602972690777356,-0.13511526377802327,OOF_dev,feo_ret,estructural
AP0255,2026-07-15 07:18:00,1,-0.11991745346486594,-0.10448066432023871,OOF_dev,feo_ret,estructural
AP0255,2026-07-15 07:43:00,2,-0.04960726279967093,-0.056606008839908815,OOF_dev,feo_ret,estructural
AP0255,2026-07-15 08:03:00,3,0.009382981241123833,-0.051697655781010335,OOF_dev,feo_ret,estructural
AP0256,2026-07-15 14:22:00,0,-0.1810687352412803,-0.13402980384274965,OOF_dev,feo_ret,estructural
AP0256,2026-07-15 14:52:00,1,-0.037168195113109835,-0.10172977073248354,OOF_dev,feo_ret,estructural
AP0256,2026-07-15 15:17:00,2,-0.03681733140164167,-0.06876288278306789,OOF_dev,feo_ret,estructural
AP0257,2026-07-15 22:14:00,0,-0.2812383228838821,-0.12627827860223748,OOF_dev,feo_ret,estructural
AP0257,2026-07-15 22:44:00,1,0.07450097481302434,-0.10033358598271915,OOF_dev,feo_ret,estructural
AP0257,2026-07-15 23:09:00,2,-0.04575018196842301,-0.06691398946008396,OOF_dev,feo_ret,estructural
AP0257,2026-07-15 23:29:00,3,-0.1117104081324354,-0.05588801435933161,OOF_dev,feo_ret,estructural
AP0258,2026-07-16 05:59:00,0,-0.1703857234635507,-0.1280941701032023,OOF_dev,feo_ret,estructural
AP0258,2026-07-16 06:29:00,1,0.05067014006997876,-0.09233684503004903,OOF_dev,feo_ret,estructural
AP0258,2026-07-16 06:54:00,2,-0.07226801746064963,-0.0657963472946018,OOF_dev,feo_ret,estructural
AP0258,2026-07-16 07:14:00,3,-0.03344496930964861,-0.05774560966979079,OOF_dev,feo_ret,estructural
AP0259,2026-07-16 13:54:00,0,-0.19534431680785294,-0.12669146248450797,OOF_dev,feo_ret,estructural
AP0259,2026-07-16 14:24:00,1,0.023477883590238273,-0.09395290827632907,OOF_dev,feo_ret,estructural
AP0259,2026-07-16 14:49:00,2,-0.06502737688391226,-0.06380558171268458,OOF_dev,feo_ret,estructural
AP0259,2026-07-16 15:09:00,3,-0.019817932961051454,-0.05495109497634844,OOF_dev,feo_ret,estructural
AP0260,2026-07-16 22:03:00,0,-0.08636824371972211,-0.14749796279399438,OOF_dev,feo_ret,estructural
AP0260,2026-07-16 22:33:00,1,-0.12432818873390243,-0.08909095927741997,OOF_dev,feo_ret,estructural
AP0260,2026-07-16 22:58:00,2,-0.00793586678164333,-0.056082995137641485,OOF_dev,feo_ret,estructural
AP0260,2026-07-16 23:18:00,3,-0.09497313856796658,-0.05556356378072063,OOF_dev,feo_ret,estructural
AP0261,2026-07-17 06:43:00,2,0.008267133911295984,-0.06710842353964279,OOF_dev,feo_ret,estructural
AP0261,2026-07-17 07:03:00,3,-0.05563939692071419,-0.061153222635187965,OOF_dev,feo_ret,estructural
AP0262,2026-07-17 14:11:00,0,-0.03250511730489581,-0.12775515480635863,OOF_dev,feo_ret,estructural
AP0262,2026-07-17 14:41:00,1,-0.13354705510729037,-0.08744054684974627,OOF_dev,feo_ret,estructural
AP0262,2026-07-17 15:06:00,2,-0.003927704253469824,-0.06623959071701728,OOF_dev,feo_ret,estructural
AP0262,2026-07-17 15:26:00,3,0.054405192195761065,-0.056115761385720095,OOF_dev,feo_ret,estructural
AP0263,2026-07-17 21:50:00,0,-0.05366437158465324,-0.12763851569366463,OOF_dev,feo_ret,estructural
AP0263,2026-07-17 22:20:00,1,-0.16502036542550236,-0.08995105265261252,OOF_dev,feo_ret,estructural
AP0263,2026-07-17 22:45:00,2,-0.2462291551543016,-0.06649420362657278,OOF_dev,feo_ret,estructural
AP0263,2026-07-17 23:05:00,3,0.0681441967643743,-0.0605883776773342,OOF_dev,feo_ret,estructural
AP0264,2026-07-18 06:23:00,0,-0.09714973078470789,-0.14726411050372362,OOF_dev,feo_ret,estructural
AP0264,2026-07-18 06:53:00,1,-0.16055552814522317,-0.09590986929185524,OOF_dev,feo_ret,estructural
AP0264,2026-07-18 07:18:00,2,-0.0394008120413847,-0.0689382516951481,OOF_dev,feo_ret,estructural
AP0265,2026-07-18 14:42:00,0,-0.19504801701546015,-0.11973800527945169,OOF_dev,feo_ret,estructural
AP0265,2026-07-18 15:12:00,1,-0.11040876306948051,-0.08999861160092336,OOF_dev,feo_ret,estructural
AP0265,2026-07-18 15:37:00,2,-0.2149169000620863,-0.055980833348049056,OOF_dev,feo_ret,estructural
AP0265,2026-07-18 15:57:00,3,0.041506184655524136,-0.05847445001005625,OOF_dev,feo_ret,estructural
AP0266,2026-07-18 22:59:00,0,-0.22370749819672295,-0.11404965162327604,OOF_dev,feo_ret,estructural
AP0266,2026-07-18 23:29:00,1,0.0928715453646469,-0.09548890241419947,OOF_dev,feo_ret,estructural
AP0266,2026-07-18 23:54:00,2,-0.18410295616666916,-0.06127489764488219,OOF_dev,feo_ret,estructural
AP0266,2026-07-19 00:14:00,3,0.19425430549807335,-0.05726978714094033,OOF_dev,feo_ret,estructural
AP0267,2026-07-19 07:13:00,0,-0.2403922518327448,-0.1274426949690576,OOF_dev,feo_ret,estructural
AP0267,2026-07-19 07:43:00,1,-0.11999396949230007,-0.09595502612584357,OOF_dev,feo_ret,estructural
AP0267,2026-07-19 08:08:00,2,0.015362927529504406,-0.063448117759676,OOF_dev,feo_ret,estructural
AP0268,2026-07-19 17:18:00,0,-0.11434692943139893,-0.12710603800072123,OOF_dev,feo_ret,estructural
AP0268,2026-07-19 17:48:00,1,-0.18666074641351557,-0.09174090500788028,OOF_dev,feo_ret,estructural
AP0268,2026-07-19 18:13:00,2,0.10088891081133289,-0.06339198138855044,OOF_dev,feo_ret,estructural
AP0268,2026-07-19 18:33:00,3,-0.032319997721068,-0.057855664941210985,OOF_dev,feo_ret,estructural
AP0269,2026-07-20 01:03:00,0,-0.027377350419957237,-0.12295468387531205,OOF_dev,feo_ret,estructural
AP0269,2026-07-20 01:33:00,1,-0.08175283566894292,-0.08646968374424689,OOF_dev,feo_ret,estructural
AP0269,2026-07-20 01:58:00,2,-0.07951690723603184,-0.06607435805871847,OOF_dev,feo_ret,estructural
AP0269,2026-07-20 02:18:00,3,-0.0561769074628769,-0.05503217497944605,OOF_dev,feo_ret,estructural
AP0270,2026-07-20 08:44:00,0,-0.06651243393222164,-0.13593499626391456,OOF_dev,feo_ret,estructural
AP0270,2026-07-20 09:14:00,1,-0.08741886227208553,-0.09346174966300802,OOF_dev,feo_ret,estructural
AP0270,2026-07-20 09:39:00,2,-0.09565275373383962,-0.06342741306312238,OOF_dev,feo_ret,estructural
AP0270,2026-07-20 09:59:00,3,-0.14677210893821824,-0.059221194276965435,OOF_dev,feo_ret,estructural
AP0271,2026-07-20 17:00:00,0,-0.13335991034670014,-0.13156049866765868,OOF_dev,feo_ret,estructural
AP0271,2026-07-20 17:30:00,1,0.02690395882297101,-0.0983864930067325,OOF_dev,feo_ret,estructural
AP0271,2026-07-20 17:55:00,2,-0.05692234463434811,-0.07146513561195592,OOF_dev,feo_ret,estructural
AP0271,2026-07-20 18:15:00,3,-0.061357747793125,-0.05919974821407959,OOF_dev,feo_ret,estructural
AP0272,2026-07-21 01:10:00,0,-0.12939320131220466,-0.126496686721279,OOF_dev,feo_ret,estructural
AP0272,2026-07-21 01:40:00,1,0.013187847912521929,-0.10450545190354948,OOF_dev,feo_ret,estructural
AP0272,2026-07-21 02:05:00,2,-0.06359172674782886,-0.06660093312116484,OOF_dev,feo_ret,estructural
AP0272,2026-07-21 02:25:00,3,-0.03625835436321683,-0.05631856358114532,OOF_dev,feo_ret,estructural
AP0274,2026-07-21 17:34:00,0,-0.18362762147044234,-0.11999309202778825,OOF_dev,feo_ret,estructural
AP0274,2026-07-21 18:04:00,1,-0.03855875609529493,-0.09672399556615627,OOF_dev,feo_ret,estructural
AP0274,2026-07-21 18:29:00,2,-0.026631966078655988,-0.06713491219394582,OOF_dev,feo_ret,estructural
AP0274,2026-07-21 18:49:00,3,-0.04135342882368523,-0.058889673405800334,OOF_dev,feo_ret,estructural
AP0275,2026-07-22 01:04:00,0,-0.04238598403146913,-0.13313902455952956,OOF_dev,feo_ret,estructural
AP0275,2026-07-22 01:34:00,1,-0.09330253865292397,-0.0881343944153981,OOF_dev,feo_ret,estructural
AP0275,2026-07-22 01:59:00,2,-0.06467533429993898,-0.06280460503877017,OOF_dev,feo_ret,estructural
AP0275,2026-07-22 02:19:00,3,-0.08070269452320979,-0.05404359153429246,OOF_dev,feo_ret,estructural
AP0276,2026-07-22 08:17:00,0,-0.18154529887002946,-0.13503736258215362,OOF_dev,feo_ret,estructural
AP0276,2026-07-22 08:47:00,1,0.018155184662848284,-0.10165646550041466,OOF_dev,feo_ret,estructural
AP0276,2026-07-22 09:12:00,2,-0.21107564190422093,-0.06302991195298988,OOF_dev,feo_ret,estructural
AP0277,2026-07-22 16:07:00,0,-0.14946917374924398,-0.1262533635160136,OOF_dev,feo_ret,estructural
AP0277,2026-07-22 16:37:00,1,-0.032909583719073474,-0.09979094076538422,OOF_dev,feo_ret,estructural
AP0277,2026-07-22 17:02:00,2,-0.18320261104168786,-0.06773729193612081,OOF_dev,feo_ret,estructural
AP0277,2026-07-22 17:22:00,3,-0.0946061469898586,-0.05948569000614635,OOF_dev,feo_ret,estructural
AP0278,2026-07-23 00:04:00,0,-0.1254550777032796,-0.1351061934886727,OOF_dev,feo_ret,estructural
AP0278,2026-07-23 00:34:00,1,-0.08302829620533365,-0.07002224639898338,OOF_dev,feo_ret,estructural
AP0278,2026-07-23 00:59:00,2,0.0680293502408448,-0.05811931926366106,OOF_dev,feo_ret,estructural
AP0278,2026-07-23 01:19:00,3,-0.026421192700263066,-0.09447158976405387,OOF_dev,feo_ret,estructural
AP0279,2026-07-23 08:55:00,0,-0.18104126260953726,-0.13056283599854987,OOF_dev,feo_ret,estructural
AP0279,2026-07-23 09:25:00,1,-0.03678729048705775,-0.09192291993750311,OOF_dev,feo_ret,estructural
AP0279,2026-07-23 09:50:00,2,-0.056682286973352244,-0.06515007436598534,OOF_dev,feo_ret,estructural
AP0279,2026-07-23 10:10:00,3,-0.052309795221555155,-0.057517552893078944,OOF_dev,feo_ret,estructural
AP0280,2026-07-23 16:46:00,0,-0.21775210307425352,-0.13660524054450732,OOF_dev,feo_ret,estructural
AP0280,2026-07-23 17:16:00,1,0.05589972782574003,-0.10628342334162742,OOF_dev,feo_ret,estructural
AP0280,2026-07-23 17:41:00,2,-0.050901198106571635,-0.06430273966044321,OOF_dev,feo_ret,estructural
AP0280,2026-07-23 18:01:00,3,-0.05463113371294205,-0.05391755246054111,OOF_dev,feo_ret,estructural
AP0281,2026-07-24 00:22:00,0,-0.16826086768491236,-0.12985370790725045,OOF_dev,feo_ret,estructural
AP0281,2026-07-24 00:52:00,1,-0.0036030661772988542,-0.09603558523113123,OOF_dev,feo_ret,estructural
AP0281,2026-07-24 01:17:00,2,-0.06816544640042689,-0.06189922720996345,OOF_dev,feo_ret,estructural
AP0281,2026-07-24 01:37:00,3,-0.04419581080665118,-0.05206404857782514,OOF_dev,feo_ret,estructural
AP0282,2026-07-24 07:50:00,0,-0.2249828267714523,-0.1296674287128953,OOF_dev,feo_ret,estructural
AP0282,2026-07-24 08:20:00,1,0.0333036493238103,-0.09227521247949297,OOF_dev,feo_ret,estructural
AP0282,2026-07-24 08:45:00,2,-0.02833331855808178,-0.0646714916050808,OOF_dev,feo_ret,estructural
AP0282,2026-07-24 09:05:00,3,-0.019753989121501385,-0.057256483043963545,OOF_dev,feo_ret,estructural
AP0283,2026-07-24 15:27:00,0,-0.20610275678986723,-0.13500796282861538,OOF_dev,feo_ret,estructural
AP0283,2026-07-24 15:57:00,1,0.08916331060838474,-0.1031819713365858,OOF_dev,feo_ret,estructural
AP0283,2026-07-24 16:22:00,2,-0.08167687529499344,-0.06354249778252033,OOF_dev,feo_ret,estructural
AP0283,2026-07-24 16:42:00,3,-0.043255060753546445,-0.057276326492667284,OOF_dev,feo_ret,estructural
AP0284,2026-07-24 23:22:00,0,-0.16487526776000777,-0.11584486918859166,OOF_dev,feo_ret,estructural
AP0284,2026-07-24 23:52:00,1,-0.014760382653675727,-0.09449764146560244,OOF_dev,feo_ret,estructural
AP0284,2026-07-25 00:17:00,2,-0.040624642458808556,-0.06560680169224907,OOF_dev,feo_ret,estructural
AP0284,2026-07-25 00:37:00,3,-0.03375986535426489,-0.05752361301700856,OOF_dev,feo_ret,estructural
AP0285,2026-07-25 06:42:00,0,-0.23524197084703322,-0.1307897533652397,OOF_dev,feo_ret,estructural
AP0285,2026-07-25 07:12:00,1,0.024406831377847295,-0.09431987194365284,OOF_dev,feo_ret,estructural
AP0285,2026-07-25 07:37:00,2,-0.05179226527619755,-0.06296147543507534,OOF_dev,feo_ret,estructural
AP0285,2026-07-25 07:57:00,3,-0.09540166867744446,-0.05469462009906445,OOF_dev,feo_ret,estructural
AP0286,2026-07-25 14:32:00,0,-0.25384766640082534,-0.15330986264531044,OOF_dev,feo_ret,estructural
AP0286,2026-07-25 15:02:00,1,0.06192898999423313,-0.1127448335087422,OOF_dev,feo_ret,estructural
AP0286,2026-07-25 15:27:00,2,-0.08019429401102081,-0.062043784048887766,OOF_dev,feo_ret,estructural
AP0286,2026-07-25 15:47:00,3,-0.08022421407403821,-0.05283744528283531,OOF_dev,feo_ret,estructural
AP0287,2026-07-25 22:23:00,0,-0.11245377510016602,-0.13305536133661294,OOF_dev,feo_ret,estructural
AP0287,2026-07-25 22:53:00,1,-0.10835684388039861,-0.09962863477850857,OOF_dev,feo_ret,estructural
AP0287,2026-07-25 23:18:00,2,-0.07654037263449973,-0.06711482234686862,OOF_dev,feo_ret,estructural
AP0288,2026-07-26 05:44:00,0,-0.25912401812045877,-0.13042546304803915,OOF_dev,feo_ret,estructural
AP0288,2026-07-26 06:14:00,1,-0.004147592740789181,-0.09921275337857755,OOF_dev,feo_ret,estructural
AP0288,2026-07-26 06:39:00,2,-0.06715675987336915,-0.06480442373356125,OOF_dev,feo_ret,estructural
AP0288,2026-07-26 06:59:00,3,-0.09121378882242386,-0.0566103907622059,OOF_dev,feo_ret,estructural
AP0289,2026-07-26 13:39:00,0,-0.1992799917380035,-0.13617057943700994,OOF_dev,feo_ret,estructural
AP0289,2026-07-26 14:09:00,1,0.0125428520810339,-0.10035938558363452,OOF_dev,feo_ret,estructural
AP0289,2026-07-26 14:34:00,2,-0.0702090761360905,-0.06642145056574761,OOF_dev,feo_ret,estructural
AP0289,2026-07-26 14:54:00,3,-0.09990852942711732,-0.057425438784315774,OOF_dev,feo_ret,estructural
AP0290,2026-07-26 21:10:00,0,-0.21733111676094732,-0.1338126408961597,OOF_dev,feo_ret,estructural
AP0290,2026-07-26 21:40:00,1,0.04597894484805156,-0.10636365467175363,OOF_dev,feo_ret,estructural
AP0290,2026-07-26 22:05:00,2,-0.04938035418798495,-0.06218433839427241,OOF_dev,feo_ret,estructural
AP0290,2026-07-26 22:25:00,3,0.0051484978110048285,-0.054292942397591346,OOF_dev,feo_ret,estructural
AP0291,2026-07-27 04:22:00,0,-0.15063756766018116,-0.1262225264560195,OOF_dev,feo_ret,estructural
AP0291,2026-07-27 04:52:00,1,-0.11058302264388864,-0.09584226810891806,OOF_dev,feo_ret,estructural
AP0291,2026-07-27 05:17:00,2,-0.09053535813610183,-0.06407006093747891,OOF_dev,feo_ret,estructural
AP0292,2026-07-27 12:14:00,0,-0.26381483499404407,-0.12493434713258332,OOF_dev,feo_ret,estructural
AP0292,2026-07-27 12:44:00,1,0.09354102628306442,-0.09596380939243603,OOF_dev,feo_ret,estructural
AP0292,2026-07-27 13:09:00,2,-0.08513598835387994,-0.06509705437132046,OOF_dev,feo_ret,estructural
AP0292,2026-07-27 13:29:00,3,-0.04945949731487872,-0.057563802927048206,OOF_dev,feo_ret,estructural
AP0293,2026-07-27 19:30:00,0,-0.2303537862424039,-0.12448338391101618,OOF_dev,feo_ret,estructural
AP0293,2026-07-27 20:00:00,1,-0.06503425945361628,-0.10113881439756921,OOF_dev,feo_ret,estructural
AP0293,2026-07-27 20:25:00,2,-0.013205304754608495,-0.06635139125924377,OOF_dev,feo_ret,estructural
AP0293,2026-07-27 20:45:00,3,-0.001918998097538443,-0.055352161988797416,OOF_dev,feo_ret,estructural
AP0294,2026-07-28 02:39:00,0,-0.10065633152041871,-0.12065143746303901,OOF_dev,feo_ret,estructural
AP0294,2026-07-28 03:09:00,1,-0.1829445780347538,-0.0932247785056485,OOF_dev,feo_ret,estructural
AP0294,2026-07-28 03:34:00,2,-0.09639754769417636,-0.0675457972799885,OOF_dev,feo_ret,estructural
AP0295,2026-07-28 09:56:00,0,-0.13518470779195602,-0.13132495781906992,OOF_dev,feo_ret,estructural
AP0295,2026-07-28 10:26:00,1,-0.09390020215606175,-0.09000769044502424,OOF_dev,feo_ret,estructural
AP0295,2026-07-28 10:51:00,2,-0.15491782330339082,-0.0629265221813582,OOF_dev,feo_ret,estructural
AP0295,2026-07-28 11:11:00,3,-0.08499286593472125,-0.05509436585639925,OOF_dev,feo_ret,estructural
AP0296,2026-07-28 17:38:00,0,-0.10194560869850929,-0.14650776336829432,OOF_dev,feo_ret,estructural
AP0296,2026-07-28 18:08:00,1,-0.21053435979676602,-0.08986479906404972,OOF_dev,feo_ret,estructural
AP0296,2026-07-28 18:33:00,2,0.059585903563938544,-0.06625449225097382,OOF_dev,feo_ret,estructural
AP0296,2026-07-28 18:53:00,3,-0.05930477742610794,-0.05486720029686589,OOF_dev,feo_ret,estructural
AP0297,2026-07-29 01:25:00,0,-0.188830911421992,-0.14084626139623924,OOF_dev,feo_ret,estructural
AP0297,2026-07-29 01:55:00,1,0.008277707126355963,-0.10392925839139829,OOF_dev,feo_ret,estructural
AP0297,2026-07-29 02:20:00,2,-0.06341532398621323,-0.0640639697837322,OOF_dev,feo_ret,estructural
AP0297,2026-07-29 02:40:00,3,-0.08219645665636835,-0.062139887572223405,OOF_dev,feo_ret,estructural
AP0298,2026-07-29 08:55:00,0,-0.23517362062995983,-0.12479644172698105,OOF_dev,feo_ret,estructural
AP0298,2026-07-29 09:25:00,1,0.0032665616975909835,-0.10344852873595885,OOF_dev,feo_ret,estructural
AP0298,2026-07-29 09:50:00,2,-0.10690065571102374,-0.0672379497362563,OOF_dev,feo_ret,estructural
AP0298,2026-07-29 10:10:00,3,-0.07206329942783388,-0.05541531077500544,OOF_dev,feo_ret,estructural
AP0299,2026-07-29 16:27:00,0,-0.0757460387039342,-0.11862693955971612,OOF_dev,feo_ret,estructural
AP0299,2026-07-29 16:57:00,1,-0.13528498978563444,-0.08301233809780187,OOF_dev,feo_ret,estructural
AP0299,2026-07-29 17:22:00,2,-0.08382620945158191,-0.0660362848097246,OOF_dev,feo_ret,estructural
AP0299,2026-07-29 17:42:00,3,-0.02597801617472944,-0.06291589702409492,OOF_dev,feo_ret,estructural
AP0300,2026-07-30 00:05:00,0,0.9646196026320748,1.2714498275640052,lockbox,sn_dep,estructural
AP0300,2026-07-30 00:35:00,1,1.4884489221277748,0.5520858817132395,lockbox,sn_dep,estructural
AP0300,2026-07-30 01:00:00,2,0.2904330330718982,0.14889099480395934,lockbox,sn_dep,estructural
AP0300,2026-07-30 01:20:00,3,0.11277385377725752,0.04050857768952756,lockbox,sn_dep,estructural
AP0301,2026-07-30 07:40:00,0,1.5283021956416818,1.7456243283607087,lockbox,sn_dep,estructural
AP0301,2026-07-30 08:10:00,1,0.5315952648974759,0.6657065980598209,lockbox,sn_dep,estructural
AP0301,2026-07-30 08:35:00,2,0.2860117030687847,0.2396981250899978,lockbox,sn_dep,estructural
AP0301,2026-07-30 08:55:00,3,0.08211779090922836,0.10183266060797887,lockbox,sn_dep,estructural
AP0302,2026-07-30 16:09:00,0,1.849810775416221,1.375534492022489,lockbox,sn_dep,estructural
AP0302,2026-07-30 16:39:00,1,0.5334227832706943,0.6863830054456399,lockbox,sn_dep,estructural
AP0302,2026-07-30 17:04:00,2,0.0955724786833467,0.18299035897757218,lockbox,sn_dep,estructural
AP0302,2026-07-30 17:24:00,3,0.5216327714571696,0.04364371116477149,lockbox,sn_dep,estructural
AP0303,2026-07-30 23:37:00,0,1.7636382980523477,1.3394804747888125,lockbox,sn_dep,estructural
AP0303,2026-07-31 00:07:00,1,0.4491663550498055,0.7176186403421374,lockbox,sn_dep,estructural
AP0303,2026-07-31 00:32:00,2,-0.1519655649781111,0.1737404976331445,lockbox,sn_dep,estructural
AP0303,2026-07-31 00:52:00,3,1.523854504361359,0.04028215016373357,lockbox,sn_dep,estructural
AP0304,2026-07-31 07:03:00,0,2.1287677218902736,1.682829359798177,lockbox,sn_dep,estructural
AP0304,2026-07-31 07:33:00,1,0.14426557430405312,0.7113186856908533,lockbox,sn_dep,estructural
AP0304,2026-07-31 07:58:00,2,0.27085417187124594,0.17123456901353667,lockbox,sn_dep,estructural
AP0304,2026-07-31 08:18:00,3,0.38210520301414,0.08936663848665852,lockbox,sn_dep,estructural
AP0305,2026-07-31 15:30:00,0,1.4419386625714314,1.130878289480402,lockbox,sn_dep,estructural
AP0305,2026-07-31 16:00:00,1,1.2661669460269924,0.6349868483757313,lockbox,sn_dep,estructural
AP0305,2026-07-31 16:25:00,2,0.11759816299329769,0.13072779183082237,lockbox,sn_dep,estructural
AP0305,2026-07-31 16:45:00,3,0.2665338106100099,0.031164472448377126,lockbox,sn_dep,estructural
AP0306,2026-07-31 22:54:00,0,2.1341044334033943,1.3742772135290209,lockbox,sn_dep,estructural
AP0306,2026-07-31 23:24:00,1,0.25187085994138575,0.526822543517343,lockbox,sn_dep,estructural
AP0306,2026-07-31 23:49:00,2,0.4019929124313424,0.13125774491691028,lockbox,sn_dep,estructural
AP0306,2026-08-01 00:09:00,3,-0.2219743101355833,0.05623586312600956,lockbox,sn_dep,estructural
AP0307,2026-08-01 06:48:00,0,1.973158887456168,1.0247551250712132,lockbox,sn_dep,estructural
AP0307,2026-08-01 07:18:00,1,0.09625088728121108,0.7076422005393951,lockbox,sn_dep,estructural
AP0307,2026-08-01 07:43:00,2,0.47289323909659037,0.21535158731084256,lockbox,sn_dep,estructural
AP0308,2026-08-01 14:25:00,0,1.5139152251148367,0.9585964688920304,lockbox,sn_dep,estructural
AP0308,2026-08-01 14:55:00,1,0.905387515607113,0.6710779782748381,lockbox,sn_dep,estructural
AP0308,2026-08-01 15:20:00,2,0.4088996431991227,0.13902035028821755,lockbox,sn_dep,estructural
AP0309,2026-08-01 21:50:00,0,1.9111587180882683,1.1101850459839646,lockbox,sn_dep,estructural
AP0309,2026-08-01 22:20:00,1,0.3095934028370721,0.5492681276677643,lockbox,sn_dep,estructural
AP0309,2026-08-01 22:45:00,2,0.4376376665843644,0.16066520956120084,lockbox,sn_dep,estructural
AP0309,2026-08-01 23:05:00,3,0.2604817942590392,0.07036823362958869,lockbox,sn_dep,estructural
AP0310,2026-08-02 05:45:00,0,2.1177854779163443,1.332313570735788,lockbox,sn_dep,estructural
AP0310,2026-08-02 06:15:00,1,0.31052657877473894,0.5656984500608887,lockbox,sn_dep,estructural
AP0310,2026-08-02 06:40:00,2,0.3096592015307522,0.14531984045506438,lockbox,sn_dep,estructural
AP0310,2026-08-02 07:00:00,3,0.4262539530269587,0.04072376482459805,lockbox,sn_dep,estructural
AP0311,2026-08-02 13:58:00,0,2.4386290176790406,1.3842335202978624,lockbox,sn_dep,estructural
AP0311,2026-08-02 14:28:00,1,-0.13763288356004627,1.2506240640773618,lockbox,sn_dep,estructural
AP0311,2026-08-02 14:53:00,2,0.6369079501734627,0.14898225546417163,lockbox,sn_dep,estructural
AP0311,2026-08-02 15:13:00,3,0.7055707066894636,0.03931481750207121,lockbox,sn_dep,estructural
AP0312,2026-08-02 21:30:00,0,0.9419650728248851,1.2259219097334422,lockbox,sn_dep,estructural
AP0312,2026-08-02 22:00:00,1,1.3659499288337194,0.5127819352955442,lockbox,sn_dep,estructural
AP0312,2026-08-02 22:25:00,2,0.31964660222613545,0.0731714058630228,lockbox,sn_dep,estructural
AP0312,2026-08-02 22:45:00,3,0.0776117821291142,0.032732397767486196,lockbox,sn_dep,estructural
AP0313,2026-08-03 05:35:00,0,2.1118461466481673,1.2572358050400416,lockbox,sn_dep,estructural
AP0313,2026-08-03 06:05:00,1,0.2403791970775207,0.5055556997493097,lockbox,sn_dep,estructural
AP0313,2026-08-03 06:30:00,2,0.6476085260391686,0.12469795830939603,lockbox,sn_dep,estructural
AP0314,2026-08-03 13:44:00,0,2.692398982724333,1.2702761140669578,lockbox,sn_dep,estructural
AP0314,2026-08-03 14:14:00,1,0.16884475875184557,0.5411091588146406,lockbox,sn_dep,estructural
AP0314,2026-08-03 14:39:00,2,0.4255413341200919,0.13149552718512342,lockbox,sn_dep,estructural
AP0314,2026-08-03 14:59:00,3,0.3271841108318214,0.04911155117649869,lockbox,sn_dep,estructural
AP0315,2026-08-03 21:17:00,0,1.7355320974490964,1.0457660044136259,lockbox,sn_dep,estructural
AP0315,2026-08-03 21:47:00,1,0.7330966835681164,0.498321660133219,lockbox,sn_dep,estructural
AP0315,2026-08-03 22:12:00,2,0.5059983845971694,0.1651386052663739,lockbox,sn_dep,estructural
AP0315,2026-08-03 22:32:00,3,0.4371553609226035,0.03213855275670138,lockbox,sn_dep,estructural
AP0316,2026-08-04 04:44:00,0,1.9445665726254924,1.468224451721812,lockbox,sn_dep,estructural
AP0316,2026-08-04 05:14:00,1,0.51563389903128,0.5226799242093244,lockbox,sn_dep,estructural
AP0316,2026-08-04 05:39:00,2,0.07135381805517262,0.16682524795127818,lockbox,sn_dep,estructural
AP0316,2026-08-04 05:59:00,3,0.8712874094223699,0.08173344004641028,lockbox,sn_dep,estructural
AP0317,2026-08-04 12:16:00,0,2.217771667075366,0.9775885819820997,lockbox,sn_dep,estructural
AP0317,2026-08-04 12:46:00,1,0.33138694005709624,0.4935637553147271,lockbox,sn_dep,estructural
AP0317,2026-08-04 13:11:00,2,0.47156867794762997,0.1618756677879984,lockbox,sn_dep,estructural
AP0318,2026-08-04 19:20:00,0,1.9087589284911484,1.2698929393144862,lockbox,sn_dep,estructural
AP0318,2026-08-04 19:50:00,1,0.5567856945082779,0.6843467630087929,lockbox,sn_dep,estructural
AP0318,2026-08-04 20:15:00,2,0.345203767562252,0.16548842904065364,lockbox,sn_dep,estructural
AP0318,2026-08-04 20:35:00,3,0.0753513166615471,0.027116616709070927,lockbox,sn_dep,estructural
AP0319,2026-08-05 02:53:00,0,2.0843079519265566,1.3819529422966406,lockbox,sn_dep,estructural
AP0319,2026-08-05 03:23:00,1,0.49624082736430014,0.5185046502800407,lockbox,sn_dep,estructural
AP0319,2026-08-05 03:48:00,2,0.35185894887774327,0.1524202467990764,lockbox,sn_dep,estructural
AP0319,2026-08-05 04:08:00,3,0.2843368502838306,0.10510766166302243,lockbox,sn_dep,estructural
AP0320,2026-08-05 10:10:00,0,1.7202237988949143,1.0744902437878106,lockbox,sn_dep,estructural
AP0320,2026-08-05 10:40:00,1,0.7958368015504605,0.36854728986302826,lockbox,sn_dep,estructural
AP0320,2026-08-05 11:05:00,2,0.2327860057383776,0.21216113661564426,lockbox,sn_dep,estructural
AP0320,2026-08-05 11:25:00,3,0.44821480033862227,0.09877796602958626,lockbox,sn_dep,estructural
AP0321,2026-08-05 17:53:00,0,1.2346789480390479,1.11450237347091,lockbox,sn_dep,estructural
AP0321,2026-08-05 18:23:00,1,1.3574799056842386,0.6675077602649225,lockbox,sn_dep,estructural
AP0321,2026-08-05 18:48:00,2,0.2569158907453899,0.13140277892464441,lockbox,sn_dep,estructural
AP0321,2026-08-05 19:08:00,3,0.5251756694266605,0.039774998557572036,lockbox,sn_dep,estructural
AP0322,2026-08-06 01:52:00,0,2.273615402284585,3.8451412020133438,lockbox,sn_dep,estructural
AP0322,2026-08-06 02:22:00,1,-0.18700014022550365,0.7522631310469324,lockbox,sn_dep,estructural
AP0322,2026-08-06 02:47:00,2,0.39805526486620385,0.19648981636835017,lockbox,sn_dep,estructural
AP0322,2026-08-06 03:07:00,3,0.4558239310554641,0.08126720467972927,lockbox,sn_dep,estructural
AP0323,2026-08-06 09:14:00,0,1.9091370632799747,0.980618397643225,lockbox,sn_dep,estructural
AP0323,2026-08-06 09:44:00,1,0.4836445416485821,0.45496339184092327,lockbox,sn_dep,estructural
AP0323,2026-08-06 10:09:00,2,0.259404386839252,0.126006767977039,lockbox,sn_dep,estructural
AP0323,2026-08-06 10:29:00,3,0.17522426233532906,0.0444959177244099,lockbox,sn_dep,estructural
AP0324,2026-08-06 17:13:00,0,1.6486362164426207,1.521598592236813,lockbox,sn_dep,estructural
AP0324,2026-08-06 17:43:00,1,0.9088589778909686,0.8270912659166765,lockbox,sn_dep,estructural
AP0324,2026-08-06 18:08:00,2,-0.07509399616516654,0.14609289512533336,lockbox,sn_dep,estructural
AP0324,2026-08-06 18:28:00,3,0.9706601445237971,0.04141304783568532,lockbox,sn_dep,estructural
AP0325,2026-08-07 00:59:00,0,1.8699250057877566,1.8777388411105895,lockbox,sn_dep,estructural
AP0325,2026-08-07 01:29:00,1,0.16548235783123802,0.8141230286061215,lockbox,sn_dep,estructural
AP0325,2026-08-07 01:54:00,2,0.41360698024466286,0.1255706431491728,lockbox,sn_dep,estructural
AP0325,2026-08-07 02:14:00,3,0.22258748353119628,0.039302500398858,lockbox,sn_dep,estructural
AP0326,2026-08-07 08:44:00,0,2.1400074636492854,1.0360632968495838,lockbox,sn_dep,estructural
AP0326,2026-08-07 09:14:00,1,0.4481369609639654,0.5542305904967035,lockbox,sn_dep,estructural
AP0326,2026-08-07 09:39:00,2,0.028261689387872824,0.28140360725180696,lockbox,sn_dep,estructural
AP0326,2026-08-07 09:59:00,3,0.32745735202563125,0.19603831502100735,lockbox,sn_dep,estructural
AP0327,2026-08-07 16:35:00,0,1.5680771056275238,1.143840256903518,lockbox,sn_dep,estructural
AP0327,2026-08-07 17:05:00,1,0.7675805483583924,0.606956427135425,lockbox,sn_dep,estructural
AP0327,2026-08-07 17:30:00,2,0.1301341484466367,0.10187333701331167,lockbox,sn_dep,estructural
AP0327,2026-08-07 17:50:00,3,0.3983908378721489,0.028430331456456397,lockbox,sn_dep,estructural
AP0328,2026-08-08 00:04:00,0,1.6781735062467287,1.9760697072125677,lockbox,sn_dep,estructural
AP0328,2026-08-08 00:34:00,1,0.4801783585994177,0.7739488401030079,lockbox,sn_dep,estructural
AP0328,2026-08-08 00:59:00,2,-0.031135162332437523,0.13217696361714207,lockbox,sn_dep,estructural
AP0328,2026-08-08 01:19:00,3,1.2585759444114493,0.039539846397801955,lockbox,sn_dep,estructural
AP0329,2026-08-08 07:37:00,0,1.3479487795890177,1.342877576960339,lockbox,sn_dep,estructural
AP0329,2026-08-08 08:07:00,1,1.060294099881528,0.6466313141485197,lockbox,sn_dep,estructural
AP0329,2026-08-08 08:32:00,2,0.3886945698242622,0.14626530522564135,lockbox,sn_dep,estructural
AP0329,2026-08-08 08:52:00,3,0.10157972207898211,0.03635007272808875,lockbox,sn_dep,estructural
AP0330,2026-08-08 15:09:00,0,2.245939923685538,1.2651081602173628,lockbox,sn_dep,estructural
AP0330,2026-08-08 15:39:00,1,0.520327113305902,0.5342657873812325,lockbox,sn_dep,estructural
AP0330,2026-08-08 16:04:00,2,-0.006034249334155925,0.1607183243572838,lockbox,sn_dep,estructural
AP0330,2026-08-08 16:24:00,3,0.09131438194714364,0.061841981018790314,lockbox,sn_dep,estructural
AP0331,2026-08-08 22:34:00,0,2.289248276264018,1.3213248180893111,lockbox,sn_dep,estructural
AP0331,2026-08-08 23:04:00,1,-0.11614372777210488,0.7562660434872747,lockbox,sn_dep,estructural
AP0331,2026-08-08 23:29:00,2,0.48559126904944494,0.13087725095934702,lockbox,sn_dep,estructural
AP0331,2026-08-08 23:49:00,3,0.48911620724994526,0.04350069304242661,lockbox,sn_dep,estructural
AP0332,2026-08-09 06:35:00,0,2.015591332575377,1.0777432730519871,lockbox,sn_dep,estructural
AP0332,2026-08-09 07:05:00,1,0.6778576636165743,0.794888057212665,lockbox,sn_dep,estructural
AP0332,2026-08-09 07:30:00,2,0.06823847015156423,0.2336495251781538,lockbox,sn_dep,estructural
AP0332,2026-08-09 07:50:00,3,0.34299101869153464,0.040174921048002986,lockbox,sn_dep,estructural
AP0333,2026-08-09 14:36:00,0,2.378202744133713,1.2795160997607367,lockbox,sn_dep,estructural
AP0333,2026-08-09 15:06:00,1,-0.10364879419873567,0.6767428139926945,lockbox,sn_dep,estructural
AP0333,2026-08-09 15:31:00,2,0.18819713211547542,0.1729035385744277,lockbox,sn_dep,estructural
AP0333,2026-08-09 15:51:00,3,0.3528683971541019,0.10298862558369357,lockbox,sn_dep,estructural
AP0334,2026-08-09 22:32:00,0,2.2981743462415425,1.3535376038454168,lockbox,sn_dep,estructural
AP0334,2026-08-09 23:02:00,1,0.041634008151936346,0.9074466523371837,lockbox,sn_dep,estructural
AP0334,2026-08-09 23:27:00,2,0.6263545237073448,0.13908572360985777,lockbox,sn_dep,estructural
AP0335,2026-08-10 06:38:00,0,1.3228501031974984,1.1495934459876258,lockbox,sn_dep,estructural
AP0335,2026-08-10 07:08:00,1,1.122714028790844,0.6743201482152943,lockbox,sn_dep,estructural
AP0335,2026-08-10 07:33:00,2,0.509436950515587,0.16026921123554383,lockbox,sn_dep,estructural
AP0336,2026-08-10 17:10:00,0,1.9701690125026985,1.8395451117510087,lockbox,sn_dep,estructural
AP0336,2026-08-10 17:40:00,1,0.06803475265998961,0.6545320514977724,lockbox,sn_dep,estructural
AP0336,2026-08-10 18:05:00,2,0.1990484413918421,0.16079721092829802,lockbox,sn_dep,estructural
AP0336,2026-08-10 18:25:00,3,0.4750559567225703,0.06965918571307411,lockbox,sn_dep,estructural
AP0337,2026-08-11 00:48:00,0,2.1658491223633765,1.1009749530360737,lockbox,sn_dep,estructural
AP0337,2026-08-11 01:18:00,1,0.03410413708257531,0.8494834400693194,lockbox,sn_dep,estructural
AP0337,2026-08-11 01:43:00,2,0.3369289305933258,0.15944888671861857,lockbox,sn_dep,estructural
AP0337,2026-08-11 02:03:00,3,0.5730458156314775,0.06065016719460974,lockbox,sn_dep,estructural
AP0338,2026-08-11 08:48:00,0,1.534799501341616,1.3222668807110922,lockbox,sn_dep,estructural
AP0338,2026-08-11 09:18:00,1,1.212489342909013,0.6866665120905459,lockbox,sn_dep,estructural
AP0338,2026-08-11 09:43:00,2,0.2590553732299401,0.13841669943404472,lockbox,sn_dep,estructural
AP0338,2026-08-11 10:03:00,3,0.519927322689376,0.04038521442892121,lockbox,sn_dep,estructural
AP0339,2026-08-11 16:55:00,0,1.8876943385761429,1.3638509831437404,lockbox,sn_dep,estructural
AP0339,2026-08-11 17:25:00,1,0.36538420107870284,0.5797944328725243,lockbox,sn_dep,estructural
AP0339,2026-08-11 17:50:00,2,0.056192159338825994,0.16487855582691635,lockbox,sn_dep,estructural
AP0339,2026-08-11 18:10:00,3,0.18741868356097316,0.06925621274607836,lockbox,sn_dep,estructural
AP0340,2026-08-12 00:30:00,0,1.903132942661967,0.9964603395700158,lockbox,sn_dep,estructural
AP0340,2026-08-12 01:00:00,1,0.46944947964566386,0.6498831993226167,lockbox,sn_dep,estructural
AP0340,2026-08-12 01:25:00,2,0.20538746858472168,0.14378623786999423,lockbox,sn_dep,estructural
AP0340,2026-08-12 01:45:00,3,1.0460072625578494,0.04501362602836057,lockbox,sn_dep,estructural
AP0341,2026-08-12 08:24:00,0,1.2640386012241842,1.7429168078421569,lockbox,sn_dep,estructural
AP0341,2026-08-12 08:54:00,1,0.9164091188749004,0.8001694598049891,lockbox,sn_dep,estructural
AP0341,2026-08-12 09:19:00,2,0.6057065618148759,0.20347762691088428,lockbox,sn_dep,estructural
AP0342,2026-08-12 16:14:00,0,1.8217439310807784,1.754060353578143,lockbox,sn_dep,estructural
AP0342,2026-08-12 16:44:00,1,0.895077226771063,0.7006671571874128,lockbox,sn_dep,estructural
AP0342,2026-08-12 17:09:00,2,-0.2525893752255744,0.2145448627755223,lockbox,sn_dep,estructural
AP0342,2026-08-12 17:29:00,3,0.060069726841175786,0.14002031742385723,lockbox,sn_dep,estructural
AP0343,2026-08-12 23:43:00,0,2.06948474719459,0.9617353662861289,lockbox,sn_dep,estructural
AP0343,2026-08-13 00:13:00,1,1.1975651958217184,0.6306446622994913,lockbox,sn_dep,estructural
AP0343,2026-08-13 00:38:00,2,0.026213159056622866,0.18348958390737102,lockbox,sn_dep,estructural
AP0343,2026-08-13 00:58:00,3,0.5653225089256867,0.07808306353723467,lockbox,sn_dep,estructural
AP0344,2026-08-13 07:33:00,0,2.3298551602661153,1.404297232626676,lockbox,sn_dep,estructural
AP0344,2026-08-13 08:03:00,1,0.3267889737264841,1.0370995227560824,lockbox,sn_dep,estructural
AP0344,2026-08-13 08:28:00,2,0.2931328595028622,0.13724742596621115,lockbox,sn_dep,estructural
AP0344,2026-08-13 08:48:00,3,0.5636534076905731,0.04576061931814394,lockbox,sn_dep,estructural
AP0345,2026-08-13 15:39:00,0,2.101319114177399,1.4021583515443097,lockbox,sn_dep,estructural
AP0345,2026-08-13 16:09:00,1,0.25711625462981774,0.6932061028777977,lockbox,sn_dep,estructural
AP0345,2026-08-13 16:34:00,2,0.11243085021902985,0.15966844027953978,lockbox,sn_dep,estructural
AP0345,2026-08-13 16:54:00,3,0.4483684813895019,0.11127122096402758,lockbox,sn_dep,estructural
AP0346,2026-08-13 23:26:00,0,1.8326924601812626,1.1967547999350197,lockbox,sn_dep,estructural
AP0346,2026-08-13 23:56:00,1,0.5386941069943683,0.6222044223207193,lockbox,sn_dep,estructural
AP0346,2026-08-14 00:21:00,2,0.3500412976679711,0.18581901567668788,lockbox,sn_dep,estructural
AP0346,2026-08-14 00:41:00,3,0.2286718050921242,0.04880248098020325,lockbox,sn_dep,estructural
AP0347,2026-08-14 07:03:00,0,1.9200421485114794,1.1685123315248873,lockbox,sn_dep,estructural
AP0347,2026-08-14 07:33:00,1,0.581345854684137,0.8515900885799176,lockbox,sn_dep,estructural
AP0347,2026-08-14 07:58:00,2,0.21603788336284543,0.1128336079655516,lockbox,sn_dep,estructural
AP0347,2026-08-14 08:18:00,3,0.6251065275420256,0.061552334344871555,lockbox,sn_dep,estructural
AP0348,2026-08-14 14:56:00,0,1.7621769719795883,1.2386910193719338,lockbox,sn_dep,estructural
AP0348,2026-08-14 15:26:00,1,0.7870253229007672,1.0025298964163476,lockbox,sn_dep,estructural
AP0348,2026-08-14 15:51:00,2,0.18134673519364775,0.29398623343682234,lockbox,sn_dep,estructural
AP0348,2026-08-14 16:11:00,3,0.1625617257255963,0.0722026077405641,lockbox,sn_dep,estructural
AP0349,2026-08-14 22:49:00,0,2.1503776895402327,1.260279674993785,lockbox,sn_dep,estructural
AP0349,2026-08-14 23:19:00,1,0.5333803098838992,0.6716154684632758,lockbox,sn_dep,estructural
AP0349,2026-08-14 23:44:00,2,0.41897315757940834,0.2027235249778854,lockbox,sn_dep,estructural
AP0350,2026-08-15 06:30:00,0,1.81865304593389,1.297405121022339,lockbox,sn_dep,estructural
AP0350,2026-08-15 07:00:00,1,0.687660395619644,0.839960780788599,lockbox,sn_dep,estructural
AP0350,2026-08-15 07:25:00,2,1.1287140170728065,0.1596503209742906,lockbox,sn_dep,estructural
AP0351,2026-08-15 15:16:00,0,2.3761955164361117,1.0637009263314623,lockbox,sn_dep,estructural
AP0351,2026-08-15 15:46:00,1,0.3753755202219036,0.9470216255560073,lockbox,sn_dep,estructural
AP0351,2026-08-15 16:11:00,2,0.5378381646791789,0.3014010086403437,lockbox,sn_dep,estructural
AP0351,2026-08-15 16:31:00,3,0.09306879116452065,0.05445431777427069,lockbox,sn_dep,estructural
AP0352,2026-08-15 23:05:00,0,1.4226575327659723,0.9615696151171425,lockbox,sn_dep,estructural
AP0352,2026-08-15 23:35:00,1,0.975280143100314,0.5366864860327328,lockbox,sn_dep,estructural
AP0352,2026-08-16 00:00:00,2,0.26269360597133073,0.1400214785196956,lockbox,sn_dep,estructural
AP0352,2026-08-16 00:20:00,3,0.34643820066122666,0.036582073701511966,lockbox,sn_dep,estructural
AP0353,2026-08-16 06:51:00,0,1.4716191870989215,2.0432361512039194,lockbox,sn_dep,estructural
AP0353,2026-08-16 07:21:00,1,0.5392779980638436,0.6640899807921828,lockbox,sn_dep,estructural
AP0353,2026-08-16 07:46:00,2,0.294072621075629,0.16452464259362268,lockbox,sn_dep,estructural
AP0353,2026-08-16 08:06:00,3,0.5417110248902266,0.07843854718510304,lockbox,sn_dep,estructural
AP0354,2026-08-16 14:41:00,0,1.3266292114645457,1.0698927440286168,lockbox,sn_dep,estructural
AP0354,2026-08-16 15:11:00,1,1.1413403829892341,0.813237033698918,lockbox,sn_dep,estructural
AP0354,2026-08-16 15:36:00,2,0.27826646896451407,0.27333774100036823,lockbox,sn_dep,estructural
AP0354,2026-08-16 15:56:00,3,0.929153493583859,0.06222256953146786,lockbox,sn_dep,estructural
AP0355,2026-08-16 22:49:00,0,1.3147407058785834,1.0504653738585805,lockbox,sn_dep,estructural
AP0355,2026-08-16 23:19:00,1,1.2905357210999155,0.42461629280095464,lockbox,sn_dep,estructural
AP0355,2026-08-16 23:44:00,2,0.01784748349168724,0.1585466382860728,lockbox,sn_dep,estructural
AP0355,2026-08-17 00:04:00,3,0.3727660222817246,0.0828171941271137,lockbox,sn_dep,estructural
AP0356,2026-08-17 06:45:00,0,1.8632788262905973,1.4900903521653892,lockbox,sn_dep,estructural
AP0356,2026-08-17 07:15:00,1,0.4505133315988064,0.7044384138429662,lockbox,sn_dep,estructural
AP0356,2026-08-17 07:40:00,2,0.2071279141482772,0.14771987264918746,lockbox,sn_dep,estructural
AP0356,2026-08-17 08:00:00,3,0.07536144368439131,0.08485946864376752,lockbox,sn_dep,estructural
AP0357,2026-08-17 14:54:00,0,1.499611616745967,0.7841960516230388,lockbox,sn_dep,estructural
AP0357,2026-08-17 15:24:00,1,0.8683043234889125,0.4784612823731817,lockbox,sn_dep,estructural
AP0357,2026-08-17 15:49:00,2,0.008667401573793563,0.48362956851927674,lockbox,sn_dep,estructural
AP0357,2026-08-17 16:09:00,3,0.6438052663051538,0.1133728227855023,lockbox,sn_dep,estructural
AP0358,2026-08-17 23:04:00,0,1.488414192129212,1.0535199470270062,lockbox,sn_dep,estructural
AP0358,2026-08-17 23:34:00,1,0.9565597934266894,0.1889506152501097,lockbox,sn_dep,estructural
AP0358,2026-08-17 23:59:00,2,0.29931926901419775,0.05755396853810804,lockbox,sn_dep,estructural
AP0358,2026-08-18 00:19:00,3,0.03064976068815115,0.36981151291757536,lockbox,sn_dep,estructural
AP0359,2026-08-18 07:00:00,0,1.7350266336412814,1.5788263811039758,lockbox,sn_dep,estructural
AP0359,2026-08-18 07:30:00,1,0.4636048479137198,0.4739140840483135,lockbox,sn_dep,estructural
AP0359,2026-08-18 07:55:00,2,0.3416629972045094,0.1824024919698981,lockbox,sn_dep,estructural
AP0359,2026-08-18 08:15:00,3,0.1488218208092253,0.17589553133209512,lockbox,sn_dep,estructural
AP0360,2026-08-18 14:35:00,0,1.9537677404906764,1.3051341950413657,lockbox,sn_dep,estructural
AP0360,2026-08-18 15:05:00,1,0.4045169522581071,0.7720827163486067,lockbox,sn_dep,estructural
AP0360,2026-08-18 15:30:00,2,-0.04058004218310676,0.7412408041365652,lockbox,sn_dep,estructural
AP0360,2026-08-18 15:50:00,3,0.6002837720309432,0.031121675027078077,lockbox,sn_dep,estructural
AP0361,2026-08-18 22:28:00,0,1.6808219260514077,1.383751087237172,lockbox,sn_dep,estructural
AP0361,2026-08-18 22:58:00,1,0.5957481481862553,1.0737702368386217,lockbox,sn_dep,estructural
AP0361,2026-08-18 23:23:00,2,0.7388303102459597,0.11940510310544396,lockbox,sn_dep,estructural
AP0362,2026-08-19 06:24:00,0,1.7502418335464867,3.269210279288598,lockbox,sn_dep,estructural
AP0362,2026-08-19 06:54:00,1,0.49161893417446145,0.8658466745178555,lockbox,sn_dep,estructural
AP0362,2026-08-19 07:19:00,2,-0.7267621990795816,0.19348740335998382,lockbox,sn_dep,estructural
AP0362,2026-08-19 07:39:00,3,-1.1303939051264833,0.09036715164707572,lockbox,sn_dep,estructural
AP0300,2026-07-30 00:05:00,0,-0.0990012932777466,-0.11981739070342112,lockbox,feo_ret,estructural
AP0300,2026-07-30 00:35:00,1,-0.20174300632343356,-0.09070665803370022,lockbox,feo_ret,estructural
AP0300,2026-07-30 01:00:00,2,-0.02250758008627621,-0.06607557745042195,lockbox,feo_ret,estructural
AP0300,2026-07-30 01:20:00,3,-0.07385332956769536,-0.05577202403744717,lockbox,feo_ret,estructural
AP0301,2026-07-30 07:40:00,0,-0.26174207740929534,-0.11996687411815767,lockbox,feo_ret,estructural
AP0301,2026-07-30 08:10:00,1,-0.043547864072042905,-0.09320274967864585,lockbox,feo_ret,estructural
AP0301,2026-07-30 08:35:00,2,-0.040792059981204415,-0.07018055508561981,lockbox,feo_ret,estructural
AP0301,2026-07-30 08:55:00,3,-0.13875491070027632,-0.06024054271120204,lockbox,feo_ret,estructural
AP0302,2026-07-30 16:09:00,0,-0.11421214195114274,-0.13123539646229168,lockbox,feo_ret,estructural
AP0302,2026-07-30 16:39:00,1,-0.07775500398240989,-0.09963564440879706,lockbox,feo_ret,estructural
AP0302,2026-07-30 17:04:00,2,-0.08803912027900077,-0.06735535955460518,lockbox,feo_ret,estructural
AP0302,2026-07-30 17:24:00,3,-0.0675641144462073,-0.055632185469959246,lockbox,feo_ret,estructural
AP0303,2026-07-30 23:37:00,0,-0.13941141306451546,-0.12323979065212798,lockbox,feo_ret,estructural
AP0303,2026-07-31 00:07:00,1,-0.102572511399135,-0.10387676431340159,lockbox,feo_ret,estructural
AP0303,2026-07-31 00:32:00,2,-0.05266770087683599,-0.0667127987572607,lockbox,feo_ret,estructural
AP0303,2026-07-31 00:52:00,3,-0.08654083343725168,-0.05543901929309233,lockbox,feo_ret,estructural
AP0304,2026-07-31 07:03:00,0,-0.18515935679826193,-0.1368100089174224,lockbox,feo_ret,estructural
AP0304,2026-07-31 07:33:00,1,-0.09460554471069861,-0.10845396734376236,lockbox,feo_ret,estructural
AP0304,2026-07-31 07:58:00,2,0.044796351955355015,-0.06715447338955018,lockbox,feo_ret,estructural
AP0304,2026-07-31 08:18:00,3,-0.0804486106351818,-0.06029856930692142,lockbox,feo_ret,estructural
AP0305,2026-07-31 15:30:00,0,-0.06796262926274256,-0.1288171032211493,lockbox,feo_ret,estructural
AP0305,2026-07-31 16:00:00,1,-0.06796112373719579,-0.10050134363101963,lockbox,feo_ret,estructural
AP0305,2026-07-31 16:25:00,2,-0.03800413733277957,-0.0647123945494364,lockbox,feo_ret,estructural
AP0305,2026-07-31 16:45:00,3,-0.015357444974441747,-0.054900392671231445,lockbox,feo_ret,estructural
AP0306,2026-07-31 22:54:00,0,-0.17160206183063034,-0.13449203406882856,lockbox,feo_ret,estructural
AP0306,2026-07-31 23:24:00,1,-0.07120271680647852,-0.09451509158355845,lockbox,feo_ret,estructural
AP0306,2026-07-31 23:49:00,2,-0.024840921853909497,-0.06425872260505126,lockbox,feo_ret,estructural
AP0306,2026-08-01 00:09:00,3,0.01552342398466759,-0.05741864580871557,lockbox,feo_ret,estructural
AP0307,2026-08-01 06:48:00,0,-0.1572718745894752,-0.11938452479478416,lockbox,feo_ret,estructural
AP0307,2026-08-01 07:18:00,1,-0.022815965287910578,-0.10521317274175167,lockbox,feo_ret,estructural
AP0307,2026-08-01 07:43:00,2,-0.048891253110238196,-0.07219746148329277,lockbox,feo_ret,estructural
AP0308,2026-08-01 14:25:00,0,-0.10159833216957692,-0.12614444859152935,lockbox,feo_ret,estructural
AP0308,2026-08-01 14:55:00,1,-0.1283192704992962,-0.10559978064577898,lockbox,feo_ret,estructural
AP0308,2026-08-01 15:20:00,2,-0.05932191061222145,-0.06476435656379338,lockbox,feo_ret,estructural
AP0309,2026-08-01 21:50:00,0,-0.14154479911964812,-0.12872176730053708,lockbox,feo_ret,estructural
AP0309,2026-08-01 22:20:00,1,-0.07168538097228076,-0.09526411176031704,lockbox,feo_ret,estructural
AP0309,2026-08-01 22:45:00,2,-0.02588451018129425,-0.06652057606243471,lockbox,feo_ret,estructural
AP0309,2026-08-01 23:05:00,3,-0.031716078178138096,-0.0585219230732227,lockbox,feo_ret,estructural
AP0310,2026-08-02 05:45:00,0,-0.23142682812633256,-0.12994564033735959,lockbox,feo_ret,estructural
AP0310,2026-08-02 06:15:00,1,-0.01866718161884358,-0.09517568402127166,lockbox,feo_ret,estructural
AP0310,2026-08-02 06:40:00,2,-0.046813269983269,-0.0656665892946609,lockbox,feo_ret,estructural
AP0310,2026-08-02 07:00:00,3,-0.06234891250747485,-0.055900884137911694,lockbox,feo_ret,estructural
AP0311,2026-08-02 13:58:00,0,-0.2892560798877594,-0.11616189996640022,lockbox,feo_ret,estructural
AP0311,2026-08-02 14:28:00,1,0.0378923566748765,-0.11841237738991316,lockbox,feo_ret,estructural
AP0311,2026-08-02 14:53:00,2,-0.09326427928615429,-0.0650142689359147,lockbox,feo_ret,estructural
AP0311,2026-08-02 15:13:00,3,-0.08331984154360532,-0.0554760377722241,lockbox,feo_ret,estructural
AP0312,2026-08-02 21:30:00,0,-0.07318265762683965,-0.1227928278101053,lockbox,feo_ret,estructural
AP0312,2026-08-02 22:00:00,1,-0.21110599313435427,-0.09422368275199271,lockbox,feo_ret,estructural
AP0312,2026-08-02 22:25:00,2,-0.012431237237432325,-0.05930392275223759,lockbox,feo_ret,estructural
AP0312,2026-08-02 22:45:00,3,0.005852476575178279,-0.054892509740642616,lockbox,feo_ret,estructural
AP0313,2026-08-03 05:35:00,0,-0.25911126956635105,-0.1295871838306979,lockbox,feo_ret,estructural
AP0313,2026-08-03 06:05:00,1,0.015736021873667818,-0.09214797139487473,lockbox,feo_ret,estructural
AP0313,2026-08-03 06:30:00,2,-0.1034770187222495,-0.06427210097498552,lockbox,feo_ret,estructural
AP0314,2026-08-03 13:44:00,0,-0.24987778527535212,-0.1202950639995021,lockbox,feo_ret,estructural
AP0314,2026-08-03 14:14:00,1,-0.07244791205776148,-0.10229708743942716,lockbox,feo_ret,estructural
AP0314,2026-08-03 14:39:00,2,-0.02507284394987844,-0.06496438989230481,lockbox,feo_ret,estructural
AP0314,2026-08-03 14:59:00,3,-0.014967797426942413,-0.05689572162459162,lockbox,feo_ret,estructural
AP0315,2026-08-03 21:17:00,0,-0.17407687858461462,-0.12295010395794073,lockbox,feo_ret,estructural
AP0315,2026-08-03 21:47:00,1,-0.2175015867010717,-0.10109218630376456,lockbox,feo_ret,estructural
AP0315,2026-08-03 22:12:00,2,0.07611943152975117,-0.06695751967211368,lockbox,feo_ret,estructural
AP0315,2026-08-03 22:32:00,3,-0.055148342549234106,-0.055036242014159825,lockbox,feo_ret,estructural
AP0316,2026-08-04 04:44:00,0,-0.14005413218449375,-0.13926864472926997,lockbox,feo_ret,estructural
AP0316,2026-08-04 05:14:00,1,-0.11527532991681506,-0.09361660585643689,lockbox,feo_ret,estructural
AP0316,2026-08-04 05:39:00,2,0.02271640700383165,-0.0669580805710946,lockbox,feo_ret,estructural
AP0316,2026-08-04 05:59:00,3,-0.11276061322777411,-0.059911291171751285,lockbox,feo_ret,estructural
AP0317,2026-08-04 12:16:00,0,-0.16946896682925472,-0.12067266817387441,lockbox,feo_ret,estructural
AP0317,2026-08-04 12:46:00,1,-0.061606689002282604,-0.09095074999528713,lockbox,feo_ret,estructural
AP0317,2026-08-04 13:11:00,2,-0.07094381559486626,-0.06611800022106652,lockbox,feo_ret,estructural
AP0318,2026-08-04 19:20:00,0,-0.10439280631388617,-0.11932227842010336,lockbox,feo_ret,estructural
AP0318,2026-08-04 19:50:00,1,-0.07200284650504658,-0.09898915762286262,lockbox,feo_ret,estructural
AP0318,2026-08-04 20:15:00,2,-0.040595651058274604,-0.0663680446384283,lockbox,feo_ret,estructural
AP0318,2026-08-04 20:35:00,3,-0.05819180570154382,-0.05427636275144031,lockbox,feo_ret,estructural
AP0319,2026-08-05 02:53:00,0,-0.1715552403236517,-0.12434188587570864,lockbox,feo_ret,estructural
AP0319,2026-08-05 03:23:00,1,-0.055891671520878865,-0.08868313867213969,lockbox,feo_ret,estructural
AP0319,2026-08-05 03:48:00,2,-0.09498750629462167,-0.06494875104669792,lockbox,feo_ret,estructural
AP0319,2026-08-05 04:08:00,3,-0.09004484282303345,-0.06096211322464494,lockbox,feo_ret,estructural
AP0320,2026-08-05 10:10:00,0,-0.16498708109032878,-0.11634937536159577,lockbox,feo_ret,estructural
AP0320,2026-08-05 10:40:00,1,-0.06486883703900512,-0.08234408048370385,lockbox,feo_ret,estructural
AP0320,2026-08-05 11:05:00,2,-0.029133816637811623,-0.06981333053408284,lockbox,feo_ret,estructural
AP0320,2026-08-05 11:25:00,3,-0.05922502111052121,-0.06088578305291526,lockbox,feo_ret,estructural
AP0321,2026-08-05 17:53:00,0,-0.16271734071374627,-0.1160632752403272,lockbox,feo_ret,estructural
AP0321,2026-08-05 18:23:00,1,-0.18609895220655312,-0.09934611403308975,lockbox,feo_ret,estructural
AP0321,2026-08-05 18:48:00,2,-0.06337279294134827,-0.06320043306982549,lockbox,feo_ret,estructural
AP0321,2026-08-05 19:08:00,3,0.02762178742659209,-0.05533381367648884,lockbox,feo_ret,estructural
AP0322,2026-08-06 01:52:00,0,-0.19594674125936717,-0.14974749765871034,lockbox,feo_ret,estructural
AP0322,2026-08-06 02:22:00,1,-0.04986892876586793,-0.10248157839031202,lockbox,feo_ret,estructural
AP0322,2026-08-06 02:47:00,2,-0.0018809448448625233,-0.06829814699186874,lockbox,feo_ret,estructural
AP0322,2026-08-06 03:07:00,3,-0.0658123262602297,-0.05930733330294312,lockbox,feo_ret,estructural
AP0323,2026-08-06 09:14:00,0,-0.15516389957882712,-0.12050925140656854,lockbox,feo_ret,estructural
AP0323,2026-08-06 09:44:00,1,-0.011657246379075158,-0.08689184035084041,lockbox,feo_ret,estructural
AP0323,2026-08-06 10:09:00,2,-0.017275747875576154,-0.06378652856784137,lockbox,feo_ret,estructural
AP0323,2026-08-06 10:29:00,3,-0.02510425984421023,-0.056190729421603774,lockbox,feo_ret,estructural
AP0324,2026-08-06 17:13:00,0,-0.15456034017611092,-0.11943719066183307,lockbox,feo_ret,estructural
AP0324,2026-08-06 17:43:00,1,-0.13714858605095462,-0.1055097661451053,lockbox,feo_ret,estructural
AP0324,2026-08-06 18:08:00,2,-0.05827090605582201,-0.06481362420041276,lockbox,feo_ret,estructural
AP0324,2026-08-06 18:28:00,3,-0.051334146437576125,-0.05544274724337305,lockbox,feo_ret,estructural
AP0325,2026-08-07 00:59:00,0,-0.1999927739346422,-0.13827551090980844,lockbox,feo_ret,estructural
AP0325,2026-08-07 01:29:00,1,0.00475043517005634,-0.11354868192019195,lockbox,feo_ret,estructural
AP0325,2026-08-07 01:54:00,2,-0.07430588333765191,-0.06398773387580177,lockbox,feo_ret,estructural
AP0325,2026-08-07 02:14:00,3,-0.09784316839612446,-0.05560871564612286,lockbox,feo_ret,estructural
AP0326,2026-08-07 08:44:00,0,-0.1705995183686157,-0.1140436612785007,lockbox,feo_ret,estructural
AP0326,2026-08-07 09:14:00,1,-0.03323853439476903,-0.09648652149286176,lockbox,feo_ret,estructural
AP0326,2026-08-07 09:39:00,2,-0.03936054725596329,-0.0763058355212561,lockbox,feo_ret,estructural
AP0326,2026-08-07 09:59:00,3,-0.05630975322901871,-0.06946810838823612,lockbox,feo_ret,estructural
AP0327,2026-08-07 16:35:00,0,-0.13314083224024822,-0.1177552871334866,lockbox,feo_ret,estructural
AP0327,2026-08-07 17:05:00,1,-0.07649944001871753,-0.09648865193973775,lockbox,feo_ret,estructural
AP0327,2026-08-07 17:30:00,2,-0.02926804062361225,-0.0611611051882509,lockbox,feo_ret,estructural
AP0327,2026-08-07 17:50:00,3,-0.07310261434370707,-0.054486920036847165,lockbox,feo_ret,estructural
AP0328,2026-08-08 00:04:00,0,-0.15243192761976262,-0.14116684793732667,lockbox,feo_ret,estructural
AP0328,2026-08-08 00:34:00,1,-0.0469446113173919,-0.11213393836408367,lockbox,feo_ret,estructural
AP0328,2026-08-08 00:59:00,2,-0.06302651907253927,-0.06414875616862427,lockbox,feo_ret,estructural
AP0328,2026-08-08 01:19:00,3,-0.18537007119464968,-0.05557313188973679,lockbox,feo_ret,estructural
AP0329,2026-08-08 07:37:00,0,-0.145541422545803,-0.12345100688609581,lockbox,feo_ret,estructural
AP0329,2026-08-08 08:07:00,1,-0.08882946768802923,-0.09896038438766731,lockbox,feo_ret,estructural
AP0329,2026-08-08 08:32:00,2,-0.05091264262321954,-0.06507242058727497,lockbox,feo_ret,estructural
AP0329,2026-08-08 08:52:00,3,-0.039013120470722626,-0.055268108566477424,lockbox,feo_ret,estructural
AP0330,2026-08-08 15:09:00,0,-0.25358948911496837,-0.12220507113888786,lockbox,feo_ret,estructural
AP0330,2026-08-08 15:39:00,1,-0.11880369373514453,-0.09472048765400734,lockbox,feo_ret,estructural
AP0330,2026-08-08 16:04:00,2,0.07290503886060488,-0.06635293302432285,lockbox,feo_ret,estructural
AP0330,2026-08-08 16:24:00,3,-0.1050718197666245,-0.05800668073098954,lockbox,feo_ret,estructural
AP0331,2026-08-08 22:34:00,0,-0.2105206005754585,-0.12939598444873668,lockbox,feo_ret,estructural
AP0331,2026-08-08 23:04:00,1,0.029115885316289343,-0.10984004849762306,lockbox,feo_ret,estructural
AP0331,2026-08-08 23:29:00,2,-0.10841354084418871,-0.06459079038269164,lockbox,feo_ret,estructural
AP0331,2026-08-08 23:49:00,3,-0.147677407678733,-0.05608509317938359,lockbox,feo_ret,estructural
AP0332,2026-08-09 06:35:00,0,-0.21455804216558813,-0.12498681491237183,lockbox,feo_ret,estructural
AP0332,2026-08-09 07:05:00,1,-0.058272948126682815,-0.10557102173261078,lockbox,feo_ret,estructural
AP0332,2026-08-09 07:30:00,2,-0.023473215170551502,-0.0729007385479502,lockbox,feo_ret,estructural
AP0332,2026-08-09 07:50:00,3,-0.026528474687244955,-0.055760591429472206,lockbox,feo_ret,estructural
AP0333,2026-08-09 14:36:00,0,-0.24829666275082893,-0.12555003563251402,lockbox,feo_ret,estructural
AP0333,2026-08-09 15:06:00,1,0.07063023695157833,-0.10190600009990504,lockbox,feo_ret,estructural
AP0333,2026-08-09 15:31:00,2,-0.037138359616798865,-0.06759114472474285,lockbox,feo_ret,estructural
AP0333,2026-08-09 15:51:00,3,-0.07365075286091527,-0.06168246083218955,lockbox,feo_ret,estructural
AP0334,2026-08-09 22:32:00,0,-0.2647054704884058,-0.125886324971001,lockbox,feo_ret,estructural
AP0334,2026-08-09 23:02:00,1,0.06084384969195017,-0.11464170430429382,lockbox,feo_ret,estructural
AP0334,2026-08-09 23:27:00,2,-0.1007033035253779,-0.06507756995745495,lockbox,feo_ret,estructural
AP0335,2026-08-10 06:38:00,0,-0.1363383267835255,-0.11983475521643319,lockbox,feo_ret,estructural
AP0335,2026-08-10 07:08:00,1,-0.1211291392533033,-0.10285258729694026,lockbox,feo_ret,estructural
AP0335,2026-08-10 07:33:00,2,-0.06775892735043369,-0.06697508337099864,lockbox,feo_ret,estructural
AP0336,2026-08-10 17:10:00,0,-0.16411482716521897,-0.1374934199484488,lockbox,feo_ret,estructural
AP0336,2026-08-10 17:40:00,1,0.03380376647509051,-0.10092309040891576,lockbox,feo_ret,estructural
AP0336,2026-08-10 18:05:00,2,-0.04952626996808661,-0.06644226552618304,lockbox,feo_ret,estructural
AP0336,2026-08-10 18:25:00,3,-0.09723834255128214,-0.0584024993436531,lockbox,feo_ret,estructural
AP0337,2026-08-11 00:48:00,0,-0.2102732145766032,-0.1260195408536192,lockbox,feo_ret,estructural
AP0337,2026-08-11 01:18:00,1,0.050420987058761454,-0.11270774025696374,lockbox,feo_ret,estructural
AP0337,2026-08-11 01:43:00,2,-0.07378899644681453,-0.06708893318962189,lockbox,feo_ret,estructural
AP0337,2026-08-11 02:03:00,3,-0.04912046490721202,-0.057655573537006816,lockbox,feo_ret,estructural
AP0338,2026-08-11 08:48:00,0,-0.19036604118415465,-0.11579713481003455,lockbox,feo_ret,estructural
AP0338,2026-08-11 09:18:00,1,-0.11500608007313588,-0.10375159453468034,lockbox,feo_ret,estructural
AP0338,2026-08-11 09:43:00,2,-0.08223644763899181,-0.06457070032986117,lockbox,feo_ret,estructural
AP0338,2026-08-11 10:03:00,3,-0.08101589903553147,-0.05570921557774054,lockbox,feo_ret,estructural
AP0339,2026-08-11 16:55:00,0,-0.18855098266933543,-0.13542919435072548,lockbox,feo_ret,estructural
AP0339,2026-08-11 17:25:00,1,0.0060849051713725184,-0.1031837943054963,lockbox,feo_ret,estructural
AP0339,2026-08-11 17:50:00,2,-0.032131318656649484,-0.06747989335902306,lockbox,feo_ret,estructural
AP0339,2026-08-11 18:10:00,3,-0.11875636811372808,-0.058584230881267796,lockbox,feo_ret,estructural
AP0340,2026-08-12 00:30:00,0,-0.11557052825837008,-0.1256095204631054,lockbox,feo_ret,estructural
AP0340,2026-08-12 01:00:00,1,-0.09456764775465794,-0.10170797397995625,lockbox,feo_ret,estructural
AP0340,2026-08-12 01:25:00,2,-0.011135505270802306,-0.06537938958332126,lockbox,feo_ret,estructural
AP0340,2026-08-12 01:45:00,3,-0.14107962422351586,-0.05626661147383055,lockbox,feo_ret,estructural
AP0341,2026-08-12 08:24:00,0,-0.08609273553258355,-0.14073579455137106,lockbox,feo_ret,estructural
AP0341,2026-08-12 08:54:00,1,-0.2042361620148336,-0.10890931818672552,lockbox,feo_ret,estructural
AP0341,2026-08-12 09:19:00,2,-0.10569687429614151,-0.06970863351299046,lockbox,feo_ret,estructural
AP0342,2026-08-12 16:14:00,0,-0.1826210092099168,-0.13482355479152436,lockbox,feo_ret,estructural
AP0342,2026-08-12 16:44:00,1,-0.17702186617063367,-0.1051213267507195,lockbox,feo_ret,estructural
AP0342,2026-08-12 17:09:00,2,0.10596907028183723,-0.0707476667085799,lockbox,feo_ret,estructural
AP0342,2026-08-12 17:29:00,3,-0.020861062933238122,-0.06517465666369451,lockbox,feo_ret,estructural
AP0343,2026-08-12 23:43:00,0,-0.2170931771361201,-0.11636084528618214,lockbox,feo_ret,estructural
AP0343,2026-08-13 00:13:00,1,-0.17773880263032577,-0.09844730485848549,lockbox,feo_ret,estructural
AP0343,2026-08-13 00:38:00,2,-0.023804452158121013,-0.06781111284049814,lockbox,feo_ret,estructural
AP0343,2026-08-13 00:58:00,3,-0.05873338040542417,-0.05908661223729022,lockbox,feo_ret,estructural
AP0344,2026-08-13 07:33:00,0,-0.13266970479443635,-0.12787071624847426,lockbox,feo_ret,estructural
AP0344,2026-08-13 08:03:00,1,-0.0036026792066148985,-0.11559523828116729,lockbox,feo_ret,estructural
AP0344,2026-08-13 08:28:00,2,-0.10673883770722283,-0.06498478687813918,lockbox,feo_ret,estructural
AP0344,2026-08-13 08:48:00,3,-0.04733764143689609,-0.056009476319043135,lockbox,feo_ret,estructural
AP0345,2026-08-13 15:39:00,0,-0.2149134492449953,-0.12103146448933366,lockbox,feo_ret,estructural
AP0345,2026-08-13 16:09:00,1,-0.027807531874752125,-0.10011910365523553,lockbox,feo_ret,estructural
AP0345,2026-08-13 16:34:00,2,-0.10038202417909028,-0.06573395415914679,lockbox,feo_ret,estructural
AP0345,2026-08-13 16:54:00,3,-0.058102214736068816,-0.061628676691469826,lockbox,feo_ret,estructural
AP0346,2026-08-13 23:26:00,0,-0.17588489627755063,-0.12117959277195932,lockbox,feo_ret,estructural
AP0346,2026-08-13 23:56:00,1,-0.06409073151656267,-0.09739682203022665,lockbox,feo_ret,estructural
AP0346,2026-08-14 00:21:00,2,-0.05331792601441414,-0.06777914168846046,lockbox,feo_ret,estructural
AP0346,2026-08-14 00:41:00,3,-0.04271561627365045,-0.05634225898289366,lockbox,feo_ret,estructural
AP0347,2026-08-14 07:03:00,0,-0.16276469742880573,-0.11609317728878472,lockbox,feo_ret,estructural
AP0347,2026-08-14 07:33:00,1,-0.10622953622495734,-0.10605735926884521,lockbox,feo_ret,estructural
AP0347,2026-08-14 07:58:00,2,0.003667219364734779,-0.061723133352771964,lockbox,feo_ret,estructural
AP0347,2026-08-14 08:18:00,3,-0.09343971655107534,-0.05745517379420626,lockbox,feo_ret,estructural
AP0348,2026-08-14 14:56:00,0,-0.15949044418434646,-0.12375254267339791,lockbox,feo_ret,estructural
AP0348,2026-08-14 15:26:00,1,-0.12157974538968018,-0.1179665088389213,lockbox,feo_ret,estructural
AP0348,2026-08-14 15:51:00,2,-0.07003653676694893,-0.07654151840127875,lockbox,feo_ret,estructural
AP0348,2026-08-14 16:11:00,3,-0.08783189513061883,-0.058451361396787166,lockbox,feo_ret,estructural
AP0349,2026-08-14 22:49:00,0,-0.21667178387232708,-0.12776471171190285,lockbox,feo_ret,estructural
AP0349,2026-08-14 23:19:00,1,-0.08002250048156846,-0.10333704108049542,lockbox,feo_ret,estructural
AP0349,2026-08-14 23:44:00,2,-0.04130045656410118,-0.06983850203755425,lockbox,feo_ret,estructural
AP0350,2026-08-15 06:30:00,0,-0.19922548073080265,-0.12578807584833482,lockbox,feo_ret,estructural
AP0350,2026-08-15 07:00:00,1,-0.1429805727803799,-0.1143231645199194,lockbox,feo_ret,estructural
AP0350,2026-08-15 07:25:00,2,-0.11943057177246005,-0.0663706408288604,lockbox,feo_ret,estructural
AP0351,2026-08-15 15:16:00,0,-0.25068771800092776,-0.11281313026743009,lockbox,feo_ret,estructural
AP0351,2026-08-15 15:46:00,1,-0.14834184516360382,-0.11941978447551538,lockbox,feo_ret,estructural
AP0351,2026-08-15 16:11:00,2,-0.06510832205901047,-0.07899131329941539,lockbox,feo_ret,estructural
AP0351,2026-08-15 16:31:00,3,-0.004352069915384253,-0.05726992006769805,lockbox,feo_ret,estructural
AP0352,2026-08-15 23:05:00,0,-0.051975310842303696,-0.11744877836247294,lockbox,feo_ret,estructural
AP0352,2026-08-15 23:35:00,1,-0.06881988851827717,-0.09296213651656778,lockbox,feo_ret,estructural
AP0352,2026-08-16 00:00:00,2,-0.0204452020012075,-0.06491898900785255,lockbox,feo_ret,estructural
AP0352,2026-08-16 00:20:00,3,-0.05176801966408059,-0.055416344154928625,lockbox,feo_ret,estructural
AP0353,2026-08-16 06:51:00,0,-0.18052297399632325,-0.13696071177421623,lockbox,feo_ret,estructural
AP0353,2026-08-16 07:21:00,1,-0.0725768083677995,-0.10152081262056771,lockbox,feo_ret,estructural
AP0353,2026-08-16 07:46:00,2,-0.1125512254812395,-0.06690673217032356,lockbox,feo_ret,estructural
AP0353,2026-08-16 08:06:00,3,-0.11658143961864262,-0.05913225147401322,lockbox,feo_ret,estructural
AP0354,2026-08-16 14:41:00,0,-0.11891589491878038,-0.11862284020515132,lockbox,feo_ret,estructural
AP0354,2026-08-16 15:11:00,1,-0.17608348376003122,-0.10826598761125661,lockbox,feo_ret,estructural
AP0354,2026-08-16 15:36:00,2,-0.04973363725723749,-0.07500311925057143,lockbox,feo_ret,estructural
AP0354,2026-08-16 15:56:00,3,-0.16549844062704497,-0.05784539318149602,lockbox,feo_ret,estructural
AP0355,2026-08-16 22:49:00,0,-0.13001005910094574,-0.12273700476402184,lockbox,feo_ret,estructural
AP0355,2026-08-16 23:19:00,1,-0.11814097282688057,-0.0899037750071619,lockbox,feo_ret,estructural
AP0355,2026-08-16 23:44:00,2,-0.10250595767904123,-0.06737745065884376,lockbox,feo_ret,estructural
AP0355,2026-08-17 00:04:00,3,0.047836756371461356,-0.05931029310273423,lockbox,feo_ret,estructural
AP0356,2026-08-17 06:45:00,0,-0.2562958799264449,-0.13001334844019513,lockbox,feo_ret,estructural
AP0356,2026-08-17 07:15:00,1,-0.007635411795590638,-0.10285010168818551,lockbox,feo_ret,estructural
AP0356,2026-08-17 07:40:00,2,-0.03254794695262524,-0.06558079421445791,lockbox,feo_ret,estructural
AP0356,2026-08-17 08:00:00,3,-0.08942349971487613,-0.059984142078822175,lockbox,feo_ret,estructural
AP0357,2026-08-17 14:54:00,0,-0.11773884246755072,-0.11122579630496797,lockbox,feo_ret,estructural
AP0357,2026-08-17 15:24:00,1,-0.06341729516706657,-0.09023931824950582,lockbox,feo_ret,estructural
AP0357,2026-08-17 15:49:00,2,-0.04860977436443229,-0.09105566975817293,lockbox,feo_ret,estructural
AP0357,2026-08-17 16:09:00,3,-0.09180512966520575,-0.06256037276431196,lockbox,feo_ret,estructural
AP0358,2026-08-17 23:04:00,0,-0.1638504478756736,-0.11537508143171281,lockbox,feo_ret,estructural
AP0358,2026-08-17 23:34:00,1,-0.08982719365653415,-0.07126532194468507,lockbox,feo_ret,estructural
AP0358,2026-08-17 23:59:00,2,0.010439749316085054,-0.05760051816585771,lockbox,feo_ret,estructural
AP0358,2026-08-18 00:19:00,3,-0.043972285826191955,-0.0875969744427408,lockbox,feo_ret,estructural
AP0359,2026-08-18 07:00:00,0,-0.16512081377905952,-0.13057357860821145,lockbox,feo_ret,estructural
AP0359,2026-08-18 07:30:00,1,-0.14868398954054746,-0.08844047420391568,lockbox,feo_ret,estructural
AP0359,2026-08-18 07:55:00,2,0.06551992725013017,-0.06763174500407579,lockbox,feo_ret,estructural
AP0359,2026-08-18 08:15:00,3,-0.015045098356914116,-0.0679017371573927,lockbox,feo_ret,estructural
AP0360,2026-08-18 14:35:00,0,-0.21705104861295577,-0.12206617842011937,lockbox,feo_ret,estructural
AP0360,2026-08-18 15:05:00,1,-0.0582913612701063,-0.10506293509653844,lockbox,feo_ret,estructural
AP0360,2026-08-18 15:30:00,2,-0.06654586887757387,-0.10337258007454223,lockbox,feo_ret,estructural
AP0360,2026-08-18 15:50:00,3,-0.1315946175238739,-0.054707131586706204,lockbox,feo_ret,estructural
AP0361,2026-08-18 22:28:00,0,-0.20463081603873848,-0.12920033670782857,lockbox,feo_ret,estructural
AP0361,2026-08-18 22:58:00,1,-0.2137519611906006,-0.11802570515975733,lockbox,feo_ret,estructural
AP0361,2026-08-18 23:23:00,2,-0.11315741032877824,-0.06251447571607223,lockbox,feo_ret,estructural
AP0362,2026-08-19 06:24:00,0,-0.3196056279597125,-0.14069028034410827,lockbox,feo_ret,estructural
AP0362,2026-08-19 06:54:00,1,0.020552848494304336,-0.11566027042923178,lockbox,feo_ret,estructural
AP0362,2026-08-19 07:19:00,2,3.4572972948099176e-05,-0.0696827701648147,lockbox,feo_ret,estructural
AP0362,2026-08-19 07:39:00,3,0.11862165368793783,-0.05967022752696662,lockbox,feo_ret,estructural
