fase,Batch,avance_prev,palanca,valor,pred_sn_dep,sn_dep_lo,sn_dep_hi,pred_feo_ret,feo_ret_lo,feo_ret_hi,pred_dT,dT_lo,dT_hi,pred_temperatura,support_score,derivada__exceso_o2_combustion_pct,derivada__relacion_C_Sn_carga,derivada__m6_dosis_C_sn,derivada__m6_exceso_C_pos,J_costo,J_temperatura,J_soporte,J_sn,J_feo,J_incertidumbre,J
Reducción,AP0273,0.7500753200469413,tasa_feed_Carbon_kg_min,3.294660545117927,1.4799367868146334,1.0970714235816013,1.8628021500476655,-0.18197036156279606,-0.25560972096030365,-0.10833100216528846,-4.042279516198017,-18.799560024254994,10.715000991858957,954.0510209040608,0.06801499588496557,-5.317912998767342,0.30299839894395225,0.007891585169898793,0.0,-37.32763803108292,-0.0,-731.6916486533271,2671.3228986200834,-2581.7038677759033,-867.9198529920424,-1547.3201088322721
Reducción,AP0273,0.7500753200469413,tasa_feed_Carbon_kg_min,5.916107315446935,1.4971576461012304,1.1142922828681983,1.8800230093342625,-0.18197833856602866,-0.2556176979635363,-0.10833897916852106,-3.924979522354973,-18.68226003041195,10.832300985702002,954.1683208979039,0.07635083950471451,-5.317912998767342,0.5440836832848472,0.014170644931324689,0.0,-41.25980818657643,-0.0,-715.0199614138293,2702.406980153873,-2581.8170414813467,-867.9198529920425,-1503.6096839199217
Reducción,AP0273,0.7500753200469413,tasa_feed_Carbon_kg_min,8.537554085775941,1.5143785053878274,1.1315131421547953,1.8972438686208595,-0.18198631556926126,-0.25562567496676886,-0.10834695617175366,-3.8076795285119287,-18.564960036568905,10.949600979545046,954.2856208917469,0.08560971757258623,-5.317912998767342,0.7851689676257422,0.020449704692750578,0.0,-45.19197834206994,-0.0,-696.5022052780859,2733.4910616876628,-2581.9302151867896,-867.9198529920424,-1458.053190111325
Reducción,AP0273,0.7500753200469413,tasa_feed_Carbon_kg_min,11.15900085610495,1.5315993646744244,1.1487340014413923,1.9144647279074565,-0.18199429257249386,-0.25563365197000143,-0.10835493317498626,-3.6903795346688852,-18.44766004272586,11.06690097338809,954.40292088559,0.09585480049075847,-5.317912998767342,1.0262542519666376,0.02672876445417648,0.0,-49.12414849756345,-0.0,-676.0120394417414,2764.5751432214524,-2582.0433888922325,-867.9198529920423,-1410.5242866021272
Reducción,AP0273,0.7500753200469413,tasa_feed_Carbon_kg_min,13.780447626433958,1.5488202239610211,1.165954860727989,1.9316855871940533,-0.18200226957572646,-0.25564162897323406,-0.10836291017821886,-3.573079540825841,-18.330360048882817,11.184200967231135,954.520220879433,0.10715263302881624,-5.317912998767342,1.2673395363075326,0.033007824215602374,0.0,-53.05631865305696,-0.0,-653.4163743656259,2795.659224755242,-2582.1565625976755,-867.9198529920424,-1360.8898838531586
Reducción,AP0273,0.7500753200469413,tasa_feed_Carbon_kg_min,16.401894396762966,1.5660410832476181,1.183175720014586,1.9489064464806503,-0.1820102465789591,-0.2556496059764667,-0.10837088718145149,-3.4557795469827974,-18.213060055039772,11.30150096107418,954.637520873276,0.11956209886237457,-5.317912998767342,1.5084248206484276,0.03928688397702827,0.0,-56.98848880855047,-0.0,-628.5974426985091,2826.743306289032,-2582.269736303119,-867.9198529920424,-1309.032214513189
Reducción,AP0273,0.7500753200469413,tasa_feed_Carbon_kg_min,19.02334116709197,1.583261942534215,1.2003965793011828,1.966127305767247,-0.18201822358219166,-0.25565758297969926,-0.10837886418468407,-3.338479553139753,-18.095760061196728,11.418800954917224,954.7548208671191,0.13312944954406938,-5.317912998767342,1.7495101049893225,0.045565943738454164,0.0,-60.92065896404398,-0.0,-601.4627413351194,2857.827387822821,-2582.3829100085613,-867.9198529920424,-1254.858775476946
Reducción,AP0273,0.7500753200469413,tasa_feed_Carbon_kg_min,21.64478793742098,1.600482801820812,1.2176174385877798,1.983348165053844,-0.18202620058542426,-0.25566555998293183,-0.10838684118791667,-3.221179559296709,-17.978460067353684,11.536100948760266,954.8721208609621,0.1478818803494043,-5.317912998767342,1.9905953893302177,0.05184500349988006,0.0,-64.8528291195375,-0.0,-571.9578797244496,2888.9114693566107,-2582.4960837140047,-867.9198529920423,-1198.3151761934234
Reducción,AP0273,0.7500753200469413,tasa_feed_Carbon_kg_min,24.266234707749987,1.617703661107409,1.2348382978743768,2.0005690243404413,-0.18203417758865686,-0.25567353698616446,-0.10839481819114927,-3.1038795654536653,-17.86116007351064,11.65340094260331,954.9894208548052,0.16381938790385334,-5.317912998767342,2.231680673671113,0.05812406326130596,0.0,-68.78499927503101,-0.0,-540.0828646155516,2919.9955508904004,-2582.6092574194477,-867.9198529920425,-1139.401423411672
Reducción,AP0273,0.7500753200469413,tasa_feed_Carbon_kg_min,26.887681478078996,1.634924520394006,1.2520591571609738,2.0177898836270383,-0.1820421545918895,-0.2556815139893971,-0.1084027951943819,-2.986579571610621,-17.7438600796676,11.770700936446355,955.1067208486483,0.18099685504908392,-5.317912998767342,2.472765958012008,0.06440312302273185,0.0,-72.71716943052452,-0.0,-505.7279303250904,2951.0796324241905,-2582.722431124891,-867.9198529920425,-1078.007751448358
Reducción,AP0273,0.7500753200469413,tasa_feed_Carbon_kg_min,29.509128248408004,1.652145379680603,1.2692800164475708,2.0350107429136353,-0.18205013159512207,-0.25568949099262966,-0.10841077219761447,-2.8692795777675775,-17.626560085824554,11.888000930289397,955.2240208424913,0.2007587102372974,-5.317912998767342,2.713851242352903,0.07068218278415775,0.0,-76.64933958601804,-0.0,-466.2042199486635,2982.1637139579802,-2582.8356048303335,-867.9198529920425,-1011.4453033990774
Reducción,AP0273,0.7500753200469413,tasa_feed_Carbon_kg_min,32.130575018737005,1.6693662389671997,1.2865008757341676,2.052231602200232,-0.18205810859835467,-0.25569746799586224,-0.10841874920084707,-2.7519795839245336,-17.50926009198151,12.005300924132442,955.3413208363344,0.2220560803702375,-5.317912998767342,2.9549365266937975,0.07696124254558363,0.0,-80.58150974151154,-0.0,-423.6094796827833,3013.2477954917695,-2582.9487785357765,-867.9198529920423,-941.8118254603442
Reducción,AP0273,0.7500753200469413,tasa_feed_Carbon_kg_min,34.75202178906601,1.6865870982537967,1.3037217350207646,2.069452461486829,-0.18206608560158727,-0.25570544499909487,-0.10842672620407967,-2.6346795900814897,-17.391960098138465,12.122600917975486,955.4586208301773,0.24458130468642678,-5.317912998767342,3.1960218110346927,0.08324030230700953,0.0,-84.51367989700505,-0.0,-378.5590310504047,3044.331877025559,-2583.06195224122,-867.9198529920424,-869.7226391551128
Reducción,AP0273,0.7500753200469413,tasa_feed_Carbon_kg_min,37.37346855939502,1.7038079575403935,1.3209425943073614,2.086673320773426,-0.1820740626048199,-0.2557134220023275,-0.1084347032073123,-2.5173795962384453,-17.27466010429542,12.23990091181853,955.5759208240204,0.2680485069490376,-5.317912998767342,3.4371070953755876,0.08951936206843542,0.0,-88.44585005249857,-0.0,-331.6246265251831,3075.4159585593484,-2583.1751259466632,-867.9198529920425,-795.749496957039
Reducción,AP0273,0.7500753200469413,tasa_feed_Carbon_kg_min,39.99491532972403,1.7210288168269905,1.3381634535939584,2.103894180060023,-0.18208203960805247,-0.25572139900556007,-0.10844268021054487,-2.4000796023954014,-17.157360110452377,12.357200905661575,955.6932208178634,0.29245072089913193,-5.317912998767342,3.6781923797164833,0.09579842182986133,0.0,-92.37802020799208,-0.0,-282.8201986249944,3106.500040093138,-2583.2882996521057,-867.9198529920425,-719.9063313839966
Reducción,AP0273,0.7500753200469413,tasa_feed_Carbon_kg_min,42.61636210005304,1.7382496761135875,1.3553843128805554,2.12111503934662,-0.18209001661128507,-0.25572937600879264,-0.10845065721377747,-2.2827796085523575,-17.040060116609332,12.47450089950462,955.8105208117065,0.3175179783179196,-5.317912998767342,3.919277664057378,0.10207748159128723,0.0,-96.31019036348559,-0.0,-232.68568378741904,3137.584121626928,-2583.4014733575486,-867.9198529920424,-642.7330788735675
Reducción,AP0273,0.7500753200469413,tasa_feed_Carbon_kg_min,45.23780887038205,1.7554705354001843,1.3726051721671522,2.1383358986332164,-0.1820979936145177,-0.25573735301202527,-0.1084586342170101,-2.165479614709313,-16.922760122766288,12.591800893347664,955.9278208055496,0.3436994294758867,-5.317912998767342,4.160362948398273,0.10835654135271311,0.0,-100.24236051897911,-0.0,-180.32278147148483,3168.6682031607174,-2583.514647062992,-867.9198529920423,-563.3314388847808
Reducción,AP0273,0.7500753200469413,tasa_feed_Carbon_kg_min,47.859255640711055,1.7726913946867813,1.3898260314537492,2.1555567579198134,-0.1821059706177503,-0.2557453300152579,-0.1084666112202427,-2.0481796208662693,-16.805460128923244,12.709100887190706,956.0451207993926,0.3686454395919889,-5.317912998767342,4.401448232739169,0.11463560111413902,0.0,-104.17453067447262,-0.0,-130.43076123928043,3199.752284694507,-2583.627820768435,-867.9198529920424,-486.40068097972323
Reducción,AP0273,0.7500753200469413,tasa_feed_Carbon_kg_min,50.48070241104006,1.7899122539733783,1.4070468907403462,2.1727776172064104,-0.1821139476209829,-0.2557533070184905,-0.1084745882234753,-1.9308796270232254,-16.688160135080203,12.82640088103375,956.1624207932356,0.3911415668333154,-5.317912998767342,4.6425335170800635,0.12091466087556492,0.0,-108.10670082996614,-0.0,-85.43850675662745,3230.836366228297,-2583.7409944738783,-867.9198529920425,-414.36968882421763
Reducción,AP0273,0.7500753200469413,tasa_feed_Carbon_kg_min,53.10214918136907,1.8071331132599753,1.4242677500269432,2.1899984764930074,-0.18212192462421548,-0.25576128402172305,-0.10848256522670788,-1.8135796331801814,-16.57086014123716,12.943700874876795,956.2797207870786,0.4098364341917989,-5.317912998767342,4.883618801420958,0.1271937206369908,0.0,-112.03887098545964,-0.0,-48.04877203966051,3261.9204477620865,-2583.854168179321,-867.9198529920423,-349.9412164343967
Reducción,AP0273,0.7500753200469413,tasa_feed_Carbon_kg_min,55.72359595169808,1.8243539725465723,1.4414886093135402,2.2072193357796044,-0.1821299016274481,-0.2557692610249557,-0.1084905422299405,-1.6962796393371373,-16.453560147394114,13.06100086871984,956.3970207809217,0.4261385952787757,-5.317912998767342,5.124704085761854,0.13347278039841673,0.0,-115.97104114095315,-0.0,-15.444449865706922,3293.004529295876,-2583.967341884764,-867.9198529920423,-290.29815658759037
Reducción,AP0273,0.7500753200469413,tasa_feed_Carbon_kg_min,58.34504272202708,1.841574831833169,1.458709468600137,2.2244401950662014,-0.1821378786306807,-0.2557772380281883,-0.10849851923317311,-1.5789796454940936,-16.33626015355107,13.178300862562882,956.5143207747648,0.43286836871294054,-5.317912998767342,5.365789370102748,0.1397518401598426,0.0,-119.90321129644666,-0.0,-1.9849029973771914,3324.088610829666,-2584.080515590207,-867.9198529920425,-249.79987204640761
Reducción,AP0273,0.7500753200469413,tasa_feed_Carbon_kg_min,60.96648949235609,1.858795691119766,1.475930327886734,2.2416610543527984,-0.1821458556339133,-0.25578521503142093,-0.10850649623640571,-1.4616796516510495,-16.218960159708026,13.295600856405926,956.6316207686078,0.42528501634684873,-5.317912998767342,5.606874654443643,0.1460308999212685,0.0,-123.83538145194017,-0.0,-17.151607729560816,3355.1726923634556,-2584.19368929565,-867.9198529920426,-237.92783910573812
Reducción,AP0273,0.7500753200469413,tasa_feed_Carbon_kg_min,63.5879362626851,1.876016550406363,1.493151187173331,2.2588819136393954,-0.18215383263714588,-0.25579319203465345,-0.10851447323963828,-1.3443796578080056,-16.10166016586498,13.41290085024897,956.7489207624509,0.41130285722650256,-5.317912998767342,5.8479599387845385,0.1523099596826944,0.0,-127.76755160743369,-0.0,-45.11592597025316,3386.2567738972452,-2584.306863001093,-867.9198529920424,-238.85341967357698
Reducción,AP0273,0.7500753200469413,tasa_feed_Carbon_kg_min,66.2093830330141,1.8932374096929598,1.5103720464599277,2.276102772925992,-0.1821618096403785,-0.2558011690378861,-0.10852245024287091,-1.2270796639649615,-15.984360172021937,13.530200844092015,956.8662207562938,0.3919909109993687,-5.317912998767342,6.089045223125433,0.1585890194441203,0.0,-131.6997217629272,-0.0,-83.73981842452083,3417.3408554310345,-2584.4200367065364,-867.9198529920423,-250.4385744549922
Reducción,AP0273,0.7500753200469413,tasa_gn_nm3_min,10.37701100559476,1.5688706765082663,1.1860053132752342,1.9517360397412984,-0.11206943454777672,-0.18570879394528433,-0.038430075150269125,-11.22683677086868,-25.984117278925655,3.530443737188296,946.8664636493902,0.024437608730638667,148.10767149833234,5.287003210746198,0.13769985675353275,0.0,-103.48449930883338,-0.0,-818.8464229619809,2831.850792864333,-1589.9847104035612,-867.9198529920424,-548.3846928020848
Reducción,AP0273,0.7500753200469413,tasa_gn_nm3_min,11.178045194171851,1.588797216483855,1.205931853250823,1.9716625797168872,-0.11830362408988061,-0.1919429834873882,-0.044664264692373015,-10.769063243055738,-25.526343751112712,3.9882172650012375,947.3242371772031,0.028356761927284015,130.3279323877729,5.287003210746198,0.13769985675353275,0.0,-104.20543007855277,-0.0,-811.0081165686902,2867.8186956837703,-1678.4322527124968,-867.9198529920424,-593.7469566680119
Reducción,AP0273,0.7500753200469413,tasa_gn_nm3_min,11.97907938274894,1.6070878712188172,1.2242225079857851,1.9899532344518494,-0.12388006392680019,-0.19751942332430777,-0.05024070452929259,-10.311289715242797,-25.068570223299773,4.445990792814179,947.7820107050161,0.03283118944107204,114.92603525262433,5.287003210746198,0.13769985675353275,0.0,-104.92636084827214,-0.0,-802.0592615411142,2900.8337847467456,-1757.5479733812538,-867.9198529920424,-631.619664015937
Reducción,AP0273,0.7500753200469413,tasa_gn_nm3_min,12.780113571326032,1.624050243614884,1.241184880381852,2.006915606847916,-0.12892243371093573,-0.20256179310844333,-0.05528307431342813,-9.853516187429857,-24.610796695486833,4.903764320627118,948.239784232829,0.03791701500180833,101.45486371006862,5.287003210746198,0.13769985675353275,0.0,-105.64729161799153,-0.0,-791.8876104196416,2931.451290980956,-1829.0865770453827,-867.9198529920424,-663.0900410941023
Reducción,AP0273,0.7500753200469413,tasa_gn_nm3_min,13.581147759903121,1.6399193652579747,1.2570540020249426,2.0227847284910068,-0.1335252339319965,-0.2071645933295041,-0.0598858745344889,-9.395742659616916,-24.153023167673894,5.36153784844006,948.697557760642,0.043668705961716396,89.57278745703371,5.287003210746198,0.13769985675353275,0.0,-106.3682223877109,-0.0,-780.3842284998254,2960.0954522747757,-1894.3887890718815,-867.9198529920424,-688.9656406766846
Reducción,AP0273,0.7500753200469413,tasa_gn_nm3_min,14.382181948480213,1.654877906183754,1.2720125429507219,2.037743269416786,-0.1377619117726581,-0.2114012711701657,-0.0641225523751505,-8.937969131803976,-23.695249639860954,5.819311376252999,949.1553312884549,0.05013608976395365,79.01428635331285,5.287003210746198,0.13769985675353275,0.0,-107.08915315743029,-0.0,-767.449460895351,2987.09599260933,-1954.4966411078954,-867.9198529920424,-709.8591155433888
Reducción,AP0273,0.7500753200469413,tasa_gn_nm3_min,15.183216137057304,1.669069987297722,1.2862046240646898,2.051935350530754,-0.14169041474705493,-0.21532977414456253,-0.06805105534954733,-8.480195603991033,-23.237476112048007,6.277084904065942,949.6131048162679,0.057366316583201876,69.56987337003532,5.287003210746198,0.13769985675353275,0.0,-107.81008392714968,-0.0,-752.9890072568546,3012.7130538220704,-2010.2322633073902,-867.9198529920424,-726.2381536613665
Reducción,AP0273,0.7500753200469413,tasa_gn_nm3_min,15.984250325634394,1.6826108396243413,1.2997454763913092,2.0654762028573734,-0.14535707445014626,-0.21899643384765385,-0.07171771505263866,-8.022422076178092,-22.779702584235068,6.734858431878884,950.0708783440807,0.06568386399982379,61.07205438228777,5.287003210746198,0.13769985675353275,0.0,-108.53101469686905,-0.0,-736.3539124236107,3037.1546307929266,-2062.2529850116894,-867.9198529920424,-737.903134331285
Reducción,AP0273,0.7500753200469413,tasa_gn_nm3_min,16.785284514211483,1.6955936977804236,1.3127283345473915,2.0784590610134557,-0.14879937825586143,-0.22243873765336902,-0.07516001885835383,-7.564648548365152,-22.321929056422128,7.192631959691823,950.5286518718937,0.07552235141058157,53.38530815672807,5.287003210746198,0.13769985675353275,0.0,-109.25194546658844,-0.0,-716.6769376020952,3060.589014336109,-2111.09065820721,-867.9198529920424,-744.350379931827
Reducción,AP0273,0.7500753200469413,tasa_gn_nm3_min,17.586318702788574,1.708094809515458,1.325229446282426,2.09096017274849,-0.1520479835315399,-0.2256873429290475,-0.0784086241340323,-7.106875020552211,-21.86415552860919,7.650405487504765,950.9864253997066,0.08696881688377553,46.398804731227806,5.287003210746198,0.13769985675353275,0.0,-109.97287623630781,-0.0,-693.7840066557072,3083.1538335456394,-2157.1802341857797,-867.9198529920424,-745.7031365241977
Reducción,AP0273,0.7500753200469413,tasa_gn_nm3_min,18.387352891365666,1.7201771358259124,1.3373117725928803,2.1030424990589447,-0.15512820536398403,-0.22876756476149163,-0.08148884596647643,-6.64910149273927,-21.406382000796246,8.108179015317706,951.4441989275196,0.10003634506034698,40.021027111502946,5.287003210746198,0.13769985675353275,0.0,-110.6938070060272,-0.0,-667.6489503025643,3104.962734594167,-2200.8808706528043,-867.9198529920425,-742.1807463592712
Reducción,AP0273,0.7500753200469413,tasa_gn_nm3_min,19.188387079942757,1.7318931242845872,1.349027761051555,2.1147584875176193,-0.15806113164780303,-0.23170049104531062,-0.08442177225029543,-6.191327964926329,-20.948608472983306,8.565952543130646,951.9019724553325,0.11580810742489417,34.17574009656494,5.287003210746198,0.13769985675353275,0.0,-111.41473777574659,-0.0,-636.1054255734699,3126.110386661787,-2242.4917520392446,-867.9198529920424,-731.8213817187167
Reducción,AP0273,0.7500753200469413,tasa_gn_nm3_min,19.98942126851985,1.7432868155577788,1.3604214523247466,2.126152178790811,-0.16086447006477858,-0.23450382946228618,-0.08722511066727098,-5.733554437113388,-20.490834945170363,9.023726070943589,952.3597459831454,0.13393425670490197,28.798928349431197,5.287003210746198,0.13769985675353275,0.0,-112.13566854546596,-0.0,-599.8531270134544,3146.6762842521794,-2282.264106018401,-867.9198529920424,-715.4964703171843
Reducción,AP0273,0.7500753200469413,tasa_gn_nm3_min,20.790455457096936,1.754395462951214,1.3715300997181818,2.1372608261842463,-0.1635531992639326,-0.2371925586614402,-0.08991383986642501,-5.275780909300448,-20.033061417357423,9.481499598756528,952.8175195109584,0.1549085699054308,23.83644230515521,5.287003210746198,0.13769985675353275,0.0,-112.85659931518533,-0.0,-557.9045006123966,3166.7276705135146,-2320.4104421208463,-867.9198529920425,-692.3637245269562
Reducción,AP0273,0.7500753200469413,tasa_gn_nm3_min,21.591489645674027,1.7652507914495998,1.3823854282165677,2.148116154682632,-0.16614007509073586,-0.23977943448824346,-0.09250071569322826,-4.818007381487508,-19.575287889544484,9.939273126569468,953.2752930387713,0.17939059900362425,19.242168093136748,5.287003210746198,0.13769985675353275,0.0,-113.57753008490472,-0.0,-508.9404424160098,3186.3218098363136,-2357.1117338595523,-867.9198529920424,-661.2277495161956
Reducción,AP0273,0.7500753200469413,tasa_gn_nm3_min,22.392523834251115,1.7758799865230128,1.3930146232899807,2.158745349756045,-0.1686360281621316,-0.2422753875596392,-0.09499666876462401,-4.360233853674568,-19.117514361731544,10.397046654382407,953.7330665665843,0.20844407193537035,14.976590256994951,5.287003210746198,0.13769985675353275,0.0,-114.29846085462411,-0.0,-450.8334965525176,3205.507772673701,-2392.5230593241436,-867.9198529920425,-620.0670970496269
Reducción,AP0273,0.7500753200469413,tasa_gn_nm3_min,23.193558022828206,1.7863064780312965,1.4034411147982644,2.169171841264329,-0.17105047905544515,-0.24468983845295275,-0.09741111965793756,-3.902460325861628,-18.659740833918605,10.854820182195347,954.1908400943972,0.24103339428703782,11.00565230986225,5.287003210746198,0.13769985675353275,0.0,-115.01939162434348,-0.0,-385.65485184918265,3224.327850508441,-2426.7780729224514,-867.9198529920425,-571.0443188795791
Reducción,AP0273,0.7500753200469413,tasa_gn_nm3_min,23.994592211405298,1.7965505671095212,1.413685203876489,2.1794159303425533,-0.17339159036379484,-0.24703094976130244,-0.09975223096628724,-3.4446867980486866,-18.20196730610566,11.31259371000829,954.6486136222102,0.2769663561940624,7.299845524646895,5.287003210746198,0.13769985675353275,0.0,-115.74032239406286,-0.0,-313.7889280351335,3242.8186873968634,-2459.9925814157727,-867.9198529920424,-514.6229974401481
Reducción,AP0273,0.7500753200469413,tasa_gn_nm3_min,24.79562639998239,1.8066299315424947,1.4237645683094626,2.189495294775527,-0.1756664698949026,-0.24930582929241019,-0.10202711049739499,-2.986913270235746,-17.744193778292722,11.77036723782123,955.1063871500231,0.3156264535588961,3.8334743466094725,5.287003210746198,0.13769985675353275,0.0,-116.46125316378225,-0.0,-236.46873330546603,3261.012192182491,-2492.2674268012856,-867.9198529920425,-452.10507408008516
Reducción,AP0273,0.7500753200469413,tasa_gn_nm3_min,25.59666058855948,1.8165600362466767,1.4336946730136446,2.199425399479709,-0.1778813357158976,-0.2515206951134052,-0.10424197631839,-2.529139742422805,-17.28642025047978,12.228140765634171,955.5641606778361,0.35632228407583477,0.5840597371290649,5.287003210746198,0.13769985675353275,0.0,-117.18218393350163,-0.0,-155.07707227158875,3278.9362794261574,-2523.6908278846217,-867.9198529920425,-384.9336576555972
Reducción,AP0273,0.7500753200469413,tasa_gn_nm3_min,26.39769477713657,1.8263544690160105,1.4434891057829784,2.2092198322490426,-0.18004165114855733,-0.25368101054606496,-0.10640229175104973,-2.0713662146098635,-16.82864672266684,12.685914293447112,956.021934205649,0.39704461929120793,-2.4681488498534927,5.287003210746198,0.13769985675353275,0.0,-117.90311470322102,-0.0,-73.6324018408424,3296.615475435624,-2554.340295524378,-867.9198529920425,-317.1801896248598
Reducción,AP0273,0.7500753200469413,tasa_gn_nm3_min,27.19872896571366,1.8360252169391262,1.4531598537060941,2.2188905801721583,-0.18215223590994786,-0.25579159530745543,-0.10851287651244026,-1.613592686796924,-16.3708731948539,13.143687821260052,956.479707733462,0.4340143579058038,-5.340575254225694,5.287003210746198,0.13769985675353275,0.0,-118.6240454729404,-0.0,-0.0,3314.071417205546,-2584.2842094395596,-867.9198529920423,-256.7566906989964
Reducción,AP0273,0.7500753200469413,tasa_gn_nm3_min,27.99976315429075,1.845582895369077,1.4627175321360448,2.2284482586021093,-0.18421735817559137,-0.25785671757309897,-0.11057799877808377,-1.155819158983983,-15.913099667040958,13.601461349072993,956.9374812612749,0.4483783113725155,-8.048649428802628,5.287003210746198,0.13769985675353275,0.0,-119.34497624265977,-0.0,-0.0,3331.3232657135677,-2613.583124355449,-867.9198529920425,-269.52468787658347
Reducción,AP0273,0.7500753200469413,tasa_gn_nm3_min,28.800797342867842,1.8550369386831784,1.4721715754501463,2.2379023019162108,-0.18624081127936237,-0.25988017067686997,-0.11260145188185477,-0.6980456311710416,-15.455326139228017,14.059234876885935,957.3952547890879,0.45107855171770916,-10.606084718406052,5.287003210746198,0.13769985675353275,0.0,-120.06590701237916,-0.0,-0.0,3348.388050246604,-2642.290858183114,-867.9198529920425,-281.88856794093147
Reducción,AP0273,0.7500753200469413,tasa_gn_nm3_min,29.601831531444933,1.8643957600707477,1.4815303968377156,2.24726112330378,-0.18822597796025461,-0.2618653373577622,-0.11458661856274702,-0.24027210335810048,-14.997552611415076,14.517008404698876,957.8530283169008,0.43923400664710155,-13.02511011942743,5.287003210746198,0.13769985675353275,0.0,-120.78683778209854,-0.0,-0.0,3365.2809568217012,-2670.4554035201895,-867.9198529920424,-293.88113747262923
Reducción,AP0273,0.7500753200469413,tasa_o2_nm3_min,2.936241586406579,1.8655980734485427,1.4827327102155106,2.248463436681575,-0.19405721109672766,-0.26769657049423523,-0.12041785169922006,9.494366268178068,-5.262914239878908,24.25164677623504,967.5876666884369,0.039871663876404125,-48.417115556694675,5.287003210746198,0.13769985675353275,0.0,-111.58640872555883,-0.0,-787.97831267045,3367.4511625264554,-2753.186003234585,-867.9198529920424,-1153.2194150961807
Reducción,AP0273,0.7500753200469413,tasa_o2_nm3_min,4.11154540146219,1.8641112981159664,1.4812459348829343,2.2469766613489988,-0.1934594148623764,-0.267098774259884,-0.11982005546486879,8.937198524026908,-5.820081984030068,23.694479032083883,967.0304989442858,0.04530279159206576,-46.25601237781202,5.287003210746198,0.13769985675353275,0.0,-111.9389998700755,-0.0,-777.1160572391268,3364.767495881772,-2744.704771252013,-867.9198529920425,-1136.9121854714858
Reducción,AP0273,0.7500753200469413,tasa_o2_nm3_min,5.286849216517801,1.8626245227833904,1.4797591595503583,2.2454898860164225,-0.19286161862802514,-0.26650097802553274,-0.11922225923051755,8.380030779875751,-6.377249728181225,23.137311287932725,966.4733312001346,0.05143979437745283,-44.09490919892938,5.287003210746198,0.13769985675353275,0.0,-112.29159101459219,-0.0,-764.8420516683526,3362.083829237089,-2736.2235392694415,-867.9198529920424,-1119.1932057073395
Reducción,AP0273,0.7500753200469413,tasa_o2_nm3_min,6.462153031573412,1.8611377474508142,1.478272384217782,2.2440031106838463,-0.1922638223936739,-0.2659031817911815,-0.1186244629961663,7.822863035724595,-6.934417472332381,22.58014354378157,965.9161634559835,0.0584184602579061,-41.93380602004673,5.287003210746198,0.13769985675353275,0.0,-112.64418215910888,-0.0,-750.8847199074461,3359.4001625924056,-2727.74230728687,-867.9198529920424,-1099.7908997530617
Reducción,AP0273,0.7500753200469413,tasa_o2_nm3_min,7.637456846629023,1.859650972118238,1.4767856088852058,2.24251633535127,-0.19166602615932263,-0.26530538555683025,-0.11802666676181503,7.265695291573435,-7.491585216483541,22.02297579963041,965.3589957118323,0.0664224308498345,-39.77270284116408,5.287003210746198,0.13769985675353275,0.0,-112.99677330362556,-0.0,-734.8767787235893,3356.7164959477223,-2719.261075304298,-867.9198529920425,-1078.3379843758332
Reducción,AP0273,0.7500753200469413,tasa_o2_nm3_min,8.812760661684635,1.8581641967856617,1.4752988335526296,2.241029560018694,-0.19106822992497138,-0.26470758932247895,-0.11742887052746379,6.708527547422278,-8.048752960634697,21.465808055479254,964.8018279676811,0.07556952074961143,-37.611599662281435,5.287003210746198,0.13769985675353275,0.0,-113.34936444814224,-0.0,-716.5825989240354,3354.032829303039,-2710.7798433217267,-867.9198529920423,-1054.5988303829079
Reducción,AP0273,0.7500753200469413,tasa_o2_nm3_min,9.988064476740245,1.8566774214530855,1.4738120582200533,2.2395427846861176,-0.19047043369062014,-0.26410979308812776,-0.11683107429311254,6.15135980327112,-8.605920704785856,20.908640311328096,964.24466022353,0.08602856134740573,-35.450496483398794,5.287003210746198,0.13769985675353275,0.0,-113.70195559265892,-0.0,-695.6645177284469,3351.3491626583555,-2702.2986113391553,-867.9198529920425,-1028.235774993948
Reducción,AP0273,0.7500753200469413,tasa_o2_nm3_min,11.163368291795857,1.8551906461205092,1.472325282887477,2.2380560093535413,-0.18987263745626887,-0.26351199685377646,-0.11623327805876127,5.59419205911996,-9.163088448937016,20.351472567176934,963.6874924793788,0.09777881671494511,-33.289393304516146,5.287003210746198,0.13769985675353275,0.0,-114.05454673717561,-0.0,-672.164006993368,3348.665496013672,-2693.8173793565834,-867.9198529920424,-999.2902900654974
Reducción,AP0273,0.7500753200469413,tasa_o2_nm3_min,12.338672106851467,1.8537038707879332,1.470838507554901,2.2365692340209655,-0.18927484122191762,-0.2629142006194252,-0.11563548182441002,5.0370243149688045,-9.720256193088172,19.79430482302578,963.1303247352276,0.11093104134403228,-31.12829012563351,5.287003210746198,0.13769985675353275,0.0,-114.4071378816923,-0.0,-645.8595577351938,3345.9818293689887,-2685.336147374012,-867.9198529920425,-967.5408666139518
Reducción,AP0273,0.7500753200469413,tasa_o2_nm3_min,13.513975921907077,1.852217095455357,1.4693517322223248,2.2350824586883893,-0.18867704498756635,-0.262316404385074,-0.11503768559005875,4.479856570817646,-10.27742393723933,19.23713707887462,962.5731569910765,0.1258807204474353,-28.96718694675086,5.287003210746198,0.13769985675353275,0.0,-114.75972902620897,-0.0,-615.9601995283876,3343.2981627243053,-2676.85491539144,-867.9198529920426,-932.196534213774
Reducción,AP0273,0.7500753200469413,tasa_o2_nm3_min,14.689279736962689,1.8507303201227807,1.4678649568897486,2.233595683355813,-0.1880792487532151,-0.2617186081507227,-0.11443988935570751,3.922688826666488,-10.834591681390489,18.679969334723463,962.0159892469253,0.14334921092662856,-26.806083767868206,5.287003210746198,0.13769985675353275,0.0,-115.11232017072565,-0.0,-581.0232185700012,3340.614496079622,-2668.3736834088686,-867.9198529920424,-891.8145790620159
Reducción,AP0273,0.7500753200469413,tasa_o2_nm3_min,15.864583552018301,1.8492435447902045,1.4663781815571724,2.232108908023237,-0.18748145251886386,-0.2611208119163715,-0.11384209312135626,3.365521082515328,-11.391759425541647,18.122801590572305,961.4588215027742,0.1633251894457507,-24.644980588985568,5.287003210746198,0.13769985675353275,0.0,-115.46491131524235,-0.0,-541.0712615317569,3337.9308294349385,-2659.892451426297,-867.9198529920426,-846.4176478304006
Reducción,AP0273,0.7500753200469413,tasa_o2_nm3_min,17.03988736707391,1.8477567694576282,1.4648914062245961,2.2306221326906606,-0.1868836562845126,-0.2605230156820202,-0.11324429688700499,2.8083533383641717,-11.948927169692805,17.565633846421147,960.9016537586231,0.18568214076289116,-22.48387741010293,5.287003210746198,0.13769985675353275,0.0,-115.81750245975903,-0.0,-496.35735889747593,3335.247162790255,-2651.4112194437253,-867.9198529920425,-796.2587710027476
Reducción,AP0273,0.7500753200469413,tasa_o2_nm3_min,18.215191182129523,1.8462699941250522,1.46340463089202,2.2291353573580843,-0.18628586005016134,-0.25992521944766894,-0.11264650065265375,2.2511855942130126,-12.506094913843963,17.00846610226999,960.3444860144718,0.21053886325910265,-20.322774231220283,5.287003210746198,0.13769985675353275,0.0,-116.1700936042757,-0.0,-446.64391390505295,3332.563496145572,-2642.929987461154,-867.9198529920424,-741.1003518169528
Reducción,AP0273,0.7500753200469413,tasa_o2_nm3_min,19.390494997185137,1.844783218792476,1.4619178555594439,2.227648582025508,-0.18568806381581007,-0.2593274232133177,-0.11204870441830247,1.6940178500618528,-13.063262657995123,16.45129835811883,959.7873182703207,0.23793776794489654,-18.16167105233763,5.287003210746198,0.13769985675353275,0.0,-116.52268474879239,-0.0,-391.84610453346517,3329.8798295008887,-2634.448755478582,-867.9198529920425,-680.8575682519931
Reducción,AP0273,0.7500753200469413,tasa_o2_nm3_min,20.565798812240743,1.8432964434598997,1.4604310802268676,2.226161806692932,-0.18509026758145883,-0.2587296269789664,-0.11145090818395123,1.1368501059106972,-13.620430402146278,15.894130613967674,959.2301505261696,0.26779616569272313,-16.00056787345498,5.287003210746198,0.13769985675353275,0.0,-116.87527589330907,-0.0,-332.129309037812,3327.1961628562053,-2625.9675234960105,-867.9198529920423,-615.6957985629685
Reducción,AP0273,0.7500753200469413,tasa_o2_nm3_min,21.741102627296357,1.8418096681273235,1.4589443048942914,2.2246750313603556,-0.18449247134710758,-0.2581318307446152,-0.11085311194959999,0.5796823617595378,-14.177598146297438,15.336962869816514,958.6729827820184,0.29983762495489064,-13.83946469457233,5.287003210746198,0.13769985675353275,0.0,-117.22786703782576,-0.0,-268.046390513477,3324.512496211522,-2617.486291513439,-867.9198529920425,-546.1679058452623
Reducción,AP0273,0.7500753200469413,tasa_o2_nm3_min,22.916406442351963,1.8403228927947473,1.4574575295617151,2.2231882560277794,-0.1838946751127563,-0.2575340345102639,-0.11025531571524871,0.022514617608381776,-14.734765890448594,14.779795125665357,958.1158150378673,0.33349987485816923,-11.678361515689705,5.287003210746198,0.13769985675353275,0.0,-117.58045818234244,-0.0,-200.72189070691982,3321.8288295668385,-2609.005059530867,-867.9198529920424,-473.3984318453332
Reducción,AP0273,0.7500753200469413,tasa_o2_nm3_min,24.091710257407577,1.838836117462171,1.455970754229139,2.221701480695203,-0.18329687887840507,-0.25693623827591267,-0.10965751948089747,-0.5346531265427773,-15.291933634599753,14.222627381514199,957.558647293716,0.36863897071314905,-9.517258336807055,5.287003210746198,0.13769985675353275,0.0,-117.93304932685912,-0.0,-130.44369899696017,3319.145162922155,-2600.5238275482957,-867.9198529920424,-397.67526594200217
Reducción,AP0273,0.7500753200469413,tasa_o2_nm3_min,25.26701407246319,1.837349342129595,1.454483978896563,2.2202147053626273,-0.18269908264405382,-0.2563384420415614,-0.10905972324654623,-1.0918208706939367,-15.849101378750913,13.665459637363039,957.0014795495649,0.4034070910595781,-7.3561551579244036,5.287003210746198,0.13769985675353275,0.0,-118.28564047137581,-0.0,-60.90745830410205,3316.461496277472,-2592.0425955657242,-867.9198529920425,-322.69405105577243
Reducción,AP0273,0.7500753200469413,tasa_o2_nm3_min,26.442317887518797,1.8358625667970188,1.4529972035639867,2.218727930030051,-0.18210128640970255,-0.2557406458072101,-0.10846192701219495,-1.6489886148450927,-16.406269122902067,13.108291893211883,956.4443118054138,0.43486044260828044,-5.195051979041753,5.287003210746198,0.13769985675353275,0.0,-118.6382316158925,-0.0,-0.0,3313.7778296327883,-2583.5613635831523,-867.9198529920424,-256.3416185582988
Reducción,AP0273,0.7500753200469413,tasa_o2_nm3_min,27.61762170257441,1.8343757914644425,1.4515104282314104,2.217241154697475,-0.1815034901753513,-0.25514284957285893,-0.10786413077784371,-2.2061563589962523,-16.96343686705323,12.551124149060723,955.8871440612626,0.44856477951200385,-3.0339488001591026,5.287003210746198,0.13769985675353275,0.0,-118.99082276040917,-0.0,-0.0,3311.094162988105,-2575.080131600581,-867.9198529920426,-250.89664436492774
Reducción,AP0273,0.7500753200469413,tasa_o2_nm3_min,28.792925517630025,1.8328890161318663,1.4500236528988342,2.2157543793648986,-0.18090569394100003,-0.25454505333850763,-0.10726633454349244,-2.7633241031474114,-17.520604611204387,11.993956404909564,955.3299763171115,0.4547146834484536,-0.8728456212764519,5.287003210746198,0.13769985675353275,0.0,-119.34341390492585,-0.0,-0.0,3308.4104963434215,-2566.598899618009,-867.9198529920425,-245.45167017155586
Reducción,AP0273,0.7500753200469413,tasa_o2_nm3_min,29.96822933268563,1.83140224079929,1.448536877566258,2.2142676040323224,-0.1803078977066488,-0.2539472571041564,-0.10666853830914119,-3.320491847298568,-18.077772355355542,11.436788660758408,954.7728085729603,0.4507397612466756,1.2882575576061726,5.287003210746198,0.13769985675353275,0.0,-119.69600504944253,-0.0,-0.0,3305.726829698738,-2558.1176676354376,-867.9198529920425,-240.00669597818444
Reducción,AP0273,0.7500753200469413,tasa_o2_nm3_min,31.14353314774124,1.8299154654667138,1.4470501022336817,2.212780828699746,-0.17971010147229755,-0.25334946086980514,-0.10607074207478995,-3.877659591449725,-18.6349400995067,10.879620916607252,954.2156408288091,0.4366024557248965,3.4493607364888232,5.287003210746198,0.13769985675353275,0.0,-120.04859619395923,-0.0,-0.0,3303.0431630540547,-2549.636435652866,-867.9198529920425,-234.56172178481313
Reducción,AP0273,0.7500753200469413,tasa_aire_nm3_min,73.88206441938546,1.8166981561490547,1.4338327929160226,2.199563519382087,-0.1909897313685553,-0.2646290907660629,-0.1173503719710477,0.9511377279849795,-13.806142780071996,15.708418236041956,959.0444381482438,0.013674685529003052,-22.97293894781206,5.287003210746198,0.13769985675353275,0.0,-118.61818643342049,-0.0,-840.3722693652522,3279.1855893029474,-2709.666145327318,-867.9198529920425,-1257.390864815086
Reducción,AP0273,0.7500753200469413,tasa_aire_nm3_min,76.20722122547167,1.8176770492160172,1.4348116859829851,2.2005424124490496,-0.19053944313522245,-0.2641788025327301,-0.11690008373771485,0.8205207047229797,-13.936759803333995,15.577801212779956,958.9138211249818,0.016140446289034553,-22.07510319067456,5.287003210746198,0.13769985675353275,0.0,-118.61818643342049,-0.0,-835.4407478451892,3280.9525157611415,-2703.2776825929172,-867.9198529920426,-1244.303954102428
Reducción,AP0273,0.7500753200469413,tasa_aire_nm3_min,78.5323780315579,1.8186559422829798,1.4357905790499477,2.201521305516012,-0.19008915490188957,-0.26372851429939714,-0.11644979550438198,0.6899036814609789,-14.067376826595996,15.447184189517955,958.7832041017199,0.019195544759533428,-21.177267433537065,5.287003210746198,0.13769985675353275,0.0,-118.61818643342049,-0.0,-829.3305509041913,3282.719442219335,-2696.889219858516,-867.9198529920424,-1230.0383679688348
Reducción,AP0273,0.7500753200469413,tasa_aire_nm3_min,80.85753483764411,1.8196348353499425,1.4367694721169104,2.2025001985829746,-0.18963886666855673,-0.2632782260660643,-0.11599950727104913,0.5592866581989786,-14.197993849857998,15.316567166255954,958.6525870784578,0.022873593063167233,-20.279431676399565,5.287003210746198,0.13769985675353275,0.0,-118.61818643342049,-0.0,-821.9744542969238,3284.4863686775298,-2690.500757124115,-867.9198529920424,-1214.5268821689717
Reducción,AP0273,0.7500753200469413,tasa_aire_nm3_min,83.18269164373032,1.820613728416905,1.437748365183873,2.203479091649937,-0.18918857843522385,-0.26282793783273145,-0.11554921903771626,0.42866963493697874,-14.328610873119997,15.185950142993955,958.5219700551959,0.027330340997569133,-19.38159591926206,5.287003210746198,0.13769985675353275,0.0,-118.61818643342049,-0.0,-813.06095842812,3286.253295135724,-2684.112294389714,-867.9198529920424,-1197.457997107573
Reducción,AP0273,0.7500753200469413,tasa_aire_nm3_min,85.50784844981654,1.8215926214838676,1.4387272582508355,2.2044579847168997,-0.18873829020189098,-0.2623776495993986,-0.11509893080438338,0.2980526116749789,-14.459227896381996,15.055333119731955,958.3913530319338,0.032823220622480755,-18.483760162124575,5.287003210746198,0.13769985675353275,0.0,-118.61818643342049,-0.0,-802.0751991782968,3288.020221593918,-2677.7238316553126,-867.9198529920424,-1178.316848665154
Reducción,AP0273,0.7500753200469413,tasa_aire_nm3_min,87.83300525590276,1.8225715145508303,1.4397061513177982,2.2054368777838627,-0.18828800196855813,-0.26192736136606576,-0.11464864257105054,0.1674355884129779,-14.589844919643998,14.924716096469954,958.2607360086719,0.03950358776674788,-17.58592440498706,5.287003210746198,0.13769985675353275,0.0,-118.61818643342049,-0.0,-788.7144648897624,3289.787148052112,-2671.3353689209116,-867.9198529920426,-1156.800725184025
Reducción,AP0273,0.7500753200469413,tasa_aire_nm3_min,90.15816206198897,1.823550407617793,1.440685044384761,2.206415770850825,-0.18783771373522526,-0.26147707313273283,-0.11419835433771766,0.03681856515097781,-14.720461942905999,14.794099073207953,958.1301189854098,0.047171249778240276,-16.688088647849575,5.287003210746198,0.13769985675353275,0.0,-118.61818643342049,-0.0,-773.3791408667777,3291.5540745103067,-2664.94690618651,-867.9198529920423,-1133.3100119684439
Reducción,AP0273,0.7500753200469413,tasa_aire_nm3_min,92.48331886807519,1.8245293006847556,1.4416639374517235,2.2073946639177877,-0.1873874255018924,-0.2610267848994,-0.11374806610438482,-0.09379845811102228,-14.851078966167998,14.663482049945953,957.9995019621479,0.05608172309319586,-15.790252890712088,5.287003210746198,0.13769985675353275,0.0,-118.61818643342049,-0.0,-755.5581942368666,3293.321000968501,-2658.5584434521093,-867.9198529920424,-1107.333676145938
Reducción,AP0273,0.7500753200469413,tasa_aire_nm3_min,94.8084756741614,1.8255081937517181,1.442642830518686,2.2083735569847502,-0.18693713726855954,-0.26057649666606714,-0.11329777787105194,-0.22441548137302236,-14.981695989429998,14.532865026683954,957.8688849388858,0.06683623049499979,-14.892417133574575,5.287003210746198,0.13769985675353275,0.0,-118.61818643342049,-0.0,-734.0491794332587,3295.087927426695,-2652.169980717708,-867.9198529920424,-1077.6692721497345
Reducción,AP0273,0.7500753200469413,tasa_aire_nm3_min,97.13363248024763,1.8264870868186809,1.4436217235856488,2.209352450051713,-0.18648684903522667,-0.26012620843273426,-0.11284748963771907,-0.3550325046350231,-15.112313012691999,14.402248003421953,957.7382679156239,0.08096540896376068,-13.99458137643709,5.287003210746198,0.13769985675353275,0.0,-118.61818643342049,-0.0,-705.7908224957368,3296.854853884889,-2645.7815179833065,-867.9198529920425,-1041.2555260196173
Reducción,AP0273,0.7500753200469413,tasa_aire_nm3_min,99.45878928633384,1.8274659798856434,1.4446006166526113,2.2103313431186757,-0.18603656080189382,-0.25967592019940144,-0.11239720140438622,-0.4856495278970232,-15.242930035953998,14.271630980159953,957.6076508923618,0.09938574193715259,-13.096745619299588,5.287003210746198,0.13769985675353275,0.0,-118.61818643342049,-0.0,-668.950156548953,3298.621780343083,-2639.3930552489055,-867.9198529920426,-996.2594708802385
Reducción,AP0273,0.7500753200469413,tasa_aire_nm3_min,101.78394609242005,1.828444872952606,1.4455795097195738,2.2113102361856383,-0.18558627256856094,-0.2592256319660685,-0.11194691317105335,-0.6162665511590233,-15.373547059216,14.141013956897952,957.4770338690998,0.12127044065038577,-12.198909862162088,5.287003210746198,0.13769985675353275,0.0,-118.61818643342049,-0.0,-625.1807591224867,3300.3887068012773,-2633.004592514504,-867.9198529920424,-944.3346842611764
Reducción,AP0273,0.7500753200469413,tasa_aire_nm3_min,104.10910289850628,1.829423766019569,1.4465584027865368,2.2122891292526012,-0.1851359843352281,-0.2587753437327357,-0.1114966249377205,-0.7468835744210242,-15.504164082478,14.01039693363595,957.3464168458378,0.1477497855450138,-11.301074105024588,5.287003210746198,0.13769985675353275,0.0,-118.61818643342049,-0.0,-572.2220693332307,3302.1556332594723,-2626.616129780103,-867.9198529920425,-883.2206052793246
Reducción,AP0273,0.7500753200469413,tasa_aire_nm3_min,106.43425970459249,1.8304026590865314,1.4475372958534993,2.2132680223195638,-0.18468569610189522,-0.2583250554994028,-0.11104633670438763,-0.8775005976830241,-15.63478110574,13.879779910373951,957.2157998225758,0.18335496883596414,-10.403238347887088,5.287003210746198,0.13769985675353275,0.0,-118.61818643342049,-0.0,-501.01170275133,3303.922559717666,-2620.227667045702,-867.9198529920425,-803.8548495048292
Reducción,AP0273,0.7500753200469413,tasa_aire_nm3_min,108.7594165106787,1.831381552153494,1.4485161889204619,2.2142469153865263,-0.18423540786856235,-0.25787476726606995,-0.11059604847105475,-1.0081176209450242,-15.765398129002,13.749162887111952,957.0851827993139,0.22541532192661085,-9.505402590749602,5.287003210746198,0.13769985675353275,0.0,-118.61818643342049,-0.0,-416.8909965700366,3305.68948617586,-2613.839204311301,-867.9198529920425,-711.5787541309403
Reducción,AP0273,0.7500753200469413,tasa_aire_nm3_min,111.08457331676493,1.8323604452204565,1.4494950819874244,2.215225808453489,-0.1837851196352295,-0.25742447903273713,-0.1101457602377219,-1.138734644207025,-15.896015152264,13.61854586384995,956.9545657760518,0.27338943447465786,-8.607566833612088,5.287003210746198,0.13769985675353275,0.0,-118.61818643342049,-0.0,-320.94277147394257,3307.4564126340542,-2607.4507415769,-867.9198529920426,-607.4751398422513
Reducción,AP0273,0.7500753200469413,tasa_aire_nm3_min,113.40973012285114,1.8333393382874192,1.4504739750543871,2.2162047015204513,-0.18333483140189663,-0.2569741907994042,-0.10969547200438903,-1.269351667469025,-16.026632175526,13.487928840587951,956.8239487527899,0.3251547130516932,-7.709731076474601,5.287003210746198,0.13769985675353275,0.0,-118.61818643342049,-0.0,-217.4122143198719,3309.223339092249,-2601.0622788424985,-867.9198529920423,-495.78919349558436
Reducción,AP0273,0.7500753200469413,tasa_aire_nm3_min,115.73488692893736,1.8343182313543818,1.4514528681213497,2.217183594587414,-0.18288454316856378,-0.2565239025660714,-0.10924518377105619,-1.3999686907310251,-16.157249198788,13.35731181732595,956.6933317295278,0.3758946060107306,-6.811895319337102,5.287003210746198,0.13769985675353275,0.0,-118.61818643342049,-0.0,-115.93242840179707,3310.9902655504425,-2594.6738161080975,-867.9198529920424,-386.15401838491505
Reducción,AP0273,0.7500753200469413,tasa_aire_nm3_min,118.06004373502358,1.8352971244213443,1.4524317611883122,2.2181624876543764,-0.1824342549352309,-0.2560736143327385,-0.10879489553772331,-1.5305857139930261,-16.287866222050003,13.226694794063949,956.5627147062659,0.4171620782645188,-5.9140595621996015,5.287003210746198,0.13769985675353275,0.0,-118.61818643342049,-0.0,-33.397483894220706,3312.7571920086366,-2588.285353373696,-867.9198529920424,-295.46368468474316
Reducción,AP0273,0.7500753200469413,tasa_aire_nm3_min,120.38520054110978,1.836276017488307,1.453410654255275,2.2191413807213394,-0.1819839667018981,-0.2556233260994057,-0.1083446073043905,-1.6612027372550253,-16.418483245312,13.096077770801951,956.4320976830038,0.4308859406444491,-5.016223805062115,5.287003210746198,0.13769985675353275,0.0,-118.61818643342049,-0.0,-5.949759134360133,3314.524118466831,-2581.8968906392956,-867.9198529920425,-259.8605707322876
Reducción,AP0273,0.7500753200469413,tasa_aire_nm3_min,122.71035734719601,1.8372549105552698,1.4543895473222377,2.220120273788302,-0.1815336784685652,-0.2551730378660728,-0.10789431907105759,-1.791819760517026,-16.549100268574,12.96546074753995,956.3014806597419,0.4056336211385142,-4.118388047924602,5.287003210746198,0.13769985675353275,0.0,-118.61818643342049,-0.0,-56.45439814622988,3316.2910449250257,-2575.508427904894,-867.9198529920425,-302.20982055156094
Reducción,AP0273,0.7500753200469413,tasa_aire_nm3_min,125.03551415328222,1.8382338036222323,1.4553684403892002,2.2210991668552644,-0.18108339023523234,-0.25472274963273994,-0.10744403083772475,-1.9224367837790262,-16.679717291836003,12.834843724277949,956.1708636364798,0.36419047195998294,-3.220552290787115,5.287003210746198,0.13769985675353275,0.0,-118.61818643342049,-0.0,-139.3406965032924,3318.05797138322,-2569.119965170493,-867.9198529920424,-376.9407297160283
Reducción,AP0273,0.7500753200469413,tasa_aire_nm3_min,127.36067095936843,1.8392126966891948,1.4563473334561627,2.222078059922227,-0.1806331020018995,-0.25427246139940707,-0.1069937426043919,-2.0530538070410262,-16.810334315098004,12.70422670101595,956.0402466132178,0.3156970882263807,-2.3227165336496154,5.287003210746198,0.13769985675353275,0.0,-118.61818643342049,-0.0,-236.32746397049686,3319.8248978414135,-2562.731502436092,-867.9198529920423,-465.772107990638
Reducción,AP0273,0.7500753200469413,tasa_aire_nm3_min,129.68582776545466,1.8401915897561576,1.4573262265231255,2.22305695298919,-0.18018281376856662,-0.25382217316607425,-0.10654345437105903,-2.1836708303030274,-16.94095133836,12.573609677753948,955.9096295899558,0.265964401013924,-1.4248807765121152,5.287003210746198,0.13769985675353275,0.0,-118.61818643342049,-0.0,-335.7928383954103,3321.591824299608,-2556.3430397016905,-867.9198529920426,-557.0820932229558
Reducción,AP0198,0.9001366672661761,tasa_feed_Carbon_kg_min,3.294660545117927,1.1298449210684882,0.7469795578354561,1.5127102843015203,-0.10543790853531768,-0.17907726793282527,-0.03179854913781008,-16.798675524095092,-31.555956032152068,-2.0413950160381162,1036.0112490481317,0.1275185366303396,-4.480165838636031,0.2978487920475958,0.017718198223985692,0.0,-40.00305302267363,-0.0,-458.9122894742181,2039.3983286516477,-1495.8999583121397,-867.9198529920424,-823.336825149426
Reducción,AP0198,0.9001366672661761,tasa_feed_Carbon_kg_min,5.916107315446935,1.1372516304644755,0.7543862672314434,1.5201169936975076,-0.10544588553855093,-0.17908524493605854,-0.03180652614104333,-16.681375530252048,-31.438656038309023,-1.924095022195072,1036.1285490419748,0.13744405927823425,-4.480165838636031,0.5348367133424188,0.03181595211221029,0.0,-43.93522317816714,-0.0,-439.0612441784288,2052.76762427914,-1496.013132017592,-867.9198529920424,-794.1618280870903
Reducción,AP0198,0.9001366672661761,tasa_feed_Carbon_kg_min,8.537554085775941,1.1446583398604628,0.7617929766274307,1.527523703093495,-0.1054538625417842,-0.17909322193929178,-0.0318145031442766,-16.564075536409003,-31.32135604446598,-1.8067950283520275,1036.2458490358179,0.14729551811010783,-4.480165838636031,0.7718246346372417,0.04591370600043489,0.0,-47.86739333366065,-0.0,-419.3583265146816,2066.1369199066316,-1496.1263057230444,-867.9198529920424,-765.1349586567974
Reducción,AP0198,0.9001366672661761,tasa_feed_Carbon_kg_min,11.15900085610495,1.1520650492564501,0.769199686023418,1.5349304124894823,-0.10546183954501746,-0.17910119894252507,-0.031822480147509866,-16.44677554256596,-31.204056050622935,-1.6894950345089832,1036.363149029661,0.15684731756753376,-4.480165838636031,1.008812555932065,0.0600114598886595,0.0,-51.79956348915417,-0.0,-400.2547275998298,2079.506215534124,-1496.2394794284967,-867.9198529920424,-736.7074079753991
Reducción,AP0198,0.9001366672661761,tasa_feed_Carbon_kg_min,13.780447626433958,1.1594717586524372,0.7766063954194051,1.5423371218854693,-0.10546981654825073,-0.17910917594575831,-0.03183045715074313,-16.329475548722918,-31.086756056779894,-1.5721950406659424,1036.480449023504,0.16583919049351323,-4.480165838636031,1.245800477226888,0.0741092137768841,0.0,-55.73173364464768,-0.0,-382.27098174787085,2092.8755111616156,-1496.3526531339492,-867.9198529920424,-709.3997103568945
Reducción,AP0198,0.9001366672661761,tasa_feed_Carbon_kg_min,16.401894396762966,1.1668784680484245,0.7840131048153924,1.5497438312814567,-0.10547779355148398,-0.17911715294899158,-0.031838434153976386,-16.212175554879874,-30.96945606293685,-1.454895046822898,1036.597749017347,0.17468013475813107,-4.480165838636031,1.4827883985217112,0.08820696766510872,0.0,-59.66390380014119,-0.0,-364.5890932186351,2106.2448067891073,-1496.4658268394014,-867.9198529920424,-682.3938700611127
Reducción,AP0198,0.9001366672661761,tasa_feed_Carbon_kg_min,19.02334116709197,1.1742851774444119,0.7914198142113797,1.557150540677444,-0.10548577055471725,-0.17912512995222485,-0.03184641115720965,-16.09487556103683,-30.852156069093805,-1.3375950529798537,1036.71504901119,0.1825659728682243,-4.480165838636031,1.719776319816534,0.1023047215533333,0.0,-63.5960739556347,-0.0,-348.8174169984487,2119.6141024165995,-1496.579000544854,-867.9198529920424,-657.2982420743801
Reducción,AP0198,0.9001366672661761,tasa_feed_Carbon_kg_min,21.64478793742098,1.1816918868403992,0.7988265236073671,1.5645572500734313,-0.10549374755795052,-0.17913310695545812,-0.03185438816044292,-15.977575567193785,-30.73485607525076,-1.2202950591368094,1036.8323490050332,0.18979556950111048,-4.480165838636031,1.956764241111357,0.1164024754415579,0.0,-67.5282441111282,-0.0,-334.3582237326763,2132.9833980440912,-1496.6921742503064,-867.9198529920424,-633.515097042062
Reducción,AP0198,0.9001366672661761,tasa_feed_Carbon_kg_min,24.266234707749987,1.1890985962363865,0.8062332330033544,1.5719639594694186,-0.10550172456118379,-0.17914108395869138,-0.03186236516367619,-15.86027557335074,-30.617556081407717,-1.102995065293765,1036.9496489988762,0.19685951033393276,-4.480165838636031,2.1937521624061804,0.13050022932978253,0.0,-71.46041426662171,-0.0,-320.23034206703176,2146.3526936715834,-1496.8053479557589,-867.9198529920424,-610.0632636098712
Reducción,AP0198,0.9001366672661761,tasa_feed_Carbon_kg_min,26.887681478078996,1.1965053056323736,0.8136399423993415,1.5793706688654057,-0.10550970156441705,-0.17914906096192465,-0.031870342166909454,-15.742975579507696,-30.500256087564672,-0.9856950714507207,1037.0669489927193,0.20390607696828564,-4.480165838636031,2.430740083701003,0.14459798321800713,0.0,-75.39258442211525,-0.0,-306.137208798326,2159.7219892990747,-1496.9185216612113,-867.9198529920424,-586.6461785746203
Reducción,AP0198,0.9001366672661761,tasa_feed_Carbon_kg_min,29.509128248408004,1.2039120150283609,0.8210466517953288,1.586777378261393,-0.1055176785676503,-0.17915703796515792,-0.03187831917014271,-15.625675585664652,-30.382956093721628,-0.8683950776076763,1037.1842489865624,0.20984897369233704,-4.480165838636031,2.6677280049958267,0.15869573710623175,0.0,-79.32475457760876,-0.0,-294.2514153502232,2173.091284926567,-1497.0316953666636,-867.9198529920424,-565.436433359971
Reducción,AP0198,0.9001366672661761,tasa_feed_Carbon_kg_min,32.130575018737005,1.2113187244243482,0.8284533611913161,1.5941840876573803,-0.10552565557088359,-0.17916501496839118,-0.03188629617337599,-15.50837559182161,-30.265656099878584,-0.7510950837646337,1037.3015489804054,0.21477075568723383,-4.480165838636031,2.904715926290649,0.17279349099445632,0.0,-83.25692473310227,-0.0,-284.4078513604296,2186.460580554059,-1497.1448690721163,-867.9198529920424,-546.2689176036315
Reducción,AP0198,0.9001366672661761,tasa_feed_Carbon_kg_min,34.75202178906601,1.2187254338203355,0.8358600705873034,1.6015907970533676,-0.10553363257411684,-0.17917299197162445,-0.03189427317660924,-15.391075597978565,-30.148356106035543,-0.6337950899215894,1037.4188489742482,0.22190544295125686,-4.480165838636031,3.141703847585472,0.1868912448826809,0.0,-87.18909488859578,-0.0,-270.13847683238356,2199.829876181551,-1497.2580427775686,-867.9198529920424,-522.6755913090394
Reducción,AP0198,0.9001366672661761,tasa_feed_Carbon_kg_min,37.37346855939502,1.2261321432163228,0.8432667799832907,1.608997506449355,-0.1055416095773501,-0.1791809689748577,-0.03190225017984251,-15.27377560413552,-30.031056112192495,-0.516495096078545,1037.5361489680913,0.23154379862406216,-4.480165838636031,3.378691768880295,0.2009889987709055,0.0,-91.12126504408928,-0.0,-250.86176548677298,2213.199171809043,-1497.371216483021,-867.9198529920424,-494.0749281968827
Reducción,AP0198,0.9001366672661761,tasa_feed_Carbon_kg_min,39.99491532972403,1.23353885261231,0.850673489379278,1.6164042158453422,-0.10554958658058336,-0.17918894597809096,-0.03191022718307576,-15.156475610292476,-29.913756118349454,-0.3991951022355007,1037.6534489619344,0.2418049247185377,-4.480165838636031,3.6156796901751185,0.21508675265913013,71.00267390133695,-95.0534351995828,-0.0,-230.33951329782187,2226.568467436535,-1497.4843901884733,-867.9198529920424,-464.2287242413855
Reducción,AP0198,0.9001366672661761,tasa_feed_Carbon_kg_min,42.61636210005304,1.2409455620082974,0.8580801987752653,1.6238109252413295,-0.10555756358381664,-0.17919692298132422,-0.03191820418630904,-15.039175616449432,-29.796456124506406,-0.28189510839245635,1037.7707489557774,0.2580253200415942,-4.480165838636031,3.8526676114699416,0.22918450654735473,149.64607701120713,-98.9856053550763,-0.0,-197.89872265170894,2239.937763064027,-1497.597563893926,-867.9198529920424,-422.4639818287267
Reducción,AP0198,0.9001366672661761,tasa_feed_Carbon_kg_min,45.23780887038205,1.2483522714042845,0.8654869081712524,1.6312176346373166,-0.1055655405870499,-0.1792048999845575,-0.031926181189542296,-14.92187562260639,-29.679156130663365,-0.16459511454941378,1037.8880489496205,0.27423523139944017,-4.480165838636031,4.089655532764764,0.24328226043557932,228.2894801210773,-102.91777551056981,-0.0,-165.47889993601694,2253.3070586915183,-1497.7107375993783,-867.9198529920424,-380.7202073464891
Reducción,AP0198,0.9001366672661761,tasa_feed_Carbon_kg_min,47.859255640711055,1.2557589808002718,0.8728936175672397,1.638624344033304,-0.10557351759028316,-0.17921287698779076,-0.031934158192775564,-14.804575628763345,-29.56185613682032,-0.04729512070636943,1038.0053489434636,0.29027373364782655,-4.480165838636031,4.326643454059588,0.257380014323804,306.9328832309477,-106.84994566606332,-0.0,-133.40189543924419,2266.6763543190104,-1497.8239113048307,-867.9198529920424,-339.31925108317023
Reducción,AP0198,0.9001366672661761,tasa_feed_Carbon_kg_min,50.48070241104006,1.2631656901962591,0.880300326963227,1.6460310534292912,-0.10558149459351641,-0.179220853991024,-0.03194213519600882,-14.6872756349203,-29.444556142977277,0.07000487313667492,1038.1226489373066,0.308356056720758,-4.480165838636031,4.563631375354411,0.27147776821202857,385.5762863408179,-110.78211582155686,-0.0,-97.2372492933813,2280.0456499465026,-1497.937085010283,-867.9198529920424,-293.8306531707609
Reducción,AP0198,0.9001366672661761,tasa_feed_Carbon_kg_min,53.10214918136907,1.2705723995922464,0.8877070363592143,1.6534377628252785,-0.1055894715967497,-0.1792288309942573,-0.0319501121992421,-14.569975641077257,-29.327256149134232,0.18730486697971926,1038.2399489311497,0.3254247318149061,-4.480165838636031,4.800619296649234,0.28557552210025317,464.21968945068807,-114.71428597705034,-0.0,-63.099899105085065,2293.4149455739944,-1498.0502587157357,-867.9198529920424,-250.36935121591915
Reducción,AP0198,0.9001366672661761,tasa_feed_Carbon_kg_min,55.72359595169808,1.2779791089882337,0.8951137457552016,1.6608444722212659,-0.10559744859998296,-0.17923680799749056,-0.031958089202475365,-14.452675647234212,-29.209956155291188,0.3046048608227636,1038.3572489249927,0.34066018285096544,-4.480165838636031,5.037607217944058,0.29967327598847776,542.8630925605585,-118.64645613254385,-0.0,-32.6289970329664,2306.7842412014866,-1498.1634324211882,-867.9198529920424,-210.57449737725418
Reducción,AP0198,0.9001366672661761,tasa_feed_Carbon_kg_min,58.34504272202708,1.2853858183842208,0.9025204551511887,1.668251181617253,-0.10560542560321622,-0.17924478500072383,-0.03196606620570862,-14.33537565339117,-29.092656161448147,0.4219048546658062,1038.4745489188358,0.351941909662864,-4.480165838636031,5.27459513923888,0.31377102987670236,621.5064956704284,-122.57862628803736,-0.0,-10.065543409169319,2320.153536828978,-1498.2766061266404,-867.9198529920424,-178.6870919869117
Reducción,AP0198,0.9001366672661761,tasa_feed_Carbon_kg_min,60.96648949235609,1.2927925277802081,0.909927164547176,1.6756578910132403,-0.10561340260644948,-0.17925276200395707,-0.031974043208941885,-14.218075659548125,-28.9753561676051,0.5392048485088505,1038.5918489126789,0.3585315646856601,-4.480165838636031,5.511583060533702,0.32786878376492695,700.1498987802986,-126.51079644353086,-0.0,-0.0,2333.52283245647,-1498.389779832093,-867.9198529920424,-159.29759681119606
Reducción,AP0198,0.9001366672661761,tasa_feed_Carbon_kg_min,63.5879362626851,1.3001992371761955,0.9173338739431633,1.6830646004092276,-0.10562137960968274,-0.17926073900719033,-0.03198202021217514,-14.100775665705081,-28.85805617376206,0.6565048423518949,1038.709148906522,0.36015046625184016,-4.480165838636031,5.748570981828526,0.34196653765315155,778.793301890169,-130.4429665990244,-0.0,-0.0,2346.8921280839622,-1498.5029535375452,-867.9198529920424,-149.97364504464974
Reducción,AP0198,0.9001366672661761,tasa_feed_Carbon_kg_min,66.2093830330141,1.3076059465721828,0.9247405833391507,1.6904713098052149,-0.10562935661291602,-0.1792687160104236,-0.03198999721540842,-13.983475671862037,-28.74075617991901,0.7738048361949392,1038.826448900365,0.35695776774302784,-4.480165838636031,5.985558903123349,0.35606429154137614,857.4367050000392,-134.3751367545179,-0.0,-0.033827248841600266,2360.261423711454,-1498.6161272429977,-867.9198529920424,-140.68352052694559
Reducción,AP0198,0.9001366672661761,tasa_gn_nm3_min,10.37701100559476,1.012310981887308,0.6294456186542758,1.39517634512034,-0.028019016959234665,-0.10165837635674227,0.04562034243827293,-24.57111931330856,-39.32839982136554,-9.813838805251585,1028.2388052589183,0.03461855410312171,166.0555733238111,5.985284672481714,0.356047978321389,857.3457027633963,-117.6967080508135,-0.0,-644.7122545286538,1827.246630081138,-397.5197050425824,-867.9198529920424,-200.60189053295414
Reducción,AP0198,0.9001366672661761,tasa_gn_nm3_min,11.178045194171851,1.0331223699601721,0.65025700672714,1.4159877331932043,-0.034608982420493616,-0.10824834181800122,0.03903037697701398,-24.11334578549562,-38.8706262935526,-9.356065277438645,1028.6965787867314,0.03818311744120258,146.98966272926717,5.985284672481714,0.356047978321389,857.3457027633963,-118.41763882053289,-0.0,-637.5831278524921,1864.8117058373596,-491.01481695931466,-867.9198529920424,-250.1237307870224
Reducción,AP0198,0.9001366672661761,tasa_gn_nm3_min,11.97907938274894,1.0521795342198093,0.6693141709867771,1.4350448974528414,-0.04049361711201231,-0.11413297650951991,0.033145742285495286,-23.655572257682678,-38.41285276573966,-8.898291749625702,1029.1543523145442,0.04186416313899303,130.4736052135129,5.985284672481714,0.356047978321389,857.3457027633963,-119.13856959025225,-0.0,-630.2210364569112,1899.210363755111,-574.5030510490147,-867.9198529920424,-292.5721463331096
Reducción,AP0198,0.9001366672661761,tasa_gn_nm3_min,12.780113571326032,1.069812329305061,0.6869469660720289,1.452677692538093,-0.04580554756899269,-0.11944490696650029,0.02783381182851491,-23.19779872986974,-37.95507923792671,-8.440518221812763,1029.6121258423573,0.045959086171612984,116.02794036786882,5.985284672481714,0.356047978321389,857.3457027633963,-119.85950035997163,-0.0,-622.0311903916713,1931.0379997038676,-649.8660458156672,-867.9198529920424,-328.63858985548507
Reducción,AP0198,0.9001366672661761,tasa_gn_nm3_min,13.581147759903121,1.0862727887905579,0.7034074255575258,1.46913815202359,-0.050646110367676654,-0.12428546976518426,0.022993249029830944,-22.7400252020568,-37.49730571011378,-7.982744693999823,1030.06989937017,0.05053089801645547,103.28632463834597,5.985284672481714,0.356047978321389,857.3457027633963,-120.58043112969102,-0.0,-612.8875667019864,1960.7495405866766,-718.5415135800262,-867.9198529920424,-359.1798238170695
Reducción,AP0198,0.9001366672661761,tasa_gn_nm3_min,14.382181948480213,1.101756796909844,0.718891433676812,1.4846221601428762,-0.05509406579861768,-0.12873342519612527,0.01854529359888992,-22.28225167424386,-37.03953218230083,-7.524971166186884,1030.5276728979832,0.05577478535155281,91.96403037946239,5.985284672481714,0.356047978321389,857.3457027633963,-121.30136189941041,-0.0,-602.3997920317917,1988.698562342191,-781.646865688658,-867.9198529920424,-384.5693102697114
Reducción,AP0198,0.9001366672661761,tasa_gn_nm3_min,15.183216137057304,1.1164189001544051,0.733553536921373,1.4992842633874373,-0.05921155325074568,-0.13285091264825327,0.014427806146761916,-21.824478146430916,-36.58175865448789,-7.0671976383739405,1030.985446425796,0.06193662435031848,81.83641644556741,5.985284672481714,0.356047978321389,857.3457027633963,-122.0222926691298,-0.0,-590.0761140342603,2015.164025251205,-840.0637045045179,-867.9198529920424,-404.9179389487456
Reducción,AP0198,0.9001366672661761,tasa_gn_nm3_min,15.984250325634394,1.1303826652648143,0.7475173020317822,1.5132480284978465,-0.06304825590791971,-0.1366876153054273,0.010591103489587889,-21.366704618617977,-36.12398512667495,-6.609424110561001,1031.4432199536088,0.06918382601393255,72.7238723265826,5.985284672481714,0.356047978321389,857.3457027633963,-122.74322343884916,-0.0,-575.5817107070322,2040.3689703696214,-894.4969100247151,-867.9198529920424,-420.3727267930175
Reducción,AP0198,0.9001366672661761,tasa_gn_nm3_min,16.785284514211483,1.143748071372227,0.7608827081391949,1.5266134346052591,-0.06664437294940306,-0.14028373234691066,0.006994986448104534,-20.908931090805037,-35.66621159886201,-6.151650582748061,1031.900993481422,0.07723465089464615,64.48107329628469,5.985284672481714,0.356047978321389,857.3457027633963,-123.46415420856854,-0.0,-559.480060945605,2064.493862528654,-945.5168079643506,-867.9198529920424,-431.88701358191247
Reducción,AP0198,0.9001366672661761,tasa_gn_nm3_min,17.586318702788574,1.156596881924675,0.7737315186916429,1.5394622451577071,-0.07003277947089462,-0.14367213886840222,0.0036065799266129794,-20.451157562992094,-35.20843807104907,-5.693877054935118,1032.3587670092347,0.08672576578748187,56.98917204561039,5.985284672481714,0.356047978321389,857.3457027633963,-124.18508497828793,-0.0,-540.4978311599335,2087.6862867960863,-993.5898136285892,-867.9198529920424,-438.50629596276667
Reducción,AP0198,0.9001366672661761,tasa_gn_nm3_min,18.387352891365666,1.1689966124645488,0.7861312492315167,1.5518619756975809,-0.07324062183144181,-0.1468799812289494,0.0003987375660657877,-19.993384035179155,-34.75066454323613,-5.236103527122179,1032.8165405370478,0.09763853769153319,50.15003131731142,5.985284672481714,0.356047978321389,857.3457027633963,-124.90601574800732,-0.0,-518.672287351831,2110.068110413822,-1039.1010658914042,-867.9198529920424,-440.53111156946284
Reducción,AP0198,0.9001366672661761,tasa_gn_nm3_min,19.188387079942757,1.1810035045782792,0.7981381413452471,1.5638688678113113,-0.07629051340634486,-0.14992987280385245,-0.002651154008837267,-19.535610507366215,-34.292891015423194,-4.778329999309239,1033.2743140648606,0.10966655531492732,43.88190111960403,5.985284672481714,0.356047978321389,857.3457027633963,-125.62694651772668,-0.0,-494.6162521050427,2131.740850851408,-1082.3713919357208,-867.9198529920424,-438.79359269912436
Reducción,AP0198,0.9001366672661761,tasa_gn_nm3_min,19.98942126851985,1.1926647847971956,0.8097994215641635,1.5755301480302277,-0.07920144283630236,-0.15284080223380997,-0.00556208343879476,-19.077836979553272,-33.83511748761025,-4.320556471496296,1033.7320875926737,0.12463159514375281,38.11613529947103,5.985284672481714,0.356047978321389,857.3457027633963,-126.34787728744607,-0.0,-464.68617244739164,2152.789753178558,-1123.6701930349898,-867.9198529920424,-429.8343425833119
Reducción,AP0198,0.9001366672661761,tasa_gn_nm3_min,20.790455457096936,1.2040204013000613,0.8211550380670292,1.5868857645330934,-0.08198947231330173,-0.15562883171080932,-0.008350112915794128,-18.620063451740332,-33.37734395979731,-3.8627829436833565,1034.1898611204865,0.14152499128046944,32.794667157644014,5.985284672481714,0.356047978321389,857.3457027633963,-127.06880805716546,-0.0,-430.8993801739584,2173.286924856643,-1163.225351481815,-867.9198529920424,-415.82646784833827
Reducción,AP0198,0.9001366672661761,tasa_gn_nm3_min,21.591489645674027,1.2151043740304908,0.8322390107974587,1.5979697372635229,-0.08466828043002597,-0.15830763982753357,-0.011028921032518374,-18.162289923927393,-32.91957043198437,-3.405009415870417,1034.6476346482996,0.16042976844405987,27.86804698462132,5.985284672481714,0.356047978321389,857.3457027633963,-127.78973882688484,-0.0,-393.08982584677756,2193.2937727343865,-1201.230932262012,-867.9198529920424,-396.73657719333016
Reducción,AP0198,0.9001366672661761,tasa_gn_nm3_min,22.392523834251115,1.22594585503277,0.8430804917997379,1.608811218265802,-0.08724958851512264,-0.16088894791263025,-0.013610229117615044,-17.704516396114453,-32.46179690417143,-2.9472358880574774,1035.1054081761124,0.18236268130847053,23.29390080889666,5.985284672481714,0.356047978321389,857.3457027633963,-128.5106695966042,-0.0,-349.2240001179562,2212.8629169805254,-1237.8532316847427,-867.9198529920424,-370.6448374108201
Reducción,AP0198,0.9001366672661761,tasa_gn_nm3_min,23.193558022828206,1.2365699690632443,0.8537046058302122,1.6194353322962765,-0.0897434986226161,-0.1633828580201237,-0.016104139225108505,-17.24674286830151,-32.00402337635849,-2.4894623602445343,1035.5631817039255,0.20578747481476709,19.035708525774247,5.985284672481714,0.356047978321389,857.3457027633963,-129.2316003663236,-0.0,-302.3744131053631,2232.0397084083825,-1273.2355726061207,-867.9198529920424,-340.72173066146735
Reducción,AP0198,0.9001366672661761,tasa_gn_nm3_min,23.994592211405298,1.2469984858241465,0.8641331225911144,1.6298638490571786,-0.09215876382079637,-0.16579812321830395,-0.01851940442328877,-16.78896934048857,-31.546249848545546,-2.0316888324315947,1036.0209552317383,0.2314041228255497,15.061826771479653,5.985284672481714,0.356047978321389,857.3457027633963,-129.95253113604298,-0.0,-251.1411170837979,2250.8634418747297,-1307.502139151875,-867.9198529920424,-305.6521984890287
Reducción,AP0198,0.9001366672661761,tasa_gn_nm3_min,24.79562639998239,1.2572503618964792,0.8743849986634471,1.6401157251295113,-0.09450300609026208,-0.16814236548776967,-0.02086364669275448,-16.33119581267563,-31.088476320732607,-1.5739153046186551,1036.4787287595514,0.2574383630004336,11.344701196295333,5.985284672481714,0.356047978321389,857.3457027633963,-130.67346190576237,-0.0,-199.07263673403008,2269.368334482192,-1340.761068145072,-867.9198529920424,-269.0586852947147
Reducción,AP0198,0.9001366672661761,tasa_gn_nm3_min,25.59666058855948,1.2673421809158478,0.8844768176828157,1.65020754414888,-0.0967828933079275,-0.1704222527054351,-0.0231435339104199,-15.87342228486269,-30.630702792919664,-1.1161417768057138,1036.9365022873642,0.2835408207365366,7.86022664671298,5.985284672481714,0.356047978321389,857.3457027633963,-131.39439267548175,-0.0,-146.86772126182413,2287.584320107628,-1373.1069600660946,-867.9198529920424,-231.70460688781472
Reducción,AP0198,0.9001366672661761,tasa_gn_nm3_min,26.39769477713657,1.2772885136058658,0.8944231503728337,1.660153876838898,-0.09900428400770643,-0.17264364340521404,-0.025364924610198833,-15.415648757049748,-30.172929265106724,-0.6583682489927725,1037.3942758151773,0.30819738334952496,4.5872238386600985,5.985284672481714,0.356047978321389,857.3457027633963,-132.1153234452011,-0.0,-97.55459603584737,2305.5376992714278,-1404.622932844341,-867.9198529920424,-196.67500604600403
Reducción,AP0198,0.9001366672661761,tasa_gn_nm3_min,27.19872896571366,1.2871022141911475,0.9042368509581153,1.6699675774241796,-0.10117234656097376,-0.17481170595848136,-0.027532987163466166,-14.957875229236809,-29.715155737293784,-0.2005947211798329,1037.85204934299,0.3290893283350535,1.5070085062178857,5.985284672481714,0.356047978321389,857.3457027633963,-132.8362542149205,-0.0,-55.77070606479029,2323.2516741703757,-1435.3823127306023,-867.9198529920424,-168.65745183197967
Reducción,AP0198,0.9001366672661761,tasa_gn_nm3_min,27.99976315429075,1.296794665930524,0.913929302697492,1.6796600291635562,-0.10329165789950574,-0.17693101729701333,-0.029652298501998145,-14.500101701423867,-29.257382209480845,0.25717880663310844,1038.3098228708031,0.3446950756576426,-1.3969654933338185,5.985284672481714,0.356047978321389,857.3457027633963,-133.5571849846399,-0.0,-24.559211419612037,2340.746791871244,-1465.4500349284351,-867.9198529920424,-150.7394924534853
Reducción,AP0198,0.9001366672661761,tasa_gn_nm3_min,28.800797342867842,1.3063759856762898,0.9235106224432577,1.6892413489093219,-0.10536628576378253,-0.17900564516129014,-0.03172692636627493,-14.042328173610928,-28.799608681667905,0.714952334446048,1038.767596398616,0.3561075518749221,-4.139403516732701,5.985284672481714,0.356047978321389,857.3457027633963,-134.27811575435928,-0.0,-1.7342589850530832,2358.0413135453446,-1494.8838104916645,-867.9198529920424,-140.77472467777466
Reducción,AP0198,0.9001366672661761,tasa_gn_nm3_min,29.601831531444933,1.315855195220853,0.9329898319878209,1.6987205584538851,-0.1073998575973126,-0.1810392169948202,-0.033760498199805006,-13.584554645797986,-28.341835153854962,1.1727258622589893,1039.225369926429,0.34843899807150847,-6.733419195759904,5.985284672481714,0.356047978321389,857.3457027633963,-134.99904652407864,-0.0,-17.071366591880356,2375.15152375352,-1523.735103762371,-867.9198529920424,-168.57384611685228
Reducción,AP0198,0.9001366672661761,tasa_o2_nm3_min,2.936241586406579,1.3399962663229268,0.9571309030898947,1.722861629555959,-0.11865615396826512,-0.19229551336577272,-0.04501679457075752,-1.0780415301865987,-15.835322038243575,13.679238977870376,1051.7318830420404,0.042203972539042206,-51.57359250452579,5.985284672481714,0.356047978321389,857.3457027633963,-126.20358541051854,-0.0,-629.5414176568128,2418.7267606195405,-1683.4337691282224,-867.9198529920424,-888.3718645680556
Reducción,AP0198,0.9001366672661761,tasa_o2_nm3_min,4.11154540146219,1.3385975201330016,0.9557321568999695,1.7214628833660337,-0.11809375211317008,-0.19173311151067768,-0.04445439271566248,-1.6352092743377569,-16.392489782394733,13.122071233719218,1051.1747152978892,0.047497423340567176,-49.54044413888849,5.985284672481714,0.356047978321389,857.3457027633963,-126.55617655503522,-0.0,-618.954516053763,2416.201988778071,-1675.4546947774681,-867.9198529920424,-872.6832516002376
Reducción,AP0198,0.9001366672661761,tasa_o2_nm3_min,5.286849216517801,1.3371987739430764,0.9543334107100443,1.7200641371761085,-0.11753135025807504,-0.19117070965558264,-0.04389199086056744,-2.192377018488913,-16.949657526545888,12.564903489568064,1050.617547553738,0.05341263514979072,-47.5072957732512,5.985284672481714,0.356047978321389,857.3457027633963,-126.9087676995519,-0.0,-607.1240924353158,2413.6772169366013,-1667.4756204267137,-867.9198529920424,-855.7511166170224
Reducción,AP0198,0.9001366672661761,tasa_o2_nm3_min,6.462153031573412,1.3358000277531514,0.9529346645201193,1.7186653909861835,-0.11696894840298,-0.1906083078004876,-0.0433295890054724,-2.7495447626400713,-17.506825270697046,12.007735745416905,1050.060379809587,0.0601850294732028,-45.474147407613906,5.985284672481714,0.356047978321389,857.3457027633963,-127.2613588440686,-0.0,-593.5793037884916,2411.152445095132,-1659.4965460759593,-867.9198529920424,-837.1046166054299
Reducción,AP0198,0.9001366672661761,tasa_o2_nm3_min,7.637456846629023,1.3344012815632262,0.9515359183301941,1.7172666447962583,-0.11640654654788497,-0.19004590594539256,-0.042767187150377375,-3.3067125067912295,-18.063993014848204,11.450568001265747,1049.5032120654357,0.06781609393230165,-43.44099904197661,5.985284672481714,0.356047978321389,857.3457027633963,-127.61394998858528,-0.0,-578.317174870294,2408.627673253662,-1651.517471725205,-867.9198529920424,-816.7407763224646
Reducción,AP0198,0.9001366672661761,tasa_o2_nm3_min,8.812760661684635,1.333002535373301,0.9501371721402689,1.7158678986063332,-0.11584414469278993,-0.18948350409029752,-0.042204785295282335,-3.863880250942388,-18.621160758999363,10.893400257114587,1048.9460443212845,0.07658136959396286,-41.40785067633931,5.985284672481714,0.356047978321389,857.3457027633963,-127.96654113310196,-0.0,-560.7866235469717,2406.1029014121928,-1643.5383973744506,-867.9198529920424,-794.1085136343738
Reducción,AP0198,0.9001366672661761,tasa_o2_nm3_min,9.988064476740245,1.331603789183376,0.948738425950344,1.7144691524164082,-0.11528174283769489,-0.18892110223520248,-0.041642383440187294,-4.421047995093546,-19.17832850315052,10.33623251296343,1048.3888765771333,0.08627216709627847,-39.37470231070202,5.985284672481714,0.356047978321389,857.3457027633963,-128.31913227761865,-0.0,-541.4050285423405,2403.5781295707234,-1635.5593230236964,-867.9198529920424,-769.6252072649745
Reducción,AP0198,0.9001366672661761,tasa_o2_nm3_min,11.163368291795857,1.3302050429934509,0.9473396797604188,1.713070406226483,-0.11471934098259985,-0.18835870038010744,-0.041079981585092254,-4.978215739244704,-19.73549624730168,9.779064768812272,1047.8317088329823,0.0973991453493983,-37.34155394506472,5.985284672481714,0.356047978321389,857.3457027633963,-128.67172342213533,-0.0,-519.1510720361007,2401.0533577292535,-1627.580248672942,-867.9198529920424,-742.2695393939667
Reducción,AP0198,0.9001366672661761,tasa_o2_nm3_min,12.338672106851467,1.3288062968035257,0.9459409335704936,1.7116716600365578,-0.11415693912750481,-0.1877962985250124,-0.04051757972999721,-5.535383483395862,-20.292663991452837,9.221897024661114,1047.274541088831,0.10977421628012204,-35.30840557942742,5.985284672481714,0.356047978321389,857.3457027633963,-129.024314566652,-0.0,-494.4009301746532,2398.5285858877837,-1619.6011743221875,-867.9198529920424,-712.4176861677513
Reducción,AP0198,0.9001366672661761,tasa_o2_nm3_min,13.513975921907077,1.3274075506136007,0.9445421873805686,1.7102729138466328,-0.11359453727240978,-0.18723389666991738,-0.03995517787490219,-6.092551227547019,-20.849831735603995,8.664729280509956,1046.7173733446798,0.12334593161680356,-33.275257213790134,5.985284672481714,0.356047978321389,857.3457027633963,-129.3769057111687,-0.0,-467.2574995012901,2396.0038140463143,-1611.6220999714333,-867.9198529920424,-680.1725441296201
Reducción,AP0198,0.9001366672661761,tasa_o2_nm3_min,14.689279736962689,1.3260088044236755,0.9431434411906434,1.7088741676567076,-0.11303213541731474,-0.18667149481482234,-0.039392776019807146,-6.649718971698178,-21.406999479755154,8.107561536358798,1046.1602056005288,0.13810672964957632,-31.24210884815283,5.985284672481714,0.356047978321389,857.3457027633963,-129.72949685568537,-0.0,-437.73590343574466,2393.4790422048445,-1603.6430256206788,-867.9198529920424,-645.5492366993067
Reducción,AP0198,0.9001366672661761,tasa_o2_nm3_min,15.864583552018301,1.3246100582337503,0.9417446950007182,1.7074754214667824,-0.1124697335622197,-0.1861090929597273,-0.038830374164712106,-7.206886715849337,-21.964167223906312,7.550393792207639,1045.6030378563776,0.15399974125045318,-29.208960482515533,5.985284672481714,0.356047978321389,857.3457027633963,-130.08208800020205,-0.0,-405.94988023399094,2390.954270363375,-1595.6639512699246,-867.9198529920424,-608.6615021327848
Reducción,AP0198,0.9001366672661761,tasa_o2_nm3_min,17.03988736707391,1.3232113120438254,0.9403459488107933,1.7060766752768575,-0.11190733170712466,-0.18554669110463226,-0.038267972309617065,-7.7640544600004935,-22.52133496805747,6.993226048056482,1045.0458701122263,0.17097646617273504,-27.175812116878244,5.985284672481714,0.356047978321389,857.3457027633963,-130.43467914471873,-0.0,-371.9964303894272,2388.4294985219058,-1587.6848769191702,-867.9198529920424,-569.6063409234528
Reducción,AP0198,0.9001366672661761,tasa_o2_nm3_min,18.215191182129523,1.3218125658539002,0.9389472026208681,1.7046779290869323,-0.11134492985202962,-0.18498428924953722,-0.037705570454522025,-8.321222204151653,-23.07850271220863,6.436058303905323,1044.4887023680753,0.18930070996442688,-25.142663751240946,5.985284672481714,0.356047978321389,857.3457027633963,-130.78727028923544,-0.0,-335.34794280604353,2385.904726680436,-1579.7058025684157,-867.9198529920424,-527.8561419753012
Reducción,AP0198,0.9001366672661761,tasa_o2_nm3_min,19.390494997185137,1.3204138196639752,0.9375484564309431,1.7032791828970073,-0.11078252799693458,-0.18442188739444218,-0.037143168599426984,-8.878389948302814,-23.63567045635979,5.878890559754161,1043.931534623924,0.2086719884022224,-23.10951538560364,5.985284672481714,0.356047978321389,857.3457027633963,-131.13986143375212,-0.0,-296.6053859304525,2383.3799548389666,-1571.7267282176613,-867.9198529920424,-484.0118737349417
Reducción,AP0198,0.9001366672661761,tasa_o2_nm3_min,20.565798812240743,1.31901507347405,0.9361497102410179,1.7018804367070821,-0.11022012614183954,-0.18385948553934714,-0.036580766744331944,-9.435557692453969,-24.192838200510945,5.321722815603007,1043.3743668797729,0.22930933447143362,-21.07636701996635,5.985284672481714,0.356047978321389,857.3457027633963,-131.4924525782688,-0.0,-255.33069379203005,2380.8551829974967,-1563.7476538669068,-867.9198529920424,-437.63547023175124
Reducción,AP0198,0.9001366672661761,tasa_o2_nm3_min,21.741102627296357,1.3176163272841248,0.9347509640510927,1.700481690517157,-0.10965772428674452,-0.18329708368425213,-0.03601836488923692,-9.992725436605129,-24.750005944662107,4.764555071451847,1042.8171991356219,0.2512398973679146,-19.043218654329053,5.985284672481714,0.356047978321389,857.3457027633963,-131.84504372278548,-0.0,-211.46956799906812,2378.3304111560274,-1555.7685795161526,-867.9198529920424,-388.6726330740212
Reducción,AP0198,0.9001366672661761,tasa_o2_nm3_min,22.916406442351963,1.3162175810941998,0.9333522178611677,1.699082944327232,-0.10909532243164947,-0.1827346818291571,-0.03545596303414188,-10.549893180756285,-25.30717368881326,4.20738732730069,1042.2600313914706,0.2730151729527265,-17.010070288691765,5.985284672481714,0.356047978321389,857.3457027633963,-132.19763486730216,-0.0,-167.91901682944433,2375.805639314558,-1547.7895051653984,-867.9198529920424,-340.0203705396293
Reducción,AP0198,0.9001366672661761,tasa_o2_nm3_min,24.091710257407577,1.3148188349042746,0.9319534716712425,1.6976841981373068,-0.10853292057655443,-0.18217227997406205,-0.034893561179046836,-11.107060924907444,-25.86434143296442,3.650219583149532,1041.7028636473194,0.2941734068660845,-14.976921923054464,5.985284672481714,0.356047978321389,857.3457027633963,-132.55022601181884,-0.0,-125.60254900272827,2373.280867473088,-1539.810430814644,-867.9198529920424,-292.60219134814525
Reducción,AP0198,0.9001366672661761,tasa_o2_nm3_min,25.26701407246319,1.3134200887143495,0.9305547254813173,1.6962854519473816,-0.1079705187214594,-0.181609878118967,-0.034331159323951796,-11.664228669058604,-26.42150917711558,3.093051838998372,1041.1456959031684,0.31388106395611687,-12.943773557417163,5.985284672481714,0.356047978321389,857.3457027633963,-132.90281715633552,-0.0,-86.18723482266356,2370.7560956316183,-1531.8313564638895,-867.9198529920424,-248.08516580331255
Reducción,AP0198,0.9001366672661761,tasa_o2_nm3_min,26.442317887518797,1.3120213425244245,0.9291559792913924,1.6948867057574566,-0.10740811686636435,-0.18104747626387196,-0.033768757468856755,-12.22139641320976,-26.978676921266736,2.5358840948472157,1040.5885281590172,0.3306694158744662,-10.910625191779875,5.985284672481714,0.356047978321389,857.3457027633963,-133.2554083008522,-0.0,-52.61053098596491,2368.231323790149,-1523.852282113135,-867.9198529920424,-209.40675060184557
Reducción,AP0198,0.9001366672661761,tasa_o2_nm3_min,27.61762170257441,1.3106225963344993,0.9277572331014672,1.6934879595675314,-0.10684571501126931,-0.18048507440877692,-0.033206355613761715,-12.778564157360918,-27.535844665417894,1.9787163506960574,1040.031360414866,0.3433034157385114,-8.877476826142574,5.985284672481714,0.356047978321389,857.3457027633963,-133.60799944536888,-0.0,-27.342531257874448,2365.7065519486796,-1515.8732077623808,-867.9198529920424,-179.037039508987
Reducción,AP0198,0.9001366672661761,tasa_o2_nm3_min,28.792925517630025,1.309223850144574,0.926358486911542,1.6920892133776062,-0.10628331315617429,-0.17992267255368188,-0.03264395375866669,-13.335731901512078,-28.093012409569056,1.4215486065448975,1039.4741926707147,0.35173385738856866,-6.844328460505274,5.985284672481714,0.356047978321389,857.3457027633963,-133.96059058988558,-0.0,-10.481647957759964,2363.1817801072098,-1507.8941334116266,-867.9198529920424,-157.07444484410476
Reducción,AP0198,0.9001366672661761,tasa_o2_nm3_min,29.96822933268563,1.3078251039546491,0.924959740721617,1.6906904671876812,-0.10572091130107925,-0.17936027069858684,-0.03208155190357165,-13.892899645663233,-28.650180153720207,0.8643808623937428,1038.9170249265637,0.3567265688410807,-4.811180094867986,5.985284672481714,0.356047978321389,857.3457027633963,-134.31318173440226,-0.0,-0.4962250527358325,2360.6570082657404,-1499.9150590608722,-867.9198529920424,-141.9873105743123
Reducción,AP0198,0.9001366672661761,tasa_o2_nm3_min,31.14353314774124,1.306426357764724,0.9235609945316918,1.689291720997756,-0.1051585094459842,-0.1787978688434918,-0.03151915004847661,-14.450067389814391,-29.207347897871365,0.30721311824258457,1038.3598571824125,0.3472762870718572,-2.778031729230685,5.985284672481714,0.356047978321389,857.3457027633963,-134.66577287891894,-0.0,-19.39678859118288,2358.1322364242706,-1491.9359847101177,-867.9198529920424,-155.78616274799134
Reducción,AP0198,0.9001366672661761,tasa_aire_nm3_min,73.88206441938546,1.2877523381215057,0.9048869748884736,1.6706177013545378,-0.11414187319621757,-0.18778123259372517,-0.04050251379870998,-11.430987956170705,-26.188268464227683,3.3262925518862705,1041.3789366160563,0.020229477065667984,-20.987518880243634,5.985284672481714,0.356047978321389,857.3457027633963,-134.37058664268577,-0.0,-673.4904086035614,2324.4251641177707,-1619.3874264747806,-867.9198529920424,-970.7431105952994
Reducción,AP0198,0.9001366672661761,tasa_aire_nm3_min,76.20722122547167,1.2887678031174323,0.9059024398844002,1.6716331663504644,-0.11370628964686669,-0.18734564904437429,-0.04006693024935909,-11.561604979432706,-26.31888548748968,3.1956755286242693,1041.2483195927941,0.021938106217233015,-20.142842272448068,5.985284672481714,0.356047978321389,857.3457027633963,-134.37058664268577,-0.0,-670.0731503004313,2326.2581038220433,-1613.2075863929074,-867.9198529920424,-959.3130725060236
Reducción,AP0198,0.9001366672661761,tasa_aire_nm3_min,78.5323780315579,1.2897832681133594,0.9069179048803273,1.6726486313463915,-0.11327070609751579,-0.18691006549502337,-0.03963134670000819,-11.692222002694708,-26.449502510751685,3.065058505362268,1041.1177025695322,0.02391203124954011,-19.29816566465248,5.985284672481714,0.356047978321389,857.3457027633963,-134.37058664268577,-0.0,-666.125300235817,2328.0910435263163,-1607.0277463110338,-867.9198529920424,-947.3524426552626
Reducción,AP0198,0.9001366672661761,tasa_aire_nm3_min,80.85753483764411,1.290798733109286,0.907933369876254,1.6736640963423182,-0.11283512254816491,-0.1864744819456725,-0.039195763150657315,-11.822839025956707,-26.580119534013683,2.9344414821002687,1040.9870855462702,0.0257469939179639,-18.453489056856913,5.985284672481714,0.356047978321389,857.3457027633963,-134.37058664268577,-0.0,-662.4553748989695,2329.923983230589,-1600.8479062291608,-867.9198529920424,-935.6697375322696
Reducción,AP0198,0.9001366672661761,tasa_aire_nm3_min,83.18269164373032,1.2918141981052127,0.9089488348721806,1.6746795613382448,-0.11239953899881402,-0.18603889839632162,-0.03876017960130643,-11.953456049218707,-26.71073655727568,2.8038244588382693,1040.8564685230083,0.027910596353866213,-17.608812449061336,5.985284672481714,0.356047978321389,857.3457027633963,-134.37058664268577,-0.0,-658.1281700271649,2331.7569229348614,-1594.6680661472874,-867.9198529920424,-923.329752874319
Reducción,AP0198,0.9001366672661761,tasa_aire_nm3_min,85.50784844981654,1.2928296631011396,0.9099642998681075,1.6756950263341717,-0.11196395544946315,-0.18560331484697074,-0.03832459605195555,-12.084073072480708,-26.841353580537685,2.673207435576268,1040.725851499746,0.03073509210132144,-16.76413584126576,5.985284672481714,0.356047978321389,857.3457027633963,-134.37058664268577,-0.0,-652.4791785322544,2333.5898626391345,-1588.4882260654142,-867.9198529920424,-909.6679815932623
Reducción,AP0198,0.9001366672661761,tasa_aire_nm3_min,87.83300525590276,1.2938451280970664,0.9109797648640343,1.6767104913300985,-0.11152837190011226,-0.18516773129761988,-0.037889012502604666,-12.214690095742709,-26.971970603799683,2.542590412314267,1040.5952344764842,0.035271064217131616,-15.919459233470182,5.985284672481714,0.356047978321389,857.3457027633963,-134.37058664268577,-0.0,-643.4072343006341,2335.422802343407,-1582.308385983541,-867.9198529920424,-892.5832575754962
Reducción,AP0198,0.9001366672661761,tasa_aire_nm3_min,90.15816206198897,1.294860593092993,0.911995229859961,1.6777259563260252,-0.11109278835076139,-0.184732147748269,-0.03745342895325379,-12.345307119004708,-27.102587627061684,2.4119733890522674,1040.4646174532222,0.04055098860551904,-15.074782625674604,5.985284672481714,0.356047978321389,857.3457027633963,-134.37058664268577,-0.0,-632.8473855238592,2337.2557420476796,-1576.1285459016678,-867.9198529920424,-874.0106290125756
Reducción,AP0198,0.9001366672661761,tasa_aire_nm3_min,92.48331886807519,1.29587605808892,0.9130106948558878,1.678741421321952,-0.11065720480141049,-0.1842965641989181,-0.03701784540390289,-12.475924142266708,-27.233204650323685,2.281356365790268,1040.3340004299603,0.047151342517106655,-14.23010601787904,5.985284672481714,0.356047978321389,857.3457027633963,-134.37058664268577,-0.0,-619.6466777006839,2339.0886817519527,-1569.9487058197944,-867.9198529920424,-852.7971414032538
Reducción,AP0198,0.9001366672661761,tasa_aire_nm3_min,94.8084756741614,1.2968915230848468,0.9140261598518147,1.679756886317879,-0.11022162125205962,-0.1838609806495672,-0.03658226185455202,-12.606541165528709,-27.363821673585683,2.150739342528267,1040.2033834066983,0.0577407442324597,-13.38542941008346,5.985284672481714,0.356047978321389,857.3457027633963,-134.37058664268577,-0.0,-598.4678742699779,2340.9216214562252,-1563.7688657379213,-867.9198529920424,-823.605558186402
Reducción,AP0198,0.9001366672661761,tasa_aire_nm3_min,97.13363248024763,1.2979069880807734,0.9150416248477413,1.6807723513138055,-0.10978603770270873,-0.18342539710021633,-0.03614667830520113,-12.737158188790708,-27.494438696847684,2.0201223192662674,1040.0727663834361,0.07149493370192997,-12.540752802287884,5.985284672481714,0.356047978321389,857.3457027633963,-134.37058664268577,-0.0,-570.9594953310373,2342.754561160498,-1557.589025656048,-867.9198529920424,-788.0843994613157
Reducción,AP0198,0.9001366672661761,tasa_aire_nm3_min,99.45878928633384,1.2989224530767003,0.9160570898436682,1.6817878163097324,-0.10935045415335785,-0.18298981355086547,-0.035711094755850256,-12.86777521205271,-27.625055720109685,1.8895052960042662,1039.9421493601742,0.08884680441729761,-11.696076194492319,5.985284672481714,0.356047978321389,857.3457027633963,-134.37058664268577,-0.0,-536.2557539003021,2344.587500864771,-1551.409185574175,-867.9198529920424,-745.3678782444343
Reducción,AP0198,0.9001366672661761,tasa_aire_nm3_min,101.78394609242005,1.299937918072627,0.9170725548395948,1.682803281305659,-0.10891487060400697,-0.18255423000151455,-0.03527551120649937,-12.998392235314709,-27.755672743371683,1.7588882727422668,1039.8115323369123,0.11021424987221844,-10.85139958669673,5.985284672481714,0.356047978321389,857.3457027633963,-134.37058664268577,-0.0,-493.5208629904604,2346.4204405690434,-1545.2293454923017,-867.9198529920424,-694.6202075484468
Reducción,AP0198,0.9001366672661761,tasa_aire_nm3_min,104.10910289850628,1.3009533830685538,0.9180880198355217,1.683818746301586,-0.10847928705465608,-0.1821186464521637,-0.03483992765714848,-13.12900925857671,-27.886289766633688,1.6282712494802656,1039.6809153136503,0.13576475714834033,-10.006722978901164,5.985284672481714,0.356047978321389,857.3457027633963,-134.37058664268577,-0.0,-442.41984843821666,2348.253380273316,-1539.0495054104283,-867.9198529920424,-635.5064132100572
Reducción,AP0198,0.9001366672661761,tasa_aire_nm3_min,106.43425970459249,1.3019688480644807,0.9191034848314485,1.6848342112975128,-0.10804370350530519,-0.18168306290281278,-0.034404344107797594,-13.25962628183871,-28.016906789895685,1.4976542262182662,1039.5502982903881,0.16589488844689593,-9.162046371105587,5.985284672481714,0.356047978321389,857.3457027633963,-134.37058664268577,-0.0,-382.1595858411054,2350.086319977589,-1532.8696653285551,-867.9198529920424,-567.2333708267997
Reducción,AP0198,0.9001366672661761,tasa_aire_nm3_min,108.7594165106787,1.3029843130604073,0.9201189498273752,1.6858496762934394,-0.10760811995595432,-0.18124747935346192,-0.03396876055844672,-13.39024330510071,-28.147523813157687,1.367037202956265,1039.4196812671262,0.20064415028253016,-8.317369763310008,5.985284672481714,0.356047978321389,857.3457027633963,-134.37058664268577,-0.0,-312.66106216983695,2351.9192596818616,-1526.689825246682,-867.9198529920424,-489.72206736938546
Reducción,AP0198,0.9001366672661761,tasa_aire_nm3_min,111.08457331676493,1.3039997780563342,0.921134414823302,1.6868651412893663,-0.10717253640660343,-0.18081189580411103,-0.03353317700909583,-13.52086032836271,-28.278140836419688,1.2364201796942655,1039.2890642438642,0.23882565231464226,-7.472693155514431,5.985284672481714,0.356047978321389,857.3457027633963,-134.37058664268577,-0.0,-236.29805810561277,2353.752199386134,-1520.5099851648088,-867.9198529920424,-405.3462835190155
Reducción,AP0198,0.9001366672661761,tasa_aire_nm3_min,113.40973012285114,1.305015243052261,0.9221498798192289,1.6878806062852931,-0.10673695285725256,-0.18037631225476014,-0.03309759345974496,-13.651477351624711,-28.408757859681685,1.1058031564322643,1039.1584472206023,0.2795305784239293,-6.628016547718854,5.985284672481714,0.356047978321389,857.3457027633963,-134.37058664268577,-0.0,-154.88820588703868,2355.585139090407,-1514.3301450829356,-867.9198529920424,-315.9236515142952
Reducción,AP0198,0.9001366672661761,tasa_aire_nm3_min,115.73488692893736,1.3060307080481877,0.9231653448151556,1.6888960712812198,-0.10630136930790167,-0.17994072870540928,-0.03266200991039407,-13.78209437488671,-28.539374882943687,0.9751861331702649,1039.02783019734,0.31760927501961356,-5.783339939923289,5.985284672481714,0.356047978321389,857.3457027633963,-134.37058664268577,-0.0,-78.73081269567017,2357.41807879468,-1508.1503050010622,-867.9198529920424,-231.75347853678073
Reducción,AP0198,0.9001366672661761,tasa_aire_nm3_min,118.06004373502358,1.3070461730441143,0.9241808098110822,1.6899115362771464,-0.10586578575855077,-0.17950514515605837,-0.03222642636104317,-13.912711398148712,-28.669991906205688,0.8445691099082637,1038.8972131740782,0.34695731685018283,-4.9386633321277,5.985284672481714,0.356047978321389,857.3457027633963,-134.37058664268577,-0.0,-20.03472903453163,2359.2510184989524,-1501.9704649191888,-867.9198529920424,-165.0446150894962
Reducción,AP0198,0.9001366672661761,tasa_aire_nm3_min,120.38520054110978,1.3080616380400414,0.9251962748070093,1.6909270012730735,-0.1054302022091999,-0.1790695616067075,-0.031790842811692296,-14.043328421410711,-28.800608929467685,0.7139520866462643,1038.7665961508162,0.3534172270011607,-4.093986724332134,5.985284672481714,0.356047978321389,857.3457027633963,-134.37058664268577,-0.0,-7.11490873257592,2361.0839582032254,-1495.7906248373156,-867.9198529920424,-144.11201500139427
Reducción,AP0198,0.9001366672661761,tasa_aire_nm3_min,122.71035734719601,1.309077103035968,0.9262117398029359,1.6919424662690001,-0.104994618659849,-0.1786339780573566,-0.03135525926234141,-14.173945444672713,-28.93122595272969,0.5833350633842631,1038.6359791275543,0.3336949446279602,-3.2493101165365568,5.985284672481714,0.356047978321389,857.3457027633963,-134.37058664268577,-0.0,-46.55947347897693,2362.916897907498,-1489.6107847554424,-867.9198529920424,-175.54379996164954
Reducción,AP0198,0.9001366672661761,tasa_aire_nm3_min,125.03551415328222,1.3100925680318947,0.9272272047988626,1.6929579312649268,-0.10455903511049813,-0.17819839450800573,-0.030919675712990535,-14.304562467934712,-29.061842975991688,0.4527180401222637,1038.5053621042923,0.30160829670844513,-2.4046335087409796,5.985284672481714,0.356047978321389,857.3457027633963,-134.37058664268577,-0.0,-110.73276931800702,2364.7498376117705,-1483.4309446735692,-867.9198529920424,-231.70431601453384
Reducción,AP0198,0.9001366672661761,tasa_aire_nm3_min,127.36067095936843,1.3111080330278215,0.9282426697947894,1.6939733962608536,-0.10412345156114726,-0.17776281095865487,-0.03048409216363966,-14.435179491196712,-29.192459999253686,0.32210101686026427,1038.3747450810301,0.2641973487915118,-1.5599569009454142,5.985284672481714,0.356047978321389,857.3457027633963,-134.37058664268577,-0.0,-185.55466515187368,2366.5827773160436,-1477.2511045916963,-867.9198529920424,-298.51343206225454
Reducción,AP0198,0.9001366672661761,tasa_aire_nm3_min,129.68582776545466,1.3121234980237484,0.9292581347907163,1.6949888612567805,-0.10368786801179636,-0.17732722740930396,-0.03004850861428876,-14.565796514458713,-29.32307702251569,0.19148399359826307,1038.2441280577682,0.22579146020852758,-0.7152802931498246,5.985284672481714,0.356047978321389,857.3457027633963,-134.37058664268577,-0.0,-262.36644231784214,2368.415717020316,-1471.0712645098226,-867.9198529920424,-367.3124294420768
Reducción,AP0290,0.9650275173655378,tasa_feed_Carbon_kg_min,3.294660545117927,0.2934771838616841,-0.08938817937134808,0.6763425470947162,0.010245261480577252,-0.06339409791693035,0.08388462087808485,-9.036136500856722,-23.7934170089137,5.7211440072002535,1019.6003836378974,0.27326216507394835,-5.995598963920716,,0.04734959382167942,0.0,-29.102876499946674,-0.0,-603.4721886382519,529.7336537999363,145.35461139727457,-867.9198529920424,-825.40665293303
Reducción,AP0290,0.9650275173655378,tasa_feed_Carbon_kg_min,5.916107315446935,0.2959324709714615,-0.08693289226157064,0.6787978342044937,0.010237284477343702,-0.06340207492016389,0.0838766438748513,-8.918836507013678,-23.676117015070652,5.838444001043298,1019.7176836317404,0.30087221034511125,-5.995598963920716,,0.0850240182731335,0.0,-32.37968496285794,-0.0,-548.252098095926,534.1655084152623,145.2414376918181,-867.9198529920425,-769.1446899437461
Reducción,AP0290,0.9650275173655378,tasa_feed_Carbon_kg_min,8.537554085775941,0.29838775808123896,-0.0844776051517932,0.6812531213142712,0.010229307474110152,-0.06341005192339745,0.08386866687161774,-8.801536513170634,-23.55881702122761,5.955743994886342,1019.8349836255835,0.330397629878475,-5.995598963920716,,0.12269844272458756,0.0,-35.65649342576919,-0.0,-489.2012590291985,538.5973630305883,145.12826398636162,-867.9198529920425,-709.0519784300602
Reducción,AP0290,0.9650275173655378,tasa_feed_Carbon_kg_min,11.15900085610495,0.3008430451910164,-0.08202231804201576,0.6837084084240486,0.0102213304708766,-0.063418028926631,0.0838606898683842,-8.684236519327591,-23.441517027384567,6.073043988729385,1019.9522836194266,0.36079355347277403,-5.995598963920716,,0.16037286717604163,0.0,-38.933301888680454,-0.0,-428.40941184060046,543.0292176459143,145.01509028090513,-867.9198529920425,-647.218258794504
Reducción,AP0290,0.9650275173655378,tasa_feed_Carbon_kg_min,13.780447626433958,0.30329833230079384,-0.07956703093223833,0.686163695533826,0.01021335346764305,-0.06342600592986455,0.08385271286515064,-8.566936525484547,-23.324217033541522,6.190343982572429,1020.0695836132696,0.3937129253249949,-5.995598963920716,,0.19804729162749574,0.0,-42.210110351591716,-0.0,-362.5706681361587,547.4610722612404,144.90191657544864,-867.9198529920424,-580.3376426431038
Reducción,AP0290,0.9650275173655378,tasa_feed_Carbon_kg_min,16.401894396762966,0.3057536194105712,-0.07711174382246094,0.6886189826436033,0.0102053764644095,-0.0634339829330981,0.0838447358619171,-8.449636531641502,-23.206917039698478,6.3076439764154735,1020.1868836071126,0.42884820629404985,-5.995598963920716,,0.23572171607894982,58.03632054220526,-45.48691881450298,-0.0,-292.3001061980488,551.8929268765663,144.78874286999215,-867.9198529920424,-509.02520825803566
Reducción,AP0290,0.9650275173655378,tasa_feed_Carbon_kg_min,19.02334116709197,0.30820890652034866,-0.0746564567126835,0.6910742697533808,0.01019739946117595,-0.06344195993633164,0.08383675885868355,-8.332336537798458,-23.089617045855434,6.424943970258518,1020.3041836009556,0.4664810763179981,-5.995598963920716,,0.27339614053040384,123.57248980043039,-48.763727277414226,-0.0,-217.03436615015227,556.3247814918923,144.67556916453566,-867.9198529920425,-432.717595763181
Reducción,AP0290,0.9650275173655378,tasa_feed_Carbon_kg_min,21.64478793742098,0.3106641936301261,-0.07220116960290607,0.6935295568631583,0.010189422457942398,-0.0634499369395652,0.08382878185545,-8.215036543955414,-22.97231705201239,6.542243964101562,1020.4214835947987,0.5021315297745274,-5.995598963920716,,0.3110705649818579,189.10865905865558,-52.04053574032549,-0.0,-145.7334592370938,560.7566361072184,144.56239545907917,-867.9198529920425,-360.37481640316423
Reducción,AP0290,0.9650275173655378,tasa_feed_Carbon_kg_min,24.266234707749987,0.31311948073990353,-0.06974588249312863,0.6959848439729357,0.010181445454708846,-0.06345791394279875,0.08382080485221645,-8.097736550112371,-22.855017058169345,6.659543957944605,1020.5387835886418,0.532925369125133,-5.995598963920716,,0.348744989433312,254.64482831688076,-55.31734420323675,-0.0,-84.14578053588251,565.1884907225443,144.44922175362265,-867.9198529920425,-297.7452652549948
Reducción,AP0290,0.9650275173655378,tasa_feed_Carbon_kg_min,26.887681478078996,0.31557476784968097,-0.06729059538335119,0.6984401310827131,0.010173468451475296,-0.0634658909460323,0.08381282784898289,-7.980436556269327,-22.737717064326304,6.776843951787649,1020.6560835824848,0.5554038224620705,-5.995598963920716,,0.3864194138847661,320.18099757510595,-58.59415266614801,-0.0,-39.188873862007426,569.6203453378704,144.33604804816616,-867.9198529920424,-251.74648613416127
Reducción,AP0290,0.9650275173655378,tasa_feed_Carbon_kg_min,29.509128248408004,0.3180300549594584,-0.06483530827357376,0.7008954181924906,0.010165491448241746,-0.06347386794926585,0.08380485084574935,-7.863136562426282,-22.620417070483256,6.894143945630693,1020.7733835763279,0.572208145056097,-5.995598963920716,,0.4240938383362202,385.71716683333125,-61.870961129059275,-0.0,-5.580228673954579,574.0521999531964,144.2228743427097,-867.9198529920425,-217.09596849915033
Reducción,AP0290,0.9650275173655378,tasa_feed_Carbon_kg_min,32.130575018737005,0.3204853420692358,-0.06238002116379637,0.703350705302268,0.010157514445008195,-0.06348184495249941,0.08379687384251579,-7.745836568583239,-22.503117076640216,7.011443939473737,1020.8906835701708,0.577707821442239,-5.995598963920716,,0.4617682627876742,451.2533360915562,-65.14776959197053,-0.0,-0.0,578.4840545685223,144.10970063725318,-867.9198529920425,-210.4738673782374
Reducción,AP0290,0.9650275173655378,tasa_feed_Carbon_kg_min,34.75202178906601,0.3229406291790132,-0.059924734054018935,0.7058059924120454,0.010149537441774645,-0.06348982195573295,0.08378889683928224,-7.6285365747401945,-22.38581708279717,7.128743933316781,1021.0079835640139,0.5702852956859652,-5.995598963920716,,0.49944268723912827,516.7895053497814,-68.42457805488178,-0.0,-9.425927414218105,582.9159091838483,143.99652693179672,-867.9198529920425,-218.8579223454973
Reducción,AP0290,0.9650275173655378,tasa_feed_Carbon_kg_min,37.37346855939502,0.32539591628879067,-0.0574694469442415,0.7082612795218228,0.010141560438541095,-0.0634977989589665,0.0837809198360487,-7.51123658089715,-22.268517088954127,7.246043927159826,1021.125283557857,0.5416099076334911,-5.995598963920716,,0.5371171116905824,582.3256746080067,-71.70138651779304,-0.0,-66.7767035191662,587.3477637991743,143.88335322634023,-867.9198529920425,-275.16682600348713
Reducción,AP0290,0.9650275173655378,tasa_feed_Carbon_kg_min,39.99491532972403,0.3278512033985681,-0.05501415983446406,0.7107165666316002,0.010133583435307543,-0.06350577596220006,0.08377294283281514,-7.393936587054107,-22.151217095111083,7.363343921002869,1021.2425835517,0.505132991498669,-5.995598963920716,,0.5747915361420365,647.8618438662319,-74.97819498070429,-0.0,-139.73053578881056,591.7796184145003,143.77017952088374,-867.9198529920424,-347.0787858261732
Reducción,AP0290,0.9650275173655378,tasa_feed_Carbon_kg_min,42.61636210005304,0.33030649050834554,-0.05255887272468662,0.7131718537413777,0.010125606432073993,-0.0635137529654336,0.0837649658295816,-7.276636593211062,-22.033917101268038,7.480643914845913,1021.3598835455431,0.4658964780793259,-5.995598963920716,,0.6124659605934906,713.3980131244571,-78.25500344361556,-0.0,-218.20356262749675,596.2114730298264,143.65700581542725,-867.9198529920425,-424.50994021790115
Reducción,AP0290,0.9650275173655378,tasa_feed_Carbon_kg_min,45.23780887038205,0.332761777618123,-0.050103585614909185,0.7156271408511552,0.010117629428840442,-0.06352172996866716,0.08375698882634804,-7.159336599368018,-21.916617107424994,7.597943908688958,1021.4771835393861,0.4283041556447358,-5.995598963920716,,0.6501403850449446,778.9341823826824,-81.53181190652681,-0.0,-293.38820749667696,600.6433276451523,143.54383210997077,-867.9198529920425,-498.65271264012324
Reducción,AP0290,0.9650275173655378,tasa_feed_Carbon_kg_min,47.859255640711055,0.3352170647279004,-0.04764829850513175,0.7180824279609326,0.010109652425606892,-0.0635297069719007,0.08374901182311449,-7.042036605524975,-21.79931711358195,7.715243902532001,1021.5944835332291,0.3902230722230265,-5.995598963920716,,0.6878148094963987,844.4703516409074,-84.80862036943809,-0.0,-369.5503743400955,605.0751822604784,143.43065840451428,-867.9198529920425,-573.7730070365835
Reducción,AP0290,0.9650275173655378,tasa_feed_Carbon_kg_min,50.48070241104006,0.33767235183767785,-0.04519301139535431,0.72053771507071,0.010101675422373342,-0.06353768397513426,0.08374103481988093,-6.92473661168193,-21.682017119738905,7.8325438963750456,1021.7117835270722,0.3530879590059384,-5.995598963920716,,0.7254892339478528,910.0065208991327,-88.08542883234934,-0.0,-443.82060077427167,609.5070368758044,143.31748469905781,-867.9198529920424,-647.0013610238011
Reducción,AP0290,0.9650275173655378,tasa_feed_Carbon_kg_min,53.10214918136907,0.34012763894745524,-0.04273772428557693,0.7229930021804873,0.01009369841913979,-0.06354566097836781,0.08373305781664739,-6.807436617838887,-21.56471712589586,7.949843890218089,1021.8290835209152,0.3187388231913415,-5.995598963920716,,0.7631636583993068,975.5426901573578,-91.36223729526061,-0.0,-512.5188724034655,613.9388914911303,143.2043109936013,-867.9198529920424,-714.6577602060368
Reducción,AP0290,0.9650275173655378,tasa_feed_Carbon_kg_min,55.72359595169808,0.3425829260572327,-0.04028243717579949,0.7254482892902648,0.01008572141590624,-0.06355363798160135,0.08372508081341384,-6.690136623995842,-21.44741713205282,8.067143884061133,1021.9463835147583,0.2884716114407838,-5.995598963920716,,0.800838082850761,1041.078859415583,-94.63904575817186,-0.0,-573.0532959045809,618.3707461064564,143.09113728814484,-867.9198529920425,-774.1503112601939
Reducción,AP0290,0.9650275173655378,tasa_feed_Carbon_kg_min,58.34504272202708,0.3450382131670101,-0.03782715006602205,0.7279035764000423,0.01007774441267269,-0.06356161498483491,0.08371710381018029,-6.572836630152799,-21.330117138209776,8.184443877904176,1022.0636835086013,0.26040176258909625,-5.995598963920716,,0.8385125073022149,1106.6150286738082,-97.91585422108311,-0.0,-629.1929936079559,622.8026007217824,142.97796358268835,-867.9198529920425,-829.2481365166108
Reducción,AP0290,0.9650275173655378,tasa_feed_Carbon_kg_min,60.96648949235609,0.34749350027678755,-0.035371862956244615,0.7303588635098197,0.01006976740943914,-0.06356959198806846,0.08370912680694674,-6.455536636309755,-21.21281714436673,8.30174387174722,1022.1809835024444,0.23473375905104782,-5.995598963920716,,0.876186931753669,1172.1511979320333,-101.19266268399439,-0.0,-680.5290006840529,627.2344553371084,142.86478987723186,-867.9198529920425,-879.5422711457495
Reducción,AP0290,0.9650275173655378,tasa_feed_Carbon_kg_min,63.5879362626851,0.349948787386565,-0.03291657584646718,0.7328141506195971,0.01006179040620559,-0.06357756899130201,0.08370114980371318,-6.338236642466711,-21.095517150523687,8.419043865590265,1022.2982834962875,0.21108474104105115,-5.995598963920716,,0.9138613562051231,1237.6873671902586,-104.46947114690563,-0.0,-727.8270367040462,631.6663099524344,142.75161617177537,-867.9198529920424,-925.7984347187845
Reducción,AP0290,0.9650275173655378,tasa_feed_Carbon_kg_min,66.2093830330141,0.3524040744963424,-0.03046128873668974,0.7352694377293746,0.010053813402972038,-0.06358554599453556,0.08369317280047964,-6.220936648623667,-20.978217156680643,8.536343859433309,1022.4155834901304,0.1907547355470832,-5.995598963920716,,0.9515357806565773,1303.2235364484839,-107.74627960981691,-0.0,-768.4870476919821,636.0981645677605,142.63844246631888,-867.9198529920425,-965.4165732597621
Reducción,AP0290,0.9650275173655378,tasa_gn_nm3_min,10.37701100559476,0.08124325798076489,-0.3016221052522673,0.46410862121379703,0.0733355359888864,-0.00030382340862120105,0.146974895386394,-16.35527555278109,-31.112556060838067,-1.5979950447241151,1012.281244585973,0.1451820080699369,131.9693448502424,,0.4919693133645342,503.7892723719292,-56.35225220128225,-0.0,-859.6325026462748,146.64611173673012,1040.4476601679498,-867.9198529920425,-596.8108359349196
Reducción,AP0290,0.9650275173655378,tasa_gn_nm3_min,11.178045194171851,0.10037416358267404,-0.2824911996503581,0.4832395268157062,0.06742125169546723,-0.006218107702040371,0.14106061109297482,-15.897502024968146,-30.65478253302512,-1.1402215169111702,1012.739018113786,0.16327601001447206,115.34610056207686,,0.4919693133645342,503.7892723719292,-56.953027842715066,-0.0,-823.4444987572044,181.1778746208162,956.5387724550603,-867.9198529920425,-610.6007325160854
Reducción,AP0290,0.9650275173655378,tasa_gn_nm3_min,11.97907938274894,0.1179755911751905,-0.26488977205784164,0.5008409544082226,0.062121933345122796,-0.011517426052384802,0.13576129274263038,-15.439728497155208,-30.197009005212184,-0.6824479890982325,1013.1967916415989,0.18218348917257315,100.9460299543639,,0.4919693133645342,503.7892723719292,-57.553803484147885,-0.0,-785.6295404410022,212.94889146099823,881.3547119071629,-867.9198529920424,-616.7995935490312
Reducción,AP0290,0.9650275173655378,tasa_gn_nm3_min,12.780113571326032,0.13433513542702277,-0.2485302278060094,0.5172004986600549,0.05732194610977485,-0.01631741328773275,0.13096130550728244,-14.981954969342269,-29.739235477399244,-0.2246744612852929,1013.6545651694119,0.201064909452889,88.35109962342939,,0.4919693133645342,503.7892723719292,-58.1545791255807,-0.0,-747.8666998803704,242.47827782416175,813.2549098056193,-867.9198529920425,-618.2079443682126
Reducción,AP0290,0.9650275173655378,tasa_gn_nm3_min,13.581147759903121,0.1496725401400274,-0.23319282309300476,0.5325379033730595,0.05293293634621073,-0.02070642305129687,0.1265722957437183,-14.524181441529329,-29.281461949586305,0.23309906652764667,1014.1123386972248,0.21908075257707713,77.24190083392057,,0.4919693133645342,503.7892723719292,-58.75535476701352,-0.0,-711.8350136319942,270.16267676625296,750.9858491465874,-867.9198529920424,-617.3616954782098
Reducción,AP0290,0.9650275173655378,tasa_gn_nm3_min,14.382181948480213,0.1641585934572756,-0.21870676977575657,0.5470239566903078,0.048886234292050856,-0.02475312510545674,0.12252559368955845,-14.066407913716386,-28.82368842177336,0.6908725943405898,1014.5701122250377,0.2375815435830998,67.3701843777563,,0.4919693133645342,503.7892723719292,-59.35613040844634,-0.0,-674.8334316199489,296.31036515521885,693.5732779166515,-867.9198529920425,-612.2257719485674
Reducción,AP0290,0.9650275173655378,tasa_gn_nm3_min,15.183216137057304,0.17792804184519523,-0.20493732138783693,0.5607934050782274,0.045127661667323904,-0.028511697730183694,0.1187670210648315,-13.608634385903446,-28.365914893960422,1.1486461221535293,1015.0278857528507,0.2545119187107263,58.54008944761731,,0.4919693133645342,503.7892723719292,-59.95690604987916,-0.0,-640.9726813646959,321.1645637316235,640.248541958342,-867.9198529920425,-607.436334716652
Reducción,AP0290,0.9650275173655378,tasa_gn_nm3_min,15.984250325634394,0.19108862105048718,-0.19177674218254498,0.5739539842835193,0.04161390054613237,-0.03202545885137523,0.11525325994363997,-13.150860858090505,-27.908141366147483,1.6064196499664707,1015.4856592806636,0.26804216002112896,50.59501668408931,,0.4919693133645342,503.7892723719292,-60.55768169131198,-0.0,-613.9121987438906,344.9197382116556,590.3970683496011,-867.9198529920424,-607.0729268659882
Reducción,AP0290,0.9650275173655378,tasa_gn_nm3_min,16.785284514211483,0.20372750118300145,-0.1791378620500307,0.5865928644160336,0.03830990194543588,-0.035329457452071715,0.11194926134294347,-12.693087330277566,-27.450367838334543,2.0641931777794102,1015.9434328084766,0.2783797266618995,43.40825992157163,,0.4919693133645342,503.7892723719292,-61.15845733274479,-0.0,-593.2370654623495,367.7332328228472,543.5215997662148,-867.9198529920425,-611.0605431980748
Reducción,AP0290,0.9650275173655378,tasa_gn_nm3_min,17.586318702788574,0.21591597040722094,-0.16694939282581123,0.5987813336402531,0.03518700262651375,-0.038452356770993845,0.10882636202402135,-12.235313802464624,-26.9925943105216,2.5219667055923516,1016.4012063362895,0.2865395892824351,36.87619820570419,,0.4919693133645342,503.7892723719292,-61.75923297417761,-0.0,-576.9173402212783,389.73372448429393,499.2154766091546,-867.9198529920425,-617.6472250940499
Reducción,AP0290,0.9650275173655378,tasa_gn_nm3_min,18.387352891365666,0.22771289438019535,-0.15515246885283682,0.6105782576132275,0.032221534139031935,-0.04141782525847566,0.10586089353653953,-11.777540274651683,-26.534820782708657,2.979740233405293,1016.8589798641025,0.2967735906890839,30.913267325277715,,0.4919693133645342,503.7892723719292,-62.360008615610425,-0.0,-556.4493374079807,411.0274671786121,457.1429028221461,-867.9198529920425,-618.5588290148755
Reducción,AP0290,0.9650275173655378,tasa_gn_nm3_min,19.188387079942757,0.2391673091878628,-0.14369805404516936,0.622032672420895,0.02939378026435343,-0.04424557913315417,0.10303313966186103,-11.319766746838742,-26.077047254895717,3.4375137612182343,1017.3167533919154,0.3223969108724517,25.44819084808417,,0.4919693133645342,503.7892723719292,-62.960784257043244,-0.0,-505.2026970412451,431.70297226682203,417.02415462228333,-867.9198529920425,-587.3562074012253
Reducción,AP0290,0.9650275173655378,tasa_gn_nm3_min,19.98942126851985,0.2503203908424191,-0.13254497239061308,0.6331857540754513,0.02668718512850266,-0.04695217426900494,0.10032654452601025,-10.8619932190258,-25.619273727082778,3.8952872890311756,1017.7745269197284,0.3551289387081901,20.421117356831463,,0.4919693133645342,503.7892723719292,-63.56155989847606,-0.0,-439.73864136976823,451.83456348033747,378.6243456054835,-867.9198529920425,-540.7611451744658
Reducción,AP0290,0.9650275173655378,tasa_gn_nm3_min,20.790455457096936,0.2612069694838229,-0.12165839374920928,0.644072332716855,0.02408774437853324,-0.04955161501897436,0.09772710377604084,-10.404219691212862,-25.161500199269838,4.353060816844113,1018.2323004475412,0.392381389358073,15.781419480633753,,0.4919693133645342,503.7892723719292,-64.16233553990888,-0.0,-365.2337400700025,471.48511009253735,341.744789063335,-867.9198529920425,-484.08602944608157
Reducción,AP0290,0.9650275173655378,tasa_gn_nm3_min,21.591489645674027,0.2718567065242879,-0.11100865670874427,0.6547220697573201,0.021583531881331282,-0.052055827516176316,0.09522289127883887,-9.94644616339992,-24.703726671456895,4.8108343446570565,1018.6900739753542,0.431570318667063,11.48598285592846,,0.4919693133645342,503.7892723719292,-64.7631111813417,-0.0,-286.85588145202246,490.7081516940027,306.216283024026,-867.9198529920425,-422.614410907378
Reducción,AP0290,0.9650275173655378,tasa_gn_nm3_min,22.392523834251115,0.2822950191371124,-0.10057034409591975,0.6651603823701446,0.019164328009120612,-0.05447503138838698,0.09280368740662821,-9.488672635586981,-24.24595314364396,5.268607872469994,1019.1478475031671,0.4746386731879945,7.497862335180362,,0.4919693133645342,503.7892723719292,-65.3638868227745,-0.0,-200.71917241015947,509.5495669179663,271.89383655425064,-867.9198529920425,-352.5595087527595
Reducción,AP0290,0.9650275173655378,tasa_gn_nm3_min,23.193558022828206,0.2925438131714994,-0.09032155006153275,0.6754091764045316,0.016821324952222994,-0.056818034445284604,0.09046068434973059,-9.03089910777404,-23.788179615831016,5.726381400282936,1019.60562103098,0.5103256446629798,3.785216658105718,,0.4919693133645342,503.7892723719292,-65.96466246420732,-0.0,-129.3452294601889,528.0488963698857,238.65248888502637,-867.9198529920425,-296.52835966152657
Reducción,AP0290,0.9650275173655378,tasa_gn_nm3_min,23.994592211405298,0.30262206926183843,-0.08024329397119373,0.6854874324948705,0.014546891058757198,-0.0590924683387504,0.0881862504562648,-8.573125579961099,-23.330406088018073,6.184154928095877,1020.063394558793,0.5386738329234766,0.320456512171389,,0.4919693133645342,503.7892723719292,-66.56543810564014,-0.0,-72.64885293919532,546.2404005693498,206.38396598199904,-867.9198529920424,-254.50977748552896
Reducción,AP0290,0.9650275173655378,tasa_gn_nm3_min,24.79562639998239,0.3125463153297996,-0.07031904790323257,0.6954116785628317,0.012334380853028645,-0.06130497854447895,0.08597374025053624,-8.115352052148157,-22.872632560205133,6.641928455908818,1020.5211680866059,0.5657706866508008,-2.9204422731066333,,0.4919693133645342,503.7892723719292,-67.16621374707296,-0.0,-18.455145484546964,564.1539128281714,174.9939851820109,-867.9198529920424,-214.39331421347993
Reducción,AP0290,0.9650275173655378,tasa_gn_nm3_min,25.59666058855948,0.3223310103661814,-0.06053435286685077,0.7051963735992135,0.010177980726173552,-0.06346137867133404,0.08381734012368115,-7.657578524335216,-22.414859032392194,7.09970198372176,1020.9789416144189,0.5749427745913036,-5.958496572499962,,0.4919693133645342,503.7892723719292,-67.76698938850578,-0.0,-0.11096960354128882,581.8155319862166,144.40006592965472,-867.9198529920424,-209.58221406821812
Reducción,AP0290,0.9650275173655378,tasa_gn_nm3_min,26.39769477713657,0.3319888583379351,-0.05087650489509704,0.7148542215709672,0.008072582721772137,-0.06556677667573546,0.08171194211927973,-7.199804996522275,-21.95708550457925,7.557475511534701,1021.4367151422318,0.5511391381018493,-8.812172244811396,,0.4919693133645342,503.7892723719292,-68.3677650299386,-0.0,-47.71824258244983,599.2481890214312,114.52973911110266,-867.9198529920424,-270.22793247189685
Reducción,AP0290,0.9650275173655378,tasa_gn_nm3_min,27.19872896571366,0.341531066625628,-0.041334296607404175,0.7243964298586602,0.006013680624424395,-0.0676256787730832,0.07965304002193199,-6.742031468709336,-21.49931197676631,8.01524903934764,1021.8944886700448,0.5235202548571772,-11.497759784805039,,0.4919693133645342,503.7892723719292,-68.96854067137141,-0.0,-102.95600907179403,616.4721135359241,85.31907281113892,-867.9198529920425,-338.05321638814496
Reducción,AP0290,0.9650275173655378,tasa_gn_nm3_min,27.99976315429075,0.3509675600996932,-0.03189780313333895,0.7338329233327254,0.003997283884891697,-0.0696420755126159,0.07763664328239929,-6.284257940896396,-21.04153844895337,8.47302256716058,1022.3522621978577,0.48405893098644254,-14.02968549386839,,0.4919693133645342,503.7892723719292,-69.56931631280423,-0.0,-181.87865681326343,633.5052201689487,56.711451126407354,-867.9198529920425,-429.15115482275405
Reducción,AP0290,0.9650275173655378,tasa_gn_nm3_min,28.800797342867842,0.36030715947217024,-0.022558203760861928,0.7431725227052024,0.0020198459091958832,-0.07161951348831172,0.07565920530670348,-5.826484413083454,-20.58376492114043,8.930796094973521,1022.8100357256707,0.4445941788565311,-16.42077072329139,,0.4919693133645342,503.7892723719292,-70.17009195423705,-0.0,-260.80816107308635,650.363430526254,28.65655676725591,-867.9198529920425,-519.878118725856
Reducción,AP0290,0.9650275173655378,tasa_gn_nm3_min,29.601831531444933,0.369557730690944,-0.013307632542088166,0.7524230939239762,7.820399082554289e-05,-0.07356115540668205,0.07371756338833314,-5.368710885270513,-20.12599139332749,9.388569622786463,1023.2678092534836,0.40233859205820866,-18.682449026353435,,0.4919693133645342,503.7892723719292,-70.77086759566987,-0.0,-345.3193346697312,667.0609428404211,1.1095188461234218,-867.9198529920425,-615.8395935708988
Reducción,AP0290,0.9650275173655378,tasa_o2_nm3_min,2.936241586406579,0.34956437861460693,-0.03330098461842523,0.7324297418476391,-0.0007494733419746297,-0.07438883273948223,0.07288988605553297,1.9155735510001106,-12.841706957056864,16.672854059057087,1030.5520936897542,0.1115961317541564,-45.40251586445311,,0.4919693133645342,503.7892723719292,-62.72914844294455,-0.0,-926.8042552778358,630.9724425088308,-10.63315041610836,-867.9198529920425,-1237.1139646201004
Reducción,AP0290,0.9650275173655378,tasa_o2_nm3_min,4.11154540146219,0.3479855488386144,-0.034879814394417785,0.7308509120716465,-0.00011466425273947217,-0.07375402365024707,0.07352469514476813,1.3584058068489506,-13.398874701208026,16.115686314905926,1029.994925945603,0.12455843773344268,-43.107606893976715,,0.4919693133645342,503.7892723719292,-63.022974396708456,-0.0,-900.8796433192632,628.1226152924198,-1.6267986844163769,-867.9198529920425,-1205.3266541000107
Reducción,AP0290,0.9650275173655378,tasa_o2_nm3_min,5.286849216517801,0.3464067190626218,-0.03645864417041034,0.729272082295654,0.0005201448364956871,-0.0731192145610119,0.07415950423400329,0.8012380626977924,-13.956042445359184,15.558518570754767,1029.437758201452,0.13983668368576999,-40.81269792350033,,0.4919693133645342,503.7892723719292,-63.316800350472356,-0.0,-870.3231514146086,625.272788076009,7.379553047275633,-867.9198529920425,-1168.9074636338387
Reducción,AP0290,0.9650275173655378,tasa_o2_nm3_min,6.462153031573412,0.3448278892866292,-0.038037473946402944,0.7276932525196613,0.0011549539257308464,-0.07248440547177676,0.07479431332323844,0.2440703185466359,-14.51321018951034,15.00135082660361,1028.8805904573007,0.15783560003811695,-38.51778895302395,,0.4919693133645342,503.7892723719292,-63.61062630423626,-0.0,-834.3253187099147,622.4229608595979,16.385904778967642,-867.9198529920424,-1127.0469323676277
Reducción,AP0290,0.9650275173655378,tasa_o2_nm3_min,7.637456846629023,0.3432490595106366,-0.03961630372239555,0.7261144227436688,0.001789763014966004,-0.0718495963825416,0.0754291224124736,-0.313097425604524,-15.0703779336615,14.44418308245245,1028.3234227131495,0.17799159046901422,-36.22287998254757,,0.4919693133645342,503.7892723719292,-63.90445225800016,-0.0,-794.01333784812,619.5731336431868,25.392256510659628,-867.9198529920425,-1080.8722529443162
Reducción,AP0290,0.9650275173655378,tasa_o2_nm3_min,8.812760661684635,0.34167022973464406,-0.0411951334983881,0.7245355929676762,0.0024245721042011597,-0.07121478729330644,0.07606393150170876,-0.8702651697556815,-15.627545677812657,13.887015338301294,1027.7662549689985,0.20028797349118152,-33.92797101207119,,0.4919693133645342,503.7892723719292,-64.19827821176406,-0.0,-749.4205718037854,616.7233064267758,34.398608242351585,-867.9198529920425,-1030.4167883384646
Reducción,AP0290,0.9650275173655378,tasa_o2_nm3_min,9.988064476740245,0.3400913999586515,-0.042773963274380655,0.7229567631916837,0.003059381193436319,-0.07057997820407128,0.07669874059094392,-1.4274329139068396,-16.184713421963814,13.329847594150136,1027.2090872248473,0.2250003305357555,-31.6330620415948,,0.4919693133645342,503.7892723719292,-64.49210416552796,-0.0,-699.9958577146375,613.8734792103648,43.4049599740436,-867.9198529920425,-975.1293756877996
Reducción,AP0290,0.9650275173655378,tasa_o2_nm3_min,11.163368291795857,0.3385125701826589,-0.04435279305037326,0.7213779334156911,0.003694190282671478,-0.06994516911483611,0.07733354968017908,-1.9846006580579978,-16.741881166114972,12.772679849998978,1026.651919480696,0.2523702178395215,-29.338153071118416,,0.4919693133645342,503.7892723719292,-64.78593011929188,-0.0,-645.2560831071055,611.0236519939539,52.411311705735606,-867.9198529920425,-914.5269025187504
Reducción,AP0290,0.9650275173655378,tasa_o2_nm3_min,12.338672106851467,0.33693374040666635,-0.045931622826365814,0.7197991036396985,0.004328999371906634,-0.06931036002560097,0.07796835876941423,-2.541768402209155,-17.29904891026613,12.215512105847822,1026.094751736545,0.2839354110268514,-27.043244100642042,,0.4919693133645342,503.7892723719292,-65.07975607305578,-0.0,-582.1256967324457,608.1738247775429,61.417663437427564,-867.9198529920424,-845.5338175825734
Reducción,AP0290,0.9650275173655378,tasa_o2_nm3_min,13.513975921907077,0.33535491063067374,-0.04751045260235842,0.7182202738637059,0.004963808461141793,-0.0686755509363658,0.07860316785864939,-3.0989361463603133,-17.85621665441729,11.658344361696663,1025.5375839923938,0.3178954141087785,-24.748335130165653,,0.4919693133645342,503.7892723719292,-65.37358202681968,-0.0,-514.2056905685915,605.3239975611318,70.42401516911957,-867.9198529920425,-771.7511128572023
Reducción,AP0290,0.9650275173655378,tasa_o2_nm3_min,14.689279736962689,0.3337760808546812,-0.049089282378350974,0.7166414440877134,0.005598617550376949,-0.06804074184713065,0.07923797694788455,-3.6561038905114716,-18.413384398568446,11.101176617545505,1024.9804162482426,0.3532848709053617,-22.45342615968928,,0.4919693133645342,503.7892723719292,-65.66740798058358,-0.0,-443.42677697542507,602.4741703447208,79.43036690081153,-867.9198529920425,-695.1095007025187
Reducción,AP0290,0.9650275173655378,tasa_o2_nm3_min,15.864583552018301,0.3321972510786886,-0.05066811215434358,0.7150626143117207,0.00623342663961211,-0.06740593275789548,0.07987278603711971,-4.21327163466263,-18.970552142719605,10.544008873394347,1024.4232485040916,0.3900887684012255,-20.158517189212887,,0.4919693133645342,503.7892723719292,-65.96123393434749,-0.0,-369.8189819836974,599.6243431283098,88.43671863250357,-867.9198529920424,-615.639007149274
Reducción,AP0290,0.9650275173655378,tasa_o2_nm3_min,17.03988736707391,0.33061842130269603,-0.05224694193033613,0.7134837845357282,0.0068682357288472684,-0.06677112366866032,0.08050759512635487,-4.770439378813787,-19.527719886870763,9.986841129243189,1023.8660807599404,0.428887038980226,-17.863608218736502,,0.4919693133645342,503.7892723719292,-66.25505988811139,-0.0,-292.2224408256965,596.7745159118989,97.44307036419556,-867.9198529920425,-532.1797674297559
Reducción,AP0290,0.9650275173655378,tasa_o2_nm3_min,18.215191182129523,0.3290395915267034,-0.05382577170632874,0.7119049547597356,0.007503044818082428,-0.06613631457942518,0.08114240421559002,-5.327607122964946,-20.08488763102192,9.42967338509203,1023.3089130157891,0.46695353021973895,-15.568699248260115,,0.4919693133645342,503.7892723719292,-66.54888584187529,-0.0,-216.0894583466706,593.9246886954878,106.44942209588757,-867.9198529920425,-450.18408638921295
Reducción,AP0290,0.9650275173655378,tasa_o2_nm3_min,19.390494997185137,0.32746076175071087,-0.05540460148232129,0.710326124983743,0.008137853907317588,-0.06550150549019002,0.08177721330482518,-5.884774867116106,-20.642055375173083,8.872505640940869,1022.751745271638,0.5050188273654571,-13.273790277783725,,0.4919693133645342,503.7892723719292,-66.84271179563919,-0.0,-139.95886405523427,591.0748614790768,115.45577382757959,-867.9198529920425,-368.19079353625943
Reducción,AP0290,0.9650275173655378,tasa_o2_nm3_min,20.565798812240743,0.3258819319747183,-0.056983431258313844,0.7087472952077505,0.00877266299655274,-0.06486669640095485,0.08241202239406034,-6.441942611267262,-21.199223119324238,8.315337896789714,1022.1945775274869,0.5365529626600596,-10.978881307307365,,0.4919693133645342,503.7892723719292,-67.13653774940309,-0.0,-76.89059346602933,588.2250342626659,124.46212555927151,-867.9198529920425,-299.25982438553757
Reducción,AP0290,0.9650275173655378,tasa_o2_nm3_min,21.741102627296357,0.3243031021987257,-0.05856226103430645,0.7071684654317578,0.0094074720857879,-0.0642318873117197,0.0830468314832955,-6.999110355418421,-21.756390863475396,7.758170152638555,1021.6374097833357,0.5609867307883618,-8.683972336830976,,0.4919693133645342,503.7892723719292,-67.43036370316699,-0.0,-28.023057209424884,585.3752070462548,133.4684772909635,-867.9198529920424,-244.52958956741597
Reducción,AP0290,0.9650275173655378,tasa_o2_nm3_min,22.916406442351963,0.32272427242273316,-0.060141090810299,0.7055896356557654,0.010042281175023059,-0.06359707822248453,0.08368164057253066,-7.556278099569577,-22.313558607626554,7.2010024084873985,1021.0802420391846,0.5734589026320839,-6.389063366354589,,0.4919693133645342,503.7892723719292,-67.7241896569309,-0.0,-3.078713521980747,582.5253798298439,142.4748290226555,-867.9198529920425,-213.72254731845467
Reducción,AP0290,0.9650275173655378,tasa_o2_nm3_min,24.091710257407577,0.32114544264674055,-0.06171992058629161,0.7040108058797727,0.010677090264258218,-0.06296226913324939,0.08431644966176581,-8.113445843720735,-22.870726351777712,6.643834664336241,1020.5230742950334,0.5670215067004927,-4.094154395878201,,0.4919693133645342,503.7892723719292,-68.0180156106948,-0.0,-15.953505385163158,579.6755526134328,151.48118075434755,-867.9198529920425,-220.73464062012005
Reducción,AP0290,0.9650275173655378,tasa_o2_nm3_min,25.26701407246319,0.319566612870748,-0.06329875036228416,0.7024319761037802,0.011311899353493377,-0.062327460044014224,0.08495125875100097,-8.670613587871895,-23.42789409592887,6.086666920185081,1019.9659065508822,0.5535436465780267,-1.7992454254018126,,0.4919693133645342,503.7892723719292,-68.3118415644587,-0.0,-42.909225630095136,576.8257253970219,160.48753248603956,-867.9198529920425,-241.82766230353496
Reducción,AP0290,0.9650275173655378,tasa_o2_nm3_min,26.442317887518797,0.3179877830947554,-0.06487758013827677,0.7008531463277876,0.01194670844272853,-0.06169265095477907,0.08558606784023613,-9.227781332023051,-23.98506184008003,5.529499176033925,1019.4087388067311,0.5313990779667362,0.4956635450745477,,0.4919693133645342,503.7892723719292,-68.6056675182226,-0.0,-87.19836285267601,573.9758981806108,169.49388421773145,-867.9198529920425,-280.25410096459893
Reducción,AP0290,0.9650275173655378,tasa_o2_nm3_min,27.61762170257441,0.31640895331876284,-0.06645640991426932,0.699274316551795,0.012581517531963689,-0.06105784186554391,0.08622087692947128,-9.78494907617421,-24.542229584231187,4.9723314318827665,1018.8515710625799,0.5041205315911678,2.7905725155509358,,0.4919693133645342,503.7892723719292,-68.89949347198652,-0.0,-141.75545560381298,571.1260709641998,178.50023594942346,-867.9198529920424,-328.94849515421856
Reducción,AP0290,0.9650275173655378,tasa_o2_nm3_min,28.792925517630025,0.31483012354277023,-0.06803523969026193,0.6976954867758024,0.013216326621198848,-0.06042303277630875,0.08685568601870644,-10.34211682032537,-25.099397328382345,4.4151636877316065,1018.2944033184287,0.4745456250127093,5.085481486027324,,0.4919693133645342,503.7892723719292,-69.19331942575042,-0.0,-200.90526876072988,568.2762437477888,187.50658768111546,-867.9198529920425,-382.23560974961845
Reducción,AP0290,0.9650275173655378,tasa_o2_nm3_min,29.96822933268563,0.3132512937667777,-0.06961406946625448,0.6961166569998098,0.013851135710434007,-0.059788223687073594,0.0874904951079416,-10.899284564476526,-25.656565072533503,3.85799594358045,1017.7372355742776,0.44086018063239124,7.380390456503712,,0.4919693133645342,503.7892723719292,-69.48714537951432,-0.0,-268.27615752136603,565.4264165313779,196.51293941280747,-867.9198529920425,-443.74379994873755
Reducción,AP0290,0.9650275173655378,tasa_o2_nm3_min,31.14353314774124,0.3116724639907851,-0.07119289924224709,0.6945378272238172,0.014485944799669163,-0.05915341459783843,0.08812530419717676,-11.456452308627684,-26.21373281668466,3.300828199429292,1017.1800678301264,0.4057192478708902,9.675299426980088,,0.4919693133645342,503.7892723719292,-69.78097133327822,-0.0,-338.5580230443681,562.5765893149668,205.51929114449945,-867.9198529920424,-508.16296691022245
Reducción,AP0290,0.9650275173655378,tasa_aire_nm3_min,73.88206441938546,0.3041334587010117,-0.07873190453202045,0.6869988219340439,0.0010817996033862104,-0.07255755979412139,0.07472115900089381,-5.107901601845197,-19.86518210990217,9.64937890621178,1023.5286185369089,0.09560673286012664,-24.564564161381277,,0.4919693133645342,503.7892723719292,-67.77456640598918,-0.0,-958.7830530658952,548.9684962917936,15.348028086743247,-867.9198529920425,-1330.16094808539
Reducción,AP0290,0.9650275173655378,tasa_aire_nm3_min,76.20722122547167,0.3050741075176719,-0.07779125571536027,0.687939470750704,0.001547464920475754,-0.07209189447703185,0.07518682431798335,-5.238518625107197,-19.995799133164173,9.518761882949779,1023.3980015136469,0.10600437788258626,-23.61113845121476,,0.4919693133645342,503.7892723719292,-67.77456640598918,-0.0,-937.987763020976,550.6663909220856,21.954653143122535,-867.9198529920425,-1301.0611383537994
Reducción,AP0290,0.9650275173655378,tasa_aire_nm3_min,78.5323780315579,0.3060147563343321,-0.07685060689870005,0.6888801195673643,0.0020131302375652983,-0.0716262291599423,0.0756524896350729,-5.369135648369198,-20.126416156426174,9.388144859687777,1023.2673844903849,0.1183719882801408,-22.657712741048243,,0.4919693133645342,503.7892723719292,-67.77456640598918,-0.0,-913.2525422258669,552.3642855523777,28.561278199501835,-867.9198529920425,-1268.021397872019
Reducción,AP0290,0.9650275173655378,tasa_aire_nm3_min,80.85753483764411,0.3069554051509923,-0.07590995808203987,0.6898207683840245,0.0024787955546548422,-0.07116056384285276,0.07611815495216244,-5.499752671631198,-20.25703317968817,9.257527836425778,1023.1367674671229,0.13030712650039644,-21.704287030881726,,0.4919693133645342,503.7892723719292,-67.77456640598918,-0.0,-889.3822657853556,554.0621801826699,35.16790325588113,-867.9198529920425,-1235.8466017448363
Reducción,AP0290,0.9650275173655378,tasa_aire_nm3_min,83.18269164373032,0.3078960539676524,-0.07496930926537976,0.6907614172006846,0.002944460871744385,-0.07069489852576322,0.07658382026925198,-5.630369694893198,-20.387650202950173,9.126910813163779,1023.006150443861,0.1402409725333993,-20.75086132071521,,0.4919693133645342,503.7892723719292,-67.77456640598918,-0.0,-869.51457371935,555.7600748129618,41.77452831226041,-867.9198529920425,-1207.6743899921594
Reducción,AP0290,0.9650275173655378,tasa_aire_nm3_min,85.50784844981654,0.3088367027843126,-0.07402866044871959,0.6917020660173447,0.0034101261888339245,-0.07022923320867368,0.07704948558634152,-5.760986718155198,-20.518267226212174,8.996293789901777,1022.8755334205989,0.1474408022853018,-19.797435610548707,,0.4919693133645342,503.7892723719292,-67.77456640598918,-0.0,-855.114914215545,557.4579694432538,48.38115336863964,-867.9198529920425,-1184.9702108016832
Reducción,AP0290,0.9650275173655378,tasa_aire_nm3_min,87.83300525590276,0.30977735160097275,-0.07308801163205941,0.6926427148340049,0.003875791505923473,-0.06976356789158412,0.07751515090343107,-5.891603741417199,-20.648884249474175,8.865676766639776,1022.744916397337,0.15043682715489268,-18.844009900382176,,0.4919693133645342,503.7892723719292,-67.77456640598918,-0.0,-849.1228644763631,559.1558640735458,54.987778425019,-867.9198529920424,-1170.67364137583
Reducción,AP0290,0.9650275173655378,tasa_aire_nm3_min,90.15816206198897,0.3107180004176329,-0.07214736281539924,0.6935833636506651,0.004341456823013012,-0.06929790257449459,0.07798081622052061,-6.022220764679199,-20.779501272736177,8.735059743377777,1022.6142993740749,0.15013799663188396,-17.890584190215673,,0.4919693133645342,503.7892723719292,-67.77456640598918,-0.0,-849.7205255223805,560.8537587038378,61.59440348139823,-867.9198529920425,-1162.9667827351761
Reducción,AP0290,0.9650275173655378,tasa_aire_nm3_min,92.48331886807519,0.3116586492342931,-0.07120671399873907,0.6945240124673253,0.0048071221401025516,-0.06883223725740505,0.07844648153761015,-6.152837787941198,-20.910118295998174,8.604442720115777,1022.483682350813,0.14679633598981173,-16.93715848004917,,0.4919693133645342,503.7892723719292,-67.77456640598918,-0.0,-856.403846806525,562.5516533341298,68.20102853777746,-867.9198529920425,-1161.3455843326494
Reducción,AP0290,0.9650275173655378,tasa_aire_nm3_min,94.8084756741614,0.31259929805095327,-0.0702660651820789,0.6954646612839854,0.005272787457192099,-0.0683665719403155,0.0789121468546997,-6.283454811203199,-21.040735319260175,8.473825696853776,1022.3530653275509,0.14172798137755685,-15.98373276988264,,0.4919693133645342,503.7892723719292,-67.77456640598918,-0.0,-866.5405560310348,564.2495479644218,74.8076535941568,-867.9198529920425,-1163.1777738704877
Reducción,AP0290,0.9650275173655378,tasa_aire_nm3_min,97.13363248024763,0.3135399468676135,-0.06932541636541867,0.6964053101006457,0.00573845277428164,-0.06790090662322595,0.07937781217178924,-6.4140718344652,-21.171352342522177,8.343208673591775,1022.222448304289,0.13913189563639125,-15.030307059716135,,0.4919693133645342,503.7892723719292,-67.77456640598918,-0.0,-871.732727513366,565.9474425947141,81.41427865053606,-867.9198529920425,-1160.0654256661473
Reducción,AP0290,0.9650275173655378,tasa_aire_nm3_min,99.45878928633384,0.3144805956842736,-0.06838476754875855,0.6973459589173058,0.006204118091371184,-0.06743524130613641,0.07984347748887878,-6.5446888577272,-21.301969365784174,8.212591650329776,1022.0918312810269,0.14425230911299208,-14.07688134954962,,0.4919693133645342,503.7892723719292,-67.77456640598918,-0.0,-861.4919005601644,567.645337225006,88.02090370691535,-867.9198529920425,-1141.5200790262747
Reducción,AP0290,0.9650275173655378,tasa_aire_nm3_min,101.78394609242005,0.3154212445009338,-0.06744411873209838,0.698286607733966,0.006669783408460727,-0.06696957598904688,0.08030914280596832,-6.6753058809892,-21.432586389046175,8.081974627067776,1021.9612142577649,0.15886086904290325,-13.123455639383103,,0.4919693133645342,503.7892723719292,-67.77456640598918,-0.0,-832.274780700342,569.343231855298,94.62752876329463,-867.9198529920425,-1103.9984394797812
Reducción,AP0290,0.9650275173655378,tasa_aire_nm3_min,104.10910289850628,0.31636189331759396,-0.06650346991543821,0.6992272565506261,0.007135448725550272,-0.06650391067195732,0.08077480812305787,-6.805922904251201,-21.563203412308177,7.951357603805775,1021.8305972345029,0.18244707532014015,-12.170029929216586,,0.4919693133645342,503.7892723719292,-67.77456640598918,-0.0,-785.1023681458682,571.04112648559,101.23415381967394,-867.9198529920425,-1048.5215072386359
Reducción,AP0290,0.9650275173655378,tasa_aire_nm3_min,106.43425970459249,0.31730254213425413,-0.06556282109877803,0.7001679053672862,0.007601114042639814,-0.06603824535486778,0.08124047344014741,-6.936539927513201,-21.693820435570178,7.820740580543775,1021.6999802112409,0.22197311182802568,-11.216604219050069,,0.4919693133645342,503.7892723719292,-67.77456640598918,-0.0,-706.0502951300971,572.739021115882,107.84077887605321,-867.9198529920424,-961.1649145361934
Reducción,AP0290,0.9650275173655378,tasa_aire_nm3_min,108.7594165106787,0.3182431909509143,-0.06462217228211786,0.7011085541839465,0.008066779359729354,-0.06557258003777824,0.08170613875723695,-7.067156950775201,-21.824437458832175,7.690123557281775,1021.5693631879789,0.27601660792185023,-10.263178508883566,,0.4919693133645342,503.7892723719292,-67.77456640598918,-0.0,-597.9633029424481,574.436915746174,114.44740393243244,-867.9198529920425,-844.7734026618733
Reducción,AP0290,0.9650275173655378,tasa_aire_nm3_min,111.08457331676493,0.3191838397675745,-0.06368152346545769,0.7020492030006067,0.008532444676818901,-0.06510691472068869,0.0821718040743265,-7.197773974037202,-21.955054482094177,7.559506534019774,1021.4387461647169,0.34070171768684393,-9.309752798717035,,0.4919693133645342,503.7892723719292,-67.77456640598918,-0.0,-468.59308341246066,576.134810376466,121.0540289888118,-867.9198529920425,-707.0986634452145
Reducción,AP0290,0.9650275173655378,tasa_aire_nm3_min,113.40973012285114,0.32012448858423465,-0.06274087464879752,0.7029898518172668,0.00899810999390844,-0.06464124940359915,0.08263746939141604,-7.328390997299202,-22.085671505356178,7.428889510757774,1021.308129141455,0.41314417753943067,-8.356327088550533,,0.4919693133645342,503.7892723719292,-67.77456640598918,-0.0,-323.70816370728716,577.8327050067581,127.66065404519101,-867.9198529920425,-553.9092240533696
Reducción,AP0290,0.9650275173655378,tasa_aire_nm3_min,115.73488692893736,0.3210651374008948,-0.061800225832137345,0.7039305006339269,0.009463775310997985,-0.06417558408650961,0.08310313470850558,-7.4590080205612015,-22.21628852861818,7.298272487495774,1021.1775121181929,0.48849613273835674,-7.402901378384016,,0.4919693133645342,503.7892723719292,-67.77456640598918,-0.0,-173.00425330943503,579.5305996370502,134.26727910157032,-867.9198529920424,-394.9007939688461
Reducción,AP0290,0.9650275173655378,tasa_aire_nm3_min,118.06004373502358,0.322005786217555,-0.06085957701547717,0.7048711494505872,0.009929440628087531,-0.06370991876942006,0.08356880002559514,-7.589625043823203,-22.346905551880177,7.167655464233773,1021.046895094931,0.5531807332864346,-6.449475668217498,,0.4919693133645342,503.7892723719292,-67.77456640598918,-0.0,-43.635052213279344,581.2284942673422,140.87390415794965,-867.9198529920425,-257.2270731860192
Reducción,AP0290,0.9650275173655378,tasa_aire_nm3_min,120.38520054110978,0.32294643503421516,-0.059918928198817,0.7058117982672474,0.010395105945177069,-0.06324425345233053,0.08403446534268466,-7.720242067085202,-22.477522575142178,7.037038440971774,1020.9162780716689,0.5768426890442415,-5.496049958050995,,0.4919693133645342,503.7892723719292,-67.77456640598918,-0.0,-0.0,582.9263888976342,147.48052921432884,-867.9198529920425,-205.28750128606862
Reducción,AP0290,0.9650275173655378,tasa_aire_nm3_min,122.71035734719601,0.32388708385087533,-0.05897827938215683,0.7067524470839075,0.010860771262266616,-0.06277858813524098,0.08450013065977421,-7.850859090347203,-22.60813959840418,6.9064214177097725,1020.785661048407,0.5478912872545654,-4.542624247884464,,0.4919693133645342,503.7892723719292,-67.77456640598918,-0.0,-54.21394427701776,584.6242835279262,154.0871542707082,-867.9198529920425,-251.196925876415
Reducción,AP0290,0.9650275173655378,tasa_aire_nm3_min,125.03551415328222,0.3248277326675355,-0.058037630565496656,0.7076930959005676,0.011326436579356156,-0.06231292281815144,0.08496579597686375,-7.981476113609203,-22.738756621666177,6.775804394447773,1020.6550440251449,0.48506861745048074,-3.5891985377179614,,0.4919693133645342,503.7892723719292,-67.77456640598918,-0.0,-179.859283885187,586.3221781582182,160.6937793270874,-867.9198529920424,-368.53774579791286
Reducción,AP0290,0.9650275173655378,tasa_aire_nm3_min,127.36067095936843,0.3257683814841957,-0.057096981748836484,0.7086337447172278,0.0117921018964457,-0.061847257501061896,0.08543146129395329,-8.112093136871202,-22.869373644928178,6.645187371185774,1020.5244270018829,0.416205712295646,-2.6357728275514445,,0.4919693133645342,503.7892723719292,-67.77456640598918,-0.0,-317.5850941948565,588.0200727885102,167.3004043834667,-867.9198529920425,-497.9590364209112
Reducción,AP0290,0.9650275173655378,tasa_aire_nm3_min,129.68582776545466,0.32670903030085585,-0.05615633293217631,0.7095743935338881,0.012257767213535244,-0.06138159218397235,0.08589712661104285,-8.242710160133203,-22.99999066819018,6.514570347923772,1020.3938099786209,0.3542580771063924,-1.6823471173849274,,0.4919693133645342,503.7892723719292,-67.77456640598918,-0.0,-441.4803645733637,589.7179674188023,173.907029439846,-867.9198529920425,-613.549787112747
Reducción,AP0118,0.9850399805390914,tasa_feed_Carbon_kg_min,3.294660545117927,0.15389389817082477,-0.2289714650622074,0.536759261403857,-0.03154477062460106,-0.10518413002210866,0.04209458877290654,-16.680029186596318,-31.437309694653294,-1.9227486785393424,1111.1728515233533,0.38152963646664817,-4.897962526857658,,0.08566878252721025,0.0,-19.34310543715352,-0.0,-53.89540904936474,277.78233354579294,-447.5413228298303,-867.9198529920425,-1110.9173567625983
Reducción,AP0118,0.9850399805390914,tasa_feed_Carbon_kg_min,5.916107315446935,0.15497969179251564,-0.22788567144051652,0.5378450550255478,-0.0315527476278347,-0.10519210702534229,0.0420866117696729,-16.562729192753274,-31.32000970081025,-1.805448684696298,1111.2901515171964,0.40101487450003936,-4.897962526857658,,0.15383245225845263,0.0,-21.964552207482527,-0.0,-14.924932982582352,279.7422181777855,-447.6544965352881,-867.9198529920425,-1072.7216165396098
Reducción,AP0118,0.9850399805390914,tasa_feed_Carbon_kg_min,8.537554085775941,0.15606548541420656,-0.2267998778188256,0.5389308486472387,-0.031560724631068335,-0.10520008402857593,0.04207863476643926,-16.445429198910233,-31.20270970696721,-1.6881486908532572,1111.4074515110394,0.4102495309615795,-4.897962526857658,,0.22199612198969498,15.104375939603642,-24.585998977811528,-0.0,-0.0,281.7021028097782,-447.76767024074576,-867.9198529920425,-1058.5714194008215
Reducción,AP0118,0.9850399805390914,tasa_feed_Carbon_kg_min,11.15900085610495,0.15715127903589743,-0.22571408419713473,0.5400166422689296,-0.03156870163430198,-0.10520806103180957,0.04207065776320562,-16.32812920506719,-31.085409713124164,-1.570848697010213,1111.5247515048825,0.41006092274946493,-4.897962526857658,,0.2901597917209374,67.53331134618384,-27.207445748140536,-0.0,-0.0,283.66198744177075,-447.8808439462035,-867.9198529920425,-1059.3461552446158
Reducción,AP0118,0.9850399805390914,tasa_feed_Carbon_kg_min,13.780447626433958,0.15823707265758835,-0.2246282905754438,0.5411024358906205,-0.03157667863753561,-0.1052160380350432,0.042062680759971986,-16.210829211224144,-30.96810971928112,-1.4535487031671686,1111.6420514987256,0.40377425618293417,-4.897962526857658,,0.3583234614521798,119.96224675276397,-29.828892518469544,-0.0,-9.406169616792749,285.62187207376337,-447.99401765166124,-867.9198529920424,-1069.5270607052025
Reducción,AP0118,0.9850399805390914,tasa_feed_Carbon_kg_min,16.401894396762966,0.15932286627927922,-0.22354249695375294,0.5421882295123114,-0.03158465564076925,-0.10522401503827686,0.042054703756738344,-16.0935292173811,-30.850809725438076,-1.3362487093241242,1111.7593514925686,0.3916455248751662,-4.897962526857658,,0.42648713118342224,172.39118215934417,-32.45033928879855,-0.0,-33.66363223232871,287.58175670575594,-448.107191357119,-867.9198529920425,-1094.5592591645327
Reducción,AP0118,0.9850399805390914,tasa_feed_Carbon_kg_min,19.02334116709197,0.16040865990097014,-0.22245670333206202,0.5432740231340023,-0.031592632644002895,-0.10523199204151049,0.0420467267535047,-15.976229223538056,-30.73350973159503,-1.2189487154810799,1111.8766514864117,0.374595473050267,-4.897962526857658,,0.49465080091466457,224.82011756592425,-35.07178605912756,-0.0,-67.76373588212704,289.5416413377486,-448.2203650625768,-867.9198529920425,-1129.4340986581253
Reducción,AP0118,0.9850399805390914,tasa_feed_Carbon_kg_min,21.64478793742098,0.16149445352266106,-0.2213709097103711,0.5443598167556932,-0.03160060964723653,-0.10523996904474413,0.04203874975027107,-15.858929229695011,-30.616209737751987,-1.1016487216380355,1111.9939514802547,0.35411516540715493,-4.897962526857658,,0.562814470645907,277.2490529725044,-37.69323282945657,-0.0,-108.72435116835122,291.50152596974124,-448.3335387680345,-867.9198529920425,-1171.1694497881435
Reducción,AP0118,0.9850399805390914,tasa_feed_Carbon_kg_min,24.266234707749987,0.16258024714435193,-0.22028511608868023,0.5454456103773841,-0.03160858665047017,-0.10524794604797777,0.042030772747037426,-15.741629235851967,-30.498909743908943,-0.9843487277949912,1112.1112514740978,0.3309820906282239,-4.897962526857658,,0.6309781403771494,329.6779883790846,-40.31467959978558,-0.0,-154.99050072621324,293.4614106017338,-448.44671247349225,-867.9198529920425,-1218.2103351897997
Reducción,AP0118,0.9850399805390914,tasa_feed_Carbon_kg_min,26.887681478078996,0.16366604076604285,-0.2191993224669893,0.546531403999075,-0.03161656365370381,-0.1052559230512114,0.04202279574380379,-15.624329242008924,-30.3816097500659,-0.8670487339519486,1112.2285514679406,0.30759016828374935,-4.897962526857658,,0.6991418101083918,382.1069237856648,-42.936126370114586,-0.0,-201.77434541516237,295.4212952337265,-448.55988617894997,-867.9198529920424,-1265.7689157225427
Reducción,AP0118,0.9850399805390914,tasa_feed_Carbon_kg_min,29.509128248408004,0.16475183438773372,-0.21811352884529844,0.5476171976207659,-0.03162454065693745,-0.10526390005444505,0.04201481874057015,-15.50702924816588,-30.264309756222858,-0.7497487401089042,1112.3458514617837,0.2857107145916306,-4.897962526857658,,0.7673054798396342,434.53585919224486,-45.5575731404436,-0.0,-245.53325279939986,297.38117986571905,-448.67305988440773,-867.9198529920425,-1310.3025589505746
Reducción,AP0118,0.9850399805390914,tasa_feed_Carbon_kg_min,32.130575018737005,0.16583762800942464,-0.21702773522360752,0.5487029912424568,-0.03163251766017109,-0.10527187705767868,0.04200684173733651,-15.389729254322836,-30.14700976237981,-0.6324487462658599,1112.4631514556268,0.2652502669429914,-4.897962526857658,,0.8354691495708764,486.96479459882494,-48.179019910772595,-0.0,-286.45414809667824,299.34106449771167,-448.7862335898655,-867.9198529920425,-1351.998190091647
Reducción,AP0118,0.9850399805390914,tasa_feed_Carbon_kg_min,34.75202178906601,0.1669234216311155,-0.21594194160191665,0.5497887848641476,-0.031640494663404725,-0.10527985406091232,0.04199886473410287,-15.272429260479791,-30.02970976853677,-0.5151487524228155,1112.5804514494698,0.24829469521628622,-4.897962526857658,,0.9036328193021189,539.3937300054051,-50.800466681101604,-0.0,-320.3652915500886,301.30094912970424,-448.8994072953232,-867.9198529920424,-1386.6840693888516
Reducción,AP0118,0.9850399805390914,tasa_feed_Carbon_kg_min,37.37346855939502,0.16800921525280643,-0.21485614798022573,0.5508745784858387,-0.03164847166663837,-0.10528783106414596,0.04199088773086923,-15.155129266636749,-29.912409774693725,-0.397848758579773,1112.6977514433129,0.2349722812863144,-4.897962526857658,,0.9717964890333611,591.8226654119852,-53.42191345143061,-0.0,-347.0101194100323,303.2608337616969,-449.012581000781,-867.9198529920425,-1414.1036330925895
Reducción,AP0118,0.9850399805390914,tasa_feed_Carbon_kg_min,39.99491532972403,0.1690950088744973,-0.21377035435853486,0.5519603721075295,-0.031656448669872,-0.10529580806737959,0.041982910727635596,-15.037829272793704,-29.79510978085068,-0.28054876473672863,1112.815051437156,0.22507584701749847,-4.897962526857658,,1.0399601587646037,644.2516008185654,-56.04336022175962,-0.0,-366.8029879476641,305.2207183936895,-449.12575470623864,-867.9198529920425,-1434.6712374740155
Reducción,AP0118,0.9850399805390914,tasa_feed_Carbon_kg_min,42.61636210005304,0.17018080249618822,-0.21268456073684394,0.5530461657292204,-0.031664425673105644,-0.10530378507061325,0.041974933724401954,-14.92052927895066,-29.677809787007636,-0.16324877089368428,1112.932351430999,0.21600626842872336,-4.897962526857658,,1.1081238284958461,696.6805362251456,-58.66480699208863,-0.0,-384.9421451252143,307.1806030256821,-449.23892841169646,-867.9198529920425,-1453.5851304953599
Reducción,AP0118,0.9850399805390914,tasa_feed_Carbon_kg_min,45.23780887038205,0.1712665961178791,-0.21159876711515307,0.5541319593509113,-0.031672402676339285,-0.10531176207384688,0.04196695672116831,-14.803229285107616,-29.56050979316459,-0.04594877705063993,1113.049651424842,0.2061912819875269,-4.897962526857658,,1.1762874982270886,749.1094716317258,-61.286253762417644,-0.0,-404.5721180076073,309.14048765767467,-449.35210211715423,-867.9198529920425,-1473.989839221547
Reducción,AP0118,0.9850399805390914,tasa_feed_Carbon_kg_min,47.859255640711055,0.17235238973957,-0.21051297349346215,0.5552177529726021,-0.03168037967957292,-0.10531973907708052,0.04195897971793468,-14.685929291264571,-29.443209799321547,0.07135121679240441,1113.1669514186851,0.19640407778078697,-4.897962526857658,,1.244451167958331,801.538407038306,-63.90770053274665,-0.0,-424.1465264210871,311.10037228966735,-449.4652758226119,-867.9198529920424,-1494.3389834788206
Reducción,AP0118,0.9850399805390914,tasa_feed_Carbon_kg_min,50.48070241104006,0.17343818336126088,-0.20942717987177129,0.556303546594293,-0.03168835668280656,-0.10532771608031416,0.041951002714701036,-14.568629297421527,-29.325909805478503,0.18865121063544876,1113.2842514125282,0.18609752226329968,-4.897962526857658,,1.3126148376895732,853.9673424448861,-66.52914730307566,-0.0,-444.75963745606174,313.0602569216599,-449.5784495280697,-867.9198529920425,-1515.7268303575897
Reducción,AP0118,0.9850399805390914,tasa_feed_Carbon_kg_min,53.10214918136907,0.1745239769829518,-0.20834138625008036,0.557389340215984,-0.0316963336860402,-0.10533569308354779,0.0419430257114674,-14.451329303578484,-29.208609811635462,0.30595120447849133,1113.4015514063713,0.17688277882885234,-4.897962526857658,,1.3807785074208159,906.3962778514664,-69.15059407340465,-0.0,-463.1891243249564,315.02014155365254,-449.69162323352737,-867.9198529920425,-1534.9310530702783
Reducción,AP0118,0.9850399805390914,tasa_feed_Carbon_kg_min,55.72359595169808,0.17560977060464267,-0.2072555926283895,0.5584751338376748,-0.03170431068927384,-0.10534367008678144,0.04193504870823376,-14.33402930973544,-29.091309817792414,0.4232511983215357,1113.5188514002143,0.16725171563688548,-4.897962526857658,,1.448942177152058,958.8252132580463,-71.77204084373366,-0.0,-482.4512507088901,316.9800261856451,-449.80479693898513,-867.9198529920424,-1554.9679152980061
Reducción,AP0118,0.9850399805390914,tasa_feed_Carbon_kg_min,58.34504272202708,0.1766955642263336,-0.20616979900669857,0.5595609274593658,-0.031712287692507474,-0.10535164709001507,0.041927071705000124,-14.216729315892396,-28.974009823949373,0.54055119216458,1113.6361513940572,0.1579151010837467,-4.897962526857658,,1.5171058468833005,1011.2541486646265,-74.39348761406266,-0.0,-501.1244798151677,318.9399108176378,-449.91797064444285,-867.9198529920425,-1574.4158802480779
Reducción,AP0118,0.9850399805390914,tasa_feed_Carbon_kg_min,60.96648949235609,0.1777813578480245,-0.20508400538500765,0.5606467210810566,-0.031720264695741116,-0.10535962409324871,0.04191909470176648,-14.099429322049353,-28.85670983010633,0.6578511860076226,1113.7534513879002,0.14818581712383186,-4.897962526857658,,1.585269516614543,1063.6830840712068,-77.01493438439167,-0.0,-520.5830477349973,320.8997954496304,-450.0311443499006,-867.9198529920424,-1594.6491840117014
Reducción,AP0118,0.9850399805390914,tasa_feed_Carbon_kg_min,63.5879362626851,0.17886715146971538,-0.20399821176331678,0.5617325147027475,-0.03172824169897476,-0.10536760109648236,0.04191111769853284,-13.982129328206309,-28.739409836263285,0.775151179850667,1113.8707513817433,0.13851509383542215,-4.897962526857658,,1.653433186345785,1116.1120194777868,-79.63638115472068,-0.0,-539.9244943118167,322.85968008162297,-450.1443180553584,-867.9198529920425,-1614.7653664323152
Reducción,AP0118,0.9850399805390914,tasa_feed_Carbon_kg_min,66.2093830330141,0.1799529450914063,-0.20291241814162586,0.5628183083244385,-0.03173621870220839,-0.10537557809971598,0.041903140695299206,-13.864829334363264,-28.62210984242024,0.8924511736937113,1113.9880513755863,0.12875178548088828,-4.897962526857658,,1.7215968560770274,1168.5409548843668,-82.2578279250497,-0.0,-559.4511110208845,324.81956471361565,-450.2574917608161,-867.9198529920425,-1635.066718985177
Reducción,AP0118,0.9850399805390914,tasa_gn_nm3_min,10.37701100559476,-0.01827022452957809,-0.40113558776261027,0.36459513870345406,0.014068162683146515,-0.059571196714361084,0.08770752208065412,-22.74940159208301,-37.50668210013998,-7.992121084026035,1105.1034791178668,0.1529872676748613,95.18200430817677,,0.18519416024604354,0.0,-16.618559460431896,-0.0,-510.98014663293844,-32.97821203150169,199.59200882857178,-867.9198529920425,-1228.9047622883427
Reducción,AP0118,0.9850399805390914,tasa_gn_nm3_min,11.178045194171851,-0.0009529687124184838,-0.3838183319454507,0.38191239452061365,0.008883102898635887,-0.0647562564988717,0.08252246229614349,-22.291628064270068,-37.04890857232704,-7.534347556213092,1105.5612526456796,0.16981952784218132,81.19499175544804,,0.18519416024604354,0.0,-17.099179973578153,-0.0,-477.3156262982984,-1.7201323501331736,126.02899128353648,-867.9198529920425,-1238.0258003305157
Reducción,AP0118,0.9850399805390914,tasa_gn_nm3_min,11.97907938274894,0.01507736454343777,-0.3677879986895944,0.39794272777646994,0.004215483405333069,-0.06942387599217453,0.07785484280284066,-21.833854536457128,-36.591135044514104,-7.076574028400152,1106.0190261734924,0.18700805196077233,69.07858626571746,,0.18519416024604354,0.0,-17.579800486724405,-0.0,-442.9385780611164,27.21501993501876,59.807156058970996,-867.9198529920425,-1241.4160555458936
Reducción,AP0118,0.9850399805390914,tasa_gn_nm3_min,12.780113571326032,0.030062761108593974,-0.3528026021244382,0.4129281243416261,-3.199243536180249e-05,-0.0736713518328694,0.0736073669621458,-21.37608100864419,-36.133361516701164,-6.618800500587213,1106.4767997013055,0.2057079981860863,58.48104913122798,,0.18519416024604354,0.0,-18.060420999870658,-0.0,-405.5386856104885,54.264035370039835,-0.45389256472204903,-867.9198529920425,-1237.7088167970837
Reducción,AP0118,0.9850399805390914,tasa_gn_nm3_min,13.581147759903121,0.044188116257502616,-0.33867724697552953,0.4270534794905348,-0.003933666520570153,-0.07757302591807776,0.06970569287693744,-20.918307480831245,-35.675587988888225,-6.16102697277427,1106.9345732291183,0.22519230766628703,49.133625714594395,,0.18519416024604354,0.0,-18.541041513016914,-0.0,-366.570066650087,79.76065454769865,-55.80887999275622,-867.9198529920425,-1229.0791866002041
Reducción,AP0118,0.9850399805390914,tasa_gn_nm3_min,14.382181948480213,0.05759713334070006,-0.3252682298923321,0.4404624965737322,-0.00754731847572163,-0.08118667787322922,0.06609204092178597,-20.460533953018306,-35.21781446107528,-5.70325344496133,1107.3923467569314,0.24578801264633246,40.82743592421468,,0.18519416024604354,0.0,-19.02166202616317,-0.0,-325.37865668999615,103.96426560829711,-107.07755445868597,-867.9198529920425,-1215.4334605585907
Reducción,AP0118,0.9850399805390914,tasa_gn_nm3_min,15.183216137057304,0.07040318977625785,-0.3124621734567743,0.45326855300929003,-0.010918534605685965,-0.08455789400319356,0.06272082479182163,-20.002760425205363,-34.76004093326234,-5.245479917148387,1107.8501202847442,0.26885902395926636,33.397679945860475,,0.18519416024604354,0.0,-19.502282539309427,-0.0,-279.23663406412834,127.07951762588982,-154.9066715032985,-867.9198529920425,-1194.4859234728888
Reducción,AP0118,0.9850399805390914,tasa_gn_nm3_min,15.984250325634394,0.08269693581363143,-0.30016842741940075,0.4655622990466636,-0.014083763173075645,-0.08772312257058325,0.059555596224431954,-19.544986897392423,-34.3022674054494,-4.7877063893354475,1108.3078938125573,0.2926140907247772,26.712593054914418,,0.18519416024604354,0.0,-19.982903052455676,-0.0,-231.72650053310673,149.27003656700006,-199.8133407248396,-867.9198529920425,-1170.1725607354444
Reducción,AP0118,0.9850399805390914,tasa_gn_nm3_min,16.785284514211483,0.09455171750967704,-0.2883136457233551,0.4774170807427092,-0.017072494845130345,-0.09071185424263795,0.05656686455237725,-19.087213369579484,-33.84449387763646,-4.329932861522508,1108.76566734037,0.31381319201073016,20.665563046319388,,0.18519416024604354,0.0,-20.463523565601932,-0.0,-189.32829796120078,170.6682138979048,-242.2159608615548,-867.9198529920425,-1149.2594214824953
Reducción,AP0118,0.9850399805390914,tasa_gn_nm3_min,17.586318702788574,0.10602751764718955,-0.2768378455858426,0.4888928808802217,-0.019908847241301368,-0.09354820663880897,0.05373051215620623,-18.629439841766544,-33.38672034982352,-3.8721593337095683,1109.2234408681832,0.3319797196571462,15.169401910067497,,0.18519416024604354,0.0,-20.944144078748188,-0.0,-152.99524266836872,191.3823200411183,-282.4567005549978,-867.9198529920425,-1132.933620253039
Reducción,AP0118,0.9850399805390914,tasa_gn_nm3_min,18.387352891365666,0.11717386655068363,-0.26569149668234854,0.5000392297837157,-0.02261273530154792,-0.09625209469905552,0.05102662409595968,-18.1716663139536,-32.92894682201057,-3.414385805896625,1109.681214395996,0.35023298680507214,10.152114813170547,,0.18519416024604354,0.0,-21.424764591894437,-0.0,-116.4887083725168,211.5017584706477,-320.81810294613757,-867.9198529920424,-1115.1496704319434
Reducción,AP0118,0.9850399805390914,tasa_gn_nm3_min,19.188387079942757,0.12803202381652107,-0.2548333394165111,0.5108973870495532,-0.025200748507007823,-0.09884010790451542,0.04843861089049978,-17.71389278614066,-32.47117329419764,-2.9566122780836857,1110.138987923809,0.37240850704835377,5.5537288445213315,,0.18519416024604354,0.0,-21.905385105040693,-0.0,-72.13766788595355,231.10100378941593,-357.5355312405537,-867.9198529920425,-1088.3974334341744
Reducción,AP0118,0.9850399805390914,tasa_gn_nm3_min,19.98942126851985,0.13863663547344746,-0.2442287277595847,0.5215019987064796,-0.02768681718398222,-0.10132617658148982,0.04595254221352538,-17.256119258327722,-32.013399766384694,-2.498838750270746,1110.596761451622,0.39099223750613277,1.3238842481990951,,0.18519416024604354,0.0,-22.38600561818695,-0.0,-34.970206970395544,250.24259294545948,-392.8066218938876,-867.9198529920425,-1067.8400945290532
Reducción,AP0118,0.9850399805390914,tasa_gn_nm3_min,20.790455457096936,0.1490170080513057,-0.23384835518172647,0.5318823712843379,-0.03008272477600708,-0.10372208417351468,0.043556634621500515,-16.798345730514782,-31.555626238571758,-2.0410652224578065,1111.054534979435,0.4039815663562432,-2.580017499875846,,0.18519416024604354,0.0,-22.866626131333206,-0.0,-8.991549270174648,268.979424957808,-426.7985524700637,-867.9198529920425,-1057.597155905806
Reducción,AP0118,0.9850399805390914,tasa_gn_nm3_min,21.591489645674027,0.1591980990456226,-0.22366726418740956,0.5420634622786548,-0.03239850608559613,-0.10603786548310373,0.04124085331191147,-16.34057220270184,-31.097852710758815,-1.5832916946448634,1111.5123085072478,0.4049893468870304,-6.1942533823369,,0.18519416024604354,0.0,-23.347246644479455,-0.0,-6.975988208600237,287.3565487298249,-459.6536916946237,-867.9198529920425,-1070.540230809921
Reducción,AP0118,0.9850399805390914,tasa_gn_nm3_min,22.392523834251115,0.169201294794457,-0.21366406843857516,0.5520666580274891,-0.034642760039620184,-0.10828211943712779,0.038996599357887414,-15.882798674888905,-30.640079182945883,-1.1255181668319292,1111.9700820350608,0.3905013649641955,-9.549909523732302,,0.18519416024604354,0.0,-23.82786715762571,-0.0,-35.951952054270045,305.4125671363647,-491.4940368124512,-867.9198529920424,-1113.7811418800247
Reducción,AP0118,0.9850399805390914,tasa_gn_nm3_min,23.193558022828206,0.17904502716239945,-0.2038203360706327,0.5619103903954317,-0.03682289764295868,-0.11046225704046628,0.03681646175454892,-15.425025147075965,-30.182305655132943,-0.6677446390189896,1112.4278555628737,0.3673835778490017,-12.673777571923496,,0.18519416024604354,0.0,-24.308487670771967,-0.0,-82.18752628465764,323.18075015381004,-522.4247314293345,-867.9198529920425,-1173.6598482229967
Reducción,AP0118,0.9850399805390914,tasa_gn_nm3_min,23.994592211405298,0.1887452667004969,-0.19412009653253526,0.5716106299335291,-0.038945340266122105,-0.1125846996636297,0.03469401913138549,-14.967251619263022,-29.724532127319996,-0.2099711112060465,1112.8856290906867,0.33864645876575056,-15.589071530990118,,0.18519416024604354,0.0,-24.789108183918216,-0.0,-139.66176445115997,340.6899250260644,-552.5368787169164,-867.9198529920425,-1244.2176793179726
Reducción,AP0118,0.9850399805390914,tasa_gn_nm3_min,24.79562639998239,0.19831592021561933,-0.18454944301741283,0.5811812834486515,-0.04101567949823397,-0.11465503889574157,0.03262367989927363,-14.509478091450083,-29.266758599507057,0.24780241660689306,1113.3434026184996,0.30669830166408346,-18.316005648422223,,0.18519416024604354,0.0,-25.269728697064473,-0.0,-203.55807865449415,357.96519388719827,-581.9098093263161,-867.9198529920425,-1320.692275782719
Reducción,AP0118,0.9850399805390914,tasa_gn_nm3_min,25.59666058855948,0.2077691536894664,-0.17509620954356575,0.5906345169224986,-0.04303880698491678,-0.11667816638242437,0.03060055241259082,-14.051704563637141,-28.808985071694117,0.7055759444198344,1113.8011761463126,0.27397363056513746,-20.87226379423663,,0.18519416024604354,0.0,-25.75034921021073,-0.0,-269.00742085238613,375.0285166383291,-610.6129234626824,-867.9198529920425,-1398.2620298789925
Reducción,AP0118,0.9850399805390914,tasa_gn_nm3_min,26.39769477713657,0.21711565640399394,-0.16574970682903822,0.5999810196370261,-0.045019020626708116,-0.11865838002421572,0.028620338770799482,-13.5939310358242,-28.351211543881178,1.1633494722327757,1114.2589496741255,0.24357646463733945,-23.273383380649292,,0.18519416024604354,0.0,-26.230969723356985,-0.0,-329.8017527079822,391.8991877006191,-638.7071975748491,-867.9198529920425,-1470.7605852976117
Reducción,AP0118,0.9850399805390914,tasa_gn_nm3_min,27.19872896571366,0.22636485839403508,-0.15650050483899708,0.6092302216270673,-0.0469601120114757,-0.1205994714089833,0.026679247386031897,-13.13615750801126,-27.893438016068238,1.6211230000457153,1114.7167232019383,0.21582773397047908,-25.533071440463534,,0.18519416024604354,0.0,-26.711590236503234,-0.0,-385.2992140417029,408.59422852269313,-666.2464248024195,-867.9198529920425,-1537.582853549975
Reducción,AP0118,0.9850399805390914,tasa_gn_nm3_min,27.99976315429075,0.23552511057382342,-0.14734025265920875,0.6183904738068555,-0.04886543883891554,-0.12250479823642313,0.02477392055859206,-12.678383980198321,-27.4356644882553,2.078896527858655,1115.1744967297514,0.19019381748314845,-27.66346645008616,,0.18519416024604354,0.0,-27.19221074964949,-0.0,-436.5670470163642,425.1287127135156,-693.2782424980783,-867.9198529920424,-1599.8286405426188
Reducción,AP0118,0.9850399805390914,tasa_gn_nm3_min,28.800797342867842,0.24460383480445164,-0.13826152842858053,0.6274691980374838,-0.05073798525903061,-0.12437734465653821,0.02290137413847699,-12.220610452385378,-26.977890960442352,2.536670055671598,1115.6322702575642,0.16641986652873406,-29.67535646017242,,0.18519416024604354,0.0,-27.672831262795746,-0.0,-484.11494892519295,441.5160369179053,-719.8449882795484,-867.9198529920425,-1658.0365845416743
Reducción,AP0118,0.9850399805390914,tasa_gn_nm3_min,29.601831531444933,0.25360764959611565,-0.12925771363691652,0.6364730128291478,-0.05258041241394868,-0.12621977181145627,0.021058946983558917,-11.762836924572438,-26.520117432629412,2.9944435834845375,1116.0900437853772,0.14524659394228354,-31.578361810198114,,0.18519416024604354,0.0,-28.153451775942003,-0.0,-526.461494098094,457.7681477122286,-745.9844170914535,-867.9198529920425,-1710.7510682453035
Reducción,AP0118,0.9850399805390914,tasa_o2_nm3_min,2.936241586406579,0.17714580351944925,-0.2057195597135829,0.5600111667524814,-0.04026800883125073,-0.11390736822875833,0.03337135056625687,-10.149481553150673,-24.90676206120765,4.607798954906302,1117.703399156799,0.2667170807213943,-36.3913811661353,,0.18519416024604354,0.0,-20.487779807304488,-0.0,-283.5205205398725,319.7526039976939,-571.3022343553388,-867.9198529920425,-1423.4777836968642
Reducción,AP0118,0.9850399805390914,tasa_o2_nm3_min,4.11154540146219,0.17524749076503898,-0.20761787246799318,0.5581128539980711,-0.03950474339945137,-0.11314410279695897,0.03413461599805623,-10.70664929730183,-25.463929805358806,4.050631210755146,1117.146231412648,0.28664251566992843,-33.63208752022783,,0.18519416024604354,0.0,-20.72284057031561,-0.0,-243.6696506428042,316.3261020181645,-560.4734087131144,-867.9198529920424,-1376.4596509001121
Reducción,AP0118,0.9850399805390914,tasa_o2_nm3_min,5.286849216517801,0.17334917801062877,-0.2095161852224034,0.556214541243661,-0.03874147796765202,-0.11238083736515961,0.03489788142985558,-11.26381704145299,-26.021097549509967,3.493463466603986,1116.5890636684967,0.3064722438681324,-30.872793874320376,,0.18519416024604354,0.0,-20.957901333326735,-0.0,-204.01019424639634,312.8996000386352,-549.6445830708901,-867.9198529920425,-1329.6329316040205
Reducción,AP0118,0.9850399805390914,tasa_o2_nm3_min,6.462153031573412,0.1714508652562185,-0.21141449797681366,0.5543162284892507,-0.03797821253585266,-0.11161757193336025,0.03566114686165494,-11.820984785604146,-26.578265293661122,2.9362957224528294,1116.0318959243455,0.3244996024012748,-28.113500228412917,,0.18519416024604354,0.0,-21.192962096337855,-0.0,-167.9554771801115,309.4730980591058,-538.8157574286657,-867.9198529920425,-1286.4109516380518
Reducción,AP0118,0.9850399805390914,tasa_o2_nm3_min,7.637456846629023,0.16955255250180823,-0.21331281073122393,0.5524179157348403,-0.0372149471040533,-0.11085430650156089,0.0364244122934543,-12.378152529755305,-27.13543303781228,2.379127978301671,1115.4747281801945,0.3455432608758522,-25.354206582505455,,0.18519416024604354,0.0,-21.428022859348978,-0.0,-125.8681602309567,306.0465960795764,-527.9869317864412,-867.9198529920424,-1237.1563717892127
Reducción,AP0118,0.9850399805390914,tasa_o2_nm3_min,8.812760661684635,0.16765423974739802,-0.21521112348563415,0.5505196029804302,-0.03645168167225395,-0.11009104106976154,0.03718767772525365,-12.935320273906465,-27.692600781963442,1.8219602341505112,1114.9175604360432,0.36322552787388357,-22.594912936598003,,0.18519416024604354,0.0,-21.6630836223601,-0.0,-90.50362623489394,302.6200941000471,-517.158106144217,-867.9198529920425,-1194.6245748934664
Reducción,AP0118,0.9850399805390914,tasa_o2_nm3_min,9.988064476740245,0.16575592699298775,-0.21710943624004442,0.5486212902260199,-0.03568841624045459,-0.10932777563796219,0.03795094315705301,-13.492488018057621,-28.249768526114597,1.2647924899993548,1114.360392691892,0.3771294639276261,-19.83561929069054,,0.18519416024604354,0.0,-21.89814438537122,-0.0,-62.69575412740891,299.1935921205177,-506.32928050199257,-867.9198529920425,-1159.6494398862976
Reducción,AP0118,0.9850399805390914,tasa_o2_nm3_min,11.163368291795857,0.16385761423857748,-0.2190077489944547,0.5467229774716096,-0.03492515080865523,-0.10856451020616283,0.03871420858885237,-14.04965576220878,-28.806936270265755,0.7076247458481966,1113.8032249477408,0.39069613144645926,-17.076325644783072,,0.18519416024604354,0.0,-22.133205148382345,-0.0,-35.56241908974256,295.7670901409883,-495.5004548597682,-867.9198529920424,-1125.3488419489472
Reducción,AP0118,0.9850399805390914,tasa_o2_nm3_min,12.338672106851467,0.16195930148416726,-0.2209060617488649,0.5448246647171995,-0.034161885376855876,-0.10780124477436348,0.03947747402065172,-14.606823506359937,-29.364104014416913,0.15045700169703835,1113.2460572035898,0.40107174062160433,-14.317031998875626,,0.18519416024604354,0.0,-22.368265911393465,-0.0,-14.811200739452413,292.340588161459,-484.6716292175439,-867.9198529920425,-1097.4303606989733
Reducción,AP0118,0.9850399805390914,tasa_o2_nm3_min,13.513975921907077,0.160060988729757,-0.22280437450327517,0.5429263519627892,-0.03339861994505652,-0.10703797934256412,0.04024073945245108,-15.163991250511096,-29.92127175856807,-0.40671074245411987,1112.6888894594385,0.4077321221470821,-11.557738352968162,,0.18519416024604354,0.0,-22.603326674404588,-0.0,-1.4904376884968817,288.9140861819296,-473.8428035753195,-867.9198529920425,-1076.942334748334
Reducción,AP0118,0.9850399805390914,tasa_o2_nm3_min,14.689279736962689,0.15816267597534678,-0.22470268725768539,0.5410280392083789,-0.032635354513257164,-0.10627471391076476,0.04100400488425043,-15.721158994662254,-30.47843950271923,-0.9638784866052781,1112.1317217152873,0.41127971842433286,-8.798444707060712,,0.18519416024604354,0.0,-22.83838743741571,-0.0,-0.0,285.4875842024003,-463.0139779330952,-867.9198529920425,-1068.284634160153
Reducción,AP0118,0.9850399805390914,tasa_o2_nm3_min,15.864583552018301,0.1562643632209365,-0.22660100001209565,0.5391297264539687,-0.03187208908145781,-0.1055114484789654,0.041767270316049786,-16.27832673881341,-31.035607246870384,-1.5210462307564327,1111.5745539711363,0.4098061624618185,-6.039151061153249,,0.18519416024604354,0.0,-23.07344820042683,-0.0,-0.0,282.0610822228709,-452.1851522908709,-867.9198529920425,-1061.1173712604693
Reducción,AP0118,0.9850399805390914,tasa_o2_nm3_min,17.03988736707391,0.15436605046652624,-0.22849931276650592,0.5372314136995584,-0.031108823649658453,-0.10474818304716604,0.042530535747849145,-16.835494482964567,-31.592774991021543,-2.078213974907591,1111.017386226985,0.4004873473030208,-3.279857415245784,,0.18519416024604354,0.0,-23.308508963437955,-0.0,-15.97998737661943,278.63458024334153,-441.35632664864653,-867.9198529920425,-1069.9300957374048
Reducción,AP0118,0.9850399805390914,tasa_o2_nm3_min,18.215191182129523,0.15246773771211597,-0.2303976255209162,0.5353331009451481,-0.030345558217859097,-0.1039849176153667,0.0432938011796485,-17.392662227115725,-32.1499427351727,-2.635381719058749,1110.4602184828339,0.38330738233648365,-0.5205637693383188,,0.18519416024604354,0.0,-23.54356972644908,-0.0,-50.33991730969378,275.2080782638121,-430.52750100642214,-867.9198529920424,-1097.1227627707954
Reducción,AP0118,0.9850399805390914,tasa_o2_nm3_min,19.390494997185137,0.15056942495770576,-0.2322959382753264,0.533434788190738,-0.029582292786059738,-0.10322165218356734,0.044057066611447857,-17.949829971266883,-32.70711047932386,-3.1925494632099074,1109.9030507386829,0.3612812999386135,2.238729876569146,,0.18519416024604354,0.0,-23.778630489460202,-0.0,-94.39208210543404,271.78157628428283,-419.69867536419775,-867.9198529920425,-1134.0076646668517
Reducción,AP0118,0.9850399805390914,tasa_o2_nm3_min,20.565798812240743,0.14867111220329549,-0.23419425102973668,0.5315364754363276,-0.02881902735426039,-0.102458386751768,0.04482033204324721,-18.50699771541804,-33.26427822347502,-3.7497172073610656,1109.3458829945316,0.33594615675257405,4.998023522476577,,0.18519416024604354,0.0,-24.01369125247132,-0.0,-145.06236847751296,268.35507430475343,-408.8698497219735,-867.9198529920425,-1177.510688139247
Reducción,AP0118,0.9850399805390914,tasa_o2_nm3_min,21.741102627296357,0.14677279944888527,-0.2360925637841469,0.5296381626819174,-0.028055761922461033,-0.10169512131996863,0.04558359747504656,-19.0641654595692,-33.821445967626175,-4.306884951512224,1108.7887152503804,0.30877658284397774,7.757317168384041,,0.18519416024604354,0.0,-24.248752015482445,-0.0,-199.4015162947056,264.92857232522414,-398.04102407974915,-867.9198529920425,-1224.6825730567555
Reducción,AP0118,0.9850399805390914,tasa_o2_nm3_min,22.916406442351963,0.144874486694475,-0.23799087653855716,0.5277398499275072,-0.027292496490661674,-0.10093185588816928,0.04634686290684592,-19.621333203720354,-34.378613711777334,-4.8640526956633785,1108.2315475062294,0.2813827480028429,10.516610814291507,,0.18519416024604354,0.0,-24.483812778493565,-0.0,-254.18918597697527,261.50207034569473,-387.21219843752476,-867.9198529920425,-1272.3029798393413
Reducción,AP0118,0.9850399805390914,tasa_o2_nm3_min,24.091710257407577,0.14297617394006473,-0.23988918929296743,0.5258415371730969,-0.026529231058862315,-0.10016859045636992,0.04711012833864528,-20.178500947871516,-34.93578145592849,-5.42122043981454,1107.6743797620782,0.25595541785794435,13.275904460198971,,0.18519416024604354,0.0,-24.71887354150469,-0.0,-305.0438462667724,258.0755683661653,-376.3833727953004,-867.9198529920425,-1315.9903772294547
Reducción,AP0118,0.9850399805390914,tasa_o2_nm3_min,25.26701407246319,0.14107786118565446,-0.2417875020473777,0.5239432244186866,-0.025765965627062955,-0.09940532502457056,0.04787339377044464,-20.735668692022674,-35.49294920007965,-5.9783881839656985,1107.117212017927,0.23278238358316572,16.03519810610644,,0.18519416024604354,0.0,-24.953934304515812,-0.0,-351.3899148163296,254.64906638663592,-365.554547153076,-867.9198529920424,-1355.1691828793278
Reducción,AP0118,0.9850399805390914,tasa_o2_nm3_min,26.442317887518797,0.13917954843124425,-0.24368581480178791,0.5220449116642765,-0.02500270019526361,-0.09864205959277121,0.048636659202243984,-21.29283643617383,-36.05011694423081,-6.535555928116853,1106.560044273776,0.21272605638556122,18.79449175201387,,0.18519416024604354,0.0,-25.188995067526932,-0.0,-391.5025692115386,251.22256440710663,-354.72572151085177,-867.9198529920425,-1388.1145743748532
Reducción,AP0118,0.9850399805390914,tasa_o2_nm3_min,27.61762170257441,0.13728123567683398,-0.24558412755619818,0.5201465989098661,-0.02423943476346425,-0.09787879416097185,0.04939992463404334,-21.85000418032499,-36.60728468838197,-7.092723672268015,1106.0028765296247,0.19343030041575543,21.55378539792133,,0.18519416024604354,0.0,-25.424055830538055,-0.0,-430.09408115115025,247.79606242757723,-343.8968958686274,-867.9198529920425,-1419.5388234147808
Reducción,AP0118,0.9850399805390914,tasa_o2_nm3_min,28.792925517630025,0.13538292292242377,-0.2474824403106084,0.5182482861554559,-0.02347616933166489,-0.09711552872917249,0.0501631900658427,-22.40717192447615,-37.164452432533125,-7.649891416419173,1105.4457087854735,0.17599075161854463,24.313079043828797,,0.18519416024604354,0.0,-25.65911659354918,-0.0,-464.97317874557183,244.36956044804793,-333.068070226403,-867.9198529920425,-1447.2506581095186
Reducción,AP0118,0.9850399805390914,tasa_o2_nm3_min,29.96822933268563,0.1334846101680135,-0.24938075306501867,0.5163499734010457,-0.022712903899865532,-0.09635226329737313,0.05092645549764206,-22.964339668627304,-37.72162017668428,-8.207059160570328,1104.8885410413222,0.16070801497134785,27.072372689736262,,0.18519416024604354,0.0,-25.8941773565603,-0.0,-495.53865203996537,240.94305846851853,-322.23924458417855,-867.9198529920425,-1470.6488685042282
Reducción,AP0118,0.9850399805390914,tasa_o2_nm3_min,31.14353314774124,0.13158629741360323,-0.25127906581942894,0.5144516606466354,-0.02194963846806618,-0.09558899786557377,0.05168972092944142,-23.521507412778462,-38.27878792083544,-8.764226904721486,1104.3313732971712,0.14723681617840703,29.83166633564371,,0.18519416024604354,0.0,-26.129238119571422,-0.0,-522.4810496258469,237.51655648898915,-311.4104189419543,-867.9198529920425,-1490.424003190426
Reducción,AP0118,0.9850399805390914,tasa_aire_nm3_min,73.88206441938546,0.14117974297405936,-0.2416856202589728,0.5240451062070915,-0.04074288335269772,-0.11438224275020531,0.03289647604480988,-14.196943399708445,-28.95422390776542,0.5603371083485307,1113.6559373102411,0.11003100254077776,-25.18753705166563,,0.18519416024604354,0.0,-23.1706646195669,-0.0,-596.8926769011056,254.83296556175148,-578.0395149663071,-867.9198529920425,-1811.1897439172703
Reducción,AP0118,0.9850399805390914,tasa_aire_nm3_min,76.20722122547167,0.14198766178290542,-0.24087770145012674,0.5248530250159376,-0.040223850524647935,-0.11386320992215554,0.03341550887285966,-14.327560422970446,-29.084840931027422,0.4297200850865295,1113.5253202869792,0.11881012882058717,-24.041181558810866,,0.18519416024604354,0.0,-23.1706646195669,-0.0,-579.3344243414867,256.29127920968887,-570.6757385349657,-867.9198529920425,-1784.809401278373
Reducción,AP0118,0.9850399805390914,tasa_aire_nm3_min,78.5323780315579,0.14279558059175151,-0.24006978264128065,0.5256609438247837,-0.03970481769659815,-0.11334417709410574,0.03393454170090945,-14.458177446232446,-29.21545795428942,0.29910306182453006,1113.3947032637172,0.12539833050636087,-22.894826065956117,,0.18519416024604354,0.0,-23.1706646195669,-0.0,-566.1580209699392,257.7495928576263,-563.3119621036243,-867.9198529920425,-1762.8109078275465
Reducción,AP0118,0.9850399805390914,tasa_aire_nm3_min,80.85753483764411,0.14360349940059755,-0.2392618638324346,0.5264688626336297,-0.03918578486854835,-0.11282514426605594,0.034453574528959245,-14.588794469494447,-29.346074977551424,0.16848603856252886,1113.2640862404553,0.130482464130326,-21.748470573101336,,0.18519416024604354,0.0,-23.1706646195669,-0.0,-555.9897537220091,259.2079065055636,-555.9481856722826,-867.9198529920425,-1743.8205505003375
Reducción,AP0118,0.9850399805390914,tasa_aire_nm3_min,83.18269164373032,0.14441141820944364,-0.23845394502358852,0.5272767814424758,-0.03866675204049857,-0.11230611143800617,0.03497260735700903,-14.719411492756446,-29.476692000813422,0.03786901530052944,1113.1334692171931,0.1350956411523548,-20.602115080246588,,0.18519416024604354,0.0,-23.1706646195669,-0.0,-546.7633996779515,260.666220153501,-548.5844092409412,-867.9198529920425,-1725.772106377001
Reducción,AP0118,0.9850399805390914,tasa_aire_nm3_min,85.50784844981654,0.1452193370182897,-0.23764602621474246,0.5280847002513218,-0.038147719212448784,-0.11178707860995638,0.03549164018505881,-14.850028516018448,-29.607309024075423,-0.09274800796147176,1113.0028521939312,0.13669184299389542,-19.45575958739184,,0.18519416024604354,0.0,-23.1706646195669,-0.0,-543.5709959948703,262.12453380143836,-541.2206328095998,-867.9198529920424,-1713.757612614641
Reducción,AP0118,0.9850399805390914,tasa_aire_nm3_min,87.83300525590276,0.14602725582713577,-0.2368381074058964,0.5288926190601679,-0.037628686384398986,-0.11126804578190658,0.03601067301310861,-14.980645539280447,-29.737926047337425,-0.22336503122347118,1112.8722351706692,0.13946590854780827,-18.309404094537054,,0.18519416024604354,0.0,-23.1706646195669,-0.0,-538.0228648870445,263.5828474493757,-533.8568563782583,-867.9198529920425,-1699.3873914275364
Reducción,AP0118,0.9850399805390914,tasa_aire_nm3_min,90.15816206198897,0.14683517463598186,-0.2360301885970503,0.529700537869014,-0.03710965355634921,-0.1107490129538568,0.03652970584115839,-15.111262562542448,-29.868543070599422,-0.3539820544854724,1112.7416181474073,0.1431842542497436,-17.16304860168231,,0.18519416024604354,0.0,-23.1706646195669,-0.0,-530.5861734831739,265.04116109731314,-526.493079946917,-867.9198529920425,-1683.1286099443869
Reducción,AP0118,0.9850399805390914,tasa_aire_nm3_min,92.48331886807519,0.1476430934448279,-0.23522226978820426,0.5305084566778601,-0.03659062072829941,-0.11022998012580701,0.03704873866920819,-15.241879585804448,-29.999160093861423,-0.4845990777474718,1112.611001124145,0.14920436274619586,-16.016693108827543,,0.18519416024604354,0.0,-23.1706646195669,-0.0,-518.5459564902693,266.49947474525044,-519.1293035155753,-867.9198529920425,-1662.2663028722036
Reducción,AP0118,0.9850399805390914,tasa_aire_nm3_min,94.8084756741614,0.14845101225367396,-0.2344143509793582,0.5313163754867061,-0.03607158790024963,-0.10971094729775722,0.03756777149725797,-15.372496609066447,-30.129777117123425,-0.6152161010094712,1112.4803841008832,0.16029270563224163,-14.870337615972776,,0.18519416024604354,0.0,-23.1706646195669,-0.0,-496.3692707181778,267.95778839318785,-511.7655270842339,-867.9198529920424,-1631.267527020833
Reducción,AP0118,0.9850399805390914,tasa_aire_nm3_min,97.13363248024763,0.14925893106252006,-0.2336064321705121,0.5321242942955522,-0.03555255507219984,-0.10919191446970744,0.038086804325307755,-15.503113632328448,-30.260394140385422,-0.7458331242714724,1112.3497670776212,0.1729464325092166,-13.723982123118013,,0.18519416024604354,0.0,-23.1706646195669,-0.0,-471.0618169642279,269.41610204112527,-504.4017506528925,-867.9198529920425,-1597.1379831876043
Reducción,AP0118,0.9850399805390914,tasa_aire_nm3_min,99.45878928633384,0.15006684987136612,-0.23279851336166604,0.5329322131043983,-0.035033522244150045,-0.10867288164165764,0.03860583715335755,-15.63373065559045,-30.391011163647427,-0.8764501475334736,1112.2191500543593,0.18615620130435875,-12.577626630263246,,0.18519416024604354,0.0,-23.1706646195669,-0.0,-444.64227937394355,270.87441568906263,-497.0379742215509,-867.9198529920425,-1561.8963555180412
Reducción,AP0118,0.9850399805390914,tasa_aire_nm3_min,101.78394609242005,0.15087476868021218,-0.23199059455281998,0.5337401319132443,-0.03451448941610027,-0.10815384881360787,0.03912486998140733,-15.764347678852449,-30.521628186909425,-1.007067170795473,1112.0885330310973,0.20163016753056393,-11.431271137408496,,0.18519416024604354,0.0,-23.1706646195669,-0.0,-413.6943469215332,272.332729337,-489.6741977902096,-867.9198529920425,-1522.1263329863523
Reducción,AP0118,0.9850399805390914,tasa_aire_nm3_min,104.10910289850628,0.15168268748905828,-0.2311826757439739,0.5345480507220904,-0.03399545658805048,-0.10763481598555807,0.03964390280945712,-15.89496470211445,-30.652245210171426,-1.1376841940574742,1111.9579160078351,0.21480721583377016,-10.284915644553713,,0.18519416024604354,0.0,-23.1706646195669,-0.0,-387.3402503151208,273.7910429849374,-482.31042135886804,-867.9198529920425,-1486.950146300661
Reducción,AP0118,0.9850399805390914,tasa_aire_nm3_min,106.43425970459249,0.15249060629790434,-0.23037475693512782,0.5353559695309364,-0.033476423760000686,-0.10711578315750828,0.04016293563750691,-16.025581725376448,-30.782862233433423,-1.2683012173194719,1111.8272989845732,0.2345109414161163,-9.138560151698966,,0.18519416024604354,0.0,-23.1706646195669,-0.0,-347.9327991504285,275.24935663287476,-474.94664492752656,-867.9198529920424,-1438.7206050566897
Reducción,AP0118,0.9850399805390914,tasa_aire_nm3_min,108.7594165106787,0.1532985251067504,-0.22956683812628176,0.5361638883397826,-0.0329573909319509,-0.1065967503294585,0.040681968465556696,-16.15619874863845,-30.913479256695425,-1.398918240581473,1111.6966819613112,0.2584634284973731,-7.992204658844201,,0.18519416024604354,0.0,-23.1706646195669,-0.0,-300.0278249879149,276.7076702808121,-467.58286849618514,-867.9198529920425,-1381.9935408148974
Reducción,AP0118,0.9850399805390914,tasa_aire_nm3_min,111.08457331676493,0.15410644391559647,-0.2287589193174357,0.5369718071486287,-0.0324383581039011,-0.10607771750140871,0.041201001293606494,-16.28681577190045,-31.044096279957426,-1.5295352638434743,1111.5660649380493,0.3045361367630223,-6.845849165989434,,0.18519416024604354,0.0,-23.1706646195669,-0.0,-207.88240845661642,278.1659839287495,-460.2190920648435,-867.9198529920425,-1281.0260342043198
Reducción,AP0118,0.9850399805390914,tasa_aire_nm3_min,113.40973012285114,0.15491436272444253,-0.22795100050858963,0.5377797259574747,-0.03191932527585132,-0.10555868467335891,0.04172003412165628,-16.417432795162448,-31.174713303219423,-1.660152287105472,1111.4354479147871,0.36431620690443384,-5.699493673134686,,0.18519416024604354,0.0,-23.1706646195669,-0.0,-88.3222681737934,279.62429757668684,-452.85531563350213,-867.9198529920425,-1152.6438038422182
Reducción,AP0118,0.9850399805390914,tasa_aire_nm3_min,115.73488692893736,0.1557222815332886,-0.22714308169974357,0.5385876447663207,-0.03140029244780153,-0.10503965184530913,0.04223906694970607,-16.54804981842445,-31.305330326481425,-1.790769310367473,1111.3048308915252,0.4220357918022848,-4.5531381802799045,,0.18519416024604354,0.0,-23.1706646195669,-0.0,-0.0,281.0826112246242,-445.4915392021606,-867.9198529920424,-1055.4994455891456
Reducción,AP0118,0.9850399805390914,tasa_aire_nm3_min,118.06004373502358,0.1565302003421347,-0.22633516289089747,0.5393955635751668,-0.030881259619751744,-0.10452061901725934,0.042758099777755854,-16.67866684168645,-31.435947349743426,-1.9213863336294743,1111.1742138682632,0.45852667226445976,-3.406782687425155,,0.18519416024604354,0.0,-23.1706646195669,-0.0,-0.0,282.5409248725617,-438.1277627708192,-867.9198529920425,-1046.6773555098669
Reducción,AP0118,0.9850399805390914,tasa_aire_nm3_min,120.38520054110978,0.15733811915098073,-0.22552724408205144,0.540203482384013,-0.030362226791701957,-0.10400158618920956,0.04327713260580564,-16.809283864948448,-31.566564373005424,-2.052003356891472,1111.0435968450013,0.47368679453451795,-2.26042719457039,,0.18519416024604354,0.0,-23.1706646195669,-0.0,-0.0,283.999238520499,-430.7639863394777,-867.9198529920425,-1037.8552654305881
Reducción,AP0118,0.9850399805390914,tasa_aire_nm3_min,122.71035734719601,0.1581460379598268,-0.22471932527320537,0.541011401192859,-0.02984319396365217,-0.10348255336115977,0.04379616543385543,-16.93990088821045,-31.697181396267425,-2.182620380153473,1110.912979821739,0.45737888646088987,-1.1140717017156245,,0.18519416024604354,0.0,-23.1706646195669,-0.0,-0.0,285.45755216843634,-423.4002099081363,-867.9198529920425,-1029.0331753513094
Reducción,AP0118,0.9850399805390914,tasa_aire_nm3_min,125.03551415328222,0.1589539567686729,-0.22391140646435925,0.5418193200017051,-0.029324161135602385,-0.10296352053310998,0.04431519826190521,-17.07051791147245,-31.827798419529426,-2.3132374034154743,1110.7823627984772,0.41397298534974347,0.03228379113912429,,0.18519416024604354,0.0,-23.1706646195669,-0.0,-0.0,286.9158658163738,-416.03643347679485,-867.9198529920425,-1020.2110852720305
Reducción,AP0118,0.9850399805390914,tasa_aire_nm3_min,127.36067095936843,0.15976187557751895,-0.22310348765551322,0.5426272388105511,-0.02880512830755259,-0.10244448770506019,0.044834231089955004,-17.20113493473445,-31.958415442791427,-2.4438544266774755,1110.6517457752152,0.370664194546764,1.1786392839939064,,0.18519416024604354,0.0,-23.1706646195669,-0.0,-75.62629288913303,288.3741794643111,-408.67265704545326,-867.9198529920425,-1087.0152880818846
Reducción,AP0118,0.9850399805390914,tasa_aire_nm3_min,129.68582776545466,0.160569794386365,-0.22229556884666715,0.5434351576193972,-0.028286095479502803,-0.10192545487701041,0.045353263918004795,-17.331751957996453,-32.089032466053425,-2.5744714499394767,1110.5211287519533,0.327973075126142,2.324994776848655,,0.18519416024604354,0.0,-23.1706646195669,-0.0,-161.00853173037711,289.83249311224847,-401.30888061411184,-867.9198529920425,-1163.57543684385
Fusión,AP0174,0.6921818700743343,tasa_feed_Carbon_kg_min,24.328760902215688,0.5496443110628588,0.35101832594197246,0.7482702961837452,,,,-2.2487178072813565,-18.1994793103808,13.702043695818087,1099.1987572535543,0.4179719876252808,18.434491847388653,0.14581957095163747,0.11578619820313212,0.0,-82.26892862043856,-0.0,-103.09768998516056,-0.0,-163.38177146343477,-29.520787038591735,-378.26917710762564
Fusión,AP0174,0.6921818700743343,tasa_feed_Carbon_kg_min,25.986504731130974,0.5530346774126608,0.3544086922917744,0.7516606625335471,,,,-2.073957339651689,-18.02471884275113,13.876804163447755,1099.3735177211838,0.4444376489170805,18.434491847388653,0.1557556089953233,0.12367578437302718,0.0,-84.92131874670301,-0.0,-50.16636740156122,-0.0,-164.38955786091338,-29.520787038591735,-328.99803104776936
Fusión,AP0174,0.6921818700743343,tasa_feed_Carbon_kg_min,27.644248560046258,0.5564250437624627,0.35779905864157635,0.7550510288833491,,,,-1.8991968720220225,-17.849958375121467,14.05156463107742,1099.5482781888136,0.46676175751175836,18.434491847388653,0.16569164703900913,0.13156537054292222,0.0,-87.57370887296746,-0.0,-5.518150212205475,-0.0,-165.39734425839202,-29.520787038591735,-288.0099903821567
Fusión,AP0174,0.6921818700743343,tasa_feed_Carbon_kg_min,29.301992388961544,0.5598154101122647,0.3611894249913783,0.758441395233151,,,,-1.7244364043923552,-17.6751979074918,14.226325098707088,1099.7230386564431,0.4731259398257537,18.434491847388653,0.17562768508269497,0.13945495671281727,0.0,-90.22609899923192,-0.0,-0.0,-0.0,-166.40513065587066,-29.520787038591735,-286.1520166936943
Fusión,AP0174,0.6921818700743343,tasa_feed_Carbon_kg_min,30.95973621787683,0.5632057764620666,0.36457979134118024,0.761831761582953,,,,-1.5496759367626882,-17.500437439862132,14.401085566336755,1099.897799124073,0.4738517713400465,18.434491847388653,0.1855637231263808,0.14734454288271231,0.0,-92.87848912549639,-0.0,-0.0,-0.0,-167.41291705334928,-29.520787038591735,-289.81219321743737
Fusión,AP0174,0.6921818700743343,tasa_feed_Carbon_kg_min,32.61748004679212,0.5665961428118685,0.3679701576909822,0.7652221279327549,,,,-1.374915469133021,-17.325676972232465,14.575846033966421,1100.0725595917027,0.4675036868171824,18.434491847388653,0.19549976117006665,0.1552341290526074,0.0,-95.53087925176084,-0.0,-4.034291601357376,-0.0,-168.42070345082792,-29.520787038591735,-297.5066613425379
Fusión,AP0174,0.6921818700743343,tasa_feed_Carbon_kg_min,34.2752238757074,0.5699865091616705,0.3713605240407841,0.7686124942825568,,,,-1.2001550015033546,-17.150916504602797,14.750606501596089,1100.2473200593322,0.4577671620949584,18.434491847388653,0.20543579921375246,0.1631237152225024,0.0,-98.18326937802529,-0.0,-23.50734104580543,-0.0,-169.42848984830653,-29.520787038591735,-320.63988731072897
Fusión,AP0174,0.6921818700743343,tasa_feed_Carbon_kg_min,35.93296770462268,0.5733768755114724,0.37475089039058607,0.7720028606323588,,,,-1.0253945338736874,-16.97615603697313,14.925366969225756,1100.422080526962,0.4491908903267783,18.434491847388653,0.2153718372574383,0.17101330139239745,0.0,-100.83565950428975,-0.0,-40.65988458216563,-0.0,-170.43627624578517,-29.520787038591735,-341.4526073708323
Fusión,AP0174,0.6921818700743343,tasa_feed_Carbon_kg_min,37.59071153353797,0.5767672418612744,0.378141256740388,0.7753932269821607,,,,-0.8506340662440204,-16.801395569343462,15.100127436855423,1100.5968409945915,0.43917434072649697,18.434491847388653,0.22530787530112414,0.17890288756229253,0.0,-103.4880496305542,-0.0,-60.69298378272825,-0.0,-171.4440626432638,-29.520787038591735,-365.14588309513795
Fusión,AP0174,0.6921818700743343,tasa_feed_Carbon_kg_min,39.24845536245326,0.5801576082110763,0.38153162309018995,0.7787835933319627,,,,-0.6758735986143531,-16.626635101713795,15.27488790448509,1100.7716014622213,0.42592070803228366,18.434491847388653,0.23524391334480999,0.18679247373218757,0.0,-106.14043975681867,-0.0,-87.20024917115488,-0.0,-172.45184904074242,-29.520787038591735,-395.3133250073077
Fusión,AP0174,0.6921818700743343,tasa_feed_Carbon_kg_min,40.90619919136854,0.5835479745608783,0.3849219894399919,0.7821739596817646,,,,-0.501113130984686,-16.451874634084128,15.449648372114757,1100.9463619298508,0.4112334100606947,18.434491847388653,0.24517995138849583,0.19468205990208265,0.0,-108.79282988308313,-0.0,-116.5748451143328,-0.0,-173.45963543822106,-29.520787038591735,-428.34809747422867
Fusión,AP0174,0.6921818700743343,tasa_feed_Carbon_kg_min,42.56394302028383,0.5869383409106802,0.38831235578979384,0.7855643260315666,,,,-0.3263526633550189,-16.27711416645446,15.624408839744424,1101.1211223974806,0.40143643248468125,18.434491847388653,0.25511598943218167,0.2025716460719777,1.4318738122731247,-111.44522000934758,-0.0,-136.16880026635968,-0.0,-174.46742183569967,-29.520787038591735,-451.6022291499986
Fusión,AP0174,0.6921818700743343,tasa_feed_Carbon_kg_min,44.221686849199116,0.5903287072604821,0.3917027221395958,0.7889546923813685,,,,-0.15159219572535187,-16.102353698824796,15.799169307374092,1101.2958828651103,0.39198413627157513,18.434491847388653,0.26505202747586754,0.21046123224187277,54.479676337562296,-114.09761013561204,-0.0,-155.07339269257193,-0.0,-175.4752082331783,-29.520787038591735,-474.166998099954
Fusión,AP0174,0.6921818700743343,tasa_feed_Carbon_kg_min,45.8794306781144,0.5937190736102841,0.3950930884893977,0.7923450587311704,,,,0.023168271904315363,-15.927593231195127,15.973929775003759,1101.4706433327399,0.37945183008105876,18.434491847388653,0.27498806551955335,0.21835081841176782,107.52747886285147,-116.7500002618765,-0.0,-180.13800507360466,0.0,-176.48299463065695,-29.520787038591735,-502.89178700472985
Fusión,AP0174,0.6921818700743343,tasa_feed_Carbon_kg_min,47.53717450702969,0.597109439960086,0.39848345483919967,0.7957354250809724,,,,0.1979287395339826,-15.752832763565461,16.148690242633425,1101.6454038003696,0.3675578488232392,18.434491847388653,0.2849241035632392,0.22624040458166286,160.57528138814064,-119.40239038814096,-0.0,-203.92596758924375,0.0,-177.49078102813556,-29.520787038591735,-530.339926044112
Fusión,AP0174,0.6921818700743343,tasa_feed_Carbon_kg_min,49.19491833594497,0.600499806309888,0.4018738211890016,0.7991257914307743,,,,0.37268920716364895,-15.578072295935794,16.323450710263092,1101.8201642679992,0.358392762590532,18.434491847388653,0.294860141606925,0.2341299907515579,213.62308391342958,-122.05478051440541,-0.0,-222.2561400546582,0.0,-178.4985674256142,-29.520787038591735,-552.3302750332696
Fusión,AP0174,0.6921818700743343,tasa_feed_Carbon_kg_min,50.852662164860256,0.6038901726596899,0.40526418753880356,0.8025161577805763,,,,0.547449674793316,-15.403311828306126,16.49821117789276,1101.994924735629,0.3486255158169919,18.434491847388653,0.30479617965061084,0.24201957692145296,266.67088643871875,-124.70717064066987,-0.0,-241.79063360173836,0.0,-179.5063538230928,-29.520787038591735,-575.5249451040927
Fusión,AP0174,0.6921818700743343,tasa_feed_Carbon_kg_min,52.51040599377554,0.6072805390094919,0.4086545538886055,0.8059065241303782,,,,0.7222101424229832,-15.228551360676459,16.672971645522427,1102.1696852032585,0.3401124235531219,18.434491847388653,0.31473221769429666,0.249909163091348,319.7186889640079,-127.35956076693432,-0.0,-258.8168181294784,0.0,-180.51414022057145,-29.520787038591735,-596.2113061555759
Fusión,AP0174,0.6921818700743343,tasa_feed_Carbon_kg_min,54.16814982269082,0.6106709053592938,0.41204492023840744,0.8092968904801802,,,,0.8969706100526498,-15.053790893046793,16.84773211315209,1102.3444456708883,0.3331260444727422,18.434491847388653,0.32466825573798247,0.257798749261243,372.76649148929687,-130.01195089319876,-0.0,-272.7895762902378,0.0,-181.5219266180501,-29.520787038591735,-613.8442408400783
Fusión,AP0174,0.6921818700743343,tasa_feed_Carbon_kg_min,55.82589365160611,0.6140612717090957,0.4154352865882094,0.8126872568299821,,,,1.0717310776823168,-14.879030425417126,17.02249258078176,1102.5192061385178,0.325639249459978,18.434491847388653,0.33460429378166834,0.2656883354311381,425.81429401458604,-132.66434101946322,-0.0,-287.76316631576617,0.0,-182.5297130155287,-29.520787038591735,-632.4780073893498
Fusión,AP0174,0.6921818700743343,tasa_feed_Carbon_kg_min,57.483637480521395,0.6174516380588977,0.41882565293801133,0.816077623179784,,,,1.2464915453119838,-14.70426995778746,17.197253048411426,1102.6939666061476,0.31440327257998146,18.434491847388653,0.34454033182535415,0.27357792160103317,478.8620965398752,-135.3167311457277,-0.0,-310.23512007575926,0.0,-183.53749941300734,-29.520787038591735,-658.610137673086
Fusión,AP0174,0.6921818700743343,tasa_feed_Carbon_kg_min,59.14138130943668,0.6208420044086996,0.42221601928781327,0.819467989529586,,,,1.4212520129416508,-14.529509490157793,17.372013516041093,1102.8687270737773,0.3013781300765756,18.434491847388653,0.35447636986904,0.2814675077709282,531.9098990651644,-137.96912127199215,-0.0,-336.285405082571,0.0,-184.54528581048595,-29.520787038591735,-688.3205992036408
Fusión,AP0174,0.6921818700743343,tasa_feed_Carbon_kg_min,60.79912513835197,0.6242323707585016,0.4256063856376152,0.8228583558793879,,,,1.5960124805713183,-14.354749022528125,17.54677398367076,1103.0434875414069,0.28651610293022023,18.434491847388653,0.36441240791272583,0.28935709394082326,584.9577015904536,-140.6215113982566,-0.0,-366.0094593752817,0.0,-185.5530722079646,-29.520787038591735,-721.7048300200946
Fusión,AP0174,0.6921818700743343,tasa_feed_Carbon_kg_min,62.456868967267255,0.6276227371083035,0.42899675198741716,0.8262487222291899,,,,1.7707729482009853,-14.179988554898458,17.72153445130043,1103.2182480090366,0.27040495068495285,18.434491847388653,0.3743484459564117,0.2972466801107183,638.0055041157427,-143.27390152452105,-0.0,-398.2317638658165,0.0,-186.56085860544323,-29.520787038591735,-757.5873110343725
Fusión,AP0174,0.6921818700743343,tasa_feed_Carbon_kg_min,64.11461279618254,0.6310131034581055,0.4323871183372191,0.8296390885789918,,,,1.9455334158306523,-14.00522808726879,17.896294918930096,1103.3930084766662,0.2533039599751114,18.434491847388653,0.3842844840000975,0.3051362662806134,691.0533066410319,-145.92629165078552,-0.0,-432.43374528549936,0.0,-187.56864500292184,-29.520787038591735,-795.4494689777985
Fusión,AP0174,0.6921818700743343,tasa_gn_nm3_min,24.46151011501188,0.47827442443653206,0.27964843931564576,0.6769004095574184,,,,-1.8731992321859985,-17.823960735285443,14.077562270913445,1099.5742758286497,0.09476228175547097,44.77113108093106,0.16716974756120068,0.13273903769136958,0.0,-82.7462851680148,-0.0,-749.5171017247802,-0.0,-142.16707266375917,-29.520787038591727,-1003.9512465951459
Fusión,AP0174,0.6921818700743343,tasa_gn_nm3_min,24.77858019826483,0.4828591785491472,0.2842331934282609,0.6814851636700335,,,,-1.8731992321859687,-17.82396073528541,14.077562270913475,1099.5742758286497,0.10395564745384057,42.91861999203223,0.16716974756120068,0.13273903769136958,0.0,-83.05067244793763,-0.0,-731.1303703280411,-0.0,-143.52989082373398,-29.520787038591727,-987.2317206383044
Fusión,AP0174,0.6921818700743343,tasa_gn_nm3_min,25.09565028151778,0.4874439326617624,0.2888179475408761,0.6860699177826487,,,,-1.873199232185939,-17.823960735285382,14.077562270913504,1099.5742758286497,0.11430564221526002,41.1129198714562,0.16716974756120068,0.13273903769136958,0.0,-83.35505972786045,-0.0,-710.4303808052022,-0.0,-144.89270898370884,-29.520787038591727,-968.1989365553632
Fusión,AP0174,0.6921818700743343,tasa_gn_nm3_min,25.41272036477073,0.4920286867743775,0.29340270165349114,0.6906546718952639,,,,-1.8731992321859092,-17.823960735285354,14.077562270913534,1099.5742758286497,0.12601321517405667,39.35227856232128,0.16716974756120068,0.13273903769136958,0.0,-83.65944700778329,-0.0,-687.0152348876088,-0.0,-146.2555271436837,-29.520787038591735,-946.4509960776675
Fusión,AP0174,0.6921818700743343,tasa_gn_nm3_min,25.72979044802368,0.49661344088699266,0.2979874557661063,0.695239426007879,,,,-1.8731992321858795,-17.823960735285322,14.077562270913564,1099.5742758286497,0.13898021667537475,37.635030275573676,0.16716974756120068,0.13273903769136958,0.0,-83.96383428770612,-0.0,-661.0812318849727,-0.0,-147.61834530365854,-29.520787038591735,-922.184198514929
Fusión,AP0174,0.6921818700743343,tasa_gn_nm3_min,26.046860531276632,0.5011981949996079,0.3025722098787216,0.6998241801204943,,,,-1.8731992321858497,-17.823960735285294,14.077562270913592,1099.5742758286497,0.15462026116590039,35.95959033318229,0.16716974756120068,0.13273903769136958,0.0,-84.26822156762896,-0.0,-629.8011429039215,-0.0,-148.98116346363344,-29.520787038591735,-892.5713149737755
Fusión,AP0174,0.6921818700743343,tasa_gn_nm3_min,26.363930614529583,0.5057829491122231,0.30715696399133674,0.7044089342331095,,,,-1.87319923218582,-17.82396073528526,14.077562270913623,1099.5742758286497,0.17365567855077338,34.32445029066446,0.16716974756120068,0.13273903769136958,0.0,-84.57260884755179,-0.0,-591.7303081341754,-0.0,-150.3439816236083,-29.520787038591735,-856.1676856439271
Fusión,AP0174,0.6921818700743343,tasa_gn_nm3_min,26.681000697782533,0.5103677032248383,0.3117417181039519,0.7089936883457246,,,,-1.8731992321857902,-17.823960735285233,14.077562270913653,1099.57427582865,0.19475205888134908,32.72817340738746,0.16716974756120068,0.13273903769136958,0.0,-84.87699612747461,-0.0,-549.537547473024,-0.0,-151.70679978358316,-29.520787038591735,-815.6421304226735
Fusión,AP0174,0.6921818700743343,tasa_gn_nm3_min,26.998070781035484,0.5149524573374534,0.31632647221656707,0.7135784424583398,,,,-1.8731992321857605,-17.823960735285205,14.077562270913683,1099.57427582865,0.21738446595499322,31.169390436055522,0.16716974756120068,0.13273903769136958,0.0,-85.18138340739745,-0.0,-504.27273332573577,-0.0,-153.06961794355803,-29.520787038591735,-772.044521715283
Fusión,AP0174,0.6921818700743343,tasa_gn_nm3_min,27.315140864288434,0.5195372114500685,0.3209112263291821,0.7181631965709548,,,,-1.8731992321857307,-17.823960735285173,14.077562270913713,1099.57427582865,0.24147259587171965,29.64679570544686,0.16716974756120068,0.13273903769136958,0.0,-85.48577068732028,-0.0,-456.0964734922829,-0.0,-154.43243610353284,-29.520787038591735,-725.5354673217278
Fusión,AP0174,0.6921818700743343,tasa_gn_nm3_min,27.63221094754138,0.5241219655626836,0.3254959804417973,0.72274795068357,,,,-1.873199232185701,-17.823960735285144,14.077562270913742,1099.57427582865,0.26789749406549807,28.159143472846146,0.16716974756120068,0.13273903769136958,0.0,-85.7901579672431,-0.0,-403.2466771047261,-0.0,-155.7952542635077,-29.520787038591735,-674.3528763740686
Fusión,AP0174,0.6921818700743343,tasa_gn_nm3_min,27.94928103079433,0.5287067196752988,0.33008073455441245,0.7273327047961852,,,,-1.8731992321856707,-17.823960735285112,14.077562270913772,1099.57427582865,0.29654406879685935,26.705244524755486,0.16716974756120068,0.13273903769136958,0.0,-86.09454524716594,-0.0,-345.9535276420035,-0.0,-157.15807242348257,-29.520787038591735,-618.7269323512437
Fusión,AP0174,0.6921818700743343,tasa_gn_nm3_min,28.266351114047282,0.533291473787914,0.3346654886670276,0.7319174589088003,,,,-1.873199232185641,-17.823960735285084,14.077562270913802,1099.57427582865,0.32712414553079083,25.28396300638913,0.16716974756120068,0.13273903769136958,0.0,-86.39893252708877,-0.0,-284.7933741741405,-0.0,-158.5208905834574,-29.520787038591735,-559.2339843232785
Fusión,AP0174,0.6921818700743343,tasa_gn_nm3_min,28.583421197300233,0.5378762279005291,0.3392502427796428,0.7365022130214155,,,,-1.8731992321856112,-17.823960735285056,14.077562270913832,1099.57427582865,0.35818674694737995,23.894213462186652,0.16716974756120068,0.13273903769136958,0.0,-86.70331980701161,-0.0,-222.6681713409623,-0.0,-159.88370874343227,-29.520787038591735,-498.7759869299979
Fusión,AP0174,0.6921818700743343,tasa_gn_nm3_min,28.900491280553183,0.5424609820131443,0.34383499689225794,0.7410869671340307,,,,-1.8731992321855815,-17.823960735285024,14.077562270913862,1099.5742758286501,0.3889282238960703,22.534958071139116,0.16716974756120068,0.13273903769136958,0.0,-87.00770708693445,-0.0,-161.18521744358162,-0.0,-161.24652690340713,-29.520787038591735,-438.9602384725149
Fusión,AP0174,0.6921818700743343,tasa_gn_nm3_min,29.217561363806134,0.5470457361257595,0.3484197510048731,0.7456717212466458,,,,-1.8731992321855517,-17.823960735284995,14.07756227091389,1099.5742758286501,0.41799616219149494,21.20520406212925,0.16716974756120068,0.13273903769136958,0.0,-87.31209436685727,-0.0,-103.04934085273231,-0.0,-162.609345063382,-29.520787038591735,-382.4915673215633
Fusión,AP0174,0.6921818700743343,tasa_gn_nm3_min,29.534631447059084,0.5516304902383746,0.35300450511748827,0.750256475359261,,,,-1.873199232185522,-17.823960735284963,14.077562270913921,1099.5742758286501,0.444873022510092,19.904001295757947,0.16716974756120068,0.13273903769136958,0.0,-87.6164816467801,-0.0,-49.295620215538236,-0.0,-163.97216322335686,-29.520787038591735,-330.40505212426694
Fusión,AP0174,0.6921818700743343,tasa_gn_nm3_min,29.851701530312035,0.5562152443509898,0.35758925923010343,0.7548412294718762,,,,-1.8731992321854922,-17.823960735284935,14.077562270913951,1099.5742758286501,0.46638716163170274,18.630440000278572,0.16716974756120068,0.13273903769136958,0.0,-87.92086892670294,-0.0,-6.267341972316709,-0.0,-165.3349813833317,-29.520787038591735,-289.0439793209431
Fusión,AP0174,0.6921818700743343,tasa_gn_nm3_min,30.168771613564985,0.560799998463605,0.3621740133427186,0.7594259835844913,,,,-1.8731992321854625,-17.823960735284906,14.07756227091398,1099.5742758286501,0.47191568356606994,17.383648650301637,0.16716974756120068,0.13273903769136958,0.0,-88.22525620662577,-0.0,-0.0,-0.0,-166.69779954330656,-29.520787038591735,-284.4438427885241
Fusión,AP0174,0.6921818700743343,tasa_gn_nm3_min,30.485841696817936,0.5653847525762201,0.36675876745533376,0.7640107376971065,,,,-1.8731992321854327,-17.823960735284874,14.07756227091401,1099.5742758286501,0.4661883380047755,16.162791977875532,0.16716974756120068,0.13273903769136958,0.0,-88.52964348654861,-0.0,-6.664989226171203,-0.0,-168.06061770328142,-29.520787038591735,-292.77603745459294
Fusión,AP0174,0.6921818700743343,tasa_gn_nm3_min,30.802911780070886,0.5699695066888353,0.3713435215679489,0.7685954918097216,,,,-1.873199232185403,-17.823960735284846,14.07756227091404,1099.5742758286501,0.4532531399221921,14.967069106404987,0.16716974756120068,0.13273903769136958,0.0,-88.83403076647143,-0.0,-32.53538539133793,-0.0,-169.42343586325626,-29.520787038591735,-320.3136390596573
Fusión,AP0174,0.6921818700743343,tasa_gn_nm3_min,31.119981863323837,0.5745542608014504,0.3759282756805641,0.7731802459223368,,,,-1.8731992321853732,-17.823960735284818,14.07756227091407,1099.5742758286501,0.43203847204148704,13.795711798646513,0.16716974756120068,0.13273903769136958,0.0,-89.13841804639426,-0.0,-74.9647211527481,-0.0,-170.78625402323112,-29.520787038591735,-364.4101802609652
Fusión,AP0174,0.6921818700743343,tasa_gn_nm3_min,31.437051946576787,0.5791390149140655,0.38051302979317914,0.7777650000349519,,,,-1.8731992321853435,-17.823960735284786,14.0775622709141,1099.5742758286503,0.4058340038104762,12.64798281072675,0.16716974756120068,0.13273903769136958,0.0,-89.4428053263171,-0.0,-127.37365761476983,-0.0,-172.14907218320596,-29.520787038591735,-418.48632216288456
Fusión,AP0174,0.6921818700743343,tasa_gn_nm3_min,31.754122029829738,0.5837237690266807,0.3850977839057943,0.782349754147567,,,,-1.8731992321853133,-17.823960735284757,14.077562270914129,1099.5742758286503,0.3753144862994289,11.523174344773217,0.16716974756120068,0.13273903769136958,0.0,-89.74719260623993,-0.0,-188.41269263686445,-0.0,-173.51189034318082,-29.520787038591735,-481.1925626248769
Fusión,AP0174,0.6921818700743343,tasa_gn_nm3_min,32.07119211308269,0.5883085231392958,0.38968253801840946,0.7869345082601822,,,,-1.8731992321852835,-17.823960735284725,14.077562270914159,1099.5742758286503,0.34361337144367843,10.420606593332945,0.16716974756120068,0.13273903769136958,0.0,-90.05157988616277,-0.0,-251.81492234836534,-0.0,-174.8747085031557,-29.520787038591735,-546.2619977762755
Fusión,AP0174,0.6921818700743343,tasa_o2_nm3_min,33.958499728487084,0.5569293999505157,0.35830341482962935,0.7555553850714021,,,,2.734886696133897,-13.215874806965546,18.68564819923334,1104.1823617569694,0.11536132560958616,-1.2718553003466877,0.16716974756120068,0.13273903769136958,0.0,-84.19713841176201,-0.0,-708.3190140165499,-0.0,-165.5472641352908,-29.520787038591735,-987.5842036021944
Fusión,AP0174,0.6921818700743343,tasa_o2_nm3_min,34.674982592210455,0.5569293999505157,0.35830341482962935,0.7555553850714021,,,,2.4547285718791154,-13.496032931220327,18.40549007497856,1103.9022036327146,0.12543416848390346,-0.07376712692657715,0.16716974756120068,0.13273903769136958,0.0,-84.42641292815348,-0.0,-688.1733282679152,-0.0,-165.5472641352908,-29.520787038591735,-967.6677923699511
Fusión,AP0174,0.6921818700743343,tasa_o2_nm3_min,35.391465455933826,0.5569293999505157,0.35830341482962935,0.7555553850714021,,,,2.174570447624335,-13.776191055475108,18.125331950723776,1103.62204550846,0.13653933656997144,1.1243210464935334,0.16716974756120068,0.13273903769136958,0.0,-84.65568744454497,-0.0,-665.9629920957792,-0.0,-165.5472641352908,-29.520787038591735,-945.6867307142068
Fusión,AP0174,0.6921818700743343,tasa_o2_nm3_min,36.1079483196572,0.5569293999505157,0.35830341482962935,0.7555553850714021,,,,1.8944123233695542,-14.056349179729889,17.845173826468997,1103.3418873842052,0.14959627444054563,2.3224092199136437,0.16716974756120068,0.13273903769136958,0.0,-84.88496196093644,-0.0,-639.849116354631,-0.0,-165.5472641352908,-29.520787038591735,-919.80212948945
Fusión,AP0174,0.6921818700743343,tasa_o2_nm3_min,36.82443118338057,0.5569293999505157,0.35830341482962935,0.7555553850714021,,,,1.614254199114773,-14.33650730398467,17.565015702214215,1103.0617292599504,0.16533539110019926,3.520497393333754,0.16716974756120068,0.13273903769136958,0.0,-85.11423647732792,-0.0,-608.3708830353236,-0.0,-165.5472641352908,-29.520787038591735,-888.553170686534
Fusión,AP0174,0.6921818700743343,tasa_o2_nm3_min,37.54091404710394,0.5569293999505157,0.35830341482962935,0.7555553850714021,,,,1.3340960748599922,-14.61666542823945,17.284857577959436,1102.7815711356957,0.18295693294371926,4.718585566753865,0.16716974756120068,0.13273903769136958,0.0,-85.3435109937194,-0.0,-573.1277993482837,-0.0,-165.5472641352908,-29.520787038591735,-853.5393615158856
Fusión,AP0174,0.6921818700743343,tasa_o2_nm3_min,38.25739691082731,0.5569293999505157,0.35830341482962935,0.7555553850714021,,,,1.0539379506052113,-14.896823552494231,17.004699453704653,1102.5014130114407,0.20478223223330466,5.916673740173976,0.16716974756120068,0.13273903769136958,0.0,-85.57278551011088,-0.0,-529.4772007691129,-0.0,-165.5472641352908,-29.520787038591735,-810.1180374531062
Fusión,AP0174,0.6921818700743343,tasa_o2_nm3_min,38.97387977455068,0.5569293999505157,0.35830341482962935,0.7555553850714021,,,,0.7737798263504306,-15.176981676749012,16.724541329449874,1102.221254887186,0.228551923208242,7.114761913594085,0.16716974756120068,0.13273903769136958,0.0,-85.80206002650236,-0.0,-481.9378188192382,-0.0,-165.5472641352908,-29.520787038591735,-762.8079300196231
Fusión,AP0174,0.6921818700743343,tasa_o2_nm3_min,39.69036263827406,0.5569293999505157,0.35830341482962935,0.7555553850714021,,,,0.4936217020956467,-15.457139801003796,16.44438320519509,1101.9410967629312,0.2536814253956504,8.31285008701422,0.16716974756120068,0.13273903769136958,0.0,-86.03133454289384,-0.0,-431.67881444442133,-0.0,-165.5472641352908,-29.520787038591735,-712.7782001611977
Fusión,AP0174,0.6921818700743343,tasa_o2_nm3_min,40.40684550199743,0.5569293999505157,0.35830341482962935,0.7555553850714021,,,,0.2134635778408659,-15.737297925258577,16.16422508094031,1101.6609386386765,0.2801684014557735,9.51093826043433,0.16716974756120068,0.13273903769136958,0.0,-86.26060905928531,-0.0,-378.7048623241752,-0.0,-165.5472641352908,-29.520787038591735,-660.0335225573431
Fusión,AP0174,0.6921818700743343,tasa_o2_nm3_min,41.1233283657208,0.5569293999505157,0.35830341482962935,0.7555553850714021,,,,-0.06669454641391509,-16.01745604951336,15.884066956685528,1101.3807805144218,0.3072346163577407,10.709026433854442,0.16716974756120068,0.13273903769136958,0.0,-86.4898835756768,-0.0,-324.5724325202408,-0.0,-165.5472641352908,-29.520787038591735,-606.1303672698001
Fusión,AP0174,0.6921818700743343,tasa_o2_nm3_min,41.83981122944417,0.5569293999505157,0.35830341482962935,0.7555553850714021,,,,-0.3468526706686959,-16.29761417376814,15.603908832430747,1101.1006223901668,0.33565620814730057,11.90711460727455,0.16716974756120068,0.13273903769136958,0.0,-86.71915809206827,-0.0,-267.72924894112106,-0.0,-165.5472641352908,-29.520787038591735,-549.5164582070718
Fusión,AP0174,0.6921818700743343,tasa_o2_nm3_min,42.556294093167544,0.5569293999505157,0.35830341482962935,0.7555553850714021,,,,-0.627010794923477,-16.57777229802292,15.323750708175966,1100.820464265912,0.36430350597799915,13.105202780694663,0.16716974756120068,0.13273903769136958,0.0,-86.94843260845975,-0.0,-210.43465327972388,-0.0,-165.5472641352908,-29.520787038591735,-492.45113706206615
Fusión,AP0174,0.6921818700743343,tasa_o2_nm3_min,43.272776956890915,0.5569293999505157,0.35830341482962935,0.7555553850714021,,,,-0.9071689191782577,-16.8579304222777,15.043592583921185,1100.5403061416573,0.39236435640312634,14.303290954114772,0.16716974756120068,0.13273903769136958,0.0,-87.17770712485124,-0.0,-154.31295242946953,-0.0,-165.5472641352908,-29.520787038591735,-436.55871072820327
Fusión,AP0174,0.6921818700743343,tasa_o2_nm3_min,43.989259820614286,0.5569293999505157,0.35830341482962935,0.7555553850714021,,,,-1.1873270434330387,-17.138088546532483,14.763434459666405,1100.2601480174026,0.4168125374857058,15.501379127534884,0.16716974756120068,0.13273903769136958,0.0,-87.40698164124271,-0.0,-105.4165902643106,-0.0,-165.5472641352908,-29.520787038591735,-387.8916230794358
Fusión,AP0174,0.6921818700743343,tasa_o2_nm3_min,44.70574268433766,0.5569293999505157,0.35830341482962935,0.7555553850714021,,,,-1.4674851676878196,-17.418246670787262,14.483276335411624,1099.9799898931478,0.44022048318497914,16.699467300954993,0.16716974756120068,0.13273903769136958,0.0,-87.6362561576342,-0.0,-58.60069886576391,-0.0,-165.5472641352908,-29.520787038591735,-341.3050061972806
Fusión,AP0174,0.6921818700743343,tasa_o2_nm3_min,45.42222554806103,0.5569293999505157,0.35830341482962935,0.7555553850714021,,,,-1.7476432919426008,-17.698404795042045,14.203118211156841,1099.699831768893,0.4606278809302335,17.897555474375103,0.16716974756120068,0.13273903769136958,0.0,-87.86553067402566,-0.0,-17.78590337525521,-0.0,-165.5472641352908,-29.520787038591735,-300.71948522316336
Fusión,AP0174,0.6921818700743343,tasa_o2_nm3_min,46.1387084117844,0.5569293999505157,0.35830341482962935,0.7555553850714021,,,,-2.0278014161973816,-17.978562919296824,13.922960086902062,1099.4196736446381,0.47184796452450506,19.095643647795214,0.16716974756120068,0.13273903769136958,0.0,-88.09480519041715,-0.0,-0.0,-0.0,-165.5472641352908,-29.520787038591735,-283.16285636429967
Fusión,AP0174,0.6921818700743343,tasa_o2_nm3_min,46.85519127550778,0.5569293999505157,0.35830341482962935,0.7555553850714021,,,,-2.307959540452165,-18.25872104355161,13.642801962647278,1099.1395155203834,0.4699116117198684,20.293731821215324,0.16716974756120068,0.13273903769136958,0.0,-88.32407970680863,-0.0,-0.0,-0.0,-165.5472641352908,-29.520787038591735,-283.3921308806911
Fusión,AP0174,0.6921818700743343,tasa_o2_nm3_min,47.57167413923115,0.5569293999505157,0.35830341482962935,0.7555553850714021,,,,-2.5881176647069464,-18.53887916780639,13.362643838392497,1098.8593573961286,0.46181641965872156,21.491819994635435,0.16716974756120068,0.13273903769136958,0.0,-88.5533542232001,-0.0,-15.408825918279078,-0.0,-165.5472641352908,-29.520787038591735,-299.03023131536173
Fusión,AP0174,0.6921818700743343,tasa_o2_nm3_min,48.28815700295452,0.5569293999505157,0.35830341482962935,0.7555553850714021,,,,-2.868275788961727,-18.81903729206117,13.082485714137716,1098.579199271874,0.44432685109138453,22.689908168055545,0.16716974756120068,0.13273903769136958,0.0,-88.78262873959159,-0.0,-50.387963052953125,-0.0,-165.5472641352908,-29.520787038591735,-334.2386429664272
Fusión,AP0174,0.6921818700743343,tasa_o2_nm3_min,49.00463986667789,0.5569293999505157,0.35830341482962935,0.7555553850714021,,,,-3.148433913216508,-19.09919541631595,12.802327589882935,1098.2990411476192,0.42067715022552216,23.887996341475656,0.16716974756120068,0.13273903769136958,0.0,-89.01190325598307,-0.0,-97.68736478467788,-0.0,-165.5472641352908,-29.520787038591735,-381.7673192145435
Fusión,AP0174,0.6921818700743343,tasa_o2_nm3_min,49.72112273040126,0.5569293999505157,0.35830341482962935,0.7555553850714021,,,,-3.428592037471289,-19.379353540570733,12.522169465628155,1098.0188830233642,0.3920840178871783,25.086084514895767,0.16716974756120068,0.13273903769136958,0.0,-89.24117777237454,-0.0,-154.87362946136562,-0.0,-165.5472641352908,-29.520787038591735,-439.1828584076227
Fusión,AP0174,0.6921818700743343,tasa_o2_nm3_min,50.43760559412463,0.5569293999505157,0.35830341482962935,0.7555553850714021,,,,-3.70875016172607,-19.659511664825512,12.242011341373374,1097.7387248991095,0.36302245567110497,26.284172688315877,0.16716974756120068,0.13273903769136958,0.0,-89.47045228876603,-0.0,-212.99675389351225,-0.0,-165.5472641352908,-29.520787038591735,-497.53525735616074
Fusión,AP0174,0.6921818700743343,tasa_o2_nm3_min,51.154088457848005,0.5569293999505157,0.35830341482962935,0.7555553850714021,,,,-3.988908285980851,-19.939669789080295,11.961853217118591,1097.4585667748547,0.3337919430312349,27.482260861735988,0.16716974756120068,0.13273903769136958,0.0,-89.6997268051575,-0.0,-271.45777917325245,-0.0,-165.5472641352908,-29.520787038591735,-556.2255571522925
Fusión,AP0174,0.6921818700743343,tasa_aire_nm3_min,96.89647274655236,0.523939759065137,0.32531377394425065,0.7225657441860234,,,,0.16354580067061086,-15.787215702428831,16.114307303770055,1101.6110208615062,0.05818985176276132,10.517012685303074,0.16716974756120068,0.13273903769136958,0.0,-87.96828256657149,-0.0,-822.6619617101995,-0.0,-155.74109338211196,-29.520787038591735,-1095.8921246974746
Fusión,AP0174,0.6921818700743343,tasa_aire_nm3_min,98.04946918534438,0.5256267816357136,0.3270007965148273,0.7242527667566,,,,0.05939083721173544,-15.891370665887708,16.01015234031118,1101.5068658980474,0.06652785010151516,10.92189633029081,0.16716974756120068,0.13273903769136958,0.0,-87.96828256657149,-0.0,-805.985965032692,-0.0,-156.2425608412159,-29.520787038591735,-1079.717595479071
Fusión,AP0174,0.6921818700743343,tasa_aire_nm3_min,99.2024656241364,0.5273138042062901,0.3286878190854038,0.7259397893271765,,,,-0.04476412624714021,-15.995525629346583,15.905997376852303,1101.4027109345884,0.0760082716363163,11.326779975278548,0.16716974756120068,0.13273903769136958,0.0,-87.96828256657149,-0.0,-787.0251219630896,-0.0,-156.74402830031974,-29.520787038591735,-1061.2582198685727
Fusión,AP0174,0.6921818700743343,tasa_aire_nm3_min,100.35546206292841,0.5290008267768668,0.3303748416559804,0.7276268118977531,,,,-0.14891908970601586,-16.09968059280546,15.801842413393427,1101.2985559711296,0.08677041711183521,11.731663620266284,0.16716974756120068,0.13273903769136958,0.0,-87.96828256657149,-0.0,-765.5008310120518,-0.0,-157.24549575942365,-29.520787038591735,-1040.2353963766386
Fusión,AP0174,0.6921818700743343,tasa_aire_nm3_min,101.50845850172043,0.5306878493474434,0.33206186422655704,0.7293138344683298,,,,-0.2530740531648915,-16.203835556264334,15.697687449934552,1101.1944010076706,0.09896418766693134,12.136547265253997,0.16716974756120068,0.13273903769136958,0.0,-87.96828256657149,-0.0,-741.1132899018595,-0.0,-157.74696321852753,-29.520787038591735,-1016.3493227255502
Fusión,AP0174,0.6921818700743343,tasa_aire_nm3_min,102.66145494051244,0.53237487191802,0.33374888679713366,0.7310008570389064,,,,-0.35722901662376694,-16.30799051972321,15.593532486475675,1101.0902460442119,0.11274806437241411,12.541430910241735,0.16716974756120068,0.13273903769136958,0.0,-87.96828256657149,-0.0,-713.545536490894,-0.0,-158.24843067763143,-29.520787038591735,-989.2830367736888
Fusión,AP0174,0.6921818700743343,tasa_aire_nm3_min,103.81445137930447,0.5340618944885966,0.3354359093677103,0.732687879609483,,,,-0.4613839800826439,-16.412145483182087,15.489377523016799,1100.9860910807529,0.1282854084032295,12.94631455522947,0.16716974756120068,0.13273903769136958,0.0,-87.96828256657149,-0.0,-682.4708484292632,-0.0,-158.74989813673534,-29.520787038591735,-958.7098161711617
Fusión,AP0174,0.6921818700743343,tasa_aire_nm3_min,104.96744781809647,0.5357489170591733,0.3371229319382869,0.7343749021800596,,,,-0.5655389435415182,-16.51630044664096,15.385222559557924,1100.8819361172941,0.1457382736966226,13.351198200217185,0.16716974756120068,0.13273903769136958,0.0,-87.96828256657149,-0.0,-647.5651178424771,-0.0,-159.25136559583925,-29.520787038591735,-924.3055530434796
Fusión,AP0174,0.6921818700743343,tasa_aire_nm3_min,106.1204442568885,0.5374359396297499,0.33880995450886353,0.7360619247506363,,,,-0.6696939070003952,-16.620455410099837,15.281067596099048,1100.7777811538351,0.1652575795947577,13.756081845204921,0.16716974756120068,0.13273903769136958,0.0,-87.96828256657149,-0.0,-608.5265060462068,-0.0,-159.75283305494315,-29.520787038591735,-885.7684087063132
Fusión,AP0174,0.6921818700743343,tasa_aire_nm3_min,107.27344069568052,0.5391229622003265,0.34049697707944016,0.7377489473212129,,,,-0.7738488704592709,-16.724610373558715,15.176912632640173,1100.6736261903764,0.18696802351405695,14.160965490192659,0.16716974756120068,0.13273903769136958,0.0,-87.96828256657149,-0.0,-565.1056182076082,-0.0,-160.25430051404706,-29.520787038591735,-842.8489883268185
Fusión,AP0174,0.6921818700743343,tasa_aire_nm3_min,108.42643713447254,0.5408099847709031,0.3421839996500168,0.7394359698917895,,,,-0.8780038339181464,-16.82876533701759,15.072757669181296,1100.5694712269174,0.21094551217039634,14.565849135180395,0.16716974756120068,0.13273903769136958,0.0,-87.96828256657149,-0.0,-517.1506408949296,-0.0,-160.75576797315094,-29.520787038591735,-795.3954784732437
Fusión,AP0174,0.6921818700743343,tasa_aire_nm3_min,109.57943357326455,0.5424970073414798,0.3438710222205934,0.7411229924623661,,,,-0.982158797377022,-16.932920300476464,14.968602705722422,1100.4653162634586,0.23718419617722974,14.970732780168133,0.16716974756120068,0.13273903769136958,0.0,-87.96828256657149,-0.0,-464.6732728812627,-0.0,-161.25723543225484,-29.520787038591735,-743.4195779186807
Fusión,AP0174,0.6921818700743343,tasa_aire_nm3_min,110.73243001205657,0.5441840299120564,0.34555804479117,0.7428100150329427,,,,-1.0863137608358977,-17.03707526393534,14.864447742263545,1100.3611612999996,0.26554959212445295,15.375616425155846,0.16716974756120068,0.13273903769136958,0.0,-87.96828256657149,-0.0,-407.9424809868163,-0.0,-161.75870289135875,-29.520787038591735,-687.1902534833382
Fusión,AP0174,0.6921818700743343,tasa_aire_nm3_min,111.88542645084858,0.545871052482633,0.34724506736174665,0.7444970376035194,,,,-1.1904687242947731,-17.141230227394217,14.76029277880467,1100.2570063365408,0.29571429077547956,15.780500070143582,0.16716974756120068,0.13273903769136958,0.0,-87.96828256657149,-0.0,-347.61308368476307,-0.0,-162.26017035046266,-29.520787038591735,-627.3623236403889
Fusión,AP0174,0.6921818700743343,tasa_aire_nm3_min,113.0384228896406,0.5475580750532096,0.3489320899323233,0.746184060174096,,,,-1.2946236877536488,-17.245385190853092,14.656137815345794,1100.1528513730818,0.3273008722718964,16.18538371513132,0.16716974756120068,0.13273903769136958,0.0,-87.96828256657149,-0.0,-284.4399206919294,-0.0,-162.76163780956657,-29.520787038591735,-564.6906281066592
Fusión,AP0174,0.6921818700743343,tasa_aire_nm3_min,114.19141932843262,0.5492450976237863,0.3506191125028999,0.7478710827446726,,,,-1.3987786512125244,-17.349540154311967,14.551982851886919,1100.048696409623,0.3592431112945862,16.590267360119032,0.16716974756120068,0.13273903769136958,0.0,-87.96828256657149,-0.0,-220.5554426465498,-0.0,-163.26310526867044,-29.520787038591735,-501.3076175203835
Fusión,AP0174,0.6921818700743343,tasa_aire_nm3_min,115.34441576722463,0.5509321201943629,0.3523061350734765,0.7495581053152492,,,,-1.5029336146714,-17.45369511777084,14.447827888428042,1099.9445414461643,0.3900562834521388,16.99515100510677,0.16716974756120068,0.13273903769136958,0.0,-87.96828256657149,-0.0,-158.92909833144464,-0.0,-163.76457272777435,-29.520787038591735,-440.1827406643822
Fusión,AP0174,0.6921818700743343,tasa_aire_nm3_min,116.49741220601665,0.5526191427649394,0.35399315764405304,0.7512451278858258,,,,-1.6070885781302757,-17.55785008122972,14.343672924969168,1099.8403864827053,0.41847944644232243,17.400034650094504,0.16716974756120068,0.13273903769136958,0.0,-87.96828256657149,-0.0,-102.08277235107732,-0.0,-164.2660401868782,-29.520787038591735,-383.83788214311875
Fusión,AP0174,0.6921818700743343,tasa_aire_nm3_min,117.65040864480866,0.554306165335516,0.35568018021462966,0.7529321504564024,,,,-1.7112435415891514,-17.662005044688595,14.239517961510291,1099.7362315192465,0.4433259528024882,17.804918295082246,0.16716974756120068,0.13273903769136958,0.0,-87.96828256657149,-0.0,-52.38975963074577,-0.0,-164.76750764598214,-29.520787038591735,-334.6463368818911
Fusión,AP0174,0.6921818700743343,tasa_aire_nm3_min,118.8034050836007,0.5559931879060928,0.3573672027852064,0.7546191730269791,,,,-1.8153985050480284,-17.766160008147473,14.135362998051415,1099.6320765557875,0.4620041879083854,18.20980194006998,0.16716974756120068,0.13273903769136958,0.0,-87.96828256657149,-0.0,-15.033289418951433,-0.0,-165.26897510508607,-29.520787038591735,-297.7913341292007
Fusión,AP0174,0.6921818700743343,tasa_aire_nm3_min,119.9564015223927,0.5576802104766693,0.3590542253557829,0.7563061955975556,,,,-1.9195534685069027,-17.870314971606344,14.03120803459254,1099.5279215923288,0.4677517733025403,18.614685585057696,0.16716974756120068,0.13273903769136958,0.0,-87.96828256657149,-0.0,-3.5381186306415735,-0.0,-165.77044256418992,-29.520787038591735,-286.7976307999947
Fusión,AP0174,0.6921818700743343,tasa_aire_nm3_min,121.10939796118473,0.5593672330472459,0.36074124792635953,0.7579932181681323,,,,-2.0237084319657797,-17.974469935065223,13.927053071133663,1099.4237666288698,0.45909404374167406,19.01956923004543,0.16716974756120068,0.13273903769136958,0.0,-87.96828256657149,-0.0,-20.853577752374065,-0.0,-166.27191002329383,-29.520787038591735,-304.6145573808311
Fusión,AP0174,0.6921818700743343,tasa_aire_nm3_min,122.26239439997674,0.5610542556178225,0.36242827049693616,0.7596802407387089,,,,-2.1278633954246553,-18.078624898524097,13.822898107674789,1099.319611665411,0.4448843548031713,19.424452875033165,0.16716974756120068,0.13273903769136958,0.0,-87.96828256657149,-0.0,-49.27295562937961,-0.0,-166.77337748239773,-29.520787038591735,-333.53540271694055
Fusión,AP0174,0.6921818700743343,tasa_aire_nm3_min,123.41539083876876,0.5627412781883991,0.3641152930675128,0.7613672633092855,,,,-2.232018358883531,-18.182779861982972,13.718743144215912,1099.215456701952,0.42576803992124823,19.82933652002088,0.16716974756120068,0.13273903769136958,0.0,-87.96828256657149,-0.0,-87.50558539322573,-0.0,-167.2748449415016,-29.520787038591735,-372.2694999398905
Fusión,AP0174,0.6921818700743343,tasa_aire_nm3_min,124.56838727756077,0.5644283007589758,0.3658023156380894,0.7630542858798621,,,,-2.3361733223424066,-18.28693482544185,13.614588180757035,1099.1113017384932,0.4017591053205127,20.234220165008615,0.16716974756120068,0.13273903769136958,0.0,-87.96828256657149,-0.0,-135.52345459469683,-0.0,-167.77631240060555,-29.520787038591735,-420.7888366004656
Fusión,AP0174,0.6326302591422013,tasa_feed_Carbon_kg_min,24.328760902215688,0.4194870145750533,0.22086102945416694,0.6181129996959396,,,,6.467035102623419,-9.483726400476023,22.417796605722863,1123.7709622966927,0.19368210178314554,19.073498649388934,0.15385981482017327,0.08152019083926951,0.0,-108.8928829274763,-0.0,-792.4049855981016,-0.0,-124.69251508243457,-29.520787038591727,-1055.5111706466041
Fusión,AP0174,0.6326302591422013,tasa_feed_Carbon_kg_min,25.986504731130974,0.4230643199761649,0.22443833485527856,0.6216903050970513,,,,6.641795570253087,-9.308965932846355,22.59255707335253,1123.9457227643225,0.2074162770607212,19.073498649388934,0.1643437091525378,0.08707491653364254,0.0,-112.3741449681984,-0.0,-764.9366350429502,-0.0,-125.75586911291501,-29.520787038591735,-1032.5874361626554
Fusión,AP0174,0.6326302591422013,tasa_feed_Carbon_kg_min,27.644248560046258,0.4266416253772765,0.22801564025639018,0.6252676104981628,,,,6.816556037882753,-9.13420546521669,22.767317540982198,1124.120483231952,0.2241280580103129,19.073498649388934,0.1748276034849023,0.09262964222801555,0.0,-115.85540700892048,-0.0,-731.5130731437669,-0.0,-126.81922314339543,-29.520787038591727,-1003.7084903346745
Fusión,AP0174,0.6326302591422013,tasa_feed_Carbon_kg_min,29.301992388961544,0.43021893077838813,0.2315929456575018,0.6288449158992745,,,,6.991316505512421,-8.959444997587022,22.942078008611865,1124.2952436995818,0.24382972958227908,19.073498649388934,0.18531149781726686,0.09818436792238859,0.0,-119.33666904964258,-0.0,-692.1097299998345,-0.0,-127.88257717387586,-29.520787038591735,-968.8497632619446
Fusión,AP0174,0.6326302591422013,tasa_feed_Carbon_kg_min,30.95973621787683,0.4337962361794998,0.23517025105861347,0.6324222213003862,,,,7.166076973142088,-8.784684529957355,23.116838476241533,1124.4700041672113,0.2656704557336263,19.073498649388934,0.19579539214963138,0.1037390936167616,0.0,-122.8179310903647,-0.0,-648.4282776971401,-0.0,-128.94593120435633,-29.520787038591735,-929.7129270304529
Fusión,AP0174,0.6326302591422013,tasa_feed_Carbon_kg_min,32.61748004679212,0.4373735415806114,0.2387475564597251,0.6359995267014977,,,,7.340837440771755,-8.60992406232769,23.291598943871197,1124.644764634841,0.2872949586675955,19.073498649388934,0.20627928648199592,0.10929381931113465,0.0,-126.2991931310868,-0.0,-605.1792718292016,-0.0,-130.00928523483674,-29.520787038591727,-891.0085372337169
Fusión,AP0174,0.6326302591422013,tasa_feed_Carbon_kg_min,34.2752238757074,0.44095084698172304,0.2423248618608367,0.6395768321026094,,,,7.515597908401421,-8.435163594698022,23.466359411500864,1124.8195251024706,0.30827291118614203,19.073498649388934,0.2167631808143604,0.11484854500550765,0.0,-129.78045517180888,-0.0,-563.2233667921085,-0.0,-131.07263926531715,-29.520787038591735,-853.5972482678263
Fusión,AP0174,0.6326302591422013,tasa_feed_Carbon_kg_min,35.93296770462268,0.4445281523828347,0.24590216726194838,0.6431541375037211,,,,7.690358376031089,-8.260403127068354,23.64111987913053,1124.9942855701004,0.3289623799858194,19.073498649388934,0.22724707514672496,0.12040327069988069,0.0,-133.26171721253098,-0.0,-521.8444291927539,-0.0,-132.13599329579762,-29.520787038591735,-816.7629267396742
Fusión,AP0174,0.6326302591422013,tasa_feed_Carbon_kg_min,37.59071153353797,0.44810545778394634,0.24947947266306,0.6467314429048326,,,,7.865118843660755,-8.085642659438687,23.8158803467602,1125.1690460377301,0.34769437327560576,19.073498649388934,0.2377309694790895,0.12595799639425373,0.0,-136.74297925325308,-0.0,-484.3804426131811,-0.0,-133.19934732627803,-29.520787038591727,-783.843556231304
Fusión,AP0174,0.6326302591422013,tasa_feed_Carbon_kg_min,39.24845536245326,0.45168276318505796,0.2530567780641716,0.6503087483059443,,,,8.039879311290422,-7.910882191809021,23.990640814389863,1125.3438065053597,0.3657253687575218,19.073498649388934,0.24821486381145402,0.13151272208862674,0.0,-140.22424129397518,-0.0,-448.318451649349,-0.0,-134.26270135675847,-29.520787038591735,-752.3261813386744
Fusión,AP0174,0.6326302591422013,tasa_feed_Carbon_kg_min,40.90619919136854,0.45526006858616963,0.25663408346528327,0.653886053707056,,,,8.21463977892009,-7.736121724179354,24.16540128201953,1125.5185669729894,0.3838439442313577,19.073498649388934,0.2586987581438186,0.13706744778299979,0.0,-143.7055033346973,-0.0,-412.08130070167726,-0.0,-135.3260553872389,-29.520787038591735,-720.6336464622052
Fusión,AP0174,0.6326302591422013,tasa_feed_Carbon_kg_min,42.56394302028383,0.45883737398728125,0.26021138886639494,0.6574633591081676,,,,8.389400246549757,-7.561361256549686,24.340161749649198,1125.693327440619,0.3995892399673688,19.073498649388934,0.2691826524761831,0.14262217347737283,0.0,-147.18676537541938,-0.0,-380.5907092296551,-0.0,-136.38940941771935,-29.520787038591727,-693.6876710613856
Fusión,AP0174,0.6326302591422013,tasa_feed_Carbon_kg_min,44.221686849199116,0.46241467938839287,0.2637886942675065,0.6610406645092792,,,,8.564160714179424,-7.386600788920019,24.514922217278865,1125.8680879082488,0.4191214252663123,19.073498649388934,0.27966654680854763,0.14817689917174584,0.0,-150.6680274161415,-0.0,-341.52633863176806,0.0,-137.45276344819976,-29.520787038591735,-659.1679165347011
Fusión,AP0174,0.6326302591422013,tasa_feed_Carbon_kg_min,45.8794306781144,0.46599198478950454,0.2673659996686182,0.6646179699103909,,,,8.738921181809092,-7.211840321290351,24.689682684908533,1126.0428483758783,0.4417181659956805,19.073498649388934,0.2901504411409122,0.15373162486611888,0.0,-154.14928945686358,-0.0,-296.3328571730317,0.0,-138.51611747868023,-29.520787038591735,-618.5190511471673
Fusión,AP0174,0.6326302591422013,tasa_feed_Carbon_kg_min,47.53717450702969,0.46956929019061616,0.27094330506972986,0.6681952753115025,,,,8.913681649438757,-7.037079853660686,24.8644431525382,1126.217608843508,0.4631130769850085,19.073498649388934,0.3006343354732767,0.1592863505604919,0.0,-157.6305514975857,-0.0,-253.5430351943757,0.0,-139.57947150916064,-29.520787038591727,-580.2738452397139
Fusión,AP0174,0.6326302591422013,tasa_feed_Carbon_kg_min,49.19491833594497,0.4731465955917278,0.2745206104708414,0.6717725807126141,,,,9.088442117068425,-6.862319386031018,25.039203620167868,1126.3923693111376,0.48424499193426923,19.073498649388934,0.3111182298056412,0.1648410762548649,0.0,-161.11181353830779,-0.0,-211.2792052958542,0.0,-140.64282553964105,-29.520787038591735,-542.5546314123948
Fusión,AP0174,0.6326302591422013,tasa_feed_Carbon_kg_min,50.852662164860256,0.4767239009928394,0.2780979158719531,0.6753498861137257,,,,9.263202584698092,-6.687558918401351,25.213964087797535,1126.5671297787674,0.5042140012226068,19.073498649388934,0.32160212413800576,0.17039580194923795,0.0,-164.5930755790299,-0.0,-171.34118671917898,0.0,-141.70617957012152,-29.520787038591727,-507.16122890692213
Fusión,AP0174,0.6326302591422013,tasa_feed_Carbon_kg_min,52.51040599377554,0.4803012063939511,0.28167522127306477,0.6789271915148374,,,,9.43796305232776,-6.512798450771683,25.388724555427203,1126.7418902463971,0.5226520907534864,19.073498649388934,0.3320860184703703,0.175950527643611,0.0,-168.074337619752,-0.0,-134.46500765741987,0.0,-142.76953360060193,-29.520787038591727,-474.82966591636546
Fusión,AP0174,0.6326302591422013,tasa_feed_Carbon_kg_min,54.16814982269082,0.4838785117950627,0.28525252667417633,0.682504496915949,,,,9.612723519957425,-6.3380379831420175,25.56348502305687,1126.9166507140267,0.540175167617896,19.073498649388934,0.3425699128027348,0.181505253337984,0.0,-171.55559966047406,-0.0,-99.41885392860073,0.0,-143.83288763108237,-29.520787038591735,-444.32812825874885
Fusión,AP0174,0.6326302591422013,tasa_feed_Carbon_kg_min,55.82589365160611,0.4874558171961743,0.288829832075288,0.6860818023170606,,,,9.787483987587093,-6.16327751551235,25.738245490686538,1127.0914111816564,0.5547889455501686,19.073498649388934,0.3530538071350993,0.18705997903235702,0.0,-175.0368617011962,-0.0,-70.19129806405556,0.0,-144.8962416615628,-29.520787038591727,-419.64518846540625
Fusión,AP0174,0.6326302591422013,tasa_feed_Carbon_kg_min,57.483637480521395,0.49103312259728593,0.29240713747639957,0.6896591077181723,,,,9.96224445521676,-5.988517047882683,25.913005958316205,1127.266171649286,0.571940770300733,19.073498649388934,0.36353770146746384,0.19261470472673003,0.0,-178.51812374191826,-0.0,-35.8876485629267,0.0,-145.95959569204322,-29.520787038591735,-389.88615503547993
Fusión,AP0174,0.6326302591422013,tasa_feed_Carbon_kg_min,59.14138130943668,0.4946104279983976,0.29598444287751124,0.693236413119284,,,,10.137004922846426,-5.813756580253017,26.08776642594587,1127.4409321169157,0.5810589977916515,19.073498649388934,0.3740215957998284,0.1981694304211031,0.0,-181.9993857826404,-0.0,-17.651193581089686,0.0,-147.02294972252366,-29.520787038591735,-376.19431612484544
Fusión,AP0174,0.6326302591422013,tasa_feed_Carbon_kg_min,60.79912513835197,0.4981877333995092,0.2995617482786229,0.6968137185203955,,,,10.311765390476094,-5.638996112623349,26.262526893575536,1127.6156925845453,0.5906528052600644,19.073498649388934,0.38450549013219293,0.20372415611547612,17.11532937405491,-185.48064782336246,-0.0,-0.0,0.0,-148.0863037530041,-29.520787038591727,-363.0877386149583
Fusión,AP0174,0.6326302591422013,tasa_feed_Carbon_kg_min,62.456868967267255,0.5017650388006208,0.3031390536797345,0.7003910239215072,,,,10.486525858105761,-5.464235644993682,26.437287361205204,1127.790453052175,0.5973158583251891,19.073498649388934,0.39498938446455745,0.20927888180984913,86.7405701884968,-188.9619098640846,-0.0,-0.0,0.0,-149.14965778348454,-29.520787038591735,-367.63235468616085
Fusión,AP0174,0.6326302591422013,tasa_feed_Carbon_kg_min,64.11461279618254,0.5053423442017325,0.30671635908084616,0.7039683293226189,,,,10.661286325735428,-5.2894751773640145,26.61204782883487,1127.9652135198046,0.5943509313281087,19.073498649388934,0.40547327879692197,0.21483360750422217,156.3658110029387,-192.4431719048067,-0.0,-0.0,0.0,-150.21301181396498,-29.520787038591735,-372.1769707573634
Fusión,AP0174,0.6326302591422013,tasa_gn_nm3_min,24.46151011501188,0.4227601639999798,0.22413417887909345,0.6213861491208661,,,,10.728536641828683,-5.22222486127076,26.679298144928126,1128.032463835898,0.11507278644034379,47.33772992240911,0.40950763060032624,0.21697114503675236,183.15859495680434,-186.46677443904903,-0.0,-949.623616283705,0.0,-125.66545874899398,-29.520787038591727,-1291.2766365103398
Fusión,AP0174,0.6326302591422013,tasa_gn_nm3_min,24.77858019826483,0.42734491811259495,0.22871893299170862,0.6259709032334813,,,,10.728536641828713,-5.22222486127073,26.679298144928154,1128.032463835898,0.1257289155989308,45.45237628555826,0.40950763060032624,0.21697114503675236,183.15859495680434,-186.86628274394775,-0.0,-928.3113579665311,0.0,-127.02827690896883,-29.520787038591727,-1271.7267046580394
Fusión,AP0174,0.6326302591422013,tasa_gn_nm3_min,25.09565028151778,0.4319296722252101,0.23330368710432378,0.6305556573460964,,,,10.728536641828743,-5.2222248612707,26.679298144928186,1128.032463835898,0.13832185191817203,43.614663512991996,0.40950763060032624,0.21697114503675236,183.15859495680434,-187.26579104884647,-0.0,-903.1254853280486,0.0,-128.3910950689437,-29.520787038591727,-1248.3031584844305
Fusión,AP0174,0.6326302591422013,tasa_gn_nm3_min,25.41272036477073,0.4365144263378253,0.23788844121693895,0.6351404114587116,,,,10.728536641828773,-5.22222486127067,26.679298144928218,1128.032463835898,0.15259719873938765,41.82280838442674,0.40950763060032624,0.21697114503675236,183.15859495680434,-187.66529935374518,-0.0,-874.5747916856174,0.0,-129.75391322891855,-29.520787038591727,-1221.5147913068727
Fusión,AP0174,0.6326302591422013,tasa_gn_nm3_min,25.72979044802368,0.44109918045044044,0.2424731953295541,0.6397251655713267,,,,10.728536641828802,-5.222224861270641,26.679298144928246,1128.0324638358982,0.16733585839782134,40.075115578593135,0.40950763060032624,0.21697114503675236,183.15859495680434,-188.0648076586439,-0.0,-845.09747236875,0.0,-131.1167313888934,-29.520787038591727,-1193.799798454879
Fusión,AP0174,0.6326302591422013,tasa_gn_nm3_min,26.046860531276632,0.4456839345630556,0.24705794944216927,0.6443099196839419,,,,10.728536641828832,-5.222224861270611,26.679298144928275,1128.0324638358982,0.18229112578494516,38.36997232323458,0.40950763060032624,0.21697114503675236,183.15859495680434,-188.46431596354262,-0.0,-815.1869375945023,0.0,-132.47954954886828,-29.520787038591727,-1165.651590145505
Fusión,AP0174,0.6326302591422013,tasa_gn_nm3_min,26.363930614529583,0.45026868867567077,0.25164270355478446,0.6488946737965571,,,,10.728536641828862,-5.222224861270581,26.679298144928303,1128.0324638358982,0.1974803119406769,36.705843431161966,0.40950763060032624,0.21697114503675236,183.15859495680434,-188.86382426844133,-0.0,-784.8085652830389,0.0,-133.8423677088431,-29.520787038591727,-1137.035544298915
Fusión,AP0174,0.6326302591422013,tasa_gn_nm3_min,26.681000697782533,0.45485344278828593,0.2562274576673996,0.6534794279091722,,,,10.728536641828892,-5.222224861270551,26.679298144928335,1128.0324638358982,0.21548664720643312,35.08126669024963,0.40950763060032624,0.21697114503675236,183.15859495680434,-189.26333257334005,-0.0,-748.7958947515264,0.0,-135.20518586881798,-29.520787038591727,-1102.785200232276
Fusión,AP0174,0.6326302591422013,tasa_gn_nm3_min,26.998070781035484,0.4594381969009011,0.2608122117800148,0.6580641820217874,,,,10.72853664182892,-5.222224861270522,26.679298144928364,1128.0324638358982,0.23661539371179624,33.4948485782756,0.40950763060032624,0.21697114503675236,183.15859495680434,-189.66284087823877,-0.0,-706.5384017408002,0.0,-136.56800402879284,-29.520787038591727,-1062.2900336864236
Fusión,AP0174,0.6326302591422013,tasa_gn_nm3_min,27.315140864288434,0.46402295101351626,0.26539696589262995,0.6626489361344026,,,,10.728536641828951,-5.222224861270492,26.679298144928396,1128.0324638358982,0.2614596437485581,31.94526027621079,0.40950763060032624,0.21697114503675236,183.15859495680434,-190.06234918313748,-0.0,-656.8499016672764,0.0,-137.9308221887677,-29.520787038591727,-1014.3638600777733
Fusión,AP0174,0.6326302591422013,tasa_gn_nm3_min,27.63221094754138,0.46860770512613137,0.269981720005245,0.6672336902470177,,,,10.728536641828981,-5.222224861270462,26.679298144928424,1128.0324638358982,0.2932237921720512,30.431233955984965,0.40950763060032624,0.21697114503675236,183.15859495680434,-190.4618574880362,-0.0,-593.3216048202903,0.0,-139.29364034874254,-29.520787038591735,-952.5978896956608
Fusión,AP0174,0.6326302591422013,tasa_gn_nm3_min,27.94928103079433,0.47319245923874653,0.27456647411786017,0.6718184443596329,,,,10.728536641829011,-5.222224861270432,26.679298144928453,1128.0324638358984,0.3285482279062617,28.951559320932862,0.40950763060032624,0.21697114503675236,183.15859495680434,-190.86136579293492,-0.0,-522.6727333518693,0.0,-140.6564585087174,-29.520787038591735,-883.7113446921134
Fusión,AP0174,0.6326302591422013,tasa_gn_nm3_min,28.266351114047282,0.47777721335136164,0.27915122823047533,0.676403198472248,,,,10.728536641829042,-5.222224861270401,26.679298144928485,1128.0324638358984,0.3658322441898962,27.50508037908009,0.40950763060032624,0.21697114503675236,183.15859495680434,-191.26087409783364,-0.0,-448.1047007846003,0.0,-142.01927666869224,-29.520787038591727,-810.9056385897179
Fusión,AP0174,0.6326302591422013,tasa_gn_nm3_min,28.583421197300233,0.4823619674639768,0.2837359823430905,0.6809879525848631,,,,10.72853664182907,-5.222224861270373,26.679298144928513,1128.0324638358984,0.40504138323173344,26.090692431188547,0.40950763060032624,0.21697114503675236,183.15859495680434,-191.66038240273235,-0.0,-369.6864227009258,0.0,-143.3820948286671,-29.520787038591727,-734.249686970917
Fusión,AP0174,0.6326302591422013,tasa_gn_nm3_min,28.900491280553183,0.48694672157659197,0.28832073645570566,0.6855727066974783,,,,10.7285366418291,-5.222224861270343,26.679298144928545,1128.0324638358984,0.45010419453363787,24.707339257068604,0.40950763060032624,0.21697114503675236,183.15859495680434,-192.05989070763107,-0.0,-279.5608000971169,0.0,-144.74491298864194,-29.520787038591727,-645.8863908319815
Fusión,AP0174,0.6326302591422013,tasa_gn_nm3_min,29.217561363806134,0.49153147568920713,0.2929054905683208,0.6901574608100934,,,,10.72853664182913,-5.222224861270313,26.679298144928573,1128.0324638358984,0.49681764665575223,23.354010485096726,0.40950763060032624,0.21697114503675236,183.15859495680434,-192.4593990125298,-0.0,-186.1338958528882,0.0,-146.1077311486168,-29.520787038591727,-554.2218130526264
Fusión,AP0174,0.6326302591422013,tasa_gn_nm3_min,29.534631447059084,0.4961162298018223,0.297490244680936,0.6947422149227086,,,,10.72853664182916,-5.222224861270282,26.6792981449286,1128.0324638358984,0.5391445026668134,22.029739131170977,0.40950763060032624,0.21697114503675236,183.15859495680434,-192.8589073174285,-0.0,-101.48018383076595,0.0,-147.47054930859167,-29.520787038591727,-471.3304274953778
Fusión,AP0174,0.6326302591422013,tasa_gn_nm3_min,29.851701530312035,0.5007009839144374,0.30207499879355104,0.6993269690353238,,,,10.728536641829189,-5.222224861270254,26.67929814492863,1128.0324638358984,0.5716347154508152,20.733599294506472,0.40950763060032624,0.21697114503675236,183.15859495680434,-193.25841562232722,-0.0,-36.49975826276219,0.0,-148.8333674685665,-29.520787038591735,-408.11232839224766
Fusión,AP0174,0.6326302591422013,tasa_gn_nm3_min,30.168771613564985,0.5052857380270526,0.3066597529061662,0.7039117231479389,,,,10.72853664182922,-5.222224861270224,26.679298144928662,1128.0324638358984,0.5884256128537991,19.464703998732315,0.40950763060032624,0.21697114503675236,183.15859495680434,-193.65792392722597,-0.0,-2.9179634567944035,0.0,-150.19618562854137,-29.520787038591735,-376.2928600511534
Fusión,AP0174,0.6326302591422013,tasa_gn_nm3_min,30.485841696817936,0.5098704921396677,0.31124450701878137,0.7084964772605541,,,,10.72853664182925,-5.222224861270194,26.679298144928694,1128.0324638358986,0.5774282757255128,18.222203167711438,0.40950763060032624,0.21697114503675236,183.15859495680434,-194.05743223212465,-0.0,-24.912637713367047,0.0,-151.55900378851624,-29.520787038591735,-400.0498607725997
Fusión,AP0174,0.6326302591422013,tasa_gn_nm3_min,30.802911780070886,0.5144552462522829,0.31582926113139653,0.7130812313731693,,,,10.72853664182928,-5.222224861270163,26.679298144928723,1128.0324638358986,0.5472010945091776,17.00528172637596,0.40950763060032624,0.21697114503675236,183.15859495680434,-194.4569405370234,-0.0,-85.36700014603737,0.0,-152.9218219484911,-29.520787038591735,-462.26654967014355
Fusión,AP0174,0.6326302591422013,tasa_gn_nm3_min,31.119981863323837,0.5190400003648981,0.3204140152440117,0.7176659854857844,,,,10.72853664182931,-5.222224861270133,26.67929814492875,1128.0324638358986,0.5067676167624913,15.813157817661876,0.40950763060032624,0.21697114503675236,183.15859495680434,-194.8564488419221,-0.0,-166.2339556394101,0.0,-154.28464010846594,-29.520787038591735,-544.8958316283899
Fusión,AP0174,0.6326302591422013,tasa_gn_nm3_min,31.437051946576787,0.5236247544775132,0.32499876935662686,0.7222507395983996,,,,10.728536641829338,-5.222224861270105,26.67929814492878,1128.0324638358986,0.4642822552855276,14.645081127346401,0.40950763060032624,0.21697114503675236,183.15859495680434,-195.25595714682083,-0.0,-251.20467859333752,0.0,-155.64745826844077,-29.520787038591735,-631.6288810471908
Fusión,AP0174,0.6326302591422013,tasa_gn_nm3_min,31.754122029829738,0.5282095085901284,0.329583523469242,0.7268354937110147,,,,10.728536641829368,-5.222224861270075,26.67929814492881,1128.0324638358986,0.4199329868602212,13.50033130924589,0.40950763060032624,0.21697114503675236,183.15859495680434,-195.65546545171952,-0.0,-339.90321544395033,0.0,-157.01027642841564,-29.520787038591735,-722.0897443626773
Fusión,AP0174,0.6326302591422013,tasa_gn_nm3_min,32.07119211308269,0.5327942627027435,0.3341682775818572,0.7314202478236299,,,,10.728536641829399,-5.222224861270044,26.679298144928843,1128.0324638358986,0.37942864421865335,12.37821650382898,0.40950763060032624,0.21697114503675236,183.15859495680434,-196.05497375661827,-0.0,-420.91190072708594,0.0,-158.3730945883905,-29.520787038591735,-804.8607561106865
Fusión,AP0174,0.6326302591422013,tasa_o2_nm3_min,33.958499728487084,0.5067189422519198,0.30809295713103346,0.7053449273728062,,,,15.758130409781785,-0.19263109331765804,31.708891912881228,1133.0620576038511,0.14400234575366214,-2.1747615515870278,0.40950763060032624,0.21697114503675236,183.15859495680434,-188.38043536400707,-0.0,-891.7644976570684,0.0,-150.62220558438315,-29.520787038591735,-1260.2879256440503
Fusión,AP0174,0.6326302591422013,tasa_o2_nm3_min,34.674982592210455,0.5067189422519198,0.30809295713103346,0.7053449273728062,,,,15.477972285527004,-0.47278921757243886,31.428733788626445,1132.7818994795962,0.15306490865518715,-0.9911922622513144,0.40950763060032624,0.21697114503675236,183.15859495680434,-188.68135816677088,-0.0,-873.6393718540183,0.0,-150.62220558438315,-29.520787038591735,-1242.463722643764
Fusión,AP0174,0.6326302591422013,tasa_o2_nm3_min,35.391465455933826,0.5067189422519198,0.30809295713103346,0.7053449273728062,,,,15.197814161272222,-0.7529473418272215,31.148575664371663,1132.5017413553414,0.162525766007455,0.1923770270843992,0.40950763060032624,0.21697114503675236,183.15859495680434,-188.98228096953468,-0.0,-854.7176571494826,0.0,-150.62220558438315,-29.520787038591735,-1223.8429307419922
Fusión,AP0174,0.6326302591422013,tasa_o2_nm3_min,36.1079483196572,0.5067189422519198,0.30809295713103346,0.7053449273728062,,,,14.917656037017442,-1.0331054660820005,30.868417540116887,1132.2215832310867,0.173969804374592,1.3759463164201127,0.40950763060032624,0.21697114503675236,183.15859495680434,-189.28320377229852,-0.0,-831.8295804152087,0.0,-150.62220558438315,-29.520787038591735,-1201.255776810482
Fusión,AP0174,0.6326302591422013,tasa_o2_nm3_min,36.82443118338057,0.5067189422519198,0.30809295713103346,0.7053449273728062,,,,14.63749791276266,-1.313263590336783,30.588259415862105,1131.941425106832,0.1852210090524241,2.559515605755826,0.40950763060032624,0.21697114503675236,183.15859495680434,-189.58412657506233,-0.0,-809.3271710595444,0.0,-150.62220558438315,-29.520787038591735,-1179.0542902575817
Fusión,AP0174,0.6326302591422013,tasa_o2_nm3_min,37.54091404710394,0.5067189422519198,0.30809295713103346,0.7053449273728062,,,,14.35733978850788,-1.5934217145915621,30.308101291607322,1131.6612669825772,0.19611236004644292,3.74308489509154,0.40950763060032624,0.21697114503675236,183.15859495680434,-189.88504937782614,-0.0,-787.5444690715068,0.0,-150.62220558438315,-29.520787038591735,-1157.5725110723079
Fusión,AP0174,0.6326302591422013,tasa_o2_nm3_min,38.25739691082731,0.5067189422519198,0.30809295713103346,0.7053449273728062,,,,14.077181664253098,-1.8735798388463447,30.02794316735254,1131.3811088583225,0.20674464247632426,4.926654184427253,0.40950763060032624,0.21697114503675236,183.15859495680434,-190.18597218058997,-0.0,-766.2799042117441,0.0,-150.62220558438315,-29.520787038591735,-1136.608869015309
Fusión,AP0174,0.6326302591422013,tasa_o2_nm3_min,38.97387977455068,0.5067189422519198,0.30809295713103346,0.7053449273728062,,,,13.79702353999832,-2.1537379631011238,29.747785043097764,1131.1009507340675,0.22499214635896833,6.110223473762955,0.40950763060032624,0.21697114503675236,183.15859495680434,-190.48689498335378,-0.0,-729.784896446456,0.0,-150.62220558438315,-29.520787038591735,-1100.4147840527846
Fusión,AP0174,0.6326302591422013,tasa_o2_nm3_min,39.69036263827406,0.5067189422519198,0.30809295713103346,0.7053449273728062,,,,13.516865415743535,-2.433896087355908,29.467626918842978,1130.8207926098128,0.24686076963967246,7.2937927630986925,0.40950763060032624,0.21697114503675236,183.15859495680434,-190.78781778611759,-0.0,-686.0476498850477,0.0,-150.62220558438315,-29.520787038591735,-1056.9784602941402
Fusión,AP0174,0.6326302591422013,tasa_o2_nm3_min,40.40684550199743,0.5067189422519198,0.30809295713103346,0.7053449273728062,,,,13.236707291488754,-2.714054211610689,29.1874687945882,1130.540634485558,0.27667480047727067,8.477362052434406,0.40950763060032624,0.21697114503675236,183.15859495680434,-191.08874058888142,-0.0,-626.4195882098513,0.0,-150.62220558438315,-29.520787038591735,-997.6513214217076
Fusión,AP0174,0.6326302591422013,tasa_o2_nm3_min,41.1233283657208,0.5067189422519198,0.30809295713103346,0.7053449273728062,,,,12.956549167233973,-2.9942123358654698,28.907310670333416,1130.2604763613033,0.3090775836542644,9.66093134177012,0.40950763060032624,0.21697114503675236,183.15859495680434,-191.38966339164523,-0.0,-561.6140218558638,0.0,-150.62220558438315,-29.520787038591735,-933.1466778704839
Fusión,AP0174,0.6326302591422013,tasa_o2_nm3_min,41.83981122944417,0.5067189422519198,0.30809295713103346,0.7053449273728062,,,,12.676391042979192,-3.2743704601202506,28.627152546078634,1129.9803182370486,0.3456242937952216,10.844500631105834,0.40950763060032624,0.21697114503675236,183.15859495680434,-191.69058619440904,-0.0,-488.5206015739495,0.0,-150.62220558438315,-29.520787038591735,-860.3541803913333
Fusión,AP0174,0.6326302591422013,tasa_o2_nm3_min,42.556294093167544,0.5067189422519198,0.30809295713103346,0.7053449273728062,,,,12.39623291872441,-3.554528584375033,28.34699442182385,1129.7001601127936,0.3849532929714037,12.028069920441547,0.40950763060032624,0.21697114503675236,183.15859495680434,-191.99150899717284,-0.0,-409.8626032215853,0.0,-150.62220558438315,-29.520787038591735,-781.9971048417331
Fusión,AP0174,0.6326302591422013,tasa_o2_nm3_min,43.272776956890915,0.5067189422519198,0.30809295713103346,0.7053449273728062,,,,12.11607479446963,-3.834686708629812,28.066836297569075,1129.4200019885388,0.42537677031394133,13.21163920977726,0.40950763060032624,0.21697114503675236,183.15859495680434,-192.29243179993668,-0.0,-329.01564853651,0.0,-150.62220558438315,-29.520787038591735,-701.4510729594215
Fusión,AP0174,0.6326302591422013,tasa_o2_nm3_min,43.989259820614286,0.5067189422519198,0.30809295713103346,0.7053449273728062,,,,11.835916670214848,-4.114844832884595,27.786678173314293,1129.139843864284,0.4695219936058081,14.395208499112973,0.40950763060032624,0.21697114503675236,183.15859495680434,-192.5933546027005,-0.0,-240.72520195277647,0.0,-150.62220558438315,-29.520787038591735,-613.4615491784518
Fusión,AP0174,0.6326302591422013,tasa_o2_nm3_min,44.70574268433766,0.5067189422519198,0.30809295713103346,0.7053449273728062,,,,11.555758545960067,-4.395002957139376,27.50652004905951,1128.8596857400294,0.5131960067961656,15.578777788448688,0.40950763060032624,0.21697114503675236,183.15859495680434,-192.8942774054643,-0.0,-153.37717557206142,0.0,-150.62220558438315,-29.520787038591735,-526.4144456005006
Fusión,AP0174,0.6326302591422013,tasa_o2_nm3_min,45.42222554806103,0.5067189422519198,0.30809295713103346,0.7053449273728062,,,,11.275600421705287,-4.675161081394156,27.226361924804728,1128.5795276157746,0.5517704671240975,16.7623470777844,0.40950763060032624,0.21697114503675236,183.15859495680434,-193.19520020822813,-0.0,-76.22825491619767,0.0,-150.62220558438315,-29.520787038591735,-449.5664477474007
Fusión,AP0174,0.6326302591422013,tasa_o2_nm3_min,46.1387084117844,0.5067189422519198,0.30809295713103346,0.7053449273728062,,,,10.995442297450506,-4.955319205648937,26.94620380054995,1128.2993694915199,0.5787074827155141,17.945916367120116,0.40950763060032624,0.21697114503675236,183.15859495680434,-193.49612301099194,-0.0,-22.354223733364485,0.0,-150.62220558438315,-29.520787038591735,-395.9933393673313
Fusión,AP0174,0.6326302591422013,tasa_o2_nm3_min,46.85519127550778,0.5067189422519198,0.30809295713103346,0.7053449273728062,,,,10.715284173195723,-5.23547732990372,26.666045676295166,1128.019211367265,0.5892663797163403,19.129485656455852,0.40950763060032624,0.21697114503675236,183.15859495680434,-193.79704581375574,-0.0,-1.2364297317120077,0.0,-150.62220558438315,-29.520787038591735,-375.1764681684426
Fusión,AP0174,0.6326302591422013,tasa_o2_nm3_min,47.57167413923115,0.5067189422519198,0.30809295713103346,0.7053449273728062,,,,10.435126048940942,-5.515635454158501,26.385887552040387,1127.7390532430102,0.5703565890113462,20.313054945791563,0.40950763060032624,0.21697114503675236,183.15859495680434,-194.09796861651958,-0.0,-39.05601114170021,0.0,-150.62220558438315,-29.520787038591735,-413.2969723811947
Fusión,AP0174,0.6326302591422013,tasa_o2_nm3_min,48.28815700295452,0.5067189422519198,0.30809295713103346,0.7053449273728062,,,,10.15496792468616,-5.795793578413283,26.105729427785604,1127.4588951187554,0.5381531614374812,21.49662423512728,0.40950763060032624,0.21697114503675236,183.15859495680434,-194.3988914192834,-0.0,-103.46286628943035,0.0,-150.62220558438315,-29.520787038591735,-478.0047503316886
Fusión,AP0174,0.6326302591422013,tasa_o2_nm3_min,49.00463986667789,0.5067189422519198,0.30809295713103346,0.7053449273728062,,,,9.87480980043138,-6.075951702668062,25.825571303530822,1127.1787369945007,0.5011527753764452,22.680193524462993,0.40950763060032624,0.21697114503675236,183.15859495680434,-194.6998142220472,-0.0,-177.46363841150225,0.0,-150.62220558438315,-29.520787038591735,-552.3064452565243
Fusión,AP0174,0.6326302591422013,tasa_o2_nm3_min,49.72112273040126,0.5067189422519198,0.30809295713103346,0.7053449273728062,,,,9.594651676176598,-6.356109826922845,25.54541317927604,1126.898578870246,0.45856563162906144,23.863762813798708,0.40950763060032624,0.21697114503675236,183.15859495680434,-195.00073702481103,-0.0,-262.6379259062698,0.0,-150.62220558438315,-29.520787038591735,-637.7816555540558
Fusión,AP0174,0.6326302591422013,tasa_o2_nm3_min,50.43760559412463,0.5067189422519198,0.30809295713103346,0.7053449273728062,,,,9.314493551921817,-6.636267951177626,25.26525505502126,1126.618420745991,0.41712554974023763,25.04733210313442,0.40950763060032624,0.21697114503675236,183.15859495680434,-195.30165982757484,-0.0,-345.5180896839174,0.0,-150.62220558438315,-29.520787038591735,-720.9627421344671
Fusión,AP0174,0.6326302591422013,tasa_o2_nm3_min,51.154088457848005,0.5067189422519198,0.30809295713103346,0.7053449273728062,,,,9.034335427667036,-6.9164260754324065,24.98509693076648,1126.3382626217362,0.3769968299866628,26.230901392470134,0.40950763060032624,0.21697114503675236,183.15859495680434,-195.60258263033865,-0.0,-425.7755291910671,0.0,-150.62220558438315,-29.520787038591735,-801.5211044443806
Fusión,AP0174,0.6326302591422013,tasa_aire_nm3_min,96.89647274655236,0.4724912991866173,0.273865314065731,0.6711172843075036,,,,12.841714600990455,-3.1090469021089877,28.7924761040899,1130.1456417950596,0.06614597285797807,10.95844786402874,0.40950763060032624,0.21697114503675236,183.15859495680434,-193.78281110249995,-0.0,-1047.4772434484364,0.0,-140.448038683222,-29.520787038591727,-1411.22888027275
Fusión,AP0174,0.6326302591422013,tasa_aire_nm3_min,98.04946918534438,0.4741783217571939,0.2755523366363075,0.6728043068780802,,,,12.73755963753158,-3.2132018655678625,28.688321140631025,1130.0414868316009,0.07526008329948605,11.35842497639251,0.40950763060032624,0.21697114503675236,183.15859495680434,-193.78281110249995,-0.0,-1029.2490225654205,0.0,-140.94950614232587,-29.520787038591735,-1393.502126848838
Fusión,AP0174,0.6326302591422013,tasa_aire_nm3_min,99.2024656241364,0.4758653443277705,0.27723935920688414,0.6744913294486569,,,,12.633404674072704,-3.317356829026739,28.584166177172147,1129.9373318681419,0.08586856860239765,11.758402088756304,0.40950763060032624,0.21697114503675236,183.15859495680434,-193.78281110249995,-0.0,-1008.0320519595973,0.0,-141.45097360142975,-29.520787038591735,-1372.7866237021187
Fusión,AP0174,0.6326302591422013,tasa_aire_nm3_min,100.35546206292841,0.4775523668983471,0.27892638177746076,0.6761783520192335,,,,12.52924971061383,-3.4215117924856138,28.480011213713272,1129.8331769046831,0.09795479762498617,12.158379201120098,0.40950763060032624,0.21697114503675236,183.15859495680434,-193.78281110249995,-0.0,-983.8595939144203,0.0,-141.9524410605337,-29.520787038591735,-1349.1156331160457
Fusión,AP0174,0.6326302591422013,tasa_aire_nm3_min,101.50845850172043,0.47923938946892375,0.2806134043480374,0.6778653745898101,,,,12.425094747154953,-3.5256667559444903,28.375856250254394,1129.7290219412241,0.11167374106847587,12.558356313483893,0.40950763060032624,0.21697114503675236,183.15859495680434,-193.78281110249995,-0.0,-956.4217070274409,0.0,-142.4539085196376,-29.520787038591735,-1322.1792136881702
Fusión,AP0174,0.6326302591422013,tasa_aire_nm3_min,102.66145494051244,0.4809264120395004,0.282300426918614,0.6795523971603867,,,,12.320939783696078,-3.629821719403365,28.27170128679552,1129.6248669777654,0.1271472063742597,12.95833342584769,0.40950763060032624,0.21697114503675236,183.15859495680434,-193.78281110249995,-0.0,-925.4747764158733,0.0,-142.95537597874147,-29.520787038591735,-1291.7337505357063
Fusión,AP0174,0.6326302591422013,tasa_aire_nm3_min,103.81445137930447,0.482613434610077,0.28398744948919064,0.6812394197309634,,,,12.2167848202372,-3.7339766828622434,28.167546323336644,1129.5207120143066,0.1445406487459411,13.358310538211484,0.40950763060032624,0.21697114503675236,183.15859495680434,-193.78281110249995,-0.0,-890.6878916725105,0.0,-143.45684343784538,-29.520787038591735,-1257.4483332514476
Fusión,AP0174,0.6326302591422013,tasa_aire_nm3_min,104.96744781809647,0.4843004571806536,0.28567447205976726,0.68292644230154,,,,12.112629856778327,-3.8381316463211164,28.06339135987777,1129.4165570508476,0.16401342559055856,13.758287650575255,0.40950763060032624,0.21697114503675236,183.15859495680434,-193.78281110249995,-0.0,-851.7423379832755,0.0,-143.95831089694926,-29.520787038591735,-1219.0042470213166
Fusión,AP0174,0.6326302591422013,tasa_aire_nm3_min,106.1204442568885,0.48598747975123024,0.2873614946303439,0.6846134648721166,,,,12.00847489331945,-3.942286609779993,27.959236396418895,1129.3124020873888,0.18570931353472123,14.15826476293905,0.40950763060032624,0.21697114503675236,183.15859495680434,-193.78281110249995,-0.0,-808.3505620949503,0.0,-144.45977835605316,-29.520787038591735,-1176.113938592095
Fusión,AP0174,0.6326302591422013,tasa_aire_nm3_min,107.27344069568052,0.48767450232180687,0.2890485172009205,0.6863004874426932,,,,11.904319929860574,-4.046441573238869,27.855081432960016,1129.2082471239298,0.20974378964332704,14.558241875302821,0.40950763060032624,0.21697114503675236,183.15859495680434,-193.78281110249995,-0.0,-760.2816098777386,0.0,-144.9612458151571,-29.520787038591735,-1128.5464538339875
Fusión,AP0174,0.6326302591422013,tasa_aire_nm3_min,108.42643713447254,0.48936152489238344,0.29073553977149713,0.6879875100132697,,,,11.800164966401697,-4.150596536697746,27.750926469501138,1129.104092160471,0.23618681737704558,14.958218987666616,0.40950763060032624,0.21697114503675236,183.15859495680434,-193.78281110249995,-0.0,-707.3955544103014,0.0,-145.46271327426098,-29.520787038591727,-1076.161865825654
Fusión,AP0174,0.6326302591422013,tasa_aire_nm3_min,109.57943357326455,0.49104854746296006,0.29242256234207376,0.6896745325838464,,,,11.696010002942822,-4.254751500156621,27.646771506042263,1128.999937197012,0.26503851300980136,15.35819610003041,0.40950763060032624,0.21697114503675236,183.15859495680434,-193.78281110249995,-0.0,-649.6921631447899,0.0,-145.96418073336486,-29.520787038591727,-1018.9599420192465
Fusión,AP0174,0.6326302591422013,tasa_aire_nm3_min,110.73243001205657,0.4927355700335367,0.2941095849126504,0.691361555154423,,,,11.591855039483947,-4.3589064636154955,27.54261654258339,1128.8957822335533,0.29619259910656215,15.758173212394205,0.40950763060032624,0.21697114503675236,183.15859495680434,-193.78281110249995,-0.0,-587.3839909512684,0.0,-146.46564819246876,-29.520787038591727,-957.1532372848288
Fusión,AP0174,0.6326302591422013,tasa_aire_nm3_min,111.88542645084858,0.4944225926041133,0.295796607483227,0.6930485777249996,,,,11.487700076025071,-4.463061427074372,27.438461579124514,1128.7916272700943,0.3319024861930181,16.158150324758,0.40950763060032624,0.21697114503675236,183.15859495680434,-193.78281110249995,-0.0,-515.9642167783564,0.0,-146.96711565157267,-29.520787038591727,-886.2349305710208
Fusión,AP0174,0.6326302591422013,tasa_aire_nm3_min,113.0384228896406,0.49610961517468993,0.2974836300538036,0.6947356002955762,,,,11.383545112566196,-4.567216390533247,27.33430661566564,1128.6874723066355,0.37198315783504293,16.558127437121772,0.40950763060032624,0.21697114503675236,183.15859495680434,-193.78281110249995,-0.0,-435.8028734943068,0.0,-147.46858311067658,-29.520787038591727,-806.575054746075
Fusión,AP0174,0.6326302591422013,tasa_aire_nm3_min,114.19141932843262,0.49779663774526656,0.29917065262438025,0.6964226228661529,,,,11.27939014910732,-4.671371353992123,27.230151652206764,1128.5833173431765,0.4139217700692331,16.958104549485565,0.40950763060032624,0.21697114503675236,183.15859495680434,-193.78281110249995,-0.0,-351.9256490259265,0.0,-147.97005056978048,-29.520787038591727,-723.1992977367986
Fusión,AP0174,0.6326302591422013,tasa_aire_nm3_min,115.34441576722463,0.4994836603158431,0.30085767519495676,0.6981096454367295,,,,11.175235185648445,-4.775526317450998,27.12599668874789,1128.4791623797178,0.45866637051804954,17.35808166184936,0.40950763060032624,0.21697114503675236,183.15859495680434,-193.78281110249995,-0.0,-262.4364481282936,0.0,-148.47151802888436,-29.520787038591735,-634.2115642982696
Fusión,AP0174,0.6326302591422013,tasa_aire_nm3_min,116.49741220601665,0.5011706828864197,0.3025446977655334,0.6997966680073061,,,,11.071080222189568,-4.879681280909875,27.02184172528901,1128.3750074162588,0.5022465437390149,17.758058774213133,0.40950763060032624,0.21697114503675236,183.15859495680434,-193.78281110249995,-0.0,-175.27610168636286,0.0,-148.97298548798827,-29.520787038591735,-547.5526853154428
Fusión,AP0174,0.6326302591422013,tasa_aire_nm3_min,117.65040864480866,0.5028577054569964,0.30423172033611,0.7014836905778827,,,,10.966925258730694,-4.983836244368749,26.917686761830137,1128.2708524528,0.5404401084243725,18.15803588657693,0.40950763060032624,0.21697114503675236,183.15859495680434,-193.78281110249995,-0.0,-98.88897231564764,0.0,-149.47445294709215,-29.520787038591735,-471.6670234038314
Fusión,AP0174,0.6326302591422013,tasa_aire_nm3_min,118.8034050836007,0.504544728027573,0.30591874290668664,0.7031707131484594,,,,10.862770295271815,-5.087991207827628,26.813531798371258,1128.166697489341,0.5697695655421173,18.558012998940722,0.40950763060032624,0.21697114503675236,183.15859495680434,-193.78281110249995,-0.0,-40.230058080158,0.0,-149.97592040619605,-29.520787038591735,-413.5095766274457
Fusión,AP0174,0.6326302591422013,tasa_aire_nm3_min,119.9564015223927,0.5062317505981496,0.30760576547726326,0.704857735719036,,,,10.758615331812942,-5.192146171286501,26.709376834912383,1128.0625425258822,0.5876096061626794,18.957990111304518,0.40950763060032624,0.21697114503675236,183.15859495680434,-193.78281110249995,-0.0,-4.549976839033798,0.0,-150.4773878653,-29.520787038591735,-378.33096284542546
Fusión,AP0174,0.6326302591422013,tasa_aire_nm3_min,121.10939796118473,0.5079187731687262,0.3092927880478399,0.7065447582896126,,,,10.654460368354064,-5.296301134745379,26.60522187145351,1127.9583875624232,0.5800616381781499,19.35796722366831,0.40950763060032624,0.21697114503675236,183.15859495680434,-193.78281110249995,-0.0,-19.645912808092802,0.0,-150.97885532440387,-29.520787038591735,-393.9283662735884
Fusión,AP0174,0.6326302591422013,tasa_aire_nm3_min,122.26239439997674,0.5096057957393029,0.3109798106184165,0.7082317808601892,,,,10.55030540489519,-5.400456098204254,26.501066907994634,1127.8542325989645,0.554351947827876,19.757944336032082,0.40950763060032624,0.21697114503675236,183.15859495680434,-193.78281110249995,-0.0,-71.06529350864066,0.0,-151.48032278350777,-29.520787038591735,-445.8492144332401
Fusión,AP0174,0.6326302591422013,tasa_aire_nm3_min,123.41539083876876,0.5112928183098795,0.31266683318899313,0.7099188034307659,,,,10.446150441436314,-5.5046110616631285,26.39691194453576,1127.7500776355055,0.5176618020430335,20.15792144839588,0.40950763060032624,0.21697114503675236,183.15859495680434,-193.78281110249995,-0.0,-144.44558507832573,0.0,-151.98179024261168,-29.520787038591735,-519.730973462029
Fusión,AP0174,0.6326302591422013,tasa_aire_nm3_min,124.56838727756077,0.5129798408804561,0.31435385575956976,0.7116058260013425,,,,10.341995477977438,-5.608766025122005,26.29275698107688,1127.6459226720467,0.47546260848126326,20.55789856075967,0.40950763060032624,0.21697114503675236,183.15859495680434,-193.78281110249995,-0.0,-228.84397220186614,0.0,-152.48325770171556,-29.520787038591735,-604.6308280446733
Fusión,AP0174,0.7071227749628561,tasa_feed_Carbon_kg_min,24.328760902215688,0.4990983659040275,0.3004723807831412,0.6977243510249138,,,,-6.139929422970631,-22.090690926070074,9.810832080128812,1105.6427211262012,0.21554235950669964,19.416505001447188,0.1552745370610306,0.07485574193592906,0.0,-137.47778684999255,-0.0,-343.04581017298165,-0.0,-148.35698926497219,-29.520787038591727,-658.4013733265381
Fusión,AP0174,0.7071227749628561,tasa_feed_Carbon_kg_min,25.986504731130974,0.5027085641922079,0.3040825790713215,0.7013345493130942,,,,-5.965168955340965,-21.915930458440407,9.985592547758479,1105.817481593831,0.23430773300771143,19.416505001447188,0.16585482952373296,0.07995635699610092,0.0,-141.7879208051723,-0.0,-305.51506317095806,-0.0,-149.4301207061338,-29.520787038591735,-626.2538917208558
Fusión,AP0174,0.7071227749628561,tasa_feed_Carbon_kg_min,27.644248560046258,0.5063187624803882,0.30769277735950185,0.7049447476012746,,,,-5.790408487711298,-21.74116999081074,10.160353015388145,1105.9922420614605,0.25331705715137665,19.416505001447188,0.17643512198643532,0.08505697205627276,0.0,-146.09805476035203,-0.0,-267.4964148836276,-0.0,-150.50325214729537,-29.520787038591735,-593.6185088298668
Fusión,AP0174,0.7071227749628561,tasa_feed_Carbon_kg_min,29.301992388961544,0.5099289607685685,0.31130297564768217,0.7085549458894549,,,,-5.615648020081631,-21.566409523181072,10.335113483017812,1106.1670025290903,0.27288209628180526,19.416505001447188,0.18701541444913775,0.09015758711644463,0.0,-150.40818871553176,-0.0,-228.3663366227704,-0.0,-151.57638358845696,-29.520787038591735,-559.8716959653509
Fusión,AP0174,0.7071227749628561,tasa_feed_Carbon_kg_min,30.95973621787683,0.513539159056749,0.3149131739358626,0.7121651441776353,,,,-5.440887552451963,-21.391649055551405,10.50987395064748,1106.3417629967198,0.2940332704802764,19.416505001447188,0.19759570691184014,0.09525820217661649,0.0,-154.71832267071153,-0.0,-186.06398822582815,-0.0,-152.6495150296186,-29.520787038591735,-522.95261296475
Fusión,AP0174,0.7071227749628561,tasa_feed_Carbon_kg_min,32.61748004679212,0.5171493573449293,0.3185233722240429,0.7157753424658156,,,,-5.266127084822297,-21.21688858792174,10.684634418277145,1106.5165234643496,0.31670147221288986,19.416505001447188,0.2081759993745425,0.10035881723678834,0.0,-159.02845662589127,-0.0,-140.72758476060122,-0.0,-153.7226464707802,-29.520787038591735,-482.9994748958644
Fusión,AP0174,0.7071227749628561,tasa_feed_Carbon_kg_min,34.2752238757074,0.5207595556331096,0.32213357051222324,0.719385540753996,,,,-5.09136661719263,-21.042128120292073,10.859394885906813,1106.6912839319793,0.3392864999849595,19.416505001447188,0.21875629183724488,0.10545943229696018,0.0,-163.338590581071,-0.0,-95.55752921646187,-0.0,-154.79577791194183,-29.520787038591735,-443.21268474806647
Fusión,AP0174,0.7071227749628561,tasa_feed_Carbon_kg_min,35.93296770462268,0.5243697539212899,0.32574376880040357,0.7229957390421763,,,,-4.916606149562963,-20.867367652662406,11.03415535353648,1106.8660443996089,0.3655246465597972,19.416505001447188,0.22933658429994727,0.11056004735713204,0.0,-167.64872453625074,-0.0,-43.08123606678649,-0.0,-155.86890935310342,-29.520787038591735,-396.1196569947324
Fusión,AP0174,0.7071227749628561,tasa_feed_Carbon_kg_min,37.59071153353797,0.5279799522094702,0.3293539670885839,0.7266059373303566,,,,-4.741845681933296,-20.692607185032738,11.208915821166148,1107.0408048672386,0.3940602299932915,19.416505001447188,0.23991687676264967,0.1156606624173039,0.0,-171.9588584914305,-0.0,-0.0,-0.0,-156.94204079426504,-29.520787038591735,-358.4216863242873
Fusión,AP0174,0.7071227749628561,tasa_feed_Carbon_kg_min,39.24845536245326,0.5315901504976506,0.3329641653767642,0.7302161356185369,,,,-4.567085214303629,-20.51784671740307,11.383676288795815,1107.2155653348682,0.41989084070363214,19.416505001447188,0.25049716922535203,0.12076127747747575,0.0,-176.26899244661024,-0.0,-0.0,-0.0,-158.01517223542663,-29.520787038591735,-363.8049517206286
Fusión,AP0174,0.7071227749628561,tasa_feed_Carbon_kg_min,40.90619919136854,0.5352003487858309,0.33657436366494453,0.7338263339067173,,,,-4.392324746673962,-20.343086249773407,11.55843675642548,1107.390325802498,0.4409442263971975,19.416505001447188,0.26107746168805446,0.12586189253764762,0.0,-180.57912640178998,-0.0,-0.0,-0.0,-159.0883036765882,-29.520787038591735,-369.1882171169699
Fusión,AP0174,0.7071227749628561,tasa_feed_Carbon_kg_min,42.56394302028383,0.5388105470740113,0.34018456195312496,0.7374365321948977,,,,-4.217564279044295,-20.16832578214374,11.733197224055148,1107.5650862701275,0.46043929369537423,19.416505001447188,0.2716577541507569,0.1309625075978195,0.0,-184.88926035696971,-0.0,-0.0,-0.0,-160.16143511774985,-29.520787038591735,-374.57148251331125
Fusión,AP0174,0.7071227749628561,tasa_feed_Carbon_kg_min,44.221686849199116,0.5424207453621916,0.3437947602413053,0.741046730483078,,,,-4.042803811414627,-19.993565314514072,11.907957691684816,1107.7398467377573,0.4754910534186957,19.416505001447188,0.28223804661345925,0.13606312265799134,0.0,-189.19939431214948,-0.0,-0.0,0.0,-161.23456655891144,-29.520787038591735,-379.9547479096526
Fusión,AP0174,0.7071227749628561,tasa_feed_Carbon_kg_min,45.8794306781144,0.546030943650372,0.3474049585294856,0.7446569287712583,,,,-3.86804334378496,-19.818804846884404,12.082718159314483,1107.914607205387,0.48191914011538095,19.416505001447188,0.29281833907616167,0.1411637377181632,0.0,-193.50952826732922,-0.0,-0.0,0.0,-162.30769800007306,-29.520787038591735,-385.33801330599397
Fusión,AP0174,0.7071227749628561,tasa_feed_Carbon_kg_min,47.53717450702969,0.5496411419385523,0.35101515681766593,0.7482671270594387,,,,-3.693282876155293,-19.644044379254737,12.257478626944149,1108.0893676730166,0.480194199656412,19.416505001447188,0.30339863153886404,0.14626435277833505,0.0,-197.81966222250895,-0.0,-0.0,0.0,-163.38082944123465,-29.520787038591735,-390.7212787023353
Fusión,AP0174,0.7071227749628561,tasa_feed_Carbon_kg_min,49.19491833594497,0.5532513402267326,0.35462535510584625,0.751877325347619,,,,-3.518522408525627,-19.46928391162507,12.432239094573816,1108.2641281406463,0.472316801903351,19.416505001447188,0.3139789240015664,0.15136496783850686,0.0,-202.1297961776887,-0.0,-0.0,0.0,-164.45396088239627,-29.520787038591735,-396.1045440986767
Fusión,AP0174,0.7071227749628561,tasa_feed_Carbon_kg_min,50.852662164860256,0.5568615385149129,0.3582355533940266,0.7554875236357993,,,,-3.3437619408959596,-19.294523443995402,12.606999562203484,1108.4388886082759,0.45698409780159943,19.416505001447188,0.3245592164642688,0.15646558289867873,0.0,-206.43993013286843,-0.0,-0.0,0.0,-165.52709232355787,-29.520787038591735,-401.48780949501804
Fusión,AP0174,0.7071227749628561,tasa_feed_Carbon_kg_min,52.51040599377554,0.5604717368030933,0.3618457516822069,0.7590977219239796,,,,-3.1690014732662926,-19.119762976365735,12.781760029833151,1108.6136490759056,0.43980651481595123,19.416505001447188,0.33513950892697114,0.16156619795885058,0.0,-210.75006408804816,-0.0,-0.0,0.0,-166.60022376471946,-29.520787038591735,-406.87107489135934
Fusión,AP0174,0.7071227749628561,tasa_feed_Carbon_kg_min,54.16814982269082,0.5640819350912737,0.36545594997038733,0.76270792021216,,,,-2.994241005636626,-18.945002508736067,12.956520497462817,1108.7884095435352,0.429592922779344,19.416505001447188,0.3457198013896735,0.16666681301902242,0.0,-215.0601980432279,-0.0,-0.0,0.0,-167.6733552058811,-29.520787038591735,-412.25434028770076
Fusión,AP0174,0.7071227749628561,tasa_feed_Carbon_kg_min,55.82589365160611,0.567692133379454,0.36906614825856765,0.7663181185003404,,,,-2.819480538006959,-18.770242041106403,13.131280965092484,1108.963170011165,0.42073999879581836,19.416505001447188,0.35630009385237593,0.1717674280791943,0.0,-219.37033199840766,-0.0,-0.0,0.0,-168.74648664704267,-29.520787038591735,-417.63760568404206
Fusión,AP0174,0.7071227749628561,tasa_feed_Carbon_kg_min,57.483637480521395,0.5713023316676343,0.37267634654674797,0.7699283167885207,,,,-2.644720070377292,-18.595481573476736,13.30604143272215,1109.1379304787945,0.4098927430493174,19.416505001447188,0.3668803863150783,0.17686804313936613,0.0,-223.6804659535874,-0.0,-0.0,0.0,-169.8196180882043,-29.520787038591735,-423.0208710803834
Fusión,AP0174,0.7071227749628561,tasa_feed_Carbon_kg_min,59.14138130943668,0.5749125299558147,0.3762865448349283,0.773538515076701,,,,-2.4699596027476245,-18.42072110584707,13.480801900351818,1109.3126909464243,0.4030967129259721,19.416505001447188,0.3774606787777807,0.181968658199538,0.0,-227.99059990876714,-0.0,-0.0,0.0,-170.8927495293659,-29.520787038591735,-428.4041364767247
Fusión,AP0174,0.7071227749628561,tasa_feed_Carbon_kg_min,60.79912513835197,0.578522728243995,0.3798967431231086,0.7771487133648813,,,,-2.295199135117958,-18.2459606382174,13.655562367981485,1109.487451414054,0.3982556493667873,19.416505001447188,0.38804097124048315,0.18706927325970987,0.0,-232.30073386394687,-0.0,-0.0,0.0,-171.9658809705275,-29.520787038591735,-433.7874018730661
Fusión,AP0174,0.7071227749628561,tasa_feed_Carbon_kg_min,62.456868967267255,0.5821329265321753,0.38350694141128894,0.7807589116530617,,,,-2.1204386674882905,-18.071200170587733,13.830322835611152,1109.6622118816836,0.3916173104802611,19.416505001447188,0.3986212637031855,0.19216988831988172,0.0,-236.61086781912664,-0.0,-0.0,0.0,-173.0390124116891,-29.520787038591735,-439.17066726940743
Fusión,AP0174,0.7071227749628561,tasa_feed_Carbon_kg_min,64.11461279618254,0.5857431248203557,0.38711713969946937,0.7843691099412421,,,,-1.9456781998586232,-17.896439702958066,14.00508330324082,1109.8369723493133,0.3870827506585571,19.416505001447188,0.40920155616588794,0.19727050338005359,0.0,-240.92100177430638,-0.0,-0.0,0.0,-174.11214385285072,-29.520787038591735,-444.5539326657488
Fusión,AP0174,0.7071227749628561,tasa_gn_nm3_min,24.46151011501188,0.48917224534074616,0.29054626021985985,0.6877982304616325,,,,-1.9450916588275897,-17.895853161927032,14.005669844271853,1109.8375588903443,0.10124560924566615,52.02426636590258,0.4092370663458532,0.19728762235472833,0.0,-230.51554515446458,-0.0,-571.6393106950486,0.0,-145.40644992753678,-29.520787038591727,-977.0820928156417
Fusión,AP0174,0.7071227749628561,tasa_gn_nm3_min,24.77858019826483,0.4937569994533613,0.295131014332475,0.6923829845742476,,,,-1.9450916588275604,-17.895853161927004,14.005669844271882,1109.8375588903443,0.10904371583655476,50.0789431711345,0.4092370663458532,0.19728762235472833,0.0,-231.01017448433916,-0.0,-556.0430975132714,0.0,-146.76926808751162,-29.520787038591727,-963.3433271237138
Fusión,AP0174,0.7071227749628561,tasa_gn_nm3_min,25.09565028151778,0.4983417535659765,0.2997157684450902,0.6969677386868628,,,,-1.9450916588275302,-17.895853161926972,14.005669844271912,1109.8375588903443,0.118240919724614,48.18277620705978,0.4092370663458532,0.19728762235472833,0.0,-231.50480381421377,-0.0,-537.648689737153,0.0,-148.13208624748648,-29.520787038591727,-946.8063668374449
Fusión,AP0174,0.7071227749628561,tasa_gn_nm3_min,25.41272036477073,0.5029265076785917,0.30430052255770534,0.7015524927994781,,,,-1.945091658827501,-17.895853161926944,14.005669844271942,1109.8375588903443,0.12842817098707618,46.333925532507074,0.4092370663458532,0.19728762235472833,0.0,-231.99943314408839,-0.0,-517.2741872122286,0.0,-149.49490440746138,-29.520787038591735,-928.2893118023701
Fusión,AP0174,0.7071227749628561,tasa_gn_nm3_min,25.72979044802368,0.5075112617912069,0.3088852766703205,0.7061372469120932,,,,-1.9450916588274707,-17.895853161926915,14.005669844271972,1109.8375588903443,0.1385930223393009,44.53064190122173,0.4092370663458532,0.19728762235472833,0.0,-232.49406247396297,-0.0,-496.9444845077791,0.0,-150.85772256743624,-29.520787038591735,-909.8170565877701
Fusión,AP0174,0.7071227749628561,tasa_gn_nm3_min,26.046860531276632,0.512096015903822,0.31347003078293567,0.7107220010247084,,,,-1.9450916588274414,-17.895853161926883,14.005669844272001,1109.8375588903443,0.14872743346245948,42.771261241690986,0.4092370663458532,0.19728762235472833,0.0,-232.98869180383758,-0.0,-476.675662261462,0.0,-152.2205407274111,-29.520787038591735,-891.4056818313024
Fusión,AP0174,0.7071227749628561,tasa_gn_nm3_min,26.363930614529583,0.5166807700164372,0.31805478489555083,0.7153067551373236,,,,-1.9450916588274112,-17.895853161926855,14.005669844272031,1109.8375588903446,0.15936033161204768,41.05419953530479,0.4092370663458532,0.19728762235472833,0.0,-233.4833211337122,-0.0,-455.40986596228555,0.0,-153.58335888738594,-29.520787038591735,-871.9973330219755
Fusión,AP0174,0.7071227749628561,tasa_gn_nm3_min,26.681000697782533,0.5212655241290524,0.322639539008166,0.7198915092499387,,,,-1.9450916588273819,-17.895853161926826,14.005669844272061,1109.8375588903446,0.1708036269375705,39.37794805971622,0.4092370663458532,0.19728762235472833,0.0,-233.97795046358678,-0.0,-432.5232753112399,0.0,-154.9461770473608,-29.520787038591735,-850.9681898607791
Fusión,AP0174,0.7071227749628561,tasa_gn_nm3_min,26.998070781035484,0.5258502782416675,0.32722429312078116,0.7244762633625539,,,,-1.9450916588273517,-17.895853161926794,14.005669844272091,1109.8375588903446,0.18265377020643755,37.74106896737892,0.4092370663458532,0.19728762235472833,0.0,-234.4725797934614,-0.0,-408.8229887735058,0.0,-156.30899520733564,-29.520787038591735,-829.1253508128946
Fusión,AP0174,0.7071227749628561,tasa_gn_nm3_min,27.315140864288434,0.5304350323542827,0.3318090472333963,0.729061017475169,,,,-1.9450916588273224,-17.895853161926766,14.00566984427212,1109.8375588903446,0.19530303370579,36.14219117202639,0.4092370663458532,0.19728762235472833,0.0,-234.96720912333598,-0.0,-383.52446177480095,0.0,-157.6718133673105,-29.520787038591735,-805.6842713040392
Fusión,AP0174,0.7071227749628561,tasa_gn_nm3_min,27.63221094754138,0.5350197864668977,0.3363938013460114,0.7336457715877841,,,,-1.9450916588272922,-17.895853161926734,14.00566984427215,1109.8375588903446,0.21128303868755205,34.580006518358864,0.4092370663458532,0.19728762235472833,0.0,-235.4618384532106,-0.0,-351.5644518112768,0.0,-159.03463152728534,-29.520787038591735,-775.5817088303645
Fusión,AP0174,0.7071227749628561,tasa_gn_nm3_min,27.94928103079433,0.5396045405795129,0.34097855545862654,0.7382305257003993,,,,-1.945091658827262,-17.895853161926706,14.00566984427218,1109.8375588903446,0.22803763727862894,33.05326621244746,0.4092370663458532,0.19728762235472833,0.0,-235.9564677830852,-0.0,-318.05525462912306,0.0,-160.3974496872602,-29.520787038591735,-743.9299591380602
Fusión,AP0174,0.7071227749628561,tasa_gn_nm3_min,28.266351114047282,0.5441892946921281,0.3455633095712417,0.7428152798130144,,,,-1.9450916588272327,-17.895853161926677,14.00566984427221,1109.8375588903446,0.24553070254773324,31.560777492384393,0.4092370663458532,0.19728762235472833,0.0,-236.4510971129598,-0.0,-283.06912409091444,0.0,-161.76026784723507,-29.520787038591735,-710.801276089701
Fusión,AP0174,0.7071227749628561,tasa_gn_nm3_min,28.583421197300233,0.5487740488047432,0.35014806368385687,0.7474000339256296,,,,-1.9450916588272025,-17.895853161926645,14.00566984427224,1109.8375588903448,0.26569823903979417,30.101400520523754,0.4092370663458532,0.19728762235472833,0.0,-236.9457264428344,-0.0,-242.73405110679258,0.0,-163.1230860072099,-29.520787038591735,-672.3236505954286
Fusión,AP0174,0.7071227749628561,tasa_gn_nm3_min,28.900491280553183,0.5533588029173584,0.35473281779647203,0.7519847880382448,,,,-1.9450916588271732,-17.895853161926617,14.00566984427227,1109.8375588903448,0.28692899242871284,28.674045480295582,0.4092370663458532,0.19728762235472833,0.0,-237.440355772709,-0.0,-200.27254432895523,0.0,-164.48590416718477,-29.520787038591735,-631.7195913074407
Fusión,AP0174,0.7071227749628561,tasa_gn_nm3_min,29.217561363806134,0.5579435570299736,0.3593175719090872,0.7565695421508599,,,,-1.945091658827143,-17.895853161926585,14.0056698442723,1109.8375588903448,0.3098852876112874,27.2776698620528,0.4092370663458532,0.19728762235472833,0.0,-237.9349851025836,-0.0,-154.35995396380608,0.0,-165.84872232715963,-29.520787038591735,-587.6644484321411
Fusión,AP0174,0.7071227749628561,tasa_gn_nm3_min,29.534631447059084,0.5625283111425887,0.36390232602170236,0.7611542962634751,,,,-1.9450916588271137,-17.895853161926556,14.00566984427233,1109.8375588903448,0.332254190669133,25.911275923745468,0.4092370663458532,0.19728762235472833,0.0,-238.4296144324582,-0.0,-109.62214784811496,0.0,-167.21154048713447,-29.520787038591735,-544.7840898062993
Fusión,AP0174,0.7071227749628561,tasa_gn_nm3_min,29.851701530312035,0.5671130652552039,0.3684870801343175,0.7657390503760902,,,,-1.9450916588270835,-17.895853161926528,14.00566984427236,1109.8375588903448,0.35173794838182165,24.57390831342386,0.4092370663458532,0.19728762235472833,0.0,-238.92424376233282,-0.0,-70.65463242273762,0.0,-168.57435864710934,-29.520787038591735,-507.67402187077147
Fusión,AP0174,0.7071227749628561,tasa_gn_nm3_min,30.168771613564985,0.571697819367819,0.3730718342469327,0.7703238044887054,,,,-1.9450916588270541,-17.895853161926496,14.005669844272388,1109.8375588903448,0.3666953617519649,23.264651841664744,0.4092370663458532,0.19728762235472833,0.0,-239.4188730922074,-0.0,-40.73980568245117,0.0,-169.9371768070842,-29.520787038591735,-479.6166426203345
Fusión,AP0174,0.7071227749628561,tasa_gn_nm3_min,30.485841696817936,0.5762825734804342,0.37765658835954785,0.7749085586013206,,,,-1.945091658827024,-17.895853161926468,14.005669844272418,1109.8375588903448,0.3783189293138822,21.982629393005826,0.4092370663458532,0.19728762235472833,0.0,-239.91350242208202,-0.0,-17.492670558616474,0.0,-171.29999496705906,-29.520787038591735,-458.22695498634926
Fusión,AP0174,0.7071227749628561,tasa_gn_nm3_min,30.802911780070886,0.5808673275930494,0.382241342472163,0.7794933127139357,,,,-1.9450916588269946,-17.89585316192644,14.005669844272449,1109.8375588903448,0.38575434884141974,20.726999966372283,0.4092370663458532,0.19728762235472833,0.0,-240.4081317519566,-0.0,-2.6218315035414497,0.0,-172.66281312703393,-29.520787038591735,-445.2135634211237
Fusión,AP0174,0.7071227749628561,tasa_gn_nm3_min,31.119981863323837,0.5854520817056645,0.3868260965847782,0.7840780668265509,,,,-1.9450916588269644,-17.895853161926407,14.005669844272479,1109.837558890345,0.3870638633267506,19.496956835295464,0.4092370663458532,0.19728762235472833,0.0,-240.90276108183122,-0.0,-0.0028025328797642857,0.0,-174.02563128700876,-29.520787038591735,-444.45198194031144
Fusión,AP0174,0.7071227749628561,tasa_gn_nm3_min,31.437051946576787,0.5900368358182797,0.39141085069739334,0.7886628209391661,,,,-1.9450916588269351,-17.89585316192638,14.005669844272507,1109.837558890345,0.37401025105431385,18.291725819466475,0.4092370663458532,0.19728762235472833,0.0,-241.39739041170583,-0.0,-26.11002707775323,0.0,-175.38844944698363,-29.520787038591735,-472.41665397503436
Fusión,AP0174,0.7071227749628561,tasa_gn_nm3_min,31.754122029829738,0.5946215899308948,0.3959956048100084,0.7932475750517811,,,,-1.945091658826905,-17.895853161926347,14.005669844272537,1109.837558890345,0.35581717941049384,17.110563659842615,0.4092370663458532,0.19728762235472833,0.0,-241.89201974158044,-0.0,-62.49617036539323,0.0,-176.75126760695846,-29.520787038591735,-510.6602447525239
Fusión,AP0174,0.7071227749628561,tasa_gn_nm3_min,32.07119211308269,0.5992063440435099,0.40058035892262356,0.7978323291643963,,,,-1.9450916588268747,-17.89585316192632,14.005669844272568,1109.837558890345,0.33424598455269855,15.952756490140336,0.4092370663458532,0.19728762235472833,0.0,-242.38664907145503,-0.0,-105.63856008098382,0.0,-178.11408576693333,-29.520787038591735,-555.6600819579638
Fusión,AP0174,0.7071227749628561,tasa_o2_nm3_min,33.958499728487084,0.5857552415734015,0.38712925645251517,0.7843812266942879,,,,4.0590818634023895,-11.891679639697053,20.009843366501833,1115.8417324125742,0.09049505925926961,-5.237870243782203,0.4092370663458532,0.19728762235472833,0.0,-232.95075736211453,-0.0,-593.1404106678417,0.0,-174.1157455576936,-29.520787038591735,-1029.7277006262416
Fusión,AP0174,0.7071227749628561,tasa_o2_nm3_min,34.674982592210455,0.5857552415734015,0.38712925645251517,0.7843812266942879,,,,3.7789237391476087,-12.171837763951835,19.72968524224705,1115.5615742883194,0.0993551591140211,-4.08748318421362,0.4092370663458532,0.19728762235472833,0.0,-233.3233284512507,-0.0,-575.4202109583388,0.0,-174.1157455576936,-29.520787038591735,-1012.3800720058748
Fusión,AP0174,0.7071227749628561,tasa_o2_nm3_min,35.391465455933826,0.5857552415734015,0.38712925645251517,0.7843812266942879,,,,3.498765614892828,-12.451995888206614,19.44952711799227,1115.2814161640647,0.10870676787276393,-2.937096124645037,0.4092370663458532,0.19728762235472833,0.0,-233.69589954038685,-0.0,-556.7169934408531,0.0,-174.1157455576936,-29.520787038591735,-994.0494255775253
Fusión,AP0174,0.7071227749628561,tasa_o2_nm3_min,36.1079483196572,0.5857552415734015,0.38712925645251517,0.7843812266942879,,,,3.218607490638047,-12.732154012461397,19.16936899373749,1115.00125803981,0.1192825920735015,-1.7867090650764532,0.4092370663458532,0.19728762235472833,0.0,-234.06847062952298,-0.0,-535.5653450393779,0.0,-174.1157455576936,-29.520787038591735,-973.2703482651862
Fusión,AP0174,0.7071227749628561,tasa_o2_nm3_min,36.82443118338057,0.5857552415734015,0.38712925645251517,0.7843812266942879,,,,2.9384493663832663,-13.012312136716176,18.88921086948271,1114.7210999155552,0.13068806801542213,-0.6363220055078694,0.4092370663458532,0.19728762235472833,0.0,-234.44104171865914,-0.0,-512.7543931555367,0.0,-174.1157455576936,-29.520787038591735,-950.8319674704812
Fusión,AP0174,0.7071227749628561,tasa_o2_nm3_min,37.54091404710394,0.5857552415734015,0.38712925645251517,0.7843812266942879,,,,2.6582912421284846,-13.292470260970958,18.609052745227928,1114.4409417913002,0.14232880644306553,0.5140650540607142,0.4092370663458532,0.19728762235472833,0.0,-234.8136128077953,-0.0,-489.47291630024984,0.0,-174.1157455576936,-29.520787038591735,-927.9230617043304
Fusión,AP0174,0.7071227749628561,tasa_o2_nm3_min,38.25739691082731,0.5857552415734015,0.38712925645251517,0.7843812266942879,,,,2.3781331178737037,-13.57262838522574,18.328894620973145,1114.1607836670455,0.15457066844650227,1.664452113629298,0.4092370663458532,0.19728762235472833,0.0,-235.18618389693145,-0.0,-464.9891922933764,0.0,-174.1157455576936,-29.520787038591735,-903.8119087865932
Fusión,AP0174,0.7071227749628561,tasa_o2_nm3_min,38.97387977455068,0.5857552415734015,0.38712925645251517,0.7843812266942879,,,,2.097974993618923,-13.85278650948052,18.048736496718366,1113.8806255427908,0.16741983306036307,2.8148391731978815,0.4092370663458532,0.19728762235472833,0.0,-235.55875498606758,-0.0,-439.2908630656548,0.0,-174.1157455576936,-29.520787038591735,-878.4861506480077
Fusión,AP0174,0.7071227749628561,tasa_o2_nm3_min,39.69036263827406,0.5857552415734015,0.38712925645251517,0.7843812266942879,,,,1.8178168693641392,-14.132944633735304,17.768578372463583,1113.600467418536,0.18161732517871187,3.965226232766465,0.4092370663458532,0.19728762235472833,0.0,-235.93132607520374,-0.0,-410.89587882895717,0.0,-174.1157455576936,-29.520787038591735,-850.4637375004462
Fusión,AP0174,0.7071227749628561,tasa_o2_nm3_min,40.40684550199743,0.5857552415734015,0.38712925645251517,0.7843812266942879,,,,1.5376587451093584,-14.413102757990085,17.4884202482088,1113.3203092942813,0.19787707629157478,5.115613292335049,0.4092370663458532,0.19728762235472833,0.0,-236.3038971643399,-0.0,-378.3763766032314,0.0,-174.1157455576936,-29.520787038591735,-818.3168063638566
Fusión,AP0174,0.7071227749628561,tasa_o2_nm3_min,41.1233283657208,0.5857552415734015,0.38712925645251517,0.7843812266942879,,,,1.2575006208545776,-14.693260882244866,17.20826212395402,1113.0401511700265,0.21556877719953324,6.266000351903633,0.4092370663458532,0.19728762235472833,0.0,-236.67646825347606,-0.0,-342.99297478731444,0.0,-174.1157455576936,-29.520787038591735,-783.3059756370758
Fusión,AP0174,0.7071227749628561,tasa_o2_nm3_min,41.83981122944417,0.5857552415734015,0.38712925645251517,0.7843812266942879,,,,0.9773424965997966,-14.973419006499647,16.92810399969924,1112.7599930457716,0.23537260532029858,7.416387411472217,0.4092370663458532,0.19728762235472833,0.0,-237.04903934261222,-0.0,-303.3853185457838,0.0,-174.1157455576936,-29.520787038591735,-744.0708904846813
Fusión,AP0174,0.7071227749628561,tasa_o2_nm3_min,42.556294093167544,0.5857552415734015,0.38712925645251517,0.7843812266942879,,,,0.6971843723450156,-15.253577130754428,16.64794587544446,1112.4798349215168,0.25755682204742614,8.5667744710408,0.4092370663458532,0.19728762235472833,0.0,-237.42161043174838,-0.0,-259.01688509152865,0.0,-174.1157455576936,-29.520787038591735,-700.0750281195624
Fusión,AP0174,0.7071227749628561,tasa_o2_nm3_min,43.272776956890915,0.5857552415734015,0.38712925645251517,0.7843812266942879,,,,0.4170262480902349,-15.533735255009208,16.367787751189677,1112.199676797262,0.2798325376496467,9.717161530609385,0.4092370663458532,0.19728762235472833,0.0,-237.7941815208845,-0.0,-214.46545388708748,0.0,-174.1157455576936,-29.520787038591735,-655.8961680042573
Fusión,AP0174,0.7071227749628561,tasa_o2_nm3_min,43.989259820614286,0.5857552415734015,0.38712925645251517,0.7843812266942879,,,,0.13686812383545388,-15.81389337926399,16.0876296269349,1111.9195186730074,0.30368154380306056,10.867548590177968,0.4092370663458532,0.19728762235472833,0.0,-238.16675261002067,-0.0,-166.7674415802598,0.0,-174.1157455576936,-29.520787038591735,-608.5707267865657
Fusión,AP0174,0.7071227749628561,tasa_o2_nm3_min,44.70574268433766,0.5857552415734015,0.38712925645251517,0.7843812266942879,,,,-0.14329000041932693,-16.09405150351877,15.807471502680116,1111.6393605487526,0.32766163130021325,12.017935649746551,0.4092370663458532,0.19728762235472833,0.0,-238.53932369915682,-0.0,-118.80726658595442,0.0,-174.1157455576936,-29.520787038591735,-560.9831228813965
Fusión,AP0174,0.7071227749628561,tasa_o2_nm3_min,45.42222554806103,0.5857552415734015,0.38712925645251517,0.7843812266942879,,,,-0.423448124674108,-16.374209627773553,15.527313378425335,1111.3592024244979,0.34971085732833274,13.168322709315134,0.4092370663458532,0.19728762235472833,0.0,-238.91189478829298,-0.0,-74.70881452971545,0.0,-174.1157455576936,-29.520787038591735,-517.2572419142938
Fusión,AP0174,0.7071227749628561,tasa_o2_nm3_min,46.1387084117844,0.5857552415734015,0.38712925645251517,0.7843812266942879,,,,-0.703606248928889,-16.65436775202833,15.247155254170554,1111.079044300243,0.36778813682200573,14.31870976888372,0.4092370663458532,0.19728762235472833,0.0,-239.2844658774291,-0.0,-38.55425554236946,0.0,-174.1157455576936,-29.520787038591735,-481.4752540160839
Fusión,AP0174,0.7071227749628561,tasa_o2_nm3_min,46.85519127550778,0.5857552415734015,0.38712925645251517,0.7843812266942879,,,,-0.9837643731836725,-16.934525876283114,14.96699712991577,1110.7988861759882,0.380519037323607,15.469096828452324,0.4092370663458532,0.19728762235472833,0.0,-239.65703696656527,-0.0,-13.092454539166965,0.0,-174.1157455576936,-29.520787038591735,-456.3860241020176
Fusión,AP0174,0.7071227749628561,tasa_o2_nm3_min,47.57167413923115,0.5857552415734015,0.38712925645251517,0.7843812266942879,,,,-1.2639224974384533,-17.214684000537897,14.686839005660989,1110.5187280517334,0.38822852728964125,16.61948388802091,0.4092370663458532,0.19728762235472833,0.0,-240.02960805570143,-0.0,-0.0,0.0,-174.1157455576936,-29.520787038591735,-443.6661406519868
Fusión,AP0174,0.7071227749628561,tasa_o2_nm3_min,48.28815700295452,0.5857552415734015,0.38712925645251517,0.7843812266942879,,,,-1.5440806216932346,-17.494842124792676,14.406680881406208,1110.2385699274787,0.3918409408149934,17.769870947589492,0.4092370663458532,0.19728762235472833,0.0,-240.4021791448376,-0.0,-0.0,0.0,-174.1157455576936,-29.520787038591735,-444.03871174112294
Fusión,AP0174,0.7071227749628561,tasa_o2_nm3_min,49.00463986667789,0.5857552415734015,0.38712925645251517,0.7843812266942879,,,,-1.8242387459480154,-17.77500024904746,14.126522757151427,1109.958411803224,0.3896537111564356,18.92025800715808,0.4092370663458532,0.19728762235472833,0.0,-240.77475023397375,-0.0,-0.0,0.0,-174.1157455576936,-29.520787038591735,-444.4112828302591
Fusión,AP0174,0.7071227749628561,tasa_o2_nm3_min,49.72112273040126,0.5857552415734015,0.38712925645251517,0.7843812266942879,,,,-2.1043968702027964,-18.05515837330224,13.846364632896647,1109.678253678969,0.37673261690415266,20.07064506672666,0.4092370663458532,0.19728762235472833,0.0,-241.1473213231099,-0.0,-20.665295378075598,0.0,-174.1157455576936,-29.520787038591735,-465.44914929747085
Fusión,AP0174,0.7071227749628561,tasa_o2_nm3_min,50.43760559412463,0.5857552415734015,0.38712925645251517,0.7843812266942879,,,,-2.3845549944575772,-18.33531649755702,13.566206508641866,1109.3980955547142,0.3550272713744649,21.221032126295245,0.4092370663458532,0.19728762235472833,0.0,-241.51989241224607,-0.0,-64.07598643745116,0.0,-174.1157455576936,-29.520787038591735,-509.23241144598256
Fusión,AP0174,0.7071227749628561,tasa_o2_nm3_min,51.154088457848005,0.5857552415734015,0.38712925645251517,0.7843812266942879,,,,-2.664713118712359,-18.615474621811803,13.286048384387083,1109.1179374304595,0.33057194558073205,22.371419185863825,0.4092370663458532,0.19728762235472833,0.0,-241.8924635013822,-0.0,-112.98663802491681,0.0,-174.1157455576936,-29.520787038591735,-558.5156341225843
Fusión,AP0174,0.7071227749628561,tasa_aire_nm3_min,96.89647274655236,0.552918423575525,0.35429243845463865,0.7515444086964114,,,,0.08221825292223284,-15.86854325017721,16.032979756021675,1111.8648688020942,0.055815494176037934,11.849472252999522,0.4092370663458532,0.19728762235472833,0.0,-240.93546769128952,-0.0,-662.4995408343051,0.0,-164.3550014078248,-29.520787038591735,-1097.310796972011
Fusión,AP0174,0.7071227749628561,tasa_aire_nm3_min,98.04946918534438,0.5546054461461016,0.35597946102521527,0.753231431266988,,,,-0.02193671053664281,-15.972698213636086,15.9288247925628,1111.7607138386352,0.06268063975789358,12.238235714786512,0.4092370663458532,0.19728762235472833,0.0,-240.93546769128952,-0.0,-648.7692496705938,0.0,-164.8564688669287,-29.520787038591735,-1084.0819732674038
Fusión,AP0174,0.7071227749628561,tasa_aire_nm3_min,99.2024656241364,0.5562924687166781,0.3576664835957918,0.7549184538375645,,,,-0.12609167399551846,-16.07685317709496,15.824669829103925,1111.6565588751764,0.07047848024263803,12.626999176573502,0.4092370663458532,0.19728762235472833,0.0,-240.93546769128952,-0.0,-633.1735687011048,0.0,-165.35793632603256,-29.520787038591735,-1068.9877597570187
Fusión,AP0174,0.7071227749628561,tasa_aire_nm3_min,100.35546206292841,0.5579794912872548,0.3593535061663684,0.7566054764081411,,,,-0.2302466374543941,-16.181008140553836,15.720514865645049,1111.5524039117174,0.07930931075383721,13.015762638360469,0.4092370663458532,0.19728762235472833,0.0,-240.93546769128952,-0.0,-615.5119076787065,0.0,-165.8594037851365,-29.520787038591735,-1051.8275661937241
Fusión,AP0174,0.7071227749628561,tasa_aire_nm3_min,101.50845850172043,0.5596665138578314,0.36104052873694503,0.7582924989787178,,,,-0.33440160091326976,-16.285163104012714,15.616359902186174,1111.4482489482587,0.08978380419782281,13.404526100147459,0.4092370663458532,0.19728762235472833,0.0,-240.93546769128952,-0.0,-594.5629207907352,0.0,-166.36087124424037,-29.520787038591735,-1031.3800467648568
Fusión,AP0174,0.7071227749628561,tasa_aire_nm3_min,102.66145494051244,0.561353536428408,0.36272755130752166,0.7599795215492944,,,,-0.4385565643721454,-16.38931806747159,15.512204938727297,1111.3440939847997,0.10152961338468144,13.793289561934449,0.4092370663458532,0.19728762235472833,0.0,-240.93546769128952,-0.0,-571.0713024170179,0.0,-166.86233870334428,-29.520787038591735,-1008.3898958502434
Fusión,AP0174,0.7071227749628561,tasa_aire_nm3_min,103.81445137930447,0.5630405589989846,0.3644145738780983,0.761666544119871,,,,-0.5427115278310224,-16.493473030930467,15.40804997526842,1111.239939021341,0.11482220381869437,14.182053023721437,0.4092370663458532,0.19728762235472833,0.0,-240.93546769128952,-0.0,-544.4861215489923,0.0,-167.36380616244818,-29.520787038591735,-982.3061824413217
Fusión,AP0174,0.7071227749628561,tasa_aire_nm3_min,104.96744781809647,0.5647275815695613,0.3661015964486749,0.7633535666904476,,,,-0.6468664912898967,-16.597627994389338,15.303895011809546,1111.135784057882,0.1297770614267784,14.570816485508427,0.4092370663458532,0.19728762235472833,0.0,-240.93546769128952,-0.0,-514.5764063328241,0.0,-167.86527362155206,-29.520787038591735,-952.8979346842575
Fusión,AP0174,0.7071227749628561,tasa_aire_nm3_min,106.1204442568885,0.5664146041401379,0.36778861901925153,0.7650405892610243,,,,-0.7510214547487732,-16.701782957848216,15.19974004835067,1111.0316290944231,0.14634310407779663,14.959579947295392,0.4092370663458532,0.19728762235472833,0.0,-240.93546769128952,-0.0,-481.44432103078765,0.0,-168.36674108065597,-29.520787038591735,-920.2673168413248
Fusión,AP0174,0.7071227749628561,tasa_aire_nm3_min,107.27344069568052,0.5681016267107145,0.36947564158982815,0.7667276118316009,,,,-0.8551764182076489,-16.80593792130709,15.095585084891795,1110.9274741309641,0.1646016071659284,15.348343409082382,0.4092370663458532,0.19728762235472833,0.0,-240.93546769128952,-0.0,-444.9273148545241,0.0,-168.86820853975988,-29.520787038591735,-884.2517781241652
Fusión,AP0174,0.7071227749628561,tasa_aire_nm3_min,108.42643713447254,0.5697886492812911,0.3711626641604048,0.7684146344021775,,,,-0.9593313816665245,-16.910092884765966,14.991430121432918,1110.8233191675054,0.18451499789700343,15.737106870869372,0.4092370663458532,0.19728762235472833,0.0,-240.93546769128952,-0.0,-405.1005333923741,0.0,-169.36967599886378,-29.520787038591735,-844.9264641211191
Fusión,AP0174,0.7071227749628561,tasa_aire_nm3_min,109.57943357326455,0.5714756718518678,0.3728496867309814,0.7701016569727541,,,,-1.0634863451254002,-17.014247848224844,14.887275157974043,1110.7191642040464,0.20599950370925646,16.125870332656337,0.4092370663458532,0.19728762235472833,0.0,-240.93546769128952,-0.0,-362.131521767868,0.0,-169.8711434579677,-29.520787038591735,-802.458919955717
Fusión,AP0174,0.7071227749628561,tasa_aire_nm3_min,110.73243001205657,0.5731626944224444,0.374536709301558,0.7717886795433307,,,,-1.1676413085842758,-17.11840281168372,14.783120194515167,1110.6150092405876,0.22885978179485,16.514633794443327,0.4092370663458532,0.19728762235472833,0.0,-240.93546769128952,-0.0,-316.4109655966809,0.0,-170.37261091707157,-29.520787038591735,-757.2398312436337
Fusión,AP0174,0.7071227749628561,tasa_aire_nm3_min,111.88542645084858,0.574849716993021,0.37622373187213465,0.7734757021139074,,,,-1.2717962720431515,-17.222557775142594,14.678965231056292,1110.5108542771288,0.2527501444385451,16.903397256230317,0.4092370663458532,0.19728762235472833,0.0,-240.93546769128952,-0.0,-268.63024030929074,0.0,-170.87407837617548,-29.520787038591735,-709.9605734153474
Fusión,AP0174,0.7071227749628561,tasa_aire_nm3_min,113.0384228896406,0.5765367395635976,0.37791075444271127,0.775162724684484,,,,-1.3759512355020271,-17.32671273860147,14.574810267597416,1110.4066993136698,0.277133422200709,17.292160718017307,0.4092370663458532,0.19728762235472833,0.0,-240.93546769128952,-0.0,-219.86368478496289,0.0,-171.37554583527938,-29.520787038591735,-661.6954853501235
Fusión,AP0174,0.7071227749628561,tasa_aire_nm3_min,114.19141932843262,0.5782237621341743,0.3795977770132879,0.7768497472550606,,,,-1.4801061989609028,-17.430867702060347,14.47065530413854,1110.302544350211,0.3012465134150198,17.680924179804297,0.4092370663458532,0.19728762235472833,0.0,-240.93546769128952,-0.0,-171.63750235634134,0.0,-171.8770132943833,-29.520787038591735,-613.9707703806058
Fusión,AP0174,0.7071227749628561,tasa_aire_nm3_min,115.34441576722463,0.5799107847047509,0.3812847995838645,0.7785367698256372,,,,-1.5842611624197784,-17.53502266551922,14.366500340679664,1110.198389386752,0.32408926466499555,18.069687641591262,0.4092370663458532,0.19728762235472833,0.0,-240.93546769128952,-0.0,-125.95199985638983,0.0,-172.3784807534872,-29.520787038591735,-568.7867353397583
Fusión,AP0174,0.7071227749628561,tasa_aire_nm3_min,116.49741220601665,0.5815978072753275,0.38297182215444114,0.7802237923962139,,,,-1.688416125878654,-17.639177628978096,14.26234537722079,1110.0942344232933,0.34570346331366597,18.458451103378252,0.4092370663458532,0.19728762235472833,0.0,-240.93546769128952,-0.0,-82.72360255904898,0.0,-172.8799482125911,-29.520787038591735,-526.0598055015214
Fusión,AP0174,0.7071227749628561,tasa_aire_nm3_min,117.65040864480866,0.583284829845904,0.38465884472501766,0.7819108149667904,,,,-1.7925710893375297,-17.74333259243697,14.158190413761913,1109.9900794598343,0.36453353602281335,18.847214565165242,0.4092370663458532,0.19728762235472833,0.0,-240.93546769128952,-0.0,-45.06345714075422,0.0,-173.38141567169495,-29.520787038591735,-488.9011275423304
Fusión,AP0174,0.7071227749628561,tasa_aire_nm3_min,118.8034050836007,0.5849718524164808,0.3863458672955944,0.7835978375373671,,,,-1.8967260527964067,-17.84748755589585,14.054035450303036,1109.8859244963755,0.3811108728344184,19.235978026952207,0.4092370663458532,0.19728762235472833,0.0,-240.93546769128952,-0.0,-11.908783517544098,0.0,-173.8828831307989,-29.520787038591735,-456.24792137822425
Fusión,AP0174,0.7071227749628561,tasa_aire_nm3_min,119.9564015223927,0.5866588749870573,0.3880328898661709,0.7852848601079436,,,,-2.0008810162552813,-17.951642519354724,13.949880486844162,1109.7817695329165,0.3864994955158895,19.624741488739197,0.4092370663458532,0.19728762235472833,0.0,-240.93546769128952,-0.0,-1.1315381546018743,0.0,-174.38435058990274,-29.520787038591735,-445.97214347438586
Fusión,AP0174,0.7071227749628561,tasa_aire_nm3_min,121.10939796118473,0.5883458975576339,0.38971991243674753,0.7869718826785203,,,,-2.105035979714158,-18.055797482813603,13.845725523385285,1109.6776145694578,0.3814099724628915,20.013504950526187,0.4092370663458532,0.19728762235472833,0.0,-240.93546769128952,-0.0,-11.310584260597945,0.0,-174.88581804900667,-29.520787038591735,-456.6526570394858
Fusión,AP0174,0.7071227749628561,tasa_aire_nm3_min,122.26239439997674,0.5900329201282105,0.39140693500732415,0.7886589052490969,,,,-2.2091909431730334,-18.159952446272477,13.741570559926409,1109.5734596059988,0.3726392841243976,20.402268412313177,0.4092370663458532,0.19728762235472833,0.0,-240.93546769128952,-0.0,-28.851960937585687,0.0,-175.38728550811058,-29.520787038591735,-474.69550117557753
Fusión,AP0174,0.7071227749628561,tasa_aire_nm3_min,123.41539083876876,0.5917199426987871,0.3930939575779008,0.7903459278196735,,,,-2.313345906631909,-18.264107409731352,13.637415596467534,1109.46930464254,0.36154030733313347,20.791031874100163,0.4092370663458532,0.19728762235472833,0.0,-240.93546769128952,-0.0,-51.04991452011398,0.0,-175.88875296721446,-29.520787038591735,-497.3949222172097
Fusión,AP0174,0.7071227749628561,tasa_aire_nm3_min,124.56838727756077,0.5934069652693638,0.3947809801484774,0.7920329503902501,,,,-2.4175008700907847,-18.368262373190227,13.53326063300866,1109.365149679081,0.34756102413149853,21.179795335887132,0.4092370663458532,0.19728762235472833,0.0,-240.93546769128952,-0.0,-79.00848092338386,0.0,-176.39022042631836,-29.520787038591735,-525.8549560795835
