Batch,fecha_inicio,orden_escalon_fase,avance_reduccion_sn_prev,real,pred,conjunto
AP0001,2026-04-21 19:41:00,2,0.5378642419023774,0.46051558631353673,0.47802657053144254,OOF_dev
AP0001,2026-04-21 20:21:00,3,0.5662109737480954,0.4514151771378706,0.45874297663726066,OOF_dev
AP0001,2026-04-21 21:06:00,4,0.6039363521428848,0.5312039093599901,0.4633172721725523,OOF_dev
AP0001,2026-04-21 21:56:00,5,0.6838729141987163,0.4454279546848114,0.49615266661714963,OOF_dev
AP0001,2026-04-21 22:51:00,6,0.6935290344438897,0.6489052688782803,0.8565565428513818,OOF_dev
AP0002,2026-04-22 04:27:00,2,0.7384431290081397,0.46035580214540117,0.655252640942705,OOF_dev
AP0002,2026-04-22 05:07:00,3,0.6695399442638845,0.629300852684627,0.48174819041210637,OOF_dev
AP0002,2026-04-22 05:52:00,4,0.72320388069582,0.25344546980078236,0.5803270891745079,OOF_dev
AP0002,2026-04-22 06:42:00,5,0.6318281998420364,0.5581782471957651,0.6081290878208733,OOF_dev
AP0002,2026-04-22 07:37:00,6,0.7103146146975498,0.778271635505348,0.8856672667403177,OOF_dev
AP0003,2026-04-22 13:34:00,2,0.6488601439221008,0.43541657389141036,0.5324102939694649,OOF_dev
AP0003,2026-04-22 14:14:00,3,0.6124530650041644,0.6241957895591198,0.4466408404154058,OOF_dev
AP0003,2026-04-22 14:59:00,4,0.6935920723880761,0.3639658016837513,0.3050477699375507,OOF_dev
AP0003,2026-04-22 15:49:00,5,0.6848937856846595,0.48471516877757337,0.47213497597682863,OOF_dev
AP0003,2026-04-22 16:44:00,6,0.7111324184857795,0.8369668202302952,0.7466266764916752,OOF_dev
AP0004,2026-04-22 22:13:00,2,0.714533528355962,0.4910518765082997,0.5660796575493374,OOF_dev
AP0004,2026-04-22 22:53:00,3,0.6515471830012278,0.5541565762451388,0.4996367934852243,OOF_dev
AP0004,2026-04-22 23:38:00,4,0.6840223941861788,0.4166352817123137,0.4294195225519926,OOF_dev
AP0004,2026-04-23 00:28:00,5,0.6844337160783465,0.571515032397246,0.5443583195387377,OOF_dev
AP0004,2026-04-23 01:23:00,6,0.7482998660736642,0.708077183403179,0.7136082809400466,OOF_dev
AP0005,2026-04-23 06:50:00,2,0.7063709202280657,0.596996609199937,0.6035022004330771,OOF_dev
AP0005,2026-04-23 07:30:00,3,0.6847068047492093,0.522654258975701,0.5543424669512914,OOF_dev
AP0005,2026-04-23 08:15:00,4,0.6890213935194034,0.6685194404354918,0.5162154356482395,OOF_dev
AP0005,2026-04-23 09:05:00,5,0.7693848996214017,0.46520175220639204,0.4712692727901108,OOF_dev
AP0005,2026-04-23 10:00:00,6,0.7433712141923892,0.8214006305801551,0.6543967575125864,OOF_dev
AP0006,2026-04-23 15:45:00,2,0.6424991597379828,0.5822091056838602,0.5286011198674503,OOF_dev
AP0006,2026-04-23 16:25:00,3,0.66322414536862,0.6871413298442105,0.5177987810002995,OOF_dev
AP0006,2026-04-23 17:10:00,4,0.7303582040783454,0.5831254962707908,0.533417719284565,OOF_dev
AP0006,2026-04-23 18:00:00,5,0.7548889033932764,0.523449660412429,0.47339925875133587,OOF_dev
AP0006,2026-04-23 18:55:00,6,0.7563910950237434,0.6649477456987191,0.7771335782308334,OOF_dev
AP0007,2026-04-23 23:43:00,2,0.5595586262681238,0.49950400056577626,0.49643907937409354,OOF_dev
AP0007,2026-04-24 00:23:00,3,0.6015973736732223,0.3535401524850026,0.5028202425756947,OOF_dev
AP0007,2026-04-24 01:08:00,4,0.5948559188917892,0.47952257944380267,0.5208206790672063,OOF_dev
AP0007,2026-04-24 01:58:00,5,0.6605316393472083,0.35900018009032036,0.50000366175353,OOF_dev
AP0007,2026-04-24 02:53:00,6,0.6612553394855298,0.608624607366411,0.7562025918924185,OOF_dev
AP0008,2026-04-24 09:53:00,4,0.6790765253677573,0.5191607474707749,0.4451633644383759,OOF_dev
AP0008,2026-04-24 10:43:00,5,0.6843898518326164,0.48955653576834945,0.5039429927701283,OOF_dev
AP0008,2026-04-24 11:38:00,6,0.7011956278342796,0.7064801046186265,0.6171814401880912,OOF_dev
AP0021,2026-04-28 17:56:00,2,0.7428020500463369,0.4510013442425343,0.5237847220122864,OOF_dev
AP0021,2026-04-28 18:31:00,3,0.6395151179320879,0.6509627122992386,0.4566403657690608,OOF_dev
AP0021,2026-04-28 19:11:00,4,0.7085285246022359,0.4526027735357273,0.4682105549306782,OOF_dev
AP0021,2026-04-28 19:56:00,5,0.703765417051555,0.41869191772139386,0.46638086843806925,OOF_dev
AP0021,2026-04-28 20:46:00,6,0.6961910265511624,0.44156881819469834,0.6794691556452098,OOF_dev
AP0022,2026-04-29 01:33:00,2,0.7016206934796481,0.730503314818161,0.525107977040675,OOF_dev
AP0022,2026-04-29 02:08:00,3,0.7297134460275598,0.45206389302718625,0.5310501708011351,OOF_dev
AP0022,2026-04-29 02:48:00,4,0.6820516556187214,0.40950318206151565,0.5355689992294254,OOF_dev
AP0022,2026-04-29 03:33:00,5,0.6726510771435827,0.23955255054114669,0.5178824251005001,OOF_dev
AP0022,2026-04-29 04:23:00,6,0.6247348841386124,0.9928181248255596,0.8523122476197943,OOF_dev
AP0023,2026-04-29 10:35:00,2,0.5930471919933771,0.6051340422990088,0.4185067678745376,OOF_dev
AP0023,2026-04-29 11:10:00,3,0.6508910539952886,0.4565666759762958,0.47747241947274704,OOF_dev
AP0023,2026-04-29 11:50:00,4,0.6512586590080444,0.5517715780966742,0.4692745642918725,OOF_dev
AP0023,2026-04-29 12:35:00,5,0.7106697055805588,0.3192218976658372,0.4736337382778873,OOF_dev
AP0023,2026-04-29 13:25:00,6,0.6716283197045657,1.5881546964145625,0.4674784958031372,OOF_dev
AP0024,2026-04-29 18:13:00,2,0.6581442637344528,0.3891185839500042,0.6293173869392349,OOF_dev
AP0024,2026-04-29 18:48:00,3,0.5926083966996654,0.42643415646716365,0.4502354561644513,OOF_dev
AP0024,2026-04-29 19:28:00,4,0.6155464038933406,0.3767869149678025,0.5010484219559728,OOF_dev
AP0024,2026-04-29 20:13:00,5,0.6271190638125075,0.6591812850332596,0.49040753890532274,OOF_dev
AP0024,2026-04-29 21:03:00,6,0.7415782641642694,0.34008202341151295,0.952296599789652,OOF_dev
AP0025,2026-04-30 01:44:00,2,0.7739795826273201,0.37936781434901456,0.6656902123634887,OOF_dev
AP0025,2026-04-30 02:19:00,3,0.6389927145819871,0.3842744039069534,0.5701891275483744,OOF_dev
AP0025,2026-04-30 02:59:00,4,0.6225620552675013,0.4746965943764545,0.5548854081673441,OOF_dev
AP0025,2026-04-30 03:44:00,5,0.6671277489002521,0.625124070810815,0.6329346865749237,OOF_dev
AP0025,2026-04-30 04:34:00,6,0.7797883704580755,0.6329719185117719,0.7577291649973594,OOF_dev
AP0026,2026-04-30 09:51:00,2,0.7134838705488067,0.5655499731558069,0.577961622325055,OOF_dev
AP0026,2026-04-30 10:26:00,3,0.6748483665381584,0.6760865485204706,0.5204716660440311,OOF_dev
AP0026,2026-04-30 11:06:00,4,0.7252698620266667,0.37141435301030334,0.5202268874952107,OOF_dev
AP0026,2026-04-30 11:51:00,5,0.683784851347353,0.7561448114293216,0.5315045017652132,OOF_dev
AP0026,2026-04-30 12:41:00,6,0.781432164236549,0.7062501581792011,0.722009379697951,OOF_dev
AP0027,2026-04-30 18:08:00,2,0.6458900279897826,0.5283602333140914,0.530885913104808,OOF_dev
AP0027,2026-04-30 18:43:00,3,0.6444687573997522,0.5485453802202467,0.5516530891004712,OOF_dev
AP0027,2026-04-30 19:23:00,4,0.6814412871524959,0.422505970822495,0.5160266179356455,OOF_dev
AP0027,2026-04-30 20:08:00,5,0.6847514818441456,0.6264534383252226,0.555756077071347,OOF_dev
AP0027,2026-04-30 20:58:00,6,0.7543579151594326,0.5998865698460848,0.6208387273247695,OOF_dev
AP0028,2026-05-01 01:32:00,2,0.7841230277331478,0.4837128012205697,0.7162242082693602,OOF_dev
AP0028,2026-05-01 02:07:00,3,0.6751775707937012,0.5667656692305885,0.5698107921455748,OOF_dev
AP0028,2026-05-01 02:47:00,4,0.6962662081197597,0.7168456111175925,0.5196384976670565,OOF_dev
AP0028,2026-05-01 03:32:00,5,0.7686115586945295,0.5301075881942896,0.5052038487681533,OOF_dev
AP0028,2026-05-01 04:22:00,6,0.7641749351129753,1.2809323739426592,0.6847312878457764,OOF_dev
AP0029,2026-05-01 09:18:00,2,0.7206189346995748,0.5491524376743454,0.6780613585736248,OOF_dev
AP0029,2026-05-01 09:53:00,3,0.6734381247737479,0.5101393251015492,0.5535509041296899,OOF_dev
AP0029,2026-05-01 10:33:00,4,0.6759201368000809,0.37961778489143244,0.5323685527642987,OOF_dev
AP0029,2026-05-01 11:18:00,5,0.6584055758464676,0.6523749174217215,0.6100712502518831,OOF_dev
AP0029,2026-05-01 12:08:00,6,0.7504638969054701,0.6660786685634796,0.6941243966393693,OOF_dev
AP0030,2026-05-01 17:04:00,2,0.7118211099458378,0.7620395354525065,0.6546487619473897,OOF_dev
AP0030,2026-05-01 17:39:00,3,0.6773677270715928,0.6209168750491101,0.6181175885274707,OOF_dev
AP0030,2026-05-01 18:19:00,4,0.6837452768514383,0.5263370118006617,0.5535628082864686,OOF_dev
AP0030,2026-05-01 19:04:00,5,0.6911755982269674,0.40419550773520946,0.5439184918061898,OOF_dev
AP0030,2026-05-01 19:54:00,6,0.6817693923274668,1.3781932105875636,0.6372863314211401,OOF_dev
AP0031,2026-05-02 01:26:00,2,0.7360588569032691,0.8032301061586645,0.5917468200459918,OOF_dev
AP0031,2026-05-02 02:01:00,3,0.7538090634012518,0.5316005904032468,0.570813587304138,OOF_dev
AP0031,2026-05-02 02:41:00,4,0.7312486629192909,0.66912096582793,0.5179391587499573,OOF_dev
AP0031,2026-05-02 03:26:00,5,0.7648373170149046,0.4410538865019891,0.5124801569340711,OOF_dev
AP0031,2026-05-02 04:16:00,6,0.7374174347711115,0.4985209338834106,0.5749692870710085,OOF_dev
AP0032,2026-05-02 08:57:00,2,0.7152890862106434,0.4838020471090333,0.6587698065698718,OOF_dev
AP0032,2026-05-02 09:32:00,3,0.650149080225366,0.7477669752662219,0.5291920723368273,OOF_dev
AP0032,2026-05-02 10:12:00,4,0.7409524948296939,0.5006797393318422,0.5403151736581999,OOF_dev
AP0032,2026-05-02 10:57:00,5,0.7376431611865661,0.4370144484448643,0.5716813172011185,OOF_dev
AP0032,2026-05-02 11:47:00,6,0.7251731441476952,0.6561888890951311,0.7438700257178823,OOF_dev
AP0033,2026-05-02 16:23:00,2,0.640335540998765,0.6792858212766254,0.6462382992949773,OOF_dev
AP0033,2026-05-02 16:58:00,3,0.6895136873844053,0.4494370270957949,0.3899356866967252,OOF_dev
AP0033,2026-05-02 17:38:00,4,0.686071579991802,0.4940948827065208,0.5949844469017679,OOF_dev
AP0033,2026-05-02 18:23:00,5,0.696179936680378,0.3689688269263402,0.5749070188307128,OOF_dev
AP0033,2026-05-02 19:13:00,6,0.6787069278129279,0.5953446821013458,0.4614979224639339,OOF_dev
AP0034,2026-05-03 00:04:00,2,0.7784871356146073,0.8127614135134311,0.7171236829544942,OOF_dev
AP0034,2026-05-03 00:39:00,3,0.7663180995679675,0.8495805436600662,0.6048872759217503,OOF_dev
AP0034,2026-05-03 01:19:00,4,0.8024717920880965,0.6810439222935774,0.5859250725128284,OOF_dev
AP0034,2026-05-03 02:04:00,5,0.7947710607335138,0.6564276799279652,0.5860929868418002,OOF_dev
AP0034,2026-05-03 02:54:00,6,0.8035075564921544,0.6508809073454549,0.575798786376411,OOF_dev
AP0035,2026-05-03 07:17:00,2,0.7558521024883378,0.8240660724668504,0.7310419626648658,OOF_dev
AP0035,2026-05-03 07:52:00,3,0.7611851644127478,0.42968350033436864,0.6541761935604198,OOF_dev
AP0035,2026-05-03 08:32:00,4,0.6905230252565399,0.42012350611907034,0.6236865169654768,OOF_dev
AP0035,2026-05-03 09:17:00,5,0.6850393229354497,0.3678148805479855,0.5596682168821219,OOF_dev
AP0035,2026-05-03 10:07:00,6,0.6824213839995417,0.5608804702752044,0.5570002050669675,OOF_dev
AP0036,2026-05-03 14:58:00,2,0.6833492458811976,1.181078416845139,0.5326721169582529,OOF_dev
AP0036,2026-05-03 15:33:00,3,0.8206723283900077,0.2755844947941611,0.6586960963953943,OOF_dev
AP0036,2026-05-03 16:13:00,4,0.6855292193142164,0.719651760282526,0.48740481620219867,OOF_dev
AP0036,2026-05-03 16:58:00,5,0.7612128034670376,0.25607611088991405,0.481979903781729,OOF_dev
AP0036,2026-05-03 17:48:00,6,0.6859388643743833,1.15409049708967,0.9615020402664535,OOF_dev
AP0037,2026-05-03 22:43:00,2,0.14074024733802792,0.3834973135807914,0.5795571685359091,OOF_dev
AP0037,2026-05-03 23:18:00,3,0.3793534154768192,0.12168254610905865,0.47259640555355015,OOF_dev
AP0037,2026-05-03 23:58:00,4,0.40436213663989895,0.6716330505852223,0.5991204684041854,OOF_dev
AP0037,2026-05-04 00:43:00,5,0.6065514061657399,0.4155444964812657,0.5697756678195989,OOF_dev
AP0037,2026-05-04 01:33:00,6,0.6087020751275256,1.383445377990872,0.8827969350367059,OOF_dev
AP0038,2026-05-04 06:25:00,2,0.6923381105114474,0.5565641809279769,0.7305703325265108,OOF_dev
AP0038,2026-05-04 07:00:00,3,0.6659063094656998,0.45433832267345653,0.5179106461962706,OOF_dev
AP0038,2026-05-04 07:40:00,4,0.6559217244476734,0.37756087078485684,0.5847619988867476,OOF_dev
AP0038,2026-05-04 08:25:00,5,0.6543905948196438,0.502386157369884,0.5934461162348269,OOF_dev
AP0038,2026-05-04 09:15:00,6,0.7042082364233047,0.2821172360754684,0.5137290250083548,OOF_dev
AP0039,2026-05-04 13:52:00,2,0.6636068822169945,0.6301309159928181,0.5997919894433934,OOF_dev
AP0039,2026-05-04 14:27:00,3,0.6831197239613531,0.8250140441923943,0.5678076942796723,OOF_dev
AP0039,2026-05-04 15:07:00,4,0.7689271840871512,-0.0427272108119924,0.49802080384820546,OOF_dev
AP0039,2026-05-04 15:52:00,5,0.5956723084691917,0.3803739711844196,0.4758956281799273,OOF_dev
AP0039,2026-05-04 16:42:00,6,0.632765812023516,0.6568368576112212,1.0255402417340542,OOF_dev
AP0040,2026-05-04 21:40:00,2,0.7676389040406283,0.6462216587043201,0.6450430058102705,OOF_dev
AP0040,2026-05-04 22:15:00,3,0.7190026789562409,0.43638701651684875,0.6225090253610372,OOF_dev
AP0040,2026-05-04 22:55:00,4,0.6716944441042438,0.5630140171845488,0.5621573843732189,OOF_dev
AP0040,2026-05-04 23:40:00,5,0.7124730351633402,0.5548251297224951,0.5519693627958467,OOF_dev
AP0040,2026-05-05 00:30:00,6,0.7466358047617172,0.4981420583498311,0.586688663202903,OOF_dev
AP0041,2026-05-05 05:10:00,2,0.7757926534673902,0.7049080183382268,0.6544907172052462,OOF_dev
AP0041,2026-05-05 05:45:00,3,0.7368467481751726,0.5150483863021514,0.577964146552071,OOF_dev
AP0041,2026-05-05 06:25:00,4,0.7056440318915278,0.5854057730694264,0.5014812057817016,OOF_dev
AP0041,2026-05-05 07:10:00,5,0.7340401557376485,0.47507147602490707,0.5255131735110509,OOF_dev
AP0041,2026-05-05 08:00:00,6,0.7360477831743,0.4630267298613396,0.5913876900629146,OOF_dev
AP0042,2026-05-05 12:37:00,2,0.7318138183838581,0.6857981572691361,0.6634046178675742,OOF_dev
AP0042,2026-05-05 13:12:00,3,0.7205493541317327,0.608458351403908,0.5978468434587912,OOF_dev
AP0042,2026-05-05 13:52:00,4,0.7266179288785086,0.6080206905890214,0.534664701713797,OOF_dev
AP0042,2026-05-05 14:37:00,5,0.7502197117970761,0.42650505598056165,0.5725790393145241,OOF_dev
AP0042,2026-05-05 15:27:00,6,0.729140375826465,0.5147291761770718,0.5543350513637162,OOF_dev
AP0043,2026-05-05 19:59:00,2,0.7478205472912673,0.5949103417760336,0.7400491227898606,OOF_dev
AP0043,2026-05-05 20:34:00,3,0.7037418220876249,0.5090081305807597,0.5897358285002798,OOF_dev
AP0043,2026-05-05 21:14:00,4,0.6936766786628653,0.7225106275047253,0.5417247557848274,OOF_dev
AP0044,2026-05-06 03:31:00,2,0.7409144867651272,0.7630545050758246,0.7565691526482673,OOF_dev
AP0044,2026-05-06 04:06:00,3,0.7450100150429797,0.47423895170245184,0.636791535143383,OOF_dev
AP0044,2026-05-06 04:46:00,4,0.7002791177121283,0.455145699982496,0.6355580088340311,OOF_dev
AP0044,2026-05-06 05:31:00,5,0.6970993843441015,0.49149425021751036,0.6243685216260568,OOF_dev
AP0044,2026-05-06 06:21:00,6,0.7186606200868416,0.5463181964711773,0.620209149030927,OOF_dev
AP0045,2026-05-06 11:13:00,2,0.6768788057045845,0.40153956174130007,0.6938374285833149,OOF_dev
AP0045,2026-05-06 11:48:00,3,0.6073445932141087,0.4224848063806236,0.4409391894262572,OOF_dev
AP0045,2026-05-06 12:28:00,4,0.6209451371932824,0.4858328930790914,0.4695260494145049,OOF_dev
AP0045,2026-05-06 13:13:00,5,0.6746103230036133,0.4566394927223985,0.5478937849749179,OOF_dev
AP0045,2026-05-06 14:03:00,6,0.7130078032253767,0.5318202826354401,0.9147725786569402,OOF_dev
AP0046,2026-05-06 18:58:00,2,0.7063034770539545,0.6334107746920477,0.6956672537141735,OOF_dev
AP0046,2026-05-06 19:33:00,3,0.6986279764945454,0.4157241428898767,0.5644899517251479,OOF_dev
AP0046,2026-05-06 20:13:00,4,0.6592039592984477,0.4398396513190847,0.5621622097538156,OOF_dev
AP0046,2026-05-06 20:58:00,5,0.6713982706211885,0.4864196538759975,0.5207826208090156,OOF_dev
AP0046,2026-05-06 21:48:00,6,0.7080932469132304,0.7613808479464991,0.6262291429348706,OOF_dev
AP0047,2026-05-07 02:35:00,2,0.6907440884347948,0.524159642460809,0.6079492779857982,OOF_dev
AP0047,2026-05-07 03:10:00,3,0.6570813952367416,0.46291649631695436,0.505517851966327,OOF_dev
AP0047,2026-05-07 03:50:00,4,0.6563787793583533,0.7800921814788051,0.46782867880292844,OOF_dev
AP0047,2026-05-07 04:35:00,5,0.7713848023396387,0.6288073550173965,0.5601368676857763,OOF_dev
AP0047,2026-05-07 05:25:00,6,0.7851378237101059,0.4688423911320547,0.8573657902326032,OOF_dev
AP0048,2026-05-07 10:48:00,2,0.7326509487845108,0.6696583879565495,0.6804377750226274,OOF_dev
AP0048,2026-05-07 11:23:00,3,0.7162388188547868,0.5104929834373808,0.5820665176397662,OOF_dev
AP0048,2026-05-07 12:03:00,4,0.6980722201371069,0.5657590015251284,0.43704353571046245,OOF_dev
AP0048,2026-05-07 12:48:00,5,0.7259801902758407,0.3740107507305528,0.499120578062374,OOF_dev
AP0048,2026-05-07 13:38:00,6,0.7013353980632717,0.6524758752542339,0.7119583662115194,OOF_dev
AP0049,2026-05-07 18:32:00,2,0.7700825685681314,0.7301146703076467,0.7071518198021968,OOF_dev
AP0049,2026-05-07 19:07:00,3,0.7447172430220171,0.893167465497313,0.5281453204092205,OOF_dev
AP0049,2026-05-07 19:47:00,4,0.8043474136532895,0.5679434719885137,0.5489165659694974,OOF_dev
AP0049,2026-05-07 20:32:00,5,0.7746035595677023,0.5774830259288167,0.5448959655577976,OOF_dev
AP0049,2026-05-07 21:22:00,6,0.7768838063207358,0.7616634711585412,0.6086284361641348,OOF_dev
AP0050,2026-05-08 03:35:00,4,0.9209036150562862,1.064241981186707,0.6285766227483923,OOF_dev
AP0050,2026-05-08 04:20:00,5,0.8969924038278242,0.6249298476572466,0.5750103532591794,OOF_dev
AP0050,2026-05-08 05:10:00,6,0.8418531449030809,1.069362847635983,0.557688840695305,OOF_dev
AP0051,2026-05-08 10:34:00,2,0.704985456661008,0.4664372362430189,0.5918698727516054,OOF_dev
AP0051,2026-05-08 11:11:00,3,0.6421249386342256,0.5029801937872168,0.5117138914113745,OOF_dev
AP0051,2026-05-08 11:53:00,4,0.6645834063856235,0.5853707407749209,0.5564428031644665,OOF_dev
AP0051,2026-05-08 12:40:00,5,0.7191384862303776,0.22389157187796058,0.5113175586334411,OOF_dev
AP0051,2026-05-08 13:32:00,6,0.6519295656748125,0.4713774094621755,0.8967039598344883,OOF_dev
AP0052,2026-05-08 18:22:00,2,0.5660095961756373,0.6198205837114679,0.5758571804333098,OOF_dev
AP0052,2026-05-08 18:59:00,3,0.648512678227595,0.5262819041953553,0.6067204594281091,OOF_dev
AP0052,2026-05-08 19:41:00,4,0.6775649600671649,0.43577144214073543,0.5702425018646897,OOF_dev
AP0052,2026-05-08 20:28:00,5,0.6859542289217109,0.3467134437696482,0.5860388117000959,OOF_dev
AP0052,2026-05-08 21:20:00,6,0.6725208346086102,0.13727438029915617,0.8956805175481982,OOF_dev
AP0053,2026-05-09 02:18:00,2,0.679768449394011,0.4742409684160677,0.6099125175782868,OOF_dev
AP0053,2026-05-09 02:55:00,3,0.6376183643848155,1.41715393013077,0.4627034821209942,OOF_dev
AP0053,2026-05-09 03:37:00,4,0.8649869047416808,0.2765472796961742,0.5788561806906708,OOF_dev
AP0053,2026-05-09 04:24:00,5,0.7784271678173332,0.48246322081683934,0.5861430021368104,OOF_dev
AP0053,2026-05-09 05:16:00,6,0.7507222194328236,0.6496781498335864,0.845758269788343,OOF_dev
AP0054,2026-05-09 10:41:00,2,0.7126738695845626,0.6202006843998573,0.6499425727453509,OOF_dev
AP0054,2026-05-09 11:18:00,3,0.6956768438911983,0.5251062627629783,0.5923400755525492,OOF_dev
AP0054,2026-05-09 12:00:00,4,0.6936640167154973,0.5518887172882088,0.6325271170393338,OOF_dev
AP0054,2026-05-09 12:47:00,5,0.7245780846590386,0.3956694815538402,0.606744996753168,OOF_dev
AP0054,2026-05-09 13:39:00,6,0.7067242156430675,0.4889143045282038,0.7524157350110886,OOF_dev
AP0055,2026-05-09 18:08:00,2,0.7554922786006034,0.7282358948704278,0.7580052476153226,OOF_dev
AP0055,2026-05-09 18:45:00,3,0.735833871464604,0.547757245706765,0.6168195321115957,OOF_dev
AP0055,2026-05-09 19:27:00,4,0.7155875415165771,0.5911578519062638,0.6048102984448318,OOF_dev
AP0055,2026-05-09 20:14:00,5,0.7435758289586227,0.6438344529278472,0.5560544479598891,OOF_dev
AP0055,2026-05-09 21:06:00,6,0.7788381377804473,1.8731872672953336,0.9959195378329587,OOF_dev
AP0056,2026-05-10 01:59:00,2,0.7273010536105298,0.7246084324790628,0.7136875696015392,OOF_dev
AP0056,2026-05-10 02:36:00,3,0.7325768675158977,0.5343982342192267,0.5724280381752412,OOF_dev
AP0056,2026-05-10 03:18:00,4,0.715405924766562,0.6572042927728603,0.5972852160342604,OOF_dev
AP0056,2026-05-10 04:05:00,5,0.7616813681603947,0.5508973255015964,0.5789853294382092,OOF_dev
AP0056,2026-05-10 04:57:00,6,0.7686203866172518,1.5186359394763682,0.926718872491295,OOF_dev
AP0057,2026-05-10 10:14:00,2,0.7466305422543625,0.7699808874939811,0.6794994258549156,OOF_dev
AP0057,2026-05-10 10:51:00,3,0.7486704613044446,0.6317549292535104,0.6278622102615664,OOF_dev
AP0057,2026-05-10 11:33:00,4,0.7523722445087709,0.547307439745995,0.5370504285393771,OOF_dev
AP0057,2026-05-10 12:20:00,5,0.7465794537189735,0.501035088319103,0.5616204119292588,OOF_dev
AP0057,2026-05-10 13:12:00,6,0.7462207265551501,1.2736275737797775,0.7095085987392622,OOF_dev
AP0058,2026-05-10 17:51:00,2,0.7091176848309455,0.4946856474864794,0.6203787045335772,OOF_dev
AP0058,2026-05-10 18:28:00,3,0.6576125378478165,0.4814891117805911,0.5054933537010221,OOF_dev
AP0058,2026-05-10 19:10:00,4,0.6650605793148778,0.7352518260699709,0.5090588147016983,OOF_dev
AP0058,2026-05-10 19:57:00,5,0.7615156992758222,0.5907578917064052,0.5319026386370586,OOF_dev
AP0058,2026-05-10 20:49:00,6,0.7753272576262887,0.5245545137282075,0.6436175938689673,OOF_dev
AP0059,2026-05-11 01:44:00,2,0.8172841600704297,0.39532942172567315,0.609873951771973,OOF_dev
AP0059,2026-05-11 02:21:00,3,0.6812988813471381,0.43068605604874016,0.5726670736012124,OOF_dev
AP0059,2026-05-11 03:03:00,4,0.64795726957236,0.5071326197694663,0.4753589803045221,OOF_dev
AP0059,2026-05-11 03:50:00,5,0.6839164531777251,0.46384517814270476,0.49640794081277695,OOF_dev
AP0059,2026-05-11 04:42:00,6,0.7035235083179245,0.8759861795714398,1.0031764143076323,OOF_dev
AP0060,2026-05-11 09:47:00,2,0.7278801116643614,0.8244538919918082,0.6701229168150868,OOF_dev
AP0060,2026-05-11 10:24:00,3,0.7573334599081657,0.5742647330262091,0.5920124438672011,OOF_dev
AP0060,2026-05-11 11:06:00,4,0.7380267394101738,0.4811196534283391,0.5800172659396395,OOF_dev
AP0060,2026-05-11 11:53:00,5,0.7263732234593031,0.4398246215629415,0.5352231563518651,OOF_dev
AP0060,2026-05-11 12:45:00,6,0.7214996116101188,0.5328914922874243,0.8006947572715922,OOF_dev
AP0061,2026-05-11 19:08:00,2,0.7368137030377298,0.7824455464539687,0.6690832437534454,OOF_dev
AP0061,2026-05-11 19:45:00,3,0.7499025333914504,0.6650264467136456,0.6188708201766137,OOF_dev
AP0061,2026-05-11 20:27:00,4,0.7572042711209834,0.6464140850956352,0.6133312124119122,OOF_dev
AP0061,2026-05-11 21:14:00,5,0.7726678665437877,0.4805568915363062,0.5657016187927111,OOF_dev
AP0061,2026-05-11 22:06:00,6,0.7586834705566883,0.6992697498015849,0.8449461697400772,OOF_dev
AP0062,2026-05-12 03:01:00,2,0.7326080698767454,0.5226654337693416,0.6148972480895093,OOF_dev
AP0062,2026-05-12 03:37:00,3,0.6694270027405849,0.5922407529476799,0.4387025516250261,OOF_dev
AP0062,2026-05-12 04:18:00,4,0.702680038885084,0.4535718864111889,0.45049485280089385,OOF_dev
AP0062,2026-05-12 05:04:00,5,0.7043520809731146,0.3675108661967596,0.46397405527847646,OOF_dev
AP0062,2026-05-12 05:55:00,6,0.6878344143837088,0.7700370279513203,0.8627244368810647,OOF_dev
AP0063,2026-05-12 11:40:00,2,0.60972048540804,0.5299043929412628,0.5683640816714707,OOF_dev
AP0063,2026-05-12 12:16:00,3,0.6318149553059159,0.5510230628275653,0.47876804375208354,OOF_dev
AP0063,2026-05-12 12:57:00,4,0.6793696113523722,0.7929312941335445,0.5084410421229797,OOF_dev
AP0063,2026-05-12 13:43:00,5,0.7750927170858861,0.4205685434905324,0.480416194896225,OOF_dev
AP0063,2026-05-12 14:34:00,6,0.7431850316470443,0.7590041743896135,0.6745077899917572,OOF_dev
AP0064,2026-05-12 19:42:00,2,0.7934105727702326,0.37707815359527236,0.6902192471297485,OOF_dev
AP0064,2026-05-12 20:18:00,3,0.6613850323618395,0.539425542001532,0.5369248756618424,OOF_dev
AP0064,2026-05-12 20:59:00,4,0.6805415784549271,0.46353561549363664,0.5667527137307129,OOF_dev
AP0064,2026-05-12 21:45:00,5,0.6875942821443861,0.6303822184110959,0.538802298293951,OOF_dev
AP0064,2026-05-12 22:36:00,6,0.7519380823940013,0.7030279769203199,1.0817681573842046,OOF_dev
AP0065,2026-05-13 03:39:00,2,0.675612860243217,0.46996342849605743,0.59630098024765,OOF_dev
AP0065,2026-05-13 04:16:00,3,0.6355928613214025,0.6478609130898885,0.5504307111790887,OOF_dev
AP0065,2026-05-13 04:58:00,4,0.7080335753735547,0.6880467893886869,0.6155222059306958,OOF_dev
AP0065,2026-05-13 05:45:00,5,0.7690899971878503,0.5444611599126014,0.592982425476219,OOF_dev
AP0065,2026-05-13 06:37:00,6,0.769060242845324,1.4891177746409365,0.8241353176821922,OOF_dev
AP0066,2026-05-13 11:42:00,2,0.8341398467247714,1.1226510952649325,0.7095190042458869,OOF_dev
AP0066,2026-05-13 12:19:00,3,0.8445640995981232,1.210332162838007,0.6458967754965783,OOF_dev
AP0066,2026-05-13 13:01:00,4,0.8770281424020405,1.1266315491416294,0.6059032685486178,OOF_dev
AP0066,2026-05-13 13:48:00,5,0.8886971314863298,0.6840399310505351,0.6498023278521897,OOF_dev
AP0066,2026-05-13 14:40:00,6,0.8474163551878633,0.8581972740958475,0.6940033244485445,OOF_dev
AP0067,2026-05-13 19:22:00,2,0.7920784908903402,0.5836700955559286,0.7138793394219859,OOF_dev
AP0067,2026-05-13 19:59:00,3,0.7068149619897766,0.7076952239653047,0.5039190444139581,OOF_dev
AP0067,2026-05-13 20:41:00,4,0.7591547602634039,0.6940756066528657,0.5340253517778819,OOF_dev
AP0067,2026-05-13 21:28:00,5,0.7810172142483398,1.0042438241671976,0.5517904623848922,OOF_dev
AP0067,2026-05-13 22:20:00,6,0.8557075932881046,1.0342118498796584,0.7081894096047278,OOF_dev
AP0068,2026-05-14 02:49:00,2,0.7250266866870313,0.8430402706228869,0.7089290515342821,OOF_dev
AP0068,2026-05-14 03:26:00,3,0.7621600703246801,0.5494924942772429,0.6837788807562843,OOF_dev
AP0068,2026-05-14 04:08:00,4,0.7275887465797688,0.7223468356256111,0.6272099704651241,OOF_dev
AP0068,2026-05-14 04:55:00,5,0.779215188968889,0.468925106153939,0.6122463290672981,OOF_dev
AP0068,2026-05-14 05:47:00,6,0.755537043665633,0.8415980691732374,0.9230006911137729,OOF_dev
AP0069,2026-05-14 10:41:00,2,0.7464369142691261,0.8519289690667144,0.6849005251559054,OOF_dev
AP0069,2026-05-14 11:18:00,3,0.7669768523901441,0.9482326606286103,0.637268853397149,OOF_dev
AP0069,2026-05-14 12:00:00,4,0.8189630840001226,0.6536475153252255,0.6128236306452763,OOF_dev
AP0069,2026-05-14 12:47:00,5,0.7974590326135315,0.4620745640576975,0.4892374805780941,OOF_dev
AP0069,2026-05-14 13:39:00,6,0.7618076950955035,1.158107554165995,0.8633244546010722,OOF_dev
AP0070,2026-05-14 18:29:00,2,0.7174090862162583,0.6835086085823212,0.5467596323734685,OOF_dev
AP0070,2026-05-14 19:07:00,3,0.7182640232955899,0.4012908085070065,0.4497223802428771,OOF_dev
AP0070,2026-05-14 19:50:00,4,0.6690966580926871,0.47714393936983196,0.5380813286471601,OOF_dev
AP0070,2026-05-14 20:38:00,5,0.6902898734442997,0.5140048432779584,0.5440948999534848,OOF_dev
AP0070,2026-05-14 21:31:00,6,0.7251498065915309,0.9175598830566991,0.6121544954822301,OOF_dev
AP0071,2026-05-15 01:59:00,2,0.7571837309994475,0.7045693846136184,0.6683410262695112,OOF_dev
AP0071,2026-05-15 02:37:00,3,0.7334905834498652,0.7260072864888485,0.4844310274732394,OOF_dev
AP0071,2026-05-15 03:20:00,4,0.7648968726924115,0.40746909526784447,0.4978223120420306,OOF_dev
AP0071,2026-05-15 04:08:00,5,0.7164248029124562,0.4701955794786192,0.48690991045712706,OOF_dev
AP0071,2026-05-15 05:01:00,6,0.7232729386504808,0.5388920146303554,0.7803527597598912,OOF_dev
AP0072,2026-05-15 10:20:00,2,0.7183700857877369,0.6670186423213377,0.6138511817192873,OOF_dev
AP0072,2026-05-15 10:58:00,3,0.71212741588325,0.6375149090247975,0.5550617232730434,OOF_dev
AP0072,2026-05-15 11:41:00,4,0.7388131043507438,0.42103851552507826,0.522190074302036,OOF_dev
AP0072,2026-05-15 12:29:00,5,0.7054044834718092,0.6209047677131044,0.5413554504432794,OOF_dev
AP0072,2026-05-15 13:22:00,6,0.7576953318999907,0.5189123343316774,0.81780999885431,OOF_dev
AP0073,2026-05-15 18:26:00,2,0.711647062726325,0.6777750031522116,0.6183896126476014,OOF_dev
AP0073,2026-05-15 19:04:00,3,0.7145324537671496,0.4948249238913233,0.562774978294552,OOF_dev
AP0073,2026-05-15 19:47:00,4,0.6951911529338284,0.4060865900150552,0.5508291422966821,OOF_dev
AP0073,2026-05-15 20:35:00,5,0.687964450506805,0.10019186356148067,0.5183200458389321,OOF_dev
AP0073,2026-05-15 21:28:00,6,0.583024991082576,1.4069231654522198,0.7989029111909906,OOF_dev
AP0074,2026-05-16 02:10:00,2,0.7190928353541028,0.5249020430059308,0.5950764091465867,OOF_dev
AP0074,2026-05-16 02:48:00,3,0.6710397088155451,0.5318668720159825,0.5537611699897593,OOF_dev
AP0074,2026-05-16 03:31:00,4,0.6929541169143549,0.4452473427068477,0.5374070956184572,OOF_dev
AP0074,2026-05-16 04:19:00,5,0.6900080220969992,0.5679525157303212,0.474449302612099,OOF_dev
AP0074,2026-05-16 05:12:00,6,0.7446327585411612,0.6981559144286607,0.6563420695143019,OOF_dev
AP0075,2026-05-16 10:12:00,2,0.7846316712799135,0.821057369312162,0.7112505487323777,OOF_dev
AP0075,2026-05-16 10:50:00,3,0.7728329785838541,0.5502020788004187,0.6016809230829542,OOF_dev
AP0075,2026-05-16 11:33:00,4,0.7344636909455615,0.4656671744728614,0.567097510464932,OOF_dev
AP0075,2026-05-16 12:21:00,5,0.7172440725583711,0.6094559457535119,0.542061902842725,OOF_dev
AP0075,2026-05-16 13:14:00,6,0.7604719069258128,0.9968328787312635,0.7440031725285832,OOF_dev
AP0076,2026-05-16 17:50:00,2,0.7397521719221423,0.6350422563606403,0.5842650366619981,OOF_dev
AP0076,2026-05-16 18:28:00,3,0.7115259332138866,0.8467484983806612,0.5521076483830692,OOF_dev
AP0076,2026-05-16 19:11:00,4,0.7912221014422465,0.5101428098560764,0.5880662248527072,OOF_dev
AP0076,2026-05-16 19:59:00,5,0.7545272284252327,0.5204975230931995,0.5849293071176199,OOF_dev
AP0076,2026-05-16 20:52:00,6,0.7590335748696215,0.7706905744129104,0.8570627480261493,OOF_dev
AP0077,2026-05-17 01:37:00,2,0.7543399862487918,0.6568706147013494,0.6051554469452406,OOF_dev
AP0077,2026-05-17 02:15:00,3,0.721811403646354,0.81017329143484,0.5516388873255981,OOF_dev
AP0077,2026-05-17 02:58:00,4,0.7797790919520563,0.5376734057355811,0.5510937553816364,OOF_dev
AP0077,2026-05-17 03:46:00,5,0.7563297738609891,0.6347901398706326,0.4946424959749501,OOF_dev
AP0077,2026-05-17 04:39:00,6,0.7832949618822685,0.7153255034662268,0.7227159662913527,OOF_dev
AP0078,2026-05-17 09:28:00,2,0.768592133346941,0.47126802394731643,0.7385878769034555,OOF_dev
AP0078,2026-05-17 10:06:00,3,0.6726471364069384,0.5761862650100109,0.5958343466388655,OOF_dev
AP0078,2026-05-17 10:49:00,4,0.7004578800631139,0.6254357320078142,0.6210588687916248,OOF_dev
AP0078,2026-05-17 11:37:00,5,0.7458138342397949,0.3505733800319006,0.5880513529698721,OOF_dev
AP0078,2026-05-17 12:30:00,6,0.7085652369353275,0.939407840755579,0.6480329360870478,OOF_dev
AP0079,2026-05-17 17:25:00,2,0.6829343484811267,0.46865788129347874,0.5464487644168551,OOF_dev
AP0079,2026-05-17 18:03:00,3,0.6407438667988706,0.6193696508357673,0.5200647718482015,OOF_dev
AP0079,2026-05-17 18:46:00,4,0.703003982018853,0.5318542547998952,0.5660030963261474,OOF_dev
AP0079,2026-05-17 19:34:00,5,0.7227945001478412,0.7826824955377276,0.564985793532856,OOF_dev
AP0079,2026-05-17 20:27:00,6,0.804817147166083,0.5825535702257467,0.7860503544163318,OOF_dev
AP0080,2026-05-18 01:29:00,2,0.7093178014423299,0.5352185956885072,0.5466035094113654,OOF_dev
AP0080,2026-05-18 02:07:00,3,0.6802329783613305,0.7553407220369317,0.6167790773836422,OOF_dev
AP0080,2026-05-18 02:50:00,4,0.7526530154619172,0.5526116903540124,0.5712023797317035,OOF_dev
AP0080,2026-05-18 03:38:00,5,0.7468638404921943,0.33759630912188077,0.5529626654613211,OOF_dev
AP0080,2026-05-18 04:31:00,6,0.699990666698131,0.43478151489724903,0.681544029728409,OOF_dev
AP0081,2026-05-18 09:32:00,2,0.6934950890347231,0.6267045036656035,0.5548040397061905,OOF_dev
AP0081,2026-05-18 10:10:00,3,0.6960760843900284,0.6685696372561473,0.48098658447507137,OOF_dev
AP0081,2026-05-18 10:53:00,4,0.7371379593893439,0.5495393540962833,0.5775225991822618,OOF_dev
AP0081,2026-05-18 11:41:00,5,0.7400568282128197,0.5922720719829867,0.5164919222921577,OOF_dev
AP0081,2026-05-18 12:34:00,6,0.766215638699933,0.30795259141115006,0.7723830737242815,OOF_dev
AP0082,2026-05-18 17:27:00,2,0.7587616957792721,0.5970376338499594,0.6259580977394289,OOF_dev
AP0082,2026-05-18 18:05:00,3,0.7078475244701536,0.5046365277902048,0.5288672517703015,OOF_dev
AP0082,2026-05-18 18:48:00,4,0.69461674007677,0.7550864682209649,0.49991928215844944,OOF_dev
AP0082,2026-05-18 19:36:00,5,0.7757223018668333,0.3843758852630632,0.5318512176487704,OOF_dev
AP0082,2026-05-18 20:29:00,6,0.7368552896672323,0.6129727961878494,0.9047598912679472,OOF_dev
AP0083,2026-05-19 01:22:00,2,0.6953337424638114,0.5175800970473676,0.656936214908647,OOF_dev
AP0083,2026-05-19 02:00:00,3,0.6592456983191585,0.5286790526462279,0.5651827648597472,OOF_dev
AP0083,2026-05-19 02:43:00,4,0.6812785878290872,0.5067138842310904,0.5490165344052044,OOF_dev
AP0083,2026-05-19 03:31:00,5,0.7041655246001731,0.5095338714296722,0.5541481767609445,OOF_dev
AP0083,2026-05-19 04:24:00,6,0.7353627817792028,0.6398454068857626,0.6755680254230311,OOF_dev
AP0084,2026-05-19 09:53:00,2,0.7019014725539575,0.6031527208454883,0.6326430809714273,OOF_dev
AP0084,2026-05-19 10:31:00,3,0.6894414622260883,0.5311711332503,0.4986716242293376,OOF_dev
AP0084,2026-05-19 11:14:00,4,0.6944157278083976,0.7022775993698062,0.520603110887762,OOF_dev
AP0084,2026-05-19 12:02:00,5,0.7604002978443531,0.6578180005441572,0.4973386615582883,OOF_dev
AP0084,2026-05-19 12:55:00,6,0.7890902229505985,0.8121112882897363,0.8859514777003633,OOF_dev
AP0085,2026-05-19 17:25:00,2,0.6871625458361068,0.6104704589570293,0.6255006926072967,OOF_dev
AP0085,2026-05-19 18:03:00,3,0.6724193962969991,0.3967093507577186,0.4980714339062267,OOF_dev
AP0085,2026-05-19 18:46:00,4,0.6344772714819,0.5676312798887903,0.5098532287770838,OOF_dev
AP0085,2026-05-19 19:34:00,5,0.7000664860399547,0.5858651913892284,0.5358054078685348,OOF_dev
AP0085,2026-05-19 20:27:00,6,0.7456091853580717,0.4603154469046499,0.9305917507495068,OOF_dev
AP0086,2026-05-20 01:04:00,2,0.5851550370589553,0.35246472897792225,0.4039516991664519,OOF_dev
AP0086,2026-05-20 01:41:00,3,0.5514040497261583,0.4086682907240113,0.38538943731725184,OOF_dev
AP0086,2026-05-20 02:23:00,4,0.5942678080994865,0.4985240090021563,0.4825033835532361,OOF_dev
AP0086,2026-05-20 03:10:00,5,0.665913911645584,0.3056552390237284,0.5028122180713631,OOF_dev
AP0086,2026-05-20 04:02:00,6,0.6463767983638264,0.34373084341909277,0.8290878587181171,OOF_dev
AP0087,2026-05-20 09:55:00,2,0.6405190916496282,0.5107334700406736,0.5789840576439683,OOF_dev
AP0087,2026-05-20 10:32:00,3,0.6381101895007628,0.35332077081009433,0.49218692958123994,OOF_dev
AP0087,2026-05-20 11:14:00,4,0.6130549023794295,0.5306549636931572,0.5076658285712046,OOF_dev
AP0087,2026-05-20 12:01:00,5,0.6865147166631442,0.5058240432188729,0.5084626516453457,OOF_dev
AP0087,2026-05-20 12:53:00,6,0.7184731245624878,0.6791722033687461,0.8211027161334059,OOF_dev
AP0088,2026-05-20 17:39:00,2,0.5806044540829658,0.39622671919465036,0.41670613054492495,OOF_dev
AP0088,2026-05-20 18:16:00,3,0.5661935584862716,0.3965047643654027,0.4179296845564784,OOF_dev
AP0088,2026-05-20 18:58:00,4,0.5953741174884861,0.588874739067382,0.4715978610969378,OOF_dev
AP0088,2026-05-20 19:45:00,5,0.6920305734168446,0.49492576166405394,0.5787578293134248,OOF_dev
AP0088,2026-05-20 20:37:00,6,0.7225740558628265,0.41738515393331893,0.6957422616401453,OOF_dev
AP0089,2026-05-21 01:12:00,2,0.6215210690456536,0.7375514286799857,0.5769976504512413,OOF_dev
AP0089,2026-05-21 01:49:00,3,0.704524187512585,0.2560559187547348,0.3986834905146462,OOF_dev
AP0089,2026-05-21 02:31:00,4,0.6732553762254276,0.354190575668785,0.5692298881769278,OOF_dev
AP0089,2026-05-21 03:18:00,5,0.6292012007032001,0.9789425562191181,0.5590082822399463,OOF_dev
AP0089,2026-05-21 04:10:00,6,0.8066866919988163,0.5596432618192232,0.776672614501071,OOF_dev
AP0090,2026-05-21 10:08:00,2,0.6896400409191996,0.5996702148619051,0.5838969150517032,OOF_dev
AP0090,2026-05-21 10:45:00,3,0.6842735560490483,0.5545632190427993,0.5801242839473709,OOF_dev
AP0090,2026-05-21 11:27:00,4,0.7037710952691096,0.41775312961692457,0.5657542026560641,OOF_dev
AP0090,2026-05-21 12:14:00,5,0.6849996723622085,0.47529962310380225,0.5823712257932406,OOF_dev
AP0090,2026-05-21 13:06:00,6,0.7079014741136164,0.4167611061991133,0.6396573503235106,OOF_dev
AP0091,2026-05-21 17:41:00,2,0.6479531685434577,0.6006731873626728,0.5474737870515193,OOF_dev
AP0091,2026-05-21 18:18:00,3,0.6707950962946454,0.51072447308126,0.581713176575821,OOF_dev
AP0091,2026-05-21 19:00:00,4,0.679877835589652,0.6758635306551536,0.5746167825660355,OOF_dev
AP0091,2026-05-21 19:47:00,5,0.7510270541184951,0.6599480260101203,0.636399834135477,OOF_dev
AP0091,2026-05-21 20:39:00,6,0.7889221916659239,0.5658010900048734,0.8474707765312226,OOF_dev
AP0092,2026-05-22 01:04:00,2,0.6827277203204434,0.6533871971332768,0.6789206022788902,OOF_dev
AP0092,2026-05-22 01:41:00,3,0.697025749074546,0.5441171293655598,0.638003721223767,OOF_dev
AP0092,2026-05-22 02:23:00,4,0.7056056926621961,0.3054345707046282,0.48361429619282403,OOF_dev
AP0092,2026-05-22 03:10:00,5,0.6751486878510593,1.879288263693698,0.5575032583923806,OOF_dev
AP0092,2026-05-22 04:02:00,6,0.9277913696286326,0.7754559185172463,0.7392322416537171,OOF_dev
AP0093,2026-05-22 09:43:00,2,0.6710356581992442,0.6858953291563912,0.6208038125690641,OOF_dev
AP0093,2026-05-22 10:20:00,3,0.703233296070336,0.5461396507761623,0.6080719390413948,OOF_dev
AP0093,2026-05-22 11:02:00,4,0.7041965697642057,0.5285527350082313,0.6068396253120337,OOF_dev
AP0093,2026-05-22 11:49:00,5,0.7203967556357467,0.3475250134004592,0.5952227072097862,OOF_dev
AP0093,2026-05-22 12:41:00,6,0.6886228220081961,0.7059649820409034,0.6649668133619104,OOF_dev
AP0094,2026-05-22 17:25:00,2,0.6470263823208617,0.5583373388344242,0.5399889739230054,OOF_dev
AP0094,2026-05-22 18:00:00,3,0.6528556085881052,0.4175017189409926,0.5886937893430796,OOF_dev
AP0094,2026-05-22 18:40:00,4,0.6393633928285944,0.35839163856169237,0.5335834817163705,OOF_dev
AP0094,2026-05-22 19:25:00,5,0.6353941127352343,0.48305335910936575,0.46909061202997904,OOF_dev
AP0094,2026-05-22 20:15:00,6,0.689134299490552,0.4358934569010832,0.505702486963355,OOF_dev
AP0095,2026-05-23 00:48:00,2,0.71834813378576,0.5459109786164666,0.6301586420847992,OOF_dev
AP0095,2026-05-23 01:23:00,3,0.6749900942316988,0.5029253953289953,0.5643505752312619,OOF_dev
AP0095,2026-05-23 02:03:00,4,0.6784432183452842,0.9804076509776564,0.5715298542832811,OOF_dev
AP0095,2026-05-23 02:48:00,5,0.8148245663611825,0.41685346960083397,0.6363791184249057,OOF_dev
AP0095,2026-05-23 03:38:00,6,0.7636869492857764,0.6153406410476046,0.69660539991291,OOF_dev
AP0096,2026-05-23 08:36:00,2,0.63416144895887,0.708056359391962,0.5602884880568461,OOF_dev
AP0096,2026-05-23 09:11:00,3,0.698942493485411,0.45226543094786775,0.5505355526972638,OOF_dev
AP0096,2026-05-23 09:51:00,4,0.680026572814094,0.6107243797736367,0.5224741834433907,OOF_dev
AP0096,2026-05-23 10:36:00,5,0.7370480050458434,0.5342527874423257,0.5532029389634925,OOF_dev
AP0096,2026-05-23 11:26:00,6,0.748695313177081,0.7649725044272833,0.7777226922088218,OOF_dev
AP0097,2026-05-23 16:17:00,2,0.5618194046889304,0.3742206890259329,0.5279558772613991,OOF_dev
AP0097,2026-05-23 16:52:00,3,0.5469815687205422,0.40765374364738505,0.5112613328175957,OOF_dev
AP0097,2026-05-23 17:32:00,4,0.5860480998281155,0.22037399829308582,0.5010165580794164,OOF_dev
AP0097,2026-05-23 18:17:00,5,0.5465195702993713,0.33680141755825566,0.41366699076476127,OOF_dev
AP0097,2026-05-23 19:07:00,6,0.5877098221735556,0.21725354115323714,0.5684453242868186,OOF_dev
AP0098,2026-05-24 00:06:00,2,0.712280495652039,0.5838204362219843,0.630311094114501,OOF_dev
AP0098,2026-05-24 00:41:00,3,0.6848017415879382,0.6293171447171338,0.5609277779083267,OOF_dev
AP0098,2026-05-24 01:21:00,4,0.7195093535283958,0.4676680918859945,0.6138112783166939,OOF_dev
AP0098,2026-05-24 02:06:00,5,0.7084855617294896,0.4395416079660581,0.5564912900233357,OOF_dev
AP0098,2026-05-24 02:56:00,6,0.7108953465962295,0.2653601823332903,0.45471532887082367,OOF_dev
AP0099,2026-05-24 07:14:00,2,0.6279372611050082,0.6430539941346034,0.6074312891603556,OOF_dev
AP0099,2026-05-24 07:49:00,3,0.6751654719930729,0.4965008899746412,0.6237331556375231,OOF_dev
AP0099,2026-05-24 08:29:00,4,0.6752872694426285,0.5224849639584007,0.5807601173321407,OOF_dev
AP0099,2026-05-24 09:14:00,5,0.7040704571652667,1.383246709309481,0.5763832847469696,OOF_dev
AP0099,2026-05-24 10:04:00,6,0.8865380161325332,-0.1030799469273057,0.6270893363525223,OOF_dev
AP0100,2026-05-24 14:24:00,2,0.735769770205419,0.4693756004764106,0.5780485093667495,OOF_dev
AP0100,2026-05-24 14:59:00,3,0.6538231247507189,0.7432775834208569,0.5473028397969107,OOF_dev
AP0100,2026-05-24 15:39:00,4,0.7419732571330097,0.44909254496953577,0.5365750190697071,OOF_dev
AP0100,2026-05-24 16:24:00,5,0.7220654092427581,0.7730127973304789,0.5208926337356214,OOF_dev
AP0100,2026-05-24 17:14:00,6,0.8028959157818489,0.7059539003676106,0.7343417032901037,OOF_dev
AP0101,2026-05-24 22:05:00,2,0.7164474941760419,0.6720306890743138,0.5058889143432418,OOF_dev
AP0101,2026-05-24 22:40:00,3,0.7137689005582113,0.5726093633581323,0.4949372664760958,OOF_dev
AP0101,2026-05-24 23:20:00,4,0.7152028960946094,0.5334795289258084,0.5096171233870539,OOF_dev
AP0101,2026-05-25 00:05:00,5,0.7242544031099417,0.35214446603929067,0.4632224662203835,OOF_dev
AP0101,2026-05-25 00:55:00,6,0.6961051830553231,0.8303507581683198,0.8078766887160488,OOF_dev
AP0102,2026-05-25 05:45:00,2,0.7149317394937754,0.5816127310001024,0.4964977530350143,OOF_dev
AP0102,2026-05-25 06:20:00,3,0.6877379778358723,0.40127269134002985,0.507096188392954,OOF_dev
AP0102,2026-05-25 07:00:00,4,0.6473842040207505,0.528510237362346,0.512729546753526,OOF_dev
AP0102,2026-05-25 07:45:00,5,0.6938642487276638,0.5830057097256417,0.5335397720745515,OOF_dev
AP0102,2026-05-25 08:35:00,6,0.7477913717028126,0.5307970672106955,0.7311986255198265,OOF_dev
AP0103,2026-05-25 13:34:00,2,0.7579818601538723,0.4736756464278429,0.6060779386185089,OOF_dev
AP0103,2026-05-25 14:09:00,3,0.6505648349863158,0.5566762178717166,0.5249973833869133,OOF_dev
AP0103,2026-05-25 14:49:00,4,0.6797977772905415,0.4785773007551037,0.563004965796745,OOF_dev
AP0103,2026-05-25 15:34:00,5,0.6898522456191014,0.5277677699799433,0.5409831608113791,OOF_dev
AP0103,2026-05-25 16:24:00,6,0.7298759939610677,0.8862974375703828,0.7094644637549921,OOF_dev
AP0104,2026-05-25 21:15:00,2,0.6962667743206765,0.591515509314869,0.5927630962484989,OOF_dev
AP0104,2026-05-25 21:50:00,3,0.6790655329221807,0.574565959806983,0.5265185196358607,OOF_dev
AP0104,2026-05-25 22:30:00,4,0.7020640414761696,0.44090454933878137,0.5326227750525732,OOF_dev
AP0104,2026-05-25 23:15:00,5,0.691073488365989,0.4569481414758867,0.45550436519845855,OOF_dev
AP0104,2026-05-26 00:05:00,6,0.7059519953898927,0.807580412230957,0.6336100790229898,OOF_dev
AP0105,2026-05-26 04:43:00,2,0.7488233129277732,0.5702678829651042,0.6582888987348305,OOF_dev
AP0105,2026-05-26 05:18:00,3,0.6929389478758239,0.4962726130247791,0.6156896533784326,OOF_dev
AP0105,2026-05-26 05:58:00,4,0.6843507077698234,0.47552256738106824,0.5739806133149541,OOF_dev
AP0105,2026-05-26 06:43:00,5,0.6947972274921512,0.46365437498884704,0.5838235399811375,OOF_dev
AP0105,2026-05-26 07:33:00,6,0.7137024817283248,0.49605174713760586,0.6749042026701292,OOF_dev
AP0106,2026-05-26 12:29:00,2,0.856047876575928,0.21325251442384738,0.28066956855623104,OOF_dev
AP0106,2026-05-26 13:04:00,3,0.7175208815223248,0.5893114197767009,0.5623516386527763,OOF_dev
AP0106,2026-05-26 13:44:00,4,0.6709377750165133,0.4978943083911761,0.5292848035022627,OOF_dev
AP0106,2026-05-26 14:29:00,5,0.665744827619561,0.6372313432395101,0.5050745370095973,OOF_dev
AP0106,2026-05-26 15:19:00,6,0.7356393316360299,0.796582125813227,0.7935193457215669,OOF_dev
AP0107,2026-05-26 20:35:00,2,0.7253890188774714,0.7937210936823321,0.5944150344832053,OOF_dev
AP0107,2026-05-26 21:10:00,3,0.7467421645450525,0.6830960646633945,0.615203329434532,OOF_dev
AP0107,2026-05-26 21:50:00,4,0.7552889469565112,0.6315703996120874,0.6037907218303217,OOF_dev
AP0107,2026-05-26 22:35:00,5,0.7659116183790706,0.6166047219886186,0.6188259327097659,OOF_dev
AP0107,2026-05-26 23:25:00,6,0.7852792962979225,0.8660339437227282,0.6156707860597798,OOF_dev
AP0108,2026-05-27 03:40:00,2,0.6770753968194299,0.5545901787250479,0.5771621410065497,OOF_dev
AP0108,2026-05-27 04:15:00,3,0.6647595055483972,0.6231817030882536,0.542058329040086,OOF_dev
AP0108,2026-05-27 04:55:00,4,0.7109742659244185,0.3443490224109831,0.5256709302279836,OOF_dev
AP0108,2026-05-27 05:40:00,5,0.6709129238451854,0.5008406269376156,0.5368150435384587,OOF_dev
AP0108,2026-05-27 06:30:00,6,0.7107724132907586,0.5229234697468389,0.6067406247997316,OOF_dev
AP0109,2026-05-27 11:56:00,2,0.5787338945915836,0.46739202093478793,0.5159930087588912,OOF_dev
AP0109,2026-05-27 12:31:00,3,0.5954868921468,0.45074485892568017,0.5054792166919689,OOF_dev
AP0109,2026-05-27 13:11:00,4,0.6307564854706658,0.4835568175011948,0.5507028984321118,OOF_dev
AP0109,2026-05-27 13:56:00,5,0.6724651920892828,0.4664417796579502,0.5203548065623413,OOF_dev
AP0109,2026-05-27 14:46:00,6,0.7015477064098671,0.7085701591509721,0.24341822214531955,OOF_dev
AP0110,2026-05-27 19:24:00,2,0.6530478697088355,0.808513025864491,0.6607068047849034,OOF_dev
AP0110,2026-05-27 19:59:00,3,0.7313599396091489,0.6405035405282298,0.6099562011858556,OOF_dev
AP0110,2026-05-27 20:39:00,4,0.7408115839352087,0.5240778071139617,0.5719878249193101,OOF_dev
AP0110,2026-05-27 21:24:00,5,0.7331096086910256,0.894260789529331,0.5334841171588542,OOF_dev
AP0110,2026-05-27 22:14:00,6,0.8266473949707037,0.8418177466588612,0.6994217281638097,OOF_dev
AP0111,2026-05-28 02:47:00,2,0.7034503349880792,0.935364927604926,0.7115176299440161,OOF_dev
AP0111,2026-05-28 03:22:00,3,0.7752706080167684,0.6860007836875803,0.6515707966716855,OOF_dev
AP0111,2026-05-28 04:02:00,4,0.7736300376914944,0.6891340558199984,0.5918286412243178,OOF_dev
AP0111,2026-05-28 04:47:00,5,0.7873084253871102,0.7964958294456708,0.4567221643103878,OOF_dev
AP0111,2026-05-28 05:37:00,6,0.8386874310607694,0.7693810805171529,0.7589436444171812,OOF_dev
AP0112,2026-05-28 11:09:00,2,0.7403904211579229,1.3036125298394583,0.686870377495779,OOF_dev
AP0112,2026-05-28 11:46:00,3,0.8522163209527223,0.5118180651914823,0.453344187946911,OOF_dev
AP0112,2026-05-28 12:28:00,4,0.780318018589126,0.6598411069623066,0.6725557145664347,OOF_dev
AP0112,2026-05-28 13:15:00,5,0.7786333404028405,0.7022587355817367,0.646847776738225,OOF_dev
AP0112,2026-05-28 14:07:00,6,0.8038298188234664,1.0321360148529493,0.9521834903761803,OOF_dev
AP0113,2026-05-28 19:00:00,2,0.7617345573176886,0.8789787459740512,0.7492049138509895,OOF_dev
AP0113,2026-05-28 19:37:00,3,0.7793974810379216,0.6589263754939367,0.7124235140839399,OOF_dev
AP0113,2026-05-28 20:19:00,4,0.7624884494556068,0.6747932963563812,0.6747654865617423,OOF_dev
AP0113,2026-05-28 21:06:00,5,0.7836193239046454,0.32748341706320017,0.6395396250944432,OOF_dev
AP0113,2026-05-28 21:58:00,6,0.718629359571483,1.209424952059462,0.8547697704415709,OOF_dev
AP0114,2026-05-29 02:55:00,2,0.7459221648358842,0.9434051183448154,0.7277445592546186,OOF_dev
AP0114,2026-05-29 03:32:00,3,0.7913851769096274,0.7824020227041795,0.6363283318109056,OOF_dev
AP0114,2026-05-29 04:14:00,4,0.791852490894791,0.6599612908285475,0.714232314552853,OOF_dev
AP0114,2026-05-29 05:01:00,5,0.7898863363012718,0.6730071428414093,0.7018916630604463,OOF_dev
AP0114,2026-05-29 05:53:00,6,0.8068107559582456,0.7242468364143833,0.9332183589650553,OOF_dev
AP0115,2026-05-29 10:58:00,2,0.7182201345107939,0.5661416895197124,0.6716446512320434,OOF_dev
AP0115,2026-05-29 11:35:00,3,0.6822575350308975,0.6697161029237925,0.6274489458972394,OOF_dev
AP0115,2026-05-29 12:17:00,4,0.7341152249353369,0.6447397938854564,0.5908867319540637,OOF_dev
AP0115,2026-05-29 13:04:00,5,0.7639068035247748,0.607780867458715,0.597290231228273,OOF_dev
AP0115,2026-05-29 13:56:00,6,0.7798697309870783,0.854073988965292,0.8427987021658624,OOF_dev
AP0116,2026-05-29 18:40:00,2,0.7153101931047414,0.6891244883474223,0.6239449267631916,OOF_dev
AP0116,2026-05-29 19:17:00,3,0.7169545164315663,0.5598064223414897,0.682536344362628,OOF_dev
AP0116,2026-05-29 19:59:00,4,0.7148413329844951,0.7184752475572977,0.6349181989521532,OOF_dev
AP0116,2026-05-29 20:46:00,5,0.771390612907304,0.9235682802228159,0.7160309438340733,OOF_dev
AP0116,2026-05-29 21:38:00,6,0.8469470842061031,1.2520337679396474,0.7691254653045505,OOF_dev
AP0117,2026-05-30 02:41:00,2,0.7703908014729329,1.1908756553035607,0.6721806440353365,OOF_dev
AP0117,2026-05-30 03:18:00,3,0.8454641035236832,0.6054511045431992,0.708551076970298,OOF_dev
AP0117,2026-05-30 04:00:00,4,0.8025007669483489,0.3348047240374795,0.6477717487251098,OOF_dev
AP0117,2026-05-30 04:47:00,5,0.7051799816278657,0.542278964733177,0.5910699107639079,OOF_dev
AP0117,2026-05-30 05:39:00,6,0.7365682636554678,1.5644136089420573,0.8102633277737475,OOF_dev
AP0118,2026-05-30 11:30:00,2,0.7315254088060343,0.6204484678957788,0.7056695829454703,OOF_dev
AP0118,2026-05-30 12:07:00,3,0.7012700818192279,0.5445764075497357,0.5990420289885023,OOF_dev
AP0118,2026-05-30 12:49:00,4,0.7014177065904981,0.5058581883117842,0.5595912891407883,OOF_dev
AP0118,2026-05-30 13:36:00,5,0.7120297613773628,1.0813484925930983,0.5648812143518491,OOF_dev
AP0118,2026-05-30 14:28:00,6,0.8497611849694857,0.7791939024730029,0.8457687721121626,OOF_dev
AP0119,2026-05-30 18:58:00,2,0.7137558568739037,0.6092241632901532,0.6620315484626863,OOF_dev
AP0119,2026-05-30 19:35:00,3,0.6942549634044906,0.5946415759423883,0.5866687466538097,OOF_dev
AP0119,2026-05-30 20:17:00,4,0.7144316627673913,0.8870744328045025,0.6102730645750044,OOF_dev
AP0119,2026-05-30 21:04:00,5,0.8113165447826033,0.4879139287557987,0.5234018897216495,OOF_dev
AP0119,2026-05-30 21:56:00,6,0.7735767734315385,0.7553101447687354,0.931697788425701,OOF_dev
AP0120,2026-05-31 03:16:00,2,0.681988106310327,0.7581706049984591,0.7059099152618731,OOF_dev
AP0120,2026-05-31 03:53:00,3,0.7258300109068812,0.6266734634741632,0.6640988961717741,OOF_dev
AP0120,2026-05-31 04:35:00,4,0.7345899516506166,0.4951148641099499,0.671809498422914,OOF_dev
AP0120,2026-05-31 05:22:00,5,0.723379467409366,0.655267880466201,0.6814750909319226,OOF_dev
AP0120,2026-05-31 06:14:00,6,0.7735075614436011,0.7799163964480956,0.8597535400063747,OOF_dev
AP0121,2026-05-31 10:58:00,2,0.6654815591702721,0.5103657217350566,0.6392119968548982,OOF_dev
AP0121,2026-05-31 11:35:00,3,0.6435267905769979,0.5686660366726919,0.645209919380579,OOF_dev
AP0121,2026-05-31 12:17:00,4,0.6903314664063956,0.5054396220679653,0.6879636523552939,OOF_dev
AP0121,2026-05-31 13:04:00,5,0.710658772975479,0.6162302217334017,0.6325985502350792,OOF_dev
AP0121,2026-05-31 13:56:00,6,0.7613414143786719,0.7304712547004277,0.9291261484162514,OOF_dev
AP0122,2026-05-31 18:38:00,2,0.7652808330112868,0.7493113583433163,0.7296452564004681,OOF_dev
AP0122,2026-05-31 19:15:00,3,0.7492171255968365,0.5606310573936971,0.641157282767841,OOF_dev
AP0122,2026-05-31 19:57:00,4,0.7275552179359969,0.7140899861619124,0.6411297855015506,OOF_dev
AP0122,2026-05-31 20:44:00,5,0.7756871567083644,0.5232092446991891,0.6510164842679184,OOF_dev
AP0122,2026-05-31 21:36:00,6,0.7687153694983865,1.008228593891729,0.8971069085199214,OOF_dev
AP0123,2026-06-01 02:18:00,2,0.7030279875674412,0.6678905967134665,0.6517452267479138,OOF_dev
AP0123,2026-06-01 02:55:00,3,0.7075449089808377,0.8133880053179525,0.705526150625866,OOF_dev
AP0123,2026-06-01 03:37:00,4,0.779591124657675,0.8088412736029348,0.6673075989674533,OOF_dev
AP0123,2026-06-01 04:24:00,5,0.8174854321476288,0.8838045123885967,0.6746646792132007,OOF_dev
AP0123,2026-06-01 05:16:00,6,0.8527699198436715,1.2348900740993694,0.8355378322218722,OOF_dev
AP0124,2026-06-01 10:23:00,2,0.7212489797032782,0.8090147061045458,0.49716818031760623,OOF_dev
AP0124,2026-06-01 11:00:00,3,0.7697575032923378,0.5324596310028102,0.6890197778471276,OOF_dev
AP0124,2026-06-01 11:42:00,4,0.7184124414590998,0.7866097736472102,0.5884557366905322,OOF_dev
AP0124,2026-06-01 12:29:00,5,0.7854961244763965,0.46792847370973994,0.6451554097512485,OOF_dev
AP0124,2026-06-01 13:21:00,6,0.7556015365363671,0.9501211709498626,0.8039193844012424,OOF_dev
AP0125,2026-06-01 18:39:00,3,0.6892270630120432,0.5787990049386025,0.5847378969225944,OOF_dev
AP0125,2026-06-01 19:21:00,4,0.7103890189086376,0.596157142366698,0.5690949147961699,OOF_dev
AP0125,2026-06-01 20:08:00,5,0.7398427862477155,0.4499073090736415,0.573165269574384,OOF_dev
AP0125,2026-06-01 21:00:00,6,0.7300645616910242,0.5195136763066245,0.5969194878072295,OOF_dev
AP0126,2026-06-02 01:39:00,2,0.6694682737712931,0.4922670089665371,0.5160907062894158,OOF_dev
AP0126,2026-06-02 02:16:00,3,0.640260833125156,0.5472142533426672,0.5135953183507097,OOF_dev
AP0126,2026-06-02 02:58:00,4,0.6795972997446766,0.41938030285673156,0.4913095465088576,OOF_dev
AP0126,2026-06-02 03:45:00,5,0.680360709634304,0.5476482642954483,0.5810532775076875,OOF_dev
AP0126,2026-06-02 04:37:00,6,0.7289529721558776,0.49611660902961247,0.598594449623883,OOF_dev
AP0127,2026-06-02 09:44:00,2,0.7092749330326122,0.7105671797244157,0.6752551701274454,OOF_dev
AP0127,2026-06-02 10:21:00,3,0.7206637283289778,0.4703712092422839,0.5825484262169354,OOF_dev
AP0127,2026-06-02 11:03:00,4,0.6895292288549573,0.7025697319108195,0.6614334128570915,OOF_dev
AP0127,2026-06-02 11:50:00,5,0.7632052535365293,0.4387479063926663,0.6706341166811165,OOF_dev
AP0127,2026-06-02 12:42:00,6,0.7389059482116023,0.6243409045507369,0.595453814100477,OOF_dev
AP0128,2026-06-02 17:15:00,2,0.6861832201713527,0.9334359971696501,0.6966525323891155,OOF_dev
AP0128,2026-06-02 17:52:00,3,0.7726909081393956,0.5571448179637057,0.6650041102982714,OOF_dev
AP0128,2026-06-02 18:34:00,4,0.7327524252776734,0.6269083837439499,0.624360827096923,OOF_dev
AP0128,2026-06-02 19:21:00,5,0.7566888999850757,0.5561425652205263,0.6436652686535205,OOF_dev
AP0128,2026-06-02 20:13:00,6,0.7645212946600239,0.642110594143497,0.9980097064398218,OOF_dev
AP0129,2026-06-03 00:54:00,2,0.6514775496350358,0.5881184528266861,0.6568354714136737,OOF_dev
AP0129,2026-06-03 01:31:00,3,0.6673350777354152,0.5637205279932774,0.6650730553801031,OOF_dev
AP0129,2026-06-03 02:13:00,4,0.6996274976203278,0.9447789295694895,0.6907832103336371,OOF_dev
AP0129,2026-06-03 03:00:00,5,0.8194210333044963,0.6012157827083837,0.6742396860326946,OOF_dev
AP0129,2026-06-03 03:52:00,6,0.8023102238015161,0.6231246862324724,0.7321427384533107,OOF_dev
AP0130,2026-06-03 08:37:00,2,0.6747290472687852,0.7656336810294129,0.6570878902863246,OOF_dev
AP0130,2026-06-03 09:14:00,3,0.7272207059780955,0.6078578833740971,0.6307349702006276,OOF_dev
AP0130,2026-06-03 09:56:00,4,0.7311964642481961,0.7728534696067717,0.6963480949958574,OOF_dev
AP0130,2026-06-03 10:43:00,5,0.7939639052676954,0.8489202141079438,0.6459868107800046,OOF_dev
AP0130,2026-06-03 11:35:00,6,0.8393556602275418,1.1310930159412618,0.916215909665707,OOF_dev
AP0131,2026-06-03 16:25:00,2,0.7428245534593982,0.7145189561417556,0.7331361044593717,OOF_dev
AP0131,2026-06-03 17:02:00,3,0.733566937603004,1.033266746119223,0.6283721609288296,OOF_dev
AP0131,2026-06-03 17:44:00,4,0.8261146597408807,0.20422125867352908,0.6762617537262569,OOF_dev
AP0131,2026-06-03 18:31:00,5,0.6943233646656635,0.8735594191966233,0.6724943240293003,OOF_dev
AP0131,2026-06-03 19:23:00,6,0.811820534958737,1.1297214131909603,0.8771035426959313,OOF_dev
AP0132,2026-06-04 00:34:00,2,0.6670867891659638,0.6327306547481895,0.651834630383264,OOF_dev
AP0132,2026-06-04 01:11:00,3,0.686666368143832,0.472848298383112,0.6202221224409873,OOF_dev
AP0132,2026-06-04 01:53:00,4,0.6750451218792652,0.571840427901901,0.6208432253668955,OOF_dev
AP0132,2026-06-04 02:40:00,5,0.7201444904817966,0.5172829573944538,0.6408439430108179,OOF_dev
AP0132,2026-06-04 03:32:00,6,0.7430307052636176,0.8984414980675411,0.951046330940842,OOF_dev
AP0133,2026-06-04 08:52:00,2,0.6673117869324459,0.7173292439112038,0.6745746585974038,OOF_dev
AP0133,2026-06-04 09:29:00,3,0.7115510699211721,0.49652030945951786,0.602466246121203,OOF_dev
AP0133,2026-06-04 10:11:00,4,0.6934606691917702,0.5881446809856204,0.6398510071884408,OOF_dev
AP0133,2026-06-04 10:58:00,5,0.731899184149899,0.8345646198616168,0.5816931536710976,OOF_dev
AP0133,2026-06-04 11:50:00,6,0.8200753383343587,0.9371457204627173,0.8384602374319441,OOF_dev
AP0134,2026-06-04 16:52:00,2,0.7522815186193508,0.7639824935001694,0.6936551804318978,OOF_dev
AP0134,2026-06-04 17:29:00,3,0.7469248651337304,0.6632392523301952,0.6315708746938893,OOF_dev
AP0134,2026-06-04 18:11:00,4,0.754702330684958,0.5916776240073682,0.572185476119931,OOF_dev
AP0134,2026-06-04 18:58:00,5,0.7609841548764468,0.7038643283434934,0.6516681477651797,OOF_dev
AP0134,2026-06-04 19:50:00,6,0.7997719176153908,1.074017334929315,0.7765161866858595,OOF_dev
AP0135,2026-06-05 00:42:00,2,0.6278125272613397,0.5344584841243212,0.5007869726375355,OOF_dev
AP0135,2026-06-05 01:19:00,3,0.640425926943295,0.5436472755198569,0.6107073846757458,OOF_dev
AP0135,2026-06-05 02:01:00,4,0.6825437610196868,0.692882858959037,0.5798707454204322,OOF_dev
AP0135,2026-06-05 02:48:00,5,0.753903881832045,0.5358002782706961,0.6971475133397,OOF_dev
AP0135,2026-06-05 03:40:00,6,0.7614664128655677,0.6718048057305733,0.8208579676162221,OOF_dev
AP0136,2026-06-05 09:00:00,2,0.6602684588371907,0.6956647989013456,0.7031735454074625,OOF_dev
AP0136,2026-06-05 09:37:00,3,0.7038709714930413,0.5913961602020322,0.6335709906115387,OOF_dev
AP0136,2026-06-05 10:19:00,4,0.7195267787943265,0.5481860932787449,0.6580542331290556,OOF_dev
AP0136,2026-06-05 11:06:00,5,0.7310472681289103,0.5496042053132791,0.6674309993674582,OOF_dev
AP0136,2026-06-05 11:58:00,6,0.7527981629755944,0.9610039585391243,0.921166196342875,OOF_dev
AP0137,2026-06-05 16:57:00,2,0.6956526756733271,0.7119892340699473,0.7088160780707364,OOF_dev
AP0137,2026-06-05 17:34:00,3,0.7194234616191956,0.5843730847207523,0.6744300048959151,OOF_dev
AP0137,2026-06-05 18:16:00,4,0.7217291992507351,0.59973983713052,0.6856982037049323,OOF_dev
AP0137,2026-06-05 19:03:00,5,0.7510164155944069,0.5678214234735104,0.6780193128905364,OOF_dev
AP0137,2026-06-05 19:55:00,6,0.7637737291888869,0.7517914999839898,0.8473930981700755,OOF_dev
AP0138,2026-06-06 00:37:00,2,0.6231791398237525,0.7378914547898323,0.6474753453416632,OOF_dev
AP0138,2026-06-06 01:14:00,3,0.7040507024964626,0.7443023647928644,0.5961574289081791,OOF_dev
AP0138,2026-06-06 01:56:00,4,0.7576451652307236,0.471986165536723,0.5969509154967101,OOF_dev
AP0138,2026-06-06 02:43:00,5,0.7285619719125427,0.47902206854607376,0.6019093968828324,OOF_dev
AP0138,2026-06-06 03:35:00,6,0.7327330079771139,0.6132285510686721,0.7608555998992795,OOF_dev
AP0139,2026-06-06 08:41:00,2,0.576888130644552,0.5381135135931799,0.5643742600594683,OOF_dev
AP0139,2026-06-06 09:18:00,3,0.623637985056537,0.48672830228994574,0.6069394923448073,OOF_dev
AP0139,2026-06-06 10:00:00,4,0.6526184481271639,0.4982660681730656,0.6273597876455271,OOF_dev
AP0139,2026-06-06 10:47:00,5,0.6891260097972955,0.7365450969243588,0.5891376369211824,OOF_dev
AP0139,2026-06-06 11:39:00,6,0.7899073088518956,0.672401210235215,0.9030718593855512,OOF_dev
AP0140,2026-06-06 17:05:00,2,0.5918571957602592,0.6276298758590221,0.6679030737197149,OOF_dev
AP0140,2026-06-06 17:42:00,3,0.6601918369180071,0.5402299924248313,0.619829577589223,OOF_dev
AP0140,2026-06-06 18:24:00,4,0.6837026770780049,0.6261254009948993,0.6209332267507401,OOF_dev
AP0140,2026-06-06 19:11:00,5,0.7382789222068749,0.7058992605889883,0.6743294460774331,OOF_dev
AP0140,2026-06-06 20:03:00,6,0.7900272315963948,0.6510693384634169,0.7295611304185797,OOF_dev
AP0141,2026-06-07 00:44:00,2,0.6802313740424836,0.6456223452184954,0.6421525887215863,OOF_dev
AP0141,2026-06-07 01:21:00,3,0.6954676266124749,0.4545105369156976,0.6653402640607735,OOF_dev
AP0141,2026-06-07 02:03:00,4,0.6760576989584498,0.4775279112204779,0.627296690498019,OOF_dev
AP0141,2026-06-07 02:50:00,5,0.6913558116328378,0.7554682198894653,0.6449416511469992,OOF_dev
AP0141,2026-06-07 03:42:00,6,0.7900398099303401,0.371443922464286,0.8037215345501129,OOF_dev
AP0142,2026-06-07 08:48:00,2,0.6685369818114265,0.7970064213811838,0.6686870322037409,OOF_dev
AP0142,2026-06-07 09:25:00,3,0.7335873523744088,0.44224786631531926,0.6510468246767924,OOF_dev
AP0142,2026-06-07 10:07:00,4,0.6880501401010216,0.9765719407290421,0.6103415995781094,OOF_dev
AP0142,2026-06-07 10:54:00,5,0.8160594312175425,0.5957029933495078,0.5915740750984912,OOF_dev
AP0142,2026-06-07 11:46:00,6,0.8118647936538737,0.854915356397234,0.7583953463309743,OOF_dev
AP0143,2026-06-07 16:49:00,2,0.7218707207241895,0.8003334773840419,0.7391881270118933,OOF_dev
AP0143,2026-06-07 17:26:00,3,0.7482147559581844,0.6779118550369082,0.625393700947732,OOF_dev
AP0143,2026-06-07 18:08:00,4,0.755367955037883,0.7375400457160827,0.6457565167192332,OOF_dev
AP0143,2026-06-07 18:55:00,5,0.7939515176617591,0.7495407976308012,0.678714162311746,OOF_dev
AP0143,2026-06-07 19:47:00,6,0.8234947751068395,0.7527623787325561,0.7441191377491753,OOF_dev
AP0144,2026-06-08 00:19:00,2,0.7474678407928391,0.768200815244538,0.7426160569272654,OOF_dev
AP0144,2026-06-08 00:56:00,3,0.7478317381951067,0.6568822483008943,0.6442316186936802,OOF_dev
AP0144,2026-06-08 01:38:00,4,0.7525414971008293,0.6500087377863227,0.657295504452389,OOF_dev
AP0144,2026-06-08 02:25:00,5,0.7739389297578285,0.6174793864379241,0.6815691496564119,OOF_dev
AP0144,2026-06-08 03:17:00,6,0.7853000060068267,0.8616163794353184,0.709472243140469,OOF_dev
AP0145,2026-06-08 07:58:00,2,0.7819789029439655,0.821839152607511,0.6712837583991612,OOF_dev
AP0145,2026-06-08 08:35:00,3,0.7683761395134707,0.6166358939136837,0.6403433290519854,OOF_dev
AP0145,2026-06-08 09:17:00,4,0.7467215795737279,0.7020650660497818,0.6313458964260821,OOF_dev
AP0145,2026-06-08 10:04:00,5,0.7794516871669088,0.8770558550013687,0.670501493177373,OOF_dev
AP0145,2026-06-08 10:56:00,6,0.83789450458058,0.9067638629659055,0.6875916244068006,OOF_dev
AP0146,2026-06-08 15:47:00,2,0.7443474957149905,0.654624652138736,0.7245904381457778,OOF_dev
AP0146,2026-06-08 16:24:00,3,0.7162196377880685,0.7044916266076217,0.673184594794857,OOF_dev
AP0146,2026-06-08 17:06:00,4,0.7519333181362428,0.7186657927674879,0.6683924612883398,OOF_dev
AP0146,2026-06-08 17:53:00,5,0.7852918519046292,0.5490397467237198,0.6764694317661859,OOF_dev
AP0146,2026-06-08 18:45:00,6,0.7752045502620716,0.9946183726238716,0.7551973292905823,OOF_dev
AP0147,2026-06-08 23:14:00,2,0.7835390929317556,0.8658780368824566,0.7108957289551324,OOF_dev
AP0147,2026-06-08 23:51:00,3,0.7841144832133714,0.7692840812415489,0.6465073513904721,OOF_dev
AP0147,2026-06-09 00:33:00,4,0.7932951888592541,0.5080926972953871,0.5942601724315,OOF_dev
AP0147,2026-06-09 01:20:00,5,0.7520831727830661,0.7936728177061364,0.5260703317394079,OOF_dev
AP0147,2026-06-09 02:12:00,6,0.822502472738485,0.480035097707723,0.6749984410932612,OOF_dev
AP0148,2026-06-09 07:12:00,2,0.7194335130140987,0.7137249503590883,0.7361560757371974,OOF_dev
AP0148,2026-06-09 07:49:00,3,0.7253478085742686,0.5601430263355742,0.6243546122633062,OOF_dev
AP0148,2026-06-09 08:31:00,4,0.7160931456491838,0.5580273465208877,0.6575548594892636,OOF_dev
AP0148,2026-06-09 09:18:00,5,0.7333978916570203,0.5609949720800225,0.6649801659803924,OOF_dev
AP0148,2026-06-09 10:10:00,6,0.7563382405976475,0.5250964452803634,0.6914669892010386,OOF_dev
AP0149,2026-06-09 14:49:00,2,0.6213817265453145,0.5582159230287592,0.6967552383739627,OOF_dev
AP0149,2026-06-09 15:26:00,3,0.6453977053708955,0.48853036424641944,0.6387565516028672,OOF_dev
AP0149,2026-06-09 16:08:00,4,0.6608624729238238,0.45576390515892107,0.6430040780339716,OOF_dev
AP0149,2026-06-09 16:55:00,5,0.678070774933117,0.5188720950914784,0.6168795344287765,OOF_dev
AP0149,2026-06-09 17:47:00,6,0.7210146654133451,0.6235645244930842,0.6236318880512375,OOF_dev
AP0150,2026-06-09 22:26:00,2,0.7241001943738739,0.5797464752719695,0.6238855791658721,OOF_dev
AP0150,2026-06-09 23:03:00,3,0.6896604867631624,0.5380299217834855,0.5906255211122149,OOF_dev
AP0150,2026-06-09 23:45:00,4,0.6975960702235223,0.6210625793116243,0.6174961575217185,OOF_dev
AP0150,2026-06-10 00:32:00,5,0.7455111459587687,0.7423484650230044,0.5826349741468458,OOF_dev
AP0150,2026-06-10 01:24:00,6,0.7998552287541666,0.5616537863315219,0.5784177632916206,OOF_dev
AP0151,2026-06-10 05:33:00,2,0.6896636236227296,0.6169077406252566,0.635086044547568,OOF_dev
AP0151,2026-06-10 06:10:00,3,0.6873964883553487,0.5080875647333514,0.5865136394111564,OOF_dev
AP0151,2026-06-10 06:52:00,4,0.6852098294993276,0.5464556976940299,0.5845762411848926,OOF_dev
AP0151,2026-06-10 07:39:00,5,0.7170486791215647,0.7488634482632682,0.6251058582143962,OOF_dev
AP0151,2026-06-10 08:31:00,6,0.7912632327626726,0.5702878627954953,0.5946669932075449,OOF_dev
AP0152,2026-06-10 13:18:00,2,0.5441404178040365,0.6053766030688261,0.5366733844544043,OOF_dev
AP0152,2026-06-10 13:55:00,3,0.636110093040825,0.6519039789833648,0.5954233821390057,OOF_dev
AP0152,2026-06-10 14:37:00,4,0.7106080475762536,0.5515225649937402,0.6193375295657827,OOF_dev
AP0152,2026-06-10 15:24:00,5,0.7284204976508306,0.580173128879174,0.6612040967864392,OOF_dev
AP0152,2026-06-10 16:16:00,6,0.7579854864332323,0.7646339903438838,0.707340267721006,OOF_dev
AP0153,2026-06-10 20:45:00,2,0.7417557519327204,0.6838264005115223,0.6428382856915998,OOF_dev
AP0153,2026-06-10 21:22:00,3,0.7148122033348265,0.9273731815404583,0.6210394896578484,OOF_dev
AP0153,2026-06-10 22:04:00,4,0.7968832345118315,0.4487202895718323,0.6245903223975732,OOF_dev
AP0153,2026-06-10 22:51:00,5,0.7372471421687062,0.6071808029965228,0.6147914110383257,OOF_dev
AP0153,2026-06-10 23:43:00,6,0.7633820047288675,0.6003312065991444,0.6836120793319809,OOF_dev
AP0154,2026-06-11 04:07:00,2,0.7582656959688805,0.6493314501903505,0.6978976995113293,OOF_dev
AP0154,2026-06-11 04:44:00,3,0.7194597093855378,0.6855831249303039,0.5434427362810356,OOF_dev
AP0154,2026-06-11 05:26:00,4,0.7477422449106852,0.8379875425361875,0.5782960060647944,OOF_dev
AP0154,2026-06-11 06:13:00,5,0.8098605543847847,0.5568464537288356,0.6316022961586077,OOF_dev
AP0154,2026-06-11 07:05:00,6,0.7911635460570036,0.6101072384327015,0.702445943476175,OOF_dev
AP0155,2026-06-11 11:57:00,2,0.7293629232736463,0.8230737508087499,0.7023471196759447,OOF_dev
AP0155,2026-06-11 12:34:00,3,0.7580753422282014,0.669694676139805,0.6677680375371492,OOF_dev
AP0155,2026-06-11 13:16:00,4,0.7604020473432306,0.6998919673685245,0.6397774743555833,OOF_dev
AP0155,2026-06-11 14:03:00,5,0.7852638480784334,0.5230919229359969,0.6368253420575088,OOF_dev
AP0155,2026-06-11 14:55:00,6,0.7705363789653318,0.7350009990837948,0.7207086065813978,OOF_dev
AP0156,2026-06-11 19:35:00,2,0.7210974611041419,0.645856481907257,0.6408330550264262,OOF_dev
AP0156,2026-06-11 20:12:00,3,0.7065830363914847,0.7253314126090659,0.5635471563612141,OOF_dev
AP0156,2026-06-11 20:54:00,4,0.7529899063927725,0.6312869098017655,0.6504538233961571,OOF_dev
AP0156,2026-06-11 21:41:00,5,0.76823622539002,0.5684341583293896,0.6499960500673487,OOF_dev
AP0156,2026-06-11 22:33:00,6,0.7752127874276211,0.6311081312317639,0.6977851117925595,OOF_dev
AP0157,2026-06-12 02:57:00,2,0.5951591392197078,0.6368852900248282,0.575585928018232,OOF_dev
AP0157,2026-06-12 03:34:00,3,0.6655556541990106,0.6947717018274665,0.5366712153989042,OOF_dev
AP0157,2026-06-12 04:16:00,4,0.7360934496498164,0.6238604790073412,0.5796951920009282,OOF_dev
AP0157,2026-06-12 05:03:00,5,0.7601874247106344,0.4519686147223543,0.6352107128691942,OOF_dev
AP0157,2026-06-12 05:55:00,6,0.7379360430297517,1.0248179277056544,0.5710982430222908,OOF_dev
AP0158,2026-06-12 10:40:00,2,0.6800418161269939,0.7097453163392508,0.6399877369092851,OOF_dev
AP0158,2026-06-12 11:17:00,3,0.7139342222363856,0.7436218342311519,0.6174289479383537,OOF_dev
AP0158,2026-06-12 11:59:00,4,0.7604825670697867,0.46370274332536504,0.6162695316103615,OOF_dev
AP0158,2026-06-12 12:46:00,5,0.7279855070632537,0.6432212021139795,0.6176974605297155,OOF_dev
AP0158,2026-06-12 13:38:00,6,0.772659201070587,0.5024518430395873,0.739698883878005,OOF_dev
AP0159,2026-06-12 18:15:00,2,0.6749500052073542,0.5832472113532465,0.6339630630756202,OOF_dev
AP0159,2026-06-12 18:52:00,3,0.6729704198062667,0.5458245653116055,0.5427345511392524,OOF_dev
AP0159,2026-06-12 19:34:00,4,0.6916395463710574,0.4825526094234665,0.5948328762631262,OOF_dev
AP0159,2026-06-12 20:21:00,5,0.7031851954104995,0.6928079202422825,0.6464593342606969,OOF_dev
AP0159,2026-06-12 21:13:00,6,0.7794164130776053,0.9041337109783326,0.6792360215199027,OOF_dev
AP0160,2026-06-13 01:37:00,2,0.7667064256823142,0.6753998887469355,0.7225047819851531,OOF_dev
AP0160,2026-06-13 02:14:00,3,0.7337227156700163,0.5600865844632559,0.5851599095996218,OOF_dev
AP0160,2026-06-13 02:56:00,4,0.7223460543337632,0.5904859200357047,0.6186872570091624,OOF_dev
AP0160,2026-06-13 03:43:00,5,0.7476956051095686,0.7135489193178042,0.656630707270023,OOF_dev
AP0160,2026-06-13 04:35:00,6,0.8015114176386056,0.725612846144126,0.755755086528975,OOF_dev
AP0161,2026-06-13 09:37:00,2,0.6632447745666076,0.48135222503376884,0.6377355186866547,OOF_dev
AP0161,2026-06-13 10:14:00,3,0.6315632555197829,0.6288019603863029,0.5842625419648377,OOF_dev
AP0161,2026-06-13 10:56:00,4,0.7024814889623645,0.7202419047267016,0.6506503198458926,OOF_dev
AP0161,2026-06-13 11:43:00,5,0.7682219173278737,0.7271653675467123,0.6294717127074944,OOF_dev
AP0161,2026-06-13 12:35:00,6,0.8065333700228126,0.5590060362357325,0.771302672583452,OOF_dev
AP0162,2026-06-13 17:15:00,2,0.6414146857620212,0.5882946445104925,0.5900372151287087,OOF_dev
AP0162,2026-06-13 17:52:00,3,0.662931908894213,0.5617825273164044,0.5745569631906101,OOF_dev
AP0162,2026-06-13 18:34:00,4,0.6940603717752671,0.6219590302861775,0.5807111090119144,OOF_dev
AP0162,2026-06-13 19:21:00,5,0.7437876159955492,0.6085011313533133,0.6005204412729124,OOF_dev
AP0162,2026-06-13 20:13:00,6,0.7699511888835492,0.5087366674723484,0.7707271896789326,OOF_dev
AP0163,2026-06-14 00:46:00,2,0.6037047189675151,0.514088553066194,0.6544341149361771,OOF_dev
AP0163,2026-06-14 01:23:00,3,0.6229687907725389,0.5660498985938887,0.5785923986917353,OOF_dev
AP0163,2026-06-14 02:05:00,4,0.6787084282562669,0.05039680089217511,0.740222159716902,OOF_dev
AP0163,2026-06-14 02:52:00,5,0.5514837594716466,0.7208552355764014,0.6074773674366002,OOF_dev
AP0163,2026-06-14 03:44:00,6,0.7213884457478208,0.4857415766385902,0.6742738221542238,OOF_dev
AP0164,2026-06-14 08:51:00,2,0.6323016300395519,0.5800063864701128,0.6498561692777584,OOF_dev
AP0164,2026-06-14 09:28:00,3,0.6565185245393443,0.9007188050944043,0.5875928093838472,OOF_dev
AP0164,2026-06-14 10:10:00,4,0.779304309758735,0.5581039367594637,0.6372581049444933,OOF_dev
AP0164,2026-06-14 10:57:00,5,0.7623162926565041,0.7156718534818168,0.659714806245372,OOF_dev
AP0164,2026-06-14 11:49:00,6,0.8036534577196025,1.0784476470146624,0.7140800982851949,OOF_dev
AP0165,2026-06-14 16:39:00,2,0.6415042576469931,0.7940323202741901,0.5892257813614673,OOF_dev
AP0165,2026-06-14 17:16:00,3,0.7248968064292218,0.5381015547430256,0.5894208372795978,OOF_dev
AP0165,2026-06-14 17:58:00,4,0.7105964276710997,0.5449592547833757,0.5625283509121667,OOF_dev
AP0165,2026-06-14 18:45:00,5,0.72693717544609,0.5875867227121572,0.5565944216089261,OOF_dev
AP0165,2026-06-14 19:37:00,6,0.760714429643687,0.48520772667965045,0.7212471995008156,OOF_dev
AP0166,2026-06-15 00:21:00,2,0.6747938040209069,0.6924155631869853,0.5713049103105411,OOF_dev
AP0166,2026-06-15 00:58:00,3,0.7060757362672616,0.6160008229381921,0.6445174854674973,OOF_dev
AP0166,2026-06-15 01:40:00,4,0.7252202627010839,0.8568864023149007,0.6390790490143854,OOF_dev
AP0166,2026-06-15 02:27:00,5,0.8049406672609352,0.8568795476707649,0.6797051746403127,OOF_dev
AP0166,2026-06-15 03:19:00,6,0.8473957470155992,0.15616929725733755,0.7876447730873474,OOF_dev
AP0167,2026-06-15 08:14:00,2,0.7034239563590721,0.7252642063292861,0.6362075153268147,OOF_dev
AP0167,2026-06-15 08:51:00,3,0.7213700944569839,0.8248309260174332,0.6733575471074122,OOF_dev
AP0167,2026-06-15 09:33:00,4,0.7803877151034773,0.7263064656079468,0.6327735527803157,OOF_dev
AP0167,2026-06-15 10:20:00,5,0.7966493826587402,0.652623705886561,0.6252057209143366,OOF_dev
AP0167,2026-06-15 11:12:00,6,0.8038150820600201,0.7938033813984027,0.6594688780513168,OOF_dev
AP0168,2026-06-15 15:50:00,2,0.6674964828859223,0.5854109493280736,0.6199295046497196,OOF_dev
AP0168,2026-06-15 18:48:00,6,0.7950182549633111,0.5749428821242819,0.7814849501369251,OOF_dev
AP0169,2026-06-15 23:56:00,2,0.6126511946512485,0.5241079936725233,0.6825230029975475,OOF_dev
AP0169,2026-06-16 00:33:00,3,0.6299682046197149,0.5365246822146816,0.6067349790188881,OOF_dev
AP0169,2026-06-16 01:15:00,4,0.6715587914008865,0.6298015280122012,0.7471486200272356,OOF_dev
AP0169,2026-06-16 02:02:00,5,0.7408771294867361,0.49529083792499207,0.677305691697012,OOF_dev
AP0169,2026-06-16 02:54:00,6,0.7420752780053204,0.6200633076140241,0.7459865251223979,OOF_dev
AP0170,2026-06-16 08:13:00,2,0.7774487368249166,0.6078193189175414,0.7425352822262556,OOF_dev
AP0170,2026-06-16 08:50:00,3,0.7160000667138718,1.0019923092285663,0.6386240724321787,OOF_dev
AP0170,2026-06-16 09:32:00,4,0.8149320813109453,1.1376082672162204,0.6472135602178035,OOF_dev
AP0170,2026-06-16 10:19:00,5,0.8764111241489692,0.6517346547283112,0.637722981916235,OOF_dev
AP0170,2026-06-16 11:11:00,6,0.8335641880369284,0.5931924805927627,0.6279341158277221,OOF_dev
AP0171,2026-06-16 15:53:00,2,0.6905184998804276,0.5433643926502547,0.538116791645069,OOF_dev
AP0171,2026-06-16 16:30:00,3,0.6661415223207785,0.3904661105936803,0.3709623351196674,OOF_dev
AP0171,2026-06-16 17:12:00,4,0.6369221896369051,0.7431405512930386,0.24821813563032136,OOF_dev
AP0171,2026-06-16 17:59:00,5,0.7677651397589493,0.5703396636649616,0.5700580046873711,OOF_dev
AP0171,2026-06-16 18:51:00,6,0.7679133121599719,-0.2613499431035973,0.7756841553079181,OOF_dev
AP0172,2026-06-17 00:34:00,2,0.6612021026224217,0.3668810181399176,0.6199752045153851,OOF_dev
AP0172,2026-06-17 01:11:00,3,0.5874029596863313,0.6820265776206278,0.468837550232034,OOF_dev
AP0172,2026-06-17 01:53:00,4,0.7035405767621774,0.6685608761873617,0.6062454020766541,OOF_dev
AP0172,2026-06-17 02:40:00,5,0.7605330988118897,0.6613277025972709,0.5966282192570223,OOF_dev
AP0172,2026-06-17 03:32:00,6,0.7887084818003822,0.8456486282506899,0.6874153962926197,OOF_dev
AP0173,2026-06-17 08:34:00,2,0.6603803601189546,0.5606215810648967,0.5555883742141022,OOF_dev
AP0173,2026-06-17 09:11:00,3,0.6613282091080266,0.5743083316304388,0.5631155860417746,OOF_dev
AP0173,2026-06-17 09:53:00,4,0.6957892030670969,0.8069663363420531,0.5939788734222927,OOF_dev
AP0173,2026-06-17 10:40:00,5,0.7890261749104073,0.24750500341515433,0.6574999144267673,OOF_dev
AP0173,2026-06-17 11:32:00,6,0.7000555947941691,0.4611510574916117,0.6761759196003111,OOF_dev
AP0174,2026-06-17 16:09:00,2,0.692119104259926,0.6344509290564138,0.5730196018424603,OOF_dev
AP0174,2026-06-17 16:46:00,3,0.6948292778875209,0.5206138787209997,0.5579883260915726,OOF_dev
AP0174,2026-06-17 17:28:00,4,0.6978096537752746,0.5901386254401937,0.584735744322891,OOF_dev
AP0174,2026-06-17 18:15:00,5,0.7392926742964419,0.7876202047386301,0.5383582501713445,OOF_dev
AP0174,2026-06-17 19:07:00,6,0.8093509566802356,0.5869730266659849,0.6670624055488955,OOF_dev
AP0175,2026-06-17 23:33:00,2,0.6675488572528615,0.6024617142979148,0.5443926367453367,OOF_dev
AP0175,2026-06-18 00:10:00,3,0.675316635365971,0.6941317267546854,0.5482019195314072,OOF_dev
AP0175,2026-06-18 00:52:00,4,0.7345130384950812,0.7136942116706535,0.5222041623590488,OOF_dev
AP0175,2026-06-18 01:39:00,5,0.787011534665915,0.7323935373587487,0.5297024339955136,OOF_dev
AP0175,2026-06-18 02:31:00,6,0.81193917045664,0.8409849476187653,0.641211351048401,OOF_dev
AP0176,2026-06-18 07:36:00,2,0.5680155409935139,0.7533860474165233,0.35217687143987575,OOF_dev
AP0176,2026-06-18 08:13:00,3,0.6927600340914988,0.5089256681053222,0.49155209749192635,OOF_dev
AP0176,2026-06-18 08:55:00,4,0.6877476106207356,0.5601382069968097,0.4860494942864166,OOF_dev
AP0176,2026-06-18 09:42:00,5,0.721489571756446,0.5524429853125191,0.5088757865354466,OOF_dev
AP0176,2026-06-18 10:34:00,6,0.7501092902668004,0.5420019138111171,0.6974226229795306,OOF_dev
AP0177,2026-06-18 15:22:00,2,0.683335573016693,0.425205679490093,0.5566224955179808,OOF_dev
AP0177,2026-06-18 15:59:00,3,0.6180797081845133,0.3092087144269802,0.3788391458657519,OOF_dev
AP0177,2026-06-18 16:41:00,4,0.5898182958247171,0.5825693346861384,0.44872067930198656,OOF_dev
AP0177,2026-06-18 17:28:00,5,0.6920216276668882,0.31031259682552914,0.47263048120354934,OOF_dev
AP0177,2026-06-18 18:20:00,6,0.6641024758009374,0.803481679956797,0.77894204555918,OOF_dev
AP0178,2026-06-18 23:28:00,2,0.5591796207206117,0.5545641554871295,0.5818700852293557,OOF_dev
AP0178,2026-06-19 00:05:00,3,0.6264064932134545,0.42744090664578094,0.5145665224467374,OOF_dev
AP0178,2026-06-19 00:47:00,4,0.6318618529281073,0.44297281492137736,0.43191519969956116,OOF_dev
AP0178,2026-06-19 01:34:00,5,0.6715415442841615,0.3387177571509894,0.5085994795628825,OOF_dev
AP0178,2026-06-19 02:26:00,6,0.6566707819870091,0.6366233854141637,0.9487955094324287,OOF_dev
AP0179,2026-06-19 07:25:00,2,0.5957842743556598,0.4831166195405593,0.5089684199497833,OOF_dev
AP0179,2026-06-19 08:02:00,3,0.6079071565489131,0.36217577961528924,0.4982639246074753,OOF_dev
AP0179,2026-06-19 08:44:00,4,0.5983345867048039,0.5848209237860037,0.5155025394562721,OOF_dev
AP0179,2026-06-19 09:31:00,5,0.6952920412244705,0.23185106605468098,0.49683607370800775,OOF_dev
AP0179,2026-06-19 10:23:00,6,0.6366125254170861,0.49190035943990223,0.7119972663809275,OOF_dev
AP0180,2026-06-19 15:48:00,2,0.6457282136177271,0.6166466042415948,0.4770961651099364,OOF_dev
AP0180,2026-06-19 16:25:00,3,0.6735173463595789,0.43176922943171614,0.4789969003186029,OOF_dev
AP0180,2026-06-19 17:07:00,4,0.658097833879254,0.42231197484530403,0.4324962508612034,OOF_dev
AP0180,2026-06-19 17:54:00,5,0.6772493817579472,0.4831392571879221,0.47347950348479617,OOF_dev
AP0180,2026-06-19 18:46:00,6,0.7038883230600338,0.4039211670376515,0.5357932424585866,OOF_dev
AP0181,2026-06-19 23:40:00,2,0.7006198374911372,0.6744184410884976,0.5769170562581966,OOF_dev
AP0181,2026-06-20 00:17:00,3,0.7114566577679178,0.3024748036424451,0.5981024080476234,OOF_dev
AP0181,2026-06-20 00:59:00,4,0.6310411789980759,0.6381674400342721,0.5498862344584049,OOF_dev
AP0181,2026-06-20 01:46:00,5,0.7234635948917387,0.31067117212406536,0.5716712445435805,OOF_dev
AP0181,2026-06-20 02:38:00,6,0.6799906032120311,0.6411912638792763,0.6671935196795004,OOF_dev
AP0182,2026-06-20 07:48:00,2,0.5892847012032607,0.6633923368764759,0.5144907711914782,OOF_dev
AP0182,2026-06-20 08:25:00,3,0.6703574579805421,0.6929851858422741,0.585375150447651,OOF_dev
AP0182,2026-06-20 09:07:00,4,0.6902894559841786,0.5809127574515948,0.6025617580250615,OOF_dev
AP0182,2026-06-20 09:54:00,5,0.696092706230163,0.306346518675104,0.4862668865642986,OOF_dev
AP0182,2026-06-20 10:46:00,6,0.6489540097599817,0.424641589628983,0.753104407579936,OOF_dev
AP0183,2026-06-20 16:49:00,2,0.6024387610263233,0.533830230433674,0.5498192558472353,OOF_dev
AP0183,2026-06-20 17:26:00,3,0.6298116110365465,0.4372342610690584,0.5130332405312927,OOF_dev
AP0183,2026-06-20 18:08:00,4,0.642187841250399,0.3777063159373741,0.530839538883304,OOF_dev
AP0183,2026-06-20 18:55:00,5,0.6451281246655558,0.1970142970758681,0.461904739199343,OOF_dev
AP0183,2026-06-20 19:47:00,6,0.5936642732194013,0.43024555893047906,0.7469207306185404,OOF_dev
AP0184,2026-06-21 02:27:00,2,0.7429299697121907,0.6377992559000387,0.5201790188073909,OOF_dev
AP0184,2026-06-21 03:04:00,3,0.7137921426938401,0.5798856295244887,0.4633133394289563,OOF_dev
AP0184,2026-06-21 03:46:00,4,0.7174702558864812,0.32628390558688913,0.4337681338971362,OOF_dev
AP0184,2026-06-21 04:33:00,5,0.6845749509783396,0.5369119558190732,0.47294832858607677,OOF_dev
AP0184,2026-06-21 05:25:00,6,0.7245657534693672,0.7068152725532765,0.7066011819884112,OOF_dev
AP0185,2026-06-21 10:28:00,2,0.5770128942813553,0.4870619628278258,0.4524977491492172,OOF_dev
AP0185,2026-06-21 11:05:00,3,0.6055251627859767,0.3104301505281226,0.26273031790440876,OOF_dev
AP0185,2026-06-21 11:47:00,4,0.5908538883180527,0.5513003896168781,0.4033992354237728,OOF_dev
AP0185,2026-06-21 12:34:00,5,0.6752851098164312,0.5024388213137526,0.4445571439986486,OOF_dev
AP0185,2026-06-21 13:26:00,6,0.7124330368455041,0.5178459574666523,0.7082209901405813,OOF_dev
AP0186,2026-06-21 18:18:00,2,0.6468130110758443,0.36926455000542,0.46082860374930906,OOF_dev
AP0186,2026-06-21 18:55:00,3,0.5831558431165087,0.7936160344031356,0.4727138683579464,OOF_dev
AP0186,2026-06-21 19:37:00,4,0.7311274285007645,0.30599990946359806,0.43763496275617153,OOF_dev
AP0186,2026-06-21 20:24:00,5,0.6892828623179835,0.25231849366119263,0.5201496238378479,OOF_dev
AP0186,2026-06-21 21:16:00,6,0.6392534780901394,1.0340632989080745,0.7646783554246964,OOF_dev
AP0187,2026-06-22 02:15:00,2,0.7241828201349172,0.5806171029163132,0.5327202149782347,OOF_dev
AP0187,2026-06-22 02:52:00,3,0.6942878640667428,0.41902044861538296,0.5013395758333108,OOF_dev
AP0187,2026-06-22 03:34:00,4,0.6582536544676982,0.16261127100512618,0.5240750984248562,OOF_dev
AP0187,2026-06-22 04:21:00,5,0.5840408795757849,0.25619972016185394,0.4011341795066872,OOF_dev
AP0187,2026-06-22 05:13:00,6,0.5729313466435089,0.7228437044155592,0.8561086797173674,OOF_dev
AP0188,2026-06-22 10:26:00,2,0.525473080173186,0.4954194999838663,0.33403537927290344,OOF_dev
AP0188,2026-06-22 11:03:00,3,0.5855620074304289,0.47600480582077204,0.4427854305365793,OOF_dev
AP0188,2026-06-22 11:45:00,4,0.6297102600011438,0.38989277613633727,0.45228029939778575,OOF_dev
AP0189,2026-06-22 18:29:00,2,0.6487432206494199,0.5464936010703071,0.5322511235834179,OOF_dev
AP0189,2026-06-22 19:06:00,3,0.6500207093412519,0.5328015874986252,0.48840472612046404,OOF_dev
AP0189,2026-06-22 19:48:00,4,0.6804756381711212,0.5327425509137439,0.521040350148606,OOF_dev
AP0189,2026-06-22 20:35:00,5,0.7105147843190389,0.5716017984089876,0.4358317879353609,OOF_dev
AP0189,2026-06-22 21:27:00,6,0.7582118855255866,1.1152832475752206,0.5336932457757697,OOF_dev
AP0190,2026-06-23 02:24:00,2,0.6934888392364271,0.5205641054440018,0.5905268961129007,OOF_dev
AP0190,2026-06-23 03:01:00,3,0.6579870134483419,0.4972661814281323,0.6414182304782042,OOF_dev
AP0190,2026-06-23 03:43:00,4,0.6728982518613846,0.8397604092028377,0.5762943086087836,OOF_dev
AP0190,2026-06-23 04:30:00,5,0.7841473701753316,0.5889041140238033,0.5968178279203635,OOF_dev
AP0190,2026-06-23 05:22:00,6,0.7838671093781845,0.5578357018842786,0.7195577511602469,OOF_dev
AP0191,2026-06-23 10:31:00,2,0.7941687725885853,0.6228305221873598,0.6985743555915993,OOF_dev
AP0191,2026-06-23 11:08:00,3,0.7224754688920991,0.8304633413479752,0.605963015346053,OOF_dev
AP0191,2026-06-23 11:50:00,4,0.7817290482558962,0.7044856120981152,0.5293583471604588,OOF_dev
AP0191,2026-06-23 12:37:00,5,0.795456158987089,0.5989479790446212,0.49200537812773765,OOF_dev
AP0191,2026-06-23 13:29:00,6,0.7962349152273214,0.6538454651165204,0.9534121556841372,OOF_dev
AP0192,2026-06-23 18:23:00,2,0.7142009347673085,0.6528008785018847,0.6057691008911186,OOF_dev
AP0192,2026-06-23 19:00:00,3,0.7059217486606038,1.0535557831706683,0.607631614283953,OOF_dev
AP0192,2026-06-23 19:42:00,4,0.8222555912106846,0.6776543508130217,0.6186342874247733,OOF_dev
AP0192,2026-06-23 20:29:00,5,0.8054890186996962,0.5456164260330899,0.6046651879278238,OOF_dev
AP0192,2026-06-23 21:21:00,6,0.7857054328763697,0.8403109048301232,0.6415798500853502,OOF_dev
AP0193,2026-06-24 02:30:00,2,0.7411478254154695,0.5830282449670678,0.5477599126741942,OOF_dev
AP0193,2026-06-24 03:07:00,3,0.6947979091035119,0.6140330151415913,0.5951275152064203,OOF_dev
AP0193,2026-06-24 03:49:00,4,0.7210848512327375,0.3536775027982591,0.5580713813964931,OOF_dev
AP0193,2026-06-24 04:36:00,5,0.6757755082831148,0.572368290285507,0.5510530158362111,OOF_dev
AP0193,2026-06-24 05:28:00,6,0.7327015619495255,1.149921643921021,0.7189596164759454,OOF_dev
AP0194,2026-06-24 10:17:00,2,0.7179937644068523,0.5437966886413758,0.5472560594007647,OOF_dev
AP0194,2026-06-24 10:54:00,3,0.6735090071098391,0.6090140091191556,0.6013922055216205,OOF_dev
AP0194,2026-06-24 11:36:00,4,0.7102315228265064,0.26984489865037814,0.5567733017376622,OOF_dev
AP0194,2026-06-24 12:23:00,5,0.6401733190674883,0.2180753650061177,0.5145213657628418,OOF_dev
AP0194,2026-06-24 13:15:00,6,0.6126223206961079,1.3311422075576733,1.0178869563331183,OOF_dev
AP0195,2026-06-24 18:19:00,2,0.6287177042235603,0.49382208683157874,0.5578075727937772,OOF_dev
AP0195,2026-06-24 18:56:00,3,0.6256614174359665,-0.09570483594331225,0.4930312021933929,OOF_dev
AP0195,2026-06-24 19:38:00,4,0.39725067130421754,0.24416896761991927,0.37145690809451354,OOF_dev
AP0195,2026-06-24 20:25:00,5,0.44657892198672366,0.38581653563014856,0.7012959455948046,OOF_dev
AP0195,2026-06-24 21:17:00,6,0.5595534713885424,0.8530432262973361,0.7698613529010278,OOF_dev
AP0196,2026-06-25 02:19:00,2,0.7851228472536858,0.807044726318255,0.6267967218691511,OOF_dev
AP0196,2026-06-25 02:56:00,3,0.7672149292576905,0.4063154834671996,0.6062789722678288,OOF_dev
AP0196,2026-06-25 03:38:00,4,0.6883589964813845,0.7189550705328084,0.5085298736262371,OOF_dev
AP0196,2026-06-25 04:25:00,5,0.766197324222484,0.9541335653508718,0.5502021761682231,OOF_dev
AP0196,2026-06-25 05:17:00,6,0.8446786080378018,1.1773904366794925,0.7312629439948926,OOF_dev
AP0197,2026-06-25 17:49:00,2,0.6831320406054808,0.4571142879325046,0.18114029927331432,OOF_dev
AP0197,2026-06-25 18:26:00,3,0.706599931433326,0.8514040168720163,0.5841458461458489,OOF_dev
AP0197,2026-06-25 19:08:00,4,0.740406287804245,0.07621641633515952,0.5676190236138076,OOF_dev
AP0197,2026-06-25 19:55:00,5,0.5299914317970791,0.5853757475760448,0.54285558737625,OOF_dev
AP0197,2026-06-25 20:47:00,6,0.6686607159487847,0.9993797766189138,0.838691531318159,OOF_dev
AP0198,2026-06-26 02:34:00,2,0.6375389388714439,0.7317943266025944,0.5131901302956601,OOF_dev
AP0198,2026-06-26 03:11:00,3,0.7070031439415823,0.433675558858958,0.5648831922397273,OOF_dev
AP0198,2026-06-26 03:53:00,4,0.6703773498726056,0.48302305457919975,0.5991124727766958,OOF_dev
AP0198,2026-06-26 04:40:00,5,0.6918196901727138,0.5394925835788493,0.6154932856148857,OOF_dev
AP0198,2026-06-26 05:32:00,6,0.7350628219855384,1.650550565611821,0.8878915227918194,OOF_dev
AP0199,2026-06-26 10:39:00,2,0.6730318244640645,0.577160688683939,0.5860296502190137,OOF_dev
AP0199,2026-06-26 11:16:00,3,0.6695323162102701,0.7198289388286179,0.5155007502428615,OOF_dev
AP0199,2026-06-26 11:58:00,4,0.7394482514481494,0.4418615238498535,0.5719231746817216,OOF_dev
AP0199,2026-06-26 12:45:00,5,0.7144756001926666,0.63770586393367,0.5743170829723844,OOF_dev
AP0199,2026-06-26 13:37:00,6,0.7700823190240947,0.9263248564486991,0.9778155038680257,OOF_dev
AP0200,2026-06-26 18:35:00,2,0.7448402000826253,0.5857188367075112,0.6701279617503588,OOF_dev
AP0200,2026-06-26 19:12:00,3,0.6965059406745144,0.6428566311687057,0.6078788184997349,OOF_dev
AP0200,2026-06-26 19:54:00,4,0.7294264421277565,0.53317403066413,0.6135434003824025,OOF_dev
AP0200,2026-06-26 20:41:00,5,0.7344050210753654,0.7086271774455488,0.6266708934986988,OOF_dev
AP0200,2026-06-26 21:33:00,6,0.7915031734753569,0.5253825135336012,0.8144906154593434,OOF_dev
AP0201,2026-06-27 02:10:00,2,0.6440555288848847,0.5860177987289987,0.48836337967176585,OOF_dev
AP0201,2026-06-27 02:47:00,3,0.6636221782624021,0.435830487574201,0.5462857459988569,OOF_dev
AP0201,2026-06-27 03:29:00,4,0.6514304831389206,0.37304900218135034,0.5296091316135313,OOF_dev
AP0201,2026-06-27 04:16:00,5,0.6478919269954497,0.7479753922952177,0.566114217037386,OOF_dev
AP0201,2026-06-27 05:08:00,6,0.7773739138301416,0.979910463424283,0.9452267482466564,OOF_dev
AP0202,2026-06-27 10:16:00,2,0.7504643236256844,0.6735779698082919,0.6865088719944739,OOF_dev
AP0202,2026-06-27 10:53:00,3,0.7251367509576978,0.5529899037945039,0.586723694466836,OOF_dev
AP0202,2026-06-27 11:35:00,4,0.7173329221319538,0.548330223384922,0.5387529087212216,OOF_dev
AP0202,2026-06-27 12:22:00,5,0.7303741905202696,0.6882589438087191,0.5776339406075521,OOF_dev
AP0202,2026-06-27 13:14:00,6,0.7841274640078526,1.182574897075287,0.8291346603955415,OOF_dev
AP0203,2026-06-27 18:25:00,2,0.748125513158235,0.729704639051394,0.5265357611273226,OOF_dev
AP0203,2026-06-27 19:02:00,3,0.7513605846587792,0.6563850042054498,0.5573607685295772,OOF_dev
AP0203,2026-06-27 19:44:00,4,0.7532830048090784,0.5002718597753794,0.47617727403333304,OOF_dev
AP0203,2026-06-27 20:31:00,5,0.7434428595871974,0.390836097777586,0.5631419977584083,OOF_dev
AP0203,2026-06-27 21:23:00,6,0.717830872648649,0.882475118992395,1.0416578637583733,OOF_dev
AP0204,2026-06-28 02:43:00,2,0.6776617257142225,0.44810614739106874,0.5596787701717639,OOF_dev
AP0204,2026-06-28 03:20:00,3,0.6259885931050216,0.4072433688155286,0.5570659750770282,OOF_dev
AP0204,2026-06-28 04:02:00,4,0.6234328233503093,0.5889215007399348,0.5802857665227298,OOF_dev
AP0204,2026-06-28 04:49:00,5,0.7034572042947635,0.5661667439773341,0.5745023315588754,OOF_dev
AP0204,2026-06-28 05:41:00,6,0.7480559164067297,1.2475781915308897,0.7849736627654759,OOF_dev
AP0205,2026-06-28 11:17:00,2,0.7414334532576237,0.48880027579675084,0.6947593815490132,OOF_dev
AP0205,2026-06-28 11:54:00,3,0.6717458960592031,0.6123407299512146,0.584627522797117,OOF_dev
AP0205,2026-06-28 12:36:00,4,0.7096945867582977,0.6563144384340295,0.4896432902394098,OOF_dev
AP0205,2026-06-28 13:23:00,5,0.7649584930693666,0.624668649039258,0.5423788776750025,OOF_dev
AP0205,2026-06-28 14:15:00,6,0.7838021596561154,1.2742226747200038,0.9220854490662495,OOF_dev
AP0206,2026-06-28 19:53:00,2,0.8002288951824822,0.7298313555234428,0.6061623827406417,OOF_dev
AP0206,2026-06-28 20:30:00,3,0.7244656116269582,0.6950132517457995,0.5781849719327664,OOF_dev
AP0206,2026-06-28 21:12:00,4,0.7351484617175841,0.47372138357935856,0.5446821396308316,OOF_dev
AP0206,2026-06-28 21:59:00,5,0.7077315125994479,0.5885502515909223,0.5487147135222799,OOF_dev
AP0206,2026-06-28 22:51:00,6,0.7450918373752283,0.774921962232455,0.7937132868207278,OOF_dev
AP0207,2026-06-29 03:55:00,2,0.6914461905067493,0.4111346415955272,0.5824210600553035,OOF_dev
AP0207,2026-06-29 04:32:00,3,0.6161771922332597,0.4121559309286606,0.4874271755410643,OOF_dev
AP0207,2026-06-29 05:14:00,4,0.6189202929998379,0.6254479179233348,0.5292756016464288,OOF_dev
AP0207,2026-06-29 06:01:00,5,0.7109058161780739,0.3233871988669811,0.5760262783544372,OOF_dev
AP0207,2026-06-29 06:53:00,6,0.6874334908208781,1.0985026720019293,1.1026488501448444,OOF_dev
AP0208,2026-06-29 11:53:00,2,0.6760695637648326,0.6155748606692902,0.5862590695599408,OOF_dev
AP0208,2026-06-29 12:30:00,3,0.6824821919730788,0.4523053483272815,0.5736368083781099,OOF_dev
AP0208,2026-06-29 13:12:00,4,0.6653275033544224,0.7569383079231252,0.48148488112032134,OOF_dev
AP0208,2026-06-29 13:59:00,5,0.7842051222414095,0.5294812105543426,0.6430254755762922,OOF_dev
AP0208,2026-06-29 14:51:00,6,0.7660800225427137,1.0812428041045088,0.8855125934010193,OOF_dev
AP0209,2026-06-29 19:46:00,2,0.7287069221167323,0.6301062234624419,0.5795690468520465,OOF_dev
AP0209,2026-06-29 20:23:00,3,0.7035926198513056,0.608814335332315,0.5815537866129601,OOF_dev
AP0209,2026-06-29 21:05:00,4,0.7250305397099848,0.41927137618070287,0.5902678633925901,OOF_dev
AP0209,2026-06-29 21:52:00,5,0.7005489716501729,0.5933028453698433,0.5831001406769993,OOF_dev
AP0209,2026-06-29 22:44:00,6,0.7495331812618067,0.9260489784959008,0.7443312233540742,OOF_dev
AP0210,2026-06-30 03:39:00,2,0.6419605834146256,-0.5483473602004584,0.6331653933452619,OOF_dev
AP0210,2026-06-30 04:16:00,3,-0.05299479102980764,1.15752144403871,0.7343923708085219,OOF_dev
AP0210,2026-06-30 04:58:00,4,0.6741602792995219,0.35785191947326467,0.5555507065067203,OOF_dev
AP0210,2026-06-30 05:45:00,5,0.6555992040715668,0.6799853357644258,0.517623362760015,OOF_dev
AP0210,2026-06-30 06:37:00,6,0.7521627438569665,0.844014248973394,0.7890588891538659,OOF_dev
AP0211,2026-06-30 11:50:00,2,0.22240935058225908,1.0094685436317503,0.46502324037878207,OOF_dev
AP0211,2026-06-30 12:27:00,3,0.6852553535734007,0.5933472869867917,0.5590143948227632,OOF_dev
AP0211,2026-06-30 13:09:00,4,0.7148703571592033,0.5119449203636965,0.5393761988169439,OOF_dev
AP0211,2026-06-30 13:56:00,5,0.7188112999526961,0.539732783805636,0.5862565077764241,OOF_dev
AP0211,2026-06-30 14:48:00,6,0.7460345353166902,0.3077710534460898,0.9990858462604498,OOF_dev
AP0212,2026-06-30 19:47:00,2,0.7436980175485008,0.6852917427366931,0.6559190252199789,OOF_dev
AP0212,2026-06-30 20:24:00,3,0.7344281403108535,0.5906704978922334,0.598031045823267,OOF_dev
AP0212,2026-06-30 21:06:00,4,0.7312384612423097,0.4627259035260498,0.5406529425544103,OOF_dev
AP0212,2026-06-30 21:53:00,5,0.7117220677467937,0.425007404607724,0.5502571898308772,OOF_dev
AP0212,2026-06-30 22:45:00,6,0.7076257547288751,1.0996907028537024,0.7610493199632592,OOF_dev
AP0213,2026-07-01 03:50:00,2,0.5566729008158746,-0.6349058923168025,0.49416974016769943,OOF_dev
AP0213,2026-07-01 04:27:00,3,-0.2424232774563515,1.0458830255986227,0.5293576354700029,OOF_dev
AP0213,2026-07-01 05:09:00,4,0.589976468310073,0.6452491450170019,0.5088097560090248,OOF_dev
AP0213,2026-07-01 05:56:00,5,0.7109035622820921,0.028967824740494075,0.5079738872206795,OOF_dev
AP0213,2026-07-01 06:48:00,6,0.5818195488918816,0.9782588028201843,1.183429401106889,OOF_dev
AP0214,2026-07-01 12:25:00,2,0.6463598481945059,0.4481412787234364,0.5487584105547721,OOF_dev
AP0214,2026-07-01 13:02:00,3,0.6129383878618107,-0.7070852989247691,0.5417293985176468,OOF_dev
AP0214,2026-07-01 13:44:00,4,-0.1656244352169729,0.20330794015491402,0.8332942668555585,OOF_dev
AP0214,2026-07-01 14:31:00,5,0.08306998452766723,1.2511423604007568,0.7528151823025484,OOF_dev
AP0214,2026-07-01 15:23:00,6,0.7337692775111162,0.9098525835163253,0.8703722748492537,OOF_dev
AP0215,2026-07-01 20:25:00,2,0.604134875050018,0.4827361314306472,0.40864437720347707,OOF_dev
AP0215,2026-07-01 21:02:00,3,0.6105293314596533,0.3824214230420065,0.4489638481721505,OOF_dev
AP0215,2026-07-01 21:44:00,4,0.608455307944727,0.4690975685906733,0.48445391736849186,OOF_dev
AP0215,2026-07-01 22:31:00,5,0.6699461906674578,0.45342729211325333,0.4565409627248742,OOF_dev
AP0215,2026-07-01 23:23:00,6,0.6936175110930837,0.9434219145603306,0.5875596256576254,OOF_dev
AP0216,2026-07-02 04:35:00,2,0.6664783449127998,0.5014853710362188,0.6573980411296825,OOF_dev
AP0216,2026-07-02 05:12:00,3,0.6413035255965442,0.5066276751826889,0.59523660446626,OOF_dev
AP0216,2026-07-02 05:54:00,4,0.6681292435195132,0.529293959192428,0.6377757196514996,OOF_dev
AP0216,2026-07-02 06:41:00,5,0.7083055832128757,0.4852573252879967,0.6112715211556609,OOF_dev
AP0216,2026-07-02 07:33:00,6,0.7223486045306775,0.6957388724383676,0.7906890080179554,OOF_dev
AP0217,2026-07-02 12:39:00,2,-0.1576062065486803,0.01212371276867685,0.7208913265425329,OOF_dev
AP0217,2026-07-02 13:16:00,3,-0.08432643725385947,1.1571274349800944,0.8059474976108677,OOF_dev
AP0217,2026-07-02 13:58:00,4,0.6671190360690811,0.6283082050186372,0.6401751565822849,OOF_dev
AP0217,2026-07-02 14:45:00,5,0.7326346356675422,0.6987351395041735,0.6188625353297345,OOF_dev
AP0217,2026-07-02 15:37:00,6,0.7875496805808132,0.5822685882327845,0.7421332267580311,OOF_dev
AP0218,2026-07-02 20:28:00,2,0.24322275565370122,-0.08131735833033064,0.5419797429037734,OOF_dev
AP0218,2026-07-02 21:05:00,3,0.07539194072883548,1.0071582173350269,0.7057381593812848,OOF_dev
AP0218,2026-07-02 21:47:00,4,0.6544733448907532,0.4039324760369142,0.5501867582940662,OOF_dev
AP0218,2026-07-02 22:34:00,5,0.6544719076121883,0.6458043364588221,0.5951067830650054,OOF_dev
AP0218,2026-07-02 23:26:00,6,0.7540405093633913,0.8707558237191567,0.7984498014047324,OOF_dev
AP0220,2026-07-03 14:08:00,2,0.6756106331647207,0.7762484361211041,0.6226336003771192,OOF_dev
AP0220,2026-07-03 14:45:00,3,0.7298002705556379,0.6138090419418268,0.6596752983472433,OOF_dev
AP0220,2026-07-03 15:27:00,4,0.7324957850279752,0.5968794775508743,0.6747475777942581,OOF_dev
AP0221,2026-07-03 22:07:00,2,0.612492293847335,1.2380010092603242,0.6675492068818168,OOF_dev
AP0221,2026-07-03 22:44:00,3,0.818254884727831,0.3915160432720191,0.4142813706724344,OOF_dev
AP0221,2026-07-03 23:26:00,4,0.7182806736872365,0.7074282673700908,0.5213103156366012,OOF_dev
AP0222,2026-07-04 06:09:00,2,0.6704311900338966,0.30264847830183805,0.493921015774737,OOF_dev
AP0222,2026-07-04 06:46:00,3,0.5638137027639537,0.40331975600048725,0.4057307117792075,OOF_dev
AP0222,2026-07-04 07:28:00,4,0.5932773718900846,0.35959402864990664,0.4621948760271447,OOF_dev
AP0222,2026-07-04 08:15:00,5,0.613653088475711,0.4452465064460852,0.375729270438117,OOF_dev
AP0222,2026-07-04 09:07:00,6,0.6667228374427574,0.6325313665805535,0.7068829960285306,OOF_dev
AP0223,2026-07-04 14:16:00,2,0.7155791303472541,0.47996547562524916,0.47822595537681845,OOF_dev
AP0223,2026-07-04 14:53:00,3,0.6525325975255252,0.5063019917451237,0.49618073121289513,OOF_dev
AP0223,2026-07-04 15:35:00,4,0.6712714045268292,0.5547429738810744,0.46801377135641464,OOF_dev
AP0223,2026-07-04 16:22:00,5,0.7124195035003147,0.5626954611849179,0.46642651790983614,OOF_dev
AP0223,2026-07-04 17:14:00,6,0.7502556463562864,0.4709198961764232,0.820612974441975,OOF_dev
AP0224,2026-07-04 22:01:00,2,0.632807398672408,0.3645423914903375,0.46339127608962327,OOF_dev
AP0224,2026-07-04 22:38:00,3,0.5744524408966823,0.4872265119590555,0.36427897471958337,OOF_dev
AP0224,2026-07-04 23:20:00,4,0.6314474919026749,0.4322241212687772,0.40443504425337795,OOF_dev
AP0224,2026-07-05 00:07:00,5,0.6600350542593778,0.30218111517043,0.4783736178465484,OOF_dev
AP0224,2026-07-05 00:59:00,6,0.6417364017846281,0.5937147385235855,0.761063092599978,OOF_dev
AP0225,2026-07-05 05:49:00,2,0.685201803832705,0.5676938060945077,0.43364113828788287,OOF_dev
AP0225,2026-07-05 06:26:00,3,0.6679766386836202,0.578672616938864,0.4681767027590942,OOF_dev
AP0225,2026-07-05 07:08:00,4,0.6993195262413936,0.6333309635349361,0.5847778426599792,OOF_dev
AP0225,2026-07-05 07:55:00,5,0.7512364519013139,0.6529455463919961,0.501180082595242,OOF_dev
AP0225,2026-07-05 08:47:00,6,0.7820614951754495,0.6162474471505246,0.696341244513535,OOF_dev
AP0226,2026-07-05 14:04:00,2,0.6462363155871444,0.5974873328071281,0.5963353708067004,OOF_dev
AP0226,2026-07-05 14:41:00,3,0.6680367125638034,0.5345550763882791,0.48575716038190614,OOF_dev
AP0226,2026-07-05 15:23:00,4,0.6915910330802671,0.37218045901209457,0.49918794911975445,OOF_dev
AP0226,2026-07-05 16:10:00,5,0.6640334697557747,0.39987654573204784,0.4787691792361872,OOF_dev
AP0226,2026-07-05 17:02:00,6,0.6746592595178573,0.36516743079442393,0.6614782585817189,OOF_dev
AP0227,2026-07-05 21:45:00,2,0.6854777030750886,0.48677625471211533,0.5228392451573551,OOF_dev
AP0227,2026-07-05 22:22:00,3,0.6438896191353463,0.5833924294038858,0.5692488767408992,OOF_dev
AP0227,2026-07-05 23:04:00,4,0.6974175884332992,0.32735583449179195,0.5274204174992976,OOF_dev
AP0227,2026-07-05 23:51:00,5,0.6515196462297486,0.43355665564861057,0.5849108092622913,OOF_dev
AP0227,2026-07-06 00:43:00,6,0.6823060752157938,2.020275196373937,0.7400240283986568,OOF_dev
AP0228,2026-07-06 05:16:00,2,0.6809158660654112,0.5781453446276842,0.49176646310627187,OOF_dev
AP0228,2026-07-06 05:53:00,3,0.67092125377119,0.7123860941493192,0.48384271705781406,OOF_dev
AP0228,2026-07-06 06:35:00,4,0.7371361360458522,0.6082041003638599,0.5352144484540369,OOF_dev
AP0228,2026-07-06 07:22:00,5,0.7539997658234182,0.7488390603083971,0.5725871817393343,OOF_dev
AP0228,2026-07-06 08:14:00,6,0.8074739825594108,0.44450755943060716,0.7877361082595795,OOF_dev
AP0229,2026-07-06 13:05:00,2,0.7133160561531984,0.5130473376393084,0.6580780028429853,OOF_dev
AP0229,2026-07-06 13:42:00,3,0.6614343787137833,0.3719591824611687,0.5812700711706276,OOF_dev
AP0229,2026-07-06 14:24:00,4,0.6267858820375256,0.417871121435234,0.598401248207867,OOF_dev
AP0229,2026-07-06 15:11:00,5,0.6489569727046015,0.4308894203291744,0.5262846032201979,OOF_dev
AP0229,2026-07-06 16:03:00,6,0.6779684970521961,0.33278420946477544,0.7452261026996974,OOF_dev
AP0230,2026-07-06 20:25:00,2,0.6412294435869854,0.4916115310541944,0.48702939629603703,OOF_dev
AP0230,2026-07-06 21:02:00,3,0.6276672193017141,0.5222905153716371,0.483024708817277,OOF_dev
AP0230,2026-07-06 21:44:00,4,0.6685616432053468,0.4914320289584746,0.5057911684100921,OOF_dev
AP0230,2026-07-06 22:31:00,5,0.7023000027521251,0.46172942868137923,0.6022927129237307,OOF_dev
AP0230,2026-07-06 23:23:00,6,0.725904636477333,0.8459693741529694,0.7871233097179496,OOF_dev
AP0231,2026-07-07 04:14:00,2,0.7280474773596085,0.588700275860657,0.6549898246562685,OOF_dev
AP0231,2026-07-07 04:51:00,3,0.6926590728962274,0.4668243761223781,0.5624952758808596,OOF_dev
AP0231,2026-07-07 05:33:00,4,0.674862252391321,0.5262121372343942,0.5533017190275318,OOF_dev
AP0231,2026-07-07 06:20:00,5,0.7064363020319571,1.1648514616377552,0.6447329588421495,OOF_dev
AP0231,2026-07-07 07:12:00,6,0.8673689824121418,0.5619714593003547,0.9772915129116013,OOF_dev
AP0232,2026-07-07 12:21:00,2,0.670265811884549,0.6702099219169035,0.6013494991775936,OOF_dev
AP0232,2026-07-07 12:58:00,3,0.6982156874760137,0.6245116221619418,0.6296047134483911,OOF_dev
AP0232,2026-07-07 13:40:00,4,0.7256393027685114,0.41073674348792866,0.6546870358799284,OOF_dev
AP0232,2026-07-07 14:27:00,5,0.6959298822519571,0.41803806832293683,0.6382729723634957,OOF_dev
AP0232,2026-07-07 15:19:00,6,0.7004528355082803,1.028531873466066,1.0371792472837948,OOF_dev
AP0233,2026-07-07 20:11:00,2,0.7169192593228051,0.6037297599698079,0.5739859324755917,OOF_dev
AP0233,2026-07-07 20:48:00,3,0.6927769834773556,0.5918661263247034,0.5465991999013237,OOF_dev
AP0233,2026-07-07 21:30:00,4,0.7128684870469881,0.7040093747849371,0.5166250047911706,OOF_dev
AP0233,2026-07-07 22:17:00,5,0.7731004171080249,0.702003782426431,0.5165362496028292,OOF_dev
AP0233,2026-07-07 23:09:00,6,0.8041161934479929,0.870520660400394,0.8331402842967852,OOF_dev
AP0234,2026-07-08 04:16:00,2,0.7188459786327144,0.5830190397356845,0.670443115260435,OOF_dev
AP0234,2026-07-08 04:53:00,3,0.6874983891416225,0.4822721809883208,0.5905463581044428,OOF_dev
AP0234,2026-07-08 05:35:00,4,0.6773941810596658,0.5518295177977375,0.5796138233704095,OOF_dev
AP0234,2026-07-08 06:22:00,5,0.7175168225777844,0.48497902642760526,0.6413225287240357,OOF_dev
AP0234,2026-07-08 07:14:00,6,0.7312966622322101,0.5852611980021675,0.7998523608115509,OOF_dev
AP0235,2026-07-08 12:02:00,2,0.7359682012084744,0.7185924755040588,0.6115589517457666,OOF_dev
AP0235,2026-07-08 12:39:00,3,0.7318733363576977,0.578678592897528,0.5847796954797456,OOF_dev
AP0235,2026-07-08 13:21:00,4,0.7240843037269628,0.5461776735713725,0.5346932797607912,OOF_dev
AP0235,2026-07-08 14:08:00,5,0.7330633206728848,0.8397522835808205,0.5753120124561925,OOF_dev
AP0235,2026-07-08 15:00:00,6,0.8159207093683777,0.6720064183114882,0.8623079576157678,OOF_dev
AP0236,2026-07-08 19:59:00,2,0.7754733453087216,0.8274262145428108,0.6674965408279929,OOF_dev
AP0236,2026-07-08 20:36:00,3,0.7691920285034803,1.3211064582571734,0.6101241262859161,OOF_dev
AP0236,2026-07-08 21:18:00,4,0.8753148288611194,0.8544154040592148,0.4693907747485553,OOF_dev
AP0236,2026-07-08 22:05:00,5,0.8756606097739522,1.0237272237740267,0.5471202837006699,OOF_dev
AP0236,2026-07-08 22:57:00,6,0.8847906391140894,0.7283665043024591,1.038231117537687,OOF_dev
AP0237,2026-07-09 03:56:00,2,0.7080503823102042,0.6206851340029599,0.6554863154467435,OOF_dev
AP0237,2026-07-09 04:33:00,3,0.6972476004948164,0.6806609028323065,0.5207098337687974,OOF_dev
AP0237,2026-07-09 05:15:00,4,0.7480169065019462,0.6063528969479963,0.66530887057271,OOF_dev
AP0237,2026-07-09 06:02:00,5,0.7593997935052017,0.5787707442338752,0.6211941562316365,OOF_dev
AP0237,2026-07-09 06:54:00,6,0.7677755403661216,1.1773201094286687,0.7954847652665379,OOF_dev
AP0238,2026-07-09 11:56:00,2,0.6822545812275099,0.7166033653109111,0.6602151292775277,OOF_dev
AP0238,2026-07-09 12:33:00,3,0.716424038291102,0.447431940462412,0.594243127866463,OOF_dev
AP0238,2026-07-09 13:15:00,4,0.6842185554566211,0.5172782169152871,0.5943160222905703,OOF_dev
AP0238,2026-07-09 14:02:00,5,0.70634766223423,0.5684872756340376,0.5890076192277577,OOF_dev
AP0238,2026-07-09 14:54:00,6,0.7444581827828922,0.8683655837538534,1.1758298340478606,OOF_dev
AP0239,2026-07-09 19:53:00,2,0.8386113318088371,0.4937098281176368,0.7569230259199546,OOF_dev
AP0239,2026-07-09 20:30:00,3,0.7014791029921102,0.6487719431595684,0.6144605255476001,OOF_dev
AP0239,2026-07-09 21:12:00,4,0.7312460226484906,0.5570918460995222,0.5897008498652689,OOF_dev
AP0239,2026-07-09 21:59:00,5,0.740112685832953,0.8658016740549177,0.6257132575435741,OOF_dev
AP0239,2026-07-09 22:51:00,6,0.8227741639641263,1.5436331583718912,0.891059258666543,OOF_dev
AP0240,2026-07-10 03:43:00,2,0.7957642564848052,0.5466585755466575,0.721775807986806,OOF_dev
AP0240,2026-07-10 04:20:00,3,0.7020033283888265,0.769809925504446,0.666165289861371,OOF_dev
AP0240,2026-07-10 05:02:00,4,0.7624103712936227,0.7152912236683728,0.6278963478691426,OOF_dev
AP0240,2026-07-10 05:49:00,5,0.7901730106772864,0.7452847561237906,0.6370066734582109,OOF_dev
AP0240,2026-07-10 06:41:00,6,0.8183324353091408,1.1127035189429686,0.7215641266626545,OOF_dev
AP0241,2026-07-10 12:30:00,2,0.807374713126295,0.4776453677994308,0.6291252387752448,OOF_dev
AP0241,2026-07-10 13:07:00,3,0.7023213277608771,0.6846436377262085,0.5722097696714666,OOF_dev
AP0241,2026-07-10 13:49:00,4,0.7381946332614991,0.4812514363274761,0.5661321967684173,OOF_dev
AP0241,2026-07-10 14:36:00,5,0.7190854230379614,0.5107860077090306,0.5937399494686498,OOF_dev
AP0241,2026-07-10 15:28:00,6,0.73488395350775,1.093160870067727,0.8956252749685593,OOF_dev
AP0242,2026-07-10 20:19:00,2,0.8118910773767702,0.7558039699522991,0.6834999500522156,OOF_dev
AP0242,2026-07-10 20:56:00,3,0.7637221364673873,0.9104172899750346,0.6365045334836354,OOF_dev
AP0242,2026-07-10 21:38:00,4,0.8110026284378764,0.720140019092009,0.6043932411017826,OOF_dev
AP0242,2026-07-10 22:25:00,5,0.8089352709615764,0.7792470437829464,0.6572554656515749,OOF_dev
AP0242,2026-07-10 23:17:00,6,0.8301258228774033,1.1313583887643195,1.0020187777911973,OOF_dev
AP0243,2026-07-11 04:11:00,2,0.7954431428764447,0.8776084494380287,0.694651295526687,OOF_dev
AP0243,2026-07-11 04:48:00,3,0.7854050849231109,0.6378699314879516,0.697047389345028,OOF_dev
AP0243,2026-07-11 05:30:00,4,0.7590553791724439,0.8344032912613513,0.6760430720210496,OOF_dev
AP0243,2026-07-11 06:17:00,5,0.8122834500238574,0.6798808895444024,0.6426819666359078,OOF_dev
AP0243,2026-07-11 07:09:00,6,0.8141562914208761,0.6867134773105661,0.8734570634441022,OOF_dev
AP0244,2026-07-11 12:20:00,2,0.6774917036777992,0.8608980412863965,0.5897445472777106,OOF_dev
AP0244,2026-07-11 12:57:00,3,0.7521230575791511,0.4144422089580486,0.4412855560312643,OOF_dev
AP0244,2026-07-11 13:39:00,4,0.713638158116545,0.4325182539438261,0.5859054338564896,OOF_dev
AP0244,2026-07-11 14:26:00,5,0.6893847848796224,0.5882973377073552,0.6191855548828207,OOF_dev
AP0244,2026-07-11 15:18:00,6,0.7423736797572448,0.8890310201838677,0.797412448132443,OOF_dev
AP0245,2026-07-11 20:14:00,2,0.711691683746596,0.5718732393505104,0.6927984953678058,OOF_dev
AP0245,2026-07-11 20:51:00,3,0.6825222273182099,0.45125487891265553,0.5996094861575586,OOF_dev
AP0245,2026-07-11 21:33:00,4,0.6664055265761,0.7953402253290859,0.6283817291356835,OOF_dev
AP0245,2026-07-11 22:20:00,5,0.777364724164795,0.706580528563758,0.6072015300837743,OOF_dev
AP0245,2026-07-11 23:12:00,6,0.8061762584709236,1.1844034639912513,0.8644784196137965,OOF_dev
AP0246,2026-07-12 04:06:00,2,0.7605233473714743,0.7863269311378427,0.6624817163041155,OOF_dev
AP0246,2026-07-12 04:43:00,3,0.7557946170498269,0.4149511669034521,0.6484691360579926,OOF_dev
AP0246,2026-07-12 05:25:00,4,0.6863610990165283,0.6594432371330204,0.6679199426576601,OOF_dev
AP0246,2026-07-12 06:12:00,5,0.7477663255815886,0.5203994670538997,0.6919247960894486,OOF_dev
AP0246,2026-07-12 07:04:00,6,0.7532580598055578,0.46445586888222645,0.9104546453781996,OOF_dev
AP0247,2026-07-12 11:59:00,2,0.6318816159323886,0.701697029755221,0.6891432327031803,OOF_dev
AP0247,2026-07-12 12:36:00,3,0.6964220890928834,0.5159034924264283,0.6200069794918388,OOF_dev
AP0247,2026-07-12 13:18:00,4,0.6919794462872549,0.5443167805179384,0.6462018640702842,OOF_dev
AP0248,2026-07-12 19:32:00,2,0.6948737792952271,0.7226557587702338,0.6374799574665254,OOF_dev
AP0248,2026-07-12 20:09:00,3,0.7209151165214888,0.9574241663898049,0.619867693547785,OOF_dev
AP0248,2026-07-12 20:51:00,4,0.8062842172504732,0.5476171241208417,0.7160811853209591,OOF_dev
AP0248,2026-07-12 21:38:00,5,0.7711147674866501,0.45575366687104435,0.6187403919909498,OOF_dev
AP0248,2026-07-12 22:30:00,6,0.7455566235530233,1.2646518887870906,0.7466368248583513,OOF_dev
AP0249,2026-07-13 03:26:00,2,0.7195497622601854,0.5834413767165847,0.6928932087606253,OOF_dev
AP0249,2026-07-13 04:03:00,3,0.6880710751194719,0.7978966364310878,0.6041885019794581,OOF_dev
AP0249,2026-07-13 04:45:00,4,0.7648561654873351,0.532430574560753,0.6440683839473914,OOF_dev
AP0249,2026-07-13 05:32:00,5,0.7479340425269605,0.5065925686608731,0.6354235483567336,OOF_dev
AP0249,2026-07-13 06:24:00,6,0.7503510357220009,0.6404912004787515,0.7591398947123703,OOF_dev
AP0250,2026-07-13 11:00:00,2,0.7299704539287338,0.4896055800194116,0.7415048799287594,OOF_dev
AP0250,2026-07-13 11:37:00,3,0.6613945959026304,0.5841608458982522,0.5921963111856107,OOF_dev
AP0250,2026-07-13 12:19:00,4,0.6986735729346095,0.5696133042992885,0.6350929901391257,OOF_dev
AP0250,2026-07-13 13:06:00,5,0.7296096517616875,0.48041195734094516,0.6135873699975938,OOF_dev
AP0250,2026-07-13 13:58:00,6,0.7530863354785893,0.6710496929250273,0.814127240253999,OOF_dev
AP0251,2026-07-13 18:45:00,2,0.7722364057726284,0.5784981234448495,0.616099606407254,OOF_dev
AP0251,2026-07-13 19:22:00,3,0.705426858404737,0.7395071257934526,0.5924180167475506,OOF_dev
AP0251,2026-07-13 20:04:00,4,0.7579235796020434,0.6646824379985011,0.5713280151536714,OOF_dev
AP0251,2026-07-13 20:51:00,5,0.775956038837126,0.5842476148322929,0.5986835320812959,OOF_dev
AP0251,2026-07-13 21:43:00,6,0.7811025487359983,1.5161492123997038,0.7763956286977202,OOF_dev
AP0252,2026-07-14 02:42:00,2,0.8013995135557462,0.7138882167985602,0.685721268314081,OOF_dev
AP0252,2026-07-14 03:19:00,3,0.7499698561003444,0.640239423813917,0.5480220631572313,OOF_dev
AP0252,2026-07-14 04:01:00,4,0.7471594378181938,0.793316213108893,0.5845569836140786,OOF_dev
AP0252,2026-07-14 04:48:00,5,0.8014654227576044,0.9614557837129944,0.6517977878231318,OOF_dev
AP0252,2026-07-14 05:40:00,6,0.8603947096558746,0.22235032630678553,0.8923688175461758,OOF_dev
AP0253,2026-07-14 10:17:00,2,0.6720430204196439,0.6957854537272044,0.5904222054448706,OOF_dev
AP0253,2026-07-14 10:54:00,3,0.7076235491453557,0.5123538273272635,0.5796306306115447,OOF_dev
AP0253,2026-07-14 11:36:00,4,0.6975987324917378,0.48055212889265836,0.5607333515969759,OOF_dev
AP0253,2026-07-14 12:23:00,5,0.7033479425862085,0.40107612118812425,0.5454794104846941,OOF_dev
AP0253,2026-07-14 13:15:00,6,0.6999607464254525,1.2478696064594268,0.7647196156393099,OOF_dev
AP0254,2026-07-14 18:25:00,2,0.675127902318507,0.4434966401293401,0.550666936407252,OOF_dev
AP0254,2026-07-14 19:02:00,3,0.6220767691001623,0.5486719823809124,0.5198416034855898,OOF_dev
AP0254,2026-07-14 19:44:00,4,0.6733266192165248,0.6056330704977353,0.575019001723156,OOF_dev
AP0254,2026-07-14 20:31:00,5,0.7298062069991196,0.6287901728058195,0.6443723399764859,OOF_dev
AP0254,2026-07-14 21:23:00,6,0.7822030230315575,0.4290252044820743,0.9137464903255799,OOF_dev
AP0255,2026-07-15 02:40:00,2,0.6797261180340827,0.6549758212162177,0.6637021282935296,OOF_dev
AP0255,2026-07-15 03:17:00,3,0.703090717704036,0.8035192309701752,0.5738201579938237,OOF_dev
AP0255,2026-07-15 03:59:00,4,0.769822331672976,0.6856897867583636,0.6535097262890731,OOF_dev
AP0255,2026-07-15 04:46:00,5,0.7876690965269209,0.5185571177614922,0.5868610898040878,OOF_dev
AP0255,2026-07-15 05:38:00,6,0.7687821285165329,0.9161609482660659,0.8941073981070194,OOF_dev
AP0256,2026-07-15 10:22:00,2,0.6190087425029285,0.6800496471436901,0.5196054480064681,OOF_dev
AP0256,2026-07-15 10:59:00,3,0.6854580356389544,0.5871982216141911,0.5310313890257314,OOF_dev
AP0256,2026-07-15 11:41:00,4,0.7093552310147613,0.3794784352556785,0.5764423811608188,OOF_dev
AP0256,2026-07-15 12:28:00,5,0.6790627672505632,0.45684630501677653,0.6008981238935754,OOF_dev
AP0256,2026-07-15 13:20:00,6,0.7067182875506672,0.7848283072103955,0.7009806757832833,OOF_dev
AP0257,2026-07-15 17:49:00,2,0.6032684127210906,0.5842918428793651,0.5914375198490015,OOF_dev
AP0257,2026-07-15 18:26:00,3,0.6257236972607233,0.5917786255672416,0.5712408099884453,OOF_dev
AP0257,2026-07-15 19:08:00,4,0.6734258842434993,0.8636791550527628,0.5588428763690317,OOF_dev
AP0257,2026-07-15 19:55:00,5,0.7817669946068022,0.2280442146945718,0.5904593563905445,OOF_dev
AP0257,2026-07-15 20:47:00,6,0.701871162164132,0.5684567879719215,0.8193587721241488,OOF_dev
AP0258,2026-07-16 02:03:00,2,0.6923462497648372,0.6015963616633085,0.666041885924338,OOF_dev
AP0258,2026-07-16 02:40:00,3,0.6854617464219487,0.5754952652075864,0.5557200169221738,OOF_dev
AP0258,2026-07-16 03:22:00,4,0.7038533994371192,0.7733743717660049,0.6693397547490687,OOF_dev
AP0258,2026-07-16 04:09:00,5,0.7828316659399139,0.6012890122910224,0.6089061743496877,OOF_dev
AP0258,2026-07-16 05:01:00,6,0.7846226865645287,0.6511112991428463,0.6633294576670514,OOF_dev
AP0259,2026-07-16 09:47:00,2,0.6847203639091743,0.5039035863070633,0.5740990371934062,OOF_dev
AP0259,2026-07-16 10:24:00,3,0.6475674482130338,0.5260101785876614,0.6368440664867885,OOF_dev
AP0259,2026-07-16 11:06:00,4,0.6771198365518907,0.3687970589205455,0.625053202836658,OOF_dev
AP0259,2026-07-16 11:53:00,5,0.6592538865113424,0.41917705749939715,0.5517013769698003,OOF_dev
AP0259,2026-07-16 12:45:00,6,0.6847550613876768,0.6433495755204498,0.7821471274256827,OOF_dev
AP0260,2026-07-16 17:58:00,2,0.7404678717182269,0.7380894686345068,0.5638576256496576,OOF_dev
AP0260,2026-07-16 18:35:00,3,0.742177377037103,0.39947066446887936,0.5133148965130135,OOF_dev
AP0260,2026-07-16 19:17:00,4,0.6760239125493674,0.5149074972360532,0.4758871964656994,OOF_dev
AP0260,2026-07-16 20:04:00,5,0.7067507649896139,0.6731105631086919,0.47636731235152824,OOF_dev
AP0260,2026-07-16 20:56:00,6,0.7821458852285752,1.288088639677665,0.6922400425692741,OOF_dev
AP0261,2026-07-17 01:46:00,2,0.6854556340768101,0.3827813826456688,0.5853774875973717,OOF_dev
AP0261,2026-07-17 02:23:00,3,0.6028051001264954,0.6421606372410682,0.4432050816715316,OOF_dev
AP0261,2026-07-17 03:05:00,4,0.6962129824171643,0.7422209590483222,0.6001305466247113,OOF_dev
AP0261,2026-07-17 03:52:00,5,0.7734174852689941,0.772429580059314,0.6556726174750477,OOF_dev
AP0262,2026-07-17 09:58:00,2,0.4986985983161546,0.6938442529889338,0.4640823145755282,OOF_dev
AP0262,2026-07-17 10:35:00,3,0.6509567126447952,0.3712079553032919,0.45787621842620174,OOF_dev
AP0262,2026-07-17 11:17:00,4,0.6199683153511859,1.1181108439592224,0.41180090248573337,OOF_dev
AP0263,2026-07-17 17:41:00,2,0.5001135885460777,0.42655393819512494,0.5023905331065092,OOF_dev
AP0263,2026-07-17 19:47:00,5,0.7076659310542649,0.13207347270883357,0.6237617681769045,OOF_dev
AP0263,2026-07-17 20:39:00,6,0.6148491849388005,0.9086538007438721,0.7874359255617488,OOF_dev
AP0264,2026-07-18 02:17:00,2,0.6581906901988468,0.4968541780415047,0.5316120370892861,OOF_dev
AP0264,2026-07-18 02:54:00,3,0.6365007908077943,0.14295695135162773,0.4890002957301352,OOF_dev
AP0264,2026-07-18 03:36:00,4,0.5306855985542779,0.2058306400870238,0.4573403301695187,OOF_dev
AP0264,2026-07-18 04:23:00,5,0.511444189852491,0.2502468025238757,0.5165682582270105,OOF_dev
AP0264,2026-07-18 05:15:00,6,0.5297724407362123,1.032233086822098,0.882703240284515,OOF_dev
AP0265,2026-07-18 10:41:00,2,0.5120502497046957,0.30397137639129934,0.5007338590667795,OOF_dev
AP0265,2026-07-18 11:18:00,3,0.49400572473428916,0.26308544380829707,0.49198510580109306,OOF_dev
AP0265,2026-07-18 12:00:00,4,0.493217004195208,0.2840891416078316,0.5119271637696226,OOF_dev
AP0265,2026-07-18 12:47:00,5,0.5228630266742058,0.3319012828739502,0.5711598418925747,OOF_dev
AP0265,2026-07-18 13:39:00,6,0.5743847865715759,0.6275503194361677,0.8154819385704618,OOF_dev
AP0266,2026-07-18 18:38:00,2,0.7364434166600502,0.5704219658054098,0.5632764311298485,OOF_dev
AP0266,2026-07-18 19:15:00,3,0.6874316075139311,0.4508904911179788,0.5762708228202488,OOF_dev
AP0266,2026-07-18 19:57:00,4,0.6668828016246435,0.48495817840817873,0.5198978859980569,OOF_dev
AP0266,2026-07-18 20:44:00,5,0.6906462526214567,0.3018656250969597,0.47091203624162065,OOF_dev
AP0266,2026-07-18 21:36:00,6,0.6578960639045177,0.0766392138281278,0.9108083804530607,OOF_dev
AP0267,2026-07-19 02:56:00,2,0.5821385574252309,0.5871859929588179,0.5412904990341089,OOF_dev
AP0267,2026-07-19 03:33:00,3,0.6423013420377994,0.4441136853396699,0.5400376690879826,OOF_dev
AP0267,2026-07-19 04:15:00,4,0.6497143723265782,0.7828339420546634,0.6321854377104201,OOF_dev
AP0267,2026-07-19 05:02:00,5,0.7660519993718274,0.7774182418615866,0.5818579894031971,OOF_dev
AP0267,2026-07-19 05:54:00,6,0.8161496201266297,0.9348329257951352,0.7862348566339991,OOF_dev
AP0268,2026-07-19 11:12:00,2,0.8383332589030037,0.6629367920782017,0.4293540099828707,OOF_dev
AP0268,2026-07-19 11:49:00,3,0.8638955536100102,0.5129884644546541,0.4050470037746175,OOF_dev
AP0268,2026-07-19 12:31:00,4,0.7842754969222265,0.09445097768728991,0.45350396441758317,OOF_dev
AP0268,2026-07-19 13:18:00,5,0.6258814861553355,0.6096990513552126,0.4100985630540783,OOF_dev
AP0268,2026-07-19 14:10:00,6,0.6569624511093519,1.0547231047349512,0.8395804348817549,OOF_dev
AP0269,2026-07-19 21:01:00,2,0.6364851538565545,0.38731650439412746,0.5200690692817949,OOF_dev
AP0269,2026-07-19 21:38:00,3,0.5857292386716975,0.3626466927469144,0.5025557446447529,OOF_dev
AP0269,2026-07-19 22:20:00,4,0.5876677653821428,0.3970562636636592,0.5129657067403469,OOF_dev
AP0269,2026-07-19 23:07:00,5,0.6252024597147314,0.4876971324658866,0.43304899101613836,OOF_dev
AP0269,2026-07-19 23:59:00,6,0.6850314063772576,0.3636139270718501,0.6811855241472168,OOF_dev
AP0270,2026-07-20 04:34:00,2,0.6538614945354251,0.37493382127951463,0.5523331701681568,OOF_dev
AP0270,2026-07-20 05:11:00,3,0.5737888362792614,0.5291917242979746,0.44627895124639694,OOF_dev
AP0270,2026-07-20 05:53:00,4,0.6399926971697044,0.3881131543402767,0.5218249007373594,OOF_dev
AP0270,2026-07-20 06:40:00,5,0.6406187864519938,0.4076408120913761,0.3684416420011323,OOF_dev
AP0270,2026-07-20 07:32:00,6,0.6643362946171986,1.0136659247382795,0.8783249114399722,OOF_dev
AP0271,2026-07-20 13:00:00,2,0.6530542429203496,0.3708706581233567,0.505167435606192,OOF_dev
AP0271,2026-07-20 13:37:00,3,0.5863926702320716,0.37287911162606796,0.3873459401017555,OOF_dev
AP0271,2026-07-20 14:19:00,4,0.5921285732096063,0.34073504442837144,0.4385653055433967,OOF_dev
AP0271,2026-07-20 15:06:00,5,0.6027969748636012,0.5467672839827541,0.38533176701938937,OOF_dev
AP0271,2026-07-20 15:58:00,6,0.6936250901222304,0.8119343235015776,0.6566661739232752,OOF_dev
AP0272,2026-07-20 20:40:00,2,0.5979643561139371,1.1066277648745702,0.5707158044399427,OOF_dev
AP0272,2026-07-20 21:17:00,3,0.7946324573918907,-0.031520441711225713,0.33199598738522146,OOF_dev
AP0272,2026-07-20 21:59:00,4,0.6479562810637336,0.4163251201512246,0.5638324017242394,OOF_dev
AP0272,2026-07-20 22:46:00,5,0.6432476745448228,0.5024955953052059,0.48328476031746487,OOF_dev
AP0272,2026-07-20 23:38:00,6,0.6905115695906798,0.7942697729000133,0.8510948120652315,OOF_dev
AP0273,2026-07-21 04:42:00,2,0.6022875811599842,0.488119102813875,0.5241988516566021,OOF_dev
AP0273,2026-07-21 05:19:00,3,0.6129417331654353,0.35108233882273865,0.5279737395921198,OOF_dev
AP0273,2026-07-21 06:01:00,4,0.595995526526925,1.0383927131508899,0.5744505093780741,OOF_dev
AP0273,2026-07-21 06:48:00,5,0.8037678180472799,0.5879558282899018,0.6852499429250772,OOF_dev
AP0273,2026-07-21 07:40:00,6,0.8042755351479174,0.4867822082667448,0.8779034781456334,OOF_dev
AP0274,2026-07-21 12:43:00,2,0.4889582704442115,0.41963368156435116,0.31040424129070443,OOF_dev
AP0274,2026-07-21 13:20:00,3,0.5955701232083603,0.323574456693129,0.47443370178691563,OOF_dev
AP0274,2026-07-21 14:02:00,4,0.5708118192669824,0.4999240282871836,0.5970773127728903,OOF_dev
AP0274,2026-07-21 14:49:00,5,0.6385427696563648,0.3771032452461899,0.5510180480671751,OOF_dev
AP0274,2026-07-21 15:41:00,6,0.6444514408055118,0.8862251032354986,0.9195408477589576,OOF_dev
AP0275,2026-07-21 21:04:00,2,0.6478328432216274,0.4284754628624952,0.6028350459566247,OOF_dev
AP0275,2026-07-21 21:41:00,3,0.6056338838230495,0.465545674530626,0.4628973501751772,OOF_dev
AP0275,2026-07-21 22:23:00,4,0.6366784582005649,0.6453425533688308,0.5392123325551885,OOF_dev
AP0275,2026-07-21 23:10:00,5,0.7257137671345152,0.5589577300648662,0.5907908323720965,OOF_dev
AP0275,2026-07-22 00:02:00,6,0.7507553158865519,0.9195367148442735,0.8351206621606362,OOF_dev
AP0276,2026-07-22 04:17:00,2,0.6560245186043806,0.6095960422857493,0.46513795619226156,OOF_dev
AP0276,2026-07-22 04:54:00,3,0.6748552265784431,0.5647520602499632,0.49103729597003726,OOF_dev
AP0276,2026-07-22 05:36:00,4,0.698521415978499,0.6469381473428529,0.5011974624995623,OOF_dev
AP0276,2026-07-22 06:23:00,5,0.7522351857624833,0.22590851965624598,0.49358372633086217,OOF_dev
AP0276,2026-07-22 07:15:00,6,0.6711616282271818,1.0944006612137331,0.7550639650296386,OOF_dev
AP0277,2026-07-22 12:07:00,2,0.6397440832089814,0.37141635234187714,0.5361992545385288,OOF_dev
AP0277,2026-07-22 12:44:00,3,0.5798790760337487,0.402672141265815,0.44381296242046436,OOF_dev
AP0277,2026-07-22 13:26:00,4,0.600643874765366,0.517425510100465,0.4826295840607704,OOF_dev
AP0277,2026-07-22 14:13:00,5,0.6706794800763591,0.5826539191823938,0.41567079924713146,OOF_dev
AP0277,2026-07-22 15:05:00,6,0.7340198491954506,0.585706588494512,0.8235896119427293,OOF_dev
AP0278,2026-07-22 20:04:00,2,0.653265320330459,0.5550430913025455,0.4775741140870889,OOF_dev
AP0278,2026-07-22 20:41:00,3,0.6556764074594585,0.4647877686611502,0.47588840976242314,OOF_dev
AP0278,2026-07-22 21:23:00,4,0.6601562798644126,0.6037066652321282,0.4871362290496322,OOF_dev
AP0278,2026-07-22 22:10:00,5,0.7234686375660384,0.6627259504128309,0.4847340420253746,OOF_dev
AP0278,2026-07-22 23:02:00,6,0.7744949974910442,0.6646545667957926,0.7949167209448618,OOF_dev
AP0279,2026-07-23 04:27:00,2,0.649599458994788,1.074548512657335,0.5693111402682094,OOF_dev
AP0279,2026-07-23 05:04:00,3,0.7941521316559248,0.12284061853935371,0.4925308422305613,OOF_dev
AP0279,2026-07-23 05:46:00,4,0.6032211170481434,0.5942488128706044,0.6213478181793451,OOF_dev
AP0279,2026-07-23 06:33:00,5,0.7033764554434117,0.2586372004189993,0.6088173109766264,OOF_dev
AP0279,2026-07-23 07:25:00,6,0.6611791126802572,1.0454436486102026,0.9680970203239072,OOF_dev
AP0280,2026-07-23 12:33:00,2,0.6108412774883379,0.48257737732462586,0.5314268138113137,OOF_dev
AP0280,2026-07-23 13:10:00,3,0.6151562544803304,0.5653530876267768,0.44931914744015006,OOF_dev
AP0280,2026-07-23 13:52:00,4,0.6742613614504189,0.401636349250927,0.5087461468424944,OOF_dev
AP0280,2026-07-23 14:39:00,5,0.6693680405797036,-0.09197678246635106,0.5308557329714505,OOF_dev
AP0280,2026-07-23 15:31:00,6,0.5086408263214628,1.3368827583631482,0.8850879979155346,OOF_dev
AP0281,2026-07-23 20:25:00,2,0.6794486964100424,0.6501595868627669,0.5365277611208702,OOF_dev
AP0281,2026-07-23 21:02:00,3,0.695397608542878,0.37387605267316215,0.5239227273663942,OOF_dev
AP0281,2026-07-23 21:44:00,4,0.6443216103083397,0.4615553492426848,0.5227017241045979,OOF_dev
AP0281,2026-07-23 22:31:00,5,0.675176566537847,0.5347380922455514,0.47350222301972994,OOF_dev
AP0281,2026-07-23 23:23:00,6,0.7215091689671278,0.8228898549537543,0.5467938867274721,OOF_dev
AP0282,2026-07-24 03:44:00,2,0.7450084881045337,0.5461397399348922,0.5799629985638786,OOF_dev
AP0282,2026-07-24 04:21:00,3,0.6838875833507302,0.4294584128444029,0.5757529481659475,OOF_dev
AP0282,2026-07-24 05:03:00,4,0.65775709309781,0.5909214901258364,0.6014695566028009,OOF_dev
AP0282,2026-07-24 05:50:00,5,0.7203481336603303,0.7347119260000091,0.5857814991987568,OOF_dev
AP0282,2026-07-24 06:42:00,6,0.7909914417470544,0.7296607555596089,0.785378955492709,OOF_dev
AP0283,2026-07-24 11:33:00,2,0.6789695549271924,0.6361611210907913,0.5790783679062865,OOF_dev
AP0283,2026-07-24 12:10:00,3,0.6927330830889233,0.477584927731215,0.5553527032143001,OOF_dev
AP0283,2026-07-24 12:52:00,4,0.6785311057271266,0.7500667184444839,0.48394096418799454,OOF_dev
AP0283,2026-07-24 13:39:00,5,0.7760838579525269,0.49594523484566516,0.6118485820899062,OOF_dev
AP0283,2026-07-24 14:31:00,6,0.7575207176187889,0.6055489125416996,0.645617556630922,OOF_dev
AP0284,2026-07-24 19:12:00,2,0.6625149989809608,0.505644029347086,0.5254234607367398,OOF_dev
AP0284,2026-07-24 19:49:00,3,0.6406161521086792,0.5782529804315987,0.515917836850591,OOF_dev
AP0284,2026-07-24 20:31:00,4,0.6884798401787555,0.6802626097041227,0.4741017992465127,OOF_dev
AP0284,2026-07-24 21:18:00,5,0.7533631836988329,0.4663902702784108,0.6126016130183518,OOF_dev
AP0284,2026-07-24 22:10:00,6,0.7575056492081294,0.2729952229756874,0.8618431364429741,OOF_dev
AP0285,2026-07-25 02:41:00,2,0.8069390695748776,0.3081593156688831,0.5308117536645632,OOF_dev
AP0285,2026-07-25 03:18:00,3,0.626410410630535,0.40528890945256707,0.4966495267735185,OOF_dev
AP0285,2026-07-25 04:00:00,4,0.6281632118788745,0.3391491492975988,0.49762534778244033,OOF_dev
AP0285,2026-07-25 04:47:00,5,0.6199947000097583,0.26446891084473434,0.44487311676613256,OOF_dev
AP0285,2026-07-25 05:39:00,6,0.6057364064560029,0.7559327002668026,0.8650834151259238,OOF_dev
AP0286,2026-07-25 10:24:00,2,0.6370718143369637,0.4599739966065719,0.49287356006397937,OOF_dev
AP0286,2026-07-25 11:01:00,3,0.6132889795561414,0.6953892036147329,0.5018986932475332,OOF_dev
AP0286,2026-07-25 11:43:00,4,0.7126468094642395,0.5280436354535187,0.5566623244239748,OOF_dev
AP0286,2026-07-25 12:30:00,5,0.7272558312234723,0.4013584566425088,0.5230790920158525,OOF_dev
AP0286,2026-07-25 13:22:00,6,0.7119218758747416,1.312612644262223,0.9658507777797696,OOF_dev
AP0287,2026-07-25 18:10:00,2,0.6546150185275841,0.48309901895591595,0.5512329222484615,OOF_dev
AP0287,2026-07-25 18:47:00,3,0.6285541707824523,0.546936918395131,0.5070308815696467,OOF_dev
AP0287,2026-07-25 19:29:00,4,0.6730123134418424,0.45237899919708713,0.5191750821247019,OOF_dev
AP0287,2026-07-25 20:16:00,5,0.682455658014371,0.8830161139395152,0.5088296719566292,OOF_dev
AP0287,2026-07-25 21:08:00,6,0.8074546815523885,1.19542128435573,0.932164394693305,OOF_dev
AP0288,2026-07-26 01:39:00,2,0.7192842458625895,0.41245679967542287,0.55923461105552,OOF_dev
AP0288,2026-07-26 02:16:00,3,0.6232400194806946,0.5543124128176522,0.4876066674336958,OOF_dev
AP0288,2026-07-26 02:58:00,4,0.6729785217721289,0.6497107201074432,0.4531248164956256,OOF_dev
AP0288,2026-07-26 03:45:00,5,0.7381883622989208,0.5214427887017288,0.5733282509168526,OOF_dev
AP0288,2026-07-26 04:37:00,6,0.7504969994675244,0.48727462621239787,0.7810572737529764,OOF_dev
AP0289,2026-07-26 09:37:00,2,0.7798660947075917,0.6647125310254802,0.6309355191976241,OOF_dev
AP0289,2026-07-26 10:14:00,3,0.7309931446597866,0.6035263328746454,0.6134285913352214,OOF_dev
AP0289,2026-07-26 10:56:00,4,0.7304756307378286,0.9019239590877789,0.597435863942402,OOF_dev
AP0289,2026-07-26 11:43:00,5,0.8178483938508112,0.8861055615868468,0.655189949852057,OOF_dev
AP0289,2026-07-26 12:35:00,6,0.8524380163741543,0.945267739701418,0.8747360842947313,OOF_dev
AP0290,2026-07-26 17:13:00,2,0.6334495077604154,0.6118981584411282,0.5180124519957863,OOF_dev
AP0290,2026-07-26 17:50:00,3,0.6686411912129311,0.5044906798747436,0.5275171671643741,OOF_dev
AP0290,2026-07-26 18:32:00,4,0.6759770596238533,0.5534979121141506,0.5164653777390974,OOF_dev
AP0290,2026-07-26 19:19:00,5,0.7145624932595729,0.9312512676690567,0.5541271506688205,OOF_dev
AP0290,2026-07-26 20:11:00,6,0.8249464240784554,0.5110315162192107,0.5818745656392569,OOF_dev
AP0291,2026-07-27 00:24:00,2,0.6699455627047362,0.49815128768598893,0.5525774443059555,OOF_dev
AP0291,2026-07-27 01:00:00,3,0.641229235845769,0.42828739756329065,0.5351559331647312,OOF_dev
AP0291,2026-07-27 01:41:00,4,0.6379405658955736,0.5622631594589823,0.5344249869323608,OOF_dev
AP0291,2026-07-27 02:27:00,5,0.7017667135234896,0.5828951167987756,0.4974161416995441,OOF_dev
AP0291,2026-07-27 03:18:00,6,0.753653513179566,0.5817050896597019,0.5407670565258768,OOF_dev
AP0292,2026-07-27 08:01:00,2,0.7829173253481849,0.6256566484064161,0.6246783323909503,OOF_dev
AP0292,2026-07-27 08:37:00,3,0.7205601536555759,0.5925071735490205,0.5495045906409562,OOF_dev
AP0292,2026-07-27 09:18:00,4,0.7229574251369648,0.4747622171441922,0.5717123938427772,OOF_dev
AP0292,2026-07-27 10:04:00,5,0.7123193609915799,0.3936098684167699,0.6498830651302281,OOF_dev
AP0292,2026-07-27 10:55:00,6,0.7177885588684627,0.8940927135967032,0.8226427801044788,OOF_dev
AP0293,2026-07-27 15:30:00,2,0.6707743870411638,0.621096663497589,0.5504340606432774,OOF_dev
AP0293,2026-07-27 16:06:00,3,0.675869280669283,0.5507793850712671,0.5241000587164285,OOF_dev
AP0293,2026-07-27 16:47:00,4,0.6877805239504586,0.6247323424812284,0.5374318405540021,OOF_dev
AP0293,2026-07-27 17:33:00,5,0.7352721898835466,0.4485078061441609,0.5360775704350325,OOF_dev
AP0293,2026-07-27 18:24:00,6,0.7272295528520483,0.623578180273112,0.7335507317157884,OOF_dev
AP0294,2026-07-27 22:43:00,2,0.6213471480598515,0.6566105993491532,0.5099775601179124,OOF_dev
AP0294,2026-07-27 23:19:00,3,0.6795568573504598,0.357196967467154,0.5454850989246424,OOF_dev
AP0294,2026-07-28 00:00:00,4,0.6341914638319339,0.4077945276045694,0.47168736974400904,OOF_dev
AP0294,2026-07-28 00:46:00,5,0.6504580598967319,0.3688455645741951,0.39820896448599397,OOF_dev
AP0294,2026-07-28 01:37:00,6,0.6597715193960937,0.7262712616796625,0.6089191277576871,OOF_dev
AP0295,2026-07-28 06:02:00,2,0.6687293230477724,0.4805916709385319,0.5455706939891238,OOF_dev
AP0295,2026-07-28 06:38:00,3,0.6344962805663485,0.5222991240621246,0.4979466090940845,OOF_dev
AP0295,2026-07-28 07:19:00,4,0.6681001665500633,0.5176454758748852,0.4916319436933012,OOF_dev
AP0295,2026-07-28 08:05:00,5,0.7000554557366834,0.5071857573167454,0.5760102951412961,OOF_dev
AP0295,2026-07-28 08:56:00,6,0.7264602163296898,0.796799452070678,0.5085681772153038,OOF_dev
AP0296,2026-07-28 13:32:00,2,0.7712247190453592,0.723761825313639,0.7033520743273749,OOF_dev
AP0296,2026-07-28 14:08:00,3,0.7431122658952395,0.6089978783394429,0.608080042544441,OOF_dev
AP0296,2026-07-28 14:49:00,4,0.7377260692766217,0.5846801361340062,0.6262376066221801,OOF_dev
AP0296,2026-07-28 15:35:00,5,0.7521710270473096,0.570666277225351,0.5386257876744237,OOF_dev
AP0296,2026-07-28 16:26:00,6,0.7655118732728838,1.0774460051807107,0.873554579469288,OOF_dev
AP0297,2026-07-28 20:59:00,2,0.6315131897296817,0.3380424318851984,0.6317314808952011,OOF_dev
AP0297,2026-07-28 21:35:00,3,0.5620951298057778,0.37201641429152155,0.4968673177226156,OOF_dev
AP0297,2026-07-28 22:16:00,4,0.5798552440042949,0.3335975733507415,0.483147894731943,OOF_dev
AP0297,2026-07-28 23:02:00,5,0.5971708189630969,0.2870643736788821,0.4187045527357383,OOF_dev
AP0297,2026-07-28 23:53:00,6,0.5999310645185272,1.5267606222623942,1.3253347936543445,OOF_dev
AP0298,2026-07-29 04:54:00,2,0.6720988443450839,0.8890467566323911,0.5057280171790183,OOF_dev
AP0298,2026-07-29 05:30:00,3,0.7576970605183928,0.559458544349274,0.53600274950849,OOF_dev
AP0298,2026-07-29 06:11:00,4,0.7319349557130526,0.7960793095202107,0.5184782715848413,OOF_dev
AP0298,2026-07-29 06:57:00,5,0.7940210123969942,0.6086686024529409,0.5661484042801116,OOF_dev
AP0298,2026-07-29 07:48:00,6,0.7922181670811368,0.6782574160686301,0.7292920431357685,OOF_dev
AP0299,2026-07-29 12:29:00,2,0.655309399754228,0.6084257040658522,0.6187435889790754,OOF_dev
AP0299,2026-07-29 13:09:00,3,0.6740467511685959,0.6027290321892106,0.5444957982491387,OOF_dev
AP0299,2026-07-29 13:54:00,4,0.7095351433885417,0.36990671656937096,0.575635372587425,OOF_dev
AP0299,2026-07-29 14:44:00,5,0.6755386070997635,0.5426707569688781,0.53207420401427,OOF_dev
AP0299,2026-07-29 15:39:00,6,0.7262743832068341,0.6331020819642665,0.746623731644693,OOF_dev
AP0300,2026-07-29 20:03:00,2,0.6644591329840829,0.5224211138931488,0.5776592449447828,lockbox
AP0300,2026-07-29 20:43:00,3,0.6434580163212094,0.5139154953728422,0.5344244286567491,lockbox
AP0300,2026-07-29 21:28:00,4,0.6675476562631051,0.5501367320306618,0.5006607906643689,lockbox
AP0300,2026-07-29 22:18:00,5,0.7111207942208859,0.3573138140750781,0.5564649967724373,lockbox
AP0300,2026-07-29 23:13:00,6,0.6890401212881445,0.4136032541336144,0.8181046508819328,lockbox
AP0301,2026-07-30 03:31:00,2,0.7539194617945176,0.581146303889042,0.6508412325799152,lockbox
AP0301,2026-07-30 04:11:00,3,0.7006102776652865,0.5087917376356251,0.5032609717899718,lockbox
AP0301,2026-07-30 04:56:00,4,0.6930368626045608,0.4343632808197655,0.5261886097631481,lockbox
AP0301,2026-07-30 05:46:00,5,0.6886457736344205,0.7886671124121641,0.6565190465127785,lockbox
AP0301,2026-07-30 06:41:00,6,0.8021145027276684,0.5100671400925141,0.7307356856733332,lockbox
AP0302,2026-07-30 11:51:00,2,0.6210107730921173,0.4650078169027625,0.5431364197413928,lockbox
AP0302,2026-07-30 12:29:00,3,0.6101544687894794,0.46296389551898176,0.5281831849173774,lockbox
AP0302,2026-07-30 13:12:00,4,0.6374314948617379,0.0011872602849422394,0.566532972672011,lockbox
AP0302,2026-07-30 14:00:00,5,0.5056140580949817,0.5205581628551887,0.5720142049557089,lockbox
AP0302,2026-07-30 14:53:00,6,0.6379105425992827,1.0083267268160552,1.112128525958768,lockbox
AP0303,2026-07-30 19:39:00,2,0.5393455080894642,0.3946122136350459,0.39865245238278263,lockbox
AP0303,2026-07-30 20:15:00,3,0.5439041487180745,0.3350272300289097,0.4238235998042914,lockbox
AP0303,2026-07-30 20:56:00,4,0.5518143117034197,0.3607195869691951,0.4366722542039146,lockbox
AP0303,2026-07-30 21:42:00,5,0.5921363482496236,0.4124882427284008,0.44957596608580985,lockbox
AP0303,2026-07-30 22:33:00,6,0.6423286898612477,0.6052390345703442,0.7610402270031099,lockbox
AP0304,2026-07-31 02:57:00,2,0.706904303218564,0.36495550503254115,0.5103463655933479,lockbox
AP0304,2026-07-31 03:33:00,3,0.6069153246377497,0.44384147980838284,0.4867924532068456,lockbox
AP0304,2026-07-31 04:14:00,4,0.6288154487005484,0.5926135482956749,0.4290870185320093,lockbox
AP0304,2026-07-31 05:00:00,5,0.711402815577854,0.6011087170318021,0.48433026299356974,lockbox
AP0304,2026-07-31 05:51:00,6,0.7572950106715608,0.47813662051169575,0.7398900675493871,lockbox
AP0305,2026-07-31 11:30:00,2,0.6072136466872318,0.45428911855044146,0.4843343299508231,lockbox
AP0305,2026-07-31 12:06:00,3,0.6000280001135287,0.4325996626277537,0.4412129967412654,lockbox
AP0305,2026-07-31 12:47:00,4,0.6221961110283472,0.32534944456564596,0.4541123908853389,lockbox
AP0305,2026-07-31 13:33:00,5,0.6136886262651842,0.3510516205899574,0.3787430463915161,lockbox
AP0305,2026-07-31 14:24:00,6,0.6355770247320416,0.5118078777054614,0.5655406717187552,lockbox
AP0306,2026-07-31 18:44:00,2,0.6461198299233806,0.5327426266657319,0.46580637075365156,lockbox
AP0306,2026-07-31 19:20:00,3,0.6441179911599808,0.4613705338849229,0.4955480731560582,lockbox
AP0306,2026-07-31 20:01:00,4,0.6497910189234752,0.4166587495765161,0.49071982859899266,lockbox
AP0306,2026-07-31 20:47:00,5,0.6613131472839624,0.41516296213029524,0.4822831610307693,lockbox
AP0306,2026-07-31 21:38:00,6,0.6777758804714775,0.7432913524786668,1.0825545653360935,lockbox
AP0307,2026-08-01 02:32:00,2,0.7115400190485508,0.7151678524182323,0.6606708795698764,lockbox
AP0307,2026-08-01 03:08:00,3,0.7233991729124164,0.6169228016216765,0.6438669324782753,lockbox
AP0307,2026-08-01 03:49:00,4,0.7313820057349545,0.5257265150124074,0.6413739102290011,lockbox
AP0307,2026-08-01 04:35:00,5,0.7342184959542657,0.5268668192174187,0.6163384895965246,lockbox
AP0307,2026-08-01 05:26:00,6,0.7502664591071908,1.1050262852964137,0.963129046797271,lockbox
AP0308,2026-08-01 10:25:00,2,0.6971051303437021,0.6495455537582253,0.6361881414223434,lockbox
AP0308,2026-08-01 11:01:00,3,0.699590184325164,0.6276815980139723,0.6089237052587207,lockbox
AP0308,2026-08-01 11:42:00,4,0.7256604495258474,0.5779807477915913,0.5510552265981998,lockbox
AP0308,2026-08-01 12:28:00,5,0.742299531431799,0.627703426970242,0.5742611760584351,lockbox
AP0308,2026-08-01 13:19:00,6,0.7767848247546728,0.9617524512023086,0.6732224212289097,lockbox
AP0309,2026-08-01 17:48:00,2,0.6842351335924619,0.5210319721692261,0.5493142568833899,lockbox
AP0309,2026-08-01 18:24:00,3,0.6552836377877516,0.5487599287595386,0.5564221866590798,lockbox
AP0309,2026-08-01 19:05:00,4,0.6858719926464119,0.5194124386472873,0.5392643487887245,lockbox
AP0309,2026-08-01 19:51:00,5,0.7122934787701125,0.5400005110442482,0.5115700896321064,lockbox
AP0309,2026-08-01 20:42:00,6,0.7406517342509127,0.6548292325435084,0.9071290678122322,lockbox
AP0310,2026-08-02 01:13:00,2,0.798708528662979,0.7890281339626034,0.7748095926475815,lockbox
AP0310,2026-08-02 01:49:00,3,0.738916881501162,0.6596178772931622,0.6776816311538039,lockbox
AP0310,2026-08-02 02:30:00,4,0.7324197727196804,0.6062779625583923,0.6239033029053547,lockbox
AP0310,2026-08-02 03:16:00,5,0.7454713989554334,0.8002693564896836,0.5783778916215652,lockbox
AP0310,2026-08-02 04:07:00,6,0.8067808156707126,0.9173479931314437,1.0535222310411694,lockbox
AP0311,2026-08-02 09:34:00,2,0.6807563564195472,0.6580703867550174,0.6507325490605383,lockbox
AP0311,2026-08-02 10:10:00,3,0.6982096832638022,0.42961602403514854,0.6354142718752434,lockbox
AP0311,2026-08-02 10:51:00,4,0.6635465672356713,0.7405500157719491,0.583080876488847,lockbox
AP0311,2026-08-02 11:37:00,5,0.7585040789290716,0.3674027560986747,0.6488465136039954,lockbox
AP0311,2026-08-02 12:28:00,6,0.7233516103978203,0.21591580106490954,1.1843717138191636,lockbox
AP0312,2026-08-02 17:27:00,2,0.7592628463998076,0.6691872848481472,0.7189769998139925,lockbox
AP0312,2026-08-02 18:03:00,3,0.7274918826524668,0.4460401835517965,0.6350312640799051,lockbox
AP0312,2026-08-02 18:44:00,4,0.6815727960221402,0.559812172968555,0.5726230175879778,lockbox
AP0312,2026-08-02 19:30:00,5,0.7197499931943185,0.6062150197358349,0.5539277329775476,lockbox
AP0312,2026-08-02 20:21:00,6,0.7611078429747418,0.7515375865754118,0.7049448079667828,lockbox
AP0313,2026-08-03 01:24:00,2,0.7567908679990092,0.6807951049352725,0.7702842509784759,lockbox
AP0313,2026-08-03 02:00:00,3,0.7220224522910371,0.5127057962621093,0.6550643916628542,lockbox
AP0313,2026-08-03 02:41:00,4,0.6974050478246694,0.5828781005779862,0.6278537908941878,lockbox
AP0313,2026-08-03 03:27:00,5,0.7296769951137905,0.5904384259911188,0.7223735543374945,lockbox
AP0313,2026-08-03 04:18:00,6,0.7653493555978459,0.7831452842621016,1.1087535899089898,lockbox
AP0314,2026-08-03 09:27:00,2,0.7211217197716631,0.5801617539261451,0.7403457231559487,lockbox
AP0314,2026-08-03 10:03:00,3,0.6900660721759548,0.8097336810230666,0.6178388031515254,lockbox
AP0314,2026-08-03 10:44:00,4,0.7674168058350048,0.5370429587699421,0.5931732541284047,lockbox
AP0314,2026-08-03 11:30:00,5,0.7471002482005754,0.589254213537474,0.6314165088848,lockbox
AP0314,2026-08-03 12:21:00,6,0.7695889248939063,0.16924880685063787,1.1813206252460386,lockbox
AP0315,2026-08-03 17:17:00,2,0.7092096963926863,0.554187558117311,0.6720743379789367,lockbox
AP0315,2026-08-03 17:54:00,3,0.6706675977483261,0.8191550168606532,0.644352049159177,lockbox
AP0315,2026-08-03 18:36:00,4,0.7625760475528891,0.7271892773353846,0.6210611252078193,lockbox
AP0315,2026-08-03 19:23:00,5,0.7935047078516392,0.7733909091643154,0.6298402615289466,lockbox
AP0315,2026-08-03 20:15:00,6,0.8211236603106862,0.587816210726931,0.9277508354455444,lockbox
AP0316,2026-08-04 00:45:00,2,0.7682679651524752,0.6797184068311438,0.7650333054209917,lockbox
AP0316,2026-08-04 01:22:00,3,0.7323069639437537,0.6110083563827097,0.6455267032513988,lockbox
AP0316,2026-08-04 02:04:00,4,0.7335397663689275,0.5755782646899429,0.5583444461232177,lockbox
AP0316,2026-08-04 02:51:00,5,0.7456689777795263,0.6076170746295998,0.592066048407333,lockbox
AP0316,2026-08-04 03:43:00,6,0.7742179250866483,0.8109497387245231,0.7951597643328062,lockbox
AP0317,2026-08-04 08:18:00,2,0.6288877721879517,0.5870610345431929,0.6951030736263943,lockbox
AP0317,2026-08-04 08:55:00,3,0.6578205140922391,0.47347794076656397,0.591188129211362,lockbox
AP0317,2026-08-04 09:37:00,4,0.6609752393826385,0.5133706121696613,0.582998895442589,lockbox
AP0317,2026-08-04 10:24:00,5,0.6959702505444318,0.4129348353338721,0.547478564834795,lockbox
AP0317,2026-08-04 11:16:00,6,0.6977812368223129,0.7285093442195638,0.7931855274238214,lockbox
AP0318,2026-08-04 15:28:00,2,0.6712520952848957,0.5163707698026907,0.6900315961492354,lockbox
AP0318,2026-08-04 16:05:00,3,0.6470388675019505,0.5351779656399805,0.5702155104511204,lockbox
AP0318,2026-08-04 16:47:00,4,0.6866137425354063,0.35696978030425874,0.6313671730304452,lockbox
AP0318,2026-08-04 17:34:00,5,0.6707242725523709,0.519253774158742,0.492386716376689,lockbox
AP0318,2026-08-04 18:26:00,6,0.7227208095096118,0.530901921973187,0.6970800636575016,lockbox
AP0319,2026-08-04 22:54:00,2,0.6720985047546473,0.6212094990948585,0.7085609845595049,lockbox
AP0319,2026-08-04 23:31:00,3,0.6837942662968879,0.5925285959405742,0.5890797327903042,lockbox
AP0319,2026-08-05 00:13:00,4,0.7096687236798644,0.5241002957274962,0.557277564915232,lockbox
AP0319,2026-08-05 01:00:00,5,0.7219815028418327,0.4838224329433793,0.5704536561440413,lockbox
AP0319,2026-08-05 01:52:00,6,0.7334965734842098,0.5311872100657206,0.7095378323825685,lockbox
AP0320,2026-08-05 06:10:00,2,0.6265390439908023,0.613800303868173,0.6689401162404196,lockbox
AP0320,2026-08-05 06:47:00,3,0.6664446950928462,0.5398476918533828,0.6060423155675617,lockbox
AP0320,2026-08-05 07:29:00,4,0.6868730627588276,0.3962306905957895,0.5807509093471319,lockbox
AP0320,2026-08-05 08:16:00,5,0.6716180642195032,0.48192249352085786,0.5293612887127244,lockbox
AP0320,2026-08-05 09:08:00,6,0.7061694415386179,0.4823602555492846,0.8189789330046885,lockbox
AP0321,2026-08-05 13:52:00,2,0.6372658027217543,0.5228723884558937,0.6094020259536583,lockbox
AP0321,2026-08-05 14:29:00,3,0.6367180523276144,0.605774304474641,0.5721792138591068,lockbox
AP0321,2026-08-05 15:11:00,4,0.6948049899991031,0.5026198754693575,0.5644635835526126,lockbox
AP0321,2026-08-05 15:58:00,5,0.7103771839778417,0.5409825456207485,0.5806019925981862,lockbox
AP0321,2026-08-05 16:50:00,6,0.7413405455793843,0.34215856190678046,0.7979544160315689,lockbox
AP0322,2026-08-05 21:27:00,2,0.6932570788539536,0.7446089185462758,0.5873357465778409,lockbox
AP0322,2026-08-05 22:04:00,3,0.7270270694653913,0.8005200821333825,0.7100422689237592,lockbox
AP0322,2026-08-05 22:46:00,4,0.7975963744154962,0.6894508921834307,0.624025676313591,lockbox
AP0322,2026-08-05 23:33:00,5,0.7899927299011098,0.5123362944971485,0.6021592183192218,lockbox
AP0322,2026-08-06 00:25:00,6,0.7647247122147085,0.9502555638071072,1.2568384514335007,lockbox
AP0323,2026-08-06 05:09:00,2,0.6627861882806454,0.6153651087337185,0.6844569854147706,lockbox
AP0323,2026-08-06 05:46:00,3,0.6800696595817632,0.5519331100354887,0.6054295387529911,lockbox
AP0323,2026-08-06 06:28:00,4,0.697316417811439,0.38485638304114206,0.6087853586845037,lockbox
AP0323,2026-08-06 07:15:00,5,0.6711898904412845,0.3952780173895498,0.5357450954849381,lockbox
AP0323,2026-08-06 08:07:00,6,0.6800137166124047,0.5461927991961574,0.8779481263249398,lockbox
AP0324,2026-08-06 13:06:00,2,0.5589608505642869,0.6059574676936303,0.5309114209146676,lockbox
AP0324,2026-08-06 13:43:00,3,0.640453260323915,0.33405238053902897,0.6180415131616441,lockbox
AP0324,2026-08-06 14:25:00,4,0.6155939012453568,0.6026444812885531,0.5607835131734613,lockbox
AP0324,2026-08-06 15:12:00,5,0.7003935272045854,0.36548929184039797,0.6842151109252615,lockbox
AP0324,2026-08-06 16:04:00,6,0.691086904386212,0.521173091254051,0.7702717474711426,lockbox
AP0325,2026-08-06 20:44:00,2,0.612490308783237,0.3897989990094806,0.5480592220438154,lockbox
AP0325,2026-08-06 21:21:00,3,0.5765834488955556,0.9214953938687231,0.5158812603341623,lockbox
AP0325,2026-08-06 22:03:00,4,0.761562858176123,0.08138044120281221,0.7260480102630532,lockbox
AP0325,2026-08-06 22:50:00,5,0.6475767918045789,0.6857458696876846,0.47765027007872046,lockbox
AP0325,2026-08-06 23:42:00,6,0.7458613426972083,0.8855795454735486,0.9380864820053757,lockbox
AP0326,2026-08-07 04:33:00,2,0.6213151429399986,0.6054721945602746,0.5412856974707049,lockbox
AP0326,2026-08-07 05:11:00,3,0.662941663349713,0.45128978131767183,0.5432206594044715,lockbox
AP0326,2026-08-07 05:54:00,4,0.6573841211092483,0.43038184433473337,0.5442160938741909,lockbox
AP0326,2026-08-07 06:42:00,5,0.6691900347460287,0.3739903439572245,0.5724291595906484,lockbox
AP0326,2026-08-07 07:35:00,6,0.6805070502863277,0.6098483100290938,0.9237545952258862,lockbox
AP0327,2026-08-07 12:35:00,2,0.6530124650646902,0.6384198154592733,0.713319228311118,lockbox
AP0327,2026-08-07 13:13:00,3,0.6843231067158587,0.4958057690287447,0.604666878316862,lockbox
AP0327,2026-08-07 13:56:00,4,0.6822336176648038,0.5557618947059219,0.5725417926489239,lockbox
AP0327,2026-08-07 14:44:00,5,0.7210169185393406,0.2764939037182743,0.5717216210103239,lockbox
AP0327,2026-08-07 15:37:00,6,0.6672429772922743,0.508782231185684,0.6451217508970343,lockbox
AP0328,2026-08-07 20:01:00,2,0.6484110295247629,0.6955000532040542,0.5199280714773861,lockbox
AP0328,2026-08-07 20:39:00,3,0.70077853396397,0.3739388974767901,0.5696034988301067,lockbox
AP0328,2026-08-07 21:22:00,4,0.6481934147327031,0.49957388372505745,0.5132422453866615,lockbox
AP0328,2026-08-07 22:10:00,5,0.6900883696807096,0.6526550356872597,0.5668411402843923,lockbox
AP0328,2026-08-07 23:03:00,6,0.7598614727163207,0.9054175198660426,0.629515051741758,lockbox
AP0329,2026-08-08 03:34:00,2,0.6343927920075179,0.6238084595303093,0.6079035582094312,lockbox
AP0329,2026-08-08 04:12:00,3,0.6749972435615015,0.5263423400020415,0.5937630219938747,lockbox
AP0329,2026-08-08 04:55:00,4,0.6858432950906672,0.3177666250297288,0.5757817609922861,lockbox
AP0329,2026-08-08 05:43:00,5,0.6459430051977717,0.3596061896356389,0.5841133431862221,lockbox
AP0329,2026-08-08 06:36:00,6,0.6531040633760838,0.5610510935169417,0.9379123120022405,lockbox
AP0330,2026-08-08 11:08:00,2,0.6781382686451731,0.5707449211003287,0.6203766354115341,lockbox
AP0330,2026-08-08 11:46:00,3,0.6708324452466247,0.44416490413108145,0.6282400930552418,lockbox
AP0330,2026-08-08 12:29:00,4,0.6581407107690771,0.43624318479877533,0.6339863857451055,lockbox
AP0330,2026-08-08 13:17:00,5,0.6729489500819101,0.4839972377870382,0.5912435178130999,lockbox
AP0330,2026-08-08 14:10:00,6,0.7067637970553072,0.3833408065040324,0.8759565986513353,lockbox
AP0331,2026-08-08 18:24:00,2,0.6247875888302415,0.6369469039518115,0.5430309320067366,lockbox
AP0331,2026-08-08 19:02:00,3,0.675964726579851,0.42796368497046056,0.6048033495127982,lockbox
AP0331,2026-08-08 19:45:00,4,0.654527403890693,0.3740983093948036,0.6995436391546267,lockbox
AP0331,2026-08-08 20:33:00,5,0.6737289191829458,0.7640387449639208,0.5329664822763742,lockbox
AP0331,2026-08-08 21:26:00,6,0.7752998540992092,0.5988064166986763,0.7981449977589223,lockbox
AP0332,2026-08-09 02:08:00,2,0.6883389856548172,0.48596278609312216,0.5852608761107249,lockbox
AP0332,2026-08-09 02:46:00,3,0.6772766050476453,0.5863678851839735,0.6320779827074369,lockbox
AP0332,2026-08-09 03:29:00,4,0.6822010583869798,0.48670867516440275,0.5331976943620735,lockbox
AP0332,2026-08-09 04:17:00,5,0.6831197284304711,0.520407595572868,0.6028850285819155,lockbox
AP0332,2026-08-09 05:10:00,6,0.7131377851842635,0.7065225351821911,0.901713404119461,lockbox
AP0333,2026-08-09 10:06:00,2,0.6206046240788089,0.5826724166362679,0.5979088489298278,lockbox
AP0333,2026-08-09 10:44:00,3,0.6535046054882574,0.3682034237009849,0.5700545960324643,lockbox
AP0333,2026-08-09 11:27:00,4,0.6276578112137392,0.4834438891134149,0.529569234924179,lockbox
AP0334,2026-08-09 18:01:00,2,0.5285270444417851,0.41359776410590854,0.44769296291364885,lockbox
AP0334,2026-08-09 18:39:00,3,0.5584236351835082,0.3492843166771606,0.4238882641906051,lockbox
AP0334,2026-08-09 19:22:00,4,0.5676164981889227,0.3500771843340557,0.4721254560916416,lockbox
AP0334,2026-08-09 20:10:00,5,0.6134760486059142,0.39394544600065234,0.4431763746302468,lockbox
AP0334,2026-08-09 21:03:00,6,0.6432680079280776,0.9732305107738796,0.8715324531980363,lockbox
AP0335,2026-08-10 02:00:00,2,0.6279018483465659,0.6105442779976377,0.5617808012331061,lockbox
AP0335,2026-08-10 02:38:00,3,0.6644965362410418,0.8350840034976464,0.5930601972624062,lockbox
AP0335,2026-08-10 03:21:00,4,0.7678927388545145,0.1140990002396711,0.32352497837457317,lockbox
AP0335,2026-08-10 04:09:00,5,0.7274109245484083,0.5799980478378367,0.5518513046873923,lockbox
AP0335,2026-08-10 05:02:00,6,0.7429487582811114,0.6972244613916373,0.9292497003797318,lockbox
AP0336,2026-08-10 11:34:00,2,0.6959727880215605,0.5605523356992218,0.6139439761368435,lockbox
AP0336,2026-08-10 12:31:00,3,0.6826342939021941,0.6907653020063288,0.6414467737248652,lockbox
AP0336,2026-08-10 13:33:00,4,0.747013875120046,0.6934557713417905,0.6473058083712527,lockbox
AP0336,2026-08-10 14:40:00,5,0.7848874658227818,0.6540006979801836,0.833534584008925,lockbox
AP0336,2026-08-10 15:52:00,6,0.805175768649453,0.6954394021898173,1.0588094224149815,lockbox
AP0337,2026-08-10 20:30:00,2,0.6873609817455845,0.6231707517128057,0.666353844123354,lockbox
AP0337,2026-08-10 21:08:00,3,0.6891560807694923,0.5128509111794307,0.5879204653168594,lockbox
AP0337,2026-08-10 21:51:00,4,0.6882317043184469,0.4613210551729329,0.8170976252740025,lockbox
AP0337,2026-08-10 22:39:00,5,0.7225493058959178,0.7846447533014599,0.5900241610933743,lockbox
AP0337,2026-08-10 23:32:00,6,0.7967491387238645,0.682745484246107,0.8818620813101405,lockbox
AP0338,2026-08-11 04:27:00,2,0.6186620854791418,0.5466714695220827,0.5674461378374855,lockbox
AP0338,2026-08-11 05:05:00,3,0.6399328243056971,0.4362168212688103,0.6002770360898294,lockbox
AP0338,2026-08-11 05:48:00,4,0.6408548286968054,0.5809606882538281,0.5400136371873875,lockbox
AP0338,2026-08-11 06:36:00,5,0.7143137359204469,0.22123972702950612,0.690546426243461,lockbox
AP0338,2026-08-11 07:29:00,6,0.6617620958752007,0.5560734254620578,0.8447991770686576,lockbox
AP0339,2026-08-11 12:31:00,2,0.7165809939375749,0.7563628016588794,0.6890286839388949,lockbox
AP0339,2026-08-11 13:09:00,3,0.7367676245665864,0.5464257219437514,0.6235114300390793,lockbox
AP0339,2026-08-11 13:52:00,4,0.7182129987778711,0.639684712781077,0.6013068819417178,lockbox
AP0339,2026-08-11 14:40:00,5,0.7645052464843147,0.5111709826138271,0.7044350958145373,lockbox
AP0339,2026-08-11 15:33:00,6,0.7736171234562825,0.8831871147536149,1.0883899352510618,lockbox
AP0340,2026-08-11 20:16:00,2,0.8006442708998512,0.7799158645140901,0.7518512626582398,lockbox
AP0340,2026-08-11 20:54:00,3,0.7730195689916599,0.2789425863464462,0.7121237068668789,lockbox
AP0340,2026-08-11 21:37:00,4,0.6578614032323227,0.7497174519740072,0.5579808827755995,lockbox
AP0340,2026-08-11 22:25:00,5,0.7549358732844388,0.5508195115770009,0.5557130307764232,lockbox
AP0340,2026-08-11 23:18:00,6,0.7596187357578064,0.7533328213882343,0.9575346632016865,lockbox
AP0341,2026-08-12 04:24:00,2,0.7158537573807795,0.6297316204627695,0.6742556618527688,lockbox
AP0341,2026-08-12 05:02:00,3,0.7000091394749988,0.6260993800143493,0.566804076105119,lockbox
AP0341,2026-08-12 05:45:00,4,0.7249680578440231,0.5868620075053728,0.5437523131790675,lockbox
AP0341,2026-08-12 06:33:00,5,0.7469669239980623,0.5925656095672286,0.5633457517925169,lockbox
AP0341,2026-08-12 07:26:00,6,0.7700368804970734,1.3318869261351185,0.8187332766504081,lockbox
AP0342,2026-08-12 12:08:00,2,0.6756706991362516,0.6297454639603639,0.5722665258444783,lockbox
AP0342,2026-08-12 12:46:00,3,0.6875054672708174,0.5105465861966395,0.49490327768927256,lockbox
AP0342,2026-08-12 13:29:00,4,0.686728064680469,0.6939736235266591,0.5138988542234754,lockbox
AP0342,2026-08-12 14:17:00,5,0.7571788571199872,0.57321953008206,0.5980361040542075,lockbox
AP0342,2026-08-12 15:10:00,6,0.7708812869019921,0.7991774527857414,1.0076764858532263,lockbox
AP0343,2026-08-12 19:37:00,2,0.688705381393947,0.697189191254472,0.6029621283462954,lockbox
AP0343,2026-08-12 20:15:00,3,0.7125159052871192,0.6922312721934876,0.5038204324354442,lockbox
AP0343,2026-08-12 20:58:00,4,0.7484764387836139,0.44295180993070454,0.5347091611517828,lockbox
AP0343,2026-08-12 21:46:00,5,0.718636322649924,0.5282458300889498,0.4958865676001762,lockbox
AP0343,2026-08-12 22:39:00,6,0.7434505048988712,0.48306155498477027,0.9260194027243058,lockbox
AP0344,2026-08-13 03:03:00,2,0.6360357177139344,0.5483251186309326,0.4884584280408448,lockbox
AP0344,2026-08-13 03:41:00,3,0.6480946043925105,0.47455523210054623,0.4873455976266842,lockbox
AP0344,2026-08-13 04:24:00,4,0.659754097638129,0.3958888186535755,0.5185698088903464,lockbox
AP0344,2026-08-13 05:12:00,5,0.65826743454196,0.4479102956336376,0.2915501018796844,lockbox
AP0344,2026-08-13 06:05:00,6,0.7248982902258047,0.6509522838161186,0.8332545882263791,lockbox
AP0345,2026-08-13 11:27:00,2,0.7011980070931542,0.5245159721455113,0.6631190767845352,lockbox
AP0345,2026-08-13 12:05:00,3,0.6627169895105515,0.6243012313515625,0.5836149753385258,lockbox
AP0345,2026-08-13 12:48:00,4,0.7115541521950313,0.5742050813243793,0.5426003769111407,lockbox
AP0345,2026-08-13 13:36:00,5,0.7455311086808838,0.5211906149652835,0.5599901760431049,lockbox
AP0345,2026-08-13 14:29:00,6,0.7501601311886948,0.5350352508798047,0.9553306269904996,lockbox
AP0346,2026-08-13 19:10:00,2,0.6928031941793817,0.6568397017941338,0.6328437032022408,lockbox
AP0346,2026-08-13 19:48:00,3,0.6877988266985224,0.5547476292931276,0.5008603841512653,lockbox
AP0346,2026-08-13 20:31:00,4,0.6928358863587957,0.58126009599477,0.5095027078274058,lockbox
AP0346,2026-08-13 21:19:00,5,0.7307327994587365,0.5191897883752865,0.4762524939268469,lockbox
AP0346,2026-08-13 22:12:00,6,0.741636918450364,0.586274110905085,0.9882417141615029,lockbox
AP0347,2026-08-14 02:59:00,2,0.6635059564355908,0.5210373074790199,0.6273694647530025,lockbox
AP0347,2026-08-14 03:37:00,3,0.6478294045236155,0.70280111059313,0.6064630720843248,lockbox
AP0347,2026-08-14 04:20:00,4,0.7278787126958726,0.5801320875726368,0.6198094647932664,lockbox
AP0347,2026-08-14 05:08:00,5,0.7472662548675171,0.48318828415908543,0.6104394351007901,lockbox
AP0347,2026-08-14 06:01:00,6,0.7432375567069804,0.44711639767088757,0.8730871136217179,lockbox
AP0348,2026-08-14 10:51:00,2,0.6680229196895362,0.6016566337464986,0.5681974086108287,lockbox
AP0348,2026-08-14 11:29:00,3,0.6760426804556028,0.6329968273895963,0.4591876564203905,lockbox
AP0348,2026-08-14 12:12:00,4,0.7194087084133027,0.41239257417584374,0.5680380447448589,lockbox
AP0348,2026-08-14 13:00:00,5,0.6992168191431986,0.34667287045512635,0.575219456955011,lockbox
AP0348,2026-08-14 13:53:00,6,0.6773055121770865,0.7367579070903476,1.0224962917656664,lockbox
AP0349,2026-08-14 18:41:00,2,0.6619746159371516,0.5022233122623058,0.5597588120627696,lockbox
AP0349,2026-08-14 19:19:00,3,0.6402468465773089,0.4732016274630109,0.4605253985835247,lockbox
AP0349,2026-08-14 20:02:00,4,0.6592697171578733,0.38290150561708286,0.536290375476637,lockbox
AP0349,2026-08-14 20:50:00,5,0.6527114183612708,0.3700770580827075,0.5381535085207388,lockbox
AP0349,2026-08-14 21:43:00,6,0.6618463021971639,0.7780780328578655,0.7738395115047002,lockbox
AP0350,2026-08-15 02:17:00,2,0.6265596226160095,0.47652844714173676,0.4981701112314899,lockbox
AP0350,2026-08-15 02:55:00,3,0.618154658398892,0.6291131161857478,0.5025796529167584,lockbox
AP0350,2026-08-15 03:38:00,4,0.6963278365971349,0.18089664288131277,0.5325871216048984,lockbox
AP0350,2026-08-15 04:26:00,5,0.6092750085411656,0.5435280077627227,0.47925995837215696,lockbox
AP0350,2026-08-15 05:19:00,6,0.6950245917879374,0.6659561855477227,0.9848674456983397,lockbox
AP0351,2026-08-15 10:38:00,2,0.5986176533454104,0.4679090071486354,0.44789159461383693,lockbox
AP0351,2026-08-15 11:16:00,3,0.602811642866204,1.1128514347103755,0.407063488320223,lockbox
AP0351,2026-08-15 11:59:00,4,0.8120573417045296,0.011421993856416377,0.3759382257237695,lockbox
AP0351,2026-08-15 12:47:00,5,0.6940682170482788,0.3410894294955134,0.5602099926402675,lockbox
AP0351,2026-08-15 13:40:00,6,0.6698995348932136,0.5632193838018197,0.8421895687819523,lockbox
AP0352,2026-08-15 19:01:00,2,0.6500972547617073,0.8750774716599684,0.46018566585068,lockbox
AP0352,2026-08-15 19:40:00,3,0.7494122235349232,0.3764696276716981,0.5843288213505317,lockbox
AP0352,2026-08-15 20:24:00,4,0.6770755149256895,0.42771828568461817,0.488197250355623,lockbox
AP0352,2026-08-15 21:13:00,5,0.6787567001755039,0.424936131522655,0.49922730981240876,lockbox
AP0352,2026-08-15 22:07:00,6,0.6922717523350979,0.38480177681629113,0.914626268594514,lockbox
AP0353,2026-08-16 02:38:00,2,0.6628417592339058,0.49160332292672015,0.5971790428985341,lockbox
AP0353,2026-08-16 03:17:00,3,0.6368854404496975,0.3840729864702891,0.5376171834776426,lockbox
AP0353,2026-08-16 04:01:00,4,0.6211877093564626,0.3835167394991684,0.5160535925431343,lockbox
AP0353,2026-08-16 04:50:00,5,0.6380003780305696,0.36825755661833903,0.5168012961101967,lockbox
AP0353,2026-08-16 05:44:00,6,0.6537847961767814,1.2555766074654306,1.0167839892078603,lockbox
AP0354,2026-08-16 10:21:00,2,0.6971790738947459,0.5146568448260619,0.6295859496056324,lockbox
AP0354,2026-08-16 11:00:00,3,0.6582827145456214,0.6468605631444191,0.6587976017740823,lockbox
AP0354,2026-08-16 11:44:00,4,0.7256765588152392,0.44889364286527983,0.6923115182405043,lockbox
AP0354,2026-08-16 12:33:00,5,0.7253738621365002,0.6035294659031758,0.5699693581948357,lockbox
AP0354,2026-08-16 13:27:00,6,0.7578234037219218,0.6654300638255345,1.0521568498884204,lockbox
AP0355,2026-08-16 18:25:00,2,0.689348111431099,0.49370107377150413,0.6319011453837743,lockbox
AP0355,2026-08-16 19:04:00,3,0.6477720226458783,0.649238503746287,0.5146904563665728,lockbox
AP0355,2026-08-16 19:48:00,4,0.7288305258786408,0.3149296461026218,0.683781600517821,lockbox
AP0355,2026-08-16 20:37:00,5,0.6888781988799239,0.8614442736349814,0.5698978377275081,lockbox
AP0355,2026-08-16 21:31:00,6,0.7996276480405956,0.703723922083638,1.0884596071595,lockbox
AP0356,2026-08-17 02:34:00,2,0.649114741742207,0.6236984914809256,0.6459539099870845,lockbox
AP0356,2026-08-17 03:13:00,3,0.6782567634659837,0.38171677598504716,0.6311884706093333,lockbox
AP0356,2026-08-17 03:57:00,4,0.6404627757057538,0.4277802460195397,0.5736591033163406,lockbox
AP0356,2026-08-17 04:46:00,5,0.6634457992872627,0.492100498660861,0.5467160798684474,lockbox
AP0356,2026-08-17 05:40:00,6,0.708472387373146,0.7856012810319509,1.1410257142913698,lockbox
AP0357,2026-08-17 10:34:00,2,0.69699955241214,0.46411278360037805,0.6970749727854977,lockbox
AP0357,2026-08-17 11:13:00,3,0.6418627613161464,0.5850611424823066,0.5966619612306344,lockbox
AP0357,2026-08-17 11:57:00,4,0.6929225646722903,0.6101440357917636,0.6407467011342053,lockbox
AP0357,2026-08-17 12:46:00,5,0.743570585593271,0.9228131843527889,0.6750397605302574,lockbox
AP0357,2026-08-17 13:40:00,6,0.8400148924464377,0.8509247056254245,1.0564762599361934,lockbox
AP0358,2026-08-17 18:25:00,2,0.7299629220702846,0.6843760451485804,0.7239949596743712,lockbox
AP0358,2026-08-17 19:04:00,3,0.7223473598757177,0.6160509935916559,0.6060132197239477,lockbox
AP0358,2026-08-17 19:48:00,4,0.7345011129875785,0.7999648640621413,0.5955085816580978,lockbox
AP0358,2026-08-17 20:37:00,5,0.7975834545483831,0.8543512308708279,0.41872000024484884,lockbox
AP0358,2026-08-17 21:31:00,6,0.8660726781120196,0.39729420411037775,0.9236776814243504,lockbox
AP0359,2026-08-18 02:41:00,2,0.675779049086286,0.6457507954283422,0.5404865228585138,lockbox
AP0359,2026-08-18 03:20:00,3,0.6937375565690632,0.7152801844061099,0.5897374651454139,lockbox
AP0359,2026-08-18 04:04:00,4,0.7542119685069206,0.43854935492780206,0.6353400455639963,lockbox
AP0359,2026-08-18 04:53:00,5,0.7223851839785198,0.5743677287166524,0.5490678796609365,lockbox
AP0359,2026-08-18 05:47:00,6,0.7529601634695844,0.7459673431167261,1.104811915737948,lockbox
AP0360,2026-08-18 10:30:00,2,0.6922167063070703,0.643281276218827,0.7102957644179225,lockbox
AP0360,2026-08-18 11:09:00,3,0.6973414024273601,0.5540498789578364,0.5997221610551817,lockbox
AP0360,2026-08-18 11:53:00,4,0.7044569726656311,0.5956113600331188,0.6352808337913188,lockbox
AP0360,2026-08-18 12:42:00,5,0.7386460468531018,0.531026626492607,0.5860811640264598,lockbox
AP0360,2026-08-18 13:36:00,6,0.7533136802825418,0.803904871713096,0.9760519016555941,lockbox
AP0361,2026-08-18 18:19:00,2,0.7240470634049011,0.5719248769632894,0.7197461583734528,lockbox
AP0361,2026-08-18 18:58:00,3,0.6845886073148202,0.561338948472776,0.6341195169674932,lockbox
AP0361,2026-08-18 19:42:00,4,0.7005094407406414,0.7413616545721787,0.5684452130796225,lockbox
AP0361,2026-08-18 20:31:00,5,0.7728770902054817,0.6620610612747306,0.6180078078969482,lockbox
AP0361,2026-08-18 21:25:00,6,0.7982211042384318,0.9360938078593248,0.9610924057504725,lockbox
AP0362,2026-08-19 01:57:00,2,0.6847926921332339,0.6851743473326863,0.6941024494172494,lockbox
AP0362,2026-08-19 02:36:00,3,0.7075202304926065,0.5698645915147348,0.6133499878395746,lockbox
AP0362,2026-08-19 03:20:00,4,0.7147891705840084,0.5988489200572211,0.5207470966782509,lockbox
AP0362,2026-08-19 04:09:00,5,0.7502457898960224,0.6205076791127456,0.4102343778359293,lockbox
AP0362,2026-08-19 05:03:00,6,0.7760456729233735,0.9506971208903289,1.1078740524528268,lockbox
