Batch,fecha_inicio,orden_escalon_fase,avance_reduccion_sn_prev,real,pred,conjunto
AP0001,2026-04-22 00:21:00,0,0.7393550287071186,10.365079665245275,3.426434843667872,OOF_dev
AP0001,2026-04-22 00:51:00,1,0.9480381542908518,0.8151471237013084,-7.991113965683465,OOF_dev
AP0001,2026-04-22 01:16:00,2,0.9813261293455022,1.3833853873240969,-3.1061149882496695,OOF_dev
AP0001,2026-04-22 01:36:00,3,0.9848920397153419,4.938075088604364,0.7075260040056213,OOF_dev
AP0002,2026-04-22 09:13:00,0,0.7699241950178262,-24.696196740361756,-14.634798514811177,OOF_dev
AP0002,2026-04-22 09:43:00,1,0.9398138838677615,7.0871013056630545,-19.134485632874956,OOF_dev
AP0002,2026-04-22 10:08:00,2,0.9667909582175249,-22.07500952758255,-0.13321341774896767,OOF_dev
AP0002,2026-04-22 10:28:00,3,0.9819962092180676,2.6528479808403063,-9.04821328483284,OOF_dev
AP0003,2026-04-22 18:20:00,0,0.7971195384673917,-1.744567905068834,-14.979100711368282,OOF_dev
AP0003,2026-04-22 18:50:00,1,0.9669337937519824,-2.6119414862444046,1.1011033227948392,OOF_dev
AP0003,2026-04-22 19:15:00,2,0.9803031134033411,7.761579631645645,-4.186780594565893,OOF_dev
AP0003,2026-04-22 19:35:00,3,0.9856881018496638,3.175755107136183,-0.5311185901865744,OOF_dev
AP0004,2026-04-23 03:00:00,0,0.7698051119835416,5.860056758369183,2.459415523816193,OOF_dev
AP0004,2026-04-23 03:30:00,1,0.9637865814241806,-1.1380623858347008,3.0230003267134773,OOF_dev
AP0004,2026-04-23 03:55:00,2,0.9690286350484807,-2.2056962710094012,0.6155884074355965,OOF_dev
AP0004,2026-04-23 04:15:00,3,0.9878272463263746,3.486410289236801,7.694630685119979,OOF_dev
AP0005,2026-04-23 11:23:00,0,0.8029851064280016,-7.226642397634805,-0.5721200147380152,OOF_dev
AP0005,2026-04-23 11:53:00,1,0.9545127191856114,-0.48551625099253215,-6.6640290901913115,OOF_dev
AP0005,2026-04-23 12:18:00,2,0.950470849761829,-4.45870952145674,-3.0524660437319264,OOF_dev
AP0005,2026-04-23 12:38:00,3,0.9642805120710387,-2.7826432140525412,1.5258299460718698,OOF_dev
AP0006,2026-04-23 20:10:00,0,0.7849981104377055,-3.9795333408198985,2.072566464885389,OOF_dev
AP0006,2026-04-23 20:40:00,1,0.9675583289034216,-5.625520577809084,-4.046104273115046,OOF_dev
AP0006,2026-04-23 21:05:00,2,0.9860836055266404,-5.7286104075785715,-3.840892605374258,OOF_dev
AP0007,2026-04-24 04:11:00,0,0.7372198763455029,-6.727775596569472,-22.6142099891328,OOF_dev
AP0007,2026-04-24 04:41:00,1,0.9542096235656329,2.8223033545623366,2.1296330992011443,OOF_dev
AP0008,2026-04-24 12:58:00,0,0.7629004750693986,-0.7371862419513491,-2.9722597831384667,OOF_dev
AP0008,2026-04-24 13:28:00,1,0.9582236434571874,2.0775816308846515,-6.258648337349631,OOF_dev
AP0008,2026-04-24 13:53:00,2,0.9754980811672381,-4.810127803717478,-3.990071097792243,OOF_dev
AP0008,2026-04-24 14:13:00,3,0.9777479324410955,3.8615097478361804,1.5538014995401024,OOF_dev
AP0009,2026-04-24 20:55:00,0,0.9999984608307272,-12.779862038283682,-11.943700021512436,OOF_dev
AP0009,2026-04-24 21:25:00,1,0.9999996080754346,-7.472399500803249,-7.1165872858911685,OOF_dev
AP0009,2026-04-24 21:50:00,2,0.9999997847108196,-7.777467777542142,-6.523576500623449,OOF_dev
AP0009,2026-04-24 22:10:00,3,0.9999999099281105,-0.18706656770746122,-2.1778926559981544,OOF_dev
AP0010,2026-04-25 05:30:00,0,1.0,-13.745105334157415,-4.850280340506412,OOF_dev
AP0010,2026-04-25 06:00:00,1,1.0,-9.470917031275803,-3.837371664221895,OOF_dev
AP0010,2026-04-25 06:25:00,2,1.0,-5.808777841347137,-6.9282533178267,OOF_dev
AP0010,2026-04-25 06:45:00,3,1.0,2.1991954388518025,-1.481839351175852,OOF_dev
AP0011,2026-04-25 13:25:00,0,1.0,-1.4513814831145737,-4.752471721411126,OOF_dev
AP0011,2026-04-25 13:55:00,1,1.0,-6.416245784438843,5.966920497827537,OOF_dev
AP0011,2026-04-25 14:20:00,2,1.0,-4.376116489760307,0.22549854118813956,OOF_dev
AP0011,2026-04-25 14:40:00,3,1.0,0.6110725401899799,-5.274946360681402,OOF_dev
AP0012,2026-04-25 21:06:00,0,0.9999997830836197,-11.760289253512838,-8.440841698363279,OOF_dev
AP0012,2026-04-25 21:36:00,1,0.9999999205049155,-12.551446973485099,-5.460887721218867,OOF_dev
AP0012,2026-04-25 22:01:00,2,0.9999999844665164,-7.565481079229585,-4.6232863615274455,OOF_dev
AP0012,2026-04-25 22:21:00,3,0.9999999919150964,-2.843045341997822,-3.5363131096403326,OOF_dev
AP0013,2026-04-26 04:50:00,0,1.0,-18.494550517267953,-11.92635807426911,OOF_dev
AP0013,2026-04-26 05:20:00,1,0.999993357677885,-16.62606634399981,-6.78686792350905,OOF_dev
AP0013,2026-04-26 05:45:00,2,0.9999982826653737,-18.53456164596969,-6.274369584514327,OOF_dev
AP0013,2026-04-26 06:05:00,3,0.999999020887269,-10.298242499879052,-4.185727242075794,OOF_dev
AP0014,2026-04-26 13:37:00,0,0.9998813010174007,4.938130421401183,-1.9595645464159863,OOF_dev
AP0014,2026-04-26 14:07:00,1,0.9999637426593619,-2.6406809384436656,7.267209619263875,OOF_dev
AP0014,2026-04-26 14:32:00,2,0.9999859609410839,4.072823276093914,-3.0323578223031156,OOF_dev
AP0014,2026-04-26 14:52:00,3,0.9999896281376096,8.157972877835391,2.558431589839694,OOF_dev
AP0015,2026-04-26 21:04:00,0,0.9999697429654405,-14.520696193751292,-9.648168690367447,OOF_dev
AP0015,2026-04-26 21:34:00,1,0.9998659616537258,-10.01484620282622,-1.704575624511326,OOF_dev
AP0015,2026-04-26 21:59:00,2,0.9999552720228849,-6.76943353161505,-3.075023138011935,OOF_dev
AP0015,2026-04-26 22:19:00,3,0.9999407434916678,-3.0171560381236304,-4.756009688234226,OOF_dev
AP0016,2026-04-27 05:47:00,0,0.9997410170107597,-12.497022233426605,-9.591795537544668,OOF_dev
AP0016,2026-04-27 06:17:00,1,0.9999556503247695,-6.200429204815691,-6.066024431901266,OOF_dev
AP0016,2026-04-27 06:42:00,2,0.9999371847401889,-1.692038896474287,-3.156136854463841,OOF_dev
AP0016,2026-04-27 07:02:00,3,0.9999708489113042,1.5486016787929202,1.1926522430526303,OOF_dev
AP0017,2026-04-27 13:56:00,0,0.9999970118996524,-0.4018245726465466,-2.0620655165466433,OOF_dev
AP0017,2026-04-27 14:26:00,1,0.9999994978850352,-1.971323931505367,4.914336891794696,OOF_dev
AP0017,2026-04-27 14:51:00,2,0.9999997347461761,-5.929668515379262,1.3600125625971835,OOF_dev
AP0017,2026-04-27 15:11:00,3,0.9999997854177933,-2.391860491485886,-6.169660671503463,OOF_dev
AP0018,2026-04-27 21:56:00,0,1.0,-11.138122329812632,-8.787644118571666,OOF_dev
AP0018,2026-04-27 22:26:00,1,1.0,-3.6634435286475764,-1.648342931708484,OOF_dev
AP0018,2026-04-27 22:51:00,2,1.0,0.4893114287513072,0.04397596722107455,OOF_dev
AP0018,2026-04-27 23:11:00,3,1.0,3.0822410989037508,4.31354573487444,OOF_dev
AP0019,2026-04-28 06:12:00,0,1.0,-15.62949907237521,-10.525682098555587,OOF_dev
AP0019,2026-04-28 06:42:00,1,1.0,-0.22541669033489597,-3.5925849104806487,OOF_dev
AP0019,2026-04-28 07:07:00,2,1.0,-1.4839800098206979,4.699029726818102,OOF_dev
AP0019,2026-04-28 07:27:00,3,1.0,-0.1763848747832526,1.0257637210009285,OOF_dev
AP0020,2026-04-28 14:01:00,0,1.0,2.610173362866135,-5.055467648157227,OOF_dev
AP0020,2026-04-28 14:31:00,1,1.0,5.810936173202208,6.002990269210235,OOF_dev
AP0020,2026-04-28 14:56:00,2,1.0,7.368856271599952,7.014471739016562,OOF_dev
AP0020,2026-04-28 15:16:00,3,1.0,6.789120888155594,3.940094518221785,OOF_dev
AP0021,2026-04-28 21:56:00,0,0.6945642782943007,-3.617657614970085,-10.47724066735882,OOF_dev
AP0021,2026-04-28 22:26:00,1,0.938040599566933,-1.6730651733369086,4.526809028390037,OOF_dev
AP0021,2026-04-28 22:51:00,2,0.9688420912737485,1.169703777782388,6.910679990041764,OOF_dev
AP0021,2026-04-28 23:11:00,3,0.9650292131368937,3.986130544501293,5.061410157840643,OOF_dev
AP0022,2026-04-29 06:05:00,0,0.8041799627996381,-2.3483717192900713,-5.516909686759667,OOF_dev
AP0022,2026-04-29 06:35:00,1,0.9659370825317659,10.439666619986156,3.168360088810553,OOF_dev
AP0022,2026-04-29 07:00:00,2,0.9771281829850818,9.556993852423375,5.199622697026935,OOF_dev
AP0022,2026-04-29 07:20:00,3,0.9812992039601538,8.151175933935747,5.9727319109549795,OOF_dev
AP0023,2026-04-29 14:35:00,0,0.9026211377661413,6.76862051026751,6.694690430260949,OOF_dev
AP0023,2026-04-29 15:05:00,1,0.9661019456892782,8.04586218822692,6.236632907534742,OOF_dev
AP0023,2026-04-29 15:30:00,2,0.9807187401214976,6.618381846090415,8.44942700196604,OOF_dev
AP0023,2026-04-29 15:50:00,3,0.9911799077622414,7.305308235216216,8.366301765686575,OOF_dev
AP0024,2026-04-29 22:19:00,0,0.6840804489480155,-13.394942220201983,-11.275620016167885,OOF_dev
AP0024,2026-04-29 22:49:00,1,0.9508495747859242,5.772353572401016,-1.0752283340627948,OOF_dev
AP0024,2026-04-29 23:14:00,2,0.9288754811585389,6.412080666684005,6.826968608163877,OOF_dev
AP0024,2026-04-29 23:34:00,3,0.9663465346711945,15.22403966529646,3.747893919343931,OOF_dev
AP0025,2026-04-30 06:11:00,0,0.7513130893716052,-12.97390251939305,-9.726198408908056,OOF_dev
AP0025,2026-04-30 06:41:00,1,0.9637841849284089,5.510463602869095,-2.6391052387359712,OOF_dev
AP0025,2026-04-30 07:06:00,2,0.9780705763854731,9.656102195648145,5.497268121416225,OOF_dev
AP0025,2026-04-30 07:26:00,3,0.9831637647103292,3.664865816328529,-6.1573994158106355,OOF_dev
AP0026,2026-04-30 13:48:00,0,0.8019758278298174,-10.162023921019681,-4.068110394876265,OOF_dev
AP0026,2026-04-30 14:18:00,1,0.9587561703103916,-2.160852557688031,-3.133195981994517,OOF_dev
AP0026,2026-04-30 14:43:00,2,0.9739000321758351,1.719131548233463,4.611967451978187,OOF_dev
AP0026,2026-04-30 15:03:00,3,0.984678443260107,2.536106597701746,3.545172135062573,OOF_dev
AP0027,2026-04-30 22:02:00,0,0.767357895629307,-7.8306379659861705,-10.929749890655016,OOF_dev
AP0027,2026-04-30 22:32:00,1,0.9506508188281657,2.3645365494223824,1.5703812184747645,OOF_dev
AP0027,2026-04-30 22:57:00,2,0.9673151541527937,6.079504066401114,5.121603066247912,OOF_dev
AP0027,2026-04-30 23:17:00,3,0.9700275897653637,6.040147929770001,5.8552076016097745,OOF_dev
AP0028,2026-05-01 05:40:00,0,0.8839781706771269,-13.729839303542576,-12.976200653391421,OOF_dev
AP0028,2026-05-01 06:10:00,1,0.9699142349639129,4.005668158685239,-2.533215772989733,OOF_dev
AP0028,2026-05-01 06:35:00,2,0.9854070603410333,4.25331424892056,3.609949773577293,OOF_dev
AP0028,2026-05-01 06:55:00,3,0.9907489894847977,6.775011149326247,3.336899820097155,OOF_dev
AP0029,2026-05-01 13:16:00,0,0.7841661772328914,-13.468149781807597,-12.57855024198316,OOF_dev
AP0029,2026-05-01 13:46:00,1,0.9057382649090295,4.47006922729679,0.1658695414047986,OOF_dev
AP0029,2026-05-01 14:11:00,2,0.9752254913685137,1.2884931102114479,10.233979013441799,OOF_dev
AP0029,2026-05-01 14:31:00,3,0.9835810420776312,-1.7711204618160536,7.598903631232808,OOF_dev
AP0030,2026-05-01 21:50:00,0,0.8664551779410241,-22.910154254363988,-5.384550246321407,OOF_dev
AP0030,2026-05-01 22:20:00,1,0.8991829725900902,-8.489230803058945,-0.22434982531052255,OOF_dev
AP0030,2026-05-01 22:45:00,2,0.9658176715731652,-6.856214917314219,-3.8015029066060277,OOF_dev
AP0030,2026-05-01 23:05:00,3,0.9759881797079135,-3.2255515610261227,1.1093372086863003,OOF_dev
AP0031,2026-05-02 05:19:00,0,0.745612147868606,-12.048443593573438,-10.633310980765083,OOF_dev
AP0031,2026-05-02 05:49:00,1,0.9558996332137991,-2.3002690615717256,-0.5824594058005603,OOF_dev
AP0031,2026-05-02 06:14:00,2,0.9745162397756222,2.9876786419847576,-2.8606980452620605,OOF_dev
AP0031,2026-05-02 06:34:00,3,0.9849957611850654,5.714632973971675,4.962428610933643,OOF_dev
AP0032,2026-05-02 12:49:00,0,0.7724420441865094,-7.1047084188510325,-4.2252463895323915,OOF_dev
AP0032,2026-05-02 13:19:00,1,0.9300178641726005,4.84197897844615,0.6348209121512641,OOF_dev
AP0032,2026-05-02 13:44:00,2,0.9758199716465891,5.662117906103504,7.0322393727402055,OOF_dev
AP0032,2026-05-02 14:04:00,3,0.9930941260478764,6.006384285748709,8.000468102570458,OOF_dev
AP0033,2026-05-02 20:10:00,0,0.7513982603342454,-9.962982961354328,-7.476155101693828,OOF_dev
AP0033,2026-05-02 20:40:00,1,0.9646871728673917,-4.44432879311762,1.143108570998976,OOF_dev
AP0033,2026-05-02 21:05:00,2,0.979868349449265,1.4651786566384999,1.4167445070561973,OOF_dev
AP0033,2026-05-02 21:25:00,3,0.977362355943802,4.370037666966937,5.85279145099537,OOF_dev
AP0034,2026-05-03 03:46:00,0,0.8181877925217553,-8.343086647526661,-8.776800710359977,OOF_dev
AP0034,2026-05-03 04:16:00,1,0.9625366753508366,17.964332389804895,0.5284015573308014,OOF_dev
AP0034,2026-05-03 04:41:00,2,0.9785311215298987,18.648081390000243,15.37277424613944,OOF_dev
AP0034,2026-05-03 05:01:00,3,0.98679170043948,25.34023020264135,4.664764163180613,OOF_dev
AP0035,2026-05-03 11:17:00,0,0.7235660372974855,-12.26073393469369,-5.1160492625249105,OOF_dev
AP0035,2026-05-03 11:47:00,1,0.9592394665824906,8.809100238784367,0.7506547729514891,OOF_dev
AP0035,2026-05-03 12:12:00,2,0.9760916673044003,34.235455444022364,12.07779937774484,OOF_dev
AP0035,2026-05-03 12:32:00,3,0.9816356537021198,22.765161212502335,11.360001766194078,OOF_dev
AP0036,2026-05-03 19:22:00,0,0.8494864899094089,-2.594590718614427,-4.290184593354125,OOF_dev
AP0036,2026-05-03 19:52:00,1,0.9671588102137335,7.326509599504561,12.584603464382148,OOF_dev
AP0036,2026-05-03 20:17:00,2,0.9805763817094013,7.478426589620085,13.486074785208803,OOF_dev
AP0036,2026-05-03 20:37:00,3,0.989963961300201,2.7199789477010654,11.38816580295571,OOF_dev
AP0037,2026-05-04 02:53:00,0,0.856498988135096,0.46770149811527517,4.922605662777843,OOF_dev
AP0037,2026-05-04 03:23:00,1,0.954186716342184,21.526324689890544,5.545636867890809,OOF_dev
AP0037,2026-05-04 03:48:00,2,0.9771076794228852,13.814383049629214,11.817078847905584,OOF_dev
AP0037,2026-05-04 04:08:00,3,0.9850741505031235,15.524094612927456,13.664731398301562,OOF_dev
AP0038,2026-05-04 10:12:00,0,0.6683809013279336,-14.374157683887688,-7.787737509055149,OOF_dev
AP0038,2026-05-04 10:42:00,1,0.8696627770608435,-0.820976226420953,2.69580922476568,OOF_dev
AP0038,2026-05-04 11:07:00,2,0.9722998700321646,11.847307465501672,9.204629409672897,OOF_dev
AP0038,2026-05-04 11:27:00,3,0.9756253913886692,9.886869270674651,10.840934183367349,OOF_dev
AP0039,2026-05-04 18:05:00,0,0.7218696825074384,-5.081703732423193,9.133440775661631,OOF_dev
AP0039,2026-05-04 18:35:00,1,0.9629185351916089,6.411748737044036,0.6866860628536469,OOF_dev
AP0039,2026-05-04 19:00:00,2,0.9851303899152082,7.359870739069038,10.828481932534583,OOF_dev
AP0039,2026-05-04 19:20:00,3,0.9874032027946067,10.761220924284089,9.845925895059429,OOF_dev
AP0040,2026-05-05 01:30:00,0,0.7422679453823273,-16.227842586081124,-15.801162602303997,OOF_dev
AP0040,2026-05-05 02:00:00,1,0.8272134193557097,-5.85122113572379,-9.017949199479368,OOF_dev
AP0040,2026-05-05 02:25:00,2,0.9632902336781786,0.4703988856981596,4.732243625409841,OOF_dev
AP0040,2026-05-05 02:45:00,3,0.9724779068869011,0.44784760636980536,13.01925920052465,OOF_dev
AP0041,2026-05-05 08:59:00,0,0.7358190057595491,-8.259179440561411,-11.427547564522635,OOF_dev
AP0041,2026-05-05 09:29:00,1,0.9644014374279113,6.472782187575831,6.409551776413877,OOF_dev
AP0041,2026-05-05 09:54:00,2,0.9778956340851693,4.3735050368286466,11.379108738166906,OOF_dev
AP0041,2026-05-05 10:14:00,3,0.9796969040295336,7.990990323638698,10.04131760179869,OOF_dev
AP0042,2026-05-05 16:21:00,0,0.7561541943347366,-5.8684982687971115,-3.7813575932456436,OOF_dev
AP0042,2026-05-05 16:51:00,1,0.9337088617957141,1.3531454046540148,5.3873559771801505,OOF_dev
AP0042,2026-05-05 17:16:00,2,0.9797367726554164,5.085962333709631,5.548038567497889,OOF_dev
AP0042,2026-05-05 17:36:00,3,0.983481905034276,7.180781557112596,8.067646923421345,OOF_dev
AP0043,2026-05-05 23:45:00,0,0.7478849144171473,-12.408616487500694,-11.155028253758877,OOF_dev
AP0043,2026-05-06 00:15:00,1,0.9524926279383058,-1.7747395972487539,2.9286854309130446,OOF_dev
AP0043,2026-05-06 00:40:00,2,0.978587204960631,5.821718091117646,6.5389818136368465,OOF_dev
AP0043,2026-05-06 01:00:00,3,0.9816414997330302,9.381668201227285,6.437570792412527,OOF_dev
AP0044,2026-05-06 07:19:00,0,0.7494676036533982,-12.718421282297413,-9.997979124466955,OOF_dev
AP0044,2026-05-06 07:49:00,1,0.9458871246630403,-1.3221492961529293,6.919124862612232,OOF_dev
AP0044,2026-05-06 08:14:00,2,0.9757174734230116,8.460739486990633,7.9288683647741705,OOF_dev
AP0044,2026-05-06 08:34:00,3,0.9721289730436157,-1.044864824432807,10.773017129036706,OOF_dev
AP0045,2026-05-06 15:25:00,0,0.7210188239663249,6.311733617741538,-4.243676667248048,OOF_dev
AP0045,2026-05-06 15:55:00,1,0.9512561699820982,3.502570337433326,11.882220296753694,OOF_dev
AP0045,2026-05-06 16:20:00,2,0.9596430127095337,5.593523224260252,4.451852145628858,OOF_dev
AP0045,2026-05-06 16:40:00,3,0.9584908732303997,20.717150423922476,6.237891391409023,OOF_dev
AP0046,2026-05-06 22:55:00,0,0.7894174560101362,-16.57934889071521,-11.98988444146927,OOF_dev
AP0046,2026-05-06 23:25:00,1,0.9436679137575742,5.3204771883442845,-0.11875334955118966,OOF_dev
AP0046,2026-05-06 23:50:00,2,0.979565412625966,9.864780700495885,8.855480134138393,OOF_dev
AP0046,2026-05-07 00:10:00,3,0.984784426449168,-7.300403154930336,11.829162029447293,OOF_dev
AP0047,2026-05-07 06:37:00,0,0.7480204802583644,-14.772667928125202,-10.587534720743914,OOF_dev
AP0047,2026-05-07 07:07:00,1,0.9546253036332831,-3.948888101394232,9.630592012392706,OOF_dev
AP0047,2026-05-07 07:32:00,2,0.9789420647194056,8.830884162491884,10.818695667350156,OOF_dev
AP0047,2026-05-07 07:52:00,3,0.981623592227095,4.521612508805447,5.733601233667393,OOF_dev
AP0048,2026-05-07 14:46:00,0,0.7601753043388775,-9.488114488151268,-10.768880919128963,OOF_dev
AP0048,2026-05-07 15:16:00,1,0.9535176367685804,-0.8574450078401696,1.194080618165275,OOF_dev
AP0048,2026-05-07 15:41:00,2,0.975555340034506,2.518882722245735,11.596450828355131,OOF_dev
AP0048,2026-05-07 16:01:00,3,0.9824770725041092,8.614607997409166,7.762466326555856,OOF_dev
AP0049,2026-05-07 22:30:00,0,0.8131127963325322,-15.603142257060199,-7.412629036321807,OOF_dev
AP0049,2026-05-07 23:00:00,1,0.9642755765520687,-6.28380852697228,4.389593127769771,OOF_dev
AP0049,2026-05-07 23:25:00,2,0.9725498313501351,4.933290544846386,-1.2541401751776076,OOF_dev
AP0049,2026-05-07 23:45:00,3,0.9816144913670416,3.5819513510286924,9.742495766288764,OOF_dev
AP0050,2026-05-08 06:19:00,0,0.8781543262305561,-13.956322285573378,-11.553460326427695,OOF_dev
AP0050,2026-05-08 06:49:00,1,0.9505705085769138,2.258738345885149,4.268861308461458,OOF_dev
AP0050,2026-05-08 07:14:00,2,0.9847761798442343,4.094473077665725,17.459487322010595,OOF_dev
AP0050,2026-05-08 07:34:00,3,0.9903413768101813,3.318609185130981,14.794596870300357,OOF_dev
AP0051,2026-05-08 14:35:00,0,0.7002518378690222,-6.173707761667856,-7.99076973511374,OOF_dev
AP0051,2026-05-08 15:05:00,1,0.9686976644235087,-1.2136488014364204,5.1384119375535,OOF_dev
AP0051,2026-05-08 15:30:00,2,0.9575728600041479,6.5464087985167225,7.754809871495334,OOF_dev
AP0051,2026-05-08 15:50:00,3,0.9762671810257176,11.369241946468037,10.676682693387924,OOF_dev
AP0052,2026-05-08 22:34:00,0,0.5879263322228687,-1.229448314708634,-11.253650226692828,OOF_dev
AP0052,2026-05-08 23:04:00,1,0.9444898766159947,28.939383540192694,8.424999975261121,OOF_dev
AP0052,2026-05-08 23:29:00,2,0.9734908331693134,23.58468845870766,9.578607122140772,OOF_dev
AP0052,2026-05-08 23:49:00,3,0.9880285961521859,6.366492213104948,9.86101912992687,OOF_dev
AP0053,2026-05-09 06:37:00,0,0.763590058453876,-8.875123807360069,-2.9330117637744864,OOF_dev
AP0053,2026-05-09 07:07:00,1,0.9734543792369703,12.754193799812356,8.64856627441014,OOF_dev
AP0053,2026-05-09 07:32:00,2,0.9759239206857395,23.980372790033243,8.675381180044278,OOF_dev
AP0053,2026-05-09 07:52:00,3,0.9873645031082096,16.93626137116439,8.834109965792294,OOF_dev
AP0054,2026-05-09 14:44:00,0,0.7295055744568051,-11.113126369561314,-5.855922575810569,OOF_dev
AP0054,2026-05-09 15:14:00,1,0.9759883009203332,-0.011251528445200165,5.3353869288925,OOF_dev
AP0054,2026-05-09 15:39:00,2,0.9769691286557338,9.532690709096869,9.702460083911053,OOF_dev
AP0054,2026-05-09 15:59:00,3,0.9837734290812395,12.011917774791755,6.775953792345614,OOF_dev
AP0055,2026-05-09 22:16:00,0,0.937958703239453,-7.431499195741253,-11.442683448757446,OOF_dev
AP0055,2026-05-09 22:46:00,1,0.9782985886442656,12.036604911748782,8.963057164513367,OOF_dev
AP0055,2026-05-09 23:11:00,2,0.9780437142587635,12.355840652230881,8.144095746595273,OOF_dev
AP0055,2026-05-09 23:31:00,3,0.986482770010882,8.984907796049583,10.067420363127532,OOF_dev
AP0056,2026-05-10 06:10:00,0,0.9082566780552148,-9.15743824482115,1.0389402381154358,OOF_dev
AP0056,2026-05-10 06:40:00,1,0.965292943292029,7.590534007497126,1.2975629483696924,OOF_dev
AP0056,2026-05-10 07:05:00,2,0.977971964619231,10.300420413432903,11.324615038820555,OOF_dev
AP0056,2026-05-10 07:25:00,3,0.9901375431418021,7.8625244187962835,11.619182933428933,OOF_dev
AP0057,2026-05-10 14:15:00,0,0.8861618018480633,-6.0412435241210005,-6.188685890367971,OOF_dev
AP0057,2026-05-10 14:45:00,1,0.9674880630640981,26.429568197331264,3.3432432051606433,OOF_dev
AP0057,2026-05-10 15:10:00,2,0.9734004136086338,21.362487293855338,15.068711087997091,OOF_dev
AP0057,2026-05-10 15:30:00,3,0.9875324908351253,1.2615433939151899,11.511530008649439,OOF_dev
AP0058,2026-05-10 21:48:00,0,0.7747528942631262,-16.34056167858057,-26.608277400980576,OOF_dev
AP0058,2026-05-10 22:18:00,1,0.917505512909011,-5.429920649311043,4.963538693996514,OOF_dev
AP0058,2026-05-10 22:43:00,2,0.9689964394005299,8.333575539410958,4.553855059901647,OOF_dev
AP0058,2026-05-10 23:03:00,3,0.9729695284024293,18.431096145478932,11.494541627357068,OOF_dev
AP0059,2026-05-11 05:54:00,0,0.8082191553478175,-4.083681530960121,-1.562534626038354,OOF_dev
AP0059,2026-05-11 06:24:00,1,0.9812027086448399,14.79094505768012,7.539827590120684,OOF_dev
AP0059,2026-05-11 06:49:00,2,0.9787622584859363,22.979924559391293,11.495719465074423,OOF_dev
AP0059,2026-05-11 07:09:00,3,0.9890486517727765,18.654007523356086,5.375044443142961,OOF_dev
AP0060,2026-05-11 13:48:00,0,0.7432267928170924,-7.3263428367486085,1.333885128002661,OOF_dev
AP0060,2026-05-11 14:18:00,1,0.9459577231164006,14.428661723052755,16.550257223250114,OOF_dev
AP0060,2026-05-11 14:43:00,2,0.9795710625043846,-21.6515375992808,0.7291224347698559,OOF_dev
AP0060,2026-05-11 15:03:00,3,0.9776569738910206,11.054714714420243,7.49670332413809,OOF_dev
AP0061,2026-05-11 23:11:00,0,0.7972161864967476,-23.44445520091699,-1.0374620896619051,OOF_dev
AP0061,2026-05-11 23:41:00,1,0.9465813393258943,-2.3900455417406192,4.660734098743855,OOF_dev
AP0061,2026-05-12 00:06:00,2,0.9736720413124774,-3.3443712090987674,4.732703785505502,OOF_dev
AP0061,2026-05-12 00:26:00,3,0.982642014663858,16.063634878323796,7.615907946889201,OOF_dev
AP0062,2026-05-12 07:42:00,0,0.7586770795821376,6.7696571647113615,1.7911583753002362,OOF_dev
AP0062,2026-05-12 08:12:00,1,0.9654601952250674,21.795890622025127,14.500387250299509,OOF_dev
AP0062,2026-05-12 08:37:00,2,0.9751562465376139,18.08295851420894,15.886659875821,OOF_dev
AP0062,2026-05-12 08:57:00,3,0.9859251522042172,13.444793189896245,12.356782515000015,OOF_dev
AP0063,2026-05-12 15:57:00,0,0.7747104432801772,-7.806882088445718,-8.391374001276471,OOF_dev
AP0063,2026-05-12 16:27:00,1,0.9637609569171317,6.292313020768461,4.634387003760934,OOF_dev
AP0063,2026-05-12 16:52:00,2,0.9782370959969452,12.489852867122863,10.750200283371516,OOF_dev
AP0063,2026-05-12 17:12:00,3,0.9788237101691377,15.840658156668269,15.058526092252725,OOF_dev
AP0064,2026-05-13 00:05:00,0,0.7666494414059802,-10.406625900026938,-9.62008315464634,OOF_dev
AP0064,2026-05-13 00:35:00,1,0.9658811557549126,2.936750945910262,7.851864703904994,OOF_dev
AP0064,2026-05-13 01:00:00,2,0.982651882979902,11.061933827408893,11.443938199150992,OOF_dev
AP0064,2026-05-13 01:20:00,3,0.9901017815403923,3.826100477019054,13.978491373534947,OOF_dev
AP0065,2026-05-13 07:53:00,0,0.9054351334734895,41.815744085804226,-0.8751534103342007,OOF_dev
AP0065,2026-05-13 08:23:00,1,0.9896988270089463,11.486302378265464,-1.137863193121916,OOF_dev
AP0065,2026-05-13 08:48:00,2,0.9909183418042092,3.655905837017599,1.1212130428964577,OOF_dev
AP0065,2026-05-13 09:08:00,3,0.9918937437126752,1.2754906773011498,9.82752681666406,OOF_dev
AP0066,2026-05-13 15:40:00,0,0.8603031536312646,6.592180510762091,5.375261906894017,OOF_dev
AP0066,2026-05-13 16:10:00,1,0.9705303500342476,3.284190426892792,1.7301483695654745,OOF_dev
AP0066,2026-05-13 16:35:00,2,0.9808083975571394,-8.947464091391112,1.97295648056246,OOF_dev
AP0066,2026-05-13 16:55:00,3,0.989938861676507,-2.808147144603481,1.1610341346449995,OOF_dev
AP0067,2026-05-13 23:36:00,0,0.8707267860104233,-14.3710980273097,-15.757523675202444,OOF_dev
AP0067,2026-05-14 00:06:00,1,0.9721931508312959,13.721440468210176,-9.703813195551891,OOF_dev
AP0067,2026-05-14 00:31:00,2,0.9889559747286564,2.09854400928657,7.573886651894768,OOF_dev
AP0068,2026-05-14 06:57:00,0,0.8228376649712674,-27.197557062941996,-10.106588227267032,OOF_dev
AP0068,2026-05-14 07:27:00,1,0.9596943465939366,13.89695390891211,-9.823464942472881,OOF_dev
AP0068,2026-05-14 07:52:00,2,0.959566106977658,9.418630376671672,7.926568690922204,OOF_dev
AP0068,2026-05-14 08:12:00,3,0.9865350895818495,1.9088754165206865,8.472419664621187,OOF_dev
AP0069,2026-05-14 14:51:00,0,0.8695033189152614,-2.7756372463736625,-7.166621886026451,OOF_dev
AP0069,2026-05-14 15:21:00,1,0.9649516681252707,17.07120559696773,0.6895550855499883,OOF_dev
AP0069,2026-05-14 15:46:00,2,0.9821115356332446,25.567007016852358,7.157937969398101,OOF_dev
AP0069,2026-05-14 16:06:00,3,0.989350631927064,6.873965298078019,6.034875492577324,OOF_dev
AP0070,2026-05-14 22:34:00,0,0.8295149123417239,-20.377432672559735,-15.048439942622792,OOF_dev
AP0070,2026-05-14 23:04:00,1,0.9482952742302017,5.7967274774275666,-5.855901908618476,OOF_dev
AP0070,2026-05-14 23:29:00,2,0.9766575762248092,25.397510246831644,12.013437007119755,OOF_dev
AP0070,2026-05-14 23:49:00,3,0.98695090277483,5.425272229789925,13.805939331587158,OOF_dev
AP0071,2026-05-15 06:18:00,0,0.7355730409510779,-12.167785510546764,-18.737905486337915,OOF_dev
AP0071,2026-05-15 06:48:00,1,0.9718159925158054,2.447362867205129,3.2796730875483138,OOF_dev
AP0071,2026-05-15 07:13:00,2,0.9778186016260467,3.8678393805812448,7.256001510923992,OOF_dev
AP0071,2026-05-15 07:33:00,3,0.9836135917467858,12.07425767618497,12.904162847780091,OOF_dev
AP0072,2026-05-15 14:31:00,0,0.7552727404237753,-11.126859285242062,-7.324651852684608,OOF_dev
AP0072,2026-05-15 15:01:00,1,0.9478560320168223,0.33142731412749526,-4.967923556641499,OOF_dev
AP0072,2026-05-15 15:26:00,2,0.9538134732121891,12.51358361396342,3.0171272156420867,OOF_dev
AP0072,2026-05-15 15:46:00,3,0.9716844689905981,12.829843534703286,11.274966204426661,OOF_dev
AP0073,2026-05-15 22:40:00,0,0.8640470200718302,-18.845889984407904,-14.642679230285145,OOF_dev
AP0073,2026-05-15 23:10:00,1,0.9661485012930113,-2.6483854629664165,-8.143476476252946,OOF_dev
AP0073,2026-05-15 23:35:00,2,0.9770856405597809,6.7219001794608175,3.44352819700601,OOF_dev
AP0073,2026-05-15 23:55:00,3,0.9832006068785016,6.764903940570548,6.323027387770343,OOF_dev
AP0074,2026-05-16 06:26:00,0,0.7879164160135113,-18.574839860776592,-7.349095326901002,OOF_dev
AP0074,2026-05-16 06:56:00,1,0.9721117791168457,12.339253193679951,3.246301686658126,OOF_dev
AP0074,2026-05-16 07:21:00,2,0.9745069510148843,11.184772726812298,9.596809028363392,OOF_dev
AP0074,2026-05-16 07:41:00,3,0.9835138739837641,4.872960123618441,10.967214813994755,OOF_dev
AP0075,2026-05-16 14:21:00,0,0.850948135318021,-5.748522841945032,-13.47705954509508,OOF_dev
AP0075,2026-05-16 14:51:00,1,0.9694437296901971,20.34681762038008,0.7414392685895844,OOF_dev
AP0075,2026-05-16 15:16:00,2,0.9796939604316083,9.755513126175856,18.34521706632956,OOF_dev
AP0075,2026-05-16 15:36:00,3,0.990803181360686,3.4012321072598297,6.182376471340584,OOF_dev
AP0076,2026-05-16 22:05:00,0,0.8061294471472955,-10.918546900672709,-15.31385534990844,OOF_dev
AP0076,2026-05-16 22:35:00,1,0.9693625531467445,-3.1132408319017486,-1.8543351686413594,OOF_dev
AP0076,2026-05-16 23:00:00,2,0.9763716038671421,-6.325647587977073,2.850354059789923,OOF_dev
AP0076,2026-05-16 23:20:00,3,0.9856528910729042,0.8308177787807836,-0.32721462503803334,OOF_dev
AP0077,2026-05-17 05:42:00,0,0.8162199216723823,-25.002026507774644,-18.67666475008156,OOF_dev
AP0077,2026-05-17 06:12:00,1,0.9723509526468325,13.106790641912312,-12.818652060711528,OOF_dev
AP0077,2026-05-17 06:37:00,2,0.9737593277964587,-0.3569328649543877,5.080059781307572,OOF_dev
AP0077,2026-05-17 06:57:00,3,0.9844331125677118,-1.8074740651893535,1.984945417768925,OOF_dev
AP0078,2026-05-17 13:51:00,0,0.8236492529586346,-14.345270820320366,-3.5308037420020315,OOF_dev
AP0078,2026-05-17 14:21:00,1,0.9393749576984117,-13.123419024852637,-2.671798283933776,OOF_dev
AP0078,2026-05-17 14:46:00,2,0.9837692828334169,-7.4419791562572755,0.9474812365748604,OOF_dev
AP0078,2026-05-17 15:06:00,3,0.9881059018692729,-2.927344260653399,-0.7022065215468277,OOF_dev
AP0079,2026-05-17 21:39:00,0,0.7815016281972509,-1.4988286049363069,-6.339682519622051,OOF_dev
AP0079,2026-05-17 22:09:00,1,0.9599239535412648,-18.805699697084265,-7.030866492458272,OOF_dev
AP0079,2026-05-17 22:34:00,2,0.9681259829517143,-11.641901471858318,-13.542634500834197,OOF_dev
AP0079,2026-05-17 22:54:00,3,0.9812580550117475,-38.57942565531994,-2.0243689642834872,OOF_dev
AP0080,2026-05-18 05:39:00,0,0.7018633650115131,-35.52154175386249,-14.015678183766486,OOF_dev
AP0080,2026-05-18 06:09:00,1,0.9737451659350306,2.9185728348290922,2.6778840413575606,OOF_dev
AP0080,2026-05-18 06:34:00,2,0.9676574550820238,2.030164276786536,8.969320172040323,OOF_dev
AP0080,2026-05-18 06:54:00,3,0.9825188506901651,14.637834418364946,5.973394784438333,OOF_dev
AP0081,2026-05-18 13:46:00,0,0.7088968971744204,-13.814374294742265,-19.5000230023206,OOF_dev
AP0081,2026-05-18 14:16:00,1,0.9068615775352862,12.462613389247508,-6.485246207292452,OOF_dev
AP0081,2026-05-18 14:41:00,2,0.9732793922678925,18.90228261438915,0.6958982462453158,OOF_dev
AP0081,2026-05-18 15:01:00,3,0.9819031437591882,0.028129757308079206,3.9452201690529867,OOF_dev
AP0082,2026-05-18 21:42:00,0,0.765448518374994,-15.876242995452685,-12.296557050851698,OOF_dev
AP0082,2026-05-18 22:12:00,1,0.9581287564323664,5.537378498985163,-7.846230990898619,OOF_dev
AP0082,2026-05-18 22:37:00,2,0.9766992415197651,14.530397888479683,7.09165330568449,OOF_dev
AP0082,2026-05-18 22:57:00,3,0.9781195106073654,16.814627830355676,1.1398554919487691,OOF_dev
AP0083,2026-05-19 05:35:00,0,0.7706154553264608,-27.67025018450363,-14.26078595179306,OOF_dev
AP0083,2026-05-19 06:05:00,1,0.8946297710571665,-0.8553697792353887,-4.294340763494978,OOF_dev
AP0083,2026-05-19 06:30:00,2,0.9777470173543422,28.667693418816725,6.178307007516484,OOF_dev
AP0083,2026-05-19 06:50:00,3,0.9910336712611455,6.492282577606375,8.720841639103593,OOF_dev
AP0084,2026-05-19 14:04:00,0,0.8290756355320578,18.09889540962763,-3.9799117468591056,OOF_dev
AP0084,2026-05-19 14:34:00,1,0.978073496273382,3.741785664663439,-3.6327304336147552,OOF_dev
AP0084,2026-05-19 14:59:00,2,0.9901493427099498,-9.02848614279037,-6.018346094844701,OOF_dev
AP0084,2026-05-19 15:19:00,3,0.9935064204479878,2.4056352053871706,-6.710302897838999,OOF_dev
AP0085,2026-05-19 21:35:00,0,0.7331539184600382,-11.458342056220545,-3.059150401701194,OOF_dev
AP0085,2026-05-19 22:05:00,1,0.9554174513223154,-25.556967194053186,-4.051061882322061,OOF_dev
AP0085,2026-05-19 22:30:00,2,0.9752120854562452,-14.311346203114681,-9.335450213167766,OOF_dev
AP0085,2026-05-19 22:50:00,3,0.982417043670446,-4.629293189444752,-13.072115144931098,OOF_dev
AP0086,2026-05-20 05:05:00,0,0.6524757920964073,-29.486496556701013,-11.176477360527437,OOF_dev
AP0086,2026-05-20 05:35:00,1,0.885932288028236,-11.918620048694493,7.47948019271459,OOF_dev
AP0086,2026-05-20 06:00:00,2,0.9845319726602559,24.510592418263286,10.653233906823374,OOF_dev
AP0086,2026-05-20 06:20:00,3,0.9869693381704946,13.970545707504243,14.60589517109151,OOF_dev
AP0087,2026-05-20 14:10:00,0,0.7766198205716943,0.796013642044727,0.45337484925529525,OOF_dev
AP0087,2026-05-20 14:40:00,1,0.9677301634627905,28.736012764225052,2.8154040186419476,OOF_dev
AP0087,2026-05-20 15:05:00,2,0.9820341242904288,14.12159837567333,8.825762669811725,OOF_dev
AP0087,2026-05-20 15:25:00,3,0.9891349570331073,1.798679266342333,6.518134080135695,OOF_dev
AP0088,2026-05-20 21:42:00,0,0.7168677499157988,-8.9508302451286,-6.330346934828826,OOF_dev
AP0088,2026-05-20 22:12:00,1,0.9619477220506826,11.355256122833907,-4.474887176018553,OOF_dev
AP0088,2026-05-20 22:37:00,2,0.9823522185079048,-9.553686042173922,-0.8696632543090382,OOF_dev
AP0088,2026-05-20 22:57:00,3,0.9667148803408713,3.945575779808223,0.5057737606535871,OOF_dev
AP0089,2026-05-21 06:01:00,0,0.7407942307098438,-25.359016842595565,-17.216988002532474,OOF_dev
AP0089,2026-05-21 06:31:00,1,0.9727469774748474,2.263370410499874,1.380071500901069,OOF_dev
AP0089,2026-05-21 06:56:00,2,0.9803346432197131,-19.75835685222455,3.063613828195162,OOF_dev
AP0089,2026-05-21 07:16:00,3,0.9845516281626572,-3.1598943229566885,1.4923396819461747,OOF_dev
AP0090,2026-05-21 14:11:00,0,0.7127015877000791,-5.071629594852311,2.7269047409154212,OOF_dev
AP0090,2026-05-21 14:41:00,1,0.9713199260395913,-15.980844812962687,-7.640220058718737,OOF_dev
AP0090,2026-05-21 15:06:00,2,0.9780456003793622,-10.383445538132264,-14.258307143013212,OOF_dev
AP0090,2026-05-21 15:26:00,3,0.9834614460340532,-7.559905864776738,1.0091843855849563,OOF_dev
AP0091,2026-05-21 21:43:00,0,0.7846939357531977,-16.484451881681707,-3.4028242643992668,OOF_dev
AP0091,2026-05-21 22:13:00,1,0.9308861819739471,16.841908500143518,6.195871209822479,OOF_dev
AP0091,2026-05-21 22:38:00,2,0.976335298933701,12.120273713255756,15.460502977197871,OOF_dev
AP0091,2026-05-21 22:58:00,3,0.9792495162235735,-1.696887878785219,16.05484770490544,OOF_dev
AP0092,2026-05-22 05:46:00,0,0.8558092809375195,5.497065447572368,7.842776963535864,OOF_dev
AP0092,2026-05-22 06:16:00,1,0.9850505430418564,38.709677603142836,4.558360879797678,OOF_dev
AP0092,2026-05-22 06:41:00,2,0.9807242799421776,2.2339060236893147,3.5903750560063385,OOF_dev
AP0092,2026-05-22 07:01:00,3,0.993545991066815,0.7189672521305965,1.2365437412537155,OOF_dev
AP0093,2026-05-22 13:46:00,0,0.7759448119451249,-2.4594789477373524,-17.777685306568564,OOF_dev
AP0093,2026-05-22 14:16:00,1,0.9695869220814198,15.157051893402695,1.0683715091879198,OOF_dev
AP0093,2026-05-22 14:41:00,2,0.9769601185430847,11.226049615712554,6.148838843546947,OOF_dev
AP0093,2026-05-22 15:01:00,3,0.9777681601060271,-3.679123711888451,4.871917854405405,OOF_dev
AP0094,2026-05-22 21:16:00,0,0.7030297487203669,-21.622782561437816,-12.230768538087789,OOF_dev
AP0094,2026-05-22 21:46:00,1,0.8788179470884196,12.275370166054927,-2.375048084329817,OOF_dev
AP0094,2026-05-22 22:11:00,2,0.971475399388469,6.278167750225066,8.872906151951812,OOF_dev
AP0094,2026-05-22 22:31:00,3,0.9817222926811645,-7.158554726515604,8.150311756191858,OOF_dev
AP0095,2026-05-23 04:44:00,0,0.7791043128971813,4.008837953860166,-1.872805031064323,OOF_dev
AP0095,2026-05-23 05:14:00,1,0.9582723875768433,-2.2715406979657473,16.19583937236766,OOF_dev
AP0095,2026-05-23 05:39:00,2,0.9762279797217432,-7.366447981544297,12.404370240657697,OOF_dev
AP0095,2026-05-23 05:59:00,3,0.982028857089582,1.612492780059938,6.864449835804293,OOF_dev
AP0096,2026-05-23 12:41:00,0,0.7948585948970339,-10.189463284821386,-4.819606191988351,OOF_dev
AP0096,2026-05-23 13:11:00,1,0.9576355959277202,1.1653373443054988,-3.7356388165512544,OOF_dev
AP0096,2026-05-23 13:36:00,2,0.964645084444184,-7.103934929212755,3.3008272368606253,OOF_dev
AP0096,2026-05-23 13:56:00,3,0.9704450691757681,-5.094317082269981,-3.0615083449031633,OOF_dev
AP0097,2026-05-23 19:41:00,0,0.6087309897766207,-21.031387834439784,-19.833964813604172,OOF_dev
AP0097,2026-05-23 20:11:00,1,0.9067981481497813,0.7932047140748182,3.052212336011887,OOF_dev
AP0097,2026-05-23 20:36:00,2,0.9706566057198178,30.374722842205074,2.5720525985831015,OOF_dev
AP0097,2026-05-23 20:56:00,3,0.9734484534471243,-6.104934041123215,6.251573588503628,OOF_dev
AP0098,2026-05-24 03:43:00,0,0.7093753360017531,-3.8882970572290105,4.749772920989763,OOF_dev
AP0098,2026-05-24 04:13:00,1,0.9652629481344547,-9.400718382820514,-14.152251601655967,OOF_dev
AP0098,2026-05-24 04:38:00,2,0.9718962981486674,-10.06927244754911,-19.923656212651856,OOF_dev
AP0098,2026-05-24 04:58:00,3,0.9793381304485994,-1.3249832710205283,-11.176541751951069,OOF_dev
AP0099,2026-05-24 10:40:00,0,0.7407986619603162,-0.5794694607650399,-2.5123610169288364,OOF_dev
AP0099,2026-05-24 11:10:00,1,0.9403757383180755,-21.817742615463658,-5.717270934635114,OOF_dev
AP0099,2026-05-24 11:35:00,2,0.9769104971316617,-64.39663248498755,-17.49449804839744,OOF_dev
AP0099,2026-05-24 11:55:00,3,0.9879929611169829,-17.713004163530968,-1.9104920438630872,OOF_dev
AP0100,2026-05-24 18:30:00,0,0.8004558774097448,-29.99931115714503,-14.379258309610652,OOF_dev
AP0100,2026-05-24 19:00:00,1,0.9596193546886926,-10.98977355879606,-13.331477735631859,OOF_dev
AP0100,2026-05-24 19:25:00,2,0.971130773044975,17.95699501303966,-6.449105136635729,OOF_dev
AP0100,2026-05-24 19:45:00,3,0.9801342576652455,11.494843199660181,1.7121685808637737,OOF_dev
AP0101,2026-05-25 02:24:00,0,0.7883674637779878,26.340091080173124,-0.37543820704438446,OOF_dev
AP0101,2026-05-25 02:54:00,1,0.9695733849901278,9.271465025960651,0.961757775603985,OOF_dev
AP0101,2026-05-25 03:19:00,2,0.9750791107047758,1.832451812174213,-1.6392301753091663,OOF_dev
AP0101,2026-05-25 03:39:00,3,0.9794695913810793,1.4535883253195152,-2.506974268884659,OOF_dev
AP0102,2026-05-25 09:53:00,0,0.7357750784677944,-27.42983766840939,-14.422565751000151,OOF_dev
AP0102,2026-05-25 10:23:00,1,0.9454279090989515,12.855757513906383,-15.311485157121602,OOF_dev
AP0102,2026-05-25 10:48:00,2,0.9769243883855784,-15.291354328034913,-1.328235175645394,OOF_dev
AP0102,2026-05-25 11:08:00,3,0.9802379331101037,4.004442927100172,-13.195967718402072,OOF_dev
AP0103,2026-05-25 17:50:00,0,0.8063594069863873,4.817873905765055,-9.382719158023388,OOF_dev
AP0103,2026-05-25 18:20:00,1,0.977618776445484,-30.974831536980446,0.502671810252609,OOF_dev
AP0103,2026-05-25 18:45:00,2,0.9872787938828981,-25.34813433616182,-6.882074471591251,OOF_dev
AP0104,2026-05-26 01:22:00,0,0.7926597715774133,0.8104617482772483,-9.486527347307451,OOF_dev
AP0104,2026-05-26 01:52:00,1,0.964879377669174,22.02996232781993,3.144177236321097,OOF_dev
AP0104,2026-05-26 02:17:00,2,0.9746848585605917,-7.581781811309156,1.3041365180784044,OOF_dev
AP0104,2026-05-26 02:37:00,3,0.9774701372692274,1.4624171554232817,-3.9645249089294095,OOF_dev
AP0105,2026-05-26 08:35:00,0,0.7323206707406598,-11.413356595723144,-14.630073890182329,OOF_dev
AP0105,2026-05-26 09:05:00,1,0.9524522542508248,-23.41336639057522,-5.978835983050342,OOF_dev
AP0105,2026-05-26 09:30:00,2,0.9765085696504138,-22.66260573368868,-6.7302700257728505,OOF_dev
AP0105,2026-05-26 09:50:00,3,0.9868701841676755,1.8189203529659608,-8.155275428275624,OOF_dev
AP0106,2026-05-26 17:00:00,0,0.7638759698202566,-3.8705231161065967,-1.6388793789888494,OOF_dev
AP0106,2026-05-26 17:30:00,1,0.9154048844791767,-17.859777835075874,-8.238637840073931,OOF_dev
AP0106,2026-05-26 17:55:00,2,0.980489219695949,-31.623588322432397,-23.81902374611196,OOF_dev
AP0106,2026-05-26 18:15:00,3,0.9920300485497086,-2.5026084534856636,-12.320546982913706,OOF_dev
AP0107,2026-05-27 00:26:00,0,0.8419903730813572,-27.769237032240653,-11.298127015123017,OOF_dev
AP0107,2026-05-27 00:56:00,1,0.9741836635149353,-27.086203063442554,-13.919176135057016,OOF_dev
AP0107,2026-05-27 01:21:00,2,0.9775729348310115,-17.571942567996302,-11.869698975309324,OOF_dev
AP0107,2026-05-27 01:41:00,3,0.9873117012198521,-26.203481787824103,-6.196392599384598,OOF_dev
AP0108,2026-05-27 07:36:00,0,0.7287391432552371,-5.500637459946347,-8.307598698061634,OOF_dev
AP0108,2026-05-27 08:06:00,1,0.9503980895873068,-28.43549814563403,-17.30873424510363,OOF_dev
AP0108,2026-05-27 08:31:00,2,0.9710951547191603,-56.27801826337918,-14.732183303558054,OOF_dev
AP0108,2026-05-27 08:51:00,3,0.9797601743010214,-4.243177520029349,-4.453806586061426,OOF_dev
AP0109,2026-05-27 16:00:00,0,0.7842563958109486,-3.0666597989240927,-3.6368248826357767,OOF_dev
AP0109,2026-05-27 16:30:00,1,0.9014679070890131,-5.686553505917345,-5.616306334175409,OOF_dev
AP0109,2026-05-27 16:55:00,2,0.9748453156881023,-35.56659674030038,-9.127982794442415,OOF_dev
AP0109,2026-05-27 17:15:00,3,0.9801703945708803,-20.85538149617446,-6.10873291994368,OOF_dev
AP0110,2026-05-27 23:26:00,0,0.8396997366593969,7.371919815574074,-11.07650178641023,OOF_dev
AP0110,2026-05-27 23:56:00,1,0.9686183383772604,30.742126546260124,0.22019255400423782,OOF_dev
AP0110,2026-05-28 00:21:00,2,0.9808457601425895,-8.610390896176341,5.085658600857967,OOF_dev
AP0110,2026-05-28 00:41:00,3,0.9889255065588048,3.975977186896671,-0.9924641977571567,OOF_dev
AP0111,2026-05-28 07:10:00,0,0.8055442465300354,2.321707343607841,-16.06287850712726,OOF_dev
AP0111,2026-05-28 07:40:00,1,0.9546474974714693,1.8604933480528416,-10.782173981535049,OOF_dev
AP0111,2026-05-28 08:05:00,2,0.9783841689563305,-11.658119498282986,-11.824032323903513,OOF_dev
AP0111,2026-05-28 08:25:00,3,0.9825196407028909,0.803534788753268,-13.237874614999917,OOF_dev
AP0112,2026-05-28 15:34:00,0,0.854939552110395,-28.117097271086777,-13.414986186033907,OOF_dev
AP0112,2026-05-28 16:04:00,1,0.9749741251556904,-28.89601761423478,-19.9296434842788,OOF_dev
AP0112,2026-05-28 16:29:00,2,0.9800736480844278,-7.140841879422851,-22.892244901552026,OOF_dev
AP0112,2026-05-28 16:49:00,3,0.9887115058223467,9.152412837838483,-5.718205153980673,OOF_dev
AP0113,2026-05-28 23:04:00,0,0.87090335437366,0.4638808857891945,0.14387050840532178,OOF_dev
AP0113,2026-05-28 23:34:00,1,0.9615987440159048,-7.70182369015879,-10.31031829481023,OOF_dev
AP0113,2026-05-28 23:59:00,2,0.9730814332170827,-8.335616503422443,-17.207907872850864,OOF_dev
AP0113,2026-05-29 00:19:00,3,0.9828896863385597,-15.617030019003778,-9.318926908522197,OOF_dev
AP0114,2026-05-29 07:07:00,0,0.8116185550395748,-15.054562561859484,-8.473081606630235,OOF_dev
AP0114,2026-05-29 07:37:00,1,0.9584483762397378,-12.873253887351211,-18.471874042962895,OOF_dev
AP0114,2026-05-29 08:02:00,2,0.9761890393780034,-20.808444017268357,-17.014366584711404,OOF_dev
AP0114,2026-05-29 08:22:00,3,0.984920427663776,-1.3206175321465707,-14.57352743670777,OOF_dev
AP0115,2026-05-29 15:15:00,0,0.8266472189234998,12.637004524005533,-18.19745192523016,OOF_dev
AP0115,2026-05-29 15:45:00,1,0.9739537822525951,-9.803153337854155,-12.266552830069367,OOF_dev
AP0115,2026-05-29 16:10:00,2,0.975128811662727,-2.7063161439443775,-15.21544325066947,OOF_dev
AP0115,2026-05-29 16:30:00,3,0.9891595191575362,3.591029787349953,-5.354711073782693,OOF_dev
AP0116,2026-05-29 22:42:00,0,0.90560537015862,-9.003426150462019,-13.20185194154262,OOF_dev
AP0116,2026-05-29 23:12:00,1,0.9645354014737133,-13.713873599160934,-6.574045190230406,OOF_dev
AP0116,2026-05-29 23:37:00,2,0.98173299693771,1.9485374954495,-5.373668643690792,OOF_dev
AP0116,2026-05-29 23:57:00,3,0.9849798035028072,-10.172985747341045,10.263714779753755,OOF_dev
AP0117,2026-05-30 07:40:00,0,0.9005180293514297,-1.186084189648227,-10.513569221612086,OOF_dev
AP0117,2026-05-30 08:10:00,1,0.9705777908504727,13.104053996694347,-6.5662087217068486,OOF_dev
AP0117,2026-05-30 08:35:00,2,0.9774707052708335,12.186076578967231,-8.11774136532931,OOF_dev
AP0117,2026-05-30 08:55:00,3,0.9835018754320246,10.655807843459115,-2.150282679449758,OOF_dev
AP0118,2026-05-30 15:31:00,0,0.8506780331640974,-14.071124893303477,-21.476686086490794,OOF_dev
AP0118,2026-05-30 16:01:00,1,0.9783618057144637,-13.08694781027998,-15.076457964862243,OOF_dev
AP0118,2026-05-30 16:26:00,2,0.9857911358677811,-6.774689337548352,-18.820923353311212,OOF_dev
AP0118,2026-05-30 16:46:00,3,0.9847225501472573,-0.3483655624554558,-5.944667358964926,OOF_dev
AP0119,2026-05-30 23:45:00,0,0.8143688462194547,-6.83024710901077,-10.280527705299024,OOF_dev
AP0119,2026-05-31 00:15:00,1,0.9775351718944136,-29.479961154083412,-23.470072942078986,OOF_dev
AP0119,2026-05-31 00:40:00,2,0.98733327578066,-34.1266982469931,-21.01820588100167,OOF_dev
AP0119,2026-05-31 01:00:00,3,0.9927418444121956,-4.311933922322623,-14.568579809497525,OOF_dev
AP0120,2026-05-31 07:18:00,0,0.823965284770554,-3.658874273593028,-2.4812525202529407,OOF_dev
AP0120,2026-05-31 07:48:00,1,0.9707641453518393,-46.73854681775913,-11.897427848588254,OOF_dev
AP0120,2026-05-31 08:13:00,2,0.9843087275256435,-51.716111507589744,-22.483270624983938,OOF_dev
AP0120,2026-05-31 08:33:00,3,0.9926142586030727,2.8242108367633136,2.0142801556381342,OOF_dev
AP0121,2026-05-31 15:15:00,0,0.7945206518236975,-19.786792353146893,-14.475263243989492,OOF_dev
AP0121,2026-05-31 15:45:00,1,0.9810853429554733,25.222128414065082,-17.487514116109832,OOF_dev
AP0121,2026-05-31 16:10:00,2,0.9874429415739061,8.924014184417956,-12.41163709362306,OOF_dev
AP0121,2026-05-31 16:30:00,3,0.9911810183949918,5.50320434911896,-7.337051061103972,OOF_dev
AP0122,2026-05-31 22:39:00,0,0.8580900487839542,-8.924376762604197,-10.954577822810537,OOF_dev
AP0122,2026-05-31 23:09:00,1,0.9776176949420203,-21.35116956904494,-26.115975379323956,OOF_dev
AP0122,2026-05-31 23:34:00,2,0.9823101232943182,-36.09286612067285,-29.99643703232287,OOF_dev
AP0122,2026-05-31 23:54:00,3,0.9921868970181189,-4.434894318598936,-16.993444407337673,OOF_dev
AP0123,2026-06-01 06:22:00,0,0.9020586728732596,-5.594063135890565,-31.52200670544548,OOF_dev
AP0123,2026-06-01 06:52:00,1,0.970725455443463,-13.897499563950987,-25.62342279942719,OOF_dev
AP0123,2026-06-01 07:17:00,2,0.9842966149851284,-16.566137843258275,-20.48686193464688,OOF_dev
AP0123,2026-06-01 07:37:00,3,0.9857212640143481,-10.50990823635152,-12.689441024776286,OOF_dev
AP0124,2026-06-01 14:36:00,0,0.8345884464465795,-14.409632422754385,-10.690929197092299,OOF_dev
AP0124,2026-06-01 15:06:00,1,0.9716201625562563,-28.250739160091598,-33.378562935647885,OOF_dev
AP0124,2026-06-01 15:31:00,2,0.9820781664797407,-23.769670167410823,-27.690599403227697,OOF_dev
AP0124,2026-06-01 15:51:00,3,0.9853205298928444,2.1096709933904094,-16.072761914589766,OOF_dev
AP0125,2026-06-01 21:57:00,0,0.7570823543603072,-13.737677937735043,-7.638239714032447,OOF_dev
AP0125,2026-06-01 22:27:00,1,0.9719238110654487,-41.51537212042581,-32.69772117147786,OOF_dev
AP0125,2026-06-01 22:52:00,2,0.9846565908991594,-46.36335453252764,-28.97630319608534,OOF_dev
AP0125,2026-06-01 23:12:00,3,0.989201391147348,-13.03206797844382,-12.21666929027052,OOF_dev
AP0126,2026-06-02 05:38:00,0,0.7546594860364857,5.021639590895575,-14.473645047016639,OOF_dev
AP0126,2026-06-02 06:08:00,1,0.9698353396078071,-57.28523007846479,-26.362836733136493,OOF_dev
AP0126,2026-06-02 06:33:00,2,0.9867548958783068,-47.87760086103981,-25.545002034110013,OOF_dev
AP0126,2026-06-02 06:53:00,3,0.991460970870686,1.241304575080676,0.6190702257235949,OOF_dev
AP0127,2026-06-02 13:40:00,0,0.7828852754097929,-8.476326532637131,-9.180467849795011,OOF_dev
AP0127,2026-06-02 14:10:00,1,0.9714545720479382,-65.0653355662646,-25.115699047505192,OOF_dev
AP0127,2026-06-02 14:35:00,2,0.9851318829204149,-5.950893998206425,-19.097408261441878,OOF_dev
AP0127,2026-06-02 14:55:00,3,0.9792096923766239,5.175559000332896,1.8481094087111813,OOF_dev
AP0128,2026-06-02 21:20:00,0,0.7885630403555031,-33.199969056334226,-23.510169829488724,OOF_dev
AP0128,2026-06-02 21:50:00,1,0.9731558833731908,-3.198488513056759,-31.538807289731015,OOF_dev
AP0128,2026-06-02 22:15:00,2,0.9858911255180937,3.588806518695037,-19.576439317843377,OOF_dev
AP0128,2026-06-02 22:35:00,3,0.988455749969976,-0.5763184140224666,-6.700246601555641,OOF_dev
AP0129,2026-06-03 04:52:00,0,0.8007218579907756,2.8071869868451813,-20.162990501128085,OOF_dev
AP0129,2026-06-03 05:22:00,1,0.9067751883002543,-14.852740624993203,-24.938867485596692,OOF_dev
AP0129,2026-06-03 05:47:00,2,0.9734017956184506,-42.342137412094985,-18.14302697108555,OOF_dev
AP0129,2026-06-03 06:07:00,3,0.992535098447892,-2.845495441515709,-1.4497079915259654,OOF_dev
AP0130,2026-06-03 12:40:00,0,0.8894142963047713,-5.067137045428581,-4.825671994913388,OOF_dev
AP0130,2026-06-03 13:10:00,1,0.9740253233421191,-66.10707293510495,-22.949742754235682,OOF_dev
AP0130,2026-06-03 13:35:00,2,0.9825494313557075,-25.615601156992852,-13.84360038638826,OOF_dev
AP0130,2026-06-03 13:55:00,3,0.9892138410792526,-0.13966882458441887,0.09931900448923314,OOF_dev
AP0131,2026-06-03 20:37:00,0,0.8770660914750338,6.141128643845832,-16.898149115757445,OOF_dev
AP0131,2026-06-03 21:07:00,1,0.9757077793218986,-9.618576097358073,-27.087923222216528,OOF_dev
AP0131,2026-06-03 21:32:00,2,0.9737923716280518,-3.1148697616633854,-31.621796864009287,OOF_dev
AP0131,2026-06-03 21:52:00,3,0.9789824996132023,-22.41148521997343,-13.843108395790091,OOF_dev
AP0132,2026-06-04 04:50:00,0,0.8253537172463002,14.024611189809548,-16.983099042469707,OOF_dev
AP0132,2026-06-04 05:20:00,1,0.9738966191219671,-59.40318590061406,-52.967017825906964,OOF_dev
AP0132,2026-06-04 05:45:00,2,0.9796653513008627,-24.367628979112624,-37.60038221894534,OOF_dev
AP0132,2026-06-04 06:05:00,3,0.9882884059547771,-3.847368601882181,-15.501633834165267,OOF_dev
AP0133,2026-06-04 13:00:00,0,0.8540088779676237,-7.183183322802961,-19.95262159547441,OOF_dev
AP0133,2026-06-04 13:30:00,1,0.9638629812034352,-58.70525811798723,-41.537714030397616,OOF_dev
AP0133,2026-06-04 13:55:00,2,0.9725899233244844,-50.3262512698177,-23.407112055814952,OOF_dev
AP0133,2026-06-04 14:15:00,3,0.9879149012268672,1.9827206605765468,1.1182453110215698,OOF_dev
AP0134,2026-06-04 21:04:00,0,0.8651351189329162,-7.232397880501594,-15.564145955121834,OOF_dev
AP0134,2026-06-04 21:34:00,1,0.9687047318762827,-29.108454399176026,-33.98478120507738,OOF_dev
AP0134,2026-06-04 21:59:00,2,0.9847522607104275,-9.279202998016217,-32.06645997506632,OOF_dev
AP0134,2026-06-04 22:19:00,3,0.9861650373664147,-2.049818348232975,-20.15539066561684,OOF_dev
AP0135,2026-06-05 04:48:00,0,0.7923538269047766,-8.51673923831413,-14.01644793630682,OOF_dev
AP0135,2026-06-05 05:18:00,1,0.9569859617324138,-33.84388522685049,-32.3858809793641,OOF_dev
AP0135,2026-06-05 05:43:00,2,0.9815395592940727,-19.181809169401276,-31.95574899689002,OOF_dev
AP0135,2026-06-05 06:03:00,3,0.9828135407024806,-57.53115445732851,-14.208346495081098,OOF_dev
AP0136,2026-06-05 13:23:00,0,0.8356958915645343,-67.32924546487016,-14.540986213581895,OOF_dev
AP0136,2026-06-05 13:53:00,1,0.9763134908927934,-10.507315215205608,-20.065812028677474,OOF_dev
AP0136,2026-06-05 14:18:00,2,0.9773651729394913,6.966587616623542,-9.77843563792915,OOF_dev
AP0136,2026-06-05 14:38:00,3,0.9832714052747232,1.7109131389300956,6.279206419020605,OOF_dev
AP0137,2026-06-05 21:09:00,0,0.8004899002285488,9.66743113753978,-6.892215223122827,OOF_dev
AP0137,2026-06-05 21:39:00,1,0.9569704425193846,-57.010228428155415,-31.82035659817389,OOF_dev
AP0137,2026-06-05 22:04:00,2,0.9821434077280331,-23.725897489327735,-17.96245537624094,OOF_dev
AP0137,2026-06-05 22:24:00,3,0.9869677515978655,-1.0336705676240854,0.14207411417780966,OOF_dev
AP0138,2026-06-06 04:39:00,0,0.7684801479594001,-0.30552164761070344,-2.4671642074311535,OOF_dev
AP0138,2026-06-06 05:09:00,1,0.9690776801705443,-25.76683485417675,-26.50841087247956,OOF_dev
AP0138,2026-06-06 05:34:00,2,0.9727883029273929,-11.377629751018162,-25.621501906024218,OOF_dev
AP0138,2026-06-06 05:54:00,3,0.9811873548411539,-2.964274984522717,-1.8795798052141166,OOF_dev
AP0139,2026-06-06 13:43:00,0,0.7920575759264941,-89.43907878445327,-28.666091160035606,OOF_dev
AP0139,2026-06-06 14:13:00,1,0.9768531660921799,-17.108442226216425,-19.142559446562405,OOF_dev
AP0139,2026-06-06 14:38:00,2,0.9906173911135017,4.928663909548504,-14.754928802236675,OOF_dev
AP0139,2026-06-06 14:58:00,3,0.9937662902066127,8.93316813411866,-0.1070713332041488,OOF_dev
AP0140,2026-06-06 21:05:00,0,0.8103022135866271,-27.659314232544716,-3.569523479296519,OOF_dev
AP0140,2026-06-06 21:35:00,1,0.9777468884394119,-28.41704053421779,-21.990499612619004,OOF_dev
AP0140,2026-06-06 22:00:00,2,0.9798189297154651,-3.4101405982736424,-19.917636808836313,OOF_dev
AP0140,2026-06-06 22:20:00,3,0.9826736384639216,2.541904283747499,-2.51961425960167,OOF_dev
AP0141,2026-06-07 04:53:00,0,0.7271593016408555,38.72124496252923,-5.101111343550947,OOF_dev
AP0141,2026-06-07 05:23:00,1,0.9551698791579972,-65.62386791149788,-38.72265152109227,OOF_dev
AP0141,2026-06-07 05:48:00,2,0.9630425756710486,-53.18715287308612,-36.05046341227457,OOF_dev
AP0141,2026-06-07 06:08:00,3,0.9820622209369796,-2.21330982063148,1.1851490827332212,OOF_dev
AP0142,2026-06-07 13:07:00,0,0.830257718043784,-24.081952129263527,-19.43334364673663,OOF_dev
AP0142,2026-06-07 13:37:00,1,0.9763071981819377,-66.12571005291898,-32.484039643321864,OOF_dev
AP0142,2026-06-07 14:02:00,2,0.9847716330871776,-18.30595868108037,-15.888651424319882,OOF_dev
AP0142,2026-06-07 14:22:00,3,0.9915235084641953,4.438344001649739,-2.490401241993268,OOF_dev
AP0143,2026-06-07 20:53:00,0,0.8310010175316852,-4.658915584104761,-9.014228184831083,OOF_dev
AP0143,2026-06-07 21:23:00,1,0.9689194708042194,-65.11505825002996,-35.694410165025296,OOF_dev
AP0143,2026-06-07 21:48:00,2,0.9799099326616703,-10.20556642459428,-28.38692172423872,OOF_dev
AP0143,2026-06-07 22:08:00,3,0.9927746247515535,-5.404228244650994,-7.718749841767019,OOF_dev
AP0144,2026-06-08 04:27:00,0,0.8370999117030017,-17.88541513734185,-8.138271352196657,OOF_dev
AP0144,2026-06-08 04:57:00,1,0.967296146974691,-69.7523616489093,-30.64520350643879,OOF_dev
AP0144,2026-06-08 05:22:00,2,0.9911840962990021,-17.886331978435123,-24.331811985708043,OOF_dev
AP0144,2026-06-08 05:42:00,3,0.9921251388758192,-0.7206888887504874,-2.6868748157465436,OOF_dev
AP0145,2026-06-08 12:07:00,0,0.8587083745403976,-40.39069318699944,-36.30680077409778,OOF_dev
AP0145,2026-06-08 12:37:00,1,0.9752193168029251,-66.60873964648363,-35.44330385699251,OOF_dev
AP0145,2026-06-08 13:02:00,2,0.9773741485977987,-14.447825128718591,-17.49259138570699,OOF_dev
AP0145,2026-06-08 13:22:00,3,0.9887184462222535,2.19583302213357,-1.203779730898628,OOF_dev
AP0146,2026-06-08 19:50:00,0,0.8559394158878866,13.828123298643277,-5.083921145029028,OOF_dev
AP0146,2026-06-08 20:20:00,1,0.9705502669852502,-67.52102629732008,-39.795399284612046,OOF_dev
AP0146,2026-06-08 20:45:00,2,0.9777090671305645,-27.317509901504195,-27.372227139565553,OOF_dev
AP0146,2026-06-08 21:05:00,3,0.9885780090348765,-5.418201482005884,-2.212048535180927,OOF_dev
AP0147,2026-06-09 03:38:00,0,0.7535841333577546,3.2152595830905284,-22.179695620599052,OOF_dev
AP0147,2026-06-09 04:08:00,1,0.9672438919561929,-20.08472804275266,-46.27190767935546,OOF_dev
AP0147,2026-06-09 04:33:00,2,0.9824114393613994,-23.477681192762248,-46.631561757426454,OOF_dev
AP0147,2026-06-09 04:53:00,3,0.9930335995392813,-16.474362648781153,-27.67114977305435,OOF_dev
AP0148,2026-06-09 11:13:00,0,0.7637866461515467,-20.603389445555877,-5.101250815843777,OOF_dev
AP0148,2026-06-09 11:43:00,1,0.9476157544163772,-41.8601187184438,-31.967517632354742,OOF_dev
AP0148,2026-06-09 12:08:00,2,0.9767921077651004,-50.30045518461736,-35.32796067920517,OOF_dev
AP0148,2026-06-09 12:28:00,3,0.979477257007045,-3.3845414336699378,-7.1923084161643995,OOF_dev
AP0149,2026-06-09 18:52:00,0,0.7671978765841555,-4.383805630531924,-4.915970726352173,OOF_dev
AP0149,2026-06-09 19:22:00,1,0.965449962417524,-55.933998866761385,-36.65193293478688,OOF_dev
AP0149,2026-06-09 19:47:00,2,0.9777639355593729,-50.132419616922334,-27.791217133058865,OOF_dev
AP0149,2026-06-09 20:07:00,3,0.9839873730185306,-0.4811922028787876,-1.2608282744154926,OOF_dev
AP0150,2026-06-10 02:20:00,0,0.797341015407267,3.6971930248912486,-7.936516829031414,OOF_dev
AP0150,2026-06-10 02:50:00,1,0.932296023801717,-69.08500692703842,-46.111644376175825,OOF_dev
AP0150,2026-06-10 03:15:00,2,0.9719254902118097,-54.16176229087637,-33.051539711734826,OOF_dev
AP0150,2026-06-10 03:35:00,3,0.9877741052622345,0.5654632485183129,-4.14509936212327,OOF_dev
AP0151,2026-06-10 09:27:00,0,0.8003893392212083,9.35212312832141,-6.822474317678939,OOF_dev
AP0151,2026-06-10 09:57:00,1,0.9728570751667135,-59.90684924125753,-24.527915888438642,OOF_dev
AP0151,2026-06-10 10:22:00,2,0.9807579522593449,-10.573167711379938,-17.36597623575566,OOF_dev
AP0151,2026-06-10 10:42:00,3,0.970568470278376,-11.172218354668075,4.004851230777218,OOF_dev
AP0152,2026-06-10 17:22:00,0,0.8089126103327442,-13.778914298468862,-15.596724232384418,OOF_dev
AP0152,2026-06-10 17:52:00,1,0.961649948344854,-23.412660122061766,-18.097476218349797,OOF_dev
AP0152,2026-06-10 18:17:00,2,0.9793157618301015,-10.565310382538541,-13.562772966288547,OOF_dev
AP0152,2026-06-10 18:37:00,3,0.987283876703925,-1.2522965035622065,-2.741091256247697,OOF_dev
AP0153,2026-06-11 00:55:00,0,0.7653867113301847,37.47426252417745,0.6079331109804329,OOF_dev
AP0153,2026-06-11 01:25:00,1,0.9633505278439065,-63.11592960253893,-32.53110564486123,OOF_dev
AP0153,2026-06-11 01:50:00,2,0.9827370933347747,-43.687184910040514,-28.098441084995674,OOF_dev
AP0153,2026-06-11 02:10:00,3,0.9897237439547059,-1.4963798147553007,-11.100334675512725,OOF_dev
AP0154,2026-06-11 08:07:00,0,0.7985920883429507,-7.558988563865341,-30.132786719215687,OOF_dev
AP0154,2026-06-11 08:37:00,1,0.9651672352180461,-18.177675596337167,-37.03261752371045,OOF_dev
AP0154,2026-06-11 09:02:00,2,0.974905766977956,-21.375768644186337,-29.10646866095751,OOF_dev
AP0154,2026-06-11 09:22:00,3,0.9859218573170361,-9.803364864111018,-13.82119866372374,OOF_dev
AP0155,2026-06-11 16:07:00,0,0.7959920133353269,-3.01093722570522,-5.24861374932097,OOF_dev
AP0155,2026-06-11 16:37:00,1,0.9361489741612858,-8.58088938122728,-22.566339135593317,OOF_dev
AP0155,2026-06-11 17:02:00,2,0.9770437183656367,-17.933445469099297,-14.713890979287362,OOF_dev
AP0155,2026-06-11 17:22:00,3,0.9818316000122341,-8.318807401502454,-2.7160434500569175,OOF_dev
AP0156,2026-06-11 23:35:00,0,0.7950337273346484,11.12183714517505,-6.60627287247894,OOF_dev
AP0156,2026-06-12 00:05:00,1,0.9761895002497085,-70.86646126090841,-25.67288526245959,OOF_dev
AP0156,2026-06-12 00:30:00,2,0.9763565522274275,-13.42892484196068,-26.419757850594962,OOF_dev
AP0156,2026-06-12 00:50:00,3,0.9885429042095308,0.5793099829103312,-0.2164790782417091,OOF_dev
AP0157,2026-06-12 06:57:00,0,0.8501109979702691,-19.122996694721678,-0.5412905188191912,OOF_dev
AP0157,2026-06-12 07:27:00,1,0.971117314607924,-54.27841132609012,-18.152247330985507,OOF_dev
AP0157,2026-06-12 07:52:00,2,0.9739987243481243,-0.09329200699630746,-15.553446344594775,OOF_dev
AP0157,2026-06-12 08:12:00,3,0.9853492940698672,-2.3935990450736426,2.088984374374303,OOF_dev
AP0158,2026-06-12 14:39:00,0,0.7671063785954073,-6.948005552535278,-5.10001320583201,OOF_dev
AP0158,2026-06-12 15:09:00,1,0.9582576362344792,-21.055886664808668,-30.72623095393878,OOF_dev
AP0158,2026-06-12 15:34:00,2,0.9692963975461629,-12.169694578102053,-22.722709175877917,OOF_dev
AP0158,2026-06-12 15:54:00,3,0.9766097791532689,0.07277512948598996,-3.1105759500499506,OOF_dev
AP0159,2026-06-12 22:17:00,0,0.84370540334583,21.515667007435013,-13.657323928515947,OOF_dev
AP0159,2026-06-12 22:47:00,1,0.9471442994310642,-45.992398613910154,-42.64370131173415,OOF_dev
AP0159,2026-06-12 23:12:00,2,0.9745773891147695,-55.842992582586476,-27.608139692779396,OOF_dev
AP0159,2026-06-12 23:32:00,3,0.9825118521012955,-4.058084993744615,-13.185824884240887,OOF_dev
AP0160,2026-06-13 05:38:00,0,0.8238909428360313,-22.17751063449373,-11.708543970764993,OOF_dev
AP0160,2026-06-13 06:08:00,1,0.9789983643850217,-51.5834278392515,-44.423634017559586,OOF_dev
AP0160,2026-06-13 06:33:00,2,0.9796381759895763,-23.314164023769763,-36.16803423633575,OOF_dev
AP0160,2026-06-13 06:53:00,3,0.9884459269880128,-4.946320390943811,-6.298157964884053,OOF_dev
AP0161,2026-06-13 13:38:00,0,0.7929000921219637,-19.3309003022282,-9.56048233690695,OOF_dev
AP0161,2026-06-13 14:08:00,1,0.9727401960196864,-28.145389011988527,-26.298103808778247,OOF_dev
AP0161,2026-06-13 14:33:00,2,0.9782420892702087,-3.350052148159648,-15.586510727504026,OOF_dev
AP0161,2026-06-13 14:53:00,3,0.9801553980573323,0.061594625208499565,-6.0148930060516355,OOF_dev
AP0162,2026-06-13 21:16:00,0,0.763399409555734,8.066921201771493,-13.210961499346558,OOF_dev
AP0162,2026-06-13 21:46:00,1,0.9121828205331303,-40.45069028258126,-27.360967577788653,OOF_dev
AP0162,2026-06-13 22:11:00,2,0.9750685282851995,-21.52822797059889,-17.90804191020711,OOF_dev
AP0162,2026-06-13 22:31:00,3,0.9786941406768654,1.4137080657189927,-2.640427042403396,OOF_dev
AP0163,2026-06-14 05:08:00,0,0.7178622595757332,-63.6092018194488,-11.768091435111497,OOF_dev
AP0163,2026-06-14 05:38:00,1,0.9718904901480798,-16.70715506197871,-18.3535799893112,OOF_dev
AP0163,2026-06-14 06:03:00,2,0.9899403216891242,3.682696720924241,-19.48252569351401,OOF_dev
AP0163,2026-06-14 06:23:00,3,0.9905952214775687,6.722011064812477,-2.4893819284105194,OOF_dev
AP0164,2026-06-14 12:50:00,0,0.876877362206349,-20.75195472364976,-8.451737229738226,OOF_dev
AP0164,2026-06-14 13:20:00,1,0.9662770422490802,-62.97033018428829,-38.344148806620524,OOF_dev
AP0164,2026-06-14 14:05:00,3,0.977895653759845,3.870915745437287,-3.3949731062004167,OOF_dev
AP0165,2026-06-14 20:40:00,0,0.7561463715091445,-19.956472496742663,-30.1143953941223,OOF_dev
AP0165,2026-06-14 21:10:00,1,0.9554525471154593,-57.16517893569198,-36.6327490083914,OOF_dev
AP0165,2026-06-14 21:35:00,2,0.977282417361743,-56.3613616499747,-20.672276073492558,OOF_dev
AP0165,2026-06-14 21:55:00,3,0.9779326784423691,2.319209553311225,-5.577304550195993,OOF_dev
AP0166,2026-06-15 04:33:00,0,0.7004480619679008,-17.797631458040087,-15.910959936918609,OOF_dev
AP0166,2026-06-15 05:03:00,1,0.9724366804340384,-22.884633007492084,-36.91707143761868,OOF_dev
AP0166,2026-06-15 05:28:00,2,0.9720164201022626,-27.134643308734894,-19.240097064085827,OOF_dev
AP0166,2026-06-15 05:48:00,3,0.9756731143187408,-16.73895703321068,-5.589803526372749,OOF_dev
AP0167,2026-06-15 12:15:00,0,0.8333819298727184,5.788414842035991,-18.370412461397848,OOF_dev
AP0167,2026-06-15 12:45:00,1,0.9635870708749364,-29.936852065396806,-28.359940170986643,OOF_dev
AP0167,2026-06-15 13:10:00,2,0.9635354339533878,-18.599146658079235,-30.70127772225214,OOF_dev
AP0167,2026-06-15 13:30:00,3,0.9781432110706667,-42.99386469121532,-23.996216746893303,OOF_dev
AP0168,2026-06-15 20:04:00,0,0.7656630638745787,-19.223354394712942,-18.698438650754333,OOF_dev
AP0168,2026-06-15 20:34:00,1,0.9672256600093955,-23.89396040700626,-47.4010788793638,OOF_dev
AP0168,2026-06-15 20:59:00,2,0.9836709803066005,-39.95351972416802,-43.17571717195552,OOF_dev
AP0168,2026-06-15 21:19:00,3,0.98577414767146,-23.672763688426812,-18.804574942331566,OOF_dev
AP0169,2026-06-16 04:15:00,0,0.7589687493551094,-18.75981577025732,-32.970744972340924,OOF_dev
AP0169,2026-06-16 04:45:00,1,0.9354674023993798,-44.6366803985004,-32.132419107405696,OOF_dev
AP0169,2026-06-16 05:10:00,2,0.9735787083342246,-46.80177563760685,-30.449928529826913,OOF_dev
AP0169,2026-06-16 05:30:00,3,0.9700254096802945,4.053206485367241,-13.211201179404526,OOF_dev
AP0170,2026-06-16 12:18:00,0,0.8046361733918457,-10.066901228118695,-17.70029797839956,OOF_dev
AP0170,2026-06-16 12:48:00,1,0.9560811870113949,-16.984319014202583,-36.98056242130936,OOF_dev
AP0170,2026-06-16 13:13:00,2,0.982014076222071,-56.14113776630529,-37.51759966429248,OOF_dev
AP0170,2026-06-16 13:33:00,3,0.9829402606831346,-26.563192034741405,-18.30013725258552,OOF_dev
AP0171,2026-06-16 20:45:00,0,0.44397384581444566,-47.95429899428609,-28.2476145604892,OOF_dev
AP0171,2026-06-16 21:15:00,1,0.9606654490308143,-28.62154118778949,-34.86653812180065,OOF_dev
AP0171,2026-06-16 21:40:00,2,0.9500674645790044,-17.972405181564,-33.894973035312915,OOF_dev
AP0171,2026-06-16 22:00:00,3,0.9750205664505204,-12.968707259520329,-10.76380631438907,OOF_dev
AP0172,2026-06-17 04:53:00,0,0.825324401299849,-77.0205320936916,-29.18995335266033,OOF_dev
AP0172,2026-06-17 05:23:00,1,0.974803398756565,6.302263847865561,-20.833518493862304,OOF_dev
AP0172,2026-06-17 05:48:00,2,0.9774120103302253,6.670233092164835,-8.523667511672926,OOF_dev
AP0172,2026-06-17 06:08:00,3,0.9896254415779716,8.894900174738723,-0.6204255296614616,OOF_dev
AP0173,2026-06-17 12:40:00,0,0.7111561883673198,2.0252303079150806,-4.960350005753271,OOF_dev
AP0173,2026-06-17 13:10:00,1,0.9178981420757472,-42.900954905180924,-37.00853579089868,OOF_dev
AP0173,2026-06-17 13:35:00,2,0.9675477451630691,-50.60519001848752,-37.535113839685216,OOF_dev
AP0173,2026-06-17 13:55:00,3,0.9752628598985056,-1.2684869284219076,-4.162332815320851,OOF_dev
AP0174,2026-06-17 20:11:00,0,0.8008337296947721,-11.148577589549632,-3.2760346774396405,OOF_dev
AP0174,2026-06-17 20:41:00,1,0.9755968666371935,-65.3377407563678,-33.39449908765485,OOF_dev
AP0174,2026-06-17 21:06:00,2,0.9815555417093065,-3.186330977495345,-16.65881372439004,OOF_dev
AP0174,2026-06-17 21:26:00,3,0.9894806750951225,-0.810152026214837,-4.169769487837504,OOF_dev
AP0175,2026-06-18 03:43:00,0,0.8371158425771933,-31.995459548010103,-11.665803179858914,OOF_dev
AP0175,2026-06-18 04:13:00,1,0.9743542335365998,-6.311089211241551,-23.120599139924845,OOF_dev
AP0175,2026-06-18 04:38:00,2,0.9771896298412501,5.093582575315622,-13.072607394354245,OOF_dev
AP0175,2026-06-18 04:58:00,3,0.9875432324950414,2.3042144515720793,2.9264892308468324,OOF_dev
AP0176,2026-06-18 11:40:00,0,0.7544212352047739,40.89781617492554,-14.326157928586897,OOF_dev
AP0176,2026-06-18 12:10:00,1,0.8954939429253042,-18.21263658058683,-38.36756541690241,OOF_dev
AP0176,2026-06-18 12:35:00,2,0.9661562578286134,-62.10016183842981,-28.337577036019155,OOF_dev
AP0176,2026-06-18 12:55:00,3,0.9795440252407841,-10.81026091552667,-5.136573615809268,OOF_dev
AP0177,2026-06-18 19:35:00,0,0.7814992770472925,-14.09839616394106,-17.553952524821575,OOF_dev
AP0177,2026-06-18 20:05:00,1,0.9251506966867341,-14.576311359628562,-22.7951846386138,OOF_dev
AP0177,2026-06-18 20:30:00,2,0.9697776737016274,-16.363317462959913,-18.602419305016596,OOF_dev
AP0177,2026-06-18 20:50:00,3,0.9724699119180242,-2.343583848212802,-3.9703600125243543,OOF_dev
AP0178,2026-06-19 03:44:00,0,0.7316623102409157,-29.504287913772487,-4.352834420307041,OOF_dev
AP0178,2026-06-19 04:14:00,1,0.9671149866759448,-4.817193956236224,-34.93580532065076,OOF_dev
AP0178,2026-06-19 04:39:00,2,0.9685225012147347,-17.43114000044511,-13.283618251078883,OOF_dev
AP0178,2026-06-19 04:59:00,3,0.9858343212738611,5.173965431166835,-1.9251785368924474,OOF_dev
AP0179,2026-06-19 11:49:00,0,0.6947494171987635,31.504029286128798,-11.911032642316462,OOF_dev
AP0179,2026-06-19 12:19:00,1,0.951637472576312,-72.64667644027486,-21.969736251827612,OOF_dev
AP0179,2026-06-19 12:44:00,2,0.9689745335707253,-20.996868858550897,-23.53057990617445,OOF_dev
AP0179,2026-06-19 13:04:00,3,0.9750050816412745,-2.964242260480205,-7.218553395582559,OOF_dev
AP0180,2026-06-19 19:50:00,0,0.7011806262560347,-44.27674747109495,-17.400300506602914,OOF_dev
AP0180,2026-06-19 20:20:00,1,0.875484285661355,-28.335784993594643,-21.608485794775014,OOF_dev
AP0180,2026-06-19 20:45:00,2,0.9769147473695431,-49.49987179549839,-34.3211246940598,OOF_dev
AP0180,2026-06-19 21:05:00,3,0.9834621081109375,-33.73942791615991,-1.432205984747018,OOF_dev
AP0181,2026-06-20 03:43:00,0,0.7548587377070938,-20.06819106934745,-11.307466690505839,OOF_dev
AP0181,2026-06-20 04:13:00,1,0.935919315803959,-28.091671048714034,-37.501003944591254,OOF_dev
AP0181,2026-06-20 04:38:00,2,0.9758517643074396,-47.71156234527962,-30.496484213088888,OOF_dev
AP0181,2026-06-20 04:58:00,3,0.9791146952461834,5.683275924858435,-4.88218870314627,OOF_dev
AP0182,2026-06-20 12:23:00,0,0.6870015955369089,-64.89971343713955,-32.4936257222499,OOF_dev
AP0182,2026-06-20 12:53:00,1,0.9539742603452072,-3.2565780411659944,-37.0782100322639,OOF_dev
AP0182,2026-06-20 13:18:00,2,0.9595584275363312,20.072563892544622,-29.457742573274306,OOF_dev
AP0182,2026-06-20 13:38:00,3,0.9724662005240512,-4.8626395013488946,-24.765760288980736,OOF_dev
AP0183,2026-06-20 20:50:00,0,0.6534563191845677,-34.125642874044615,-24.050070488612302,OOF_dev
AP0183,2026-06-20 21:20:00,1,0.8779078508918622,-25.202077758340465,-23.068925260197595,OOF_dev
AP0183,2026-06-20 21:45:00,2,0.9688658925700594,-31.98728006935869,-23.485545047375467,OOF_dev
AP0183,2026-06-20 22:05:00,3,0.9798823412077549,8.139038359120946,-1.3365349621892932,OOF_dev
AP0184,2026-06-21 06:33:00,0,0.7813168318712935,1.7932270266667274,-9.820196447743472,OOF_dev
AP0184,2026-06-21 07:03:00,1,0.9623420448598372,-8.003988236413079,-31.08009576995699,OOF_dev
AP0184,2026-06-21 07:28:00,2,0.9765423387060949,-44.23581872489308,-33.67585025156121,OOF_dev
AP0184,2026-06-21 07:48:00,3,0.9820197449725732,-18.75971620264636,-20.43506344416854,OOF_dev
AP0185,2026-06-21 14:46:00,0,0.7226231585086087,-54.71414838483929,-29.95435900885201,OOF_dev
AP0185,2026-06-21 15:16:00,1,0.9696835060182802,-16.247329503516085,-17.579649490713674,OOF_dev
AP0185,2026-06-21 15:41:00,2,0.9799044242064952,-23.6413904242429,-12.378424459385933,OOF_dev
AP0185,2026-06-21 16:01:00,3,0.9786497917449356,-6.135467601328855,-2.472833104601104,OOF_dev
AP0186,2026-06-21 22:26:00,0,0.8187117185673081,4.502898413102912,-7.849167117195515,OOF_dev
AP0186,2026-06-21 22:56:00,1,0.9481243343814001,-18.458714113236056,-27.212473136523144,OOF_dev
AP0186,2026-06-21 23:21:00,2,0.9791959439783237,-55.93602861991917,-36.218036951153856,OOF_dev
AP0186,2026-06-21 23:41:00,3,0.9808282974140639,-4.682595847894163,-3.9898416681845954,OOF_dev
AP0187,2026-06-22 06:33:00,0,0.7182656316802118,-4.276025960696643,-15.543455133250049,OOF_dev
AP0187,2026-06-22 07:03:00,1,0.9585963725163693,-36.571079788222505,-35.84248965434199,OOF_dev
AP0187,2026-06-22 07:28:00,2,0.9680724544926891,-39.86581005735047,-31.770286802520555,OOF_dev
AP0187,2026-06-22 07:48:00,3,0.9798250746744953,-3.1588036216815,-16.109348930647876,OOF_dev
AP0188,2026-06-22 14:45:00,0,0.7371317130508993,-36.77925836119903,-41.28456667614902,OOF_dev
AP0188,2026-06-22 15:15:00,1,0.970016836455113,-12.731245065408757,-33.32574445997027,OOF_dev
AP0188,2026-06-22 15:40:00,2,0.9740944946807117,-2.011033224698167,-12.689128189521744,OOF_dev
AP0188,2026-06-22 16:00:00,3,0.9676554850225461,11.694860191158341,6.4839642810889355,OOF_dev
AP0189,2026-06-22 22:35:00,0,0.8665458952005901,-1.64941455312146,-9.776711117231015,OOF_dev
AP0189,2026-06-22 23:05:00,1,0.9572961894625303,-49.79925103895562,-31.729880033440672,OOF_dev
AP0189,2026-06-22 23:30:00,2,0.9743189236927711,-20.964752791904402,-15.920792202703513,OOF_dev
AP0189,2026-06-22 23:50:00,3,0.9799591791621385,-0.1358326284157556,-4.3245809353116815,OOF_dev
AP0190,2026-06-23 06:31:00,0,0.7761198067017998,-17.673281933641874,-6.5482521497545445,OOF_dev
AP0190,2026-06-23 07:01:00,1,0.9676552870704194,-28.33938848459593,-36.65545366563327,OOF_dev
AP0190,2026-06-23 07:26:00,2,0.9802568094974108,-42.11590172639808,-22.765897487411475,OOF_dev
AP0190,2026-06-23 07:46:00,3,0.9872099603403185,-7.253745211300384,-9.768003759693107,OOF_dev
AP0191,2026-06-23 15:01:00,0,0.773848978077232,-17.324209224023207,-15.984189269369631,OOF_dev
AP0191,2026-06-23 15:31:00,1,0.9734869756490642,-5.649093706692611,-32.956471079660375,OOF_dev
AP0191,2026-06-23 15:56:00,2,0.9786714437251142,-47.54802973147093,-21.724593713038843,OOF_dev
AP0191,2026-06-23 16:16:00,3,0.9857570287350945,-4.821413988003542,-3.001740769396863,OOF_dev
AP0192,2026-06-23 22:25:00,0,0.836248470764166,5.830225623388969,-2.9829347445536647,OOF_dev
AP0192,2026-06-23 22:55:00,1,0.9700229387257758,-20.63738425240922,-22.73236219349713,OOF_dev
AP0192,2026-06-23 23:20:00,2,0.9793865370637587,-18.146137407591823,-32.890098607946385,OOF_dev
AP0192,2026-06-23 23:40:00,3,0.9792453440900761,-19.32242104955799,-19.99385873086699,OOF_dev
AP0193,2026-06-24 06:31:00,0,0.8665531592729762,-17.444872309666607,-9.702903917149111,OOF_dev
AP0193,2026-06-24 07:01:00,1,0.9776244607469485,-25.035351387622313,-34.15313176200589,OOF_dev
AP0193,2026-06-24 07:26:00,2,0.9817707040823213,-6.259798192123299,-30.933725880413526,OOF_dev
AP0193,2026-06-24 07:46:00,3,0.984441751628588,-13.005717386946344,-13.970679854582167,OOF_dev
AP0194,2026-06-24 14:44:00,0,0.8583874767594574,-5.570262538423549,-24.145381933641957,OOF_dev
AP0194,2026-06-24 15:14:00,1,0.9746849335504696,8.090587593158716,-24.28642317348555,OOF_dev
AP0194,2026-06-24 15:39:00,2,0.988024443777927,-6.42970500882484,-19.73934930310126,OOF_dev
AP0194,2026-06-24 15:59:00,3,0.9807015800817912,0.6528577201700045,-6.7091405587848385,OOF_dev
AP0195,2026-06-24 22:22:00,0,0.7608176173524169,-47.74883519893592,-23.59559588929362,OOF_dev
AP0195,2026-06-24 22:52:00,1,0.9650911615327268,-18.988654997105186,-14.273800479371063,OOF_dev
AP0195,2026-06-24 23:17:00,2,0.9776568514169657,17.320572534987832,-17.650068982733067,OOF_dev
AP0195,2026-06-24 23:37:00,3,0.9794098896284557,4.376056932640495,8.444281695993514,OOF_dev
AP0196,2026-06-25 06:26:00,0,0.8940687108231026,-17.464298794153137,-27.758637899003826,OOF_dev
AP0196,2026-06-25 06:56:00,1,0.9698467270991176,-22.35837625603631,-28.852507367771597,OOF_dev
AP0196,2026-06-25 07:21:00,2,0.9750482539356372,-6.611773136731699,-14.352999919840492,OOF_dev
AP0196,2026-06-25 07:41:00,3,0.9861270027539333,1.6005205430126352,-2.67946371350554,OOF_dev
AP0197,2026-06-25 22:43:00,0,0.7844351807821551,1.7071315981415864,-6.192479090579161,OOF_dev
AP0197,2026-06-25 23:13:00,1,0.9613012771004991,-28.077502295654085,-13.214651496152996,OOF_dev
AP0197,2026-06-25 23:38:00,2,0.9722578519847939,-17.913208135007267,-11.581447952903012,OOF_dev
AP0197,2026-06-25 23:58:00,3,0.9806503663665032,-4.282383065198474,-3.488499772750811,OOF_dev
AP0198,2026-06-26 07:00:00,0,0.9155311562949737,-20.28734686525877,-16.269669255671772,OOF_dev
AP0198,2026-06-26 07:30:00,1,0.9768729416210947,-21.10071137523539,-18.089373518939134,OOF_dev
AP0198,2026-06-26 07:55:00,2,0.9799705662209293,-3.8525639791010917,-11.8051128160289,OOF_dev
AP0198,2026-06-26 08:15:00,3,0.9928608196130709,4.608194484638602,-1.9585083466720308,OOF_dev
AP0199,2026-06-26 14:56:00,0,0.8347623419947315,-14.813647718027141,-9.383497899769385,OOF_dev
AP0199,2026-06-26 15:26:00,1,0.9786449887829279,-14.031528178022768,-16.06044576721666,OOF_dev
AP0199,2026-06-26 15:51:00,2,0.9772134085248031,1.4617867224910697,-10.74413777819577,OOF_dev
AP0199,2026-06-26 16:11:00,3,0.9841295804540217,-4.134820590981803,2.189525438710574,OOF_dev
AP0200,2026-06-26 22:44:00,0,0.7672265204094073,-8.31855011609855,0.35774293813408853,OOF_dev
AP0200,2026-06-26 23:14:00,1,0.9299320795560322,-18.42403420060259,-15.174174965582026,OOF_dev
AP0200,2026-06-26 23:39:00,2,0.9735606477470052,-28.630091580417684,-16.199539847096315,OOF_dev
AP0200,2026-06-26 23:59:00,3,0.9804140766761844,-1.6688997039533433,-0.07097495542353371,OOF_dev
AP0201,2026-06-27 06:40:00,0,0.8360315593718481,-6.948190866336972,-12.173898661601775,OOF_dev
AP0201,2026-06-27 07:10:00,1,0.9551823251293269,-21.422916984034032,-16.2578773218856,OOF_dev
AP0201,2026-06-27 07:35:00,2,0.982007745690329,2.7693396439761955,-10.640945397998642,OOF_dev
AP0201,2026-06-27 07:55:00,3,0.9953206180138662,7.143738870438142,-1.3396825902092098,OOF_dev
AP0202,2026-06-27 14:22:00,0,0.8807602382087125,-17.107487907217205,-11.069431411282872,OOF_dev
AP0202,2026-06-27 14:52:00,1,0.9671502009795314,-28.97743023300916,-14.667669649338317,OOF_dev
AP0202,2026-06-27 15:17:00,2,0.9852133928762944,-17.71891204534154,-11.870322215294246,OOF_dev
AP0202,2026-06-27 15:37:00,3,0.9894218162813253,-13.351532705886711,2.2154002244841133,OOF_dev
AP0203,2026-06-27 23:15:00,0,0.7938796895455904,13.053740526989031,0.6398115905357097,OOF_dev
AP0203,2026-06-27 23:45:00,1,0.9660112659611017,-5.938441291412573,-22.39694907772306,OOF_dev
AP0203,2026-06-28 00:10:00,2,0.9777635024331627,-23.210167286026035,-11.550367084387858,OOF_dev
AP0203,2026-06-28 00:30:00,3,0.9797981570384059,-10.909289041532361,-7.040984267805459,OOF_dev
AP0204,2026-06-28 06:49:00,0,0.8790909876967986,-17.73716789345781,-22.22730609593787,OOF_dev
AP0204,2026-06-28 07:19:00,1,0.9612436316465546,-18.57295515153828,-19.377884845449618,OOF_dev
AP0204,2026-06-28 07:44:00,2,0.9748811168235951,-31.116730074041925,-14.661158390335427,OOF_dev
AP0204,2026-06-28 08:04:00,3,0.9925739631869136,-13.182802245974585,0.3318933469265399,OOF_dev
AP0205,2026-06-28 15:24:00,0,0.8887052562486096,-14.176318022767418,-18.312253262019244,OOF_dev
AP0205,2026-06-28 15:54:00,1,0.968519832819198,-34.56886266191054,-15.565616299653026,OOF_dev
AP0205,2026-06-28 16:19:00,2,0.972387752874856,-7.011518375485139,-16.53429380297179,OOF_dev
AP0205,2026-06-28 16:39:00,3,0.9851424959647858,-7.458294789906631,-9.960917948672165,OOF_dev
AP0206,2026-06-29 00:16:00,0,0.7857396552741822,-12.308270550732686,-3.855548197890811,OOF_dev
AP0206,2026-06-29 00:46:00,1,0.9610340676667326,-19.057732490942954,-20.052551096293968,OOF_dev
AP0206,2026-06-29 01:11:00,2,0.9751650751940495,-11.164472645474007,-15.32238491320041,OOF_dev
AP0206,2026-06-29 01:31:00,3,0.9820433771357722,-8.122915507494554,-6.801362248785824,OOF_dev
AP0207,2026-06-29 08:31:00,0,0.8325954459908236,-17.1538236426627,-9.251374639856985,OOF_dev
AP0207,2026-06-29 09:01:00,1,0.9570688764067543,-8.582829379232408,-14.71750320929003,OOF_dev
AP0207,2026-06-29 09:26:00,2,0.9839634942007321,2.539966420008568,-8.585004545607575,OOF_dev
AP0207,2026-06-29 09:46:00,3,0.9866435589715933,3.2089181738770094,0.9311139446498562,OOF_dev
AP0208,2026-06-29 16:22:00,0,0.8482888649055511,7.528132163387681,-1.7907325759587065,OOF_dev
AP0208,2026-06-29 16:52:00,1,0.9724306026520417,-15.864718158290998,-20.08320867902632,OOF_dev
AP0208,2026-06-29 17:17:00,2,0.9841562804635618,-3.1480203126643573,-9.016533159838104,OOF_dev
AP0208,2026-06-29 17:37:00,3,0.9895662342403663,-2.022306996826501,-3.079815475515946,OOF_dev
AP0209,2026-06-30 00:10:00,0,0.8207691659067438,15.95344068451277,-7.632063333877479,OOF_dev
AP0209,2026-06-30 00:40:00,1,0.962282641896432,-22.810636496090865,-15.469204212260301,OOF_dev
AP0209,2026-06-30 01:05:00,2,0.9642337269885718,-16.275021939499766,-11.47418312203947,OOF_dev
AP0209,2026-06-30 01:25:00,3,0.980958476764291,-3.1705481535948365,-1.5725225787547623,OOF_dev
AP0210,2026-06-30 08:04:00,0,0.8121803499035736,1.3396414313810965,-7.038236320556083,OOF_dev
AP0210,2026-06-30 08:34:00,1,0.9673580924117581,-34.16518302616976,-18.64669312070439,OOF_dev
AP0210,2026-06-30 08:59:00,2,0.9802408633632408,-18.931282341127712,-10.496475384876526,OOF_dev
AP0210,2026-06-30 09:19:00,3,0.9876150098113341,5.873015651768355,0.4171113856237688,OOF_dev
AP0211,2026-06-30 16:15:00,0,0.6831115544133288,-6.990383532522287,-10.246060115739231,OOF_dev
AP0211,2026-06-30 16:45:00,1,0.9750863733643415,-27.741513861883163,-16.43440051734474,OOF_dev
AP0211,2026-06-30 17:10:00,2,0.9837417986409017,-3.4203195180638204,-11.361313839663273,OOF_dev
AP0211,2026-06-30 17:30:00,3,0.9724000703175117,3.5271199426713338,0.3123723500379407,OOF_dev
AP0212,2026-07-01 00:12:00,0,0.8376581094158105,-20.330477326772098,-5.659936478727367,OOF_dev
AP0212,2026-07-01 00:42:00,1,0.9403377090843348,-16.50151152327419,-17.597893530799286,OOF_dev
AP0212,2026-07-01 01:07:00,2,0.9768740941266767,-26.330562966477032,-16.805700608774956,OOF_dev
AP0212,2026-07-01 01:27:00,3,0.9719331779319461,-2.928092220268468,-2.0451621913876554,OOF_dev
AP0213,2026-07-01 08:30:00,0,0.7792486141355502,-12.476176757476537,-14.282647523779218,OOF_dev
AP0213,2026-07-01 09:00:00,1,0.9652023787284808,-21.982366734754805,-15.938715091550051,OOF_dev
AP0213,2026-07-01 09:25:00,2,0.9769099773186988,-4.8889383663845365,-8.460242608911038,OOF_dev
AP0213,2026-07-01 09:45:00,3,0.9764316358138061,-0.008926068636355922,2.930010214642745,OOF_dev
AP0214,2026-07-01 16:50:00,0,0.8167166163735489,-5.756998653158007,-15.702786702282484,OOF_dev
AP0214,2026-07-01 17:20:00,1,0.9639773023204011,-21.272913981369356,-15.192067166643858,OOF_dev
AP0214,2026-07-01 17:45:00,2,0.9786198976930094,-18.396414171253582,-11.825633744899015,OOF_dev
AP0214,2026-07-01 18:05:00,3,0.9892675451087936,1.0977439837744214,-0.2067178341361393,OOF_dev
AP0215,2026-07-02 00:39:00,0,0.818616496128928,-26.43842679713316,-14.467522991382127,OOF_dev
AP0215,2026-07-02 01:09:00,1,0.9666382628954526,-13.46695122935671,-13.750542827801294,OOF_dev
AP0215,2026-07-02 01:34:00,2,0.9741688965742383,-5.587405076827849,-13.040103037471907,OOF_dev
AP0215,2026-07-02 01:54:00,3,0.9940782410304047,0.5464830721572298,-0.33462817307891707,OOF_dev
AP0216,2026-07-02 08:43:00,0,0.7805874127983377,-20.4976220503612,-5.5531739758312195,OOF_dev
AP0216,2026-07-02 09:13:00,1,0.966193441369975,-22.964110287001176,-18.4697921691352,OOF_dev
AP0216,2026-07-02 09:38:00,2,0.9490471001096615,-9.54485523247763,-13.565689863117205,OOF_dev
AP0216,2026-07-02 09:58:00,3,0.9468025579676498,7.1575568746584395,1.0701651614211527,OOF_dev
AP0217,2026-07-02 16:41:00,0,0.7901970409339887,-16.00534045392135,-14.657749961364447,OOF_dev
AP0217,2026-07-02 17:11:00,1,0.9666765309726663,-12.589148725894233,-16.84105211475691,OOF_dev
AP0217,2026-07-02 17:36:00,2,0.9771883300756771,-13.474842556704857,-10.573324042290341,OOF_dev
AP0217,2026-07-02 17:56:00,3,0.9821151619062316,0.39691751922953245,-0.9452251316091269,OOF_dev
AP0218,2026-07-03 00:34:00,0,0.8228559509038812,-11.273556902784776,-9.903470192258128,OOF_dev
AP0218,2026-07-03 01:04:00,1,0.9203584052274771,-15.846817344710416,-23.301778638870797,OOF_dev
AP0219,2026-07-03 11:00:00,3,0.9825379628077113,8.547655088491865,0.5820797693539786,OOF_dev
AP0220,2026-07-03 18:11:00,0,0.7983211305945779,-20.38732418223924,-16.192859328199017,OOF_dev
AP0220,2026-07-03 18:41:00,1,0.899189763974482,-8.639185941017331,-29.71881141583186,OOF_dev
AP0220,2026-07-03 19:06:00,2,0.9724547677422704,-8.941195438030263,-19.221729810644042,OOF_dev
AP0220,2026-07-03 19:26:00,3,0.9792577483003769,-3.382281331446279,-2.693103286921531,OOF_dev
AP0221,2026-07-04 02:52:00,0,0.8644003059620244,-15.58444823478601,-2.6131017833633177,OOF_dev
AP0221,2026-07-04 03:22:00,1,0.9649308974948967,-17.229786177637834,-13.46961184310678,OOF_dev
AP0221,2026-07-04 03:47:00,2,0.9693884952272189,-7.906847765557131,-12.482647592499234,OOF_dev
AP0221,2026-07-04 04:07:00,3,0.989080612787711,1.2822804748307135,-0.19548127071037208,OOF_dev
AP0222,2026-07-04 10:14:00,0,0.7459384724749267,-22.88739292427624,-17.25010680675569,OOF_dev
AP0222,2026-07-04 10:44:00,1,0.9483887769839596,-44.550540056850195,-18.28853777534205,OOF_dev
AP0222,2026-07-04 11:09:00,2,0.971938232262225,8.841248129107043,-12.64169777990247,OOF_dev
AP0222,2026-07-04 11:29:00,3,0.9791541428787075,13.1816608680831,-8.418953169970717,OOF_dev
AP0223,2026-07-04 18:21:00,0,0.7386295899236128,-25.422987621076686,-9.25151229347691,OOF_dev
AP0223,2026-07-04 18:51:00,1,0.9539049805894232,-37.361744841823224,-15.108730795397644,OOF_dev
AP0223,2026-07-04 19:16:00,2,0.9754181122941943,7.833970987411249,-12.911328763763546,OOF_dev
AP0223,2026-07-04 19:36:00,3,0.979635180577003,-6.437383775785179,-0.30928439018096743,OOF_dev
AP0224,2026-07-05 02:02:00,0,0.7235381970246212,-21.599015927747132,-16.71112437880142,OOF_dev
AP0224,2026-07-05 02:32:00,1,0.8822963612758026,-20.944784021631335,-17.25840305406201,OOF_dev
AP0224,2026-07-05 02:57:00,2,0.9356529322352255,9.518235052883824,-12.298367043031355,OOF_dev
AP0224,2026-07-05 03:17:00,3,0.9748469539299288,-11.233013704873883,-1.6930565566784928,OOF_dev
AP0225,2026-07-05 09:48:00,0,0.7955939669688528,-9.858405494778367,-2.0743076382867027,OOF_dev
AP0225,2026-07-05 10:18:00,1,0.9508252478492873,-15.596596187425689,-14.824981513549202,OOF_dev
AP0225,2026-07-05 10:43:00,2,0.9821564084468956,-22.460962561778047,-13.415829707874355,OOF_dev
AP0225,2026-07-05 11:03:00,3,0.9832957900160221,-9.502853540632714,1.9472557964860777,OOF_dev
AP0226,2026-07-05 18:02:00,0,0.6773751434934154,0.09405904118250419,-10.336695570203354,OOF_dev
AP0226,2026-07-05 18:32:00,1,0.9370073522746355,-21.84990610169939,-18.307830992446828,OOF_dev
AP0226,2026-07-05 18:57:00,2,0.9697733370096775,3.09021067590038,-13.805131714195548,OOF_dev
AP0226,2026-07-05 19:17:00,3,0.9824743708294336,-14.750268536497856,2.788307509628224,OOF_dev
AP0227,2026-07-06 02:00:00,0,0.939262207536568,-24.042338589607425,-8.471671071042582,OOF_dev
AP0227,2026-07-06 02:30:00,1,0.9693983137032303,-12.041121161697333,-15.500308087422717,OOF_dev
AP0227,2026-07-06 02:55:00,2,0.9906326393120122,5.197343168376165,-12.424366212768662,OOF_dev
AP0227,2026-07-06 03:15:00,3,0.9949600615529878,5.27098473147953,-1.1859156517359968,OOF_dev
AP0228,2026-07-06 09:17:00,0,0.7733529002975007,9.752516070523598,-1.3919743549025385,OOF_dev
AP0228,2026-07-06 09:47:00,1,0.9734885204216649,-26.732348209839074,-19.14026906009531,OOF_dev
AP0228,2026-07-06 10:12:00,2,0.9811977314181779,-19.713997747933718,-9.118624062166857,OOF_dev
AP0228,2026-07-06 10:32:00,3,0.9876054174968507,3.17287303029957,0.22507098467521996,OOF_dev
AP0229,2026-07-06 17:04:00,0,0.6720740352139416,9.040715320236814,0.056377529736648,OOF_dev
AP0229,2026-07-06 17:34:00,1,0.9009375469483617,-17.89851647485557,-12.966175069688704,OOF_dev
AP0229,2026-07-06 17:59:00,2,0.9712760466308175,-27.231927872033452,-14.353782657403192,OOF_dev
AP0229,2026-07-06 18:19:00,3,0.9773491995996391,-1.8411893758827773,0.2995072691733702,OOF_dev
AP0230,2026-07-07 00:40:00,0,0.7997623430534413,-1.5274170301922823,-3.7501481102103176,OOF_dev
AP0230,2026-07-07 01:10:00,1,0.9642649713406749,-25.96232919337649,-19.831658649259023,OOF_dev
AP0230,2026-07-07 01:35:00,2,0.9799679672099709,-10.516610917975186,-11.656372382932316,OOF_dev
AP0230,2026-07-07 01:55:00,3,0.9898354964365194,0.046107303943244915,0.5141273626335121,OOF_dev
AP0231,2026-07-07 08:28:00,0,0.8032968076915928,4.591076884384847,0.9024378526731662,OOF_dev
AP0231,2026-07-07 08:58:00,1,0.9665440429995268,-34.133246975612906,-15.781047802799852,OOF_dev
AP0231,2026-07-07 09:23:00,2,0.9722447784247612,-4.7777028978022145,-13.213853195045445,OOF_dev
AP0231,2026-07-07 09:43:00,3,0.9752187769323439,6.936596319557452,1.0805709753536978,OOF_dev
AP0232,2026-07-07 16:49:00,0,0.8310085058003873,8.294610760733121,-12.844625619887013,OOF_dev
AP0232,2026-07-07 17:19:00,1,0.9710313721863023,-31.03614365337944,-17.648470010958025,OOF_dev
AP0232,2026-07-07 17:44:00,2,0.9782887804490984,-19.79018266260948,-20.236568693157263,OOF_dev
AP0232,2026-07-07 18:04:00,3,0.9795466184115339,4.442324928381026,1.6885896066973567,OOF_dev
AP0233,2026-07-08 00:18:00,0,0.8421610970959317,-16.47894111166147,-7.3585522971407125,OOF_dev
AP0233,2026-07-08 00:48:00,1,0.9614840648927723,-22.39052151120086,-18.01239924493551,OOF_dev
AP0233,2026-07-08 01:13:00,2,0.9821669349611769,2.3219956690999197,-8.183983332337746,OOF_dev
AP0233,2026-07-08 01:33:00,3,0.9856177154621822,-0.4915008024387362,5.351861123870442,OOF_dev
AP0234,2026-07-08 08:18:00,0,0.7631724961524774,-11.465927364525442,-5.7780725464309235,OOF_dev
AP0234,2026-07-08 08:48:00,1,0.9397036808457866,-18.02018791181922,-12.116196038641634,OOF_dev
AP0234,2026-07-08 09:13:00,2,0.9767198890544985,-16.6798744669818,-7.4111646696477,OOF_dev
AP0234,2026-07-08 09:33:00,3,0.9850884515925333,4.04941362771342,3.39908912098384,OOF_dev
AP0235,2026-07-08 16:05:00,0,0.8194461225807026,-0.35234987155786257,-14.868154706859007,OOF_dev
AP0235,2026-07-08 16:35:00,1,0.9355153973893652,-2.8371978514202283,-23.661380969741366,OOF_dev
AP0235,2026-07-08 17:00:00,2,0.9739251184131192,-15.31156847103091,-10.302172658511067,OOF_dev
AP0235,2026-07-08 17:20:00,3,0.9818568954728051,-10.204096942607748,7.2792377268648645,OOF_dev
AP0236,2026-07-09 00:23:00,0,0.8297047853426092,-23.78012444536921,-2.4561373098833412,OOF_dev
AP0236,2026-07-09 00:53:00,1,0.974925845001525,-28.07890303412796,-14.48929356428426,OOF_dev
AP0236,2026-07-09 01:18:00,2,0.9854556599288549,-6.24589216192885,-9.792110474087757,OOF_dev
AP0236,2026-07-09 01:38:00,3,0.9918306876528051,1.3389335119883299,0.7789824208729544,OOF_dev
AP0237,2026-07-09 08:04:00,0,0.8738524604885801,-10.127484380660803,-7.3769262154751125,OOF_dev
AP0237,2026-07-09 08:34:00,1,0.9658915990607478,-13.24850224705608,-13.659262542006806,OOF_dev
AP0237,2026-07-09 08:59:00,2,0.9753184586594239,-7.187273718532197,-9.143659017220587,OOF_dev
AP0237,2026-07-09 09:19:00,3,0.9839099824411225,-4.3630701088195565,4.840469777225248,OOF_dev
AP0238,2026-07-09 16:12:00,0,0.8250500293984777,0.8749272896664024,-5.301903019824802,OOF_dev
AP0238,2026-07-09 16:42:00,1,0.9586166207996385,-13.225749881688216,-12.837511987614922,OOF_dev
AP0238,2026-07-09 17:07:00,2,0.9759856858182181,-2.9802366266387708,-7.246730067954472,OOF_dev
AP0238,2026-07-09 17:27:00,3,0.9872434686665116,1.5036102718624988,0.2915873832258988,OOF_dev
AP0239,2026-07-09 23:59:00,0,0.9239704742402188,-9.60138380813487,-12.434102509942939,OOF_dev
AP0239,2026-07-10 00:29:00,1,0.9723120039758202,-27.58965685954115,-16.298405260504264,OOF_dev
AP0239,2026-07-10 00:54:00,2,0.9798285463342997,-2.5492319276074795,-6.888796106701217,OOF_dev
AP0239,2026-07-10 01:14:00,3,0.9839209239292255,1.2132974159657124,4.156826465266113,OOF_dev
AP0240,2026-07-10 07:44:00,0,0.8850532421238873,-11.988840699637649,-11.375806656757524,OOF_dev
AP0240,2026-07-10 08:14:00,1,0.9632423047077951,-3.363687709375995,-12.26789430748233,OOF_dev
AP0240,2026-07-10 08:39:00,2,0.9775485781053431,-17.462851011100383,-8.19286326739073,OOF_dev
AP0240,2026-07-10 08:59:00,3,0.9737194771283497,-24.878763833371295,1.6156966786839129,OOF_dev
AP0241,2026-07-10 16:39:00,0,0.8555425743207984,-5.236619083791766,-9.267074968995873,OOF_dev
AP0241,2026-07-10 17:09:00,1,0.9747934798494049,-17.948732760941994,-12.26822729923511,OOF_dev
AP0241,2026-07-10 17:34:00,2,0.9802521749374177,-17.43269507301511,-13.81967615033886,OOF_dev
AP0241,2026-07-10 17:54:00,3,0.9847766682880688,4.22994669498803,-1.471237236560003,OOF_dev
AP0242,2026-07-11 00:34:00,0,0.8818094610444442,-18.636997561199223,-9.121431837747828,OOF_dev
AP0242,2026-07-11 01:04:00,1,0.9771878713315171,-12.835519504298077,-16.060232757782153,OOF_dev
AP0242,2026-07-11 01:29:00,2,0.9823127515323031,2.6625092741669505,-10.707625762656054,OOF_dev
AP0242,2026-07-11 01:49:00,3,0.9858624852619707,-0.0034274383283445786,-0.46118329098414407,OOF_dev
AP0243,2026-07-11 08:19:00,0,0.8123824693666322,-0.5615405380566472,-7.583791296447677,OOF_dev
AP0243,2026-07-11 08:49:00,1,0.9666523288979125,-21.502162717958754,-18.098929769501314,OOF_dev
AP0243,2026-07-11 09:14:00,2,0.9810522747727823,-31.24341586520029,-13.940144543985445,OOF_dev
AP0243,2026-07-11 09:34:00,3,0.9864616334430801,0.6672933159229615,0.4094181540086904,OOF_dev
AP0244,2026-07-11 16:29:00,0,0.821184434022487,5.63605351275794,-10.230778053324974,OOF_dev
AP0244,2026-07-11 16:59:00,1,0.9630834908992935,-16.10425903676628,-18.87147110225822,OOF_dev
AP0244,2026-07-11 17:24:00,2,0.9707398316679227,-5.118023656836954,-7.317273038618868,OOF_dev
AP0244,2026-07-11 17:44:00,3,0.9786313939051324,2.5595869599062553,3.0927037381764664,OOF_dev
AP0245,2026-07-12 00:27:00,0,0.8837267685419492,-26.556875078055782,-8.211703702881422,OOF_dev
AP0245,2026-07-12 00:57:00,1,0.967301067563495,-14.859840627487984,-14.455577401579779,OOF_dev
AP0245,2026-07-12 01:22:00,2,0.9816458118003499,-4.156347575034488,-8.768982300467975,OOF_dev
AP0245,2026-07-12 01:42:00,3,0.9888722699026515,5.985626546418871,4.767018469951182,OOF_dev
AP0246,2026-07-12 08:12:00,0,0.73934944866959,-0.10845369024525553,-0.9402931176920841,OOF_dev
AP0246,2026-07-12 08:42:00,1,0.9713723931472629,-9.818345200591466,-18.389932667642963,OOF_dev
AP0246,2026-07-12 09:07:00,2,0.9685771065517802,-7.355502541149917,-15.626125724619158,OOF_dev
AP0246,2026-07-12 09:27:00,3,0.9732934148965665,2.3046204969786004,-0.3156538562307144,OOF_dev
AP0247,2026-07-12 15:58:00,0,0.7604690841318119,10.386169400002927,-4.645061238650679,OOF_dev
AP0247,2026-07-12 16:28:00,1,0.8997893085894728,-18.091677237893464,-19.495962182025192,OOF_dev
AP0247,2026-07-12 16:53:00,2,0.9709991682817191,-25.91336894606684,-10.406031145356808,OOF_dev
AP0247,2026-07-12 17:13:00,3,0.9815128343879332,3.6835737268196453,-1.6642822144967986,OOF_dev
AP0248,2026-07-12 23:50:00,0,0.874055509886312,0.5898349267085905,-3.7847124595171016,OOF_dev
AP0248,2026-07-13 00:20:00,1,0.9648554256937691,-24.167939130159084,-19.050023643362422,OOF_dev
AP0248,2026-07-13 00:45:00,2,0.979139399429338,-13.618119687553644,-11.837075515555417,OOF_dev
AP0248,2026-07-13 01:05:00,3,0.9814744185014933,4.208354295864638,-2.7571367259123556,OOF_dev
AP0249,2026-07-13 07:28:00,0,0.7835616647323099,16.05998228516694,2.543066229208554,OOF_dev
AP0249,2026-07-13 07:58:00,1,0.9114053851786211,-9.43169555386146,-16.42061519205358,OOF_dev
AP0249,2026-07-13 08:23:00,2,0.9747853704584483,-37.60215231924781,-13.058077618968538,OOF_dev
AP0249,2026-07-13 08:43:00,3,0.9759580846885413,-13.651118011074686,-4.61663607447607,OOF_dev
AP0250,2026-07-13 15:14:00,0,0.7775837301734514,7.282447423418489,-1.698323255235602,OOF_dev
AP0250,2026-07-13 15:44:00,1,0.9553181579371082,-25.232466958407826,-20.533196711454895,OOF_dev
AP0250,2026-07-13 16:09:00,2,0.9719665306556318,-9.20230008735814,-11.432554690441238,OOF_dev
AP0250,2026-07-13 16:29:00,3,0.9800926203688861,-2.7191419846483313,-6.416555011589527,OOF_dev
AP0251,2026-07-13 22:45:00,0,0.9173340186168879,-9.476467127109572,-8.02244159914718,OOF_dev
AP0251,2026-07-13 23:15:00,1,0.9525759906821557,-12.205960100073298,-14.424398794720744,OOF_dev
AP0251,2026-07-13 23:40:00,2,0.9767142666157227,-7.263593937064911,-6.891577833164048,OOF_dev
AP0251,2026-07-14 00:00:00,3,0.9766836589484637,-0.7135390886277264,-8.654502769639167,OOF_dev
AP0252,2026-07-14 06:46:00,0,0.7382905137160269,31.63578823220746,0.008038619015913184,OOF_dev
AP0252,2026-07-14 07:16:00,1,0.8853743703757789,-18.629034496536406,-13.144814028917244,OOF_dev
AP0252,2026-07-14 07:41:00,2,0.9641328116564986,-20.270590840418663,-7.813319149128007,OOF_dev
AP0252,2026-07-14 08:01:00,3,0.9688175580415963,-6.725656487581318,-5.678045707022672,OOF_dev
AP0253,2026-07-14 14:20:00,0,0.8717227430071194,6.476051140058075,-3.1700696767474206,OOF_dev
AP0253,2026-07-14 14:50:00,1,0.9561026654240465,-17.484406953281336,-16.362800793838204,OOF_dev
AP0253,2026-07-14 15:15:00,2,0.9696146092020281,-16.12345399498156,-8.49206733860253,OOF_dev
AP0253,2026-07-14 15:35:00,3,0.9707633153656926,3.679504152916593,-0.6776983212132155,OOF_dev
AP0254,2026-07-14 22:39:00,0,0.7316566596870989,-5.6200685946591875,4.792193033166978,OOF_dev
AP0254,2026-07-14 23:09:00,1,0.9675242576121532,-18.750730328387704,-11.634888385630934,OOF_dev
AP0254,2026-07-14 23:34:00,2,0.9738845981434143,1.9264842993048887,-9.769585608886194,OOF_dev
AP0254,2026-07-14 23:54:00,3,0.9879663898277312,1.7986379925257552,0.499506204855913,OOF_dev
AP0255,2026-07-15 06:48:00,0,0.8390838678654094,16.18640186010805,-1.0077709931963683,OOF_dev
AP0255,2026-07-15 07:18:00,1,0.9248355874334756,-5.859150441003521,-14.32001917136187,OOF_dev
AP0255,2026-07-15 07:43:00,2,0.9825774490840791,-12.813134443553054,-1.7907095206590098,OOF_dev
AP0255,2026-07-15 08:03:00,3,0.987602267368938,2.95156113301573,9.417209975341645,OOF_dev
AP0256,2026-07-15 14:22:00,0,0.7998856975945645,5.333942578176561,4.883778539186779,OOF_dev
AP0256,2026-07-15 14:52:00,1,0.9800472167021342,-28.57918596594766,-13.295522920489937,OOF_dev
AP0256,2026-07-15 15:17:00,2,0.9856498384799526,-4.06452631689001,-4.873070626432752,OOF_dev
AP0256,2026-07-15 15:37:00,3,0.9887068962412422,4.874805430484798,-1.88704264728813,OOF_dev
AP0257,2026-07-15 22:14:00,0,0.7209610881392101,-2.2553837248119635,-1.7196746626251955,OOF_dev
AP0257,2026-07-15 22:44:00,1,0.9744214280559989,-25.793948066739404,-16.472397532417574,OOF_dev
AP0257,2026-07-15 23:09:00,2,0.9768531846746968,-10.140182616945253,-7.874919127987006,OOF_dev
AP0257,2026-07-15 23:29:00,3,0.9851820728530517,-4.474203427285374,0.5531127822490788,OOF_dev
AP0258,2026-07-16 05:59:00,0,0.8050498292431582,-7.697296464390206,0.8684262621663092,OOF_dev
AP0258,2026-07-16 06:29:00,1,0.9760577689854532,-21.03070308430904,-10.290264896612642,OOF_dev
AP0258,2026-07-16 06:54:00,2,0.9755267690468997,-7.776887751534559,-4.12435023951222,OOF_dev
AP0258,2026-07-16 07:14:00,3,0.9816310224235798,4.397640145588298,-0.9533960292860064,OOF_dev
AP0259,2026-07-16 13:54:00,0,0.7527883769447183,-5.871113076246161,1.1520454489935905,OOF_dev
AP0259,2026-07-16 14:24:00,1,0.9748621424126124,-21.543383561304722,-10.620775127988257,OOF_dev
AP0259,2026-07-16 14:49:00,2,0.9751894134166931,-2.5160001400419105,-3.5222939978104923,OOF_dev
AP0259,2026-07-16 15:09:00,3,0.9820769194775171,4.654754976428308,1.7156943858201357,OOF_dev
AP0260,2026-07-16 22:03:00,0,0.8905985377519907,-10.057259087044486,-12.612490115473019,OOF_dev
AP0260,2026-07-16 22:33:00,1,0.9705214062370165,-17.890613001168504,-16.35980713488288,OOF_dev
AP0260,2026-07-16 22:58:00,2,0.9803485959814825,-11.419288175898373,-13.463732727704473,OOF_dev
AP0260,2026-07-16 23:18:00,3,0.9819356317381456,1.0214087491851842,-3.1270497260861063,OOF_dev
AP0261,2026-07-17 05:48:00,0,0.8003097441751272,-10.151602355829027,-10.2027282595293,OOF_dev
AP0261,2026-07-17 06:18:00,1,0.9650519475006836,-19.970701765159674,-8.638066969132165,OOF_dev
AP0261,2026-07-17 06:43:00,2,0.9808566753866662,-7.9427414215381305,-10.357383262276247,OOF_dev
AP0261,2026-07-17 07:03:00,3,0.9867031885305096,3.026230985940174,-5.146474065473851,OOF_dev
AP0262,2026-07-17 14:11:00,0,0.7341962096369544,8.504765695345668,-5.086325858614486,OOF_dev
AP0262,2026-07-17 14:41:00,1,0.9353847750034725,-14.460414291380289,-6.041629441336525,OOF_dev
AP0262,2026-07-17 15:06:00,2,0.9685586211015722,0.5380943476592392,1.3581007895173123,OOF_dev
AP0262,2026-07-17 15:26:00,3,0.9766381383434394,5.772170497642492,3.894950968958554,OOF_dev
AP0263,2026-07-17 21:50:00,0,0.7856520031791836,-9.896564541026692,2.737029168736934,OOF_dev
AP0263,2026-07-17 22:20:00,1,0.9571111801934292,-5.093751334446779,-15.413516199659709,OOF_dev
AP0263,2026-07-17 22:45:00,2,0.9902788902010818,-17.617341121319328,-9.142695441881102,OOF_dev
AP0263,2026-07-17 23:05:00,3,0.9835035326857605,-8.7855303548223,-1.4751933438528444,OOF_dev
AP0264,2026-07-18 06:23:00,0,0.7885266483548564,-15.337006730567055,-5.960084563820432,OOF_dev
AP0264,2026-07-18 06:53:00,1,0.940548988183914,-20.708780893305175,-11.328919488509735,OOF_dev
AP0264,2026-07-18 07:18:00,2,0.969440365224171,-9.02400430152693,-10.32587524316797,OOF_dev
AP0264,2026-07-18 07:38:00,3,0.9806911898417823,2.086883145326169,3.378178886181937,OOF_dev
AP0265,2026-07-18 14:42:00,0,0.7085139919862382,-21.295416149094194,-9.504501706507863,OOF_dev
AP0265,2026-07-18 15:12:00,1,0.8879936894302374,-16.70398303836737,-11.813830472651887,OOF_dev
AP0265,2026-07-18 15:37:00,2,0.9627242926706515,-11.228790246114727,-6.270101876596101,OOF_dev
AP0265,2026-07-18 15:57:00,3,0.9711142052243135,5.571417484109702,0.855778117199191,OOF_dev
AP0266,2026-07-18 22:59:00,0,0.5540218794954368,5.355159696234523,-6.826545454912474,OOF_dev
AP0266,2026-07-18 23:29:00,1,0.9600491836847174,-2.812337745156128,-17.134950433149292,OOF_dev
AP0266,2026-07-18 23:54:00,2,0.9687943652144432,-4.581723758121598,-4.656464008905134,OOF_dev
AP0266,2026-07-19 00:14:00,3,0.9834430798190488,-5.5538001181317895,-1.6824478540112957,OOF_dev
AP0267,2026-07-19 07:13:00,0,0.8508881918452038,-0.4469664364221444,-8.79013986545384,OOF_dev
AP0267,2026-07-19 07:43:00,1,0.9627533388122939,-14.188664303003293,-18.226349083486145,OOF_dev
AP0267,2026-07-19 08:08:00,2,0.9795060301982468,-1.6199428438495715,-6.928897091511136,OOF_dev
AP0267,2026-07-19 08:28:00,3,0.9801307218586137,4.559476131217025,-0.38492839428065523,OOF_dev
AP0268,2026-07-19 17:18:00,0,0.7472638053758722,8.815033575618259,3.020226932853854,OOF_dev
AP0268,2026-07-19 17:48:00,1,0.9528954702095671,-9.902513223048459,-17.99761202261069,OOF_dev
AP0268,2026-07-19 18:13:00,2,0.9756992863089724,3.44613184560194,-8.467576974936419,OOF_dev
AP0268,2026-07-19 18:33:00,3,0.9765377655076835,7.163485652732106,3.222602667404357,OOF_dev
AP0269,2026-07-20 01:03:00,0,0.6809075383849192,-14.183262197157546,-5.998483457805744,OOF_dev
AP0269,2026-07-20 01:33:00,1,0.9126543646367261,-12.877236393788962,-7.967251417391247,OOF_dev
AP0269,2026-07-20 01:58:00,2,0.9629045172404672,-20.77329321085881,3.3658829732436315,OOF_dev
AP0269,2026-07-20 02:18:00,3,0.9774885703207978,3.008772052987979,4.428708168557577,OOF_dev
AP0270,2026-07-20 08:44:00,0,0.8225552413482554,2.164155777993301,2.0523596694574797,OOF_dev
AP0270,2026-07-20 09:14:00,1,0.9524153367219081,-16.001624433601364,-13.007334605766333,OOF_dev
AP0270,2026-07-20 09:39:00,2,0.9683818393119923,-2.78932200166264,-7.304397196278368,OOF_dev
AP0270,2026-07-20 09:59:00,3,0.9795727903220282,-0.30939952406038174,6.072774757628541,OOF_dev
AP0271,2026-07-20 17:00:00,0,0.8016498895416861,-3.9568806357838184,2.9903109397266885,OOF_dev
AP0271,2026-07-20 17:30:00,1,0.9690076386740402,-12.244595406171811,-11.213168436309303,OOF_dev
AP0271,2026-07-20 17:55:00,2,0.9666277034830629,1.3959686303622902,-0.3275065682394973,OOF_dev
AP0271,2026-07-20 18:15:00,3,0.9742874013617019,0.3398295809197407,7.5068891412894985,OOF_dev
AP0272,2026-07-21 01:10:00,0,0.7642078118805871,0.43672824990767367,4.735725240937328,OOF_dev
AP0272,2026-07-21 01:40:00,1,0.9626279341934886,-11.734532776953529,-11.725416774791833,OOF_dev
AP0272,2026-07-21 02:05:00,2,0.9695808660016898,-14.210416904575936,2.3740361370659033,OOF_dev
AP0272,2026-07-21 02:25:00,3,0.9799670901420658,2.06152856908011,1.3142625332405518,OOF_dev
AP0273,2026-07-21 08:45:00,0,0.7762665832031888,2.0339963143167097,-0.41119995338814275,OOF_dev
AP0273,2026-07-21 10:00:00,3,0.989211962950861,4.158352220595248,7.165602785854799,OOF_dev
AP0274,2026-07-21 17:34:00,0,0.7672472280471707,5.597274839401962,-3.3783070504435004,OOF_dev
AP0274,2026-07-21 18:04:00,1,0.966199090207914,-6.508556077869798,-12.103606197219133,OOF_dev
AP0274,2026-07-21 18:29:00,2,0.9762411785897644,11.12928369311544,-2.40087569315114,OOF_dev
AP0274,2026-07-21 18:49:00,3,0.9830712522762891,8.24832739016324,8.713368805871196,OOF_dev
AP0275,2026-07-22 01:04:00,0,0.836960605510791,1.2061414300293336,-4.091643174725064,OOF_dev
AP0275,2026-07-22 01:34:00,1,0.9279275608659744,-10.48336317790131,-11.928790808429724,OOF_dev
AP0275,2026-07-22 01:59:00,2,0.974555930955187,-20.181482898708737,-1.828235929163645,OOF_dev
AP0275,2026-07-22 02:19:00,3,0.979747849961742,3.7613647436044175,1.3059592521539682,OOF_dev
AP0276,2026-07-22 08:17:00,0,0.8433179993927151,-11.940942492766226,-3.301943340351473,OOF_dev
AP0276,2026-07-22 08:47:00,1,0.9559353920031236,-7.170796497907986,-11.939143074008232,OOF_dev
AP0276,2026-07-22 09:12:00,2,0.967708157677797,2.262263216152405,-3.0639876415539087,OOF_dev
AP0276,2026-07-22 09:32:00,3,0.9877223784362467,3.2669811480645876,6.1632244705297765,OOF_dev
AP0277,2026-07-22 16:07:00,0,0.7674240048037126,-2.4894638046458795,-8.60729319883237,OOF_dev
AP0277,2026-07-22 16:37:00,1,0.9637625570857989,-8.74007409803255,-13.891258818598672,OOF_dev
AP0277,2026-07-22 17:02:00,2,0.9752140401603895,-11.504503827558892,-6.107664230284932,OOF_dev
AP0277,2026-07-22 17:22:00,3,0.9763552860751926,6.9115083322483315,6.770387647902092,OOF_dev
AP0278,2026-07-23 00:04:00,0,0.8007565338286804,-5.142493454896226,-7.680503306743757,OOF_dev
AP0278,2026-07-23 00:34:00,1,0.9612346141849095,0.41639616847976413,-17.535347035758257,OOF_dev
AP0278,2026-07-23 00:59:00,2,0.9570940540612468,-2.5254060276754444,2.369519577866601,OOF_dev
AP0278,2026-07-23 01:19:00,3,0.9665423023184013,-1.0233058342564618,5.672639157375928,OOF_dev
AP0279,2026-07-23 08:55:00,0,0.8184380519078729,-12.954301689471095,-0.3969999882809532,OOF_dev
AP0279,2026-07-23 09:25:00,1,0.9741018479696804,5.796124046039722,-10.308123991276092,OOF_dev
AP0279,2026-07-23 09:50:00,2,0.982135053763428,12.905043295314726,-0.91324649627335,OOF_dev
AP0279,2026-07-23 10:10:00,3,0.9823897807345078,4.645916010377277,7.593765380525689,OOF_dev
AP0280,2026-07-23 16:46:00,0,0.8377704234945815,-8.210854218184295,-7.5504446482480425,OOF_dev
AP0280,2026-07-23 17:16:00,1,0.974498434339786,-13.909430778888463,-8.63911794774894,OOF_dev
AP0280,2026-07-23 17:41:00,2,0.9735020157809627,13.376520198768503,1.9254324985213194,OOF_dev
AP0280,2026-07-23 18:01:00,3,0.984798122608103,8.504391034206492,11.254037953954992,OOF_dev
AP0281,2026-07-24 00:22:00,0,0.8135612858706902,-20.864294971953086,-1.0086724552857795,OOF_dev
AP0281,2026-07-24 00:52:00,1,0.9647531654265795,-19.692174845264276,-7.626042188001194,OOF_dev
AP0281,2026-07-24 01:17:00,2,0.9716032807028494,6.916611755110694,1.4083401638894955,OOF_dev
AP0281,2026-07-24 01:37:00,3,0.9820630529440325,6.70328141094069,1.9604108692650397,OOF_dev
AP0282,2026-07-24 07:50:00,0,0.8150372300595605,-0.11588247705890353,-4.255382971752769,OOF_dev
AP0282,2026-07-24 08:20:00,1,0.9796957052775912,-18.211980374014956,-14.262964924070586,OOF_dev
AP0282,2026-07-24 08:45:00,2,0.9822341925463771,3.8373390994440797,-1.0614596659639814,OOF_dev
AP0282,2026-07-24 09:05:00,3,0.9852808705967084,0.9952684785632755,9.199208315000352,OOF_dev
AP0283,2026-07-24 15:27:00,0,0.7873438020487613,4.46985248527767,-5.762686125220873,OOF_dev
AP0283,2026-07-24 15:57:00,1,0.9749572259781276,-16.134856409270924,-13.199219238602831,OOF_dev
AP0283,2026-07-24 16:22:00,2,0.9701698517113722,4.639453844331456,-5.322008327854278,OOF_dev
AP0283,2026-07-24 16:42:00,3,0.9801467303639155,9.297234021226359,11.58882516668978,OOF_dev
AP0284,2026-07-24 23:22:00,0,0.6747073944446444,1.5329449054738689,1.1102154662040449,OOF_dev
AP0284,2026-07-24 23:52:00,1,0.9713499139930118,-16.438302893747505,-16.17456889094632,OOF_dev
AP0284,2026-07-25 00:17:00,2,0.9722298752800403,-1.1779097368773819,-2.746850714708529,OOF_dev
AP0284,2026-07-25 00:37:00,3,0.97883724029354,4.925979787015422,1.821622208247293,OOF_dev
AP0285,2026-07-25 06:42:00,0,0.7562920125758809,7.238903102567292,-3.353873930988013,OOF_dev
AP0285,2026-07-25 07:12:00,1,0.9655522279372891,-18.06851480886189,-13.63383173564324,OOF_dev
AP0285,2026-07-25 07:37:00,2,0.9734881078463935,1.9019624369695975,-9.474749289781677,OOF_dev
AP0285,2026-07-25 07:57:00,3,0.9781950412707603,5.437345492086706,2.5537921182717533,OOF_dev
AP0286,2026-07-25 14:32:00,0,0.8798501466449975,-18.501195681457943,-7.357915705554998,OOF_dev
AP0286,2026-07-25 15:02:00,1,0.9774448900618471,6.65112909204322,-11.094942376461528,OOF_dev
AP0286,2026-07-25 15:27:00,2,0.9799944819531753,22.206151050084372,-1.121954274654154,OOF_dev
AP0286,2026-07-25 15:47:00,3,0.9832645954324142,11.90042844524919,2.3104849621219365,OOF_dev
AP0287,2026-07-25 22:23:00,0,0.8920790333614419,-4.477178660302343,-7.775673048136456,OOF_dev
AP0287,2026-07-25 22:53:00,1,0.974890873271916,-6.498750180232719,-9.571528169888648,OOF_dev
AP0287,2026-07-25 23:18:00,2,0.9790971805855065,16.763329550811477,-1.8509906931838358,OOF_dev
AP0287,2026-07-25 23:38:00,3,0.9870006918639085,14.255893016855225,8.135517589816363,OOF_dev
AP0288,2026-07-26 05:44:00,0,0.7489452007190299,-16.92953717542855,-11.352213067408934,OOF_dev
AP0288,2026-07-26 06:14:00,1,0.9779999019046886,-12.606824138999173,-3.900588960069731,OOF_dev
AP0288,2026-07-26 06:39:00,2,0.9796703190094849,15.103702706491049,-1.661415523241054,OOF_dev
AP0288,2026-07-26 06:59:00,3,0.9763889729768387,5.094153451808097,14.092406932067977,OOF_dev
AP0289,2026-07-26 13:39:00,0,0.8702626683668027,-15.310883354948373,-5.122177636340542,OOF_dev
AP0289,2026-07-26 14:09:00,1,0.976469121297667,-10.768311137307819,-10.496521522757321,OOF_dev
AP0289,2026-07-26 14:34:00,2,0.9780403612406605,4.369183686002771,0.3214461258562766,OOF_dev
AP0289,2026-07-26 14:54:00,3,0.9897356157429918,2.3345414735852046,8.560782132014928,OOF_dev
AP0290,2026-07-26 21:10:00,0,0.7996470924689523,0.028276753909267427,-6.399242413985887,OOF_dev
AP0290,2026-07-26 21:40:00,1,0.9694641295750954,0.5129447150450233,-10.936437448359339,OOF_dev
AP0290,2026-07-26 22:05:00,2,0.9748648694642515,18.8388064203059,1.9188964050503186,OOF_dev
AP0290,2026-07-26 22:25:00,3,0.9825029086994133,0.6398559678896163,4.591328864093515,OOF_dev
AP0291,2026-07-27 04:22:00,0,0.770506472894079,-12.239744150508386,-9.439491088856856,OOF_dev
AP0291,2026-07-27 04:52:00,1,0.9640378161850768,-25.372276191083074,-8.846516074705777,OOF_dev
AP0291,2026-07-27 05:17:00,2,0.9737713305317102,-8.101694126718598,2.6071820784875523,OOF_dev
AP0291,2026-07-27 05:37:00,3,0.9880573575500403,10.82444799620282,11.406127668933495,OOF_dev
AP0292,2026-07-27 12:14:00,0,0.8112296234306902,-10.906523499765171,-4.8656930175253725,OOF_dev
AP0292,2026-07-27 12:44:00,1,0.9715393136094888,13.79768775990533,-11.09750403786674,OOF_dev
AP0292,2026-07-27 13:09:00,2,0.9771232339229281,5.942886958081544,1.4616076286909538,OOF_dev
AP0292,2026-07-27 13:29:00,3,0.9838748304994367,4.014318775535685,1.0321553257941904,OOF_dev
AP0293,2026-07-27 19:30:00,0,0.7642487887534509,-6.227778401935666,-13.271753356712871,OOF_dev
AP0293,2026-07-27 20:00:00,1,0.9731959966591829,-24.496294925946586,-11.409555782573717,OOF_dev
AP0293,2026-07-27 20:25:00,2,0.9853394255776221,-15.120073769677447,-0.1474625356504854,OOF_dev
AP0293,2026-07-27 20:45:00,3,0.9854228060691606,7.884439272208624,0.2659317258169398,OOF_dev
AP0294,2026-07-28 02:39:00,0,0.7647839392262508,-12.199921479279283,-0.12830158589455037,OOF_dev
AP0294,2026-07-28 03:09:00,1,0.9264998795563327,-19.914673039292666,-10.757805742662736,OOF_dev
AP0294,2026-07-28 03:34:00,2,0.9807949867747016,-8.289217742157916,-3.1739153192837755,OOF_dev
AP0294,2026-07-28 03:54:00,3,0.9869748298710225,7.333717559130946,7.527584965070892,OOF_dev
AP0295,2026-07-28 09:56:00,0,0.8117444949519184,-23.22147601912411,-16.850719911739137,OOF_dev
AP0295,2026-07-28 10:26:00,1,0.9665690268743412,-19.8935210109737,-13.399612334951183,OOF_dev
AP0295,2026-07-28 10:51:00,2,0.980092130586415,3.2234927504100597,-8.85030752396643,OOF_dev
AP0295,2026-07-28 11:11:00,3,0.9841734471248571,10.698349020720116,6.078610012687729,OOF_dev
AP0296,2026-07-28 17:38:00,0,0.859046956707575,-5.645579444802365,-7.626840780970449,OOF_dev
AP0296,2026-07-28 18:08:00,1,0.9704324663160531,-3.411504894239556,-6.818478086069486,OOF_dev
AP0296,2026-07-28 18:33:00,2,0.983365910081235,0.3129273298982298,-6.871527718918911,OOF_dev
AP0296,2026-07-28 18:53:00,3,0.9840535303731591,7.475496071720045,5.459449362374052,OOF_dev
AP0297,2026-07-29 01:25:00,0,0.8810433927232862,-9.211384017575824,-12.25685719866461,OOF_dev
AP0297,2026-07-29 01:55:00,1,0.9758489149858436,6.766913026327188,-16.478357727697954,OOF_dev
AP0297,2026-07-29 02:20:00,2,0.9795115075575456,16.371694980948064,1.127133286776827,OOF_dev
AP0297,2026-07-29 02:40:00,3,0.9789082018763318,14.227785567005753,5.854528721916958,OOF_dev
AP0298,2026-07-29 08:55:00,0,0.8078420940805371,-22.15598201089142,0.4036964601940255,OOF_dev
AP0298,2026-07-29 09:25:00,1,0.9753944653463207,-15.285606255117727,-12.954897111986153,OOF_dev
AP0298,2026-07-29 09:50:00,2,0.978779058015598,7.978857628796959,-4.289382231354012,OOF_dev
AP0298,2026-07-29 10:10:00,3,0.9872807627581516,0.02301524683707612,4.5159294519519655,OOF_dev
AP0299,2026-07-29 16:27:00,0,0.7942192896180261,-6.200297986881651,-8.761265294597406,OOF_dev
AP0299,2026-07-29 16:57:00,1,0.9188963316175504,-14.110198053257477,-10.55006636852896,OOF_dev
AP0299,2026-07-29 17:22:00,2,0.9748454484437872,-7.354989476149399,1.0191795876741008,OOF_dev
AP0299,2026-07-29 17:42:00,3,0.9828936164742129,0.5405820248747659,11.487417960464184,OOF_dev
AP0300,2026-07-30 00:05:00,0,0.7158866290076191,-28.587619642439563,-10.148253836911403,lockbox
AP0300,2026-07-30 00:35:00,1,0.8803569832468461,-17.89263588790186,-8.39983655231592,lockbox
AP0300,2026-07-30 01:00:00,2,0.9742662419583616,-18.486729937862492,-8.787397782144716,lockbox
AP0300,2026-07-30 01:20:00,3,0.9799748589887395,0.41455539826256427,-0.04869129222759172,lockbox
AP0301,2026-07-30 07:40:00,0,0.7906347666900078,9.089415255843505,-13.458427435393485,lockbox
AP0301,2026-07-30 08:10:00,1,0.9552097814408418,-12.937503075680752,-14.847361488405516,lockbox
AP0301,2026-07-30 08:35:00,2,0.9740504482338331,9.389270345305249,-1.476823236053876,lockbox
AP0301,2026-07-30 08:55:00,3,0.9802691932649757,1.251736247616691,2.1484003069767788,lockbox
AP0302,2026-07-30 16:09:00,0,0.8145708442584403,-13.492517318065211,-12.559025278348376,lockbox
AP0302,2026-07-30 16:39:00,1,0.9658972914277065,-8.79367110588646,-10.285503378972221,lockbox
AP0302,2026-07-30 17:04:00,2,0.9794748152842441,-1.9318769802548559,0.002564816945819004,lockbox
AP0302,2026-07-30 17:24:00,3,0.980407980993776,4.450396406667892,5.654756239001716,lockbox
AP0303,2026-07-30 23:37:00,0,0.7270752822775621,-11.24244593706294,-6.0325654114066865,lockbox
AP0303,2026-07-31 00:07:00,1,0.9482442110543339,-25.575890084710636,-9.435853514039202,lockbox
AP0303,2026-07-31 00:32:00,2,0.9655346595358969,-16.700082543697135,-5.380825345575907,lockbox
AP0303,2026-07-31 00:52:00,3,0.9605266827561437,-1.9405762619016969,4.545650024638394,lockbox
AP0304,2026-07-31 07:03:00,0,0.7495849611031753,-9.14310103701905,-12.411772702026097,lockbox
AP0304,2026-07-31 07:33:00,1,0.9691052197345158,-2.6847015161728223,-12.240036294098916,lockbox
AP0304,2026-07-31 07:58:00,2,0.9697419107192311,4.703524366310262,-6.861992943057075,lockbox
AP0304,2026-07-31 08:18:00,3,0.9771407646233992,17.314660931678645,0.29385853624860303,lockbox
AP0305,2026-07-31 15:30:00,0,0.6953440646683168,-8.487936357890476,-5.499945696642018,lockbox
AP0305,2026-07-31 16:00:00,1,0.9140597464492327,-2.216632411701312,-9.318250692872526,lockbox
AP0305,2026-07-31 16:25:00,2,0.9756551954765975,1.9301557028963998,1.8906425735391323,lockbox
AP0305,2026-07-31 16:45:00,3,0.9780656961827394,7.524594002159574,6.04248442382198,lockbox
AP0306,2026-07-31 22:54:00,0,0.7693117769655344,-17.47879947216893,0.22967705734119756,lockbox
AP0306,2026-07-31 23:24:00,1,0.9682870591891615,-10.804133773578087,-8.584104008510739,lockbox
AP0306,2026-07-31 23:49:00,2,0.9755285672986813,11.213377354507088,2.3088162062219006,lockbox
AP0306,2026-08-01 00:09:00,3,0.9834278786975071,9.004189297151584,13.412094866978476,lockbox
AP0307,2026-08-01 06:48:00,0,0.8573392507573883,-3.5798150088353395,-5.463888631486689,lockbox
AP0307,2026-08-01 07:18:00,1,0.9785586600831695,-16.987080597144768,-13.145585372071583,lockbox
AP0307,2026-08-01 07:43:00,2,0.980866064988077,15.126624907485166,2.841325916091245,lockbox
AP0307,2026-08-01 08:03:00,3,0.98780746414473,5.141578185746539,10.71870562344982,lockbox
AP0308,2026-08-01 14:25:00,0,0.8475401848309109,-12.896382321607007,-6.5904980554389905,lockbox
AP0308,2026-08-01 14:55:00,1,0.9624481958650938,-18.001581759578585,-8.522920889705203,lockbox
AP0308,2026-08-01 15:20:00,2,0.9836033663269776,-4.174583349221166,-3.228844223125283,lockbox
AP0308,2026-08-01 15:40:00,3,0.9889251043014035,7.6197800024457365,7.16415839677248,lockbox
AP0309,2026-08-01 21:50:00,0,0.7775141513886521,-7.268934109183874,-7.550895998372738,lockbox
AP0309,2026-08-01 22:20:00,1,0.9617842547257474,-14.122388601937132,-8.021877413280619,lockbox
AP0309,2026-08-01 22:45:00,2,0.9713354507897122,-6.24344205791283,2.4667077066498804,lockbox
AP0309,2026-08-01 23:05:00,3,0.9812222593755302,4.759481236354418,9.74626087168428,lockbox
AP0310,2026-08-02 05:45:00,0,0.8245586840590468,-20.30470468183819,-1.6349684988099056,lockbox
AP0310,2026-08-02 06:15:00,1,0.9768387716055023,-6.955390729016358,-7.822826292091323,lockbox
AP0310,2026-08-02 06:40:00,2,0.9830502531697185,9.597688442447975,2.39828877488618,lockbox
AP0310,2026-08-02 07:00:00,3,0.9875396564933117,6.319486074276028,4.578202992543481,lockbox
AP0311,2026-08-02 13:58:00,0,0.6460230781843092,-16.197406744146065,-1.0173961218654997,lockbox
AP0311,2026-08-02 14:28:00,1,0.9668128828813353,8.370089571349013,-9.094323258013649,lockbox
AP0311,2026-08-02 14:53:00,2,0.964491158471556,18.08569797637051,4.145925126488544,lockbox
AP0311,2026-08-02 15:13:00,3,0.9808007587400257,7.2022834473553985,9.078030919060076,lockbox
AP0312,2026-08-02 21:30:00,0,0.8051853162400329,-9.990069859333062,-1.269867704989531,lockbox
AP0312,2026-08-02 22:00:00,1,0.9180279897414027,-24.437463231858942,-8.513679368125647,lockbox
AP0312,2026-08-02 22:25:00,2,0.979161635440395,-10.230552977507159,-6.615598922729061,lockbox
AP0312,2026-08-02 22:45:00,3,0.9838598801758129,1.884044900893855,5.676872700530916,lockbox
AP0313,2026-08-03 05:35:00,0,0.8052596053626779,-5.329118247640054,-1.749445162480036,lockbox
AP0313,2026-08-03 06:05:00,1,0.9745817440763372,-22.704005417064764,-5.7904391373243325,lockbox
AP0313,2026-08-03 06:30:00,2,0.9803613441336916,4.637003603579274,-2.3970971621506174,lockbox
AP0313,2026-08-03 06:50:00,3,0.989511674253009,10.698469213751764,11.01553931781153,lockbox
AP0314,2026-08-03 13:44:00,0,0.6569975644174171,0.345064510152838,-3.091946939081392,lockbox
AP0314,2026-08-03 14:14:00,1,0.9779034372654325,-10.910920214785733,-9.799524637241655,lockbox
AP0314,2026-08-03 14:39:00,2,0.97965184861622,8.260231916947077,3.7011427487038078,lockbox
AP0314,2026-08-03 14:59:00,3,0.9868350945743138,4.764788150457889,6.38505547612932,lockbox
AP0315,2026-08-03 21:17:00,0,0.8043077328960129,-11.746674069189794,-4.177555261093064,lockbox
AP0315,2026-08-03 21:47:00,1,0.9631993159533384,-22.26827067763861,-7.855460172251168,lockbox
AP0315,2026-08-03 22:12:00,2,0.9800988621214679,-2.6770795478853415,-0.6903444641338482,lockbox
AP0315,2026-08-03 22:32:00,3,0.9880180549354911,4.396629089093608,9.300191470114088,lockbox
AP0316,2026-08-04 04:44:00,0,0.8286020290707813,-19.54544591762283,-5.228044517258448,lockbox
AP0316,2026-08-04 05:14:00,1,0.9704704914116874,-13.198176019534003,-8.945654286966935,lockbox
AP0316,2026-08-04 05:39:00,2,0.9822210488061252,6.712926774014363,3.4918610036129647,lockbox
AP0316,2026-08-04 05:59:00,3,0.9840117966889225,11.085789910642688,11.311771059116108,lockbox
AP0317,2026-08-04 12:16:00,0,0.7863040526249123,-8.639202458339014,-3.5897257717398494,lockbox
AP0317,2026-08-04 12:46:00,1,0.972260153914415,-24.459271318647097,-7.86584769320601,lockbox
AP0317,2026-08-04 13:11:00,2,0.9793647532472007,-2.6676671772986538,-0.9218210430309449,lockbox
AP0317,2026-08-04 13:31:00,3,0.9870669241523792,7.149665793992426,5.958867063504014,lockbox
AP0318,2026-08-04 19:20:00,0,0.7647102802267921,-13.98490335302563,-0.5575379834372405,lockbox
AP0318,2026-08-04 19:50:00,1,0.9619013506789297,-11.105304067272755,-6.565712258145463,lockbox
AP0318,2026-08-04 20:15:00,2,0.9784071766138296,9.213375616456233,5.262486694936936,lockbox
AP0318,2026-08-04 20:35:00,3,0.9844990792567876,5.60404382334923,9.085752162299244,lockbox
AP0319,2026-08-05 02:53:00,0,0.7543454231609217,-11.218119937055008,-1.3206970722928968,lockbox
AP0319,2026-08-05 03:23:00,1,0.9659015449845993,-19.457020232888453,-7.87267054978159,lockbox
AP0319,2026-08-05 03:48:00,2,0.9794514203292193,4.424054394303084,1.362079447773319,lockbox
AP0319,2026-08-05 04:08:00,3,0.9854677714185174,10.380564042768242,11.382611945214792,lockbox
AP0320,2026-08-05 10:10:00,0,0.7290946656795346,-3.0241806385586187,-2.332868060072582,lockbox
AP0320,2026-08-05 10:40:00,1,0.9483986306567672,-27.63131390935291,-12.709689321750815,lockbox
AP0320,2026-08-05 11:05:00,2,0.974391841090571,-13.546625694586737,-1.1515107967766407,lockbox
AP0320,2026-08-05 11:25:00,3,0.9791504581129923,9.29417347208323,7.1438708828323225,lockbox
AP0321,2026-08-05 17:53:00,0,0.7046316941356038,-22.86068615681404,-0.33457387164302554,lockbox
AP0321,2026-08-05 18:23:00,1,0.9066152193756111,-14.636786500612857,-7.926754281900276,lockbox
AP0321,2026-08-05 18:48:00,2,0.9739920545875779,-3.5009513321522263,3.012162137368953,lockbox
AP0321,2026-08-05 19:08:00,3,0.9796491551464966,-0.14973382563266568,5.9911264320137905,lockbox
AP0322,2026-08-06 01:52:00,0,0.838635653339143,-2.2260395400835478,-3.6727691016541564,lockbox
AP0322,2026-08-06 02:22:00,1,0.9817018386443649,-0.16798191185398537,-12.895102970183142,lockbox
AP0322,2026-08-06 02:47:00,2,0.978319834804604,12.98407636269917,7.475913060817082,lockbox
AP0322,2026-08-06 03:07:00,3,0.9853750977138475,9.887466179173316,12.96553380893496,lockbox
AP0323,2026-08-06 09:14:00,0,0.7283556887260518,-5.639315817945658,-7.864431719840816,lockbox
AP0323,2026-08-06 09:44:00,1,0.9515145862734589,-17.68377022504899,-7.772986664612554,lockbox
AP0323,2026-08-06 10:09:00,2,0.9704264642017284,-6.348970745624456,-2.513175029079293,lockbox
AP0323,2026-08-06 10:29:00,3,0.9769666314527523,8.933212154982584,2.994241414877796,lockbox
AP0324,2026-08-06 17:13:00,0,0.7209921961822735,-12.924688670684645,-0.48804773970713544,lockbox
AP0324,2026-08-06 17:43:00,1,0.9429891811213137,-16.029513061904822,-7.724756796832737,lockbox
AP0324,2026-08-06 18:08:00,2,0.9767704061897106,-5.688664316511449,0.31969174606459283,lockbox
AP0324,2026-08-06 18:28:00,3,0.9742033846877862,2.3754562601720863,2.933058460826196,lockbox
AP0325,2026-08-07 00:59:00,0,0.8180724310618752,-3.5231721761213066,1.9726173445086053,lockbox
AP0325,2026-08-07 01:29:00,1,0.9725898059331112,4.25415712358722,-12.665306974746427,lockbox
AP0325,2026-08-07 01:54:00,2,0.975783832221452,15.684436387508754,3.91793446134219,lockbox
AP0325,2026-08-07 02:14:00,3,0.9832968539686815,7.752310329807301,11.30064399828249,lockbox
AP0326,2026-08-07 08:44:00,0,0.7495922501589993,6.198359812919989,-11.749899127393963,lockbox
AP0326,2026-08-07 09:14:00,1,0.9694383326553745,-19.716475606880294,-10.348124167512449,lockbox
AP0326,2026-08-07 09:39:00,2,0.9790757956401036,-11.444738872338348,1.2941531433415538,lockbox
AP0326,2026-08-07 09:59:00,3,0.9795790181871361,8.343315452694696,4.842620327139741,lockbox
AP0327,2026-08-07 16:35:00,0,0.7224915666059244,3.5614230153645394,0.005564467141515372,lockbox
AP0327,2026-08-07 17:05:00,1,0.9353168355894205,-23.882239943077934,-11.969386413637595,lockbox
AP0327,2026-08-07 17:30:00,2,0.9701236557614571,-26.511364429584546,-4.14074090965233,lockbox
AP0327,2026-08-07 17:50:00,3,0.9736663001612457,0.4411217214445742,-0.5526016695234571,lockbox
AP0328,2026-08-08 00:04:00,0,0.8456919446094902,-10.393190640840771,-3.9808938831664546,lockbox
AP0328,2026-08-08 00:34:00,1,0.9710344378639987,-17.30589149162006,-5.5014889803361475,lockbox
AP0328,2026-08-08 00:59:00,2,0.980351247337599,-3.4504799839163525,1.491186629213456,lockbox
AP0328,2026-08-08 01:19:00,3,0.9794269439452854,11.850857721245347,8.601449572342744,lockbox
AP0329,2026-08-08 07:37:00,0,0.727056140674154,-3.410930179584966,-2.0825420003034503,lockbox
AP0329,2026-08-08 08:07:00,1,0.9205057148194319,-28.507778156769064,-13.303935970181046,lockbox
AP0329,2026-08-08 08:32:00,2,0.9726703281650909,-3.757252889044139,1.733563108967222,lockbox
AP0329,2026-08-08 08:52:00,3,0.9813190126289535,6.446072014093033,6.176854661227119,lockbox
AP0330,2026-08-08 15:09:00,0,0.7082836388651916,0.286908182170464,1.8361478360844024,lockbox
AP0330,2026-08-08 15:39:00,1,0.9684773780579117,-21.73854133069301,-10.705668102020747,lockbox
AP0330,2026-08-08 16:04:00,2,0.980071186602116,6.456010678913799,1.2467567268515352,lockbox
AP0330,2026-08-08 16:24:00,3,0.9802249585048973,9.411696369209494,11.450561627576391,lockbox
AP0331,2026-08-08 22:34:00,0,0.7807419655723692,8.035024851024218,1.9523992883032135,lockbox
AP0331,2026-08-08 23:04:00,1,0.9772107850254814,-21.620361097207706,-13.593945206717057,lockbox
AP0331,2026-08-08 23:29:00,2,0.9735659410464297,-6.837564148482215,-0.1828256673623977,lockbox
AP0331,2026-08-08 23:49:00,3,0.9835271406109914,6.26687781924511,11.068145512324122,lockbox
AP0332,2026-08-09 06:35:00,0,0.7624321245554335,2.659845677006615,-3.3692933053040517,lockbox
AP0332,2026-08-09 07:05:00,1,0.9611059396697518,-18.509817786114127,-11.969627655909347,lockbox
AP0332,2026-08-09 07:30:00,2,0.9800938622730527,3.3518019291959718,0.7348422466971223,lockbox
AP0332,2026-08-09 07:50:00,3,0.981471220491715,8.279900363300271,6.428748547621235,lockbox
AP0333,2026-08-09 14:36:00,0,0.7689774630602444,-13.304117401725534,-2.6072943014432797,lockbox
AP0333,2026-08-09 15:06:00,1,0.977212359900709,-14.415874498966787,-7.489571531762937,lockbox
AP0333,2026-08-09 15:31:00,2,0.9756024663223121,11.12975980738031,4.593863479211423,lockbox
AP0333,2026-08-09 15:51:00,3,0.9790876028698038,4.740757300138398,13.841781918102892,lockbox
AP0334,2026-08-09 22:32:00,0,0.7985418484272707,-11.206679441557753,0.4760087769298737,lockbox
AP0334,2026-08-09 23:02:00,1,0.9791803034842009,6.826162342997918,-8.949031415893337,lockbox
AP0334,2026-08-09 23:27:00,2,0.9796209412787715,23.26884437800902,7.563955419899564,lockbox
AP0334,2026-08-09 23:47:00,3,0.9888699753906048,4.846880695850132,7.139398279016936,lockbox
AP0335,2026-08-10 06:38:00,0,0.7575033834403947,-6.720734227091157,-7.783504128501836,lockbox
AP0335,2026-08-10 07:08:00,1,0.9307705379628117,-22.998171624952533,-5.8802461558831185,lockbox
AP0335,2026-08-10 07:33:00,2,0.9764250615725026,6.139117909188599,-1.2245543231777787,lockbox
AP0335,2026-08-10 07:53:00,3,0.9858572382936075,7.921307235772019,8.5443325328036,lockbox
AP0336,2026-08-10 17:10:00,0,0.8285373357175747,-13.105070105190634,-4.56051168504994,lockbox
AP0336,2026-08-10 17:40:00,1,0.9725645824856012,-21.62870656538098,-7.457843209085088,lockbox
AP0336,2026-08-10 18:05:00,2,0.9752469578057418,1.1664459805388105,1.554262990306273,lockbox
AP0336,2026-08-10 18:25:00,3,0.9790197979591326,9.128853022723433,10.42118022764623,lockbox
AP0337,2026-08-11 00:48:00,0,0.7959706141253566,-4.220985564442458,-1.9529322975371077,lockbox
AP0337,2026-08-11 01:18:00,1,0.9736944436358858,-18.58240936436971,-4.545296391935244,lockbox
AP0337,2026-08-11 01:43:00,2,0.9741759926643472,6.202437247709099,0.32320300842027105,lockbox
AP0337,2026-08-11 02:03:00,3,0.9810165355592952,4.03883973415725,10.537317138373448,lockbox
AP0338,2026-08-11 08:48:00,0,0.7071660198947902,-2.0281082688993592,-1.6740925690829673,lockbox
AP0338,2026-08-11 09:18:00,1,0.9410187779846143,-9.653629596830342,-8.975025904533068,lockbox
AP0338,2026-08-11 09:43:00,2,0.9809150623366271,8.544052777506295,4.294138977631603,lockbox
AP0338,2026-08-11 10:03:00,3,0.9853497812243605,11.444738802459142,8.555381902324717,lockbox
AP0339,2026-08-11 16:55:00,0,0.824765297057654,3.3679054615595305,-4.4272942879724715,lockbox
AP0339,2026-08-11 17:25:00,1,0.9734586860178936,0.8928505826958144,-8.684340541077887,lockbox
AP0339,2026-08-11 17:50:00,2,0.980043667233659,10.746944776057717,8.468633305289734,lockbox
AP0339,2026-08-11 18:10:00,3,0.9805896336183023,3.651273973925072,13.74631893199712,lockbox
AP0340,2026-08-12 00:30:00,0,0.804568900729453,-11.60922257044058,-5.639396918666554,lockbox
AP0340,2026-08-12 01:00:00,1,0.9653442709104281,-16.43445369854544,-5.817537969020384,lockbox
AP0340,2026-08-12 01:25:00,2,0.9784668484207889,-7.26252394935716,0.7923833764777409,lockbox
AP0340,2026-08-12 01:45:00,3,0.9825607046070389,-0.46522586999742543,1.5017617386837059,lockbox
AP0341,2026-08-12 08:24:00,0,0.8992819594053367,-9.75059267779534,-2.0154830278232114,lockbox
AP0341,2026-08-12 08:54:00,1,0.9684182887161742,-19.02807889405335,-6.227222765489079,lockbox
AP0341,2026-08-12 09:19:00,2,0.9869178142699586,-2.836182009366439,0.7289889926320807,lockbox
AP0341,2026-08-12 09:39:00,3,0.9927397000968377,9.303352373387497,6.935787525684646,lockbox
AP0342,2026-08-12 16:14:00,0,0.8269160684467599,-12.22248409144413,-4.477045835410683,lockbox
AP0342,2026-08-12 16:44:00,1,0.9715721047817554,-3.620827698865355,-5.220164521525929,lockbox
AP0342,2026-08-12 17:09:00,2,0.9874106503700272,18.060770265407086,5.070858811180029,lockbox
AP0342,2026-08-12 17:29:00,3,0.9842179809201311,8.014234279265565,14.454754633270278,lockbox
AP0343,2026-08-12 23:43:00,0,0.7435380831689331,-6.916592873549007,-7.205501358845051,lockbox
AP0343,2026-08-13 00:13:00,1,0.9592092836996632,-17.291680163365754,-6.927006240424092,lockbox
AP0343,2026-08-13 00:38:00,2,0.9876199583448927,-0.6170363686820792,2.611455571466313,lockbox
AP0343,2026-08-13 00:58:00,3,0.9878477193136107,8.270883643589627,10.766020174440213,lockbox
AP0344,2026-08-13 07:33:00,0,0.7491360217003111,-10.641214949597384,-1.6041517556142941,lockbox
AP0344,2026-08-13 08:03:00,1,0.971719211463378,-12.749209090361433,-7.059235469388899,lockbox
AP0344,2026-08-13 08:28:00,2,0.9790068807384956,3.365220125700148,2.7638854337393335,lockbox
AP0344,2026-08-13 08:48:00,3,0.9843933645949989,7.704841742430062,6.835077529732712,lockbox
AP0345,2026-08-13 15:39:00,0,0.7533195764956584,-12.926643951331812,-1.6959217873710264,lockbox
AP0345,2026-08-13 16:09:00,1,0.9654625384229331,-7.576017884996304,-7.227348328531081,lockbox
AP0345,2026-08-13 16:34:00,2,0.9734502231012838,5.4099616264199994,5.54203324496749,lockbox
AP0345,2026-08-13 16:54:00,3,0.975326902420631,5.392275485439541,10.84414995130094,lockbox
AP0346,2026-08-13 23:26:00,0,0.7549634027106675,-9.758588689763656,-4.497092837651261,lockbox
AP0346,2026-08-13 23:56:00,1,0.9533509485006891,-17.196055950991877,-8.661388766802114,lockbox
AP0346,2026-08-14 00:21:00,2,0.9735341140940335,-7.153867420964616,1.3374642363787559,lockbox
AP0346,2026-08-14 00:41:00,3,0.9805072953638274,3.682597143807925,9.000559138795108,lockbox
AP0347,2026-08-14 07:03:00,0,0.7379706727155497,8.64042351066098,2.7347765063594363,lockbox
AP0347,2026-08-14 07:33:00,1,0.957483697818076,-7.262687242373431,-11.701823276642335,lockbox
AP0347,2026-08-14 07:58:00,2,0.9755947776534358,4.868002448386392,1.8775634285535983,lockbox
AP0347,2026-08-14 08:18:00,3,0.9797855022994791,-0.38140604427314884,8.14473816898073,lockbox
AP0348,2026-08-14 14:56:00,0,0.7778456148271322,-26.116257474351755,-13.490079970624276,lockbox
AP0348,2026-08-14 15:26:00,1,0.9566638363502447,-14.981720629870892,-6.026146153454862,lockbox
AP0348,2026-08-14 15:51:00,2,0.9788236845025468,13.589533315346557,0.5423687151997676,lockbox
AP0348,2026-08-14 16:11:00,3,0.9825771572731802,13.82359175891429,11.423804720611864,lockbox
AP0349,2026-08-14 22:49:00,0,0.7787916872192948,-5.503508034831839,-4.79605162205195,lockbox
AP0349,2026-08-14 23:19:00,1,0.9721936946315385,-6.746835506837556,-6.569818790159146,lockbox
AP0349,2026-08-14 23:44:00,2,0.9827560023943831,12.341457560247818,4.054142418201923,lockbox
AP0349,2026-08-15 00:04:00,3,0.9888391072531217,10.490875765111127,11.26085773020123,lockbox
AP0350,2026-08-15 06:30:00,0,0.7616485826562299,-6.862430556653521,-6.070109256432989,lockbox
AP0350,2026-08-15 07:00:00,1,0.9567107674194916,-12.34342504653489,-5.034602741615032,lockbox
AP0350,2026-08-15 07:25:00,2,0.9763687375909869,-5.384461063624144,1.406899052092025,lockbox
AP0350,2026-08-15 07:45:00,3,0.9924472294159619,4.288168104041915,5.770278424311784,lockbox
AP0351,2026-08-15 15:16:00,0,0.6932851083700398,-12.94565484673285,-4.277154134848233,lockbox
AP0351,2026-08-15 15:46:00,1,0.9694847763734836,4.579410237747879,-7.13287972645767,lockbox
AP0351,2026-08-15 16:11:00,2,0.978876600862081,6.36054461844742,7.355979580583962,lockbox
AP0351,2026-08-15 16:31:00,3,0.9874556958748028,6.930300922190781,9.380077424891965,lockbox
AP0352,2026-08-15 23:05:00,0,0.701526561172646,-7.8108160225554,-7.81251540140584,lockbox
AP0352,2026-08-15 23:35:00,1,0.916016895857281,-15.896032953797658,-10.0061640662961,lockbox
AP0352,2026-08-16 00:00:00,2,0.9663308694039752,1.7790057336984546,1.4818971345681393,lockbox
AP0352,2026-08-16 00:20:00,3,0.973634382326933,1.220331999160294,6.207763526744844,lockbox
AP0353,2026-08-16 06:51:00,0,0.8619692995569277,-9.158240679997107,-8.216947957098704,lockbox
AP0353,2026-08-16 07:21:00,1,0.9651632034579922,-11.12231633565591,-3.364383371137238,lockbox
AP0353,2026-08-16 07:46:00,2,0.9792505575782201,10.518158217875566,5.272423048769782,lockbox
AP0353,2026-08-16 08:06:00,3,0.9842343409802444,11.759283568293768,14.461837104158931,lockbox
AP0354,2026-08-16 14:41:00,0,0.7842918791304081,-13.073745322509922,-0.7196222361040734,lockbox
AP0354,2026-08-16 15:11:00,1,0.937412864093466,-7.5849123665047955,-4.892729856096526,lockbox
AP0354,2026-08-16 15:36:00,2,0.9793597755566218,-6.968437327658535,1.6728163409871049,lockbox
AP0354,2026-08-16 15:56:00,3,0.9842399115776097,5.284562065191267,6.153386696334455,lockbox
AP0355,2026-08-16 22:49:00,0,0.7967413164645725,-21.771144389712617,-10.318485232684468,lockbox
AP0355,2026-08-16 23:19:00,1,0.9407033878513487,-2.68905721478302,-7.279724701189023,lockbox
AP0355,2026-08-16 23:44:00,2,0.9816867965834896,3.024891630973798,5.022563151040837,lockbox
AP0355,2026-08-17 00:04:00,3,0.9805441289806814,9.415777444606533,7.346437264057066,lockbox
AP0356,2026-08-17 06:45:00,0,0.801609316382548,-6.062850326406874,-9.221534527383964,lockbox
AP0356,2026-08-17 07:15:00,1,0.9654348484786266,-0.04383345319388354,-3.799315927759567,lockbox
AP0356,2026-08-17 07:40:00,2,0.9786536056049108,17.382119515987142,10.049895894599938,lockbox
AP0356,2026-08-17 08:00:00,3,0.9820453757865164,8.291117969911738,14.494803102701576,lockbox
AP0357,2026-08-17 14:54:00,0,0.8510834932086394,-10.57412934250749,-10.320191309314568,lockbox
AP0357,2026-08-17 15:24:00,1,0.9627435471785278,-5.699776141618258,-7.570307237466172,lockbox
AP0357,2026-08-17 15:49:00,2,0.9843256606933733,9.228786119729193,5.272717723216645,lockbox
AP0357,2026-08-17 16:09:00,3,0.9841238796860559,4.320687596663902,9.705085341407875,lockbox
AP0358,2026-08-17 23:04:00,0,0.7588144914194678,-20.292557981368304,-5.08322271243414,lockbox
AP0358,2026-08-17 23:34:00,1,0.9446482110522282,-4.58119963340323,-8.339471067808637,lockbox
AP0358,2026-08-17 23:59:00,2,0.9777038920834467,5.2527142704299195,0.8441551727031378,lockbox
AP0358,2026-08-18 00:19:00,3,0.9824183089403462,8.8125870984112,9.56572860156923,lockbox
AP0359,2026-08-18 07:00:00,0,0.803882737299564,-10.43307927494186,-7.0817545267566375,lockbox
AP0359,2026-08-18 07:30:00,1,0.9607872999639621,1.2579577826872992,-3.8338668388119346,lockbox
AP0359,2026-08-18 07:55:00,2,0.9745461244562776,16.802699603336805,10.287400589303225,lockbox
AP0359,2026-08-18 08:15:00,3,0.9819242783539982,6.830083593571999,15.322366840846083,lockbox
AP0360,2026-08-18 14:35:00,0,0.8254256683889724,-6.628028815776133,-4.038465984402109,lockbox
AP0360,2026-08-18 15:05:00,1,0.9742504810243484,-11.883277080501443,-2.3812815629351816,lockbox
AP0360,2026-08-18 15:30:00,2,0.9829167027975519,6.8836043905263296,5.106369092656762,lockbox
AP0360,2026-08-18 15:50:00,3,0.982199289925887,9.208132140977341,10.731158357647995,lockbox
AP0361,2026-08-18 22:28:00,0,0.8575095845680324,-6.2154459197969345,-5.744345025847176,lockbox
AP0361,2026-08-18 22:58:00,1,0.9690025184757572,-2.7513494135141627,-3.6374044114999,lockbox
AP0361,2026-08-18 23:23:00,2,0.982573538492833,9.848342763500796,6.561236962676813,lockbox
AP0361,2026-08-18 23:43:00,3,0.9916808456492692,11.206593913225674,12.022510626653714,lockbox
AP0362,2026-08-19 06:24:00,0,0.8463864966219679,-1.8492934688561036,-9.095423659548054,lockbox
AP0362,2026-08-19 06:54:00,1,0.9756256709655187,11.699172034775643,-8.327075471044068,lockbox
AP0362,2026-08-19 07:19:00,2,0.9839542342381645,24.174442233686364,5.253021878045194,lockbox
AP0362,2026-08-19 07:39:00,3,0.9637284951693369,8.598195840004678,7.828419772199782,lockbox
