n_escalones,uplift_fisico_fusion_kg,uplift_fisico_reduccion_kg,uplift_fisico_total_kg,uplift_J_total_kg,pct_escalones_con_mejora,support_medio_historico,support_medio_recomendado,R_sdi_pred_hist,R_sdi_pred_rec,R_d_sn_dep_pred,R_d_feo_ret_pred,F_d_sn_dep_pred,Batch,es_lockbox,fold,dist_Fusión_tasa_feed_Carbon_kg_min,dir_Fusión_tasa_feed_Carbon_kg_min,dist_Fusión_tasa_gn_nm3_min,dir_Fusión_tasa_gn_nm3_min,dist_Fusión_tasa_o2_nm3_min,dir_Fusión_tasa_o2_nm3_min,dist_Fusión_tasa_aire_nm3_min,dir_Fusión_tasa_aire_nm3_min,dist_F,dist_Reducción_tasa_feed_Carbon_kg_min,dir_Reducción_tasa_feed_Carbon_kg_min,dist_Reducción_tasa_gn_nm3_min,dir_Reducción_tasa_gn_nm3_min,dist_Reducción_tasa_o2_nm3_min,dir_Reducción_tasa_o2_nm3_min,dist_Reducción_tasa_aire_nm3_min,dir_Reducción_tasa_aire_nm3_min,dist_R,dist_total,rendimiento_proxy_batch,recuperacion_refinada_pct,recuperacion_real_pct,f_metal,f_dross,f_polvo,ley_sn_conc_batch_pct,espesor_ladrillo_norm_mm,sn_cargado_batch_kg,temperatura_media_fusion,frac_carga_secundaria_media_fusion,feed_dross_Fe_total_t,fecha_inicio_batch,idx_cronologico,recuperacion_refinada_pct_next,recuperacion_refinada_pct_media2,rendimiento_proxy_batch_next,rendimiento_proxy_batch_media2,recuperacion_real_pct_next,recuperacion_real_pct_media2
10,46.12094831981082,43.01422184082658,89.1351701606374,84.58418325044505,60.0,0.23590902917364726,0.2535160386891408,1.527768514328183,1.5500402255018737,-0.04311347601721549,0.010736483939393499,0.005737126963946293,AP0001,False,0,0.4731046928111229,-0.4731046928111229,0.7650174622496709,0.7650174622496709,0.7829063062811533,0.7829063062811533,0.029597497901402318,-0.01588038787573637,0.5126564898108373,0.09221172939473074,-0.05856778419329873,0.2043907236510324,-0.1879341042264453,0.13178779037816774,-0.13178779037816774,0.2228688380164314,0.2228688380164314,0.16281477036009057,0.3377356300854639,79.91765201995008,78.4385053607697,67.62373749669,0.7991765201995008,0.08263694984335675,0.11818652995714247,41.43282990669513,299.99971591319826,49907.386443483614,1199.8433943567873,7.04913158954446e-05,0.008429022004681047,2026-04-21 18:36:00,1,72.14314023686171,75.2908227988157,73.05531072136027,76.48648137065518,67.26438959007012,67.44406354338005
10,0.0,9.669136869120893,9.669136869120893,9.669136869120962,10.0,0.17597065122772865,0.17690885419555677,1.3285824759353686,1.3344410888326683,-0.013339029482076326,0.0031523222297826017,0.0,AP0002,False,0,0.0,0.0,0.0,0.0,0.0,0.0,0.0,0.0,0.0,0.005992235917581554,-0.005992235917581554,0.06207520483610226,-0.06207520483610226,0.05537652961775659,-0.05537652961775659,0.04304062236747821,0.04304062236747821,0.04162114818472965,0.020810574092364826,73.05531072136027,72.14314023686171,67.26438959007012,0.7305531072136027,0.12935509971758247,0.14009179306881472,41.43282990669513,299.99971591319826,49489.247137855884,1309.4844819802286,3.2638419299333144e-05,0.0025644468226412665,2026-04-22 03:22:00,2,78.14326293566891,75.14320158626532,79.15175258246624,76.10353165191326,74.59717483983012,70.93078221495011
10,0.0,216.46542789125664,216.46542789125664,201.7349663287947,40.0,0.2714605849132924,0.2773699636610011,0.4446627807799474,0.5758926792834846,-0.016479588918518084,0.024254431432192997,0.0,AP0003,False,2,0.0,0.0,0.0,0.0,0.0,0.0,0.0,0.0,0.0,0.2680956632058588,-0.19302246075411006,0.1087373649690257,-0.09358124133349913,0.10651050292892686,0.10651050292892686,0.09535201405773493,0.08469367495037368,0.14467388629038658,0.07233694314519329,79.15175258246624,78.14326293566891,74.59717483983012,0.7915175258246625,0.07712140760278896,0.13136106657254842,41.432829906695126,299.99971591319826,50071.225995084955,1267.0349252921192,3.2441315410357124e-05,0.034214071363375904,2026-04-22 12:29:00,3,71.85093529025706,74.99709911296299,72.52505027310832,75.83840142778729,71.4049721091537,73.0010734744919
10,0.0,89.42977936019125,89.42977936019125,84.79490431392895,30.0,0.2955400804438977,0.2961833231395395,0.9870170966371064,1.0362557977957423,-0.019887739339985055,0.011350811247721013,0.0,AP0004,False,4,0.0,0.0,0.0,0.0,0.0,0.0,0.0,0.0,0.0,0.13207515761382327,-0.13207515761382327,0.11979191461797703,-0.04007890698719399,0.07003034545228716,0.05838383884184521,0.03719397472153768,0.03267631578567588,0.08977284810140627,0.04488642405070314,72.52505027310832,71.85093529025706,71.4049721091537,0.7252505027310832,0.12284919932885231,0.1519002979400646,41.43282990669514,299.99971591319826,50407.47014784682,1216.3569351554343,2.62387222673284e-05,0.0022026860074982227,2026-04-22 21:08:00,4,70.15845553393244,71.00469541209475,71.60074551166002,72.06289789238417,66.48723551500777,68.94610381208074
10,16.068947887667633,211.7167527092097,227.78570059687732,227.78570059687758,30.0,0.20692759261316834,0.24230934331258175,1.4929195611167572,1.6426586741190847,0.16325962548195,-0.0022201169917278017,-0.01757854626035127,AP0005,False,3,0.08334204077891226,-0.08334204077891226,0.030066483875024516,-0.030066483875024516,0.01646745736279945,0.01646745736279945,0.0011588710176631929,-0.0011588710176631929,0.03275871325859985,0.17490630994103093,0.021006393789482852,0.40054952948070194,0.33406108140965224,0.11208298841109082,0.11208298841109082,1.0307557113056425,1.0271938481445537,0.4295736347846165,0.2311661740216082,71.60074551166002,70.15845553393244,66.48723551500777,0.7160074551166002,0.12240181182456374,0.16159073305883612,41.43282990669513,299.99971591319826,48723.45759162705,1249.450937337607,0.014676235221650857,3.483878779855645e-21,2026-04-23 05:45:00,5,72.57614671931469,71.36730112662357,73.67015516465584,72.63545033815794,66.61048864864914,66.54886208182845
9,15.501793939777855,80.1085896910859,95.61038363086375,95.61038363086374,44.44444444444444,0.276338672984544,0.2819471124684126,1.3246155233125825,1.3706103735809638,-0.01825492695951586,0.010550045521822203,-0.020186373296437743,AP0006,False,4,0.08081747317416153,-0.08081747317416153,0.1382201976576635,-0.1382201976576635,0.10257554370604653,-0.10257554370604653,0.0030621797283537674,0.0025160784160816667,0.08116884856655633,0.13663314628880444,-0.13663314628880444,0.2050730407511494,-0.0987890305767725,0.19729136061021557,-0.07083137778716075,0.05328830691930277,0.05328830691930277,0.14807146364236803,0.11462015610446219,73.67015516465584,72.57614671931469,66.61048864864914,0.7367015516465584,0.08747735129382754,0.175821097059614,41.43282990669514,299.99971591319826,49795.58125591482,1230.02669141176,1.1348174603105027e-05,0.0010495267869860942,2026-04-23 14:40:00,6,71.86118676988926,72.21866674460198,74.14683229482415,73.90849372974,70.55223508172128,68.58136186518522
8,0.0,111.17091678619916,111.17091678619916,111.17091678619909,12.5,0.18533752143155652,0.19246566008506552,1.5410713364167183,1.5970896244699728,-0.02568072659940429,0.013415273341980099,0.0,AP0007,False,1,0.0,0.0,0.0,0.0,0.0,0.0,0.0,0.0,0.0,0.5095517592702203,-0.5095517592702203,0.047236617468868036,0.047236617468868036,0.10641901555434748,-0.10641901555434748,0.2416793609065895,0.2416793609065895,0.22622168830000636,0.11311084415000318,74.14683229482415,71.86118676988926,70.55223508172128,0.7414683229482415,0.08838031171581676,0.1701513653359418,41.43282990669513,299.99971591319826,49049.84223379435,1210.4768121249883,8.27745483211954e-05,0.007755194640619015,2026-04-23 22:38:00,7,58.92715260043539,65.39416968516232,59.56529046993668,66.85606138238042,56.917572411043004,63.734903746382145
4,0.0,33.437599900654156,33.437599900654156,33.43759990065445,100.0,0.32713282632700513,0.33493277513001246,1.4419465544934267,1.4700934190935584,0.06814889768605448,-0.006568478339231992,,AP0008,False,0,,,,,,,,,,0.20706525303120357,0.006703053390283056,0.1452143779942129,0.1452143779942129,0.10476312890152649,0.08556140132537575,0.14166453655845196,0.1286794909614551,0.14967682412134875,0.14967682412134875,59.56529046993668,58.92715260043539,56.917572411043004,0.5956529046993667,0.21681947670288612,0.18752761859774708,41.80029722790323,299.99971591319826,45648.046639036,1195.196995634653,,0.0017468299636686964,2026-04-24 07:23:00,8,76.67768621035799,67.80241940539669,77.74576970038642,68.65553008516154,65.78759067589957,61.35258154347129
10,17.367574207801212,192.91840733157892,210.28598153938015,181.52205343730088,40.0,0.27159757733242,0.2740897620258161,0.6731663600478242,0.7900263795071545,-0.08669058941100494,0.033423745298905586,0.007592510177131695,AP0009,False,2,0.1723229246719291,-0.1723229246719291,0.23864965029084292,0.19317334364979874,0.26248995398884406,0.25483852011274605,0.08033505122502142,-0.08033505122502142,0.18844939504415936,0.17091389686503197,-0.17091389686503197,0.33247505882647743,-0.33247505882647743,0.12270220985496459,-0.07611514638686027,0.13214109749021266,-0.12202142199436296,0.18955806575917167,0.18900373040166552,77.74576970038642,76.67768621035799,65.78759067589957,0.7774576970038642,0.07465371759361254,0.1478885854025233,42.415478561836736,299.99971591319826,49688.51977121447,1245.9461460727223,0.5889689319920993,26.167411716411905,2026-04-24 15:46:00,9,68.16148386572002,72.419585038039,68.50557650116588,73.12567310077614,68.30094269633042,67.044266686115
10,0.0,0.0,0.0,0.0,0.0,0.12802764088230792,0.12802764088230792,2.1601116117315016,2.1601116117315016,0.0,0.0,0.0,AP0010,False,1,0.0,0.0,0.0,0.0,0.0,0.0,0.0,0.0,0.0,0.0,0.0,0.0,0.0,0.0,0.0,0.0,0.0,0.0,0.0,68.50557650116588,68.16148386572002,68.30094269633042,0.6850557650116589,0.12254939092734289,0.19239484406099827,42.415478561836736,299.99971591319826,47940.42176779384,1227.4300561958028,0.599878308490001,25.135725653255392,2026-04-24 23:48:00,10,64.46025013766302,66.31086700169152,65.4900480917299,66.99781229644789,62.541515006437095,65.42122885138376
10,77.37980172563064,16.51858825613567,93.89838998176631,93.89838998176612,60.0,0.226809398440673,0.24015059945143752,1.2111130996709758,1.2243551555535372,0.09907003470213943,-0.014093264173986507,-0.0327433148750883,AP0011,False,0,0.550417897566802,-0.550417897566802,0.4510120273443674,0.4510120273443674,0.49572644277261374,0.49572644277261374,0.09724594508806489,-0.04114014011606435,0.398600578192962,0.07623100467769504,-0.010476232368498928,0.2255311328299065,0.2255311328299065,0.060159160069736775,0.060159160069736775,0.11897047747059818,0.11897047747059818,0.12022294376198413,0.2594117609774731,65.4900480917299,64.46025013766302,62.541515006437095,0.654900480917299,0.16972232057438782,0.1753771985083131,42.415478561836736,299.99971591319826,47265.75618924079,1217.5851416267694,0.5845469354728394,25.43614016061114,2026-04-25 08:29:00,11,73.31810988860353,68.88918001313328,74.17638638591971,69.8332172388248,67.11446843772983,64.82799172208345
10,98.74231158584941,230.7734290801393,329.5157406659887,306.04110132879896,90.0,0.30794997702618965,0.3226864599933344,1.2022976216760184,1.350802297035418,0.054791092648440065,0.015388108819533591,-0.06556928786203342,AP0012,False,3,0.852294858777288,-0.852294858777288,0.6309759674621581,0.6309759674621581,0.5401742939653844,0.5212014856803321,0.11500974003332598,-0.055554192948344246,0.5346137150595391,0.3413267035560086,-0.18857922180434342,0.12135505779636575,0.049964296812065254,0.2336058911989255,0.2336058911989255,0.09633287453761996,0.08357603386643951,0.19815513177222993,0.3663844234158845,74.17638638591971,73.31810988860353,67.11446843772983,0.7417638638591971,0.08719618006526553,0.17103995607553726,42.415478561836736,299.99971591319826,49077.048163706095,1185.7754967705264,0.5954572472179075,25.934385787613834,2026-04-25 15:58:00,12,63.40204397910659,68.36007693385505,64.58338515029256,69.37988576810613,66.82905218109707,66.97176030941344
10,127.09395097602584,83.19225007755016,210.28620105357598,206.66758129056132,60.0,0.27074448599601103,0.28367074859661223,0.644840815297206,0.6939815301314585,-0.04317988460207128,0.0151593759337149,-0.030507465241963128,AP0013,False,4,1.0176214569843902,-1.0176214569843902,0.7416841614089628,0.7416841614089628,0.8611901256113287,0.8611901256113287,0.16463725566767382,-0.10473543881321311,0.6962832499180888,0.08799911920899434,-0.08799911920899434,0.19182472620112034,-0.19182472620112034,0.18345907740075723,-0.18345907740075723,0.015073043153780882,0.015073043153780882,0.1195889914911632,0.40793612070462604,64.58338515029256,63.40204397910659,66.82905218109707,0.6458338515029256,0.1667433657228333,0.18742278277424107,42.41547856183673,299.99971591319826,48207.3573521556,1184.6326861353325,0.5966909974090269,24.735687578591122,2026-04-25 23:58:00,13,71.39812729827501,67.4000856386908,72.27735907223597,68.43037211126426,65.23930703730998,66.03417960920353
10,56.89239189201602,62.69572102396012,119.58811291597614,86.58672808499261,60.0,0.30134029716935956,0.308245859273817,1.0071069125428287,1.043821800986337,-0.01307721056922262,0.0081760425308261,-0.04047449830913441,AP0014,False,3,0.5596854615595204,-0.5596854615595204,0.5928601330073794,0.5928601330073794,0.6119512390276461,0.6119512390276461,0.15340752197391389,-0.15340752197391389,0.4794760888921149,0.07694995807577401,-0.07694995807577401,0.03324422403552479,-0.03324422403552479,0.016556127234495184,0.016556127234495184,0.001780931580544301,-0.001780931580544301,0.03213281023158457,0.2558044495618497,72.27735907223597,71.39812729827501,65.23930703730998,0.7227735907223597,0.11257718678359688,0.16464922249404343,42.415478561836736,299.99971591319826,49225.84475281727,1181.1546700934723,0.5985012946595948,24.610046892420687,2026-04-26 08:14:00,14,75.14929565234326,73.27371147530914,76.89084849130701,74.58410378177149,72.91202180378602,69.07566442054801
10,144.42665637160292,146.95895430303824,291.38561067464116,284.84735551924473,70.0,0.3046486450005245,0.31314107787711365,0.9058843360723942,0.9948644378739757,0.024476385629129682,0.0105917432138673,-0.04870244876163804,AP0015,False,4,1.0062890752376417,-1.0062890752376417,0.7315955950286029,0.7315955950286029,1.11830217262462,1.11830217262462,0.07182294276162975,-0.04250001705352813,0.7320024464131236,0.2273344539873784,-0.2273344539873784,0.2702929864831257,0.12039723949677772,0.09142735681770034,0.07613014416176575,0.24876895900185586,0.24876895900185586,0.20945593907251508,0.4707291927428193,76.89084849130701,75.14929565234326,72.91202180378602,0.7689084849130702,0.10379917208483966,0.1272923430020902,42.415478561836736,299.99971591319826,48456.97475661744,1220.8147506373807,0.5948458038544704,25.530496880455836,2026-04-26 16:09:00,15,72.3987505014677,73.77402307690548,73.18325133927344,75.03704991529023,66.78697420687666,69.84949800533134
10,17.230169270162165,204.28570304809477,221.51587231825692,187.2801224320703,60.0,0.27770668793798947,0.27965378556926135,1.1501969423509293,1.2866737895370113,-0.007583404775819619,0.023655213786847512,-0.01224187091020662,AP0016,False,2,0.08889492191930094,-0.08889492191930094,0.0616906137260095,-0.0616906137260095,0.21053160354349787,0.19937000551579853,0.00846651120953581,-0.00846651120953581,0.09239591259958602,0.25776960081865957,-0.06167390660050713,0.21123227290035634,-0.21123227290035634,0.13823898192451436,0.12672421736764797,0.05779478019321667,-0.02779795843572812,0.16625890895918674,0.1293274107793864,73.18325133927344,72.3987505014677,66.78697420687666,0.7318325133927344,0.08946414597431734,0.17870334063294818,35.28891372434783,299.99971591319826,45608.23478190104,1213.967825541538,0.5970903544691247,27.16582313106195,2026-04-27 00:15:00,16,69.0339560550024,70.71635327823506,70.17902842181307,71.68113988054326,76.05963970331315,71.42330695509492
10,59.80046892236051,313.5365150498924,373.33698397225294,348.2300741362957,70.0,0.25223791435050047,0.2565273760324167,1.419685456779214,1.5953232455261968,-0.07119244790768775,0.04053041652786049,-0.028130237521475143,AP0017,False,4,0.5217351826261075,-0.5217351826261075,0.43960979580901904,0.43960979580901904,0.5428212343999008,0.5428212343999008,0.13159389833570584,-0.11431469061906652,0.40894002779268335,0.5303918655777053,-0.4968524492479348,0.212489043620597,-0.1965326603383205,0.1781876740893294,-0.14461847691248808,0.06271957868288408,0.059186987850538095,0.24594704049262894,0.32744353414265615,70.17902842181307,69.0339560550024,76.05963970331315,0.7017902842181307,0.0684778123402213,0.22973190344164787,35.28891372434783,299.99971591319826,43686.61241311744,1178.4788045030607,0.6203817618078514,26.949812532220683,2026-04-27 08:28:00,17,69.61398865040907,69.32397235270574,70.14778707534529,70.16340774857917,71.01005050924203,73.5348451062776
10,35.20722871644068,110.7995288086862,146.0067575251269,125.73872599792787,80.0,0.37404180327764786,0.3768666722426336,0.7856006817149433,0.8524108218288367,-0.04828001010309163,0.018898218426434313,-0.0316175856906763,AP0018,False,4,0.2463222363741878,-0.2463222363741878,0.19445269466299486,0.19445269466299486,0.2910115083868234,0.2910115083868234,0.13551824389797965,-0.11823903618133963,0.21682617083049643,0.08310496140586951,-0.08310496140586951,0.22903300239031485,-0.21451620747446842,0.21951469407105498,-0.10476407621881596,0.13697160834253366,0.1359865402390172,0.16715606655244325,0.19199111869146984,70.14778707534529,69.61398865040907,71.01005050924203,0.701477870753453,0.1386899097774707,0.15983221946907644,35.28891372434783,299.99971591319826,44104.79893395347,1162.8325151548602,0.6366461095576702,27.173553958104428,2026-04-27 16:47:00,18,68.38198798518673,68.9979883177979,68.85542078251675,69.50160392893102,70.74325481605581,70.87665266264892
10,14.046171699651097,33.78850113717708,47.834672836828176,41.71376238311274,40.0,0.3159162204109688,0.31617658388100284,1.1643544829783616,1.1832181909819497,-0.01667864040883882,0.005836182005324611,0.005217299217651572,AP0019,False,1,0.1695587249703531,-0.1695587249703531,0.17336824153669325,0.17336824153669325,0.1659132273813085,0.1659132273813085,0.01989464224720369,-0.019043109760600137,0.13218370903388965,0.05996456783508414,-0.05996456783508414,0.0884256164153541,-0.007864342889576027,0.053250114375333606,0.041602652453826015,0.033351986953923045,0.03242463356297771,0.058748071394923725,0.09546589021440668,68.85542078251675,68.38198798518673,70.74325481605581,0.6885542078251674,0.09437178171045839,0.2170740104643743,35.28891372434783,299.99971591319826,43650.52199010718,1190.4465858385224,0.6203017455709027,25.119522998098997,2026-04-28 00:59:00,19,70.29318056956637,69.33758427737655,71.49362988104966,70.1745253317832,71.32181111876966,71.03253296741273
10,24.42026508679764,92.00965398738546,116.42991907418309,89.25175866508263,70.0,0.3335709687314138,0.33322631830857713,1.0918610989504942,1.1473943116792473,-0.06923486315365565,0.020487368782004713,-0.015981882837449002,AP0020,False,1,0.23795356325516107,-0.23795356325516107,0.12035572058335499,0.12035572058335499,0.16634425336099903,0.16634425336099903,0.07588727894514773,-0.040401513321802314,0.1501352040361657,0.13386617258901048,-0.10061753678939811,0.15792532420762334,-0.09323709062035065,0.16642808707974277,0.16642808707974277,0.08155672857836752,0.0782311107094008,0.13494407811368603,0.14253964107492587,71.49362988104966,70.29318056956637,71.32181111876966,0.7149362988104967,0.07676869893964335,0.20829500224986,35.28891372434783,299.99971591319826,42744.06317196997,1139.1142490748966,0.6196261540791163,25.606002980611702,2026-04-28 08:52:00,20,69.79018382328715,70.04168219642676,71.54015202378017,71.51689095241491,68.30979644844187,69.81580378360576
10,47.804999058830774,181.96641510828346,229.77141416711424,180.68244248335571,80.0,0.45285537641326873,0.4547359981184139,0.7073431128399474,0.8229841614428299,-0.05258052247782313,0.027622589668424576,-0.043994529566623364,AP0021,False,3,0.3149999269203721,-0.3149999269203721,0.09360636991024622,0.03347340216019646,0.13323979420409723,0.11426698591904559,0.034726607605306443,0.03240886556998075,0.1441431746600055,0.13529354255278225,-0.10338794054608677,0.28317478963632786,-0.25978894579694145,0.2622069271374782,-0.04616979738280222,0.20850895654283302,0.1957521158716532,0.22229605396735536,0.18321961431368042,71.54015202378017,69.79018382328715,68.30979644844187,0.7154015202378016,0.10428212462251149,0.18031635513968697,35.28891372434783,299.99971591319826,43965.99252446615,1184.0442043784049,0.48620184977987424,23.483715197983013,2026-04-28 17:01:00,21,57.322123227247275,63.55615352526721,57.762105962367876,64.65112899307402,64.27199374552181,66.29089509698184
10,38.163751439681846,206.9797640571569,245.14351549683875,200.62990086291916,70.0,0.3843899462007673,0.3875890338586673,0.844195600990608,0.960086312248706,-0.07513200477173726,0.031366620037739795,0.0070991787610194534,AP0022,False,2,0.46469576222299797,-0.46469576222299797,0.30809243616026416,0.30809243616026416,0.35527266050813666,0.35527266050813666,0.131393091105782,-0.11419482719558749,0.31486348749929516,0.2974734008083425,-0.2974734008083425,0.2372585152046872,-0.17043250035987223,0.15897162798185413,-0.06416003934744409,0.12650165441843342,-0.028007073926403454,0.20505129960332932,0.25995739355131225,57.762105962367876,57.322123227247275,64.27199374552181,0.5776210596236788,0.15524928539727031,0.2671296549790508,35.28891372434783,299.99971591319826,45032.55354828112,1173.838405441427,0.49703650706909375,24.369313803896905,2026-04-29 00:38:00,22,73.02108529158157,65.17160425941442,73.71980227073506,65.74095411655146,73.95511020108592,69.11355197330386
10,20.17801182424273,17.799915374460895,37.977927198703625,34.76815324639483,60.0,0.362646297838482,0.3678680328482571,1.2979223789213048,1.3062803779083372,0.028874202410723027,-0.003368834716533809,-0.014818254306188883,AP0023,False,0,0.15738306786661285,-0.15738306786661285,0.18830674161450953,0.11124547842980931,0.1890341247081173,0.1569434046748787,0.07087404050649754,-0.026407412733842017,0.1513994936739343,0.10889993176244109,-0.04520882636237182,0.15136817860503254,0.08474837654430228,0.04379592766647411,0.04379592766647411,0.1602541694010397,0.15662858868327706,0.11607955185874687,0.13373952276634057,73.71980227073506,73.02108529158157,73.95511020108592,0.7371980227073506,0.07479701333866365,0.18800496395398575,34.73982860413044,299.99971591319826,43299.88815232649,1170.6939436827236,0.493087396639473,21.814879929650484,2026-04-29 09:40:00,23,68.24465926788112,70.63287227973134,69.97752808840514,71.8486651795701,67.2198616368222,70.58748591895406
10,42.48035876502864,166.77195679635722,209.25231556138584,202.34523714741937,70.0,0.33953887531575944,0.3450706892890911,1.0962661961887044,1.1991948974697513,-0.0463236646827031,0.024507777662356393,0.014330302316668653,AP0024,False,2,0.46114277035373424,-0.46114277035373424,0.4049508290985954,0.4049508290985954,0.3436931810059392,0.3436931810059392,0.16709590903997973,-0.1498976451297866,0.34422067237456216,0.21598382551944523,-0.1353600530647447,0.28351321175398186,-0.2597928439304004,0.29348049089349165,-0.10415422159015815,0.018258219443721115,0.001981131547978893,0.20280893690265994,0.27351480463861105,69.97752808840514,68.24465926788112,67.2198616368222,0.6997752808840514,0.09847890920794468,0.20174580990800395,34.73982860413044,299.99971591319826,44941.30047933872,1230.4594276320875,0.5033261970245505,24.186200162264576,2026-04-29 17:18:00,24,70.25938653818,69.25202290303056,71.64213374701936,70.80983091771225,68.17736396153971,67.69861279918095
10,56.45459061238755,354.4296559649885,410.884246577376,407.2719386119195,60.0,0.31199239911654175,0.3252865689470039,0.791498382804039,0.9913006835709995,0.0011074220906781285,0.03262641685981651,-0.04449910214181518,AP0025,False,4,0.4095809477634454,-0.4095809477634454,0.07192268661057745,-0.03858540959120374,0.09722192287862264,0.09722192287862264,0.009240037741532177,-0.009240037741532177,0.14699139874854442,0.7052889902379826,-0.5693614351963319,0.31656086026132196,-0.13719566563615598,0.3203356747081853,-0.3203356747081853,0.30604282361540946,-0.0699560604401157,0.41205708720572487,0.27952424297713463,71.64213374701936,70.25938653818,68.17736396153971,0.7164213374701935,0.08047182239334534,0.203106840136461,34.73982860413044,299.99971591319826,47044.11865805386,1229.2390262620386,0.5017354479484737,25.285084461026933,2026-04-30 00:49:00,25,73.63430377036208,71.94684515427105,74.97094771520791,73.30654073111364,71.45226203507471,69.81481299830722
10,81.13068871584032,59.62763356987715,140.75832228571747,131.32658394716475,90.0,0.30929076159159824,0.31767989006498226,0.8338685308277818,0.8529593827551206,0.1242472690097498,-0.01726706356033019,-0.051846864807733706,AP0026,False,0,0.511691533946338,-0.511691533946338,0.30790060300697286,-0.19704738396930907,0.38554864069644273,-0.20111373815874364,0.23934368622636745,0.23934368622636745,0.36112111596903024,0.3674948119099408,-0.34197365680776226,0.47389860810490014,0.3677170876016079,0.20502436976115318,0.1188081208245049,0.46199048671481846,0.46199048671481846,0.37710206912270317,0.36911159254586673,74.97094771520791,73.63430377036208,71.45226203507471,0.7497094771520791,0.06748106245890709,0.1828094603890138,34.73982860413044,299.99971591319826,44534.06945238459,1207.7796165929892,0.47727937514076174,23.876078716483566,2026-04-30 08:56:00,26,68.35179128931844,70.99304752984025,69.86460301210657,72.41777536365724,70.45627783754603,70.95426993631037
10,19.212049230519114,109.66071403523186,128.87276326575096,102.92983847071935,60.0,0.43784903838224454,0.43729798053921576,0.9089407887556129,0.9693677373918581,-0.07912140964380482,0.022914344545164195,-0.016323941051277435,AP0027,False,1,0.11278482231785708,-0.11278482231785708,0.09581542757589567,-0.00272345864282277,0.1098091234252746,-0.016939055930900684,0.040621608861521545,0.040621608861521545,0.08975774554513723,0.19311540839013328,-0.19311540839013328,0.18044298472327405,-0.18044298472327405,0.1341262249503603,-0.06698232353321276,0.008061933722425694,0.0014106979844909972,0.12893663794654833,0.10934719174584279,69.86460301210657,68.35179128931844,70.45627783754603,0.6986460301210656,0.11648692833651526,0.18486704154241906,34.73982860413044,299.99971591319826,44768.58694228547,1171.041769911373,0.5033514782905039,24.193710190368503,2026-04-30 17:13:00,27,65.6207391190057,66.98626520416207,66.29014116195945,68.07737208703301,65.64352511167066,68.04990147460833
10,35.15448408791951,174.40837069903952,209.56285478695904,192.39590522736523,70.0,0.39504422930797223,0.3984487091806356,0.6383573152192379,0.7359688969680759,-0.0979961846420806,0.03211950187042999,-0.0015269369300894287,AP0028,False,2,0.3129954313760523,-0.3129954313760523,0.04661162798200155,0.04661162798200155,0.0320859034131712,-0.004980182326341394,0.017907595573284713,0.012635059073053114,0.10240013958612743,0.2334555113495911,-0.2334555113495911,0.3053727955592786,-0.3053727955592786,0.23200682796785976,-0.1656278845157898,0.0136724551983027,0.006566895793396676,0.19612689751875806,0.14926351855244274,66.29014116195945,65.6207391190057,65.64352511167066,0.6629014116195945,0.09901552951796164,0.2380830588624438,36.50794218065217,299.99971591319826,46868.47628560724,1222.8230532164794,0.49515441350451184,23.62152638075584,2026-05-01 00:37:00,28,65.88376038277886,65.75224975089228,67.01348465735106,66.65181290965526,65.86678950590893,65.75515730878979
10,18.32327546057462,99.33482543695547,117.65810089753009,93.07802461366362,70.0,0.4500849758919854,0.45309328670675786,0.9611465439454039,1.0246170884328685,0.006755009922133903,0.009312895659331799,-0.030530576879550686,AP0029,False,3,0.05228602172533937,-0.05228602172533937,0.1245216887763589,-0.08054818624033477,0.10916847036185727,-0.10916847036185727,0.09682566977339326,-0.07746626388063631,0.09570046265923719,0.11506792938505123,-0.07007977136876756,0.17457142632463715,-0.010471564485963224,0.17822135426084848,0.0681994257154327,0.16509299349440706,0.16509299349440706,0.158238425866236,0.1269694442627366,67.01348465735106,65.88376038277886,65.86678950590893,0.6701348465735105,0.13597310097861837,0.1938920524478711,36.50794218065217,299.99971591319826,47033.96086615212,1171.500055006117,0.48514221148580755,23.488665926912137,2026-05-01 08:23:00,29,69.92471280949019,67.90423659613452,71.22694488104591,69.12021476919848,73.87404052890878,69.87041501740885
10,5.838601074851056,34.353110631305896,40.19171170615695,40.19171170615721,50.0,0.3503229753888303,0.3547941572491507,1.090289011328509,1.1106497269911415,-0.027864569806083594,0.007918766086817117,-0.007708104194022181,AP0030,False,0,0.02288533937066023,-0.02288533937066023,0.08316787122571623,-0.08316787122571623,0.05955691464343709,-0.05955691464343709,0.018672866837763143,0.01823934396400512,0.046070748019394175,0.0988560444697276,-0.032009655600290315,0.20756700454618515,-0.15162456593991896,0.18852105716025436,-0.12190492872445896,0.13994646314607065,0.13994646314607065,0.15872264233055944,0.1023966951749768,71.22694488104591,69.92471280949019,73.87404052890878,0.7122694488104591,0.11313579618065882,0.17459475500888216,36.50794218065217,299.99971591319826,46210.170386769634,1200.6725026973368,0.5071505179773503,23.607254962954254,2026-05-01 16:09:00,30,64.14580284784356,67.03525782866687,64.60847930118547,67.91771209111569,70.86593366109079,72.36998709499979
10,32.556707647212065,142.67365304481316,175.23036069202524,156.3770276884505,60.0,0.39582033292944885,0.3992038203170571,0.12795044234165603,0.2118498952250477,-0.07287343191993942,0.025742674023535493,-0.02320519372595148,AP0031,False,4,0.3237100684039192,-0.3237100684039192,0.023111114810886745,0.019415245444234036,0.06598790099120412,0.0473394124833211,0.03345523350866413,-0.018112031525969016,0.11156607942866854,0.15022454445542238,-0.1385498419164941,0.33233287347509993,-0.31781607855925353,0.32195147532708474,-0.20720085747484568,0.157372673308986,0.03171206583557711,0.24047039164164824,0.1760182355351584,64.60847930118547,64.14580284784356,70.86593366109079,0.6460847930118547,0.16305205148397867,0.19086315550416652,36.50794218065217,299.94958435208713,45071.24700106346,1147.6379952004424,0.506473646381871,23.31539560926957,2026-05-02 00:31:00,31,71.61495281608187,67.8803778319627,72.28606164433323,68.44727047275936,67.76623996221792,69.31608681165436
10,49.051576536139436,51.99748760411125,101.04906414025069,85.63720037165342,60.0,0.4036239539512857,0.40788112353324735,1.0041530259343874,1.0352241918320082,-0.02983580556747195,0.010001144739752499,-0.05533350089103095,AP0032,False,1,0.2690839333303605,-0.2690839333303605,0.08811291099144376,-0.08811291099144376,0.07506003403894272,-0.03296021639301796,0.05233514277998408,-0.00458973362673339,0.12114800528518277,0.07098262700231173,-0.06201495434883762,0.15899271241083923,-0.09430447882356618,0.16430868896576828,-0.001531014014215834,0.062058331004260676,-0.013808706539557729,0.11408558984579498,0.11761679756548887,72.28606164433323,71.61495281608187,67.76623996221792,0.7228606164433323,0.1287781160854454,0.1483612674712223,36.50794218065217,299.94958435208713,46085.838637959234,1126.893247338052,0.49500235700517686,23.1281783719011,2026-05-02 08:02:00,32,68.51324204215862,70.06409742912024,70.20180396607145,71.24393280520235,73.63540169701088,70.7008208296144
10,66.99829149496374,43.66362867095933,110.66192016592306,108.69421622229197,80.0,0.33046416287593,0.33798791628571284,0.18984232088247815,0.21470767013863487,0.07612513271240043,-0.0084170416184308,-0.05767274320654875,AP0033,False,0,0.422859814181579,-0.422859814181579,0.268240869845671,-0.03172409196938653,0.257201621756929,-0.07124220485576455,0.029728198205461187,-0.017547987561892544,0.24450762599741005,0.1744450163252153,-0.08832180304109438,0.21140877944934827,0.21140877944934827,0.1120596583317132,0.1120596583317132,0.38323279085281853,0.38323279085281853,0.22028656123977383,0.23239709361859195,70.20180396607145,68.51324204215862,73.63540169701088,0.7020180396607145,0.11390270235222259,0.18407925798706287,36.50794218065217,299.94958435208713,43996.28338187651,1169.553806488988,0.4933019850182806,22.04599322272175,2026-05-02 15:28:00,33,72.29393444746285,70.40358824481073,73.4113115470715,71.80655775657148,66.62787081729759,70.13163625715424
10,32.14109528512178,193.16680433167875,225.3078996168005,183.6855924644605,70.0,0.40773931340595376,0.40956869439544497,0.9204534615712683,1.0494310304546912,-0.013495239037586315,0.023394549740724004,-0.03887019412504794,AP0034,False,2,0.20624866280443896,-0.20624866280443896,0.2197345548315535,-0.19049383707208836,0.26347515474230115,-0.1664491461126927,0.06831553629862536,-0.049371312961881075,0.18944347716922977,0.2577696008186595,-0.061673906600507075,0.21123227290035634,-0.21123227290035634,0.13823898192451423,0.12672421736764802,0.05779478019321761,-0.027797958435729072,0.1662589089591869,0.17785119306420832,73.4113115470715,72.29393444746285,66.62787081729759,0.7341131154707151,0.12387564206811426,0.14201124246117072,36.50794218065217,299.45442019543805,45119.977017478595,1189.9684182012775,0.5013671251647364,22.91441381654597,2026-05-02 23:09:00,34,71.32074589797088,71.80734017271686,72.33746690454569,72.8743892258086,74.33555030458042,70.481710560939
10,17.279209274116752,135.56192314920114,152.84113242331787,152.84113242331733,70.0,0.4031234013443057,0.4103019334046122,0.8573530962143616,0.9414008682657051,-0.06207350678521989,0.02399364184508431,-0.025950238052886154,AP0035,False,0,0.028242577793565104,-0.028242577793565104,0.31243941853460344,-0.31243941853460344,0.32841354929942634,-0.32841354929942634,0.037435720135926685,0.037435720135926685,0.17663281644088039,0.346745104918431,-0.036379936392805096,0.5203249223986737,-0.5203249223986737,0.5346709794626795,-0.5335408189940766,0.20357403388259898,0.16365319040862963,0.4013287601655958,0.2889807883032381,72.33746690454569,71.32074589797088,74.33555030458042,0.7233746690454569,0.07636525894527674,0.20026007200926638,38.87376026625,299.3443837161827,48802.54447751715,1192.1258921358938,0.5070480951262052,27.026476206857243,2026-05-03 06:22:00,35,63.69161356988688,67.50617973392889,64.53171549490077,68.43459119972323,58.37844803076976,66.3569991676751
10,78.81527655368937,211.3864730410003,290.20174959468966,279.20535815591865,70.0,0.3527674490205026,0.36334830275731006,0.8967867606571464,1.0256080812475963,-0.009618293990042326,0.022732284824382977,-0.06705957523463268,AP0036,False,1,0.4776404289319252,-0.4776404289319252,0.327048652621918,0.012997609099280771,0.3450054667437262,-0.3450054667437262,0.020509635685054105,0.01240611893152802,0.29255104599565585,0.4540571584155676,-0.24650879411843735,0.09259171071925099,0.002640838181682363,0.18466891524925447,0.18466891524925447,0.1338258544800322,0.13050023661106486,0.2162859097160263,0.2544184778558411,64.53171549490077,63.69161356988688,58.37844803076976,0.6453171549490078,0.15123373553766578,0.20344910951332648,38.873760266249995,299.3443837161827,47913.50394456723,1153.4192882208317,0.4824616245545836,22.802942787856768,2026-05-03 14:03:00,36,68.65731407847392,66.1744638241804,69.07773087261799,66.80472318375938,79.77093149653741,69.0746897636536
10,0.0,16.654856653876706,16.654856653876706,12.796326229074623,30.0,0.1889657620837934,0.18940528360942072,1.0491749002726922,1.05377577722028,0.0034294730604199075,0.0001923487499454965,0.0,AP0037,False,0,0.0,0.0,0.0,0.0,0.0,0.0,0.0,0.0,0.0,0.10729428200905536,-0.10729428200905536,0.12881823369718226,0.00466782402497775,0.11206522158708783,-0.017889565224576076,0.09309783075088413,0.09309783075088413,0.1103188920110524,0.05515944600552619,69.07773087261799,68.65731407847392,79.77093149653741,0.6907773087261798,0.11741428656840777,0.19180840470541224,38.87376026624999,299.3443837161827,37924.34090018513,1146.1126874279219,0.6834816866468775,22.86624649907556,2026-05-03 21:48:00,37,69.38813084594135,69.02272246220764,70.54828998984121,69.8130104312296,69.73262135424675,74.75177642539208
10,61.72676037408941,218.10907550248197,279.83583587657137,253.598128244348,100.0,0.3749151111056149,0.39575938176252157,1.0273638964793093,1.1609404406097257,-0.15847085186336174,0.04795523743740202,-0.031459448168448645,AP0038,False,2,0.4504835619861703,-0.4504835619861703,0.24305988229509867,-0.06466853464543672,0.31012986602679543,-0.04712436382056986,0.10108063622593776,-0.06305891799112638,0.27618848663350054,0.18292648390860622,-0.11421563219015538,0.7576398945389966,-0.7576398945389966,0.359805684029089,-0.34528277439707183,0.3210428211139669,-0.3210428211139669,0.4053537208976647,0.3407711037655826,70.54828998984121,69.38813084594135,69.73262135424675,0.7054828998984121,0.09009885945384016,0.2044182406477476,38.873760266249995,299.3443837161827,47386.20083151031,1188.3979576066745,0.4916272200594009,23.15852372865082,2026-05-04 05:30:00,38,66.93700757800468,68.16256921197302,67.8520960145846,69.2001930022129,66.33466403718437,68.03364269571556
10,50.01149999284334,11.27881715535641,61.29031714819975,61.05852803030882,70.0,0.39383154347719607,0.4017637734944615,1.3503051269391029,1.3563852982304847,-0.034157209948246614,0.0066071233562608215,-0.03841201564171326,AP0039,False,0,0.2819318102063953,-0.2819318102063953,0.22029881488625555,-0.0565482794196659,0.1655705227939005,-0.1655705227939005,0.10234415327760678,0.002833926923377913,0.19253632529103953,0.05153705900525158,-0.015537227817674623,0.12184619761824576,-0.12184619761824576,0.012129396258851254,-0.010999235790248182,0.02097142020561168,-0.02097142020561168,0.051621018271990074,0.1220786717815148,67.8520960145846,66.93700757800468,66.33466403718437,0.678520960145846,0.153290372150204,0.16818866770394997,38.986349541176466,299.3443837161827,49848.989936037025,1114.4528813543127,0.4700006938542028,24.421681733392642,2026-05-04 12:57:00,39,68.44628321164319,67.69164539482394,70.94745298054326,69.39977449756393,69.05088421936394,67.69277412827415
10,203.586867738298,49.119154845620784,252.70602258391878,251.8236804530151,80.0,0.4146858972851307,0.4223312239746903,1.743605429487298,1.771884679338572,-0.027457418592502725,0.009152162306038901,-0.2945378701267548,AP0040,False,1,0.9487405364088638,-0.9487405364088638,0.8557219523106497,-0.8557219523106497,0.5771755798439805,-0.5771755798439805,0.21135975647957347,0.07916620622658535,0.6482494562607669,0.06677948713371282,-0.06677948713371282,0.15544149398964915,-0.0748802204638716,0.14798065765636645,-0.053127890827206675,0.03762462611190809,0.03762462611190809,0.10195656622290913,0.37510301124183804,70.94745298054326,68.44628321164319,69.05088421936394,0.7094745298054326,0.10942057836561439,0.18110489182895298,38.986349541176466,299.3243570767365,46957.081529894815,1175.1829618694335,0.4489274176811994,21.22859590802118,2026-05-04 20:45:00,40,71.75709033455325,70.10168677309822,72.81941645167599,71.88343471610963,77.68339665320178,73.36714043628285
10,113.33029835235243,28.61382304903984,141.94412140139227,141.9441214013919,90.0,0.44910139093703005,0.45937043388814514,0.6704806027968403,0.6855721515052849,-0.005439485331758087,0.003371269957340328,-0.10858423147281865,AP0041,False,0,0.6579150749215675,-0.6579150749215675,0.38235754728849697,-0.3440113719751639,0.42259940623121256,-0.42259940623121256,0.05075703502606685,-0.020899189428095172,0.378407265866836,0.1196463231471929,-0.0539160578980534,0.12953810068163468,-0.07826407099630964,0.09249386866391002,-0.09136370819530736,0.04446916917386663,0.004548325699897278,0.09653686541665106,0.2374720656417435,72.81941645167599,71.75709033455325,77.68339665320178,0.7281941645167599,0.09923909863338186,0.1725667368498582,38.986349541176466,299.3003251094009,48006.294274804924,1124.4209916719813,0.4722292646571441,23.01817669415494,2026-05-05 04:15:00,41,73.19159819358674,72.47434426407,74.22791691922325,73.52366668544963,84.49977679572874,81.09158672446526
10,66.72036800260811,208.66192997773726,275.38229798034536,265.3359276888347,80.0,0.44470030037550157,0.4504396944828528,0.9938681817866588,1.1111762385405282,-0.11768469108082691,0.038586658100935395,-0.07542956178011562,AP0042,False,4,0.3416101154039044,-0.3416101154039044,0.22620803207236376,-0.22620803207236376,0.15110399290415993,-0.05981585034081455,0.16809597549633626,-0.11887006628128416,0.22175452896919107,0.2773555304871811,-0.2773555304871811,0.3802635053640672,-0.3802635053640672,0.2774253393477075,-0.24385614217086624,0.12881494469955673,0.1242972857636943,0.26596482997462817,0.24385967947190962,74.22791691922325,73.19159819358674,84.49977679572874,0.7422791691922324,0.09897437072513515,0.15874646008263243,39.34664743058824,299.3003251094009,47896.031841406904,1107.361542785554,0.4719101172303226,22.293734031533667,2026-05-05 11:42:00,42,72.39589576208347,72.7937469778351,73.85536826897214,74.0416425940977,74.50999270563719,79.50488475068296
9,135.29998690575155,142.39938277900558,277.69936968475713,265.32493064014085,100.0,0.3980264611210102,0.40413568115397447,0.41633408605331834,0.5035191309906291,-0.0553634539778787,0.023406978475400582,-0.1871192930976256,AP0043,False,3,0.9224238993402475,-0.9224238993402475,0.2776715373179984,-0.2776715373179984,0.40516405904700703,-0.40516405904700703,0.3478741978839757,-0.3395107299176229,0.4882834233973072,0.14954628127172395,-0.12216084236787889,0.2654719824256345,-0.2654719824256345,0.2135680378708058,-0.18045578340181545,0.10840459677901007,0.10484273361792273,0.1842477245867936,0.33626557399205037,73.85536826897214,72.39589576208347,74.50999270563719,0.7385536826897215,0.08863341320041944,0.17281290410985906,39.34664743058824,299.2193873309356,48456.80248908197,1152.0294437098908,0.4628083623886631,22.7428687708407,2026-05-05 19:04:00,43,67.51492679822287,69.95541128015317,68.36797693655916,71.11167260276565,72.73423832646773,73.62211551605246
10,196.67542262575597,173.1458434577334,369.8212660834893,351.77229094341845,100.0,0.43051317568595937,0.4404888566839792,1.0079334664832853,1.109232965120454,-0.006867711470980364,0.017761446651584384,-0.24998795955669584,AP0044,False,4,1.0114937955710575,-0.9817953457675926,1.0569691853092298,-1.0569691853092298,0.7215731641581572,-0.7085055903413208,0.421726795349747,-0.421726795349747,0.8029407350970479,0.35286363943362253,-0.26260784082659866,0.0945239079472357,0.02992916534279747,0.23711881530061352,0.23711881530061352,0.13952378632485973,0.12333919389485717,0.20600753725158288,0.5044741361743154,68.36797693655916,67.51492679822287,72.73423832646773,0.6836797693655916,0.0724918244135349,0.24382840622087357,39.34664743058824,299.00355325502835,49041.60794245892,1132.3181215785896,0.48356483575765236,23.970870458537913,2026-05-06 02:36:00,44,68.17813473003088,67.84653076412687,70.620289548631,69.49413324259508,67.37854416048516,70.05639124347644
10,124.12657488100281,647.7696046685502,771.896179549553,769.4744632887856,90.0,0.326722835550878,0.3506430099107517,0.5260829211620988,0.9363662087019813,-0.0006248890218827907,0.0674726069887956,-0.1588357527736261,AP0045,False,3,0.632454204265096,-0.632454204265096,0.3264874632567732,-0.31642358691836486,0.30875053034439576,-0.30875053034439576,0.16288393877850074,-0.16288393877850074,0.35764403416119145,0.47846502840180055,-0.44619906268139464,0.3291932328537071,-0.27336109572351974,0.5075463823038944,-0.3974926772495778,1.6359118842132427,1.6359118842132427,0.7377791319431612,0.5477115830521764,70.620289548631,68.17813473003088,67.37854416048516,0.7062028954863101,0.09644832666303656,0.19734877785065336,39.34664743058824,299.00355325502835,49673.02338899185,1109.5011433360066,0.4796757908419216,24.055278092596385,2026-05-06 10:18:00,45,70.73450083007361,69.45631778005225,72.0754188691322,71.34785420888161,76.46141821401072,71.91998118724794
10,315.38202749246057,112.55699519324472,427.93902268570525,427.93748921347395,90.0,0.41868219017863045,0.4313902994541218,0.3621835377929895,0.4263078993777712,-0.07463710109851474,0.022785133445533096,-0.36449776897457364,AP0046,False,1,1.6451469603184707,-1.6451469603184707,0.7008990340364006,-0.7008990340364006,0.8856705021270447,-0.8856705021270447,0.2683173433977089,-0.16018158933549223,0.8750084599699063,0.12137449915741401,-0.1157646152918428,0.2823464529310585,-0.2823464529310585,0.24452661464386385,-0.24452661464386385,0.06480837383276263,0.06480837383276263,0.17826398514127473,0.5266362225555905,72.0754188691322,70.73450083007361,76.46141821401072,0.7207541886913221,0.0988854105005467,0.1803604008081311,39.42041042222222,298.8325729453633,49809.12058602306,1159.4071347211614,0.4761641513492082,24.295749223030004,2026-05-06 18:03:00,46,67.82223857401883,69.27836970204622,68.62511041569327,70.35026464241274,72.04657504149617,74.25399662775345
10,166.84470391021446,115.84533981221882,282.6900437224333,268.30128286383183,100.0,0.42021650281359263,0.4304879303279902,0.3460589532739773,0.4138626886982464,-0.05185652402573615,0.019648646871922013,-0.26635020898758194,AP0047,False,1,0.6895153836462758,-0.5879262424722931,0.9767935118203736,-0.9767935118203736,0.865568160217527,-0.865568160217527,0.20557645583484496,-0.0628850095774509,0.6843633778797553,0.14644304151772283,-0.1438378809107086,0.28285353634603444,-0.17778989256100747,0.24432598598539337,-0.1772308964299874,0.10665204953112682,0.10665204953112682,0.19506865334506937,0.43971601561241236,68.62511041569327,67.82223857401883,72.04657504149617,0.6862511041569327,0.10909666343066265,0.20465223241240474,39.42041042222222,297.1227698487127,49716.45075337665,1131.0062768537275,0.47766906921526325,23.70687132095762,2026-05-07 01:40:00,47,64.70774231269817,66.2649904433585,65.9167013299936,67.27090587284343,67.24259120969656,69.64458312559637
10,131.82921275643366,286.78255293606287,418.61176569249653,417.89704302601405,100.0,0.3518682728757961,0.3922910280638285,0.5131774298189687,0.6857433195796099,-0.08787926638494745,0.042766035491886414,-0.10235727374413323,AP0048,False,2,0.8732882908563696,-0.8732882908563696,0.5998737828272727,-0.34843321951674117,0.47972755296470254,-0.1955419850751617,0.22013506818318562,-0.2029368042729911,0.5432561737078826,0.28055334742273585,-0.2539688967473507,0.3850769878245499,-0.3850769878245499,0.40013559136014315,-0.3990102734701952,1.2241583483743246,1.1850391083297407,0.5724810687454384,0.5578686212266605,65.9167013299936,64.70774231269817,67.24259120969656,0.659167013299936,0.13922374538743953,0.20160924131262445,39.42041042222222,297.1227698487127,50225.25068178796,1126.1507652885975,0.48664874397643054,24.274320273544323,2026-05-07 09:53:00,48,68.07164741269094,66.38969486269455,68.82755232596378,67.37212682797869,69.95048003386441,68.59653562178048
10,194.57290025694272,156.92924511940583,351.50214537634855,346.0082147610068,90.0,0.35896400812293405,0.37887212893611577,1.398295615349923,1.4797059054466013,-0.07368366751602767,0.025466988113744794,-0.20057418364572355,AP0049,False,0,1.183115748145684,-1.183115748145684,0.552472324044106,-0.41135747139153245,0.35487933377641906,-0.2916551043365591,0.19765920011438617,-0.18605344361441167,0.5720316515201488,0.25705731004101123,-0.25705731004101123,0.49229590983994626,-0.49229590983994626,0.6710100729367687,-0.6710100729367687,0.8347770250649287,0.8347770250649287,0.5637850794706637,0.5679083654954062,68.82755232596378,68.07164741269094,69.95048003386441,0.6882755232596377,0.11484335082920227,0.19688112591116,40.70906441,297.1227698487127,48659.22290100346,1135.5953375090521,0.4922395079579573,25.059239534259703,2026-05-07 17:37:00,49,65.97494431801756,67.02329586535424,66.69978681150528,67.76366956873453,72.80907025627563,71.37977514507003
10,126.72109684229474,396.3803866642644,523.1014835065591,484.7036965863349,90.0,0.3593851959397504,0.3726931181564135,0.8137995821875046,1.0541009057780102,-0.08666984531263078,0.05368984711053141,-0.10128744512557547,AP0050,False,4,0.7162227195463657,-0.7162227195463657,0.4424040884007048,-0.4424040884007048,0.397050986189589,-0.397050986189589,0.18699605407195255,-0.11223745001421359,0.43566846205215304,0.29039077986392114,-0.29039077986392114,0.4734470709626385,-0.4734470709626385,0.7049752662773738,-0.6714060691005324,0.9533211763026912,0.9497885854703452,0.6055335733516563,0.5206010177019046,66.69978681150528,65.97494431801756,72.80907025627563,0.6669978681150528,0.08379619820485104,0.24920593368009616,40.70906441,293.9999988358249,47949.41052964603,1135.5728786061761,0.5053588331986504,23.036796042297958,2026-05-08 01:25:00,50,64.71543628585202,65.34519030193479,67.12126740583344,66.91052710866936,64.00630309992407,68.40768667809985
10,128.44783195447584,170.62122993522902,299.0690618897049,291.805229702671,90.0,0.44207561688578345,0.4480044222130867,0.6556291250758806,0.7545606681248955,-0.064115608121951,0.026772931226759597,-0.16370526623631892,AP0051,False,3,0.6612360805187109,-0.6612360805187109,0.2906327431709445,-0.20773360904782376,0.27531061429554093,-0.05962403812125839,0.2562165800471545,-0.25508629623410367,0.37084900450808767,0.21502626408281972,-0.16568222313017428,0.3168493280131866,-0.3168493280131866,0.27550937582825896,-0.2743866760565349,0.1228671001949241,0.08364784325413142,0.23256301702979734,0.3017060107689425,67.12126740583344,64.71543628585202,64.00630309992407,0.6712126740583344,0.15446091393663625,0.17432641200502935,40.70906441,293.9999988358249,50229.2406262066,1143.9032091828105,0.4749760621363374,23.503893684302565,2026-05-08 09:35:00,51,76.28575459062732,70.50059543823967,76.92483109701323,72.02304925142333,90.20093906874045,77.10362108433226
10,260.89988765579847,198.263603277039,459.1634909328375,432.6919113725346,80.0,0.3399868278546447,0.34934942591516854,0.918198272933624,1.0298222340844516,0.030435508082907403,0.013331437285372762,-0.31240595581829556,AP0052,False,3,1.3299984842107524,-1.3299984842107524,0.6930931966331587,-0.6930931966331587,0.48764182592288385,-0.48764182592288385,0.04109924050054562,-0.03046369158491972,0.6379581868168351,0.3855479320676708,-0.3544690595484631,0.45723557727770825,0.1496122130765622,0.08143935729004119,0.0728788900715727,0.4138741136942634,0.22416541799726422,0.3345242450824209,0.486241215949628,76.92483109701323,76.28575459062732,90.20093906874045,0.7692483109701322,0.04628102046099617,0.1844706685688716,40.70906441,293.9999988358249,45033.89922475585,1139.7665347183754,0.5177643024445969,23.972759818496154,2026-05-08 17:23:00,52,64.70549611337013,70.49562535199873,65.16159742922527,71.04321426311924,65.32819413331246,77.76456660102646
10,114.65295984843998,188.9111805733872,303.56414042182723,278.43863324230995,80.0,0.40944166554644557,0.4287252387938292,1.1945779283817215,1.3101041296315756,-0.004553429998184477,0.019717509236131116,-0.12503851113001718,AP0053,False,3,0.6451861686378046,-0.6451861686378046,0.12163030930720249,-0.12163030930720249,0.46028027943840805,-0.46028027943840805,0.25713510794466693,-0.09404649240943479,0.37105796633202054,0.26698273686956797,-0.21782395235611088,0.28870396003641874,-0.012362219158603138,0.402187253967725,0.20383245799286004,0.09644620753558583,0.08012750370331742,0.2635800396023244,0.3173190029671724,65.16159742922527,64.70549611337013,65.32819413331246,0.6516159742922527,0.1430453457606558,0.20533867994709148,40.70906441,292.8576265613832,52243.109506981666,1134.0760999035713,0.5736670947691336,24.841178733355783,2026-05-09 01:19:00,53,69.65793107695757,67.18171359516384,70.42641897917086,67.79400820419806,75.05160542421862,70.18989977876555
9,95.35852843054127,76.51037631138959,171.8689047419309,154.69192717511953,88.88888888888889,0.47918409761454606,0.4834229898231853,0.040801967762325864,0.0831070549581627,-0.049385405739154425,0.015055910169949317,-0.05734718344974449,AP0054,False,4,0.7190614673212078,-0.7190614673212078,0.28483268212874663,0.13101282994646857,0.34739773897004234,-0.11573010921081957,0.36564413681294083,-0.36564413681294083,0.42923400630823444,0.10899295287129375,-0.10899295287129375,0.15781186025573457,-0.15781186025573457,0.1055209023953825,-0.07195170521854134,0.012300787685842435,0.007783128749978736,0.0961566258020633,0.26269531605514884,70.42641897917086,69.65793107695757,75.05160542421862,0.7042641897917087,0.12036679317143814,0.17536901703685318,40.70906441,292.8576265613832,50828.33309744241,1119.507826153576,0.5692923813135609,24.809557281358906,2026-05-09 09:42:00,54,64.68115613791976,67.16954360743867,65.26264948798122,67.84453423357604,64.26541871322978,69.6585120687242
10,172.00451831638864,110.29321767761178,282.2977359940004,278.71769416140967,90.0,0.4011479526496027,0.41938252669897036,0.3877137247291006,0.45377542220546285,0.015247775448936213,0.008343829561153697,-0.09888889098990233,AP0055,False,2,1.1433370870773165,-1.1433370870773165,0.4135609535740765,-0.4135609535740765,0.4914372085301042,-0.2388342810585213,0.1960999388816481,-0.07318459035305894,0.5611087970157864,0.16761598259904692,-0.16761598259904692,0.19484316605818355,0.12740363062400886,0.14658877235080892,0.14658877235080892,0.051845783202232966,-0.020499084933667082,0.1402234260525681,0.3506661115341772,65.26264948798122,64.68115613791976,64.26541871322978,0.6526264948798123,0.16868606193689176,0.1786874431832961,40.70906441,292.8576265613832,51179.56228802886,1133.83852116211,0.5706015091135562,23.69400768828895,2026-05-09 17:09:00,55,64.37798291679474,64.52956952735724,65.00749152489105,65.13507050643614,66.45938771185979,65.36240321254479
10,61.42254464231118,223.05479766670885,284.47734230902006,258.18655147186377,60.0,0.4407191761243074,0.441128432244721,1.070559095778599,1.1969553609076926,-0.029994876852798003,0.025679990473216997,-0.07615278882775295,AP0056,False,2,0.3093567685239587,-0.3093567685239587,0.3239495419111275,-0.3239495419111275,0.2727477181216694,-0.2727477181216694,0.1624636497822264,-0.15691152278077813,0.2671294195847455,0.3391948274112664,-0.3391948274112664,0.06679267485784535,-0.0006468605763297261,0.047122609362202306,-0.013933137636167318,0.12406312274792325,0.12051034304546993,0.14429330859480932,0.20571136408977742,65.00749152489105,64.37798291679474,66.45938771185979,0.6500749152489105,0.14093911807104323,0.20898596668004624,40.70906441,292.8576265613832,51460.05880806053,1118.173516877149,0.5666953798425841,24.285760620583414,2026-05-10 01:00:00,56,68.02036704137622,66.19917497908548,68.84337282400334,66.9254321744472,71.12274781200607,68.79106776193294
10,177.94088078472927,201.28403720858284,379.22491799331215,375.99209417678577,100.0,0.4481671446902006,0.45367378795489693,0.752770389835984,0.8744931373665025,-0.06074706007525876,0.029962201577303324,-0.12220231126297915,AP0057,False,2,1.1743290937700046,-1.1743290937700046,0.4562129967757216,-0.24606894832467685,0.44120828581992316,-0.37558476969491633,0.3499460090510988,-0.3499460090510988,0.605424096354187,0.21789278018535407,-0.2137378385345577,0.19923386461017986,-0.19923386461017986,0.07707803158935568,0.07707803158935568,0.007167228264320326,-0.007167228264320326,0.1253429761623025,0.36538353625824477,68.84337282400334,68.02036704137622,71.12274781200607,0.6884337282400333,0.12945259268201362,0.1821136790779531,40.70906441,292.8576265613832,50265.77445305768,1157.3252755142782,0.5641191010472292,23.915317771037326,2026-05-10 09:15:00,57,68.7934018512708,68.40688444632352,69.92345372358601,69.38341327379467,81.40389250163493,76.2633201568205
10,58.260165887022225,1005.9400382518146,1064.2002041388366,1061.246657073762,90.0,0.3715371855251697,0.43514012565399396,0.363609963735396,1.044017582371992,0.4508824625869336,0.03768885977826972,-0.06863253563479488,AP0058,False,4,0.3203703702025565,-0.3203703702025565,0.233385478041533,-0.2026817699620593,0.22593899119522262,-0.09593666247078088,0.2031450493268648,-0.11743815259159877,0.24570997219154425,1.5602485506934534,-0.31349747148497287,1.3789529274713523,0.2202291369032888,0.7571903651622188,-0.6142768756567105,2.736883910206279,2.688047081313014,1.6083189383833258,0.9270144552874351,69.92345372358601,68.7934018512708,81.40389250163493,0.69923453723586,0.12586768004337887,0.17489778272076104,40.70906441,292.8576265613832,44651.67313623236,1142.0367293712711,0.4756415558836816,23.796401860466666,2026-05-10 16:52:00,58,70.75881842336166,69.77611013731624,71.1117321217387,70.51759292266235,73.83532355622665,77.6196080289308
10,64.04205041980597,40.0824992316296,104.12454965143557,103.6994884767476,80.0,0.4218399415641419,0.4249505472981297,1.1708262298862067,1.197726228592548,0.054811502545400737,-0.00458316976010829,-0.05688793886544086,AP0059,False,0,0.3469643768040813,-0.3469643768040813,0.18939983912080285,-0.11270748849413541,0.22279222501005572,-0.19033291660658355,0.07230037979541827,-0.047939958508281,0.20786420518258952,0.15869274121558052,-0.041669458425340186,0.1024404361572409,0.1024404361572409,0.04478514200680434,0.02183098642899104,0.1476936447009091,0.1476936447009091,0.11340299102013371,0.16063359810136163,71.1117321217387,70.75881842336166,73.83532355622665,0.711117321217387,0.11648997039905427,0.17239270838355866,40.8716429,293.0000074385533,50879.87455136152,1109.8473737264949,0.4810960567375031,24.734345748313384,2026-05-11 00:45:00,59,72.7689305612895,71.76387449232558,73.81007591438333,72.46090401806102,79.58059894887703,76.70796125255184
10,43.16605874100624,1543.9689858817933,1587.1350446227996,1581.5478725404164,80.0,0.2859083450116759,0.3728760417899662,0.5354258620561982,1.6173858075567917,0.5748921142204588,0.0832623696683308,-0.059806741986230594,AP0060,False,1,0.23878983185715608,-0.23878983185715608,0.14959438090915034,-0.10928129289565174,0.2203353406758984,0.015088532340303407,0.23533213262816996,-0.18758672347491992,0.2110129215175937,0.7258996151253313,0.34746579048634907,0.37825048294337527,-0.07273095632804585,0.4948798434745569,-0.0560049530598975,3.360672342993904,3.360672342993904,1.2399255711342918,0.7254692463259428,73.81007591438333,72.7689305612895,79.58059894887703,0.7381007591438333,0.09055627317433265,0.17134296768183402,40.87164289999999,293.0000074385533,50841.88927252469,1119.6691980509825,0.47902301344050036,25.405788979968918,2026-05-11 08:48:00,60,73.02430015068636,72.89661535598793,74.12864176403744,73.96935883921039,75.6799679365923,77.63028344273467
10,95.33801205772687,282.8921848274984,378.2301968852253,372.4238186995138,90.0,0.37129532359566497,0.42285939987774135,1.0283199335617592,1.2177476809082812,0.2734503091378601,-0.013796808175917608,-0.09558690994808638,AP0061,False,0,0.7090676958391177,-0.7090676958391177,0.2929437995646252,0.11338329021541743,0.3493597345029131,0.341639856515856,0.17216952447243097,-0.17216952447243097,0.3808851885947718,0.4493310511987126,-0.1790542401122424,0.7832727413281187,0.419087070964089,0.5802025106114164,-0.15807686450369168,1.936154070937383,1.936154070937383,0.9372400935189077,0.6590626410568396,74.12864176403744,73.02430015068636,75.6799679365923,0.7412864176403744,0.08306091288343076,0.17565266947619476,40.8716429,292.3985862551131,50631.628216471174,1101.114487305828,0.4720733050747793,23.820221080398877,2026-05-11 18:09:00,61,60.002474201557796,66.51338717612208,60.59331542143988,67.36097859273866,69.76594676860427,72.72295735259829
10,25.78058073687515,25.80847503959807,51.58905577647322,46.07044432513442,60.0,0.41907054849213676,0.4211297636830011,2.054003988886066,2.0715075050449174,0.019900850116958912,-0.00039365089624099,-0.03623172233442762,AP0062,False,0,0.16092265328730407,-0.16092265328730407,0.129179245814326,-0.129179245814326,0.049442921893871505,0.009632323873576404,0.09057460839285549,-0.02837309882353903,0.10752985734708927,0.07986926959084481,-0.004596074913322413,0.08768958694057451,0.026431436506901374,0.034540331933374246,0.025166679735622442,0.1311193607660244,0.1311193607660244,0.08330463730770449,0.09541724732739687,60.59331542143988,60.002474201557796,69.76594676860427,0.6059331542143989,0.19674957084116138,0.1973172749444398,40.87164289999999,289.69219092963243,48178.28977722112,1087.3828423197797,0.4705258262610581,25.841116372900327,2026-05-12 02:04:00,62,70.78033703805492,65.39140561980636,71.88788060959965,66.24059801551977,73.37553544690832,71.57074110775629
10,125.48549816211161,199.2086996441436,324.69419780625526,301.4879752811931,90.0,0.4468056555220433,0.4542331798027668,0.687660689824684,0.8028217911400706,-0.041572979405983035,0.025736302253098472,-0.1146527677115532,AP0063,False,4,0.8703442322616387,-0.8703442322616387,0.21827217912608032,-0.05248740038058438,0.32513217102290065,0.23969762558279914,0.2072586921065902,-0.14076644190648918,0.4052518186293025,0.2641413924022643,-0.2620374353901379,0.2028157557117318,-0.1385835211313141,0.20030815178349365,-0.08555753393125465,0.19801812205791391,0.19703305395439874,0.2163208554888509,0.3107863370590767,71.88788060959965,70.78033703805492,73.37553544690832,0.7188788060959964,0.10790623327083303,0.1732149606331705,40.8716429,289.69219092963243,49478.45324586278,1165.1728477844913,0.4954858029384467,25.02790574560144,2026-05-12 10:43:00,63,67.70432849591536,69.24233276698514,68.33958031216245,70.11373046088104,72.51937508839299,72.94745526765065
10,67.02015253124387,303.2596238925702,370.27977642381404,369.1062994278139,90.0,0.40011454825201315,0.43057992695275116,0.8876234331427895,1.0751914788693182,0.04345392431428835,0.023664059345195478,-0.024917884282719682,AP0064,False,2,0.6694283332129572,-0.6270471885549563,0.3858952616512359,0.1333777309778719,0.3636419256991894,0.24667723778862397,0.14657449244050721,-0.14657449244050721,0.3913850032509724,0.3860386269590771,-0.32906344089510986,0.3213198958668376,0.18644082499848752,0.1628120093155671,0.1628120093155671,0.9680489601919852,0.960943400787078,0.45955487308336673,0.4254699381671696,68.33958031216245,67.70432849591536,72.51937508839299,0.6833958031216246,0.12266258365067882,0.1939416132276967,40.871642900000005,289.6647083076943,54278.846104260134,1175.4688245575733,0.5269539842330867,25.24714998517902,2026-05-12 18:45:00,64,61.97328559546493,64.83880704569015,62.506838131807285,65.42320922198488,63.68090582179719,68.10014045509509
10,26.594888387942547,28.802042552717985,55.39693094066053,51.66381293245894,60.0,0.4143014826947898,0.4164743276659008,0.9034924313003756,0.9162324917402141,-0.03709948833408022,0.00818383395302439,-0.02502202721021829,AP0065,False,0,0.14421507465801534,-0.14421507465801534,0.19845191246892155,-0.14908238916012095,0.1292973307857632,-0.03657158265963814,0.04272870977888913,0.0418616640313724,0.1286732569228973,0.08225482263572499,-0.04861087743429297,0.18782409495534563,-0.17136747553075854,0.15802360504040117,-0.15802360504040117,0.08427845422480623,0.08427845422480623,0.12809524421406948,0.1283842505684834,62.506838131807285,61.97328559546493,63.68090582179719,0.6250683813180729,0.14696918338817613,0.22796243529375104,40.87164289999999,289.6166137193027,52381.85539217349,1176.1218445082575,0.5594171139153084,24.184307950579658,2026-05-13 02:40:00,65,73.2697746662867,67.62153013087581,74.42650379199918,68.46667096190323,64.08152837988834,63.88121710084276
10,68.81299719860019,119.64460751806912,188.4576047166693,122.06335237552875,60.0,0.31294543771440136,0.31201027321034086,0.6329185734023106,0.70885735056976,-0.039706910498427395,0.018989439682409993,-0.04922340591438967,AP0066,False,1,0.4373244258969449,-0.4373244258969449,0.14452934201780032,0.08256645112680921,0.12801696062516935,0.11608864533953363,0.1421833775756566,-0.13289714766934083,0.2130135265288928,0.13415027840021107,-0.03773010333777278,0.20264948042321898,-0.20264948042321898,0.08052270160207409,-0.07938441542974015,0.1506330784603789,0.11308773729415425,0.14198888472147075,0.1775012056251818,74.42650379199918,73.2697746662867,64.08152837988834,0.7442650379199918,0.10069528533730922,0.15503967674269903,40.87164289999999,289.6166137193027,50243.6830300459,1165.8756149263647,0.5482317779060845,22.85848451061185,2026-05-13 10:43:00,66,66.36748236091319,69.81862851359995,67.45633364604086,70.94141871902002,60.2954778329233,62.18850310640582
9,92.85699998326352,41.989686711657654,134.84668669492117,127.20961654750576,66.66666666666666,0.33116717593459405,0.35184344846235516,1.0080977932913393,1.0332402529907148,-0.03095188616072536,0.009210894229901595,-0.05258654080918174,AP0067,False,1,0.9095628531811731,-0.9095628531811731,0.45108118555595195,0.3982046697836032,0.6806006434837295,0.6806006434837295,0.19308455943194455,-0.10199571307737931,0.5585823104131998,0.030268180794585108,-0.030268180794585108,0.14529834927118165,-0.14529834927118165,0.08213121396635885,-0.08213121396635885,0.05325777078549382,0.052021299597566704,0.07773887870440485,0.3181605945588023,67.45633364604086,66.36748236091319,60.2954778329233,0.6745633364604087,0.11498548803897778,0.2104511755006136,40.8716429,289.5031230807321,52637.91106846469,1176.583803856207,0.545532698862598,25.400423289240347,2026-05-13 18:23:00,67,63.990883052261786,65.17918270658748,64.37056071084467,65.91344717844277,66.79353930925876,63.54450857109103
10,88.12894476700573,79.62228728213984,167.75123204914556,156.01033131389573,80.0,0.43900095510607284,0.4506873374984151,1.3048102092109082,1.3528042307180437,-0.033769483423906566,0.013425862878660405,-0.09035066545738013,AP0068,False,1,0.4193229764210799,-0.4193229764210799,0.16865467561569247,-0.16865467561569247,0.11906907271686847,-0.021539587438920992,0.04920916442461735,-0.0014637552713673517,0.18906397229456454,0.08203917510206869,-0.04848343425841992,0.18405273108759168,-0.16792654796777182,0.1591597737816993,-0.1591597737816993,0.07730566636287904,0.07730566636287904,0.1256393365835597,0.15735165443906213,64.37056071084467,63.990883052261786,66.79353930925876,0.6437056071084468,0.12238145652503085,0.23391293636652233,40.8716429,289.2004813778773,53162.80641393978,1206.154408941758,0.5560189271045491,25.396419730820558,2026-05-14 01:50:00,68,60.28684839936101,62.1388657258114,61.28607897234433,62.8283198415945,51.780314292929205,59.28692680109398
10,78.55006344853676,62.43156328068634,140.9816267292231,140.94562962298176,100.0,0.39279445180538747,0.4110206500974532,1.1918216265364268,1.2231800684067282,0.005278624396694465,0.004282400241971587,-0.03568356092572145,AP0069,False,4,0.6310538332781492,-0.6310538332781492,0.3704122770186036,0.27435928300061047,0.5186441870325239,0.49999569852464226,0.08164570736334524,0.006769827589492311,0.40043900117315545,0.16640095066808783,-0.16640095066808783,0.14442723127846,0.14442723127846,0.15193658028687765,0.13259838106499586,0.11864361792529537,0.11864361792529537,0.14535209503968022,0.2728955481064178,61.28607897234433,60.28684839936101,51.780314292929205,0.6128607897234433,0.21509826771275065,0.17204094256380598,40.5127848,289.2004813778773,52720.57609686577,1166.5290816092534,0.4594177565902421,25.905906978609757,2026-05-14 09:42:00,69,67.40859081593221,63.84771960764661,68.40189663779786,64.8439878050711,67.65810212365633,59.71920820829277
10,80.60848035072314,91.70347000960564,172.31195036032878,168.76187016983351,90.0,0.34886657514676284,0.3598073770180158,1.357567340322987,1.421208814909424,0.053113598136783624,0.0017287153447705997,-0.06519614622867398,AP0070,False,1,0.6023014134386265,-0.6023014134386265,0.18688833250385406,0.10510383062994251,0.3565308182814109,0.3243901519006327,0.16754242478912182,-0.06212660247027348,0.3283157472532533,0.20315630673590834,-0.05058250479923126,0.12438616392316104,0.12438616392316104,0.22177293780745935,0.22177293780745935,0.08640319166226586,0.07449246534601613,0.15892965003219864,0.24362269864272598,68.40189663779786,67.40859081593221,67.65810212365633,0.6840189663779785,0.11674996117860777,0.19923107244341362,40.5127848,289.2004813778773,52289.37686626337,1148.4874297148915,0.4650727003568611,25.921748685978265,2026-05-14 17:28:00,70,56.07833320146904,61.74346200870063,57.02027857631483,62.71108760705634,57.198896760390035,62.42849944202318
10,93.83882907135825,167.49789113711773,261.336720208476,261.3367202084754,90.0,0.4280148704294865,0.45533686782707106,0.4565066052449429,0.56319054109661,0.01490322463007604,0.015070724338520691,-0.07476519259346326,AP0071,False,3,0.5601031119825784,-0.5601031119825784,0.2574487690785328,0.19731580132848378,0.4808222579418319,0.4808222579418319,0.14207484369629167,-0.1011752854177266,0.36011224567480876,0.14629171019799017,-0.07716381682950005,0.2188199158511677,-0.1318932168290545,0.2194284602404207,-0.18631620577143024,0.2999504239696793,0.296388560808592,0.22112262756481446,0.2906174366198116,57.02027857631483,56.07833320146904,57.198896760390035,0.5702027857631483,0.18883509993374653,0.2409621143031052,40.5127848,288.4999993876368,54062.09166854766,1142.0106402066824,0.46287813697878194,24.98560410773083,2026-05-15 00:58:00,71,67.68196281350318,61.88014800748611,68.78991355814203,62.90509606722843,69.2687969921284,63.23384687625922
10,16.303815997481394,39.762663262072635,56.06647925955403,47.44060532209255,50.0,0.45282760640752284,0.4550911792581351,0.9426455841137591,0.9714072625150649,0.01335994543811081,0.002529020191000819,-0.01749483606229829,AP0072,False,0,0.07772325364700407,-0.07772325364700407,0.05058667232690728,-0.022901025924965044,0.05457768678594848,0.043316245295407736,0.04714950616942693,-0.04714950616942693,0.057509279732321686,0.12360224097418931,0.02491053209283232,0.13499272105133797,-0.03632407358991557,0.1058400501313585,-0.010534233300243874,0.13493011353111756,0.09500927005714882,0.12484128142200084,0.09117528057716126,68.78991355814203,67.68196281350318,69.2687969921284,0.6878991355814202,0.1292932428378936,0.18280762158068606,40.5127848,288.4999993876368,52898.56557515207,1178.9373222282834,0.4509895674304824,26.845973629083712,2026-05-15 09:19:00,72,66.31578096407327,66.99887188878822,67.07364898153848,67.93178126984026,61.602707877348436,65.43575243473842
10,16.849357478971484,136.23400987166664,153.08336735063813,146.43550424885564,70.0,0.35768281945454083,0.3716974732829227,1.1448099754190197,1.2338232055824676,-0.02426138449204629,0.018600100928652597,-0.017864287595633355,AP0073,False,1,0.11370540594003405,-0.11370540594003405,0.20097272447884126,-0.0007079849242191313,0.09604194234400691,0.06575211121202336,0.0535110001485441,-0.0535110001485441,0.11605776822785659,0.2112618083022173,-0.09977137488452646,0.23887948473534312,-0.018593320129879493,0.1526448386647784,0.1526448386647784,0.5298758276826049,0.19087533791985925,0.2831654898462359,0.19961162903704624,67.07364898153848,66.31578096407327,61.602707877348436,0.6707364898153848,0.13190272306178968,0.1973607871228256,40.5127848,288.4999993876368,52920.855467763286,1179.2529440421956,0.4606136887242164,24.505199070877527,2026-05-15 17:25:00,73,61.491653799322684,63.90371738169797,61.8489811448908,64.46131506321464,60.37514149571205,60.98892468653024
10,73.04599041166937,68.83635011409874,141.88234052576811,132.3040960695568,60.0,0.476416260678359,0.48076528847281075,0.5107442514995018,0.5512903435902275,-0.03276054603348266,0.01203721479872058,-0.030530509027165365,AP0074,False,4,0.6055251527745883,-0.6055251527745883,0.14874485822422853,0.11170217873357662,0.14153945983993207,0.13315698174802554,0.040490771605772545,-0.015315554013154377,0.23407506061113037,0.06533538637444854,-0.05317648801160161,0.16956450788947544,-0.15360812460719897,0.10919986804962058,-0.10919986804962058,0.040672686723956235,0.0396876186204398,0.0961931122593752,0.1651340864352528,61.8489811448908,61.491653799322684,60.37514149571205,0.618489811448908,0.14446470437725745,0.23704548417383461,40.5127848,288.09999968157933,51941.90725371177,1142.3566396626088,0.4632377803629209,24.526752386231337,2026-05-16 01:09:00,74,66.45102232304394,63.97133806118332,67.05338260366518,64.45118187427799,69.86607765287579,65.12060957429392
10,38.97637200522961,433.3986843575775,472.37505636280713,471.71780427535253,80.0,0.3889334837929393,0.417086275197871,0.6141209196582913,0.89622538178355,-0.07080757439787477,0.05794943128458681,-0.033039414666531874,AP0075,False,1,0.261065767783291,-0.261065767783291,0.12337603783601332,0.017623006291315774,0.1420486134453309,0.1087111783953819,0.04062452191135573,-0.005138756288009615,0.14177873524399773,0.08448984469457987,-0.08448984469457987,0.3335136447154869,-0.2812553157715448,0.37987948880534134,-0.37987948880534134,1.5050405580501547,1.5050405580501547,0.5757308840663907,0.35875480965519424,67.05338260366518,66.45102232304394,69.86607765287579,0.6705338260366518,0.16016873405057705,0.16929743991277113,40.5127848,288.09999968157933,53279.533144748966,1164.1384006813355,0.46835955309646776,26.456625336395742,2026-05-16 09:11:00,75,71.62262648540546,69.0368244042247,73.0125644963346,70.0329735499999,66.59993232007334,68.23300498647455
10,21.607729408878953,46.25756116837334,67.8652905772523,59.021661147972736,50.0,0.41033866318364287,0.4110640702425374,0.8518382927260505,0.8882600259944852,0.03168437960813214,0.0007778905846145268,-0.01637510450363011,AP0076,False,0,0.1257890977775438,-0.1257890977775438,0.04415731866217696,0.04415731866217696,0.11564745606282723,0.11564745606282723,0.05591084301292346,-0.042193732987257516,0.08537617887886786,0.13938762919341627,0.04293781285408612,0.12262342920031888,-0.001526980471885632,0.13565709402140858,0.021151606784232932,0.09128201890732976,0.07829697331033286,0.12223754283061838,0.10380686085474312,73.0125644963346,71.62262648540546,66.59993232007334,0.730125644963346,0.11242130549415949,0.15745304954249445,40.5127848,288.09999968157933,52664.01748193454,1191.40415887861,0.46552793051196223,24.41910580254848,2026-05-16 16:49:00,76,57.40152233921551,64.51207441231048,57.96378107353545,65.48817278493503,61.93994308480698,64.26993770244016
10,47.20399411941338,96.7842235199397,143.98821763935308,122.41545418993775,80.0,0.4914976310747744,0.4953790152729507,1.227138354343356,1.2858762808088051,-0.026143863837326253,0.013937896601440902,-0.03874782419050571,AP0077,False,3,0.3337305624523683,-0.3337305624523683,0.15567247587806265,0.15567247587806265,0.29177816430146947,0.29177816430146947,0.11443600828250385,-0.05308667086465551,0.2239043027286011,0.09556834006690966,-0.09556834006690966,0.08975004402676498,-0.07480766441499177,0.07889443290366253,0.06740645812344405,0.09253055455051044,0.08797546065436461,0.08918584288696191,0.1565450728077815,57.96378107353545,57.40152233921551,61.93994308480698,0.5796378107353546,0.19144491817432555,0.22891727109031995,40.01559039,287.70047848371865,52205.53715350701,1161.3857944223098,0.4668406144695366,25.121198187594633,2026-05-17 00:36:00,77,68.55464212762764,62.978082233421574,69.46175275786955,63.7127669157025,67.85958359635524,64.8997633405811
10,53.77858588448167,60.65142305808136,114.43000894256303,102.04695632210672,70.0,0.42768392476736095,0.43147673558941835,0.9350289721915104,0.9722633942106692,-0.07623861793049935,0.01863268307876159,-0.07033792985429427,AP0078,False,1,0.2793100362630347,-0.2793100362630347,0.16613198745123062,-0.13674943250124053,0.10786223697041498,0.02269388672318963,0.16660217177213962,-0.16660217177213962,0.179976608114205,0.13236528261634325,-0.02133944845522781,0.15639189401503004,-0.15639189401503004,0.10624357112701255,0.019407438806430984,0.1700131644472762,0.13006955880303078,0.14125347805141553,0.16061504308281027,69.46175275786955,68.55464212762764,67.85958359635524,0.6946175275786955,0.12438944849979813,0.1809930239215064,40.01559039,287.70047848371865,52902.41716415153,1139.6959362959312,0.4575722980894493,25.063776516003493,2026-05-17 08:27:00,78,68.38656988346229,68.47060600554497,69.59159440477647,69.52667358132301,67.07604363369407,67.46781361502465
9,67.36620652020514,429.6365774151637,497.0027839353688,481.1086831433386,77.77777777777779,0.42062366215515284,0.4297534772823435,0.928593388956023,1.2050462661222747,0.04464966506158352,0.038062924811932415,-0.0851261402521708,AP0079,False,3,0.46227376858671015,-0.46227376858671015,0.09725371993032524,0.034211792805945704,0.2576580569838613,0.2576580569838613,0.23443877246673814,-0.23443877246673814,0.2629060794919087,0.4846863518318344,-0.2768744280215909,0.34249640397836545,-0.1731952144862936,0.417612732357742,-0.051776311088446825,0.5756104306887321,0.5720485675276435,0.4551014797141685,0.3590037796030386,69.59159440477647,68.38656988346229,67.07604363369407,0.6959159440477647,0.11641154742450922,0.18767250852772618,40.01559038999999,287.70047848371865,52725.590365968776,1120.4605134301396,0.4370929465399629,6.7675545974573295,2026-05-17 16:24:00,79,65.40929594366527,66.89793291356378,66.00034666524354,67.79597053501001,70.88721973426762,68.98163168398085
10,84.7298549973114,190.39817922831924,275.12803422563064,273.54367128993147,90.0,0.4475131393950451,0.4574746526657922,1.0841636290532668,1.1997959837244272,0.0009339490105433335,0.01883389255510959,-0.022056903657441784,AP0080,False,2,0.6679437412425866,-0.6679437412425866,0.3596435159519688,0.2544009816363044,0.46039514639700646,0.46039514639700646,0.22670399979600622,-0.22670399979600622,0.42867160084689204,0.2636851355158986,-0.19021803902232085,0.14696348169735213,-0.0400194955740437,0.1552181850156687,0.09469073948211332,0.18512720977610286,-0.11485760831374936,0.1877485030012556,0.3082100519240738,66.00034666524354,65.40929594366527,70.88721973426762,0.6600034666524354,0.14068796758077157,0.19930856576679307,40.01559038999999,287.1931308754305,52346.13536699652,1122.9019125700377,0.4468800516142051,18.950994813405284,2026-05-18 00:28:00,80,68.3821075429745,66.89570174331988,69.31476919887791,67.65755793206073,66.39995775414715,68.64358874420739
10,51.21015786307052,60.545839548684,111.75599741175452,108.46481009240864,80.0,0.40241916335690825,0.4117174886841742,1.2028497168065062,1.2487965361473243,0.06588332610072856,-0.003273646430198701,-0.04451210589489346,AP0081,False,4,0.4097418002044206,-0.4097418002044206,0.33765898900884667,0.18777800633126426,0.47326513872940773,0.3857731701178572,0.1054540380732998,-0.0881748303566605,0.3315299915039937,0.1287755042742761,0.02943196777224124,0.1025793356775116,0.05684667958405466,0.0954140835230147,0.0954140835230147,0.08931876189068061,0.05042181912374589,0.10402192134137074,0.21777595642268222,69.31476919887791,68.3821075429745,66.39995775414715,0.6931476919887791,0.12709045674433211,0.17976185126688876,40.01559038999999,287.1931308754305,52949.55176052669,1165.8104782458172,0.46350693054731257,25.927038535495154,2026-05-18 08:31:00,81,66.59204997348402,67.48707875822926,67.37416963669861,68.34446941778826,67.66144533448792,67.03070154431754
10,24.993598453392536,148.87696846735753,173.87056692075006,168.28212200668378,60.0,0.4103017757226116,0.41975314761750093,1.4805649696270426,1.5685039241114764,0.05777811847387554,0.004952518228334701,-0.017548560111588507,AP0082,False,1,0.13798489280679574,-0.13798489280679574,0.047351424230757826,0.005044055738021043,0.06684359648236231,0.06684359648236231,0.009392086663305472,0.008350796148366197,0.06539300004580534,0.2966393458615735,-0.2139927089110059,0.4000965407134748,0.07388797825763015,0.1705072058265596,-0.04923742988201515,0.2400627773114548,0.16419573976763768,0.27682646742826567,0.1711097337370355,67.37416963669861,66.59204997348402,67.66144533448792,0.6737416963669861,0.15674991651652223,0.16950838711649172,40.01559039,287.1931308754305,56026.53004617035,1164.6816866953845,0.4554940728669849,25.67492021156799,2026-05-18 16:26:00,82,66.40535933623725,66.49870465486063,66.68643359792155,67.03030161731007,73.47767102380801,70.56955817914798
10,75.5282560918515,77.20445521049292,152.73271130234443,152.73271130234468,60.0,0.3918734863950592,0.39973845744029823,1.372511755200011,1.4229214865145834,-0.006821505077487466,0.009397575762242996,-0.0505223188610221,AP0083,False,1,0.3944124392208154,-0.3944124392208154,0.283628593511396,0.02526263425753178,0.20023257636930283,0.028360607151621548,0.08074489090915746,-0.06931200873511907,0.23975462500266795,0.08813825266157152,-0.03043130456305685,0.12664163083050717,-0.10368008362301359,0.17952234151517676,-0.021586206968396263,0.01069167901158384,-0.0012190473046658828,0.10124847600470982,0.17050155050368887,66.68643359792155,66.40535933623725,73.47767102380801,0.6668643359792155,0.13496342516216972,0.1981722388586149,40.01559038999999,287.1931308754305,55384.82566603666,1173.6930746375142,0.45221555124104346,28.340105250540805,2026-05-19 00:21:00,83,63.07716960270198,64.74126446946961,63.66807038669051,65.17725199230603,61.1745785606485,67.32612479222826
10,54.59866927675209,111.87441177547447,166.47308105222655,162.87910725294455,70.0,0.36139766069233653,0.36460917763924383,1.5837899747511963,1.660751780088694,0.05622117958719247,0.0034056856732848917,-0.036996525777753864,AP0084,False,4,0.4671410529853625,-0.4671410529853625,0.20851842573727944,0.20851842573727944,0.3958222707058705,0.3958222707058705,0.07525637812205367,-0.048549921331224995,0.28668453188764154,0.22059868551721723,-0.019469114871561832,0.07941227257553349,0.014817529971095637,0.12158240107318598,0.12158240107318598,0.12621272530619135,0.1226801344738441,0.136951521118032,0.21181802650283676,63.66807038669051,63.07716960270198,61.1745785606485,0.6366807038669051,0.16644460664878863,0.19687468948430628,40.01559039,287.1931308754305,55284.07517588542,1152.9862153490433,0.512191649660424,25.96214669598801,2026-05-19 08:52:00,84,67.05066332556247,65.06391646413222,67.82113835722257,65.74460437195654,73.5825140544748,67.37854630756165
10,74.04651688900547,149.30196370323037,223.34848059223586,220.270665107469,80.0,0.39545018344758204,0.40492964967918565,0.9925386909047518,1.0919637047026092,0.03547180422143603,0.010501348042105299,-0.05624186356773436,AP0085,False,4,0.5603457717704683,-0.5603457717704683,0.29412076816030414,0.13361478752707767,0.37742322172826454,0.37742322172826454,0.08279165739813821,-0.06551244968149819,0.3286703547642938,0.25446245671146606,-0.0682369458878041,0.1584616359838403,-0.056028853606946066,0.22694743304261059,0.22694743304261059,0.05794062303554617,0.04175603060554235,0.17445303719336577,0.2515616959788298,67.82113835722257,67.05066332556247,73.5825140544748,0.6782113835722257,0.15248798604639793,0.16930063038137635,40.83807624000001,287.1931308754305,53169.642954895426,1138.01909471013,0.4937416431402906,22.579827578908773,2026-05-19 16:24:00,85,68.30270535545422,67.67668434050834,69.10137046783555,68.46125441252906,75.06705164081117,74.32478284764298
10,143.64932108581849,216.32050586059273,359.9698269464112,359.9698269464113,60.0,0.2491851215335994,0.32579105283216897,0.8306538354079358,0.971877424711109,0.005623136936868389,0.022266084132398195,-0.062284230536508334,AP0086,False,2,0.9268576316829815,-0.9268576316829815,0.4288473479335219,-0.07696342386191396,0.40624435635561945,0.002845082848900171,0.17437781132722371,-0.15910648400405583,0.48408178682483666,0.05700961952995545,-0.04983164874912657,0.3739940102745508,-0.059620322878661286,0.21465972871273065,-0.13642223455105507,2.136845623509233,2.136845623509233,0.6956272455066175,0.589854516165727,69.10137046783555,68.30270535545422,75.06705164081117,0.6910137046783555,0.05559248796685511,0.25339380735478934,40.83807624000001,287.29884625368226,49588.09382592366,1106.408571087764,0.44913970866272007,22.895514580192323,2026-05-20 00:05:00,86,62.566958876857086,65.43483211615566,63.23555160938662,66.16846103861108,65.81414761441746,70.44059962761432
10,27.760227324478763,66.23538033469512,93.99560765917388,87.30657147176066,70.0,0.40589368591780495,0.4094406187834528,0.5772682570985285,0.6252808452334235,0.01393916486400329,0.005594979190622615,-0.036442242288262094,AP0087,False,0,0.19696020451553112,-0.19696020451553112,0.09675939104669662,0.09675939104669662,0.2927782807126515,0.2927782807126515,0.17387923188740242,-0.1601621218617372,0.1900942770405704,0.20368060940971702,0.037587379449740915,0.11109936540111899,-0.07967084633181612,0.13182369519361495,0.015449411762012673,0.17279525237943166,0.16916967166166902,0.15484973059597068,0.17247200381827055,63.23555160938662,62.566958876857086,65.81414761441746,0.6323555160938662,0.19050620950038594,0.17713827440574798,40.83807624000001,287.29884625368226,49879.913650676186,1098.6764720516562,0.4441671511041741,23.025846579895823,2026-05-20 08:56:00,87,67.49483932967502,65.03089910326605,69.49818852850008,66.36687006894334,76.90164396931094,71.3578957918642
10,18.518600360737366,369.1701668313042,387.6887671920415,361.9801118603225,70.0,0.43937192596976526,0.43995214259383897,1.1437499907682531,1.3690879213479024,-0.06649353798899749,0.047919781374161995,-0.02901019853856135,AP0088,False,2,0.052822876267111185,-0.052822876267111185,0.12687404373255975,-0.12687404373255975,0.09918974040879858,-0.09918974040879858,0.08010821418414676,-0.06902626504598802,0.08974871864815408,0.46935865962814755,-0.28005964353943913,0.5360781959139279,-0.5360781959139279,0.380242622141331,-0.34705315041529594,0.09803227784106361,-0.04143887348590403,0.37092793888111747,0.23033832876463578,69.49818852850008,67.49483932967502,76.90164396931094,0.6949818852850007,0.1331585059215445,0.17185960879345463,40.83807624000001,287.29884625368226,49648.873586157366,1136.3594418405828,0.451106581688232,24.81816718928087,2026-05-20 16:40:00,88,70.05299225191753,68.77391579079628,71.00337900884242,70.25078376867125,71.79328321460846,74.3474635919597
10,69.32538881262414,78.97183569442021,148.29722450704438,148.29722450704492,90.0,0.3733135552756453,0.39268779617773836,0.6046324979376421,0.663560601010816,0.011165254672342528,0.007842832249726012,-0.03412519572639944,AP0089,False,0,0.5225936249311827,-0.5225936249311827,0.22750770268704323,0.18444990377501935,0.2468053700273396,0.19558651431516783,0.30316039213917306,0.1157457144981426,0.32501677244618465,0.22564713536739478,0.049100381224046974,0.2804508050332555,-0.1623925274585885,0.18652770249079917,-0.1582677623187243,0.11465092851398422,0.07473008504001548,0.2018191428513584,0.2634179576487715,71.00337900884242,70.05299225191753,71.79328321460846,0.7100337900884243,0.08379920921056655,0.20616700070100924,40.83807624000001,285.7074118814135,50511.577652184926,1090.6854257094724,0.45766312591586733,24.971546965348793,2026-05-21 00:13:00,89,69.9548462049045,70.00391922841101,71.35091344142262,71.17714622513252,69.83042645054556,70.81185483257701
10,42.75886766139075,294.93144972740026,337.690317388791,324.38392651942286,90.0,0.4686047129533188,0.48153565340277227,0.624423837155158,0.8140592066344408,0.06138751830132183,0.02105876045615121,-0.0721240777745994,AP0090,False,3,0.23547575227898065,-0.23547575227898065,0.3080623349132348,0.16739923113689445,0.44264401948181664,0.4233845783808741,0.3494428436491563,-0.3494428436491563,0.3339062375807971,0.33833247503458264,-0.13975818777335833,0.13215454773636257,-0.10876870389697621,0.1689989799430058,0.0764700893827564,0.14304638915024304,0.1302895484790626,0.19563309796604852,0.2647696677734228,71.35091344142262,69.9548462049045,69.83042645054556,0.7135091344142261,0.12081729864679958,0.16567356693897434,40.83807624000001,285.7074118814135,49147.057728919084,1070.6165770486539,0.44509711156351855,22.333755838728838,2026-05-21 09:09:00,90,68.58277332677757,69.26880976584104,69.99098374086337,70.670948591143,67.31092478646873,68.57067561850715
10,42.03464996670918,111.86521760221851,153.89986756892768,112.26024810846383,60.0,0.4767346593072729,0.48308435410554296,1.1813030619588598,1.2543549464810106,-0.028144987358460494,0.01661689193441899,-0.054961242790439735,AP0091,False,3,0.21428435392533704,-0.21428435392533704,0.06348132226620531,0.00334835451615628,0.11579576914248395,0.11579576914248395,0.1410956743800511,-0.1410956743800511,0.13366427992851937,0.13991381034962244,-0.032337183426323385,0.2179706578794028,-0.2179706578794028,0.18237710501648824,-0.015977690958376686,0.03971916039829249,0.0004999034575010773,0.1449951834109515,0.13932973166973545,69.99098374086337,68.58277332677757,67.31092478646873,0.6999098374086337,0.13672685574862534,0.1633633068427411,40.83807624000001,285.7074118814135,49242.46711087103,1081.922803880067,0.4498461087939244,22.679513693715542,2026-05-21 16:42:00,91,63.853680311481114,66.21822681912934,64.26531004804194,67.12814689445266,67.13474349853956,67.22283414250415
10,27.497987559830236,132.7031895659107,160.2011771257409,160.20117712574086,60.0,0.4245352532975928,0.4285097248993514,0.25216022350312417,0.33160025873482757,-0.010706351522168228,0.014802362356957602,-0.03629681555328795,AP0092,False,2,0.1852672227929901,-0.1852672227929901,0.16537266662332004,-0.04216568683204164,0.023457728203574973,-0.019655589429111896,0.16202104064431763,-0.16202104064431763,0.1340296645660507,0.1861130001422788,-0.1861130001422788,0.13042531512308786,0.004703241871356699,0.07698729203268136,0.049974306613837075,0.10998064748969913,-0.011876510387029447,0.12587656369693678,0.12995311413149374,64.26531004804194,63.853680311481114,67.13474349853956,0.6426531004804193,0.14450539714113395,0.2128415023784466,40.83807624000001,285.03208862608784,49739.55102804022,1058.812367620985,0.4570361660460067,24.137898614532293,2026-05-22 00:05:00,92,71.14027124610894,67.49697577879502,72.26241251796098,68.26386128300146,69.61262854170336,68.37368602012145
10,90.522107477633,202.5996521679046,293.12175964553757,281.62526548779834,80.0,0.4619635368086598,0.46599115521645623,0.5922432363509359,0.7283479157541309,0.07414198433591757,0.01017449836901109,-0.10301676144281813,AP0093,False,3,0.3816791431042419,-0.3816791431042419,0.31236626125395,-0.19079669595315452,0.35813665327767835,-0.25880834149799414,0.19322387453182518,-0.13324406100673994,0.31135148304192384,0.31848118007294,-0.0759083871259116,0.13105010713163112,-0.04900017621229398,0.08045058463221318,0.08045058463221318,0.05839612216799526,0.012053138905026637,0.1470944985011949,0.22922299077155936,72.26241251796098,71.14027124610894,69.61262854170336,0.7226241251796098,0.08486404986974624,0.19251182495064403,40.83807624000001,285.03208862608784,49773.84237005595,1122.7955121839784,0.45715377455182765,23.208578882718882,2026-05-22 08:44:00,93,69.36246750256105,70.25136937433498,70.57812258923136,71.42026755359618,69.74643177413017,69.67953015791676
10,103.75988131084164,251.88074077000627,355.64062208084795,355.64062208084795,90.0,0.4170532991892614,0.44174125980635076,0.607165600293188,0.7650080049138498,-0.07690059306608521,0.03854564822442481,-0.07590975403493094,AP0094,False,4,0.6600604777241704,-0.6600604777241704,0.1349436277355324,0.1305887386616702,0.23869836569841452,0.23869836569841452,0.20802914505475653,-0.20802914505475653,0.31043290405321844,0.21430174145586822,-0.12396749620942636,0.528240981817838,-0.5137241869019915,0.6491700368422204,-0.5344194189899814,0.35904945889472945,0.35904945889472945,0.43769055475266405,0.37406172940294125,70.57812258923136,69.36246750256105,69.74643177413017,0.7057812258923135,0.11652391143176881,0.17769486267591758,40.83807624000001,285.03208862608784,46533.76405707139,1102.294789255957,0.47514976528950115,23.25179133016272,2026-05-22 16:30:00,94,61.74139192309872,65.55192971282989,62.04554851238651,66.31183555080894,72.03736335197623,70.89189756305319
10,25.89472560174923,134.56902949796483,160.46375509971406,151.03047482920044,80.0,0.4609543484884046,0.4644501927294852,0.5640087322780922,0.6455675968078022,-0.06948351069150277,0.02480170364880338,-0.03622153209517254,AP0095,False,2,0.1750461889586392,-0.1750461889586392,0.09886113289922187,0.05338482625817772,0.2480564150387445,0.2404049811626465,0.24186115309062983,-0.24186115309062983,0.19095622249680885,0.10967600180443375,-0.10154487394729635,0.26262833810549274,-0.26262833810549274,0.17302578041877742,0.009075458291604839,0.05423842745719404,-0.034039730793656686,0.14989213694647452,0.17042417972164167,62.04554851238651,61.74139192309872,72.03736335197623,0.6204554851238651,0.12326208830782912,0.25628242656830574,40.83807624000001,285.03208862608784,47001.99788624153,1066.2104856884448,0.47535327003995015,23.45278869015179,2026-05-22 23:53:00,95,67.17186007645331,64.45662599977601,67.9505495925716,64.99804905247906,65.00942946460091,68.52339640828856
10,117.24892717674823,204.9828574469618,322.23178462371,253.7071145210661,90.0,0.45149344014114046,0.45395243709111466,0.8480459652588168,0.9785440883522092,-0.01390228850525188,0.02371106922802041,-0.16574410022035996,AP0096,False,3,0.43612938321804195,-0.43612938321804195,0.5554757030723145,-0.448326267481202,0.6360017856956359,-0.33460644855397065,0.282915473921222,-0.2596018247882734,0.4776305864768036,0.2822899460401175,-0.14612353710588705,0.17055035427300444,-0.17055035427300444,0.20838809467815994,0.02311312854620843,0.10306711502018338,0.0959433886980068,0.1910738775028663,0.334352231989835,67.9505495925716,67.17186007645331,65.00942946460091,0.679505495925716,0.1422175434147238,0.17827696065956017,40.83807624000001,285.03208862608784,48218.05122450544,1093.801438306028,0.4622493674312567,24.413378678496308,2026-05-23 07:41:00,96,57.27013630574783,62.22099819110058,58.327159013340165,63.138854302955885,63.26252553774237,64.13597750117164
10,266.0130629575833,24.284617539136065,290.29768049671935,287.5293646044404,70.0,0.3555441418640365,0.36665244957858634,0.46888656796741934,0.5012207518797335,0.019441103104194113,0.002117090444683084,-0.22119319839523216,AP0097,False,0,1.7833262932788854,-1.7833262932788854,0.20757063235850812,0.08608426965524701,0.2797212533249716,0.238408031982126,0.19749887972738076,-0.08486746058391682,0.6170292646724365,0.21352378817037498,0.21352378817037498,0.013542765211322277,-0.013542765211322277,0.04450361500921435,0.04450361500921435,0.13891367606287677,0.13891367606287677,0.1026209611134471,0.3598251128929418,58.327159013340165,57.27013630574783,63.26252553774237,0.5832715901334017,0.11241695080921424,0.3043114590573841,40.11343322,285.03208862608784,41704.879430176385,1125.3281733181789,0.18153246029457965,2.071211462594122,2026-05-23 15:22:00,97,62.19428718295218,59.73221174435001,62.977905463743305,60.65253223854174,65.38080398350426,64.32166476062332
10,310.73567278743093,146.96056708396242,457.69623987139335,453.5292022354716,70.0,0.33936417158114157,0.3478697804839424,0.3249276406339905,0.4188394706606706,-0.04478965605641452,0.02277528507111571,-0.21715826433913205,AP0098,False,4,2.133115664177848,-2.133115664177848,0.4206036505217244,-0.4206036505217244,0.36834882305141625,-0.3228044985774003,0.2761124351698581,-0.2761124351698581,0.7995451432302118,0.03346794744203937,-0.024018416589899172,0.2717967757476858,-0.2717967757476858,0.16674672236095522,-0.16674672236095522,0.37250686230251817,0.37250686230251817,0.21112957696329965,0.5053373600967557,62.977905463743305,62.19428718295218,65.38080398350426,0.629779054637433,0.1683502312491344,0.2018707141134327,40.11343322,284.86787887502146,41786.63818036409,1074.043682706655,0.1840471106751293,2.2244734183099597,2026-05-23 23:11:00,98,67.741977420962,64.9681323019571,68.24650370012404,65.61220458193367,80.5813127589205,72.98105837121238
10,142.60328170420468,222.29199241079124,364.8952741149959,354.05471173167433,90.0,0.35791854654961947,0.36870103017274947,0.461152640460267,0.6010590356177441,-0.036059595723372806,0.028894251376165823,-0.16722237007537172,AP0099,False,3,0.8819760247685191,-0.8819760247685191,0.35231822089079395,-0.1394435584603601,0.2390838895492261,0.1212644669924558,0.11091685883593731,-0.09046707969665475,0.39607374851111915,0.2157200709223757,-0.098331806507386,0.44701043106196303,-0.38112685121225565,0.5745339427871115,-0.4799429388872469,0.4068677387140799,0.4068677387140799,0.41103304587138245,0.40355339719125083,68.24650370012404,67.741977420962,80.5813127589205,0.6824650370012404,0.12380389299155778,0.19373107000720186,40.11343322,284.8313878192289,42312.738316894065,1073.3649355154187,0.18256182529912254,2.7880213201175104,2026-05-24 06:19:00,99,68.00737328574324,67.87467535335261,69.27353245216207,68.76001807614306,65.67906342793384,73.13018809342717
10,62.40997852986479,130.0697714262759,192.47974995614072,178.04330377162307,70.0,0.4307048895863515,0.43347382116691946,1.4633323238135008,1.5391295464329855,-0.03709375531382103,0.018537106392989403,-0.054756906872811484,AP0100,False,1,0.3928438775817258,-0.3928438775817258,0.25464236783283295,0.07426831458996432,0.20889719431689346,0.048304194020421076,0.3061924923393446,-0.2947596101653041,0.29064398301769917,0.15530166905026968,-0.15530166905026968,0.27014844855519865,-0.17444507090959724,0.26605573834251206,-0.26605573834251206,0.16579646934078848,0.16486911594984185,0.21432558132219223,0.2524847821699457,69.27353245216207,68.00737328574324,65.67906342793384,0.6927353245216208,0.1431237177648965,0.16414095771348278,40.11343322,284.8313878192289,48287.47297043742,1096.3384736737328,0.47393552029369673,25.44557251469248,2026-05-24 13:29:00,100,65.65090617396629,66.82913972985477,66.5706281446838,67.92208029842294,66.75876793296183,66.21891568044784
10,27.538797463203153,48.765332539355846,76.30413000255899,71.06743011445232,40.0,0.48092637998460974,0.48334045487518706,0.7267693026803739,0.7534954076489799,-0.030629416701951295,0.0094179838539503,-0.04234174524048229,AP0101,False,1,0.1091938352922106,-0.1091938352922106,0.12505723672594926,-0.12505723672594926,0.14384896078553985,-0.14384896078553985,0.12675331721301183,-0.07900790805976184,0.1262133375041779,0.05928477861231415,-0.05928477861231415,0.11516085722676038,-0.11516085722676038,0.10055427424178656,-0.10055427424178656,0.004736315853458345,0.004736315853458345,0.06993405648357987,0.09807369699387888,66.5706281446838,65.65090617396629,66.75876793296183,0.6657062814468379,0.17130481013505733,0.1629889084181047,40.11343322,284.8024547953325,48695.566150418796,1107.9128138493245,0.4891908483436986,24.82118668144655,2026-05-24 21:10:00,101,68.34069887713703,66.99580252555165,69.21493902604699,67.8927835853654,67.84663352193635,67.30270072744909
7,44.40935537246119,68.98537072117207,113.39472609363327,109.59864895965637,57.14285714285714,0.49428404341031656,0.49580299990344995,0.6653802344256028,0.7203640867152876,0.06483148435466668,-0.0016170167594387053,-0.06021796195629531,AP0102,False,2,0.140609498932891,-0.140609498932891,0.2460847838219199,-0.2460847838219199,0.16414350813173587,-0.16414350813173587,0.15662401937212808,-0.15107189237067983,0.1768654525646687,0.42359705424919736,0.42359705424919736,0.30081461104367024,-0.30081461104367024,0.025812684816333607,-0.025812684816333607,0.2718367432490286,-0.2718367432490286,0.2555152733395575,0.21619036295211308,69.21493902604699,68.34069887713703,67.84663352193635,0.69214939026047,0.11289255471536089,0.1949580550241691,40.11343322,284.7783439420854,49073.20860545738,1084.3638758223399,0.4885039439118864,25.87343918698254,2026-05-25 04:50:00,102,69.24932266662927,68.79501077188314,70.27804856385265,69.74649379494983,67.89673691771856,67.87168521982746
9,106.34027224733774,138.8536169169144,245.19388916425214,245.19388916425265,88.88888888888889,0.3728925254902892,0.39959497155666074,0.4845397315037985,0.5761083659281266,0.03875768537180979,0.008671748612893021,-0.10894267106531669,AP0103,False,0,0.6251907043211123,-0.6251907043211123,0.2244174211033901,-0.1306999529861719,0.3245235727175258,0.05168501632258832,0.18841364457614926,-0.14731529019158718,0.3406363356795444,0.05356792813795961,-0.01185963366637234,0.16124455895957943,-0.12177772864161628,0.31355251314421306,-0.312045632519409,1.3504255137937313,1.2971977224951052,0.46969762850887087,0.40516698209420765,70.27804856385265,69.24932266662927,67.89673691771856,0.7027804856385265,0.1135559599709368,0.1836635543905367,40.11343322,284.7783439420854,47429.083431543004,1072.8079606860722,0.39982465623897395,19.655904746965497,2026-05-25 12:39:00,103,62.10984481094542,65.67958373878734,63.119763101629005,66.69890583274082,63.69402157005183,65.7953792438852
10,57.888627974753604,54.688289173676765,112.57691714843038,108.05823026313352,80.0,0.509807330490848,0.511300336808481,0.7107889939971465,0.7417206861091064,-0.017085873674320684,0.007884657764578099,-0.06270638040734011,AP0104,False,2,0.35163712177302725,-0.35163712177302725,0.2179813777563744,-0.028440227393117103,0.15299833105105867,-0.09033464494910282,0.3236864201713524,-0.3084150928481853,0.26157581268795316,0.06510957947787359,-0.06495677202644172,0.17594851879480958,-0.057217565255277394,0.15502818094912993,-0.06021659231471985,0.13088253287765472,0.13088253287765472,0.13174220302486694,0.19665900785641005,63.119763101629005,62.10984481094542,63.69402157005183,0.63119763101629,0.19647689080209443,0.17232547818161556,40.11343322,284.0350818309193,47838.33592056732,1082.37598355357,0.4121257684841228,19.795446828118976,2026-05-25 20:20:00,104,68.07043434810971,65.09013957952757,69.0643554002944,66.09205925096171,69.54700039798003,66.62051098401594
10,37.03447466914861,58.299623459243385,95.334098128392,84.1732330841287,70.0,0.4675759935944245,0.4767804728777323,1.0654895467831744,1.1050013212308625,0.04809024589826444,-0.0014086160017366886,-0.0698153442588938,AP0105,False,3,0.1252488804545329,-0.1252488804545329,0.25266031640998027,-0.14551088081886773,0.28190482649981474,0.01949051064185114,0.21251353447856003,-0.20591171864844224,0.218081889460722,0.10055389182414963,-0.030899211171724165,0.11329757882019284,0.06622419161836686,0.04920215843271018,0.045474501893735295,0.0958494196038634,0.05663016266307197,0.08972576217022901,0.15390382581547551,69.0643554002944,68.07043434810971,69.54700039798003,0.6906435540029441,0.12760228788210942,0.1817541581149464,39.4006275,283.14316729751994,45903.460706160426,1090.0051924843685,0.3938059925573944,19.056804340963552,2026-05-26 03:48:00,105,67.17760387452252,67.62401911131612,67.6954478007303,68.37990160051235,73.32948553261873,71.43824296529938
10,52.41737356139993,110.55708167912721,162.97445524052713,136.0100048856842,50.0,0.31357333154930545,0.32063935062875776,1.6170441087442777,1.6872419012692172,-0.030732474542454813,0.016573114460984306,-0.018888947055328176,AP0106,False,1,0.3431470516519461,-0.3431470516519461,0.18973987738169706,0.18973987738169706,0.21718079111318855,-0.21718079111318855,0.12369674382425705,-0.024052885590413672,0.21844111599277216,0.11279178850793428,-0.03922698777271142,0.2153305753567628,-0.2153305753567628,0.14979607136283138,-0.14979607136283138,0.06053573467477663,0.059608381283831294,0.13461354247557628,0.17652732923417422,67.6954478007303,67.17760387452252,73.32948553261873,0.6769544780073031,0.12178926482728442,0.20125625716541246,39.4006275,283.14316729751994,46018.7600593342,1094.1079152411723,0.40087325673488367,18.911860551082718,2026-05-26 11:34:00,106,67.5915418532535,67.38457286388801,68.37984972223518,68.03764876148274,74.73721283681844,74.03334918471859
10,61.23081001940561,111.49013937123874,172.72094939064436,170.07761656550767,90.0,0.43491719301654735,0.4412703312437337,0.6858249653266364,0.7557802941341709,-0.012568119895912527,0.013550648391370615,-0.09365128630629177,AP0107,False,4,0.23536472772554862,-0.23536472772554862,0.2784426887120097,-0.14928317028996888,0.4187482928562107,-0.024874584258527472,0.30810172981487977,-0.30810172981487977,0.3101643597771622,0.19408479841667792,-0.10851487676973971,0.15627007723406403,-0.10655463756949315,0.07569145656638437,-0.04212225938954309,0.07487662583851473,0.07035896690265292,0.12523073951391028,0.21769754964553623,68.37984972223518,67.5915418532535,74.73721283681844,0.6837984972223518,0.13869490189926387,0.1775066008783845,39.4006275,282.27078980022185,45243.753033484754,1122.6538684297482,0.3919119772531038,18.76389565917063,2026-05-26 19:40:00,107,71.2406149621665,69.41607840771,72.60709805321838,70.49347388772678,76.83114004378601,75.78417644030222
10,66.89807560617977,99.61750088944864,166.5155764956284,122.624088614642,80.0,0.47427251226299594,0.477523842964676,1.1064481409302935,1.1715567966470626,0.020902985934038165,0.007258730670399199,-0.0980717791546119,AP0108,False,1,0.2888902911634159,-0.2888902911634159,0.32090457904910724,-0.26213946914912784,0.3613063691872566,-0.16521377865201234,0.17568685606712467,-0.16830507572454548,0.28669702386672613,0.1417959939693869,-0.05546315630671221,0.06614986184775196,-0.05916039937341749,0.11239427013271935,-0.01868602226784965,0.07631776960277549,0.021455650621231868,0.09916447388815842,0.19293074887744227,72.60709805321838,71.2406149621665,76.83114004378601,0.7260709805321838,0.08508845228383212,0.18884056718398418,39.4006275,280.74412917995005,45857.656127347276,1050.4552958176146,0.3842571548501983,18.566964306049005,2026-05-27 02:45:00,108,73.70356116512347,72.47208806364499,75.2440608247891,73.92557943900374,73.69685732994002,75.263998686863
10,49.64183754876905,135.12259985753775,184.7644374063068,184.76443740630683,80.0,0.3868031461478662,0.3922308481780048,1.425876255980052,1.5058719437265267,-0.08988254114277044,0.0278946188652291,-0.0527698105619448,AP0109,False,1,0.33091780121338704,-0.33091780121338704,0.16421811232625594,0.024635941607721087,0.39123873317846547,0.09616472366178203,0.29408585441301266,-0.2543117993183564,0.2951151252827803,0.10549614892728537,-0.10549614892728537,0.31718452493034993,-0.31718452493034993,0.3067419940928245,-0.3067419940928245,0.219178645620495,0.219178645620495,0.2371503283927387,0.26613272683775946,75.2440608247891,73.70356116512347,73.69685732994002,0.752440608247891,0.0577214762631082,0.18983791548900067,39.40062749999999,280.74412917995005,45249.47359790917,1069.0604857469898,0.38237024847892825,18.7838621683141,2026-05-27 11:01:00,109,66.69683017951613,70.20019567231981,67.51394069607987,71.37900076043448,66.58205534659736,70.13945633826869
10,40.04063044707516,136.73667455184437,176.7773049989195,169.72388820002465,80.0,0.47905030748468047,0.4891575411254114,0.8214594863975035,0.9150502317620648,-0.012204786333407158,0.0173720084889932,-0.058928935160222184,AP0110,False,1,0.1632247456699689,-0.1632247456699689,0.1722517183459348,-0.1722517183459348,0.15559554204282924,-0.12308571361684674,0.131366751006273,-0.11993386883223534,0.1556096892662515,0.24989753512644386,-0.02237675316975566,0.22723623811079646,-0.17241708079431273,0.17985088010889394,-0.0791838398449145,0.14588687565942018,0.14256125779045284,0.20071788225138862,0.17816378575882003,67.51394069607987,66.69683017951613,66.58205534659736,0.6751394069607988,0.1345013874823783,0.19035920555682284,39.4006275,280.0890067803059,50567.49874231786,1095.693003670259,0.453398208690588,17.927828872727392,2026-05-27 18:29:00,110,59.00811082640783,62.85247050296198,59.95947216997236,63.736706433026114,56.50046303848369,61.54125919254052
10,41.91357775760977,316.8705343040025,358.7841120616123,358.78411206161246,90.0,0.4116910855981139,0.4306529102194688,0.6293867239388218,0.8266813639872648,-0.04483751178874723,0.03975897402909529,-0.04681244683683672,AP0111,False,2,0.23682795679352564,-0.23682795679352564,0.257760742022626,-0.205618188584153,0.3106764397466672,-0.21877279417244086,0.11663885579944666,-0.08280651574964652,0.2304759985905664,0.4603736996845883,-0.2528235661516369,0.38887947679254836,-0.37372335315702215,0.3727722831610166,-0.2261302207552333,0.15394493572329498,0.07892513590547687,0.34399259884036204,0.28723429871546424,59.95947216997236,59.00811082640783,56.50046303848369,0.5995947216997236,0.1756929522824832,0.22471232601779326,39.40062749999999,277.14095598190727,52409.62358101534,1142.146766225014,0.456403532873712,18.103944493242338,2026-05-28 01:52:00,111,69.61273870075898,64.3104247635834,70.280035285811,65.11975372789168,69.39358842565466,62.94702573206917
10,70.8066469588403,36.0165319288888,106.82317888772911,104.1155421173529,80.0,0.3870949581966339,0.3947705542369459,0.7104580645075005,0.7214278954167339,-0.02644901189198051,0.006144309162760896,-0.09668688546301907,AP0112,False,4,0.4061270495162351,-0.4061270495162351,0.31553255760092686,-0.15058287795655143,0.16720792412282567,0.049620577333552886,0.25100983862558535,-0.23373063090894533,0.28496934246639327,0.15789178882446603,-0.15789178882446603,0.07094457038348725,-0.014313263439665554,0.16559344471336418,-0.16559344471336418,0.14561563963820046,-0.11793927530925107,0.13501136088987947,0.20999035167813637,70.280035285811,69.61273870075898,69.39358842565466,0.70280035285811,0.14098359586201786,0.1562160512798722,41.05276577000001,277.14095598190727,53450.240636766845,1139.9229597130416,0.4527211154518183,18.646581527415137,2026-05-28 10:10:00,112,74.27826584080685,71.94550227078292,75.2067368896212,72.74338608771609,71.92181136326094,70.6576998944578
10,108.49719917319509,154.6161913540533,263.1133905272484,260.1575755414259,100.0,0.45154653623720986,0.46865684569576904,0.9903704187914928,1.0832632975440317,-0.057113436339120305,0.024631578832784787,-0.11865768238807672,AP0113,False,2,0.6079427584265528,-0.6079427584265528,0.4039727694997676,-0.4039727694997676,0.32399352632872463,-0.32399352632872463,0.31071967320365523,-0.31071967320365523,0.41165718186467504,0.17640737043064197,-0.17640737043064197,0.18001460249281595,-0.18001460249281595,0.0940861029813329,-0.027707159529262674,0.04622450293550272,0.0381282457312207,0.12418314471007338,0.2679201632873742,75.2067368896212,74.27826584080685,71.92181136326094,0.752067368896212,0.11336840477066262,0.13456422633312543,41.05276577,277.04004453378917,53124.690932794714,1085.298056190789,0.44632020876955797,19.195419524733445,2026-05-28 18:01:00,113,63.9268449257049,69.10255538325588,64.61897281426242,69.9128548519418,66.57168761416128,69.24674948871112
10,109.30060454859743,111.520817649262,220.82142219785945,212.387883451326,100.0,0.4556815761442879,0.46693242707710636,1.123967133711555,1.1934536093238597,-0.0318522534455023,0.016640185395370606,-0.16188422700968397,AP0114,False,3,0.5167153117477705,-0.5167153117477705,0.35224231214916973,-0.21144750156150569,0.25945662131131164,-0.06700490726716006,0.395373321354461,-0.3821962115315453,0.38094689164067824,0.17943200887819274,-0.09298953970511267,0.23595314096468284,-0.1539032100453459,0.09494619558158889,0.09494619558158889,0.26452787256341925,-0.08935956157214506,0.19371480449697093,0.2873308480688246,64.61897281426242,63.9268449257049,66.57168761416128,0.6461897281426243,0.15708538681302708,0.19672488504434868,41.05276577000001,276.0309300526082,53716.82960369027,1079.258538437595,0.4536784830583174,18.58028628230287,2026-05-29 01:56:00,114,64.39843472786895,64.16263982678691,65.30617057079391,64.96257169252817,59.95015318809327,63.26092040112727
10,89.80197535469945,78.89122769264048,168.69320304733995,157.89750720406323,90.0,0.48919639016534866,0.5016464580170564,1.1524662575587008,1.2006381915570745,-0.05746453363216955,0.017345889594506322,-0.08842620976991467,AP0115,False,3,0.47565767382199803,-0.47565767382199803,0.4196851107299607,0.03264692152644727,0.16992367430358665,-0.16992367430358665,0.1986407067301187,-0.1399986178042425,0.315976791396416,0.07187659501657774,-0.03798885898097831,0.282937901467485,-0.282937901467485,0.23653415317838816,-0.23541145340666408,0.07709177978829272,0.0378725228475013,0.16711010736268592,0.24154344937955094,65.30617057079391,64.39843472786895,59.95015318809327,0.6530617057079391,0.17933117655326905,0.16760711773879178,41.05276577,276.0309300526082,54284.8320969154,1083.7595191903692,0.4450218918192929,18.82271772323794,2026-05-29 09:59:00,115,70.22104856749674,67.30974164768284,71.17108673377778,68.23862865228585,67.14725879225685,63.54870599017506
10,122.49557508342903,598.8184923005626,721.3140673839916,711.9310045551338,100.0,0.34361844569817446,0.3927787274256013,-0.2203129969858324,0.18211952475585064,0.11322000688314887,0.04748973971404502,-0.14336951534694686,AP0116,False,1,0.6076338400992771,-0.6076338400992771,0.29158218797201824,-0.26219963302202814,0.3282060279257608,-0.14343038235967603,0.28162752719052786,-0.28162752719052786,0.377262395796896,0.1933347396602531,-0.10700190199757839,0.47221114454350177,0.4121830108188462,0.04522645317238211,0.01521057426998082,2.618977933192001,2.618977933192001,0.8324375676420346,0.6048499817194652,71.17108673377778,70.22104856749674,67.14725879225685,0.7117108673377779,0.1363934267501689,0.15189570591205312,41.05276577000001,276.0309300526082,51659.71124349173,1045.6502330124438,0.44877382740804,20.629883523387022,2026-05-29 17:41:00,116,60.67227998596772,65.44666427673224,61.25568977870816,66.21338825624298,62.83104429795205,64.98915154510445
10,123.69616396779008,154.66237801315054,278.35854198094063,242.73156415779476,50.0,0.3465477314873489,0.35074788450935224,1.1177339730441325,1.212812634103302,-0.04051118854348601,0.022264343120304703,-0.14841003342893433,AP0117,False,3,0.6649247859858594,-0.6649247859858594,0.24163589637894423,-0.11400187816259282,0.31261852932564976,-0.31261852932564976,0.1835695460358875,-0.1835695460358875,0.3506871894315852,0.18234306583535376,-0.15054066894389545,0.2826709554074359,-0.16484545285302601,0.12706888045564005,-0.10011819661366114,0.26094259404602743,0.17716928525417003,0.2132563739361143,0.28197178168384973,61.25568977870816,60.67227998596772,62.83104429795205,0.6125568977870816,0.18440033809326214,0.20304276411965624,41.05276577000001,275.6297972422721,52245.001442813766,1080.298526337233,0.43092513752529965,20.48251176979824,2026-05-30 01:42:00,117,64.61636722010667,62.64432360303719,65.27657038031192,63.26613007951004,68.64451032565773,65.73777731180489
10,92.8995855961938,490.8179692083853,583.7175548045791,583.7175548045791,80.0,0.4140619460156147,0.429071046221829,0.38474294848095353,0.6816956429329973,-0.0879014586567924,0.0631944422181997,-0.09412433741145382,AP0118,False,1,0.43788283231051645,-0.3968527930651029,0.26625473666335614,-0.19764042303678295,0.2562922502533964,-0.2562922502533964,0.1660637226535931,-0.05390204268810441,0.28162338547021554,0.5252873101050055,-0.38929359555607834,0.47980084114989857,-0.4790782733120869,0.5887139227250198,-0.5887139227250198,0.7391294423847218,0.7391294423847218,0.5832328790911614,0.43242813228068844,65.27657038031192,64.61636722010667,68.64451032565773,0.6527657038031193,0.15591018673349127,0.19132410946338943,41.05276577,275.6297972422721,51412.35596637179,1158.6820250936864,0.4563143851702192,20.429463765490603,2026-05-30 10:31:00,118,66.71193248568531,65.66414985289599,67.34192726605917,66.30924882318556,62.90352845065186,65.7740193881548
10,57.59492762533449,130.54468347778516,188.13961110311965,188.1396111031196,80.0,0.4099414223451004,0.43156182419051625,0.75176393691954,0.838778462818468,0.00726900489888288,0.013094502627265185,-0.063232936409167,AP0119,False,0,0.33526130934640314,-0.33526130934640314,0.11664231055957758,-0.10772672046724063,0.23703148817876787,-0.16543636640041634,0.15062544233686523,-0.11371323153509488,0.20989013760540345,0.36167796072953917,-0.06165839555956509,0.21220550010357325,-0.21220550010357325,0.2856062247766198,-0.2247690526390208,0.6145658103653586,0.5746449668913893,0.3685138739937727,0.2892020057995881,67.34192726605917,66.71193248568531,62.90352845065186,0.6734192726605918,0.1747367886643327,0.1518439386750755,41.05276577000001,275.447265115845,52035.236824081214,1101.0213462559154,0.45657286667561,20.626335178475536,2026-05-30 17:59:00,119,67.99647941835006,67.35420595201768,68.49535442370555,67.91864084488236,70.40181745875891,66.6526729547054
10,90.03880959889622,87.68455063496626,177.72336023386248,177.72336023386316,90.0,0.47596744408726216,0.4868357464452515,0.6203915371925588,0.6750294787901465,-0.019691969415591398,0.012205239903641876,-0.11856940618590595,AP0120,False,3,0.35042719748548334,-0.35042719748548334,0.31297810463332615,-0.11102239887126598,0.13438359229844538,-0.0036931029470807877,0.3272542688166495,-0.3272542688166495,0.2812607908084761,0.08008078880127113,-0.06409632600811864,0.16795399715885506,-0.08590406623951792,0.21577460981496838,0.05220572775019684,0.07967047479717296,0.07967047479717296,0.13586996764306689,0.2085653792257715,68.49535442370555,67.99647941835006,70.40181745875891,0.6849535442370555,0.14950643077353729,0.16554002498940718,41.05276577,274.96051277870623,51384.63935422062,1051.5277619754393,0.45943370915615606,20.12500243507925,2026-05-31 02:17:00,120,66.75667092196463,67.37657517015734,67.45212522669513,67.97373982520034,64.38597487413709,67.393896166448
10,87.40448633808576,41.359180608973006,128.76366694705877,128.76366694705882,70.0,0.46776937463639773,0.47466299621764285,0.8182268974812804,0.8391946300281143,-0.032099714287549486,0.0087138664752682,-0.06406574258449071,AP0121,False,4,0.656925044938171,-0.656925044938171,0.5713494512606145,0.4381359960335376,0.5284327892870714,0.4887293616522721,0.33260903509582207,-0.3301606540711746,0.5223290801454197,0.06362518547871726,-0.06362518547871726,0.1339798000668051,-0.1339798000668051,0.14263415029772036,-0.14263415029772036,0.10068609802875,-0.10068609802875,0.11023130846799818,0.31628019430670895,67.45212522669513,66.75667092196463,64.38597487413709,0.6745212522669514,0.14098574866345623,0.18449299906959235,41.05276577,274.96051277870623,52388.14829772672,1050.1652119546623,0.4492593578271692,20.257209409666416,2026-05-31 09:59:00,121,69.55998775272788,68.15832933734626,70.19702705991743,68.82457614330627,67.78579603835547,66.08588545624627
10,134.8393280639638,93.12020881524077,227.95953687920456,219.69755164570074,90.0,0.4163796232274479,0.4229482709882685,0.8526560311535907,0.9077506516809384,-0.01791591977278234,0.011988594466359595,-0.14678535908663948,AP0122,False,4,0.6726541048417084,-0.6726541048417084,0.22821332019792917,-0.17817622841653757,0.1763565602474537,0.13665313261265502,0.3512866450088623,-0.3512866450088623,0.3571276575739884,0.12600751874544508,-0.12600751874544508,0.13234216380166514,-0.052629156170882097,0.1199771970877645,0.008436987206368027,0.0786381453882746,0.07510555455592735,0.11424125625578732,0.23568445691488787,70.19702705991743,69.55998775272788,67.78579603835547,0.7019702705991743,0.1415617786559881,0.15646795074483746,41.05276577,274.96051277870623,51734.02401316814,1111.2389610719163,0.4581358469623688,20.559546987471666,2026-05-31 17:39:00,122,70.14900140914891,69.8544945809384,71.38927536616988,70.79315121304366,67.32431137186096,67.55505370510821
10,52.84367661855485,136.355669294571,189.19934591312585,185.34488750992193,90.0,0.4499982421239611,0.46049471177642765,0.5384619747017557,0.6177019380148225,0.003801300598556656,0.012387300938343206,-0.07966628369663398,AP0123,False,2,0.20392491584431158,-0.20392491584431158,0.31946134206177057,-0.2517402114540334,0.24919449914029104,-0.11999696495944441,0.25976668363870653,-0.25976668363870653,0.2580868601712699,0.2037221558458708,-0.2026659227300129,0.1510105290021571,0.1510105290021571,0.265683894480975,0.265683894480975,0.13821612414596063,0.13821612414596063,0.18965817586874087,0.2238725180200054,71.38927536616988,70.14900140914891,67.32431137186096,0.7138927536616989,0.09711335760622933,0.1889938887320717,41.38141076,274.4602209748508,52159.96908759666,1098.9078879728906,0.4499688509084896,18.593151977366293,2026-06-01 01:19:00,123,69.49960314497643,69.82430227706267,70.91459476986874,71.15193506801931,68.00491329730613,67.66461233458355
10,68.52110829780544,93.62951127546857,162.15061957327404,147.6426049308718,80.0,0.47039855856293755,0.48278321557202963,0.7410662566579886,0.7981274044449933,-0.06368052482329234,0.0198262188194248,-0.08724457463954727,AP0124,False,3,0.33207445574735656,-0.33207445574735656,0.2684780594503642,0.11469969854591601,0.2840932133342556,0.1632484631538004,0.3284477184973023,-0.3284477184973023,0.3032733617573196,0.12477895285838546,-0.03833648368530543,0.249878261160613,-0.249878261160613,0.17740136318713115,-0.11808850432029261,0.11719559806286277,0.11620236732780366,0.16731354381724808,0.2352934527872839,70.91459476986874,69.49960314497643,68.00491329730613,0.7091459476986873,0.12545983982435388,0.16539421247695874,41.38141076,274.4602209748508,52354.15835962891,1056.5649269132987,0.4535814386108877,18.445777509375276,2026-06-01 09:24:00,124,64.00234748194958,66.75097531346302,64.66488603060837,67.78974040023856,68.6474340841311,68.32617369071862
10,38.652059764850435,29.53038686570244,68.18244663055287,64.8114797318118,70.0,0.46589874385091906,0.4698143294065266,0.7246943426682888,0.7435251686110326,0.011766066276948373,0.0011600590584228965,-0.014441104926065929,AP0125,False,2,0.32065557818774404,-0.32065557818774404,0.11851363188099817,0.11851363188099817,0.29636745318408747,0.12961784055780193,0.1668331309686921,-0.13243660314830166,0.22559244855538046,0.03558005433119073,-0.03558005433119073,0.0668260148448146,0.0668260148448146,0.09481158863441005,0.09481158863441005,0.031346698268566515,0.031346698268566515,0.057141089019745475,0.14136676878756296,64.66488603060837,64.00234748194958,68.6474340841311,0.6466488603060837,0.19046399806576092,0.16288714162815537,41.38141076,274.4602209748508,50096.788698399156,1075.9875306127615,0.4383808381532993,18.533204957102487,2026-06-01 17:03:00,125,64.54368986571316,64.27301867383137,64.97174973309644,64.81831788185241,73.85278442260179,71.25010925336645
10,44.551153808525115,112.32792845796615,156.87908226649125,139.30418374658214,70.0,0.4094008321850377,0.41990790175011555,0.705215459601241,0.7735887333774326,-0.08096413552023801,0.024521742084799597,-0.04901182763477957,AP0126,False,1,0.28107271972681513,-0.28107271972681513,0.2221951653852048,-0.03279990955583561,0.24806820546009048,-0.15002191019246833,0.1612692371939853,-0.13840347284590715,0.22815133194152393,0.08720412064865303,-0.04931079272515728,0.3228215941639917,-0.3228215941639917,0.2700979765233813,-0.2700979765233813,0.13933250351950702,0.13933250351950702,0.20486404871388325,0.2165076903277036,64.97174973309644,64.54368986571316,73.85278442260179,0.6497174973309645,0.10105017716390223,0.2492323255051333,41.38141076,274.4602209748508,49527.611295865885,1069.233651616648,0.4419920896809352,18.717351610358044,2026-06-02 00:40:00,126,68.14158472233768,66.34263729402542,68.99600333422,66.98387653365822,73.76050201273934,73.80664321767057
10,32.42642766206697,93.3055011322874,125.73192879435437,123.78581022790826,60.0,0.4003432706163791,0.4037746323182406,0.7013210742403465,0.7583565082438247,-0.07174606133281192,0.021146386754727402,-0.03645732979805727,AP0127,False,0,0.22501786644801483,-0.22501786644801483,0.11538610481697609,0.038324841632274384,0.1683166938196007,0.13622597378636273,0.10501041219448472,-0.10501041219448472,0.15343276931976907,0.06290969027500742,0.013270547829604809,0.46254578303383115,-0.44608916360924405,0.5085237125703808,-0.5085237125703808,0.355295858228115,0.355295858228115,0.34731876102683357,0.2503757651733013,68.99600333422,68.14158472233768,73.76050201273934,0.6899600333422001,0.12968348784886813,0.18035647880893171,41.38141076,274.4602209748508,49185.67391763965,1026.4257830612594,0.42717918870173693,18.70596077879319,2026-06-02 08:45:00,127,62.774861258594825,65.45822299046625,63.3889067796939,66.19245505695696,68.41396126382946,71.08723163828441
10,48.86910015400693,112.25506391354969,161.12416406755662,139.1088093147241,90.0,0.46874587152223474,0.472982589989432,0.8799414440258053,0.953019414265976,0.0050671968293917735,0.011167614681572902,-0.05472826215341986,AP0128,False,2,0.2755653392520974,-0.2755653392520974,0.22774855868611696,-0.02022600929263928,0.28227358501745653,-0.02555788165628319,0.29252543679310167,-0.28144348765494226,0.2695282299371931,0.1030337194172114,-0.04947160413369049,0.17899192096851713,-0.028942287823975232,0.18216762087566063,0.09632079643968441,0.21109833506218084,0.21109833506218084,0.16882289908089249,0.21917556450904283,63.3889067796939,62.774861258594825,68.41396126382946,0.633889067796939,0.16629229278493315,0.1998186394181278,41.38141076,274.4602209748508,51270.47075191772,1018.5289485590123,0.4345396019610455,17.759600227629367,2026-06-02 16:16:00,128,68.21774553302862,65.49630339581172,68.80948984907785,66.09919831438587,68.03464219956575,68.22430173169761
10,67.88267701610725,64.51695842415168,132.39963544025895,119.5820001440461,90.0,0.46196895189777265,0.4707437374117041,1.7548534293993363,1.7908330200849072,-0.05889088028887668,0.015578074051633403,-0.09032220267276059,AP0129,False,2,0.35522372539968955,-0.35522372539968955,0.30854375717598226,-0.14483674089599388,0.16030405498766345,-0.1565019162132004,0.4057725189122325,-0.39050119158906327,0.30746101411889193,0.08759038997879556,-0.08343544832799926,0.19231693103931904,-0.19231693103931904,0.12246816089439658,-0.03966798448948714,0.10733558392233668,-0.10733558392233668,0.12742776645871196,0.21744439028880194,68.80948984907785,68.21774553302862,68.03464219956575,0.6880948984907787,0.15865155249540888,0.15325354901381252,41.38141076,274.5824252361882,52305.35334575057,1052.0477690925456,0.4346124916311828,18.18426419409989,2026-06-02 23:55:00,129,75.35219497500168,71.78497025401515,76.22740468599622,72.51844726753703,71.07622560006737,69.55543389981656
10,53.05307195010438,69.1946438973753,122.24771584747968,114.61567509421123,90.0,0.421697610880509,0.4279847522782987,0.4279097051879484,0.46904781935873335,0.00422649461130159,0.0060610212741352,-0.027239135258245284,AP0130,False,1,0.3909625671550716,-0.3909625671550716,0.30932355924832056,0.1818421599933376,0.28189240020053385,0.16666186072150194,0.25936536410105254,-0.25936536410105254,0.3103859726762446,0.11980653851458066,-0.08625079767093188,0.15217114317311162,-0.005239200058970654,0.14284694765458678,-0.04799418082542699,0.08845902269790967,0.08845902269790967,0.12582091301004716,0.2181034428431459,76.22740468599622,75.35219497500168,71.07622560006737,0.7622740468599623,0.1474980397359847,0.09022791340405302,41.0326916,274.59464566232197,52331.02867517031,1056.3209058303942,0.4495352784770983,18.915000076629056,2026-06-03 07:38:00,130,63.4774572506526,69.41482611282714,64.63338094067147,70.43039281333384,63.94858050440945,67.51240305223841
10,59.803703679486006,90.87750865658451,150.68121233607053,149.17336320862483,70.0,0.46743122234214385,0.473363638737575,0.7979371466266059,0.8522460175211395,-0.020646092423089013,0.012307875750020118,-0.060255724738084715,AP0131,False,3,0.34289416378866244,-0.34289416378866244,0.15999002143207805,-0.06698926552742593,0.14314423359256148,0.14314423359256148,0.12740762540400105,-0.014846919993713278,0.19335901105432576,0.1137952588463014,-0.1137952588463014,0.13622200090526856,-0.05417206998593124,0.11834407178456371,0.008322143239148004,0.07928976957931458,0.075727906418226,0.11191277527886206,0.15263589316659393,64.63338094067147,63.4774572506526,63.94858050440945,0.6463338094067148,0.18237273938928994,0.17129345120399528,41.0326916,274.59464566232197,53468.27049216885,1052.7609383994645,0.4586717319502669,20.874142063839294,2026-06-03 15:26:00,131,65.09369702857832,64.28557713961546,65.88374795030101,65.25856444548624,66.83393737428527,65.39125893934735
10,57.02740252154085,177.49992007637394,234.5273225979148,182.4531844387064,90.0,0.5051773047857612,0.5117357296248104,1.0309293762465346,1.1315542825981904,-0.05666235253788671,0.025827136106657204,-0.08330513560659525,AP0132,False,2,0.24775819486433756,-0.24775819486433756,0.1947278400786162,-0.16548712231915255,0.226295881989976,-0.12926987336036697,0.3484303093621958,-0.3484303093621958,0.2543030565737814,0.24623215056924355,-0.24623215056924355,0.13800141539577565,-0.13800141539577565,0.031087205482243207,-0.031087205482243207,0.10355560051934999,-0.10355560051934999,0.1297190929916531,0.19201107478271723,65.88374795030101,65.09369702857832,66.83393737428527,0.6588374795030101,0.16419425781231864,0.17696826268467128,41.0326916,273.81822073059703,54943.04457083873,1100.1742830906155,0.46549438676270094,23.881822855714812,2026-06-03 23:35:00,132,67.71870050873771,66.40619876865802,68.47738955075236,67.18056875052669,60.13072159156004,63.48232948292265
10,91.7479841952502,36.297197801101,128.0451819963512,113.52417555519952,80.0,0.4288293604079814,0.4414491822780861,1.1809139363339227,1.2029456257281348,-0.02388325636351296,0.007539399960217588,-0.03320282392921392,AP0133,False,4,0.7057547865695958,-0.7057547865695958,0.3354455475689753,0.3354455475689753,0.23660040612135544,0.1932185279235844,0.4010196620775465,-0.20489337070943234,0.4197051005843683,0.0406671650750625,-0.0406671650750625,0.07993541080258551,-0.07993541080258551,0.022607851893641628,0.010961345283199687,0.0022588294679315333,-0.0022588294679315333,0.0363673143098053,0.22803620744708678,68.47738955075236,67.71870050873771,60.13072159156004,0.6847738955075235,0.15653739014782722,0.15868871434464923,41.03269160000001,273.74057823742453,53704.59416627498,1057.50590167338,0.4685355066900572,21.737340096851792,2026-06-04 07:53:00,133,60.995141181853725,64.35692084529572,61.91397879590847,65.19568417333042,60.674576707861654,60.40264914971085
10,59.00056091607428,27.697028500848763,86.69758941692304,82.47947244404986,80.0,0.47779422789929493,0.48547899979148335,0.5386046020004553,0.5612579243329121,0.019118342339203204,0.0005804564849349117,-0.0669953302516263,AP0134,False,0,0.31850496717837506,-0.31850496717837506,0.11202537853514428,-0.056654085731260545,0.1836536559183077,0.09783962882594184,0.18930330729087286,-0.18930330729087286,0.20087182723067498,0.12457298968429206,0.028123173344961706,0.1226234292003187,-0.0015269804718858124,0.13565709402140871,0.021151606784233005,0.09128201890732945,0.07829697331033253,0.11853388295333722,0.1597028550920061,61.91397879590847,60.995141181853725,60.674576707861654,0.6191397879590848,0.2624060765348126,0.11845413550610256,41.0326916,273.74057823742453,53875.74462594393,1051.7714761511359,0.45950384043002307,21.417525864288617,2026-06-04 15:53:00,134,61.91634357671901,61.45574237928636,62.26040941233482,62.08719410412165,60.77903290795892,60.726804807910284
10,65.26593936180473,569.3536150198242,634.6195543816291,608.4431213467872,100.0,0.4000369008949486,0.44782380854424514,0.7385246209042233,1.1091957710265115,0.01328871037589488,0.05868348764308591,-0.07314620773967906,AP0135,False,3,0.4000147247897206,-0.4000147247897206,0.3800697183082143,0.2680079536369749,0.2599723225150811,0.1315668315963937,0.3770471231596359,-0.3038590263891561,0.354275972193163,0.31558233026966753,-0.11646597075211262,0.6138361918712456,-0.6138361918712456,0.7806975995917286,-0.779574899820004,1.4095433638137234,1.3703241068729306,0.7799148713865913,0.5670954217898772,62.26040941233482,61.91634357671901,60.77903290795892,0.6226040941233482,0.19058083127654157,0.18681507460011024,41.0326916,273.74057823742453,53480.02171937088,1095.756022925879,0.46659503277211295,21.64051707186395,2026-06-04 23:43:00,135,67.21324609494278,64.5647948358309,68.06820204907228,65.16430573070355,66.26462714800849,63.521830027983704
10,71.98939046275908,85.55210402972418,157.54149449248322,156.5401290773757,90.0,0.3729547339107189,0.37596254224179376,0.4817605681530902,0.530465627849678,-0.03850213097657945,0.0143197357427204,-0.07219731691606857,AP0136,False,1,0.4310679902718327,-0.4310679902718327,0.2815770094096422,-0.03396777603042674,0.17287584712023882,-0.14036601869425633,0.28604069182857117,-0.23829528267531982,0.2928903846575712,0.16206810335369543,-0.16206810335369543,0.10556276425940236,-0.02500149073362465,0.08099833412315359,0.08099833412315359,0.03621392812741835,0.029562692389483024,0.09621078246591744,0.19455058356174432,68.06820204907228,67.21324609494278,66.26462714800849,0.6806820204907228,0.1763479427278335,0.14297003678144365,41.0326916,273.74057823742453,55231.699890580225,1048.1262686629425,0.4653917390629137,23.079390703839515,2026-06-05 08:01:00,136,69.94308087499658,68.57816348496968,70.88639124036565,69.47729664471896,70.19069054004835,68.22765884402841
10,66.04807058236554,94.92072211675631,160.96879269912185,152.8637157079151,80.0,0.4416934779508518,0.45559210069203937,1.179577693434047,1.242634801080519,-0.00469782321334003,0.011125604410478204,-0.09839808826947516,AP0137,False,4,0.17921128814429874,-0.17921128814429874,0.36004789952847993,-0.36004789952847993,0.214222782080378,-0.21039695910358838,0.24994903767331286,-0.24994903767331286,0.2508577518566174,0.18683471761907014,-0.051099313591035506,0.22641722121030694,-0.1539820067996247,0.21852454247173111,-0.06060136166010796,0.13394036501744233,-0.022390591251504527,0.19142921157963763,0.22114348171812753,70.88639124036565,69.94308087499658,70.19069054004835,0.7088639124036565,0.16769689414483432,0.12343919345150926,41.03269159999999,273.74057823742453,53588.81599624463,1033.3842489013325,0.4600552751851778,21.617417911705886,2026-06-05 15:58:00,137,58.21917483019654,64.08112785259657,58.625967158488876,64.75617919942727,66.41331734201157,68.30200394102997
10,57.96259045995775,103.93094721130078,161.8935376712585,149.5064295164583,90.0,0.5189494220091624,0.5324420352122486,0.9364212844519954,0.9984496453729503,-0.0628597759163736,0.0205070832245203,-0.09966297774817368,AP0138,False,4,0.2818358382686703,-0.2818358382686703,0.20912737060879236,0.02816230903863029,0.4032716538756466,0.35586913021490174,0.29706619522811,-0.29706619522811,0.29782526449530483,0.0808908832727279,-0.0808908832727279,0.2957235720784402,-0.2957235720784402,0.23323362412928905,-0.23323362412928905,0.027025252562885987,0.027025252562885987,0.1592183330108358,0.22852179875307033,58.625967158488876,58.21917483019654,66.41331734201157,0.5862596715848888,0.16216104186555,0.25157928654956124,41.44016997999999,272.85249457071365,52260.1209954087,1016.1633256258999,0.4610087003398483,20.447089516052444,2026-06-05 23:38:00,138,69.44627772115354,63.83272627567504,69.90259533159339,64.26428124504113,70.23351373976759,68.32341554088958
10,98.77867018964703,126.43961918040358,225.21828937005063,213.02332694363008,80.0,0.41927284814571086,0.4215102691135096,1.0329815014634867,1.1179786741124886,0.02836964342705678,0.009298444864030427,-0.10554281757362932,AP0139,False,4,0.6370176023309451,-0.6370176023309451,0.06793747530891873,0.02765369703966712,0.25333024717568675,0.25333024717568675,0.2763992668589731,-0.2763992668589731,0.30867114791863093,0.20656771875417743,-0.05695214882047268,0.06631247833820816,-0.04401492035968663,0.05727869636997081,0.05727869636997081,0.1926352768900647,0.15020574329078273,0.13069854258810526,0.2196848452533681,69.90259533159339,69.44627772115354,70.23351373976759,0.699025953315934,0.1551656425382727,0.14580840414579335,41.44016997999999,272.7636862040426,52227.77282069866,1041.3924854555974,0.45445223391069817,18.471812496073056,2026-06-06 07:42:00,139,68.84378136709238,69.14502954412296,69.96473877301716,69.93366705230528,70.76614668924803,70.49983021450781
10,95.52713356491276,106.0700209297829,201.59715449469567,198.85941034088012,90.0,0.4691491073962603,0.47969549938455,1.0549776051752704,1.1293226411659982,0.008210338677546947,0.0108595562090609,-0.13795485895019038,AP0140,False,1,0.4111140203620118,-0.4111140203620118,0.38557622818258935,-0.38557622818258935,0.18563073542371766,-0.181788614881044,0.34921708966599185,-0.2745798615525927,0.3328845184085777,0.1437778637069085,0.02874917539982232,0.20535376723324417,-0.20535376723324417,0.19927643675085077,-0.13240296920911737,0.05684072726213041,-0.019026310281687372,0.15131219873828347,0.24209835857343057,69.96473877301716,68.84378136709238,70.76614668924803,0.6996473877301715,0.16142410172786467,0.13892851054196384,41.44016997999999,272.7636862040426,50535.689271086994,1030.8162432630772,0.4557705988717213,17.511157559094748,2026-06-06 16:06:00,140,61.34493885522402,65.0943601111582,62.295206859461196,66.12997281623917,67.08000764224131,68.92307716574467
10,58.042244503115924,176.25288649769766,234.29513100081357,171.46859461067538,90.0,0.4949184421880702,0.5043841156716394,1.2070387392749555,1.3274599921884174,0.03698062904476451,0.0137012518667812,-0.06752829108031033,AP0141,False,1,0.3281988550393579,-0.3281988550393579,0.15257678203566005,-0.06442911718569047,0.22236848479602625,0.10428022943282263,0.30777078316653494,-0.30777078316653494,0.2527287262593948,0.15446972447347623,0.023947115112987624,0.18332527721525965,-0.16865400184010385,0.21370896892297203,-0.09894893858863155,0.12848282457327873,0.12848282457327873,0.16999669879624668,0.21136271252782074,62.295206859461196,61.34493885522402,67.08000764224131,0.6229520685946119,0.18131005513707854,0.19573787626830955,41.44016997999999,272.1954292495939,52237.44187222516,1028.8349385777306,0.4565063749705776,20.807289398289523,2026-06-06 23:45:00,141,72.7087098384054,67.0268243468147,73.55770200610748,67.92645443278434,65.74364385924055,66.41182575074093
10,123.13912294805306,455.23331251897406,578.3724354670271,578.3724354670269,80.0,0.4275221676468,0.45366837460097803,0.6275108437046426,0.9130044982747862,-0.031925428706002734,0.05212136014386642,-0.13392391264113168,AP0142,False,1,0.6457382254565535,-0.6457382254565535,0.36447298386275606,-0.1512803872745954,0.2892168524534227,0.031247502296256346,0.34760633287981824,-0.34760633287981824,0.4117585986631376,0.712451570151086,-0.2508477213811536,0.615483078215101,-0.615483078215101,0.4016019900499572,-0.3781156333064266,0.5498742490403559,-0.026590104710751072,0.569852721864125,0.49080566026363126,73.55770200610748,72.7087098384054,65.74364385924055,0.7355770200610748,0.12331821292353863,0.14110476701538643,41.44016997999999,272.13860355414903,53305.229133681954,1060.5887339529493,0.45709156015989005,19.782185409408854,2026-06-07 07:49:00,142,71.78918788350337,72.24894886095439,72.47417241213776,73.01593720912263,66.0579465681609,65.90079521370072
10,47.89942159035181,31.851762742801895,79.7511843331537,79.75118433315362,100.0,0.43707209979931133,0.4474903366509091,0.950841132784178,0.9734774567205337,-0.011693772509514866,0.005637125853180706,-0.04096614625313122,AP0143,False,0,0.18744392722787276,-0.18744392722787276,0.3778282910538624,-0.3778282910538624,0.362549546124534,-0.362549546124534,0.10540516394254712,0.10497164106878909,0.25830673208720406,0.13108395158639521,-0.0011449007064249783,0.17589591390590503,-0.09368388586906976,0.10881159604558883,-0.013505779214474106,0.09936130122466233,0.05842945928206598,0.12878819069063785,0.19354746138892095,72.47417241213776,71.78918788350337,66.0579465681609,0.7247417241213775,0.12224949083485147,0.15300878504377086,41.44016997999999,272.13860355414903,51262.44722890237,1063.1621949121165,0.4567515505594152,18.80748125875001,2026-06-07 15:50:00,143,69.36942509591199,70.57930648970768,69.91445579487271,71.19431410350523,72.63356061147158,69.34575358981624
10,77.28908977724129,202.98246732279813,280.27155710003944,280.27155710003933,90.0,0.44811165811126824,0.4657737153632707,0.8160269176734545,0.9549697125296954,0.11388282083601603,0.004114938262762699,-0.09052441315891646,AP0144,False,3,0.43776725727551224,-0.43776725727551224,0.19634161853949283,0.13620865078944308,0.25414988831501556,0.23517708002996326,0.2833611487833931,-0.265202614145641,0.29290497822835343,0.16459748140436678,-0.07690701821815843,0.3073055578560018,0.3073055578560018,0.5451924231034776,0.5451924231034776,0.4337255351284237,0.4337255351284237,0.3627052493730675,0.3278051138007104,69.91445579487271,69.36942509591199,72.63356061147158,0.699144557948727,0.13527356072565505,0.165581881325618,41.44016997999999,271.23238282865293,51967.2719913975,1051.6714579327452,0.45751359326940094,19.42147477310449,2026-06-07 23:20:00,144,64.20639493664603,66.78791001627901,64.86719646914743,67.39082613201006,65.54895759982028,69.09125910564593
10,25.56057555548591,141.63957144334174,167.20014699882765,105.31370961745154,60.0,0.37189716623650393,0.37083623369138535,0.8265626678576177,0.913383477521077,-0.036784407622905524,0.020296423199731496,-0.012052212730615408,AP0145,False,2,0.17330474786530867,-0.17330474786530867,0.11000168876760123,-0.06950165227889198,0.10481320514631265,-0.07264167959507507,0.014151248736913827,0.012202027724414177,0.10056772262903409,0.12476175947182057,-0.12476175947182057,0.11766261633491018,-0.11766261633491018,0.07814182260626076,0.07814182260626076,0.10472742330932189,0.09762186390441524,0.10632340543057835,0.10344556402980623,64.86719646914743,64.20639493664603,65.54895759982028,0.6486719646914743,0.20858118014294943,0.1427468551655763,41.44016997999999,271.0310004452093,52793.76097980065,1058.8452669182263,0.45870914595483725,21.01456028816304,2026-06-08 06:59:00,145,72.30912519264164,68.25776006464383,72.80955270837866,68.83837458876305,72.39769974671458,68.97332867326743
10,57.994348959408,44.36952667003656,102.36387562944455,102.36387562944469,80.0,0.42171544167727004,0.4257052576935786,0.6213935338375542,0.6546751216829376,0.016813864182917526,0.002704059714690593,-0.041718980614858014,AP0146,False,0,0.2902296285858013,-0.2902296285858013,0.14400844090735124,-0.09463891759855066,0.18936214112085784,-0.06417708459126062,0.012908606429534245,0.0008085035961317004,0.15912720426088617,0.15434876163521263,0.022517666951048884,0.22145870596047418,-0.04812109381450024,0.07097529423047795,-0.06984513376187508,0.18098346998915643,0.14005162804656007,0.1569415579538303,0.15803438110735823,72.80955270837866,72.30912519264164,72.39769974671458,0.7280955270837866,0.1510173431319196,0.12088712978429397,41.44016997999999,271.0310004452093,51660.094354996756,1038.0709859234898,0.45859646483680727,19.46967055480027,2026-06-08 14:48:00,146,72.32712376780174,72.31812448022168,72.96307508304407,72.88631389571137,69.37457559199119,70.88613766935288
10,165.29797793855346,74.05539034401687,239.35336828257033,238.75537671925838,80.0,0.377848664910622,0.40273285786743607,1.178570175944119,1.226358704229525,0.027706984982332095,0.0032974619545276945,-0.018703823905284023,AP0147,False,1,1.4474883543751036,-1.4474883543751036,1.0354287116567005,0.9758339877930818,0.5621894791539479,0.5186227991442821,0.5208333229472758,0.2958605541993486,0.891484967033257,0.08652269786221727,-0.04102336253348508,0.14874935614185103,0.027091791540008292,0.10067264442066823,-0.0302165000555972,0.13767364399904072,0.13767364399904072,0.1184045856059443,0.5049447763196007,72.96307508304407,72.32712376780174,69.37457559199119,0.7296307508304408,0.13062973226723745,0.1397395169023218,41.44016997999999,270.93203514646825,53094.782469922975,1059.813473418545,0.46228140576424076,19.970811793606657,2026-06-08 22:15:00,147,76.62172674882521,74.47442525831347,77.68774908452457,75.32541208378433,83.96749016057052,76.67103287628086
10,119.4595969298295,36.86101697142439,156.3206139012539,148.7746183283553,70.0,0.2944948417712003,0.3018008757597055,0.5989599328807746,0.6229685024240549,0.0769765862080487,-0.008697539682228,-0.0540723695044959,AP0148,False,0,0.8463962459195837,-0.8463962459195837,0.4509884196812696,0.17450956061741318,0.3907949953104099,0.37209616944322765,0.20804196283512846,0.19464558209870397,0.47405540593659795,0.02879071460767786,-0.02879071460767786,0.14713782521663746,0.14713782521663746,0.0723505084611298,-0.0723505084611298,0.2512126638679455,0.2512126638679455,0.12487292803834765,0.2994641669874728,77.68774908452457,76.62172674882521,83.96749016057052,0.7768774908452458,0.06271633759977725,0.16040617155497708,41.44016997999999,270.8754835471877,52384.94078587466,1095.5816877713694,0.4589133933756991,20.08734332401703,2026-06-09 06:13:00,148,74.04355972815453,75.33264323848988,74.86081370884254,76.27428139668356,81.09581413475384,82.53165214766219
10,18.382464902694466,140.32350067103937,158.70596557373383,157.51218090369707,80.0,0.3761792075284064,0.38416053434354264,0.6923097574272772,0.7761759634236672,-0.01088554282788623,0.015558579445693985,-0.0055773760909300085,AP0149,False,0,0.1503450646374402,-0.1503450646374402,0.1328589696183542,0.04001092541879481,0.11095725916669558,-0.019248104755121512,0.05782316458674786,0.05782316458674786,0.11299611450230947,0.1795339708012069,-0.11031227097706878,0.5430504526487681,-0.2826144098632703,0.41627027747492634,-0.41627027747492634,0.7046205970568696,0.7046205970568696,0.46086882449544275,0.28693246949887613,74.86081370884254,74.04355972815453,81.09581413475384,0.7486081370884256,0.11701672311043158,0.13437513980114288,41.44016997999999,270.8754835471877,53418.194838042975,1052.0324167008607,0.4641212926422356,21.331714893642914,2026-06-09 13:50:00,149,67.61072369018586,70.8271417091702,68.49495300566005,71.67788335725129,70.3328094370143,75.71431178588406
10,159.97279571701367,44.35361686361934,204.326412580633,193.34377167163416,90.0,0.4242797639927202,0.4293189488834308,1.3947907122736716,1.4338182060262008,0.05834042260406397,-0.003171252684981085,-0.1489769853259747,AP0150,False,0,1.2316571039206565,-1.2316571039206565,0.5382007564972483,0.5382007564972483,0.832610041547035,0.832610041547035,0.35450145036101754,-0.3237519326140293,0.7392423380814894,0.12922734973381975,0.09569020632235667,0.20021697116453746,0.10195396603081605,0.08763170718905645,0.07606739116450677,0.26431691670097734,0.2633059182323503,0.17034823619709774,0.45479528713929357,68.49495300566005,67.61072369018586,70.3328094370143,0.6849495300566005,0.16398575754777134,0.15106471239562816,38.68303051,270.8754835471877,46513.654526052946,1042.8925110746993,0.44776651722307564,19.66351859091643,2026-06-09 21:27:00,150,56.22324531862023,61.91698450440305,57.404971526154746,62.9499622659074,63.15910533862588,66.74595738782008
10,92.3062674095232,71.85758527128365,164.16385268080685,153.55018769442955,70.0,0.4772669157771496,0.4916798118430825,0.7151877383859297,0.7573408401140618,-0.03184796905432785,0.01215124314982921,-0.029821997036531545,AP0151,False,4,0.6446430922903631,-0.6446430922903631,0.18764671501487964,0.18764671501487964,0.4682376669930168,0.41229220146937223,0.10269315159527341,0.10269315159527341,0.35080515647338323,0.05941129543042952,-0.05941129543042952,0.14364631199640926,-0.14364631199640926,0.1306117093231428,-0.07048034447488963,0.056960305540780354,0.056960305540780354,0.09765740557269048,0.22423128102303685,57.404971526154746,56.22324531862023,63.15910533862588,0.5740497152615475,0.18636904392452736,0.23958124081392515,38.68303051,270.8754835471877,47110.80032003404,1040.1249884853282,0.45678746094089673,20.60120114986305,2026-06-10 04:34:00,151,70.23974689959972,63.231496109109976,71.15277172170163,64.27887162392818,73.77634910516412,68.46772722189499
10,72.22631181012125,23.55103400450139,95.77734581462263,88.02344151016882,70.0,0.43311785045750933,0.44940286403154656,0.667343093091666,0.6845503361967222,0.05070552224753844,-0.005500538447041403,-0.05054677808869146,AP0152,False,0,0.6633966866011748,-0.6633966866011748,0.5335389300598963,0.5335389300598963,0.5015317946422864,0.4641341429079213,0.17892307699967516,-0.15456265571253863,0.46934762207575814,0.07497742120281697,-0.00948792330135026,0.1160896505110716,0.1160896505110716,0.018251715950611896,0.008878063752860092,0.15704387480320162,0.15704387480320162,0.09159066561692553,0.2804691438463418,71.15277172170163,70.23974689959972,73.77634910516412,0.7115277172170162,0.09815900106246724,0.19031328172051648,38.68303051,270.8754835471877,52139.96147351704,1036.1099498140468,0.4715821657970318,22.38113357759371,2026-06-10 12:19:00,152,67.16119932511415,68.70047311235695,67.8650647984966,69.50891826009911,68.94541365682505,71.36088138099458
10,55.00249362203773,144.30742990888635,199.30992353092407,188.2687844310396,90.0,0.4669756318798048,0.4744704943181288,0.7472120940368421,0.8398036875696868,0.036714852362648764,0.009175162753726776,-0.015077536289417104,AP0153,False,1,0.42749283807076327,-0.42749283807076327,0.2268337386631986,0.2268337386631986,0.2985532560940605,0.26109739824563066,0.05027882505569898,0.05027882505569898,0.2507896644709303,0.1844438288524492,-0.1038445617571056,0.23254730102349885,0.002225586569978101,0.1769222257455751,-0.062162195411234786,0.20978804151043784,0.20978804151043784,0.20092534928299025,0.22585750687696027,67.8650647984966,67.16119932511415,68.94541365682505,0.678650647984966,0.1503186217255262,0.17103073028950785,38.68303051,270.6888093640446,50138.96960871739,1037.2386876338367,0.4660734359760757,19.812827349880013,2026-06-10 19:46:00,153,63.36942100327135,65.26531016419275,64.25260676394039,66.0588357812185,62.641631534140714,65.79352259548288
10,36.31135435959408,111.93783862297431,148.2491929825684,126.02443600359601,70.0,0.4670548180014378,0.4698192999788221,1.2055069723659757,1.273835167860072,-0.00593162715496931,0.012193731141061702,-0.02625809195375295,AP0154,False,1,0.20837550228827925,-0.20837550228827925,0.06713474685046879,0.01425823107812002,0.03498284313720682,-0.002473014711224325,0.01676039933904204,0.014749452177198022,0.08181337290374924,0.19650216551643485,-0.16294642467278592,0.19885083906406684,0.0682865840710398,0.11691181322857064,0.11125017317677575,0.14647031113341474,0.13981907539547883,0.16468378223562175,0.12324857756968549,64.25260676394039,63.36942100327135,62.641631534140714,0.6425260676394039,0.1469630268292861,0.21051090553131005,38.68303051,270.3621295435442,49928.00990975821,1092.4684932971938,0.4698447028625971,19.877247189654305,2026-06-11 03:08:00,154,66.37590073602613,64.87266086964874,67.62038048269191,65.93649362331615,64.81252050857003,63.72707602135537
10,36.023489410057365,198.9622905298269,234.98577993988428,175.96874628777198,70.0,0.43926145840909064,0.4414393703217324,1.305429928787898,1.433578821812431,0.033815510456092435,0.015489882195146208,-0.03635854703792846,AP0155,False,3,0.20383242184577685,-0.20383242184577685,0.24579282842878322,-0.11135667350363676,0.19133290956434693,-0.19133290956434693,0.04565772899287616,0.04565772899287616,0.1716539722079458,0.18211932607788364,-0.1485209737940104,0.22218706001528166,0.12315747195722199,0.288834700628801,0.2832505846584712,0.31519044498283083,0.31519044498283083,0.2520828829261993,0.21186842756707253,67.62038048269191,66.37590073602613,64.81252050857003,0.6762038048269192,0.17000057581094433,0.15379561936213648,38.68303051,270.3621295435442,54010.55185837323,1085.978707941321,0.466214945808994,23.580284962920544,2026-06-11 10:58:00,155,67.9602757978706,67.16808826694836,68.93970821422688,68.2800443484594,65.52271965813638,65.1676200833532
10,48.24449048156194,147.6798086988675,195.92429918042944,190.3324849538031,80.0,0.5091124999591616,0.5221077410026587,0.8428360062628906,0.930895060471332,0.004968242587242877,0.013643811432052295,-0.011095954886857773,AP0156,False,4,0.3655132579493245,-0.3655132579493245,0.25286424148104353,0.10843430046926548,0.221469116765404,0.12459089592470639,0.05079461546141157,0.012874424469718954,0.22266030791429592,0.16839864835777474,-0.16839864835777474,0.22919642221325426,-0.06112779856243162,0.35097907068288703,-0.31740987350604566,0.22829182101704815,0.2247592301847015,0.24421649056774103,0.23343839924101847,68.93970821422688,67.9602757978706,65.52271965813638,0.6893970821422688,0.1658897281311395,0.1447131897265917,38.68303051,270.35441886312844,50236.37628556919,1063.0441945348025,0.4650738700673597,18.869123949542093,2026-06-11 18:36:00,156,70.20792602921432,69.08410091354246,70.87437249317207,69.90704035369947,80.8182860707202,73.1705028644283
10,115.26805254952669,31.044583115053555,146.31263566458026,142.57129171069693,80.0,0.437851993812053,0.4476581660398457,0.7248277133892033,0.7514725427928457,0.029856364800939506,-0.0005273457138418938,-0.0774155246539533,AP0157,False,0,0.8741013896119231,-0.8741013896119231,0.2634287709442376,0.2634287709442376,0.27322911191948895,0.27322911191948895,0.16591583537662516,0.03062543527965979,0.39416877696306873,0.19630411856523117,0.032636528274827936,0.1641163871876784,0.06489115715172307,0.08677550655663245,0.0774018543588809,0.3030268168281526,0.3030268168281526,0.18755570728442367,0.29086224212374623,70.87437249317207,70.20792602921432,80.8182860707202,0.7087437249317207,0.07972764671832977,0.21152862834994962,38.661193440000005,270.33385704868624,49874.1088925456,1062.5794229835406,0.46309488166857055,18.901138218482355,2026-06-12 01:58:00,157,71.286399896656,70.74716296293516,72.61908325123001,71.74672787220103,75.16639048928951,77.99233828000486
10,30.272515180788474,364.76250041792264,395.0350155987111,374.73613959693097,70.0,0.4277451592415005,0.45120915252889604,1.3889520299058558,1.6361971521700174,0.21533590915566964,0.005239608063791777,-0.02649212357994779,AP0158,False,3,0.20869611597212198,-0.20869611597212198,0.07634791189055705,0.016214944140508763,0.03544026564785239,-0.0025053509222534784,0.019317405655415617,0.016999663620089228,0.08495042479148676,0.1393084714181495,-0.058079294313358225,0.40869475096959895,0.40869475096959895,0.24932680225739517,0.24932680225739517,1.3410296973976594,1.328272856726479,0.5345899305107007,0.3097701776510937,72.61908325123001,71.286399896656,75.16639048928951,0.7261908325123002,0.13950207164741357,0.13430709584028627,38.661193440000005,270.33385704868624,50521.24992673564,1063.9875641245842,0.46520550621890966,19.48101054830905,2026-06-12 09:41:00,158,77.36984939134257,74.32812464399927,79.06775670112962,75.84341997617982,73.28734518556259,74.22686783742606
10,59.0345277118268,41.11840266745095,100.15293037927775,100.15293037927785,70.0,0.47576833114236383,0.4787021921625031,0.9365709684776702,0.9688005402286224,0.11623652752903235,-0.013794245612164205,-0.03887070969292983,AP0159,False,0,0.38907021182970825,-0.38907021182970825,0.13142768572309987,0.017412856450633344,0.17808935345006638,0.04086868056047307,0.13725414685358042,0.04338865738848597,0.2089603494641137,0.0680527307125941,-0.005980722866006993,0.4192638191908186,0.2586280324819233,0.16836003201272687,0.0037041827296603325,0.30810928502349527,0.30810928502349527,0.24094646673490872,0.2249534080995112,79.06775670112962,77.36984939134257,73.28734518556259,0.7906775670112963,0.06742519133641707,0.14189724165228654,38.661193440000005,270.33385704868624,49746.596643238925,1081.4262780975805,0.46736079007166165,19.082361628752594,2026-06-12 17:16:00,159,64.73236719558052,71.05110829346154,65.36215586362145,72.21495628237554,70.29780110447514,71.79257314501886
10,38.60796043804601,47.43963638606966,86.04759682411566,81.8439694337701,50.0,0.4845771573004856,0.48770021133798824,0.3934138338491579,0.42512777151926706,-0.04671739699817867,0.012878708484119497,-0.039241492938750344,AP0160,False,3,0.18520000548546114,-0.18520000548546114,0.1127636196802589,0.033394829512272226,0.15755405831868835,0.008087915129118698,0.08937074156895948,-0.08937074156895948,0.13622210626334197,0.08181923588850076,-0.024784523689236032,0.19184281957931118,-0.16845697573992482,0.085587414095967,0.07409943931574868,0.18203782119035763,-0.18203782119035763,0.13532182268853415,0.13577196447593806,65.36215586362145,64.73236719558052,70.29780110447514,0.6536215586362146,0.14211354708239224,0.20426489428139316,38.661193440000005,270.2033740983223,49757.11821770382,1102.9892955398598,0.4651754867071772,19.02166239221368,2026-06-13 00:38:00,160,72.35892775745542,68.54564747651797,73.58917465220368,69.47566525791257,72.31558069968986,71.3066909020825
10,100.21419838964339,193.21275245093776,293.4269508405811,285.710690657338,100.0,0.45083879013935657,0.4597956388583625,0.8552674453596647,0.9818119574612734,0.021547809082638147,0.01724083793414951,-0.11254180857326301,AP0161,False,1,0.5236217179276766,-0.5236217179276766,0.2843578464407413,-0.2100672503247638,0.3187263360288627,-0.2159336320177049,0.041722878001442414,0.039711930839599084,0.29210719459968076,0.31380688732716067,-0.1591843918156879,0.23621119532822737,0.07463910852678393,0.27018390786819924,0.25853644594669173,0.19836428607746656,0.18220058850130352,0.2546415691502634,0.2733743818749721,73.58917465220368,72.35892775745542,72.31558069968986,0.7358917465220367,0.09803702804957856,0.16607122542838468,38.661193440000005,270.2033740983223,49916.37991528265,1071.731471703839,0.45994619144153503,19.08428330041241,2026-06-13 08:38:00,161,79.92966748153054,76.14429761949299,82.04861096752636,77.81889280986502,77.90919830891345,75.11238950430166
10,42.10199622300591,63.925306752991844,106.02730297599776,97.44809555404339,100.0,0.4996485856084103,0.507154955980726,1.3035985659817906,1.34023453826182,-0.030862011717281257,0.011083412807440192,-0.03577198045885566,AP0162,False,1,0.31944259794674484,-0.27841255870133125,0.20088062202605828,-0.0018400099237930179,0.19415061884827123,0.023081168614336,0.12404302559110354,0.12203207842926093,0.2096292161030445,0.13518670428041563,-0.10545516419088018,0.19926638438703254,-0.03105533006648821,0.27490082863466603,0.07379228015109307,0.05825119725727509,0.04634047094102536,0.16690127863984733,0.1882652473714459,82.04861096752636,79.92966748153054,77.90919830891345,0.8204861096752636,0.06895839545602223,0.11055549486871422,38.661193440000005,270.2033740983223,50636.999040312934,1088.810052651557,0.46701786989497573,19.59003762636991,2026-06-13 16:16:00,162,67.56753752221942,73.74860250187498,68.27180915430661,75.16021006091648,66.05707065721455,71.98313448306399
10,58.175082632504996,71.05923274987293,129.23431538237793,127.96477501589652,80.0,0.4393255061884897,0.45732907197867334,0.0974161468879226,0.14304666607501748,-0.004551060372309276,0.008239996643580313,-0.03976016882576122,AP0163,False,1,0.3886415833020114,-0.3886415833020114,0.09041173382962331,0.037535218057274534,0.10745431437143933,0.08872638544722407,0.40819158892109897,0.40618064175925567,0.24867480510604326,0.09695835937352784,-0.05094522156543039,0.16871315721015184,-0.02346365009710106,0.13463895185110997,0.12299148992960227,0.08595671371307281,0.009162322778308418,0.12156679553696562,0.18512080032150444,68.27180915430661,67.56753752221942,66.05707065721455,0.6827180915430662,0.07813474167212492,0.239147166784809,38.661193440000005,268.83244508966925,51197.85007648731,1090.8798543331263,0.46834167096829465,20.301265899327795,2026-06-13 23:47:00,163,69.82753416358047,68.69753584289995,70.82211568321414,69.54696241876037,74.18462740464773,70.12084903093114
9,45.507961858597284,139.01328907052647,184.52125092912377,182.9201640642528,77.77777777777779,0.41349781232728633,0.4243808960905502,0.5361082561529994,0.6252396377178551,-0.04291721828865591,0.02168285711880321,-0.031884191865944655,AP0164,False,2,0.30031727197073016,-0.30031727197073016,0.2788038190287456,-0.1555968392374665,0.24089833354311116,-0.20872680799187424,0.11619416415912015,-0.018082315512259278,0.23405339717542678,0.10535875115353018,-0.10535875115353018,0.20853155165437076,-0.20853155165437076,0.11378841688170227,-0.033249580389936625,0.2620736339176358,0.2620736339176358,0.17243808840180974,0.20324574278861823,70.82211568321414,69.82753416358047,74.18462740464773,0.7082211568321414,0.12278353036371618,0.16899531280414237,38.63335399999999,268.69535218880395,50175.30087057901,1141.49496932108,0.4626601321232604,19.397204080129885,2026-06-14 07:52:00,164,71.64698373868731,70.7372589511339,72.89123557366597,71.85667562844006,75.31858736879063,74.75160738671917
10,40.28192611779335,155.91411339486038,196.19603951265373,172.05540975298766,70.0,0.46200732887984364,0.4620091776675094,0.9982058349000562,1.0950125257469996,0.019528797219182437,0.012689309298482915,-0.019499420394291422,AP0165,False,4,0.29686565182100344,-0.29686565182100344,0.1770295698129116,-0.1345032095577908,0.10874933977354558,-0.017461197210198898,0.11699772995082657,0.11503933490953065,0.17491057283957182,0.22749079952837958,-0.17695332645636208,0.12971844325443094,0.026764550056044747,0.07708111397877926,-0.009747896144824457,0.24097121403352315,0.24097121403352315,0.16881539269877824,0.171862982769175,72.89123557366597,71.64698373868731,75.31858736879063,0.7289123557366597,0.1122670661555655,0.15882057810777472,38.633354,268.69535218880395,50434.7749035723,1119.8661531568632,0.4575848042351001,19.17461983176142,2026-06-14 15:40:00,165,66.2838230796189,68.96540340915311,67.7053590858021,70.29829732973403,71.1461608912173,73.23237413000396
10,180.5017632988227,81.93637425842701,262.4381375572497,234.31627096486176,90.0,0.45084172078419715,0.4563046201541888,1.025154982106955,1.076109262379735,0.014365256468319043,0.006008049885789991,-0.15880915795731199,AP0166,False,1,1.1998291704990436,-1.1998291704990436,0.4085756328789208,0.05557261549939957,0.3920775724767778,0.01081404773253864,0.133797577548585,-0.0020717637898702394,0.5335699883508318,0.13400008767656602,-0.10044434683291724,0.1216109512095351,0.02532099190460605,0.06575082712534852,0.029101939703811253,0.07946909514827175,0.07854174175732641,0.10020774028993035,0.3168888643203811,67.7053590858021,66.2838230796189,71.1461608912173,0.6770535908580211,0.1151308997495203,0.20781550939245852,38.633354,268.525595553321,50687.260631165984,1072.4168793715905,0.45654372389712916,19.592874216773183,2026-06-14 23:22:00,166,69.98344633646374,68.13363470804131,71.239339811662,69.47234944873205,71.54436366581557,71.34526227851643
10,27.153934587543603,271.9128192382273,299.0667538257709,298.13785186992504,80.0,0.4352910312129444,0.47610852871108483,0.9331615926296586,1.091865105736658,-0.11696384792296466,0.04526557652380359,0.005811526900294239,AP0167,False,2,0.25928334282312937,-0.25928334282312937,0.18085501541153692,-0.063212379621586,0.09380122791403328,-0.03524974077114106,0.13792049550555832,0.13792049550555832,0.16796502041356445,0.3151100005758353,-0.3151100005758353,0.37812849159842504,-0.3331994306616225,0.3485031988288725,-0.19767945113020202,1.196753421190454,0.9786967721898594,0.5596237780483968,0.36379439923098056,71.239339811662,69.98344633646374,71.54436366581557,0.7123933981166201,0.10800812853233105,0.17959847335104892,38.633354,268.4878718565471,50227.07332732884,1092.9077090094802,0.45912933426133345,19.148258939831223,2026-06-15 07:15:00,167,72.54929498186115,71.26637065916245,73.33522315428759,72.2872814829748,82.72382343877364,77.1340935522946
9,57.62223764728995,80.88802202406393,138.51025967135388,138.510259671354,66.66666666666666,0.42225434358875297,0.43290347142267,0.943817364473439,0.9946584896505158,-0.0071079987076776985,0.009515455481897306,-0.03597640565203497,AP0168,False,3,0.4045843128431252,-0.4045843128431252,0.21028843474627892,0.06596931214616214,0.0643040094744159,0.0643040094744159,0.07042171627387898,0.06485913538909985,0.18739961833442476,0.07671144612907087,-0.07671144612907087,0.1286556861600669,-0.031663375628955485,0.1851557395888042,0.021586857524032735,0.13560280766439808,0.13560280766439808,0.13153141988558503,0.1594655191100049,73.33522315428759,72.54929498186115,82.72382343877364,0.7333522315428759,0.10067554188071781,0.16597222657640637,38.633354,268.4878718565471,45770.70839577881,1110.4395816678327,0.4781121909405818,16.928480666278706,2026-06-15 14:51:00,168,70.60652534331085,71.577910162586,72.62295031042878,72.97908673235818,70.09568380606252,76.40975362241808
10,205.5322206136519,177.90436171228362,383.43658232593555,382.20739864828033,70.0,0.29063183677252613,0.32646651984642233,0.6453246014942295,0.7630518746925958,0.09066023091665465,0.004444506121791689,-0.1515229242931373,AP0169,False,0,1.479968407610742,-1.479968407610742,0.40312917779252544,0.40312917779252544,1.0796790011645718,1.0796790011645718,0.1838215783931142,-0.0780743390154965,0.7866495412402384,0.053566213321937735,-0.0063618867608617805,0.19933719317198684,-0.030994737003509604,0.364841867706572,-0.364841867706572,1.1639405175454005,1.1639405175454005,0.44542144793647426,0.6160354945883564,72.62295031042878,70.60652534331085,70.09568380606252,0.7262295031042878,0.042315850408485796,0.23145464648722647,38.633354,267.61327744578233,53077.04837138942,1080.286576150105,0.4645024522069187,19.61592523600112,2026-06-15 22:57:00,169,69.56579232283426,70.08615883307255,70.43130460975291,71.52712746009084,71.51281470704735,70.80424925655494
10,125.71279908806109,191.58146815517853,317.29426724323963,298.4987722587229,90.0,0.35685251470962387,0.40263899511713513,0.6213915285596077,0.7296935074343294,-0.047776540466548834,0.025628656706284177,-0.05496217773057238,AP0170,False,2,1.0406765285913535,-1.0406765285913535,0.37183448637346883,-0.37183448637346883,1.237613955429261,1.0786921135576295,0.15543169418071393,0.15348247316821426,0.7013891661436993,0.30755124788113297,-0.30755124788113297,0.2214454175825803,0.016690022626676307,0.1909097717540148,0.17179032087987028,0.20792515899667918,0.054407128451218964,0.2319578990536018,0.4666735325986505,70.43130460975291,69.56579232283426,71.51281470704735,0.7043130460975291,0.1424641151483263,0.1532228387541447,38.633354,267.28530454174546,51052.27664378614,1089.9363468051986,0.46454875433955733,19.184334335164653,2026-06-16 07:14:00,170,67.75530084635038,68.66054658459231,69.97863436383892,70.20496948679592,63.67088546434331,67.59185008569533
10,116.28933939450873,201.5959225783128,317.8852619728215,317.8852619728214,50.0,0.2811222025446272,0.299796271135488,1.3119518418686902,1.4308614063466585,-0.08819532734513652,0.03400737139952461,-0.09105223974991045,AP0171,False,4,0.8387703203960507,-0.8387703203960507,0.043748246956804016,-0.03514157289770791,0.6434757588080993,0.558295775341283,0.12750513343050993,0.12750513343050993,0.413374864897866,0.18878290406929418,-0.18878290406929418,0.4012863452076598,-0.4012863452076598,0.40724002947580584,-0.40724002947580584,0.17582119121023174,0.17582119121023174,0.2932826174907479,0.35332874119430696,69.97863436383892,67.75530084635038,63.67088546434331,0.6997863436383893,0.1355159148425546,0.16469774151905614,38.633354,267.28530454174546,49579.58377644747,1109.166755826755,0.45780277579564116,19.44814622371897,2026-06-16 14:54:00,171,68.97613503041453,68.36571793838246,69.77450250230696,69.87656843307295,70.40107032702976,67.03597789568653
10,145.75575794921252,101.85160269686078,247.60736064607335,245.49597714310454,90.0,0.45914886396751003,0.48170322420497697,0.6167190261678228,0.6797834179991628,0.015156709555443348,0.007866614495221101,-0.0563074543110465,AP0172,False,2,1.1973932040068846,-1.1973932040068846,0.2817838271428292,-0.10060937551571258,1.0149686175734824,0.7859598084357059,0.18942100739194875,-0.042342822587959524,0.6708916640287863,0.14253255141906768,-0.1169094100047702,0.17857945094510136,0.07109140395407904,0.18358160259871328,0.09773477816273687,0.16451994378338378,0.16451994378338378,0.1673033871865665,0.41909752560767644,69.77450250230696,68.97613503041453,70.40107032702976,0.6977450250230695,0.07967490955247566,0.22258006542445488,38.633354,264.93334014025874,50600.082973913144,1103.802787045685,0.4593525543542663,19.389100242092525,2026-06-16 23:35:00,172,72.80351613390985,70.88982558216219,73.88973264520219,71.83211757375457,68.94034605552513,69.67070819127744
10,103.40722757117247,62.69171482972054,166.098942400893,158.45226253381648,80.0,0.4153980371002298,0.43185684795441137,1.2606181591344625,1.304569355847345,-0.010767173995078927,0.008984954139238319,-0.1057930984464896,AP0173,False,3,0.7866104827593255,-0.7866104827593255,0.12542068905133016,0.06528772130128112,0.7713330995462554,0.7523602912612031,0.04427821189085426,0.041960469855529266,0.43191062081194137,0.066853421970755,0.026674525232984626,0.17649716940167082,-0.0780230665065714,0.12052923615945357,0.11494512018912438,0.12486723926402885,0.12118172304425048,0.12218676669897707,0.2770486937554592,73.88973264520219,72.80351613390985,68.94034605552513,0.7388973264520219,0.07225685666923806,0.18884581687874014,38.633354,264.6981437001101,50654.40195480609,1117.5301154834583,0.4658108035331722,20.297431566279474,2026-06-17 07:35:00,173,75.53968544582273,74.17160078986629,76.49096191076157,75.19034727798189,74.91746711088025,71.92890658320269
10,189.05163467398805,111.54638892118433,300.5980235951724,298.44134996720817,80.0,0.4517348056023853,0.4661094189120675,0.5399901515536321,0.6080458176466819,-0.02331279838295791,0.015003031933663001,-0.17496711404040494,AP0174,False,3,1.0424432336079272,-1.0424432336079272,0.27339715421938376,-0.22711572620385156,0.1697203944461201,-0.1367854797205212,0.11812477594766714,0.11580703391234215,0.40092138955527457,0.13449873834977874,-0.10937419456055762,0.33276857458823345,-0.13638688765971113,0.28543201692957526,-0.12965848079048714,0.13193630425686745,0.11917946358568823,0.22115890853111372,0.31104014904319416,76.49096191076157,75.53968544582273,74.91746711088025,0.7649096191076157,0.08689176848795753,0.1481986124044267,38.633354,264.6981437001101,48436.554784071144,1113.3952100732472,0.45121891331341596,18.733219342072058,2026-06-17 15:10:00,174,67.44666048640316,71.49317296611295,68.14622211976875,72.31859201526515,65.23940536277274,70.07843623682649
10,137.03195317353732,63.476985910802604,200.50893908433991,191.78836334791987,80.0,0.4974732492050594,0.5107447980639306,0.2800486121351615,0.3207521498653977,0.02717261880313626,0.0022218257679967046,-0.08322463776524258,AP0175,False,4,1.0307084602710517,-1.0307084602710517,0.1630798545438468,-0.034097664323571315,0.2783918490601933,0.1360418425445357,0.1262935789278217,-0.006136615218872284,0.39961843570072836,0.11563254892739704,-0.08421544561412365,0.09183519452013783,0.09183519452013783,0.08404835323214467,0.07788622038057878,0.13816261576426733,0.13816261576426733,0.10741967811098671,0.2535190569058575,68.14622211976875,67.44666048640316,65.23940536277274,0.6814622211976875,0.10327259885320501,0.21526517994910746,38.63335399999999,264.24208307056364,49919.76830399463,1085.6574636220723,0.4543172787040649,19.25432431522999,2026-06-17 22:34:00,175,66.12018177517912,66.78342113079114,67.43467254270297,67.79044733123587,63.596652818701045,64.4180290907369
10,110.18223822515016,85.2112470641953,195.39348528934545,195.3934852893461,70.0,0.4036272117814483,0.40719863259524336,1.2341255935146704,1.2894241018316999,0.002789682758466472,0.008622138843770596,-0.10379281166984233,AP0176,False,3,0.7637962302063833,-0.7637962302063833,0.13095024853941958,0.07081728078937054,0.11536228552261478,0.09356292674609183,0.026421900592905712,0.024104158557581412,0.2591326662153308,0.07930015486566012,-0.040781275257477635,0.14304567706307053,-0.0609957461437334,0.0953445160436401,-0.0017905554889189757,0.09498792931006016,0.09399469857499977,0.10316956932060772,0.1811511177679693,67.43467254270297,66.12018177517912,63.596652818701045,0.6743467254270297,0.14116170594894256,0.18449156862402769,38.36008214,264.07106033448366,51640.705201300545,1094.2121068423126,0.46315092728407325,20.30055001378737,2026-06-18 06:37:00,176,73.1548127993984,69.63749728728877,74.24335351979437,70.83901303124867,71.63530196179043,67.61597739024575
10,115.03165294582622,56.23046567859453,171.26211862442074,171.26211862442136,70.0,0.4209018627325527,0.439131019273378,0.8201991650084649,0.8592621072766308,0.003332012188410949,0.005867147796347297,0.05721124342942735,AP0177,False,4,1.115532098482967,-1.115532098482967,0.2734178270090495,0.18577765046454567,0.25586915078336564,-0.22349722304653785,0.5139796980129284,0.3790712447052917,0.5396996935720777,0.11946464208375573,0.0009527676977055602,0.1253081641210263,-0.10258838937491511,0.17950761730482778,-0.021584436493204615,0.011357085734698576,-0.0012949158629573512,0.1089093773110771,0.3243045354415774,74.24335351979437,73.1548127993984,71.63530196179043,0.7424335351979438,0.07397315609166814,0.18359330871038804,38.36008214000001,264.07106033448366,49389.000996842755,1098.1480512447154,0.4672616811338887,19.119836851918997,2026-06-18 14:23:00,177,72.96918734475213,73.06200007207526,73.73316950812031,73.98826151395734,69.7522155538076,70.69375875779902
10,109.26603592262208,31.870106555825693,141.13614247844777,141.13614247844725,90.0,0.4469155095415614,0.45208278702851795,-0.023806107618256023,-0.004602275272456435,0.029313458624358135,-0.0016600371557567023,-0.07388860052136037,AP0178,False,0,0.8735509644197403,-0.8735509644197403,0.2927824126455287,0.2927824126455287,0.2054001683732556,0.16800251663889063,0.08707735066088677,0.0509906380483779,0.3647027240248529,0.11931699889850292,-0.051855582651858245,0.15125728599380156,0.045075765490509984,0.09488277874845583,-0.0007071223859440848,0.17400483806672726,0.17400483806672726,0.1348654754268719,0.24978409972586238,73.73316950812031,72.96918734475213,69.7522155538076,0.7373316950812031,0.0837938033603143,0.17887450155848267,38.36008214,263.7436215972739,50165.97640974843,1081.9353283245575,0.4590300250609168,19.770584949095074,2026-06-18 22:29:00,178,68.8241809147443,70.89668412974822,70.13008619595749,71.9316278520389,77.76140270509424,73.75680912945091
10,36.937077326323774,79.90444968495366,116.84152701127744,107.70040025085447,90.0,0.401392854663436,0.410665441324168,1.6769420743817214,1.7206747873243353,-0.11626992563196692,0.026273011260193907,-0.0425303660451557,AP0179,False,1,0.20247007456109822,-0.20247007456109822,0.17152312857142962,-0.07843115963835749,0.18007416285424585,-0.05469426693388945,0.06549978701906889,0.06348883985722557,0.15489178825146063,0.11417024773765276,-0.1066897835390908,0.3510488921459573,-0.3510488921459573,0.1460402955737628,-0.13135002239509408,0.16200090514035415,-0.16200090514035415,0.19331508514943174,0.1741034367004462,70.13008619595749,68.8241809147443,77.76140270509424,0.7013008619595749,0.08084889313818,0.2178502449022451,38.36008214,263.6208320708202,49107.49892825473,1134.3852173735752,0.46185181229395766,19.81029336206969,2026-06-19 06:26:00,179,69.40097316818414,69.11257704146422,70.57977974260392,70.3549329692807,72.99196359687046,75.37668315098236
10,155.06279830056832,32.825214489233815,187.88801278980213,182.9967931647679,90.0,0.3975160212023174,0.40372540736260804,0.8774498530101547,0.8997885394591639,0.030651677056756865,-0.0013650230883001033,-0.12045972644356567,AP0180,False,0,1.1613038987168762,-1.1613038987168762,0.301723777958191,0.05585702825460557,0.3063719797503955,0.1383921258915358,0.24131557892439506,0.12349829882282463,0.5026788088374644,0.04105556732068509,-0.00763828726650435,0.1370981239253444,0.012947714253139536,0.17924136303674926,-0.11262523460095386,0.1380505301311844,0.1380505301311844,0.12386139610349078,0.3132701024704776,70.57977974260392,69.40097316818414,72.99196359687046,0.7057977974260392,0.11890940982783,0.17529279274613077,38.36008214000001,263.6208320708202,48406.589244730094,1090.6484145260479,0.4531998968615053,18.953413545268507,2026-06-19 14:49:00,180,60.880923793292574,65.14094848073836,61.566424845284466,66.07310229394419,61.56346671990153,67.277715158386
10,210.44970048055498,390.08418788624994,600.5338883668048,571.5756699777821,100.0,0.39313817386723293,0.4069106814800524,1.041164499259192,1.2942160106067242,-0.007140368133373154,0.0427244465485887,-0.15202881190181533,AP0181,False,2,1.39698871019045,-1.323180409495584,1.0268958200267593,-0.9863957835380507,0.9684845374574199,-0.9684845374574199,0.12430102850413087,0.11216179693309936,0.87916752404469,0.6156618825162976,-0.14035213616417647,0.5092386261195821,-0.5092386261195821,0.28733420824708483,-0.1634131767401302,0.12376255348017212,0.1166569940752642,0.3839993175907842,0.6315834208177371,61.566424845284466,60.880923793292574,61.56346671990153,0.6156642484528446,0.1453188528826246,0.23901689866453069,38.36008214,263.6208320708202,48124.90520522037,1103.1531964353567,0.45670944659426144,18.589637112376256,2026-06-19 22:41:00,181,68.50290935570159,64.69191657449709,72.27615768788192,66.9212912665832,51.24811549003251,56.40579110496702
10,12.109333023806286,0.0,12.109333023806286,12.020822674939836,20.0,0.09353300999237307,0.09422047014622494,2.4208240251486868,2.4208240251486868,0.0,0.0,-0.011166753643131355,AP0182,False,0,0.07580223856096295,-0.07580223856096295,0.14670347466242786,-0.14670347466242786,0.1255992091303273,-0.1255992091303273,0.08009873647989324,0.08009873647989324,0.10705091470840283,0.0,0.0,0.0,0.0,0.0,0.0,0.0,0.0,0.0,0.05352545735420142,72.27615768788192,68.50290935570159,51.24811549003251,0.7227615768788193,0.11605401201245291,0.1611844111087278,38.36008214,263.6208320708202,67942.79100228025,1152.8315055411304,0.4019354658627292,23.10062057670409,2026-06-20 06:49:00,182,60.067392287869666,64.28515082178563,61.809401595145594,67.04277964151376,62.83809539396241,57.04310544199746
10,270.90444363357284,196.3520051662112,467.25644879978404,457.78043808977225,80.0,0.3617423391636117,0.37304883017679635,0.6255143042794644,0.7502406579782703,0.0700849188496887,0.008972320993286917,-0.31032311250600686,AP0183,False,1,1.5761690563670958,-1.5761690563670958,0.5153287028213062,-0.4746322138570121,0.5304769123825716,-0.5304769123825716,0.28359771010283324,0.28359771010283324,0.7263930954184517,0.1357090943965024,-0.1021533535528536,0.09344971434109356,-0.07732353122127371,0.5592845780343199,-0.5592845780343199,0.5354157713515746,0.5354157713515746,0.3309647895308726,0.5286789424746621,61.809401595145594,60.067392287869666,62.83809539396241,0.618094015951456,0.1642205216386546,0.2176854624098895,38.9181859,263.6208320708202,48932.86438301942,1147.4508942160394,0.44811847392746146,19.90862612264185,2026-06-20 15:50:00,183,63.853562342251784,61.96047731506073,64.8089817681888,63.3091916816672,63.659007961804875,63.24855167788364
10,117.060788125126,68.2656516487312,185.3264397738572,178.07612851013045,90.0,0.4248222323616016,0.4364483036556822,0.7940176035225855,0.838223413955461,-0.05592117391381021,0.016441212536401573,-0.15703090020207117,AP0184,False,3,0.4661997497780504,-0.4661997497780504,0.570894901099526,-0.570894901099526,0.5396040950189142,-0.5396040950189142,0.08588837753267542,-0.06608293004232414,0.41564678085729156,0.07480889483799062,0.011633574335089483,0.2498782611606131,-0.2498782611606131,0.1774013631871311,-0.11808850432029254,0.11719559806286119,0.11620236732780333,0.154821029312149,0.28523390508472024,64.8089817681888,63.853562342251784,63.659007961804875,0.648089817681888,0.12493108104011452,0.22697910127799747,38.9181859,261.78818904751733,48652.847399983075,1126.0121094344145,0.4512114942532387,19.553089416979347,2026-06-21 01:28:00,184,65.39070870804228,64.62213552514703,67.10540922287353,65.95719549553117,63.88967238343151,63.774340172618196
10,77.58065243298856,124.13702495103121,201.71767738401974,198.24923777972924,90.0,0.3661571033829521,0.3760998855169414,0.982195695040009,1.0592613948217533,-0.08487091873964281,0.026590577753922394,-0.13095104526935952,AP0185,False,1,0.3160149108505574,-0.27498487160514407,0.5167913734425519,-0.5167913734425519,0.5358325283510726,-0.5358325283510726,0.20499512870272582,0.20499512870272582,0.39340848533672695,0.05871934855365683,-0.05871934855365683,0.27663080973953447,-0.27663080973953447,0.2452174064423605,-0.15427663338982472,0.19425732887225922,0.19425732887225922,0.19370622340195276,0.29355735436933983,67.10540922287353,65.39070870804228,63.88967238343151,0.6710540922287355,0.18770765227533354,0.14123825549593105,38.9181859,261.78818904751733,49449.682274772575,1151.265008893234,0.4480431891685704,19.050482073005682,2026-06-21 09:29:00,185,72.17341000720207,68.78205935762217,73.01234197969465,70.05887560128409,71.29062728116087,67.59014983229619
10,90.26047695064885,60.885422014974225,151.14589896562308,146.19837592030365,90.0,0.43900565602373487,0.44832107558755546,0.636298081865632,0.6704653986300435,-0.040902716106185344,0.012326770586304908,-0.05151116980043513,AP0186,False,2,0.6383004211565166,-0.6383004211565166,0.2870771181229811,-0.2870771181229811,0.29603414827927715,-0.23169109717680203,0.049024493257786746,0.04512605123278745,0.3176090452041404,0.08539180397929838,-0.08539180397929838,0.18539707957666635,-0.11857106473185158,0.10279275403111024,-0.007981165396700199,0.16011750315749712,-0.12877080488893122,0.13342478518614304,0.22551691519514172,73.01234197969465,72.17341000720207,71.29062728116087,0.7301234197969464,0.11849258364246386,0.1513839965605897,38.918185900000005,261.78818904751733,48382.34886609675,1125.7608332906032,0.44570946401784656,19.718074876705483,2026-06-21 17:19:00,186,62.86507158225252,67.5192407947273,64.03645857564088,68.52440027766777,68.24507003553833,69.7678486583496
10,153.28775308465737,157.38989166428442,310.67764474894176,307.1962596614897,80.0,0.31681922950835406,0.322345178387318,1.2358649981278385,1.3194294643611035,-0.16366413019285453,0.040595828641399004,-0.13475894239082503,AP0187,False,0,0.964444116208695,-0.964444116208695,0.4283981102743815,-0.3393440974144004,0.43818271606561937,-0.43818271606561937,0.15558657528669864,0.10991433630092501,0.4966528794588486,0.17084223438832752,-0.16624378411411855,0.884709691167181,-0.884709691167181,1.0993256277750647,-1.0993256277750647,0.5554450412155043,0.5554450412155043,0.6775806486365195,0.587116764047684,64.03645857564088,62.86507158225252,68.24507003553833,0.6403645857564088,0.1233817526181193,0.236253661625472,38.9181859,260.1628198054785,50949.321294407724,1144.6515021371779,0.43055311584543804,19.539524506361442,2026-06-22 01:16:00,187,70.89124963941455,66.87816061083353,72.62896642012767,68.33271249788427,77.84680425210846,73.0459371438234
9,123.42478864983343,100.08840055500728,223.5131892048407,189.90201788624532,100.0,0.3869229823321392,0.3969623410179172,1.2460436890626794,1.3043250396415418,-0.055288237283490915,0.018648536594803505,-0.17599843576952162,AP0188,False,1,0.6646511111623277,-0.6646511111623277,0.6710566295753907,-0.6710566295753907,0.6812144100902181,-0.6812144100902181,0.3290497009624865,0.3290497009624865,0.5864929629476058,0.12359980763344246,-0.11944490140093982,0.2906592619784037,-0.12953671492684832,0.23728422826863071,0.0361756797850576,0.07223347110773684,0.06879240163298322,0.18094419224705344,0.38371857759732964,72.62896642012767,70.89124963941455,77.84680425210846,0.7262896642012766,0.10413796974478494,0.16957236605393855,38.9181859,260.1628198054785,50272.224243476296,1138.610815239008,0.44886256153283294,19.40101904114167,2026-06-22 09:27:00,188,71.80665930929668,71.34895447435562,72.57204105498306,72.60050373755536,72.69863885317751,75.27272155264299
10,60.555748248537384,63.93486165316285,124.49060990170022,92.68048960894382,90.0,0.47200876744404113,0.48183496534684284,0.9204783828480294,0.957023545955679,-0.028275733697619376,0.010643825419584418,-0.054601174922204065,AP0189,False,3,0.42187017364696855,-0.42187017364696855,0.26061924542275056,0.20048627767270155,0.1394632423204549,0.057381284204819465,0.12042906876239806,-0.08411199948689252,0.23559543253814302,0.09215013376034592,-0.09215013376034592,0.1849541969799511,-0.03702068621090664,0.15482743389010997,0.033317530564475416,0.09371887484687096,0.09272564411181183,0.1314126598693195,0.18350404620373123,72.57204105498306,71.80665930929668,72.69863885317751,0.7257204105498306,0.11076384299909155,0.16351574645107797,38.9181859,260.1628198054785,48488.6657523152,1108.9374279198087,0.45104418734629254,19.225997885727708,2026-06-22 17:30:00,189,66.81005936546053,69.3083593373786,67.47735364116184,70.02469734807245,74.92127868008384,73.80995876663067
10,122.25813455355787,224.18696792274227,346.4451024763001,346.4451024763002,90.0,0.45957597185690846,0.4758905281542839,0.31365935226734754,0.4494507797251796,-0.08324549377365673,0.03596665373259259,-0.12388320112603174,AP0190,False,4,0.6930195925552627,-0.6930195925552627,0.3511706191139303,-0.3511706191139303,0.15963897298205657,-0.04580833962933126,0.2011623068685144,-0.13599440003409022,0.351247872879941,0.19207788351714655,-0.19207788351714655,0.39828266382902,-0.39828266382902,0.30459421830881495,-0.30459421830881495,0.2140294380330911,0.2140294380330911,0.27724605092201815,0.31424696190097956,67.47735364116184,66.81005936546053,74.92127868008384,0.6747735364116184,0.07747257609514883,0.24775388749323263,39.011745600000005,259.53462293396666,50087.45267180749,1119.6571244642348,0.4424681869683352,18.854805466141237,2026-06-23 01:25:00,190,69.79776534234806,68.3039123539043,70.41753166784619,68.94744265450402,66.91714333045739,70.91921100527063
10,166.3144895485884,18.51111636056822,184.82560590915662,182.41506431089402,60.0,0.4209621654645039,0.4247743071763219,0.4378733423815121,0.45427154889366406,0.025819827560515207,-0.0015470642115538863,-0.14307569919734076,AP0191,False,0,1.140554502878726,-1.140554502878726,0.4706323375507293,-0.12081718340256582,0.4087794791729733,-0.1226291885793563,0.17431548079938566,0.050744726291609255,0.5485704501004536,0.04636156709369785,0.04636156709369785,0.08261233127185783,0.035445946302809485,0.014129970086037329,0.014129970086037329,0.09918111125806386,0.05926026778409452,0.06057124492741422,0.3045708475139339,70.41753166784619,69.79776534234806,66.91714333045739,0.7041753166784619,0.16344195678198742,0.13238272653955063,39.011745600000005,259.53462293396666,52590.11106647529,1077.8927077988496,0.4312983744394003,19.523458036794686,2026-06-23 09:32:00,191,69.72912579126411,69.76344556680608,71.22162920900416,70.81958043842518,67.92857617556784,67.42285975301262
10,147.0143419502461,110.69283707206313,257.7071790223092,234.07252003940508,90.0,0.4090573858499315,0.44432597512499905,0.6003684198273875,0.6633858587593826,-0.037383486941718336,0.016486194724747695,-0.055234678043262264,AP0192,False,2,1.1117518117202263,-1.1117518117202263,0.30293647690329734,-0.2498535319361387,0.3748090266319856,-0.08405540165475821,0.07120168826230501,0.06730324623730709,0.4651747508794536,0.1252266664614572,-0.1252266664614572,0.3375290869376982,-0.10490022043770696,0.24136650930496212,-0.24136650930496212,1.259193807787152,0.9712961975401017,0.4908290176228174,0.4780018842511355,71.22162920900416,69.72912579126411,67.92857617556784,0.7122162920900417,0.12458713682241547,0.1631965710875428,39.011745600000005,259.53462293396666,50072.94707913207,1096.118162552362,0.4353190275906991,19.666592938620468,2026-06-23 17:24:00,192,63.61816949636374,66.67364764381392,64.57168749074502,67.8966583498746,68.3697539219907,68.14916504877927
10,82.45359183482157,76.54149275982716,158.99508459464874,158.99508459464863,90.0,0.4687147183472627,0.47506123970125386,0.850371667416711,0.8927008064521267,-0.029064477950690393,0.011723089817094589,-0.04658072258246487,AP0193,False,4,0.5473861605279773,-0.5473861605279773,0.33761264897700505,-0.2950862887218843,0.27912047666370826,-0.18783233410036224,0.11168976257012546,0.10918526621655744,0.318952262184704,0.09248518730748989,-0.09248518730748989,0.1629224579694894,-0.11320701830491851,0.14835225505338018,-0.14835225505338018,0.06581684510087948,0.06581684510087948,0.11739418635780974,0.21817322427125688,64.57168749074502,63.61816949636374,68.3697539219907,0.6457168749074501,0.11834470277002282,0.23593842232252707,39.0117456,258.8236152628452,50251.51917206089,1131.4406948148378,0.44289852244535144,19.26203491652629,2026-06-24 01:31:00,193,62.81111960119818,63.21464454878096,64.90903076848403,64.74035912961452,68.00994850866645,68.18985121532857
10,117.7071022947966,99.08183254404062,216.7889348388372,216.78893483883803,60.0,0.3729265915693064,0.3808223286140384,0.41239902525626765,0.4623325405079049,-0.0724251983528761,0.02009174279220251,-0.03788636672045159,AP0194,False,2,0.8931781828732043,-0.8931781828732043,0.21140948759453349,-0.21140948759453349,0.27834605116755035,-0.27834605116755035,0.10094503917818763,0.10094503917818763,0.37096969020336895,0.17636756477836318,-0.17636756477836318,0.26388572947246286,-0.2119807907777451,0.20837708167889704,-0.20837708167889704,0.024036943316007787,0.024036943316007787,0.16816682981143272,0.26956826000740086,64.90903076848403,62.81111960119818,68.00994850866645,0.6490903076848402,0.18712496911168688,0.1637847232034729,39.0117456,258.8236152628452,50136.959000424635,1119.2185836493925,0.43885191405411056,19.332448133795967,2026-06-24 09:18:00,194,67.37687240762436,65.09399600441127,68.15233541971674,66.53068309410038,68.76204325137799,68.38599588002222
10,100.99963762648022,120.45547000281756,221.45510762929777,221.45510762929786,70.0,0.3958880639514589,0.40799055599578554,0.23532125614466426,0.30770070498823476,-0.05987207916346532,0.021716178654685697,-0.04200741458275731,AP0195,False,2,0.7822907738529804,-0.7822907738529804,0.260524998786103,-0.260524998786103,0.28832148285624193,-0.25614995730500434,0.10923021990662334,0.10728099889412507,0.36009186885048716,0.1125285496167641,-0.06625143598761386,0.37354208773463576,-0.30671607288982133,0.22021606583140688,-0.1254044771969968,0.26500879962722607,0.08801922466020119,0.24282387570250819,0.3014578722764977,68.15233541971674,67.37687240762436,68.76204325137799,0.6815233541971674,0.148363721949806,0.17011292385302654,39.01174560000001,258.8236152628452,48579.53373764904,1138.0847106090405,0.4253634582182381,18.161472218210356,2026-06-24 17:20:00,195,59.9917793044094,63.68432585601688,60.43351411312338,64.29292476642006,75.526597493747,72.1443203725625
10,193.01617554741114,155.41016041127415,348.4263359586853,342.51916716311206,100.0,0.39117651826782096,0.4140451173786971,0.24786116217956422,0.3329012062587444,-0.13238145469210105,0.035701395528946016,-0.22540845345128918,AP0196,False,1,1.0929526383299801,-1.0929526383299801,0.4837228641290318,-0.4023298862004438,0.4094949236088011,-0.4094949236088011,0.21254248687733887,0.17956344072467822,0.549678228236288,0.20283494253402093,-0.20283494253402093,0.4606434289070421,-0.4606434289070421,0.40221709696714636,-0.40221709696714636,0.0189452634138337,0.0189452634138337,0.27116018295551075,0.4104192055958994,60.43351411312338,59.9917793044094,75.526597493747,0.6043351411312338,0.15899614977276352,0.2366687090960027,39.011745600000005,258.0312631481766,49792.41915818268,1147.601975964693,0.4401678519499633,19.054475116722315,2026-06-25 01:20:00,196,68.26552873092122,64.12865401766531,69.1823778249205,64.80794596902194,73.10837013362101,74.317483813684
10,76.87557581650998,127.4012068920724,204.2767827085824,199.781336348901,60.0,0.33294206157651374,0.33565150475978633,0.8306425018413892,0.9052815425977307,-0.044962661344765675,0.019639031543695798,-0.030363490622619782,AP0197,False,4,0.38964580823504824,-0.38964580823504824,0.2976801477797451,-0.22949400475461149,0.3598939838298159,-0.2684317110507845,0.035312513879713424,0.035312513879713424,0.27063311343108065,0.15516986387679732,-0.15477594505497777,0.2607324649693651,-0.19506064202251777,0.21359174125435687,-0.21359174125435687,0.05904941977254366,0.05904941977254366,0.17213587246826573,0.2213844929496732,69.1823778249205,68.26552873092122,73.10837013362101,0.6918237782492049,0.15571382264026143,0.15246239911053366,39.01174560000001,258.0312631481766,50383.1229347304,1076.757492229119,0.4667750713795508,19.466862926381143,2026-06-25 16:50:00,197,70.07696314412189,69.17124593752155,70.68889790530595,69.93563786511322,68.95099876006485,71.02968444684294
10,69.41996592371734,96.8065241265286,166.22649005024593,137.93622845344083,60.0,0.44165338381191005,0.4466432265937591,0.24316837267716174,0.2963179779496444,-0.021648607410537646,0.012282136729559995,-0.0346322207759473,AP0198,False,4,0.32949926270851976,-0.32949926270851976,0.31732438621598563,-0.26257300314588394,0.300526898375784,-0.20805076855900959,0.07451244613867618,0.07451244613867618,0.2554657483597414,0.14765961862391758,-0.14765961862391758,0.15752165761717377,-0.06282598389356334,0.10158719782930868,-0.06801800065246731,0.05248634084835702,0.0489537500160104,0.11481370372968927,0.18513972604471535,70.68889790530595,70.07696314412189,68.95099876006485,0.7068889790530596,0.11871705229583834,0.1743939686511021,39.01174560000001,257.24987767998834,53179.33120533308,1061.9920058330317,0.4529270268216245,19.232624859049974,2026-06-26 01:35:00,198,69.60470453679486,69.84083384045837,72.2733024603543,71.48110018283012,67.2070360894077,68.07901742473626
10,24.957296527450197,21.058637614630303,46.015934142080496,46.01593414208094,50.0,0.5006491238876161,0.5050518796252953,0.6962900790362211,0.7070951209716306,0.02033072268726316,-0.0015641511907805855,-0.023135868874625265,AP0199,False,0,0.11318812973648486,-0.11318812973648486,0.11280120012578658,-0.11280120012578658,0.11345135654588762,-0.08099204814241544,0.0029914884602722795,0.001436815312306988,0.08560804371710784,0.0634652834566972,-0.056381339392303415,0.1440286183521416,0.04576561321842018,0.017844296476464398,-0.017844296476464398,0.15405673742546258,0.15304573895683557,0.09484873392769144,0.09022838882239964,72.2733024603543,69.60470453679486,67.2070360894077,0.722733024603543,0.1621072484839208,0.11515972691253601,39.011745600000005,257.24987767998834,52940.70691150094,1043.0784761079483,0.4541152900896249,20.617475090692157,2026-06-26 09:40:00,199,71.8065918254643,70.70564818112958,73.15059361113873,72.71194803574652,68.320798902834,67.76391749612085
10,137.21845774412105,313.5522821169784,450.77073986109946,445.05599529458124,80.0,0.3994089641644938,0.4031962038095852,1.3250214222171703,1.5213498868314497,-0.13969985880319502,0.05517706460057051,-0.14237411134438605,AP0200,False,1,0.5853150876760712,-0.5853150876760712,0.3341170877155579,-0.3341170877155579,0.19033670624231724,-0.08575170137146498,0.08465838950055203,0.08465838950055203,0.2986068177836246,0.15441281648811017,-0.12085707564446126,0.6684737994466031,-0.6523476163267833,0.6045768822148215,-0.6045768822148215,0.5319366351248462,0.5319366351248462,0.4898500333185953,0.39422842555110993,73.15059361113873,71.8065918254643,68.320798902834,0.7315059361113874,0.13042928713783986,0.13806477675077275,39.01174560000001,257.24987767998834,52617.00767159624,1044.3180247998366,0.44893978712971333,20.093886490063955,2026-06-26 17:36:00,200,66.75306615048929,69.2798289879768,67.09957322893993,70.12508342003933,67.01358384179473,67.66719137231436
10,17.089488588460085,50.2740606055225,67.36354919398258,67.36354919398269,50.0,0.4276539492954458,0.43388493366034525,0.9374711196501093,0.9624318543407432,-0.03946904346710206,0.0105796023247514,-0.011765716239492074,AP0201,False,0,0.07747596851670853,-0.07747596851670853,0.024911389107101053,-0.024911389107101053,0.016229654201736086,0.016229654201736086,0.0007773365739826458,-0.0007773365739826458,0.029848587099882078,0.16455626744521581,-0.1309123222437838,0.3086683012333245,-0.1945472777858483,0.1781239380858426,-0.1781239380858426,0.22674060970686777,0.22674060970686777,0.2195222791178127,0.12468543310884739,67.09957322893993,66.75306615048929,67.01358384179473,0.6709957322893993,0.13646834315398637,0.19253592455661425,39.01174560000001,256.5786412295219,53394.786472655105,1027.133124852329,0.45453497051957664,19.98670491702153,2026-06-27 01:11:00,201,66.4514440756962,66.60225511309275,67.12287371039088,67.1112234696654,71.60192866095987,69.3077562513773
10,41.590576390386346,67.17223321528908,108.76280960567541,102.14367980483934,70.0,0.43294326558123586,0.4386349930624619,-0.20049450377216416,-0.16359249405212062,0.13473950158315812,-0.016065269599854617,-0.04212558662308691,AP0202,False,0,0.17734902336579886,-0.17734902336579886,0.2854190373838997,-0.23604951407509986,0.310777832666151,-0.21805208454002592,0.06333220694918262,-0.00384627857658919,0.20921952509125805,0.18302227935807935,-0.1493783341566475,0.20652291362235103,0.20652291362235103,0.35704945030139973,-0.262873793938888,0.2737731312217925,0.2737731312217925,0.25509194362590565,0.23215573435858183,67.12287371039088,66.4514440756962,71.60192866095987,0.6712287371039087,0.18202233415948726,0.146748928736604,38.71286826,256.5786412295219,51081.80838701683,1043.2208985166296,0.4547912874858491,19.646027403563277,2026-06-27 09:17:00,202,66.19553935976042,66.3234917177283,67.79923190734513,67.461052808868,63.99136378834028,67.79664622465008
10,48.09045170681122,252.03041283558375,300.120864542395,266.3586515919104,50.0,0.3542768663770283,0.3542112443708763,0.904044140711108,1.0615774068034851,-0.06413823661130674,0.0363992615276985,-0.03935398825992187,AP0203,False,1,0.1964162761148038,-0.1964162761148038,0.04470094147208622,-0.04470094147208622,0.04203196075405407,-0.04203196075405407,0.07607339372482412,0.07607339372482412,0.08980564301644206,0.1912251225215443,-0.1174035384759832,0.5146405756474592,-0.5146405756474592,0.6701596554642861,-0.6701596554642861,0.3154810562232563,0.3154810562232563,0.4228766024641365,0.2563411227402893,67.79923190734513,66.19553935976042,63.99136378834028,0.6779923190734513,0.1611722713223264,0.1608354096042224,38.71286826,256.3986292481625,53015.96651731545,1031.3249663286308,0.4580833924218894,20.33776128892379,2026-06-27 17:26:00,203,60.410093576370244,63.30281646806533,60.863310290464845,64.33127109890499,61.803108274286686,62.89723603131348
10,112.06357491274062,172.5551850863195,284.61875999906016,273.13680049559656,70.0,0.40939722601767164,0.41696929489423146,0.8712128204568967,0.9710819846621721,-0.02846565525330963,0.0210730409620008,-0.046320794552803135,AP0204,False,4,0.5191356447582371,-0.5191356447582371,0.33766973098259573,-0.33766973098259573,0.38902356503449975,-0.38902356503449975,0.027121904744517644,0.024954030864833703,0.3182377113799626,0.20082932536249348,-0.20082932536249348,0.16605384989811767,-0.16605384989811767,0.36102620178916967,-0.36102620178916967,0.19974182865514686,0.19875676055163108,0.23191280142623194,0.27507525640309727,60.863310290464845,60.410093576370244,61.803108274286686,0.6086331029046486,0.15733270509625108,0.2340341919991003,38.71286826,255.58857533204554,51382.399504997265,1051.3351378126683,0.45520507638161956,19.577267913760604,2026-06-28 01:44:00,204,63.66233755856593,62.03621556746809,64.1901037712104,62.52670703083763,63.18353634649381,62.49332231039025
10,138.44878894852855,163.41238231213438,301.86117126066296,301.8611712606629,80.0,0.40509880052833325,0.4131543248297449,0.2415769936546306,0.33261664250888906,-0.08402700556496218,0.028746577080331806,-0.0038448106724226494,AP0205,False,2,0.8422087890405584,-0.8422087890405584,0.3466000169117891,-0.08916486361237456,0.5679519094028805,-0.5679519094028805,0.23511121367366816,0.21480561079681504,0.497967982257224,0.2325518289196981,-0.2325518289196981,0.3482609942962106,-0.3482609942962106,0.4098717173803377,-0.4098717173803377,0.10968784577791471,0.10968784577791471,0.27509309659354025,0.3865305394253822,64.1901037712104,63.66233755856593,63.18353634649381,0.641901037712104,0.20393106690098275,0.15416789538691336,38.71286826,255.58857533204554,49946.49211614003,1053.0646812075152,0.4409690653992094,18.430843916299903,2026-06-28 10:18:00,205,63.96967014025942,63.816003849412674,66.50803579954899,65.3490697853797,63.26010547659859,63.2218209115462
10,46.7543754100806,467.0291088679362,513.7834842780168,510.5960171329208,70.0,0.3532085243864272,0.3833257387514851,1.0544145979196786,1.3471833553770827,-0.09939723574802062,0.06439507277593179,-0.04848690547138923,AP0206,False,3,0.1912590116771706,-0.1912590116771706,0.23529569054570634,-0.18901426253017348,0.20677886868805115,-0.20677886868805115,0.015681083148994177,0.015681083148994177,0.16225366351498058,0.32354817582232875,-0.1962301299984351,0.8105032974623091,-0.8105032974623091,0.9894834052474828,-0.9428123244486974,1.0089540532255064,0.9276975719292723,0.7831222329394067,0.4726879482271936,66.50803579954899,63.96967014025942,63.26010547659859,0.6650803579954899,0.1643792339254391,0.17054040807907106,38.71286826000001,255.5288725921513,52398.77447289754,1052.7482788628026,0.44591330949991587,19.5768160456532,2026-06-28 18:54:00,206,69.79008827869758,66.8798792094785,70.64280982652163,68.57542281303532,65.88942656652814,64.57476602156336
10,108.76038335383373,76.29273911031413,185.05312246414786,154.67917468198414,90.0,0.4422040913853964,0.44587525793538524,0.8110435270912266,0.8596496215912215,-0.008312956564908297,0.00934631380376081,-0.10295808704736753,AP0207,False,3,0.5091634339023051,-0.5091634339023051,0.5148093306576063,-0.27193500105588103,0.5690156155802483,-0.5690156155802483,0.13250722380788654,0.07062542355411526,0.4313739009870116,0.07996991780475311,-0.0463715655208799,0.1521413175081636,-0.06983356568269383,0.11084251159791433,-0.016251507698049568,0.09393456996886324,0.09294133923380349,0.10922207921992357,0.27029799010346756,70.64280982652163,69.79008827869758,65.88942656652814,0.7064280982652162,0.11254641922158169,0.18102548251320216,38.71286826,255.42439279733628,54038.04806837936,1062.9645257945226,0.44682570100467933,20.022022372617396,2026-06-29 02:56:00,207,73.79294245621271,71.79151536745515,74.68286740348356,72.66283861500258,71.70813458926891,68.79878057789853
10,61.87202932348737,27.500748343280193,89.37277766676756,87.29232131886499,50.0,0.4706587327777344,0.4748359108674496,0.8410850345552963,0.8603795993968034,0.017804537742881155,0.00024466783228670186,-0.051900079072659366,AP0208,False,0,0.30883169507550856,-0.30883169507550856,0.1348802081795941,-0.1348802081795941,0.17684535627514872,-0.11777011050770143,0.1594517053831405,-0.02434135544463843,0.19500224122834797,0.08515097659098514,0.0006856320868179125,0.10192296226309053,-0.004258558240201403,0.04498433846915547,-0.04498433846915547,0.10207576864007259,0.10207576864007259,0.08353351149082594,0.13926787635958696,74.68286740348356,73.79294245621271,71.70813458926891,0.7468286740348357,0.10555325328259098,0.14761807268257335,38.71286826000001,255.42439279733628,52012.00702490657,1038.2055967903036,0.4603488373266124,19.6624767864608,2026-06-29 10:54:00,208,71.55359338258206,72.67326791939739,72.55314338657644,73.61800539503,70.6112749425353,71.1597047659021
10,33.963045208320835,114.8373481030703,148.80039331139113,146.51119863892285,70.0,0.46355231325601454,0.4692727694324789,1.1322377993183204,1.209022082461083,-0.037961313181709866,0.018841641432589887,-0.02745099108277599,AP0209,False,0,0.1354570011867333,-0.1354570011867333,0.145045657401165,-0.145045657401165,0.17657309421497291,-0.14411378581150072,0.009616154051184508,0.008061480903218522,0.11667297671351393,0.14770676284252846,0.07448103239801407,0.40086771339348715,-0.40086771339348715,0.5301862919453847,-0.5301862919453847,0.39346566879131933,0.39346566879131933,0.3680566092431799,0.2423647929783469,72.55314338657644,71.55359338258206,70.6112749425353,0.7255314338657645,0.12621273655534337,0.14825582957889222,39.033449759999996,255.3577743563121,55071.09173661917,1023.7126791330309,0.4754140716753028,19.204504580102977,2026-06-29 18:47:00,209,67.08815572778333,69.3208745551827,68.15696169302298,70.35505253979971,63.28695534071373,66.94911514162452
10,132.06448930419077,81.87578382373562,213.94027312792636,164.34295229073007,70.0,0.4609312501368851,0.46710254973593146,0.45179178880739873,0.5079445650977339,0.0024647574065022604,0.008815766647591622,-0.0002826078887021577,AP0210,False,2,0.8319755201037259,-0.8319755201037259,0.405775398677058,0.12205922110329821,0.1936045245070193,-0.10601112629688665,0.05987977219215492,0.05690005344644713,0.3728088038699895,0.107778814786843,-0.022724986204928268,0.0953160001579868,-0.07159563233440536,0.08197579690630243,0.07046103234943624,0.008633892847559745,-0.008633892847559745,0.07342612617467298,0.22311746502233124,68.15696169302298,67.08815572778333,63.28695534071373,0.6815696169302298,0.07575049811988552,0.24267988494988466,39.033449759999996,255.24119208451967,54061.31455653962,1023.274395041617,0.4853372899494867,19.427144146386162,2026-06-30 02:40:00,210,74.60280343253305,70.84547958015818,75.41130626545628,71.78413397923963,74.54141376538628,68.91418455305
10,54.78087458968656,124.93076510210187,179.71163969178843,158.4781737816062,70.0,0.44151888679918666,0.44471842308771176,0.6914637865344839,0.7661012251838923,-0.0180712338156086,0.015223098926932188,-0.0363716443924465,AP0211,False,3,0.2677030408129923,-0.2677030408129923,0.17285371823128073,-0.06466933282590524,0.07910303120261995,-0.046168116477021036,0.10001313262952295,0.09640277910335154,0.154918230719104,0.17807094170320004,-0.17807094170320004,0.10751341353071814,-0.02546348261138135,0.07988923474635108,0.07988923474635108,0.038786493697598914,0.03166276737542234,0.10106502091946704,0.12799162581928553,75.41130626545628,74.60280343253305,74.54141376538628,0.7541130626545628,0.08793414616887052,0.1579527911765666,39.033449759999996,255.24119208451967,52275.316541010434,1030.7851786838844,0.48214619728572744,19.270292901264213,2026-06-30 10:51:00,211,70.93343629838353,72.76811986545829,72.18348980959064,73.79739803752346,72.72003543073973,73.63072459806301
10,41.83771201754118,425.2028923501675,467.0406043677086,457.0178616590572,90.0,0.4077451763047808,0.4135126593890198,0.898545554481195,1.1472193709940892,-0.1363778072607706,0.06322686761472329,-0.04288484657918684,AP0212,False,4,0.19221119541098727,-0.19221119541098727,0.3430555548548784,-0.3430555548548784,0.28510698463366807,-0.28510698463366807,0.01169141267973386,0.010599210055191046,0.20801628689481688,0.5428166612123262,-0.45724673956538786,0.6731706100896443,-0.6731706100896443,0.8600515506746379,-0.8264823534977966,0.29378955075413365,0.29025695992178707,0.5924570931826855,0.4002366900387512,72.18348980959064,70.93343629838353,72.72003543073973,0.7218348980959064,0.14685270669942627,0.13131239520466736,39.033449759999996,254.32611336881698,53970.050712337455,1042.2685081989532,0.4696446532128339,18.378332982027384,2026-06-30 18:48:00,212,70.13314182765484,70.53328906301918,72.34329127523083,72.26339054241073,71.10455431600745,71.91229487337358
10,7.253304554621394,24.177118595841478,31.43042315046287,12.981940160160718,30.0,0.3966114898050333,0.3969546837633272,0.5159599437376263,0.5291239728242645,-0.03131755127519831,0.007304036184209592,-0.008282882663510516,AP0213,False,4,0.024137129135427204,-0.024137129135427204,0.09223414915558571,-0.09223414915558571,0.059396587046800654,-0.059396587046800654,0.023521889388594005,0.022975788076321904,0.0498224386816019,0.04039796705233152,-0.04039796705233152,0.07993541080258551,-0.07993541080258551,0.022607851893641628,0.010961345283199687,0.0022588294679309,-0.0022588294679309,0.03630001480412239,0.04306122674286214,72.34329127523083,70.13314182765484,71.10455431600745,0.7234329127523083,0.07467336365079763,0.20189372359689411,38.53109184,252.7247256163372,52773.27220593005,1027.2840301603424,0.4398687130910055,19.265926854808075,2026-07-01 02:51:00,213,75.15219181323657,72.6426668204457,76.068255281587,74.20577327840891,73.32349269630846,72.21402350615796
10,60.25188806583952,148.34549505015372,208.59738311599324,203.48405095011947,70.0,0.3991226747687138,0.4064582706886041,-0.10063570995231991,-0.01585821075272481,-0.0741827055125121,0.026101839854204806,-0.03002337119751508,AP0214,False,4,0.3912669007209688,-0.3912669007209688,0.16911117087594665,-0.05960840473574324,0.17916845875056034,0.005783800882989132,0.03340394108577465,0.03340394108577465,0.1932376178583126,0.16338687468793542,-0.16338687468793542,0.33420257310403767,-0.25448956547325463,0.35179634115405223,-0.2233821568599197,0.22258016547515133,0.21904757464280533,0.26799148860529415,0.2306145532318034,76.068255281587,75.15219181323657,73.32349269630846,0.76068255281587,0.10938592427203367,0.1299315229120964,38.531091839999995,252.7247256163372,49542.97546961902,1045.0314668493388,0.4495223588158196,18.307450289811865,2026-07-01 11:26:00,214,69.04243746866473,72.09731464095066,69.51747159564997,72.79286343861848,66.55987851174217,69.94168560402531
10,53.536617251261816,495.99296914072653,549.5295863919885,545.622779991848,70.0,0.4152913000005878,0.42797887200028056,-0.001225593557497795,0.29053376649190416,-0.1419419813401237,0.07121532699335398,-0.016839815886601328,AP0215,False,2,0.3403555651257615,-0.3403555651257615,0.1439005916938292,-0.09175803825535545,0.14136128580304777,-0.01728611467758384,0.038543547050058434,0.036594326037558786,0.16604024741817422,0.6598645089208716,-0.5625541927514619,0.5956779159819448,-0.5638438248640935,0.6125201328912548,-0.31672751593377824,0.16881603665541112,0.16881603665541112,0.5092196486123706,0.3376299480152724,69.51747159564997,69.04243746866473,66.55987851174217,0.6951747159564997,0.10154466311534817,0.2032806209281522,38.53109184,252.48950110959268,49014.81302169834,1027.9160357243818,0.42794148513901364,18.33503830840809,2026-07-01 19:26:00,215,73.48446419256281,71.26345083061378,74.64826729378122,72.08286944471558,77.57604347502985,72.06796099338601
10,31.84415002459903,98.40583724485944,130.24998726945847,130.24998726945904,80.0,0.43958387771592766,0.45022911576836044,-0.1338825457245717,-0.07312503403774417,-0.04920799932067543,0.018056734155583398,-0.022343091593436504,AP0216,False,0,0.2031684995240207,-0.2031684995240207,0.17536947700191882,-0.09867712637525061,0.09600256184461248,-0.09600256184461248,0.07403960315945607,0.07360608028569804,0.137145035382502,0.2547482842415609,-0.046654359938258186,0.3541111346102131,-0.34802748040876746,0.3214051047562781,-0.2778733255025157,0.2671589541305321,0.2671589541305321,0.29935586943464604,0.21825045240857402,74.64826729378122,73.48446419256281,77.57604347502985,0.7464826729378121,0.10268113622955632,0.15083619083263153,38.531091839999995,252.0778582227898,50776.139431084644,1006.6542343228273,0.4411796710766901,18.709358717696688,2026-07-02 03:36:00,216,76.75021429676049,75.11733924466165,77.43659000960069,76.04242865169095,72.67050029471659,75.12327188487322
10,125.64056734825996,133.74204592226826,259.3826132705282,235.69291666898226,80.0,0.34884050045294945,0.3534812827701027,-0.04418267313829505,0.030419396892663597,0.06670222617386662,0.0012971828993582901,-0.11677217633894732,AP0217,False,3,0.6326560930836086,-0.6326560930836086,0.1775661312758843,-0.08500327524481849,0.11208193988226049,-0.11208193988226049,0.10155096759138477,-0.06523389831587924,0.25596378295828454,0.27480963907389006,-0.18836716990080998,0.1869859912812195,0.12584862329076987,0.25093112228943704,-0.11270448756242546,0.25106445759479973,0.25106445759479973,0.2409478025598366,0.24845579275906057,77.43659000960069,76.75021429676049,72.67050029471659,0.7743659000960069,0.07524445234779878,0.15038964755619427,38.53109184,252.0778582227898,49882.96468716553,993.2126449843712,0.44135063689105347,18.69096764868742,2026-07-02 11:40:00,217,63.18360377448334,69.96690903562191,66.11835591013704,71.77747295986887,68.5400042933873,70.60525229405195
8,66.27177011357959,92.52216080939439,158.79393092297397,150.86727707297732,75.0,0.32989773229064195,0.33475341957797605,0.5581197567204005,0.603521402692961,0.05652075685131552,-0.001825798173851409,-0.05045230051346722,AP0218,False,4,0.384601610612283,-0.384601610612283,0.15657797134093546,-0.10182658827083374,0.17561621855819665,-0.018303743236158517,0.08939435798485551,-0.06653689212378007,0.20154753962406766,0.5686773404653278,-0.5686773404653278,0.9173392685981621,0.6765861138619447,0.5298276310154135,0.3067472112526206,0.29700484739655125,0.29700484739655125,0.5782122718688637,0.38987990574646564,66.11835591013704,63.18360377448334,68.5400042933873,0.6611835591013704,0.13650893831346186,0.2023075025851677,38.53109184,252.0778582227898,49437.52243573926,1055.3278846433893,0.43204410795175013,18.579042787344413,2026-07-02 19:29:00,218,59.321399986192574,61.25250188033796,60.280124423987154,63.1992401670621,63.69177599977403,66.11589014658067
1,0.0,0.0,0.0,0.0,0.0,0.2168329877269762,0.2168329877269762,-0.232618448810751,-0.232618448810751,0.0,0.0,,AP0219,False,2,,,,,,,,,,0.0,0.0,0.0,0.0,0.0,0.0,0.0,0.0,0.0,0.0,60.280124423987154,59.321399986192574,63.69177599977403,0.6028012442398716,0.2055455877920586,0.19165316796806983,38.531091839999995,252.0778582227898,50560.37376020767,1067.1995163139204,0.45242483523064386,19.077122921577224,2026-07-03 03:24:00,219,77.40069151848783,68.3610457523402,78.80569506549615,69.54290974474165,74.7730536359209,69.23241481784747
9,0.0,0.0,0.0,0.0,0.0,0.07187231817305793,0.07187231817305793,0.3304621764745403,0.3304621764745403,0.0,0.0,0.0,AP0220,False,0,0.0,0.0,0.0,0.0,0.0,0.0,0.0,0.0,0.0,0.0,0.0,0.0,0.0,0.0,0.0,0.0,0.0,0.0,0.0,78.80569506549615,77.40069151848783,74.7730536359209,0.7880569506549615,0.06217299989993319,0.14977004944510527,38.531091839999995,252.0778582227898,51295.537810661495,1083.2373448787703,0.4456314440714362,20.476045776363833,2026-07-03 13:09:00,220,67.5295878084326,72.4651396634602,68.34855929233406,73.5771271789151,68.56644777351154,71.66975070471622
9,34.14598307471505,188.31416886431447,222.4601519390295,189.2725197945681,77.77777777777779,0.3366350032014407,0.34324252442134273,0.854690089668068,0.9762973239853245,-0.03713578623153979,0.02606617743001581,-0.04709026003748995,AP0221,False,3,0.21599846746559734,-0.21599846746559734,0.14312539892142598,-0.10302759285200858,0.17697364831459395,-0.018257776508253488,0.09325899313237758,-0.07744646134487874,0.15733912695849872,0.1613879740232532,-0.07494550485017315,0.2468871376152711,-0.2468871376152711,0.20391835472624675,0.00556355875138187,0.2602989367285108,0.2602989367285108,0.21812310077332045,0.18773111386590957,68.34855929233406,67.5295878084326,68.56644777351154,0.6834855929233405,0.17131666671491047,0.14519774036174893,38.531091839999995,251.22329011469174,52116.91893101828,1000.4750643941104,0.4442980200026196,19.841513686993675,2026-07-03 21:08:00,221,57.98409620648263,62.756842007457614,59.15619740294824,63.75237834764115,62.64225041905433,65.60434909628293
10,101.8049009250607,316.51333123357017,418.31823215863085,418.31823215863096,80.0,0.335479316906104,0.3652609910798085,0.44659916836311486,0.6506107440020404,-0.02624271627664454,0.037808586521440105,-0.09143289382026026,AP0222,False,1,0.581780779609956,-0.581780779609956,0.3264214087345673,-0.04930027559498067,0.2503183751680573,0.0018595699954793432,0.17251080893851575,-0.002731824811656449,0.33275784311277407,0.16621076477515345,-0.013015495107238081,0.45689925243333895,-0.287042126683561,0.6102284689815094,-0.6102284689815094,1.1476033983156295,1.1476033983156295,0.5952354711264078,0.463996657119591,59.15619740294824,57.98409620648263,62.64225041905433,0.5915619740294824,0.16198206272778165,0.24645596324273597,38.53109184,250.51115002461012,51219.743520326054,985.6405350372528,0.4470945803605679,19.11882716421698,2026-07-04 05:10:00,222,67.90518378251541,62.94463999449902,68.96693629425373,64.06156684860099,73.03520867215123,67.83872954560277
10,66.47053975404329,182.55556525653753,249.0261050105808,237.78336979394936,80.0,0.4522189709035473,0.46353619282602976,0.3700016506331116,0.4693710286318934,-0.09908715376067861,0.032587279435051006,0.004143588718981961,AP0223,False,2,0.5705723055536029,-0.5705723055536029,0.12919910264414836,0.1205159341944589,0.11698437386807825,0.11698437386807825,0.03044937443473519,0.03044937443473519,0.21180128912514118,0.22919046802204845,-0.2023389477040759,0.4826142585575336,-0.4451392883036752,0.5631141600057366,-0.4630181305223416,0.24625719932679907,0.03175333002865767,0.3802940214780294,0.2960476553015853,68.96693629425373,67.90518378251541,73.03520867215123,0.6896693629425372,0.1568555305642134,0.1534751064932493,38.53109184,250.51115002461012,51662.69897218412,1001.1614728193197,0.4470279425469602,19.484850582003244,2026-07-04 13:17:00,223,64.28045817732976,66.09282097992258,65.65726134183335,67.31209881804354,59.96581455139281,66.50051161177203
10,79.70442861778677,179.01959445658827,258.72402307437505,245.96744829783643,80.0,0.4042693720040037,0.41142964980389723,1.0233956154836017,1.1468621327661874,0.000874663189875724,0.020130025302579624,-0.06483459628256644,AP0224,False,4,0.46745901395706646,-0.46745901395706646,0.20012689307795076,-0.14537551000784904,0.29549140113639644,0.1015714393420419,0.06596994760529472,-0.012091950324136347,0.2572618139441771,0.17542222227705614,0.03202517193065826,0.3312285973982055,-0.31671180248235903,0.30840414221234635,-0.14143040583449817,0.2561294679286841,0.2561294679286841,0.267796107454073,0.262528960699125,65.65726134183335,64.28045817732976,59.96581455139281,0.6565726134183334,0.11759682647010407,0.22583056011156247,38.53109184,250.01720203019246,50587.02233420328,1020.0770964339689,0.4453407806727429,18.79557230241472,2026-07-04 21:02:00,224,60.58829688060983,62.4343775289698,60.86118849974752,63.25922492079043,67.67957062210127,63.82269258674704
10,49.04374651741222,193.7216616878672,242.7654082052794,232.4424100752085,70.0,0.47714739724021094,0.4823616197342043,0.6187068380937233,0.7350740806716045,-0.06197706426403271,0.029284779448590106,-0.03212056965047755,AP0225,False,4,0.30659382955741904,-0.30659382955741904,0.10414425227889591,-0.06161789202377586,0.057882135859182636,0.03923364735130091,0.010609193553291098,0.004734008429404025,0.11980735281219716,0.2605615630523539,-0.17427072540431596,0.3402908669452668,-0.3402908669452668,0.2581667061605736,-0.19803534131232062,0.11673795430078053,0.05739513597791919,0.24393927261474369,0.18187331271347043,60.86118849974752,60.58829688060983,67.67957062210127,0.6086118849974752,0.20813072803700738,0.18325738696551735,38.30485779,249.60557870151106,49399.95879507248,996.870268759498,0.3882558165884255,19.031355996522347,2026-07-05 04:50:00,225,66.52672916909347,63.55751302485165,67.43359127513693,64.14738988744223,69.69647253669541,68.68802157939834
10,40.886443782993084,469.05854615698405,509.9449899399771,506.2007911498124,80.0,0.3866014080000125,0.412997771090585,0.5078976302570679,0.7848576492302823,-0.24110016151749758,0.0850673531183435,-0.04640831318784061,AP0226,False,3,0.21423958023870085,-0.21423958023870085,0.15873913226453598,-0.07358856790680081,0.1427095936707334,-0.0768397642195356,0.09095765826423678,-0.03592809613151041,0.15166149110955174,0.4047197001976661,-0.4047197001976661,0.9963741818552547,-0.9963741818552547,0.9662913033553739,-0.9662913033553739,0.730895357080663,0.730895357080663,0.7745701356222394,0.4631158133658956,67.43359127513693,66.52672916909347,69.69647253669541,0.6743359127513694,0.2003748364611712,0.1252892507874594,38.30485779,249.60557870151106,50433.88670996668,966.4449618460213,0.3990116264955906,18.942842838785275,2026-07-05 13:05:00,226,72.2549691965013,69.39084918279738,72.65281995285044,70.04320561399368,74.1102151770228,71.9033438568591
10,3.857999510199079,128.80096152782318,132.65896103802226,130.1913231693096,40.0,0.44265993199089604,0.44347126506179935,-0.1723018523981799,-0.09392113449315043,0.0015454757920387863,0.012616624320688108,0.003488371519575817,AP0227,False,2,0.042836177655983444,-0.042836177655983444,0.026071276719236505,0.026071276719236505,0.04595182278711318,0.04595182278711318,0.008599131955097606,0.008599131955097606,0.030864602279357684,0.16048318101559975,-0.16048318101559975,0.10874458428935779,0.04130504885518343,0.1108865936404641,0.1108865936404641,0.05258453971668729,0.04903176001423397,0.10817472466552723,0.06951966347244246,72.65281995285044,72.2549691965013,74.1102151770228,0.7265281995285043,0.092675499221393,0.18079630125010265,38.30485779,249.60557870151106,49934.76258516331,973.1868078076101,0.40043929153061086,19.938122112956854,2026-07-05 20:46:00,227,66.96503127723106,69.61000023686618,67.57184117073118,70.1123305617908,79.03521847344473,76.57271682523375
10,22.930186951351843,186.84234594952665,209.77253290087847,197.0870602550528,60.0,0.4895722383789419,0.4903684436068839,0.45987878632762463,0.5752089046381326,-0.023978417673019087,0.02287496485772198,-0.016312982951564914,AP0228,False,2,0.13983386724926025,-0.13983386724926025,0.06692668337333522,-0.06692668337333522,0.062071683584124016,-0.062071683584124016,0.06875508244849944,-0.0224752216257935,0.08439682916380473,0.23404713476941416,-0.20049110788150323,0.10948885933787092,-0.09282974696465393,0.052582776609559914,0.046985638568544943,0.040679115341439705,0.030020776234080348,0.10919947151457117,0.09679815033918795,67.57184117073118,66.96503127723106,79.03521847344473,0.6757184117073118,0.11930153423543352,0.20498005405725458,38.30485779,249.60557870151106,49491.506135511736,976.4187858148522,0.39682117224821717,18.51352807048642,2026-07-06 04:17:00,228,73.47448383181303,70.21975755452205,74.73219532607355,71.15201824840236,74.3488482880298,76.69203338073726
10,37.75969458782563,39.24246621725102,77.00216080507664,72.08192109052385,60.0,0.39005914049472984,0.3950800856455082,1.159879972919671,1.1831647096476683,0.012969968167313661,0.001693722259553998,-0.033095439848641384,AP0229,False,0,0.2384937762272997,-0.16157013227259504,0.2881241571432193,-0.21143180651655044,0.16800836308261172,-0.13554905467913955,0.03481079362893221,0.03325612048096691,0.18235927252051573,0.022444118433034236,-0.022444118433034236,0.04522416296231673,-0.04522416296231673,0.17853404397545136,-0.17853404397545136,0.21041433647156302,0.21041433647156302,0.11415416546059134,0.14825671899055354,74.73219532607355,73.47448383181303,74.3488482880298,0.7473219532607356,0.11108090132152271,0.1415971454177418,38.30485779,249.60557870151106,50222.64750537063,941.8353366833037,0.3998335685422957,19.325729935769214,2026-07-06 12:06:00,229,63.368908736985794,68.42169628439942,63.99737737146059,69.36478634876707,65.51995724630201,69.9344027671659
10,34.589346247546985,65.93970950784136,100.52905575538833,91.92262867711355,70.0,0.36475718385130185,0.37134117185981796,0.8641663026322124,0.8989441977659034,-0.0595617290166392,0.015490907085440108,-0.02000084174186134,AP0230,False,0,0.2154037448009917,-0.2154037448009917,0.17991541197197114,0.10642771372009809,0.19276258914381814,-0.03121996229852057,0.02112190539512657,-0.009414585193198483,0.1523009128279769,0.1437790350736755,-0.11013508987224349,0.38035573989770355,-0.312625090787791,0.3320406718873664,-0.3320406718873664,0.24596774112435923,0.24596774112435923,0.2755357969957762,0.21391835491187652,63.99737737146059,63.368908736985794,65.51995724630201,0.6399737737146058,0.19128138622922755,0.16874484005616658,38.30485779,249.4596866861012,51925.67490864809,956.3712217136698,0.3850329550734162,19.059723199682015,2026-07-06 19:26:00,230,65.73661664170938,64.55276268934759,66.26445030543391,65.13091383844724,78.64519956794977,72.0825784071259
10,70.10057556723174,336.65311566302955,406.7536912302613,394.28479838994303,80.0,0.4720338595715912,0.47989880784449257,0.7745539221906796,0.9895551711169825,-0.04059879884302481,0.04197045119364989,-0.10321336226129535,AP0231,False,1,0.22371705708606324,-0.22371705708606324,0.40386167873304046,-0.40386167873304046,0.2891547300789091,-0.2891547300789091,0.18961759920189905,0.18849608810650223,0.276587766274978,0.45130725158629287,-0.20904210396601713,0.40835727946335804,-0.40835727946335804,0.37359272005974087,-0.37245443388740707,0.28512508144738,0.248507093672102,0.37959558313919295,0.32809167470708545,66.26445030543391,65.73661664170938,78.64519956794977,0.6626445030543391,0.1090036787398917,0.22835181820576922,38.30485779,249.20437565913397,52236.627570008684,987.454818394563,0.3918414251761873,19.985769867511383,2026-07-07 03:15:00,231,72.53462699193129,69.13562181682033,74.07367684909066,70.16906357726228,70.6296860163142,74.63744279213199
10,27.515400384534246,336.928578248721,364.44397863325526,305.54778332251567,60.0,0.37012841612030745,0.3944260146733888,0.9667624253494804,1.187413024322163,0.1712407596975683,0.008113274101003997,-0.03648468263715454,AP0232,False,1,0.11943206344320172,-0.11943206344320172,0.1044301638971696,-0.1044301638971696,0.027533883134200503,0.0049759452917826396,0.0015662291286200863,-0.0015662291286200863,0.06324058490079798,0.27965415381864,-0.27965415381864,0.6169165404768435,0.4357832438760488,0.12151498588000889,0.03548945245122706,1.3782578304977007,1.3782578304977007,0.5990858776682983,0.3311632312845481,74.07367684909066,72.53462699193129,70.6296860163142,0.7407367684909066,0.0772789406482198,0.1819842908608737,38.48465125,249.20437565913397,53727.49355169835,975.2421728985275,0.394290966046792,19.480642098403834,2026-07-07 11:22:00,232,66.05017757649037,69.29240228421082,66.72365286029398,70.39866485469233,70.71230248017659,70.67099424824539
10,86.03580648524881,16.205804443895488,102.24161092914429,96.39589428582792,70.0,0.3564008289448661,0.36224657271443916,0.699759063719499,0.7125012503683179,0.0037104095823724537,0.0014830504214198015,-0.0877755592778044,AP0233,False,0,0.42845857964243256,-0.42845857964243256,0.3456167398869698,-0.27082763010917915,0.4141157765245132,-0.4141157765245132,0.11766191055313908,-0.10880530300798126,0.32646325165176365,0.048098008328991276,0.03611353649382821,0.0968048770283549,-0.027345532643849615,0.08841039171759732,-0.027963891714004704,0.10616070737634975,0.05206916044014473,0.08486849611282332,0.2056658738822935,66.72365286029398,66.05017757649037,70.71230248017659,0.6672365286029399,0.19045826033246782,0.14230521106459232,38.48465125,248.93691219562814,51369.67504372131,946.2341177276621,0.39678874419476207,18.360524164079184,2026-07-07 19:12:00,233,70.84500030250688,68.44758893949862,71.41973643193772,69.07169464611584,82.72616987590246,76.71923617803952
10,34.15975746917252,226.28926533060664,260.44902279977913,222.14649567902006,80.0,0.37514322714990944,0.3753193470234045,1.137791654985201,1.2980668801961264,-0.004671528991235074,0.027084852906758695,-0.018840883209126746,AP0234,False,2,0.1935587184039995,-0.1935587184039995,0.19423999908503306,-0.14209744564656002,0.21184541096468493,-0.08777023983922101,0.0354897363734235,0.033540515360923846,0.15878346620678524,0.2212883744162945,-0.04473324090974963,0.21719624541050525,-0.21719624541050525,0.22166336579211585,0.22166336579211585,0.1651412909000009,0.1223459334341339,0.20632231912972915,0.1825528926682572,71.41973643193772,70.84500030250688,82.72616987590246,0.7141973643193773,0.11287352811471582,0.1729291075659069,38.48465125,248.4688511344928,51844.19883615714,950.3460910989,0.39313130967977167,19.084581191628153,2026-07-08 03:17:00,234,62.75130878245399,66.79815454248043,63.84925183569626,67.63449413381699,64.14570493189623,73.43593740389935
10,40.954058600092786,161.23920113432797,202.19325973442076,200.15561097157223,60.0,0.40473945331279093,0.41621162895644065,1.6928862062429557,1.7800052378726776,-0.07297799884036146,0.026288510750424203,-0.04479936366366982,AP0235,False,2,0.1507626753467568,-0.1507626753467568,0.2645773211524303,-0.2645773211524303,0.23930455681432508,-0.20713303126308755,0.048662188609351474,-0.03758023947119204,0.17582668548071592,0.23530036059105738,-0.23530036059105738,0.3110638944415466,-0.273588924187688,0.46000509264479694,-0.35990906316140203,0.10889424583712172,-0.10889424583712172,0.2788158983786307,0.22732129192967326,63.84925183569626,62.75130878245399,64.14570493189623,0.6384925183569626,0.15941441160870498,0.20209307003433244,38.48465125,248.4688511344928,51791.46450299664,942.0000737060618,0.4025408569314692,18.861458475383607,2026-07-08 11:03:00,235,61.3405164214334,62.0459126019437,61.84588944667188,62.84757064118407,65.14483520791224,64.64527006990423
10,24.609845957273947,70.68393364822626,95.29377960550019,92.56558063374536,50.0,0.3349315854711298,0.33707279538867807,1.3345012745974913,1.3745856244486074,-0.02094643663678336,0.010021475613776597,-0.02277481591904068,AP0236,False,4,0.107159175319396,-0.107159175319396,0.14875978674042806,-0.07051795775907949,0.17686457930164146,-0.17686457930164146,0.13629093355580083,-0.12515682710974402,0.1422686187293166,0.09176535191845195,-0.09176535191845195,0.14595182778365715,-0.08194472571228464,0.14849419762903437,-0.05259785616899808,0.020615369383818874,0.020615369383818874,0.10170668667874058,0.12198765270402857,61.84588944667188,61.3405164214334,65.14483520791224,0.6184588944667188,0.23002921124574904,0.1515118942875322,38.48465125,247.93152967934782,51689.13221214232,971.0669373834095,0.4003634005794389,18.76285927459358,2026-07-08 19:00:00,236,67.64450803899014,64.49251223021177,68.59497324815254,65.22043134741222,68.51193183451608,66.82838352121416
10,39.16278859938912,75.66073947930414,114.82352807869326,114.82352807869296,60.0,0.43302013743818996,0.43872267249012686,0.46550659940999134,0.5156745997436706,-0.020879858678592378,0.011666315108747397,-0.046788003829726255,AP0237,False,1,0.1919981599295885,-0.1919981599295885,0.15219757271883547,-0.11353050393093937,0.12571847201407738,-0.09320864358809426,0.11290275402179879,0.046564943968757315,0.14570423967107504,0.09951512932676186,-0.06595938848311325,0.09696016005711373,-0.00027270341151651445,0.09572758996674524,0.09006594991495034,0.16068362887352935,0.16068362887352935,0.11322162705603755,0.1294629333635563,68.59497324815254,67.64450803899014,68.51193183451608,0.6859497324815255,0.12150961409523191,0.19254065342324264,38.48465125,246.99121713284418,51906.63735172019,983.6860857766954,0.39893509849678094,20.486116309499153,2026-07-09 02:57:00,237,69.12886737483416,68.38668770691214,70.25934178842125,69.42715751828689,65.75518996184061,67.13356089817835
10,70.27422911727591,244.84519688825122,315.11942600552715,315.1194260055274,90.0,0.3917984625735322,0.40704689177464565,1.156452678583606,1.3100448652129963,-0.008704031152557024,0.026649625251551304,-0.08919412850505654,AP0238,False,4,0.3275367510760384,-0.3275367510760384,0.34547815966804984,-0.34547815966804984,0.17430401412106092,-0.14193208638423307,0.13241046888893634,-0.12683221074450227,0.24493234843852138,0.2323514800722822,-0.2323514800722822,0.3891747796935958,0.0019967782937403006,0.21883372059730152,0.11896350543959835,0.6846593468108384,0.683674278707322,0.3812548317935045,0.31309359011601295,70.25934178842125,69.12886737483416,65.75518996184061,0.7025934178842125,0.12428188332288757,0.17312469879289985,38.48465125,246.99121713284418,52148.27912427819,962.4866513942198,0.3976872672136052,19.751219367090375,2026-07-09 10:57:00,238,70.41423496955446,69.77155117219431,71.00593098975824,70.63263638908975,70.58943035659674,68.17231015921868
10,25.032546040110986,78.20029846675763,103.23284450686862,73.8924230914644,50.0,0.5001073677834957,0.5010465415500063,0.45229371598693013,0.4962529613085626,-0.021580200698537277,0.010761813796415408,-0.017139888473027387,AP0239,False,2,0.16413780038153983,-0.16413780038153983,0.13673942946673265,-0.05959683016549098,0.1542726519303759,-0.1542726519303759,0.08559552419431454,-0.029622679897665597,0.1351863514932407,0.12146647844257456,-0.12146647844257456,0.09267598942216343,-0.006796107636053143,0.0666869072081094,0.05517214265124326,0.07002619384758875,0.00024340761476474764,0.08771389223010903,0.11145012186167488,71.00593098975824,70.41423496955446,70.58943035659674,0.7100593098975825,0.13983080572907083,0.15010988437334677,39.17214257,246.60538298232612,51617.35944876476,977.1472585726452,0.4023317272983252,18.565085511463668,2026-07-09 18:54:00,239,67.66283212379383,69.03853354667415,68.32434865776489,69.66513982376156,69.07593573995106,69.8326830482739
10,30.904643179081006,119.92277307520094,150.82741625428196,150.8274162542819,40.0,0.32808883303058367,0.33207509360744625,0.5385208252532498,0.6073109136807426,0.009687901925367587,0.0097047925290846,-0.03236101900585653,AP0240,False,1,0.21324725953592646,-0.21324725953592646,0.08550259287479721,-0.020250438669899604,0.0784357741971076,0.0784357741971076,0.02189797470917146,0.01787608038548412,0.09977090032925068,0.09360045737454747,-0.09360045737454747,0.11907206080481549,-0.11907206080481549,0.3942539026519064,-0.3942539026519064,0.2523525216308941,0.2523525216308941,0.21481973561554085,0.15729531797239577,68.32434865776489,67.66283212379383,69.07593573995106,0.6832434865776488,0.1355188015050399,0.18123771191731117,39.17214257,245.5764919142781,52986.672721729425,962.6153763081617,0.3972971023062516,20.374478036757314,2026-07-10 02:44:00,240,68.76778810285886,68.21531011332635,69.9958317414688,69.16009019961685,67.32411983064019,68.20002778529562
10,14.139491916202346,157.33294998150748,171.47244189770984,145.49665330569422,60.0,0.37362877977078474,0.3743429898584099,0.18971437146768333,0.29415809799949616,-0.03268106863718856,0.022516386727258017,-0.00962196267783133,AP0241,False,3,0.07686439720888898,-0.07686439720888898,0.11657462615204665,-0.02841989924243384,0.08320027314905795,-0.08320027314905795,0.033277553758941925,0.033277553758941925,0.07747921256723388,0.20873634327663762,-0.05177006611532901,0.301222858930311,-0.301222858930311,0.21678846384990702,-0.18255350960919203,0.15116832995813384,0.10838720985625316,0.21947899900374734,0.14847910578549062,69.9958317414688,68.76778810285886,67.32411983064019,0.6999583174146882,0.1456008997300523,0.1544407828552596,39.17214257,245.5764919142781,51314.387899769,934.0986345868854,0.4031596141888148,17.706111963919735,2026-07-10 11:31:00,241,62.37548476218909,65.57163643252397,62.97845754987414,66.48714464567148,63.956504794917734,65.64031231277896
10,33.01619963147589,142.5614142699116,175.5776139013875,170.17579832940044,60.0,0.45649080781518314,0.45876509630293205,0.525393963007171,0.6105982724598564,-0.06585212816779573,0.024804012745563396,-0.04056954445518873,AP0242,False,1,0.22105642531841588,-0.22105642531841588,0.10192270444727354,-0.049527224478494676,0.08281080881795229,0.07507891552838597,0.04436375716462292,-0.02662087435294917,0.11253842393706616,0.1431769114481775,-0.1431769114481775,0.27167794117686606,-0.22143345470832249,0.18435399452105738,-0.18435399452105738,0.14962413280930123,0.14962413280930123,0.18720824498885055,0.14987333446295834,62.97845754987414,62.37548476218909,63.956504794917734,0.6297845754987415,0.1819634001962238,0.1882520243050348,39.17214257,245.5764919142781,53335.99781505051,952.7908649099411,0.4032483946962012,20.252016276358724,2026-07-10 19:20:00,242,62.15995820832996,62.26772148525953,62.82293573323303,62.90069664155359,71.19566771421762,67.57608625456768
10,18.19359476343888,193.8012684266364,211.9948631900753,184.49719005606548,60.0,0.3843144326200319,0.3896489335154606,0.9467630539050063,1.0723029870177867,-0.1195771666442042,0.040249113260588595,-0.0038105260831615695,AP0243,False,2,0.14280554230999395,-0.14280554230999395,0.0465606518232709,-0.0060606153345623874,0.025352284210496928,0.006819241340740634,0.008610274167834804,0.0066610531553337625,0.05583218812789915,0.11468085990274388,-0.11052591825194749,0.475078477245259,-0.475078477245259,0.20812951714365563,-0.02906978841489674,0.14720117722837187,-0.10708467997503426,0.2362725078800076,0.14605234800395336,62.82293573323303,62.15995820832996,71.19566771421762,0.6282293573323303,0.1367384209606996,0.23503222170697013,39.17214257,245.5764919142781,53281.10714863722,979.8577511659748,0.4046014103194583,20.611916487862256,2026-07-11 03:12:00,243,60.47851500222553,61.319236605277744,61.497176353087305,62.16005604316017,58.554165586538204,64.87491665037791
10,16.28364320917545,144.96314387851083,161.2467870876863,138.97137792477247,60.0,0.4520814895937931,0.45133237128826514,1.0625354228145223,1.1676560788084902,0.026370819819414415,0.012931007582028496,-0.0061847705296471656,AP0244,False,2,0.09179686914793589,-0.09179686914793589,0.08369105518868496,-0.043191018699975714,0.08872744237069323,-0.08872744237069323,0.013176638230664001,0.013176638230664001,0.06934800123449453,0.22792027403846116,-0.029596139977169075,0.16544038545569348,-0.0584963993323847,0.17837553704105474,0.17837553704105474,0.058271755557792446,0.04199466766205023,0.15750198802325047,0.1134249946288725,61.497176353087305,60.47851500222553,58.554165586538204,0.614971763530873,0.22434962476066334,0.16067861170846356,39.17214257,245.5764919142781,51327.928079825055,935.6757196721155,0.3978799516031827,19.380760030377132,2026-07-11 11:21:00,244,65.79375420271414,63.13613460246984,66.88606669464507,64.19162152386619,59.2347912701152,58.89447842832671
10,34.67187629868623,18.600052738902953,53.271929037589175,45.73075607653453,60.0,0.5005828154859105,0.5036290386042743,0.5186225476195774,0.5354091199541646,-0.016140515581312465,0.0054067467842199984,-0.034336519123035814,AP0245,False,0,0.1912373066048935,-0.1912373066048935,0.08742852023713832,-0.05331153424065176,0.03984748533001481,-0.004699585093657585,0.05316993511942813,-0.05316993511942813,0.09292081182286868,0.07551176119236748,0.06352728935720438,0.11922933145351444,-0.10277271202892768,0.0701667793564029,-0.04620750407519951,0.12046996615643113,0.03775990166006335,0.09634445953967899,0.09463263568127384,66.88606669464507,65.79375420271414,59.2347912701152,0.6688606669464506,0.17614242284721848,0.15499691020633094,39.17214257,245.389269105166,52597.737464669226,962.3356633777369,0.39679454557698196,19.04664269903661,2026-07-11 19:15:00,245,69.69536107524598,67.74455763898007,70.87472132044162,68.88039400754334,76.84597384348031,68.04038255679775
10,16.17222343815004,154.10110636132868,170.27332979947872,149.2602612019033,50.0,0.3966309898230702,0.39990046613384866,1.1431884276716573,1.2381823849050244,-0.06604152605259594,0.026442608092933202,-0.01696185716669496,AP0246,False,3,0.12714215582541974,-0.12714215582541974,0.05985944263175963,-0.0002735251182886626,0.0635096581614245,0.0635096581614245,0.011383760587303076,0.009066018551978776,0.06547375430147673,0.08933034179288696,-0.08517015936817074,0.4495037340411201,-0.27650789095198414,0.16401204529316984,-0.08140450836615162,0.22466496263523783,0.2209794464154582,0.2318777709406037,0.1486757626210402,70.87472132044162,69.69536107524598,76.84597384348031,0.7087472132044162,0.09700191438333176,0.19425087241225206,39.17214257,245.06162918921964,52771.01450050855,972.670157687661,0.40447040367814135,20.890933753247204,2026-07-12 03:07:00,246,68.33521124032349,69.01528615778474,69.60973596776374,70.24222864410268,66.80657597840172,71.82627491094101
8,12.944731701888998,55.000274811357244,67.94500651324624,67.94500651324614,50.0,0.4311460592515671,0.4345125050712704,1.2786055907161027,1.3099336862228852,-0.01011413832143021,0.0068049645038116,-0.013481350839581463,AP0247,False,3,0.11247846087357083,-0.11247846087357083,0.1534353321809625,-0.06405645591075713,0.19258294171221577,-0.051456339316343525,0.0252201667216492,0.0252201667216492,0.12092922537209957,0.10595038564932345,-0.10595038564932345,0.05883069048148093,-0.007657757589568808,0.02609361140836075,0.0070186430606297215,0.015733781940891096,0.01217191877980376,0.05165211737001406,0.08629067137105681,69.60973596776374,68.33521124032349,66.80657597840172,0.6960973596776373,0.126383113129669,0.1775195271926936,39.17214257,245.06162918921964,52653.67890037095,973.3475731175755,0.400904290968408,20.107338475203687,2026-07-12 11:00:00,247,72.01425958814754,70.17473541423551,73.32809217442095,71.46891407109234,64.7471351555708,65.77685556698626
10,75.3165750904241,139.53204636875296,214.84862145917705,214.8486214591772,80.0,0.44113832915879847,0.4589813617345254,0.6299395044358231,0.722192270183099,-0.06908784183657543,0.026492710604901687,-0.0775083596067957,AP0248,False,0,0.492187283924554,-0.492187283924554,0.21079379404840515,-0.18645331139623533,0.238498446112811,-0.17357982930586666,0.03848914261398829,-0.03848914261398829,0.24499216667493962,0.16279635658105732,0.04391512834620245,0.5293157952149129,-0.5293157952149129,0.6526091690944247,-0.6526091690944247,0.6127216600223766,0.6127216600223766,0.4893607452281929,0.3671764559515662,73.32809217442095,72.01425958814754,64.7471351555708,0.7332809217442094,0.13973211838049876,0.12698695987529185,39.17214257,244.82164704132208,54761.34181814739,986.3737255770084,0.39547151644084716,21.172051424357473,2026-07-12 18:33:00,248,68.2273669768435,70.12081328249552,70.00483969279398,71.66646593360747,68.73003042948534,66.73858279252806
10,43.57113670834154,112.60886172750268,156.17999843584423,144.302024131589,80.0,0.4314888437832833,0.43572920495916606,1.4635907854848582,1.530554316871746,0.018789815577900992,0.007910298162395205,-0.02180179339584759,AP0249,False,4,0.3169088108259539,-0.3169088108259539,0.1643955678955632,-0.07934284738532164,0.1309763134662868,-0.06623245799262982,0.0228686502470198,0.018951860164428652,0.15878733560870592,0.1618158766770983,-0.12827646034732787,0.15752712798325472,-0.046875070977367976,0.3614860582182113,-0.3614860582182113,0.13106762651289658,0.13106762651289658,0.20297417234786522,0.18088075397828557,70.00483969279398,68.2273669768435,68.73003042948534,0.7000483969279397,0.12237195234433813,0.1775796507277222,39.17214257,244.18169464692846,52965.31919529458,994.5222222692573,0.4030602871176077,20.182626802918055,2026-07-13 02:27:00,249,68.32263707238101,68.27500202461226,69.45453698126711,69.72968833703055,69.52812248145668,69.12907645547101
10,45.02340735875791,40.92884117591265,85.95224853467056,85.95224853467062,70.0,0.40248248079865745,0.41178565515902543,1.354976813868527,1.3694524575611091,0.03098187269181446,-0.0027103824300873935,-0.052104607271021175,AP0250,False,1,0.2503073960151399,-0.2503073960151399,0.0988735267313383,-0.06949097178134746,0.1429125108707562,-0.012356387177151549,0.1546270810257535,-0.1546270810257535,0.161680128660747,0.18731143822268578,-0.18731143822268578,0.17109366785569646,-0.0012365421059187393,0.16167520116301765,-0.16167520116301765,0.3043343050288166,-0.08881938652435434,0.20610365306755413,0.18389189086415056,69.45453698126711,68.32263707238101,69.52812248145668,0.6945453698126711,0.12694053651990866,0.1785140936674203,39.17214257,244.18169464692846,53169.2194188896,957.7796808345364,0.40085877016483595,19.558729240747336,2026-07-13 10:01:00,250,64.43543560703735,66.37903633970919,66.30108189543635,67.87780943835173,64.05969551662099,66.79390899903883
10,19.831526904634245,87.2946661150464,107.12619301968064,96.93275641495259,60.0,0.5025073560769127,0.5039739996131886,0.31241125039587647,0.368963498120808,-0.012558427250291937,0.011348222491826494,-0.027710781114493988,AP0251,False,3,0.06089188165554471,-0.06089188165554471,0.18907344481597263,-0.18907344481597263,0.07185601403725898,-0.07185601403725898,0.02848423968449694,0.026545322448228728,0.08757639504831831,0.12320947020313658,-0.03676700103005658,0.11302526794910824,-0.04714168809940161,0.12179969797668876,0.12179969797668876,0.1695062651592965,0.1695062651592965,0.1318851753220575,0.10973078518518792,66.30108189543635,64.43543560703735,64.05969551662099,0.6630108189543635,0.16176580329599974,0.17522337774963673,39.18207989999999,244.08743210001305,50842.13987802914,975.8621716559021,0.45371465126817795,24.74316766496868,2026-07-13 17:46:00,251,69.69858236602778,67.06700898653256,71.88580223164061,69.09344206353848,71.96803972952557,68.01386762307328
10,41.399485769755444,40.32520626045981,81.72469203021525,77.63276774633852,50.0,0.35327069351447693,0.35542740417071517,1.4023803257742884,1.434407874576285,0.04967190195139776,-0.002897266526995207,-0.03437146013183806,AP0252,False,4,0.22646247268136624,-0.22646247268136624,0.1527248841254523,-0.1527248841254523,0.12933190863400576,-0.0645880531603494,0.004747524113512249,0.0008307340309217947,0.12831669738858412,0.09684769871779693,0.03149948114566346,0.05912452190814704,0.05912452190814704,0.08149296397773426,0.08149296397773426,0.10497357279413377,0.10497357279413377,0.085609689349453,0.10696319336901858,71.88580223164061,69.69858236602778,71.96803972952557,0.718858022316406,0.11262031817602629,0.16852165950756778,39.18207989999999,243.14480663085888,51927.661418111486,996.2081067238461,0.4329586080701785,25.66074658383749,2026-07-14 01:43:00,252,67.40751762265255,68.55304999434017,69.34247294264458,70.6141375871426,64.98106217217581,68.4745509508507
10,1.8182684353197107,198.3341498764788,200.1524183117985,199.94672657516702,30.0,0.4378744652656801,0.467142231025299,0.9967814346383472,1.1263851084946628,0.17153333676717286,-0.006885002120009399,-0.0014842007274132873,AP0253,False,0,0.006677551811406386,-0.006677551811406386,0.017058492998243278,0.017058492998243278,0.016642814466566153,-0.016642814466566153,0.01613523465503407,-0.01613523465503407,0.014128523482812471,0.08417263786300781,0.0511937286819117,0.13932525316663294,0.13932525316663294,0.5363901887707687,-0.5363901887707687,1.2993148146126106,1.2993148146126106,0.514800723603255,0.26446462354303374,69.34247294264458,67.40751762265255,64.98106217217581,0.6934247294264457,0.11324044727975158,0.19333482329380255,39.1820799,243.14480663085888,51379.030880624465,972.9424494014368,0.5945728435311235,28.241255327232064,2026-07-14 09:18:00,253,67.77485911825491,67.59118837045372,68.48296156193642,68.91271725229049,68.44728352796794,66.71417285007188
10,52.921238817917725,140.00881761609773,192.93005643401546,168.57280081422726,90.0,0.48380275122829053,0.4895281743021928,1.0963250554121289,1.1854290315139269,-0.03271419147683083,0.020002983182040877,-0.037277495815207895,AP0254,False,4,0.36231816383082216,-0.36231816383082216,0.16179469366100127,-0.06451695033578023,0.14958886354730058,-0.024740805993697688,0.07284800400847184,-0.04022559430913669,0.18663743126189897,0.19187446949178255,-0.09461232287086552,0.23932111245461984,-0.23932111245461984,0.164296438878323,-0.048442121530151316,0.041328532802755655,0.03681087386689258,0.15920513840687026,0.17292128483438463,68.48296156193642,67.77485911825491,68.44728352796794,0.6848296156193643,0.11152644284925878,0.20364394153137697,37.477880309756095,243.14480663085888,50437.99873503166,967.6049628540467,0.5170735120458916,22.260732676031395,2026-07-14 17:26:00,254,68.48081777763139,68.12783844794315,69.36700634765852,68.92498395479747,73.17457477452702,70.81092915124748
10,39.67014019000948,347.2945088174506,386.9646490074601,377.53617699926275,80.0,0.3956453270410421,0.4445786289724194,1.3477763825884423,1.5707768021661264,0.2175430309362088,0.000896122929634707,-0.05330293190419094,AP0255,False,3,0.2160064995572828,-0.2160064995572828,0.1769777512740737,-0.1769777512740737,0.11999456597526675,-0.054124736524068316,0.009229449819494442,0.003947660003421947,0.1305520666565294,0.2757446090725776,-0.24214625678870455,0.5971637244545476,0.5971637244545476,0.3769711511317487,0.18611394484462934,1.5680296621208782,1.5680296621208782,0.704477286694938,0.4175146766757337,69.36700634765852,68.48081777763139,73.17457477452702,0.6936700634765851,0.11546121410682444,0.1908687224165904,37.477880309756095,242.3467117379504,50570.570603277134,991.4881554902952,0.51227638105538,22.70579207705812,2026-07-15 01:41:00,255,77.99753524571082,73.2391765116711,79.32291635988028,74.3449613537694,70.75689985130643,71.96573731291673
10,55.04260644609862,94.37530806520365,149.41791451130229,146.510828042365,90.0,0.4966844004728122,0.5072429473080672,0.6167971943105635,0.6697777674661669,0.003314319762007467,0.008155378225549386,-0.061746017754054694,AP0256,False,3,0.38862595773782177,-0.38862595773782177,0.16288381327842924,-0.04371197825148656,0.16355486517421267,0.02461393802028622,0.034468653530630146,0.006430904747934948,0.18738332243027345,0.1531993554090496,-0.1531993554090496,0.20980174122511486,0.04524403278335808,0.07826754778713121,0.04839866723657998,0.15291451274548878,0.1483594188493417,0.1485457892916961,0.1679645558609848,79.32291635988028,77.99753524571082,70.75689985130643,0.7932291635988028,0.1054469538130436,0.10132388258815368,37.477880309756095,242.3467117379504,50143.40661413943,959.0203046590967,0.5146151938810172,21.91732883368229,2026-07-15 09:23:00,256,72.9437616417784,75.47064844374461,73.9634410435498,76.64317870171504,68.80921059616611,69.78305522373627
10,34.0125209022128,80.72904142172379,114.74156232393659,104.24203036919823,80.0,0.46795325753866024,0.47451748155764656,0.513554634680612,0.5678795920771854,0.013932698496082946,0.006632554827666712,-0.01709394438999151,AP0257,False,2,0.22992824548144572,-0.22992824548144572,0.16653186010109117,-0.11438930666261815,0.1371522339013973,0.01909446277530354,0.033960054939433826,0.02951806979346594,0.14189309860584198,0.10028137234910295,-0.013947798746400671,0.11415501123068086,-0.04732899638586628,0.0828887643564293,0.0713739997995631,0.0683946958030954,0.06740399800371813,0.09142996093482714,0.11666152977033456,73.9634410435498,72.9437616417784,68.80921059616611,0.7396344104354982,0.10258382851915773,0.1577817610453442,37.477880309756095,242.3467117379504,49292.52887242078,988.6650650152045,0.41251562579861706,17.52721601867295,2026-07-15 16:50:00,257,70.01041343774864,71.47708753976352,70.92088416461371,72.44216260408176,74.76687118096886,71.78804088856748
10,78.935587492722,35.07071125538194,114.00629874810392,111.91414181039409,80.0,0.4483362310726303,0.45542361159030753,1.0546028077213074,1.0725122690166071,0.13017237560339628,-0.01843397607686311,-0.07097391613515203,AP0258,False,0,0.5113501310150749,-0.5113501310150749,0.28807659938176694,-0.13307580208506964,0.26342358505620517,-0.26342358505620517,0.11125501368002975,0.005712525444191888,0.2935263322832692,0.1435134948317943,-0.1435134948317943,0.33141388439687314,0.33141388439687314,0.18416275491739945,-0.02687442861579753,0.2655006819052458,0.2655006819052458,0.23114770401282816,0.26233701814804866,70.92088416461371,70.01041343774864,74.76687118096886,0.7092088416461371,0.0898231974676692,0.20096796088619365,37.06179182389383,241.36952598433257,49965.445136226306,991.1193637115572,0.425826512558242,18.00944012715615,2026-07-16 01:04:00,258,70.76733234248859,70.38887289011862,71.72500942362744,71.32294679412058,72.5691669609374,73.66801907095314
10,42.53656406928009,124.06804391754463,166.6046079868247,148.22610350564713,80.0,0.4289663112018297,0.4467522924610064,0.8148412155413983,0.9011710674816188,0.34219707771118807,-0.04201432278669421,-0.0443432489478911,AP0259,False,0,0.17523985031129707,-0.17523985031129707,0.2138858365383232,-0.2138858365383232,0.18974094276561596,-0.18974094276561596,0.0368397924942084,-0.03241148872162983,0.15392660552736115,0.16039664252737112,-0.05381488111002317,0.6877380520031733,0.6405716670341245,0.26404095843875003,-0.06202634916902039,0.6173217096479253,0.5774008661739559,0.4323743406543049,0.29315047309083303,71.72500942362744,70.76733234248859,72.5691669609374,0.7172500942362745,0.0988531602774794,0.18389674548624615,37.06179182389382,241.36952598433257,50338.84434647523,968.8636553340126,0.4202743195837217,18.277256004923743,2026-07-16 08:48:00,259,71.79743122615318,71.28238178432088,72.66460557446115,72.19480749904429,71.41304380471787,71.99110538282764
10,36.70747849364362,365.0250730431009,401.73255153674455,372.1914675060895,80.0,0.4096846920437992,0.42942729153891684,0.8486009207943291,1.0742581595595766,-0.002021942299884269,0.037385744017262995,-0.02356683399083076,AP0260,False,4,0.2272372916851875,-0.2272372916851875,0.22610127521095427,-0.14104855470071345,0.21628450048584322,-0.21628450048584322,0.06533057571057999,-0.034644171745187656,0.18373841077314124,0.25332379104380826,-0.25332379104380826,0.49628115653485405,-0.12234191977169426,0.2448063447600144,-0.18897590003411913,1.4484521300475115,1.043236939246442,0.6107158555965471,0.39722713318484415,72.66460557446115,71.79743122615318,71.41304380471787,0.7266460557446115,0.08760354422781833,0.1857504000275702,37.06179182389382,241.36952598433257,50138.291399413145,993.2178152101235,0.4254478685539422,18.950454369695034,2026-07-16 16:59:00,260,68.70150973977627,70.24947048296472,69.3587771950111,71.01169138473612,73.8196878052726,72.61636580499524
8,59.064901292216476,0.0,59.064901292216476,56.31971975267214,75.0,0.37956838472955745,0.3845566529409225,0.7123892128491839,0.7123892128491839,0.0,0.0,-0.07434028304329354,AP0261,False,3,0.2921806116269296,-0.2921806116269296,0.32219258439045834,-0.20302074936351644,0.35452335671446433,-0.16635455351996542,0.09916311208558747,-0.03848462815399098,0.2670149162043599,0.0,0.0,0.0,0.0,0.0,0.0,0.0,0.0,0.0,0.13350745810217995,69.3587771950111,68.70150973977627,73.8196878052726,0.6935877719501109,0.09801046101147254,0.2084017670384165,37.06179182389382,241.02988875880786,50168.45925668467,993.0950049594691,0.4202159628649394,17.7725346115777,2026-07-17 00:47:00,261,69.37564377413703,69.03857675695664,71.03711399943658,70.19794559722385,66.99627124507953,70.40797952517606
9,40.081049735984536,15.858267566900905,55.93931730288544,55.93931730288534,44.44444444444444,0.39426528022758733,0.3975975787860295,1.3189383855716945,1.3291642838461186,0.03992115003886432,-0.004876067613208593,-0.03685001055077769,AP0262,False,0,0.2786521264182372,-0.2786521264182372,0.09386934254435926,-0.04785393216835879,0.16022232392764232,-0.12127115384347649,0.06541216786381727,-0.0507959150915349,0.14953899018851402,0.023351040608578948,-0.023351040608578948,0.08666880607298698,0.08666880607298698,0.009251526366144982,-0.009251526366144982,0.11747692665038005,0.11747692665038005,0.05918707492452274,0.10436303255651838,71.03711399943658,69.37564377413703,66.99627124507953,0.7103711399943659,0.1351441507257539,0.1544847092798804,37.06179182389383,241.02988875880786,50491.82494986158,968.6393383398187,0.42577435694152843,20.584155893204706,2026-07-17 08:59:00,262,71.63339043250862,70.50451710332283,72.47939123224289,71.75825261583974,72.1323064018764,69.56428882347797
9,79.68660153348121,57.32025606772226,137.00685760120348,116.43612759130463,66.66666666666666,0.3745055535196582,0.3786432546043076,0.8082589699221558,0.8427999060208693,-0.02552170960140901,0.0098625033990349,-0.02275970630360219,AP0263,False,4,0.9169000671575047,-0.9169000671575047,0.3051649053948656,0.238860047673796,0.24421964966987195,0.24421964966987195,0.09604944955925117,0.026134156668262513,0.3905835179453733,0.03471680056702492,-0.03471680056702492,0.13806473813720377,-0.13806473813720377,0.1386831554424394,-0.1386831554424394,0.051978662936404775,0.051978662936404775,0.09086083927076823,0.24072217860807077,72.47939123224289,71.63339043250862,72.1323064018764,0.724793912322429,0.08134188072413816,0.19386420695343298,37.06179182389382,241.02988875880786,51290.41596684282,1003.3280641951199,0.4278924106775592,21.306055258512487,2026-07-17 16:42:00,263,52.436387615322275,62.03488902391545,53.46631279930443,62.97285201577366,53.62961914556509,62.880962773720746
10,55.79110727508612,22.785373878473933,78.57648115356005,75.66383123559672,60.0,0.30021447819701363,0.30301575393207986,1.6511968390904916,1.6706238979110328,0.03008370546651387,-0.001749859876186,-0.04920468772193365,AP0264,False,0,0.39162940388671047,-0.39162940388671047,0.27772615232113235,-0.0890271513144759,0.2033858330271904,-0.009383897778420022,0.06448624686218846,0.03239508312589811,0.2343069090243054,0.08409836963138712,0.08409836963138712,0.08599912287947757,0.032059154695189745,0.1068179784412501,-0.0796881987377783,0.1652002261293664,0.1652002261293664,0.1105289242703703,0.17241791664733785,53.46631279930443,52.436387615322275,53.62961914556509,0.5346631279930444,0.2265148952334444,0.23882197677351114,37.06179182389382,240.49054857968625,50423.85239880312,1008.4289235311844,0.41777873667620735,18.431784876693303,2026-07-18 01:18:00,264,66.13358573147792,59.2849866734001,67.57812021336437,60.5222165063344,66.72839782672291,60.179008486144
10,27.80423627312335,46.2679732882098,74.07220956133315,64.25489963994943,50.0,0.3474215144537688,0.37513382951060764,1.4581634147987996,1.4769666840827518,0.01741666997309249,0.00022768461590470107,-0.0119747131688836,AP0265,False,2,0.21549027686328945,-0.21549027686328945,0.19710165543167524,-0.14495910199320147,0.13865594989417795,-0.014580778768714045,0.08713192751796361,0.08463916338449538,0.15959495242677657,0.029173199064739787,-0.029173199064739787,0.0007889056582450407,0.0007889056582450407,0.34844352873188217,-0.34844352873188217,1.090993789874943,1.090993789874943,0.3673498558324525,0.26347240412961453,67.57812021336437,66.13358573147792,66.72839782672291,0.6757812021336438,0.16611905538568827,0.15809974248066794,38.83230500000002,240.49054857968625,50700.39308878981,985.4646315796402,0.4555846806724017,20.983632496003978,2026-07-18 09:42:00,265,68.14813584541199,67.14086078844495,68.82276426817565,68.20044224077,69.13845753055158,67.93342767863724
10,14.916613932453984,105.85908026966939,120.77569420212339,97.99758162200317,60.0,0.43986809250959996,0.4397080462997125,1.0759973060675943,1.1401401951855274,-0.07543893298893731,0.02291983942641549,-0.005009223456095002,AP0266,False,2,0.14983059915785626,-0.14983059915785626,0.06457730102559707,0.01195603386776378,0.04184754418955263,-0.009676018638315709,0.028840338906761815,-0.013569011583591861,0.07127394581994194,0.07751406489896565,-0.07751406489896565,0.3016934910308838,-0.3016934910308838,0.10712728193284919,-0.10320483886584188,0.18027127223531048,-0.1701515967394608,0.1666515275245023,0.11896273667222212,68.82276426817565,68.14813584541199,69.13845753055158,0.6882276426817565,0.14832799047207237,0.16344436684617106,38.83230500000002,240.33133288383414,51138.60109531132,995.9726926464936,0.44961817854298947,21.473355780417464,2026-07-18 17:39:00,266,67.77524991711785,67.96169288126492,69.14646235431212,68.98461331124389,71.36759511331176,70.25302632193167
10,45.90401108458657,171.0086275102914,216.91263859487796,209.37562073397964,80.0,0.420681353546202,0.42660413585803936,0.3588267512831354,0.46427395306790575,-0.03314224154909548,0.022756887246940187,-0.0345596546658426,AP0267,False,4,0.25708258768775255,-0.25708258768775255,0.3014291751571039,-0.24667779208700216,0.31012501480908833,-0.1852769572554854,0.03844589825586031,0.036487503214565085,0.22677066897745127,0.10257479599751243,-0.10257479599751243,0.2436838644767698,-0.2436838644767698,0.40515229924600343,-0.40515229924600343,0.34064071640986415,0.34064071640986415,0.27301291903253744,0.24989179400499434,69.14646235431212,67.77524991711785,71.36759511331176,0.6914646235431213,0.11014032055710062,0.19839505589977816,38.83230500000002,238.73917592531282,51826.26644666216,999.1251072024279,0.45093078784606,22.030375923170897,2026-07-19 01:57:00,267,69.50400992300996,68.6396299200639,71.34160466303699,70.24403350867456,68.8737043205634,70.12064971693758
10,0.0,54.95300222158839,54.95300222158839,51.37359871571351,30.0,0.21172695717355502,0.22129871150112698,1.1905838832297042,1.2261669512811004,0.031000547040960946,0.0007524665041765202,0.0,AP0268,False,0,0.0,0.0,0.0,0.0,0.0,0.0,0.0,0.0,0.0,0.10220838963993614,-0.022527594971489966,0.2572682195569683,-0.06049856270544987,0.3830326267213612,-0.22622392591571971,0.15117827875153336,0.13819323315453644,0.22342187866744975,0.11171093933372488,71.34160466303699,69.50400992300996,68.8737043205634,0.71341604663037,0.13887682863795398,0.1477071247316762,38.83230500000002,238.73917592531282,51286.801470113,957.4616209923386,0.47080932492081945,22.677458447227167,2026-07-19 10:13:00,268,76.65970458269598,73.08185725285297,78.01092143730281,74.6762630501699,73.40336710904441,71.13853571480391
10,23.923336702582517,37.199638778191186,61.122975480773704,43.397211573395396,50.0,0.43104406748279345,0.43407817522626485,0.8848702530286652,0.9041243818462682,0.008911841178245505,0.0016982409916843078,-0.024186148776026983,AP0269,False,4,0.13007257256912072,-0.13007257256912072,0.13499154522309853,-0.13499154522309853,0.10175742389885913,-0.06938549616203128,0.006819301399813811,0.004314805046244398,0.09341021077272305,0.10214771776444935,-0.10214771776444935,0.06817215728730246,0.06817215728730246,0.13684360757377878,-0.0419986204564876,0.0761452893413589,0.021401365494804724,0.09582719299172238,0.09461870188222271,78.01092143730281,76.65970458269598,73.40336710904441,0.7801092143730283,0.09800638584921147,0.12188439977776033,38.83230500000002,238.21069733765026,51366.19951505498,1004.0144681120277,0.456456502428433,22.576858207250265,2026-07-19 20:02:00,269,69.52230941540435,73.09100699905017,70.51296568641997,74.26194356186139,68.14395307663341,70.77366009283891
10,36.72681967922436,344.071289602272,380.79810928149635,379.37648221238607,60.0,0.39042507415629374,0.4252297987605935,1.0560967189932415,1.2881200492847402,0.19473827223737594,0.006122341223993914,-0.0714994017067827,AP0270,False,3,0.08719800667438028,-0.08719800667438028,0.20834103178220773,-0.20834103178220773,0.16816547801997703,-0.16816547801997703,0.2117204382572642,-0.2117204382572642,0.1688562386834573,0.23437033673803986,-0.0802938435320535,0.5501922218044978,0.2729166176553508,0.20955115445216474,-0.011513706299984577,1.254567447464175,1.2418106067929935,0.5621702901147194,0.3655132643990883,70.51296568641997,69.52230941540435,68.14395307663341,0.7051296568641998,0.10693425890966343,0.18793608422613675,38.83230500000002,237.28585980924083,51272.28231198784,986.208972384166,0.4570860136277835,22.279984219112052,2026-07-20 03:35:00,270,69.33277183560936,69.42754062550685,70.96996782883302,70.7414667576265,68.2565060904609,68.20022958354716
10,14.16744389402976,155.11812639558647,169.28557028961623,160.80414682049997,70.0,0.4267271708724139,0.43600904866368745,0.947952432139658,1.0348957854689251,0.04771365784335124,0.0064416577152571096,-0.010865103818500421,AP0271,False,3,0.10573712255659999,-0.10573712255659999,0.10393343834025466,0.015238396686686542,0.09979762583739689,0.08837117735710198,0.020772932011994844,0.02012662626657164,0.0825602796865616,0.32925345232705894,-0.29565510004318574,0.23999827351409014,0.1735098254430404,0.068193615274838,-0.03508136080584752,0.2271146116115661,0.22355274845047812,0.21613998818188832,0.14935013393422497,70.96996782883302,69.33277183560936,68.2565060904609,0.7096996782883302,0.10743125451233182,0.1828690671993378,38.83230500000002,237.28585980924083,50412.42508720921,958.777566821661,0.4518979321251854,21.716366140434324,2026-07-20 12:01:00,271,76.49929603629987,72.91603393595462,77.80132442548198,74.3856461271575,75.97990801904933,72.11820705475512
10,20.024844292224742,100.1137581389627,120.13860243118744,106.66342000291655,50.0,0.33439491240584374,0.3438143589112276,0.6666264860471609,0.7317460503390685,0.04288387122236531,0.0036511811280036874,-0.015880618719212536,AP0272,False,1,0.12882270143184607,-0.12882270143184607,0.0651966543386713,0.012320138566322534,0.018084833021850256,0.014424995404132243,0.02416170307790226,0.02215075591605894,0.05906647296756748,0.12073620109412841,-0.03371369878939853,0.21157019370539606,-0.01875152074812471,0.18801659495886364,-0.0317280407497111,0.11844913826381465,0.10653841194756493,0.15969303200555068,0.10937975248655908,77.80132442548198,76.49929603629987,75.97990801904933,0.7780132442548198,0.07390367046179608,0.14808308528338418,38.83230500000002,237.13367454108703,52252.97191732077,959.7250414007141,0.4558934735427476,22.474928025209465,2026-07-20 19:41:00,272,74.94921003385784,75.72425303507885,75.9598022555646,76.88056334052328,71.33726597828196,73.65858699866564
8,24.80432326935434,99.43256798409675,124.23689125345109,122.04994440508023,75.0,0.36836371455646977,0.3725943594230158,0.24364248825559476,0.3193519786873983,0.03986404550882326,0.00588595154728741,-0.007573980857648377,AP0273,False,2,0.208944948569751,-0.208944948569751,0.16758933607463844,0.08997391716121407,0.1090518899897888,0.0978902919620895,0.1007100783166333,-0.08351181440643739,0.1465740632377029,0.2247307768725805,0.17177469190083997,0.17165337298943004,-0.1413411257183769,0.2791147276664382,0.2791147276664382,0.21004251076559713,0.21004251076559713,0.22138534707351146,0.1839797051556072,75.9598022555646,74.94921003385784,71.33726597828196,0.759598022555646,0.07407617373349744,0.16632580371085667,38.83230500000002,236.86735032181778,49205.19383331343,955.8613071180225,0.45660119136070326,21.327386147209914,2026-07-21 03:43:00,273,75.57281944322924,75.26101473854354,76.97081956263347,76.46531090909903,72.18107597085421,71.7591709745681
10,9.439406126679415,193.59257672335448,203.03198285003387,201.45715078680615,70.0,0.3407750330263852,0.3449655487033499,0.7053068062118539,0.8231234655327491,-0.04318700243615209,0.0264373828829306,0.008734407813372258,AP0274,False,2,0.06972525771697334,-0.06972525771697334,0.1562967756811912,-0.01938185676685376,0.06795823497051369,-0.06795823497051369,0.08657082370618067,0.08602728058521347,0.09513777301871473,0.23586892328967834,-0.20231289640176725,0.19970629567369755,-0.1830471833004809,0.14140992550507814,-0.06300456877776164,0.12244509993292295,0.11889232023047026,0.17485756110034426,0.13499766705952948,76.97081956263347,75.57281944322924,72.18107597085421,0.7697081956263346,0.05494543724672528,0.17534636712694,38.83230500000002,236.86735032181778,51231.32275685635,950.6701995883656,0.4501788200182674,20.957065725255713,2026-07-21 11:44:00,274,71.9783391367337,73.77557928998147,73.19433305117263,75.08257630690305,71.8249044857594,72.0029902283068
10,58.752422931081625,65.77325428309811,124.52567721417972,108.72125839192358,100.0,0.4659163845255888,0.4717442091821141,1.0183037592453834,1.0533730700567534,-0.03183583144023061,0.0109860660511659,-0.036986247213446566,AP0275,False,4,0.3801144639919063,-0.3801144639919063,0.19813510335349893,-0.10085736002827572,0.18407609798914548,0.005515815038111857,0.024815850634639165,0.018940665510752092,0.19678537899229748,0.13013007681449829,-0.13013007681449829,0.21271882963071265,-0.03831014827631919,0.13804834610475447,-0.04320335898746336,0.08614772473754904,0.08516265663403196,0.14176124432187862,0.16927331165708803,73.19433305117263,71.9783391367337,71.8249044857594,0.7319433305117263,0.08916980958011779,0.17888685990815578,38.83230500000002,236.86735032181778,51321.64151684811,1003.4799420523219,0.4534183116752213,22.2060256280393,2026-07-21 20:05:00,275,61.49212964484874,66.73523439079122,62.29031032890669,67.74232169003966,63.51935310003066,67.67212879289504
10,14.502499916138945,126.02142696779816,140.52392688393712,136.67570883958618,50.0,0.4382311094071799,0.44422879070298543,1.3800519629385217,1.4471608350848464,0.07322301842509935,-0.0010039649062026992,-0.01820657806027387,AP0276,False,2,0.09315935093704852,-0.09315935093704852,0.06700548704662473,-0.06700548704662473,0.03198886531055263,0.00018266024068493147,0.043088194234806365,-0.043088194234806365,0.05881047438225806,0.3424698678944571,-0.3424698678944571,0.5090947398356667,0.5090947398356667,0.2791174539567245,0.2791174539567245,0.05496149380978068,0.05496149380978068,0.29641088887415723,0.17761068162820765,62.29031032890669,61.49212964484874,63.51935310003066,0.622903103289067,0.14634638675740536,0.23075050995352764,38.83230500000002,236.86735032181778,51425.838592150634,1017.6493446512033,0.4527708779016361,22.46687671102596,2026-07-22 03:18:00,276,67.12866358814517,64.31039661649696,67.9528997550545,65.1216050419806,70.05168625858195,66.7855196793063
10,80.97784537025639,133.61749654705082,214.59534191730722,191.76513460787902,80.0,0.4636555903064288,0.47159336168891236,0.8220906991032394,0.8962918247325533,-0.06674801315605883,0.023144357764429017,-0.07781407296424492,AP0277,False,3,0.5992356027653819,-0.5992356027653819,0.22066238368654556,0.16052941593649653,0.24864872800529883,0.17479062516560387,0.07104720365707314,-0.05288866901931968,0.28489847952857483,0.2093450326997423,-0.2093450326997423,0.28841068393739044,-0.2225271040876831,0.36935275654312233,-0.24164949817426723,0.07179936962015115,0.06823750645906257,0.23472696070010157,0.2598127201143382,67.9528997550545,67.12866358814517,70.05168625858195,0.6795289975505451,0.10290921827770709,0.21756178417174796,37.56804095731708,236.86735032181778,51009.13612286161,1022.7894189766583,0.3957770561989594,18.669968852213987,2026-07-22 11:08:00,277,67.97021900535015,67.54944129674766,70.35018539508107,69.1515425750678,69.49230649412902,69.77199637635549
10,88.11704618456875,1198.0220958414995,1286.1391420260682,1286.139142026068,90.0,0.3803039128261862,0.45311750297013376,0.9629752348211592,1.7794023644477506,0.09084837572293658,0.1191426525293358,-0.12921221629736496,AP0278,False,1,0.3805642633394082,-0.3805642633394082,0.43623423585164783,-0.43623423585164783,0.3224258888763811,-0.3224258888763811,0.18945198204522493,0.1888912264975272,0.3321690925281655,0.3377029702561467,0.07047446194360688,0.4819255896566875,0.0038625033193900316,0.7692394185870469,-0.6815569001471112,5.188348992559175,5.122401846994397,1.694304242764764,1.0132366676464648,70.35018539508107,67.97021900535015,69.49230649412902,0.7035018539508108,0.1256587509432148,0.17083939510597437,37.56804095731708,236.59822311221043,51495.887538318086,1035.1154157013834,0.4010460738338079,19.414362289150063,2026-07-22 19:05:00,278,74.54813402618969,71.25917651576992,75.7052157590071,73.02770057704409,67.40671719505004,68.44951184458952
10,40.293959765514614,33.41453134432681,73.70849110984142,70.43598691587039,60.0,0.45879085844287193,0.46261160279145636,0.5379228767174069,0.5591944991959776,0.009118930333096686,0.0019955159516377927,-0.055945394176223406,AP0279,False,3,0.14479893057561397,-0.14479893057561397,0.2954195344902351,-0.2954195344902351,0.26705231053194883,-0.26705231053194883,0.0168011706106848,0.016154864865262294,0.18101798655212065,0.05486883396458204,-0.031720900931173364,0.06456165906058173,0.017488271858755407,0.04733833016322284,0.04733833016322284,0.05483425900690697,0.015615002066114922,0.05540077054882339,0.11820937855047203,75.7052157590071,74.54813402618969,67.40671719505004,0.7570521575900709,0.0902408276032004,0.15270701480672863,37.56804095731708,236.12725049539756,52606.50789058749,1049.0636882559381,0.38783169920442473,18.350326776935646,2026-07-23 03:28:00,279,72.32601631826518,73.43707517222742,73.06284499483672,74.38403037692191,75.54823146627037,71.4774743306602
10,54.244566940381816,61.75392644115098,115.9984933815328,110.88135445713448,70.0,0.48708885804251556,0.4935325742526212,0.9723587853910169,1.0082642413941314,-0.01976283763291703,0.009140934915604498,-0.030355230632614638,AP0280,False,4,0.42695851289234493,-0.42695851289234493,0.391777037747038,-0.1277562391219508,0.35461467282781084,-0.10103078995447552,0.07772944818795864,0.039809257196267406,0.3127699179137881,0.07708951551478108,-0.07708951551478108,0.1388059965802564,-0.08909055691568518,0.11021512650995718,-0.11021512650995718,0.01886926710034532,0.01886926710034532,0.086244976426335,0.19950744717006155,73.06284499483672,72.32601631826518,75.54823146627037,0.7306284499483672,0.1067874301115666,0.1625841199400663,37.56804095731708,236.12725049539756,50473.45154204504,1059.7560869757347,0.3943192398467837,18.17660122213522,2026-07-23 11:34:00,280,69.42098665784579,70.87350148805548,70.38141621480578,71.72213060482125,73.68290316475634,74.61556731551335
10,74.2458258919525,59.27266419224485,133.51849008419737,131.86797033275542,80.0,0.4364496609088704,0.45081173300384336,0.6802375777136537,0.7194366281899204,0.09581357932978946,-0.00929631015657189,-0.05601436111485908,AP0281,False,0,0.40142571726926285,-0.40142571726926285,0.3911130445307803,-0.19747634167555375,0.3476661337678351,-0.27164698921550534,0.06625860904323867,0.05101494254427951,0.30161587615277924,0.12874234657831138,-0.05188483714013277,0.31666729398209037,0.21048577347879882,0.15844222044856224,0.049970490777961535,0.4142466374048033,0.4142466374048033,0.25452462460344183,0.2780702503781105,70.38141621480578,69.42098665784579,73.68290316475634,0.7038141621480577,0.12065534366353534,0.17553049418840705,37.56804095731708,235.6369439206546,51378.81160212995,1055.5191796402307,0.392347129924027,19.409570915184805,2026-07-23 19:26:00,281,71.78494013150659,70.60296339467618,72.87851883731952,71.62996752606264,69.591245247978,71.63707420636717
10,29.339782531326804,23.001406465333535,52.341188996660335,52.26875586827316,70.0,0.4622342131866075,0.46480476809474247,0.5763012001280775,0.5939327544014785,0.018727393389381397,-0.00017994074154030482,-0.030036871390229147,AP0282,False,0,0.11164168866690967,-0.11164168866690967,0.23112481639143265,-0.23112481639143265,0.23695033699420764,-0.23695033699420764,0.025306427462654577,0.024872904588896558,0.15125581737880114,0.03578125789954496,0.03578125789954496,0.12034820875127317,0.014166688247981611,0.05948362641810467,-0.03235384671463263,0.1756218959605671,0.1756218959605671,0.09780874725737247,0.1245322823180868,72.87851883731952,71.78494013150659,69.591245247978,0.7287851883731952,0.08792750817596644,0.1832873034508385,37.56804095731708,234.77890741485442,51104.41675999947,1035.5717127821883,0.3919250435088676,17.569387705978595,2026-07-24 02:45:00,282,76.62586616936464,74.20540315043561,77.76061938841988,75.3195691128697,76.77613552568528,73.18369038683164
10,24.39690762826342,151.74677541887183,176.14368304713526,168.23015229272244,80.0,0.4749563434322933,0.4823036309828465,1.0655933607200123,1.1539202525184047,0.06126851087663593,0.004443083895198104,-0.030831221113845897,AP0283,False,3,0.1301956028613628,-0.1301956028613628,0.16411499981427533,-0.12014149727825192,0.1640718062133635,-0.1311368914877659,0.09325879406103192,0.016800330204422214,0.13791030073750837,0.3266962215645071,-0.2539601217819274,0.47131124038655436,0.21745317698818187,0.2876131210021513,0.12027839105179502,0.0959687075243444,0.0959687075243444,0.29539732261938934,0.21665381167844885,77.76061938841988,76.62586616936464,76.77613552568528,0.7776061938841988,0.08512069424899815,0.137273111866803,37.56804095731708,234.77890741485442,49290.941437576636,1027.294784889739,0.3886384582649111,17.309024702172863,2026-07-24 10:34:00,283,68.9065933024852,72.76622973592492,70.29644267528795,74.02853103185392,69.16368852329347,72.96991202448937
10,41.47291137008301,176.2683030710004,217.7412144410834,217.7412144410838,60.0,0.41719019759505205,0.4233394311408659,0.9002559211764487,1.0102384342763273,-0.005183785975188482,0.018910722344017576,-0.049580094846734535,AP0284,False,3,0.17881855335506835,-0.17881855335506835,0.2086412348412349,-0.2086412348412349,0.1964601166450811,-0.16352520191948283,0.011048333844178892,0.008730591808854592,0.1487420596713908,0.21279016890847705,-0.10139767494549384,0.2855412127121881,-0.2034912817928511,0.18906850454317092,-0.0636106745986131,0.2630925353375405,0.059597211345879815,0.23762310537534415,0.19318258252336748,70.29644267528795,68.9065933024852,69.16368852329347,0.7029644267528795,0.12458971145138201,0.17244586179573854,37.58331439325203,234.77890741485442,52222.31603196757,1056.1027169473102,0.3982694539825064,19.428933021230236,2026-07-24 18:13:00,284,62.855143430618575,65.8808683665519,63.57863443281581,66.93753855405188,68.72969677960714,68.9466926514503
10,88.75845810592931,122.87253686941794,211.63099497534722,185.9521849618804,90.0,0.4795448207217589,0.48553324102348316,1.0429470074403593,1.1157112566305032,-0.03643492443984464,0.017930898789817504,-0.06323225872998872,AP0285,False,2,0.6153208194074132,-0.6153208194074132,0.4086660225183431,-0.36816598602963385,0.24789507721748874,-0.24789507721748874,0.05798651032355962,0.014646626960475714,0.3324671073667012,0.15181506101990053,-0.13770071000704762,0.23612274588210563,-0.13182176078343233,0.20925674581206855,0.01043938957024388,0.14543698070265978,-0.06906688859548224,0.18565788335418362,0.2590624953604424,63.57863443281581,62.855143430618575,68.72969677960714,0.6357863443281581,0.10776980393448413,0.2564438517373578,37.58331439325203,234.77890741485442,50803.94885484259,1059.936995285061,0.3920567909067204,18.326078097767557,2026-07-25 01:42:00,285,69.69748338420641,66.27631340741249,70.38819543578892,66.98341493430236,69.11310709490643,68.92140193725677
10,71.38391139536523,93.22002310382517,164.60393449919042,140.42368132218076,80.0,0.48175310728658793,0.48904043864450203,0.47244868769484266,0.524460896323237,-0.048257357668475526,0.016464625007696194,-0.09528836725507533,AP0286,False,1,0.34435251589988436,-0.34435251589988436,0.28701178553067597,-0.25762923058068515,0.2876241693207519,-0.12455821720116413,0.17204076623652567,0.04660522308131946,0.2727573092469595,0.13613714414809977,-0.13613714414809977,0.14780192097501713,-0.14780192097501713,0.11734024959607339,-0.08376829888749962,0.00639912478794202,0.0030735069189746713,0.10191960987678308,0.18733845956187128,70.38819543578892,69.69748338420641,69.11310709490643,0.7038819543578893,0.11149784887289188,0.18462019676921881,37.583314393252024,234.77890741485442,51528.86550317553,1026.8167860047993,0.38839269138176097,19.07825499189838,2026-07-25 09:25:00,286,70.92036621446238,70.30892479933439,72.06487715702391,71.22653629640641,69.16965618048513,69.14138163769579
10,97.46143474483266,168.44048193252962,265.9019166773623,265.9019166773618,80.0,0.46725364765479477,0.4849989410832659,0.5438098056576978,0.6427484948656992,-0.07224487008557334,0.028108958833099308,-0.09300367884904887,AP0287,False,4,0.512572482252449,-0.512572482252449,0.5495101430286055,-0.5495101430286055,0.4430326994813952,-0.4430326994813952,0.15587261399056832,-0.05273852418223616,0.4152469846882545,0.20462164192295382,-0.1710822255931834,0.35184012533991793,-0.3358837420576411,0.2627130318362032,-0.2627130318362032,0.05442531357237859,0.035997161643757394,0.21840002816786339,0.31682350642805895,72.06487715702391,70.92036621446238,69.16965618048513,0.7206487715702391,0.10307295844998013,0.17627826997978074,37.58331439325203,234.77890741485442,50767.0009351689,1062.7464304186599,0.3924994752656367,19.067323584942937,2026-07-25 17:11:00,287,58.49731518030937,64.70884069738588,58.82168770737069,65.44328243219731,77.15292561483051,73.16129089765782
10,97.24831279229446,102.56134153013024,199.80965432242468,194.37584888141075,80.0,0.4390729449562179,0.44761575895196454,1.0404274508683697,1.100914835620948,-0.036744766115930416,0.0159658704217584,-0.03549070924210035,AP0288,False,4,0.6335941052482726,-0.6335941052482726,0.44790632371055544,-0.28242173832469586,0.35831555762809075,-0.1639328722224768,0.200675692745409,0.200675692745409,0.41012291983308197,0.08985025094633708,-0.08985025094633708,0.24354115663552614,-0.1638281490047431,0.19317162945801727,-0.09832664234072605,0.12317816389609024,0.12317816389609024,0.1624353002339927,0.28627911003353734,58.82168770737069,58.49731518030937,77.15292561483051,0.5882168770737068,0.11886862229989306,0.2929145006264001,37.58331439325204,234.05627440507817,50531.27887156356,1068.2167110001335,0.3914559862575616,18.798483211155645,2026-07-26 00:40:00,288,71.83274468053851,65.16502993042394,72.30923460674595,65.56546115705832,69.4228891556318,73.28790738523115
10,77.43444964386137,115.55953321273661,192.993982856598,169.80893998873756,90.0,0.46843192591329325,0.4705219187516792,0.6511583465549974,0.7138134553080999,-0.048045285327305315,0.018177404610904405,-0.09979701249433814,AP0289,False,3,0.3275090880820257,-0.3275090880820257,0.38228425865936155,-0.38228425865936155,0.3489225590600737,-0.31598764433447474,0.10409933803393306,-0.0358661442409704,0.2907038109588485,0.21047483880772483,-0.21047483880772483,0.19243925367136533,-0.028339391832691026,0.11962822028065631,0.11962822028065631,0.08726695025127429,0.08370508709018697,0.1524523157527552,0.22157806335580185,72.30923460674595,71.83274468053851,69.4228891556318,0.7230923460674594,0.12429026868751193,0.15261738524502863,37.583314393252024,234.05627440507817,50762.508487650804,1053.425678561743,0.3928259012784469,17.532029342971004,2026-07-26 08:38:00,289,67.69143682301996,69.76209075177923,68.93395887031836,70.62159673853216,70.09150636269979,69.75719775916579
10,107.52900781530114,78.92959862598413,186.45860644128527,181.34572590743227,80.0,0.4850804782571781,0.4937636772153883,1.1237630971785157,1.1721048712422861,0.0024855859380984446,0.0075297517447737005,-0.09559500514600516,AP0290,False,2,0.6396034634563164,-0.6396034634563164,0.5359736620495035,-0.5359736620495035,0.6164024800852503,-0.6164024800852503,0.13755069342619772,-0.04463980701900028,0.48238257475431695,0.11565358335130357,-0.08209755646339281,0.07546233132610333,0.00802279589192826,0.06679909920073007,0.0612019611597151,0.05279968477327025,0.04924690507081693,0.0776786746628518,0.2800306247085844,68.93395887031836,67.69143682301996,70.09150636269979,0.6893395887031837,0.14084607928638723,0.16981433201042903,37.58331439325203,234.05627440507817,49732.987360292354,1042.0010918320481,0.3863441368384673,17.859613486315915,2026-07-26 16:14:00,290,65.88222094231642,66.78682888266819,66.69513007994273,67.81454447513055,69.59542861275209,69.84346748772595
10,74.72287125461092,109.94000791031846,184.6628791649294,184.66287916492968,70.0,0.4979573052252066,0.5011463348355136,0.822544930929193,0.8915044425447469,0.054841536866133134,0.002318222454748893,-0.07190961880656144,AP0291,False,1,0.4275432096223153,-0.4275432096223153,0.17636327211490324,-0.06306674970956293,0.23730513146731894,-0.019055168052588636,0.06682821682590025,0.06481726966405693,0.2270099575076094,0.17213910388303483,-0.06978704820341301,0.010767018332943863,0.010767018332943863,0.2779397230756852,-0.16317969274134486,0.11787956250838874,0.11787956250838874,0.14468135195001317,0.18584565472881132,66.69513007994273,65.88222094231642,69.59542861275209,0.6669513007994273,0.10905703648512208,0.22399166271545048,39.20999649,234.05627440507817,49572.106512867314,1059.5616827175022,0.4422678388779356,21.64466183069377,2026-07-26 23:27:00,291,71.45730133616091,68.66976113923866,72.30649539169916,69.50081273582094,68.16017436200588,68.87780148737897
10,112.06675090378896,134.96756329529327,247.03431419908222,185.72021340478213,90.0,0.47790684596012467,0.48011638068362006,0.514462381129903,0.5970434099382578,-0.06202063582328601,0.023744115703060883,-0.13725703706935444,AP0292,False,3,0.6477628013703806,-0.6477628013703806,0.29012467781490237,-0.29012467781490237,0.4135228458833897,-0.3805879311577908,0.09095529554530452,-0.04836388098417573,0.3605914051534943,0.1927401721775415,-0.09825538036262499,0.3166513052326819,-0.3166513052326819,0.2474091335354441,-0.14930045841428544,0.05255472088903528,-0.032263623568288845,0.2023388329586757,0.281465119056085,72.30649539169916,71.45730133616091,68.16017436200588,0.7230649539169915,0.1380662563192095,0.13886878976379902,39.20999649,234.05627440507817,50063.839066440705,1043.3232713192533,0.4407514064188866,20.883898335140195,2026-07-27 07:04:00,292,69.99060283021153,70.72395208318622,70.79828885494398,71.55239212332157,71.78663234344516,69.97340335272551
10,49.091348076046074,122.25735090343933,171.34869897948542,171.34869897948533,80.0,0.46736493971154214,0.48143934974375313,0.3568834648608169,0.4212656635456179,-0.0620067844912896,0.020753527615121586,-0.059204295662500406,AP0293,False,3,0.166248703881228,-0.166248703881228,0.3406831215708002,-0.3406831215708002,0.33335523287186103,-0.33335523287186103,0.040705151807938475,0.040705151807938475,0.22024805253295693,0.23713876136859524,-0.21025337228441138,0.36506476067185306,-0.23064645351096308,0.3611414211058557,-0.2490391167293212,0.17108883004167874,-0.04396346533036568,0.28360844329699564,0.25192824791497626,70.79828885494398,69.99060283021153,71.78663234344516,0.7079828885494397,0.15789812386864807,0.13411898758191226,39.20999649,234.05627440507817,50262.33829632296,1088.7868823904944,0.4378861821121185,22.691689065176824,2026-07-27 14:33:00,293,64.6501357636906,67.32036929695107,65.414652862516,68.10647085872998,71.14576174517978,71.46619704431248
10,69.44510593252143,159.1343391657952,228.57944509831663,200.6565074973235,90.0,0.4342313471550748,0.4399245812832001,1.198617261916192,1.3018662449226615,-0.025161330386958114,0.021085437338822288,-0.030332690272462715,AP0294,False,2,0.4734023000111412,-0.4734023000111412,0.34105202232847187,-0.10171970167058704,0.2957331384618988,-0.06706977914294408,0.03728665025149883,-0.02065257411189113,0.28686852776325267,0.21834568064315124,-0.07853700891243973,0.30723582149774675,-0.24040980665293218,0.16247107589146678,0.011849695064449349,0.2865050259009108,-0.25515832763234425,0.24363940098331893,0.2652539643732858,65.414652862516,64.6501357636906,71.14576174517978,0.6541465286251599,0.14698865508967415,0.19886481628516603,39.20999649,232.75605497775115,50378.99534813594,1050.2840579036745,0.4385186723054969,21.425227738373078,2026-07-27 21:46:00,294,60.96113135977048,62.80563356173054,61.667568575098755,63.541110718807374,67.17148067458172,69.15862120988075
10,129.75729499667898,101.04031391383324,230.79760891051222,221.14569995287275,80.0,0.4777052620303676,0.4901066262938845,0.5160684321972351,0.5759667330911722,-0.06896056735032616,0.02115909166572471,-0.1335041117985169,AP0295,False,1,0.6702142567210562,-0.6702142567210562,0.2924683692819146,-0.25626028509214177,0.3374766170761288,-0.2301674855997958,0.2870656410871663,0.24532425721148624,0.3968062210415665,0.14223708584698325,-0.10885068100880727,0.3253877352637223,-0.18013822815067154,0.29273508228792866,0.09162653380435554,0.1072150993625759,-0.0026234311642779774,0.2168937506903025,0.3068499858659345,61.667568575098755,60.96113135977048,67.17148067458172,0.6166756857509875,0.14500219972011102,0.23832211452890134,39.20999649,232.01307244785002,49614.59784019794,1083.2300886087517,0.44218042886992637,20.365572841145728,2026-07-28 05:05:00,295,64.89548645218021,62.92830890597534,65.812403312884,63.73998594399138,69.62155604197758,68.39651835827965
10,34.44084745685038,275.7521666319827,310.1930140888331,310.1930140888331,90.0,0.3992609314482306,0.4414925577315637,1.0917690033300678,1.2516115402408612,-0.07980104362559126,0.0393503416315902,-0.022819387302173255,AP0296,False,2,0.23511661974294054,-0.23511661974294054,0.19123570128726217,-0.14510174344433163,0.2515916058931285,-0.219420080341891,0.04962963155061182,0.01747368359671096,0.18189338961848575,0.3613609989676075,-0.3613609989676075,0.6724800135613351,-0.2344298066123118,0.27950725585572234,-0.27950725585572234,0.8422739736700361,0.5262224834696315,0.5389055605136752,0.3603994750660805,65.812403312884,64.89548645218021,69.62155604197758,0.65812403312884,0.16211389364301942,0.17976207322814045,39.20999649,232.01307244785002,53140.09353323427,1043.861429657771,0.47649562881291374,20.976240517911982,2026-07-28 12:35:00,296,67.14960850299607,66.02254747758815,67.94551235340873,66.87895783314636,67.62862968755253,68.62509286476507
10,39.220225857318184,66.604576442547,105.82480229986518,105.82480229986533,40.0,0.2500884065608445,0.26760445501893254,0.7975162673007654,0.8386516096856232,-0.07976395893690341,0.01985210202327771,-0.03351933318124334,AP0297,False,2,0.25572135555928927,-0.25572135555928927,0.17040705428316938,-0.17040705428316938,0.19366201527785165,-0.16149048972661342,0.030865936176735154,-0.025313809175287583,0.16266409032426138,0.02382501101068841,-0.02382501101068841,0.3734477266060368,-0.3734477266060368,0.28876331826952006,-0.28876331826952006,0.08817203875808169,0.08817203875808169,0.19355202366108173,0.17810805699267157,67.94551235340873,67.14960850299607,67.62862968755253,0.6794551235340872,0.10837479714235605,0.21217007932355672,39.20999649,231.45036618693302,53129.451485268335,1042.7212272273841,0.47859555449001573,20.467824468744325,2026-07-28 20:02:00,297,57.81459000172114,62.48209925235861,58.61201797619076,63.278765164799744,60.12820020870109,63.87841494812681
10,109.27053580811098,143.66103374954034,252.9315695576513,251.75844891304996,90.0,0.4380840729745966,0.44206663791242046,1.00010250069344,1.0905211549638032,-0.02308022045430158,0.01863692524214529,-0.11485195869902837,AP0298,False,3,0.42865511152900143,-0.42865511152900143,0.4291196823382078,-0.4291196823382078,0.4663939718479327,-0.4334590571223338,0.022916806505022563,-0.0031378808519904717,0.3367713930550411,0.18905625090776132,-0.07383441647749717,0.25760942797747316,-0.25760942797747316,0.29015544932028914,-0.2570431948512989,0.1014473696975661,0.09788550653647748,0.20956712447577241,0.27316925876540676,58.61201797619076,57.81459000172114,60.12820020870109,0.5861201797619076,0.18104235932225402,0.23283746091583854,39.20999649,230.46563023032823,52034.61918268497,1080.2725789724955,0.47701259961819625,22.078423826503286,2026-07-29 03:57:00,298,65.61183187207303,61.713210936897084,66.914701893064,62.76335993462738,67.87327284800011,64.0007365283506
10,84.39146932226012,223.35716132784142,307.7486306501015,302.55078543425,90.0,0.4093206509664292,0.440698780542347,1.0071536692740801,1.1601504253811992,0.17710751314505024,-0.0039590734052432144,-0.0808454156330779,AP0299,False,3,0.44781632907661323,-0.44781632907661323,0.4525422666783881,-0.26175673718645265,0.4707344098624257,-0.2492362272667021,0.09637683195623824,0.09637683195623824,0.3668674593934163,0.18637031194755938,-0.018939548137443266,0.4870326466342521,0.20538152830845363,0.36200978753242025,-0.26845582697769904,0.9302352145570758,0.891015957616283,0.4914119901678269,0.42913972478062157,66.914701893064,65.61183187207303,67.87327284800011,0.66914701893064,0.14568374322216732,0.18516923784719272,39.20999649,230.46563023032823,53720.527197288895,1037.4674976944302,0.4757217424347729,22.064667813528004,2026-07-29 11:24:00,299,60.20673368741126,62.90928277974214,61.295334254739316,64.10501807390166,64.65092779941378,66.26210032370695
10,92.19978665957134,46.937950257718725,139.13773691729006,139.13773691729006,70.0,0.3268377199452569,0.3339880163286623,1.5015249074431116,1.5349344645173093,0.009573928312937685,0.003913896348318582,-0.10733977404884998,AP0300,True,-1,0.44295687387206845,-0.37013397393202796,0.46935567450971033,-0.46935567450971033,0.3950469755678551,-0.3950469755678551,0.06645332195856321,0.06645332195856321,0.34345321147704927,0.06510153298425679,0.008697549664705245,0.1578250324011473,-0.07432612107841383,0.10445704258937873,-0.10445704258937873,0.04043086893243023,-0.030274733636304445,0.09195361922680327,0.21770341535192628,61.295334254739316,60.20673368741126,64.65092779941378,0.6129533425473932,0.1980953537513303,0.18895130370127652,39.20999649,229.4263017781532,53393.69623139887,1024.950498400765,0.4798008506104433,21.114064673515497,2026-07-29 18:58:00,300,62.467755509177216,61.337244598294234,63.655865098284764,62.47559967651204,62.40375844607845,63.52734312274612
10,35.53962785287436,261.1252485648523,296.6648764177267,296.21025701287124,60.0,0.40586528094339436,0.41765276955073827,1.237797117403586,1.396509080535787,-0.026306299904790886,0.0303806671653517,-0.04607298915016855,AP0301,True,-1,0.1262791616698256,-0.1262791616698256,0.19157633486035017,-0.19157633486035017,0.19442690641510763,-0.19442690641510763,0.0055278071206094305,0.0055278071206094305,0.1294525525164732,0.35427692928362575,-0.26863432558191624,0.1208486909959719,-0.1208486909959719,0.19751574330789287,-0.13052632279146956,0.21377567054982946,0.2066445107907535,0.22160425853433,0.1755284055254016,63.655865098284764,62.467755509177216,62.40375844607845,0.6365586509828477,0.11554380159096392,0.2478975474261884,39.20999649,227.6074769868469,52696.954188127966,1032.6898923912051,0.48249550171320965,20.75534742202551,2026-07-30 02:26:00,301,68.0089425863327,65.23834904775495,68.96048025564419,66.30817267696447,66.11142418219424,64.25759131413635
10,7.8187165298663075,252.11941097138083,259.93812750124715,242.02443968283848,50.0,0.30105874602380256,0.30238934877212914,1.3112018614561494,1.4632794566294618,-0.13223543870732543,0.046685227238200004,-0.013347901687185304,AP0302,True,-1,0.030627014782301416,-0.030627014782301416,0.06546516184343001,-0.06546516184343001,0.08016491753912759,-0.08016491753912759,0.005516703539037081,0.005516703539037081,0.045443449425974024,0.26158698416763065,-0.16424222425770013,0.6251996680154603,-0.6251996680154603,0.5436448693636627,-0.5436448693636627,0.16359628987103084,0.01660643907494604,0.39850695285444615,0.22197520114021008,68.96048025564419,68.0089425863327,66.11142418219424,0.6896048025564419,0.15188331627714208,0.15851188116641607,39.20999649,227.6074769868469,53574.94629428877,1051.9095525772675,0.48007444884377254,23.31368816731801,2026-07-30 10:50:00,302,67.4020275637985,67.7054850750656,67.95762562185553,68.45905293874986,72.4003527787944,69.25588848049432
10,122.36434609953301,165.54649165943445,287.91083775896743,285.56716827215706,80.0,0.30408490829006374,0.32640035054635486,1.3059124834311417,1.4047182476708298,-0.046678561048224654,0.023889051771414205,-0.13661071421729193,AP0303,True,-1,0.5396656456262635,-0.5396656456262635,0.353220848981515,-0.353220848981515,0.2658080021519442,-0.24750445983252126,0.16943300018683352,-0.15287178598814924,0.3320318742366391,0.35966922928836986,-0.18024118817966991,0.2167645043140079,-0.2167645043140079,0.09606245020703984,0.03204628019306176,0.42431384913344344,-0.42431384913344344,0.27420250823571524,0.30311719123617714,67.95762562185553,67.4020275637985,72.4003527787944,0.6795762562185553,0.12973971213390775,0.19068403164753686,37.46618825284555,227.2154822417463,50209.86584287377,1039.5559265174445,0.39744945607416104,18.756706545899263,2026-07-30 18:42:00,303,64.41000243958423,65.90601500169137,65.25104153742109,66.60433357963831,72.17903265324465,72.28969271601952
10,192.13290105921203,220.71295379634245,412.8458548555545,405.78709205957676,80.0,0.29889953703317407,0.32813762381268957,1.075244199847854,1.207894761541632,0.06831644845328105,0.010563893799753206,-0.18540362322726722,AP0304,True,-1,0.9616573634926513,-0.9616573634926513,0.5885621673980332,-0.5885621673980332,0.6239552282122008,-0.6239552282122008,0.16901705505996556,0.1364819425842305,0.5857979535407127,0.18778721013159497,-0.18778721013159497,0.7805184345294378,0.10305412149702808,0.33054573642169205,-0.33054573642169205,1.1193196602220872,1.1193196602220872,0.604542760326203,0.5951703569334579,65.25104153742109,64.41000243958423,72.17903265324465,0.652510415374211,0.12488041385783327,0.22260917076795578,37.46618825284555,226.1701629214779,49904.90822043563,1030.4428711957348,0.3933191851521637,18.209743176221163,2026-07-31 02:00:00,304,72.82294856664973,68.61647550311699,74.24538638795586,69.74821396268848,73.96137236074496,73.0702025069948
10,37.705952396409174,205.14467690632554,242.8506293027347,242.85062930273432,80.0,0.3417902829182338,0.3640999575283598,1.776137406180017,1.897078433357226,-0.15731321503653384,0.045690351759235304,-0.06148006370977327,AP0305,True,-1,0.13021108243501786,-0.13021108243501786,0.2929489006193409,-0.2929489006193409,0.24998226467224996,-0.24226772653420622,0.020786047271621345,0.012314173962599055,0.1734820737495575,0.14143581371853803,-0.14143581371853803,0.6555187155067339,-0.6555187155067339,0.6648545244259786,-0.6648545244259786,0.1270708726419811,0.1270708726419811,0.39721998157330796,0.2853510276614327,74.24538638795586,72.82294856664973,73.96137236074496,0.7424538638795586,0.12025944203856943,0.137286694081872,37.46618825284555,226.1701629214779,50154.50473129425,989.4824558311363,0.3955889646391458,19.07072393955453,2026-07-31 10:33:00,305,68.82195904278298,70.82245380471636,70.45913240780253,72.3522593978792,71.03022338422412,72.49579787248453
10,35.883752695753984,59.20584268536367,95.08959538111765,95.08959538111759,50.0,0.37957944462562204,0.3878635110176417,1.602710496122546,1.6404613976756552,0.0016703048925474917,0.005924564312079106,-0.053880714866294255,AP0306,True,-1,0.1702894764982631,-0.1702894764982631,0.17166914238623887,-0.17166914238623887,0.17649131345310484,-0.17649131345310484,0.06039124262971854,-0.0548634355091105,0.14471029374183134,0.050764998415349,-0.035746265890199774,0.10750589827366824,-0.026304728774012208,0.14913549141969068,-0.05450095648570987,0.1265732175333661,0.1265732175333661,0.1084949014105185,0.12660259757617492,70.45913240780253,68.82195904278298,71.03022338422412,0.7045913240780254,0.12942092367943678,0.16598775224253792,37.46618825284555,226.09847773257823,51274.9619313306,992.9442905333219,0.3998469561121437,17.70951733439506,2026-07-31 17:47:00,306,68.84217544767698,68.83206724522998,69.59642918083054,70.02778079431653,72.97041672870677,72.00032005646544
10,134.3736530746141,269.95889640168184,404.33254947629604,402.5149286682923,100.0,0.4141529656560978,0.42683528064425424,0.906092443201495,1.0648757758273972,-0.023787275298296856,0.029978753353727298,-0.16790264497538598,AP0307,True,-1,0.5861737707881988,-0.5861737707881988,0.5792383296038998,-0.5792383296038998,0.6225463532508554,-0.5900897989780178,0.09661682804685141,-0.08078116499667236,0.47114382042245134,0.35345238085623937,-0.35345238085623937,0.17388995572690522,0.015229306479628876,0.2669108451752051,0.1014526968286501,0.18988105626896462,0.1428833963212769,0.24603355950682854,0.35858868996463994,69.59642918083054,68.84217544767698,72.97041672870677,0.6959642918083054,0.058483639799920016,0.2455520683917745,41.449812264285704,225.38162584358167,53540.43700374028,1039.3257446022958,0.3830421115665669,16.63932369077427,2026-08-01 01:35:00,307,66.01922110474561,67.4306982762113,66.72856210927988,68.1624956450552,69.59594580261276,71.28318126565976
10,97.62388912914487,267.5932638182245,365.21715294736936,359.61770507610663,80.0,0.4604166330140673,0.47960024134429713,0.6952534537852281,0.8483153908602641,-0.1025774169027317,0.04197690541506861,-0.10579193379903634,AP0308,True,-1,0.4379019598248474,-0.4379019598248474,0.42283302781903426,-0.42283302781903426,0.3210286897706271,-0.3210286897706271,0.06852704590939843,0.06798588366047026,0.31257268083097683,0.4608502086735463,-0.3033854832070646,0.44674926352239386,-0.44674926352239386,0.4878601463376603,-0.4878601463376603,0.4475294152970437,-0.1950257228131005,0.46074725845766107,0.3866599696443189,66.72856210927988,66.01922110474561,69.59594580261276,0.6672856210927988,0.1334084920660345,0.19930588684116668,41.44981226428571,225.38162584358167,53704.59380781464,1012.1347248959254,0.3846027779088021,18.356838474939835,2026-08-01 09:28:00,308,65.71820200904077,65.86871155689319,66.88466018316834,66.8066111462241,63.41705997348818,66.50650288805048
10,78.32138860708861,213.1837525650941,291.5051411721827,274.4326876077343,100.0,0.42903096017534226,0.4370365958597244,0.8922207259899508,1.028149932938297,-0.030365278970280962,0.027306155323255706,-0.09879265114186125,AP0309,True,-1,0.33445857271258744,-0.33445857271258744,0.3706226589952832,-0.3706226589952832,0.41838933668022144,-0.3859327824073846,0.09241018103757297,-0.02424401772750805,0.3039701873564163,0.23997012803426776,-0.11228569156077703,0.32027202713890424,-0.2550699766962343,0.2624077237800194,-0.1332294571023429,0.14884252188735878,0.14527694200782018,0.24287310021013755,0.2734216437832769,66.88466018316834,65.71820200904077,63.41705997348818,0.6688466018316834,0.15271509585317256,0.17843830231514404,41.44981226428571,225.38162584358167,53978.21976343686,1009.0663138112266,0.38217138389106114,17.316529452584906,2026-08-01 16:51:00,309,70.82081632237052,68.26950916570564,71.40259819071879,69.14362918694357,75.20432497612147,69.31069247480482
10,202.07330332286912,107.54220785197694,309.61551117484606,309.6155111748455,80.0,0.3999509126522788,0.4178257075809987,0.841573303486875,0.9101206573860462,-0.04359402304610721,0.018414019202837188,-0.2223855058031985,AP0310,True,-1,1.0468027991569178,-1.0468027991569178,0.7691622056318993,-0.7691622056318993,0.525183091601718,-0.525183091601718,0.10181409135705954,0.07895194257754046,0.6107405469368987,0.0932770079552623,-0.03134529314429063,0.27398979819623814,-0.27398979819623814,0.2978608795755364,-0.2978608795755364,0.10652563348712157,0.10652563348712157,0.1929133298035396,0.40182693837021916,71.40259819071879,70.82081632237052,75.20432497612147,0.7140259819071878,0.08843437727568783,0.19753964081712436,41.449812264285704,223.7116225639592,54885.96568496023,996.7703469476667,0.3855482692762547,17.080267527520448,2026-08-02 00:16:00,310,76.42105864098745,73.620937481679,77.20482942071501,74.30371380571691,77.2815379249959,76.24293145055869
10,136.93098677218705,303.60367786567815,440.53466463786526,434.8108393580448,80.0,0.3938596468141633,0.40865044489086566,1.4740065776153215,1.6475772820573276,0.004955714331550232,0.02768719049432769,-0.14929790372012275,AP0311,True,-1,0.7884183063575483,-0.7884183063575483,0.5173481893868441,-0.5173481893868441,0.3856004494410487,-0.3531438951682118,0.23159422760413642,0.11458076573821573,0.4807402931973944,0.46023787773729524,-0.46023787773729524,0.4421367425624445,0.10379099915649007,0.19061469223364033,-0.19061469223364033,0.22994576189028426,0.18093200892602762,0.3307337686059161,0.40573703090165525,77.20482942071501,76.42105864098745,77.2815379249959,0.7720482942071502,0.06335644607148481,0.16459525972136488,41.44981226428571,223.7116225639592,51981.574226677934,982.8210482708904,0.37472006930230073,15.851725191765452,2026-08-02 08:37:00,311,67.70800021958333,72.06452943028539,68.86060126091267,73.03271534081384,65.16554370134891,71.2235408131724
10,146.33352041207945,292.46027628505584,438.7937966971353,438.7937966971355,100.0,0.3715908668039142,0.42564672874813886,1.1192074732674917,1.2893935377221637,-0.23387204856172594,0.06634780180893234,-0.054624846146956285,AP0312,True,-1,0.949478999676108,-0.949478999676108,0.7519247270775224,0.17719572249647383,0.6005353271712517,-0.5814265024035302,0.09049984697447493,0.06908719757143734,0.5981097252248393,0.19770208802858177,-0.19354567570398937,0.9497431270249145,-0.9497431270249145,0.9865085544284579,-0.9865085544284579,0.26131086571197887,0.25662723659734404,0.5988161587984833,0.5984629420116613,68.86060126091267,67.70800021958333,65.16554370134891,0.6886060126091268,0.14289592632438108,0.1684980610664923,41.44981226428571,223.7116225639592,53101.37541180941,1005.9714572553881,0.38310835035158347,16.17150809619434,2026-08-02 16:30:00,312,64.62687133682353,66.16743577820343,65.21787700622376,67.03923913356822,69.85585197726279,67.51069783930585
10,203.33012501456813,192.68326210779824,396.01338712236634,371.5623981612882,100.0,0.3919288161349456,0.3984758909140641,0.7217348801256942,0.8373796745876598,-0.09535590798494273,0.034647077577489103,-0.2201984612118556,AP0313,True,-1,0.8841203645365591,-0.8841203645365591,0.7506623521520602,-0.7506623521520602,0.898292832599771,-0.898292832599771,0.18588356208449472,-0.03749723637453268,0.6797397778432211,0.1725620152407228,-0.1504477935176417,0.42503637470267946,-0.42503637470267946,0.47498554289114164,-0.44149083263293004,0.13869790959777697,0.05068683039715488,0.3028204606080802,0.49128011922565074,65.21787700622376,64.62687133682353,69.85585197726279,0.6521787700622376,0.14493981908017534,0.20288141085758718,41.44981226428572,223.68578720806846,53332.22478215033,984.4005737496726,0.3883357062953387,16.354402984486494,2026-08-03 00:27:00,313,72.6907072059106,68.65878927136706,73.54833479688197,69.38310590155287,70.7193117678835,70.28758187257314
10,163.42709748891744,177.80927820814935,341.2363756970668,319.1645488510233,70.0,0.37531810401029175,0.3925477330706112,1.4578084477808388,1.5662851163588598,-0.07914865801284193,0.030808756418860894,-0.18327839529017886,AP0314,True,-1,0.8940872973649253,-0.8940872973649253,0.6367211493521086,-0.6367211493521086,0.6029351929657852,-0.6029351929657852,0.22500587006258865,0.10264259023527704,0.5896873774363519,0.12959632670100404,-0.12959632670100404,0.3278444076754221,-0.3278444076754221,0.2570112726429118,-0.2570112726429118,0.15658867956231998,0.15658867956231998,0.2177601716454145,0.40372377454088326,73.54833479688197,72.6907072059106,70.7193117678835,0.7354833479688198,0.10935949316131527,0.15515715886986495,41.44981226428571,223.68578720806846,52872.29056007406,975.649935177283,0.3769328529373894,16.378113758933644,2026-08-03 08:30:00,314,71.1191963558437,71.90495178087716,71.7674508920415,72.65789284446174,71.11672272245225,70.91801724516787
10,193.21617620679694,100.1429729244942,293.35914913129113,290.5477383880162,80.0,0.41289552820952624,0.42404025161406445,0.9101572645123668,0.9667034556363463,-0.009416964116640003,0.010831388381054088,-0.17038343972311026,AP0315,True,-1,1.1254800971846615,-1.1254800971846615,0.4464131918415497,-0.4464131918415497,0.34495585402894813,-0.23803235474883475,0.1126582433143714,0.1126582433143714,0.5073768465923827,0.1534208798765242,-0.1534208798765242,0.06134158176187986,0.019859587737776182,0.10240884153350693,-0.00777430659952609,0.046491127518921614,0.046491127518921614,0.09091560767270815,0.2991462271325454,71.7674508920415,71.1191963558437,71.11672272245225,0.717674508920415,0.13820383680600198,0.14412165427358298,41.50480573615384,223.68578720806846,53734.36589469755,993.7046564784407,0.37061757242335597,16.384934246919222,2026-08-03 16:18:00,315,68.29534583662378,69.70727109623374,68.78090271590784,70.27417680397467,71.28746190735325,71.20209231490276
10,215.6069025693493,168.2024547260457,383.809357295395,370.8260528393589,100.0,0.4133715378947317,0.42939899413437044,0.7570339974188489,0.8589201515250537,-0.03938131679509271,0.02319662904783209,-0.2000258981477071,AP0316,True,-1,1.234220004856639,-1.234220004856639,0.41721306681168935,-0.41721306681168935,0.3994996452791422,-0.36604176479770306,0.13045219781759354,-0.06826527222202895,0.545346228691266,0.17300423754645566,-0.1599469446894342,0.2388496156207571,-0.15764844612110124,0.27231837139199017,-0.14418912619979782,0.133434075121197,0.12986849524165964,0.2044015749201,0.37487390180568303,68.78090271590784,68.29534583662378,71.28746190735325,0.6878090271590784,0.1426291324404917,0.16956184040042988,41.50480573615384,222.97383187110725,53451.699612368386,982.5572231865027,0.3731433942547052,15.947181389032878,2026-08-03 23:46:00,316,76.27733051292954,72.28633817477666,77.49134228268635,73.1361224992971,74.36146278482336,72.8244623460883
10,167.52635650811928,183.02107672541348,350.5474332335328,322.61671513914683,100.0,0.35318456360585315,0.35927473377101277,0.5189937569690242,0.6291729958332019,0.01214280708268245,0.016097936253119068,-0.14530590202116128,AP0317,True,-1,1.0262017009116329,-1.0262017009116329,0.21057354873131398,-0.21057354873131398,0.36007966107414197,-0.19039388179001368,0.2262282377624031,-0.08467384964995468,0.455770787119873,0.2739008287660473,-0.17510481232793237,0.2122234687282338,-0.08037872218966821,0.33563028487762764,-0.24099574994364686,0.2141776068838305,0.06497435483012862,0.25898304731393484,0.3573769172169039,77.49134228268635,76.27733051292954,74.36146278482336,0.7749134228268635,0.06727750229345605,0.15780907487968038,41.50480573615384,222.90263633741114,53991.191803443195,971.0090575460405,0.37704575630419507,16.952406951658887,2026-08-04 07:19:00,317,72.47672709248081,74.37702880270518,73.61717325880034,75.55425777074333,73.38521007206953,73.87333642844644
10,44.96684166057261,95.00674744693706,139.97358910750967,129.8625985329541,70.0,0.326993687937115,0.32868589310565693,0.3763901876572414,0.4406998790568131,0.027974810947732798,0.005966318629201814,-0.03231843317921185,AP0318,True,-1,0.2515433999502105,-0.2515433999502105,0.2153722276811275,-0.03050428789532191,0.1332113086116498,-0.07991283709927761,0.035772623048308215,-0.015040381321620952,0.15897488982282398,0.14139649782424596,-0.040974298423570116,0.08507288063911644,0.01927221900426313,0.14285100459497319,0.14285100459497319,0.04342925259377824,0.027093520586967172,0.10318740891302845,0.13108114936792623,73.61717325880034,72.47672709248081,73.38521007206953,0.7361717325880034,0.07113946106964486,0.19268880634235164,41.50480573615384,222.90263633741114,53352.65779242029,976.8530366856667,0.36754955684062285,16.36022886629165,2026-08-04 14:29:00,318,77.68194225921276,75.07933467584678,78.743619457751,76.18039635827566,76.26959941362763,74.82740474284859
10,252.51999246477584,132.73766244977432,385.25765491455013,370.9139232313691,90.0,0.37969627289025126,0.39607403231731203,0.24884229264309193,0.33275104109440323,-0.05447489694353222,0.022723094481911905,-0.21045239612487937,AP0319,True,-1,1.512670005798465,-1.512670005798465,0.5007401029571518,-0.4119192678284748,0.43173688359915724,-0.28638147351557125,0.18147848259524402,0.040793765736081074,0.6566563687375045,0.08962992914594803,-0.0761662010137482,0.20383078666023574,-0.20383078666023574,0.199802985143322,-0.03261727863589846,0.09345922389665857,0.09246495674924114,0.1466807312115411,0.40166854997452284,78.743619457751,77.68194225921276,76.26959941362763,0.7874361945775099,0.08225785589464098,0.1303059495278491,41.50480573615384,222.70618205570074,53786.568063015366,992.3741583207478,0.37384593551611406,16.088373335877474,2026-08-04 21:55:00,319,69.58033212600465,73.6311371926087,70.47378361792774,74.60870153783937,72.46308915027156,74.3663442819496
10,194.45933322229422,136.1393571949402,330.59869041723437,330.5986904172344,90.0,0.3719121267628885,0.38282535203185813,0.8088088527894428,0.8884164404828767,-0.00678429242063,0.014185858803623004,-0.19306142595005354,AP0320,True,-1,1.004698606345062,-1.004698606345062,0.4805849068601716,-0.4805849068601716,0.4864428642228779,-0.4810777323205752,0.16798691718285494,-0.11422969034855719,0.5349283236527416,0.19631712861366213,-0.19631712861366213,0.10481029330691266,-0.023609123807256438,0.26353857943277836,-0.16890404449879756,0.1006973465957412,0.1006973465957412,0.1663408369872736,0.3506345803200076,70.47378361792774,69.58033212600465,72.46308915027156,0.7047378361792773,0.06802494526921248,0.22723721855151016,41.50480573615384,222.5939224661519,54753.77942792453,1000.0891725686764,0.3753923282595085,16.544819482863705,2026-08-05 05:11:00,320,72.07428028518332,70.82730620559398,73.03732845374714,71.75555603583743,71.54731175312261,72.00520045169708
10,257.6726535371754,51.07641475324252,308.7490682904179,280.27032614783116,70.0,0.340762359756055,0.3657749905420743,0.9866231029071515,1.0182490630158187,-0.010677482345292089,0.006946378071257704,-0.08242155911752858,AP0321,True,-1,1.9602911806430428,-1.9602911806430428,0.6887364329451815,0.6887364329451815,0.5217367561864406,0.5217367561864406,0.21475438619299467,-0.049585127414331166,0.8463796889919147,0.05713480169791967,-0.05713480169791967,0.08112841911942636,-0.015926368676756085,0.05365211025881425,0.042031446160650535,0.016226951631263375,0.015232684483845942,0.052035570676855915,0.4492076298343854,73.03732845374714,72.07428028518332,71.54731175312261,0.7303732845374713,0.06303962170333033,0.20658709375919831,41.50480573615384,222.5939224661519,53339.753884372054,977.0090771006605,0.3759143010729705,16.480689778371318,2026-08-05 12:53:00,321,64.1176097588855,68.09594502203441,64.74269757468193,68.89001301421453,65.04939899480657,68.2983553739646
10,178.99734441528986,197.07393536435808,376.07127977964797,349.2865375716261,90.0,0.36050045205721204,0.3659459914811597,1.0110632366236807,1.121481378812343,-0.07954711145828086,0.031192980894407696,-0.14495808221647194,AP0322,True,-1,1.185277094187383,-1.185277094187383,0.184863254614971,-0.11547962193370269,0.22534022184763683,-0.05454126848891269,0.12553806836206852,-0.06972643796721378,0.4302546597530148,0.28785231842005077,-0.28785231842005077,0.23408538166557916,-0.18344180462666979,0.20585833091266434,-0.1723636206544528,0.26250556150672705,0.04817901217716447,0.24757539812625534,0.33891502893963504,64.74269757468193,64.1176097588855,65.04939899480657,0.6474269757468193,0.18154574888426864,0.17102727536891216,41.50480573615384,222.54285765701636,53361.9073141188,983.4470564715017,0.3762662047905659,16.378557990243436,2026-08-05 20:28:00,322,67.95490181048453,66.03625578468501,69.16477196689875,66.95373477079033,71.75685401618706,68.40312650549681
10,168.95209489244257,92.29995643502019,261.25205132746277,253.41326074583623,80.0,0.36873141052296454,0.37391605000618433,0.644676825413108,0.6950646666192587,-0.05059271431126533,0.01658137200614382,-0.1702587454595429,AP0323,True,-1,0.9945229877935758,-0.9945229877935758,0.4080205763057641,-0.4080205763057641,0.490049685706788,-0.3779671520609748,0.07979947603794393,-0.0283200102632031,0.49309818146101797,0.14322023803165712,-0.14322023803165712,0.15950033275647502,-0.15950033275647502,0.17632623603850436,-0.17632623603850436,0.1104585523730755,-0.10030241707694909,0.14737633979992798,0.320237260630473,69.16477196689875,67.95490181048453,71.75685401618706,0.6916477196689876,0.07479347738226014,0.23355880294875234,41.50480573615384,222.48157988605374,54735.45424823103,1025.0944822587599,0.37582033590689196,17.05166269318969,2026-08-06 04:10:00,323,73.4414836110525,70.69819271076852,74.27540310744783,71.7200875371733,72.32031120421937,72.0385826102032
10,223.28942489831266,193.08378646029712,416.37321135860975,415.16560382539944,100.0,0.3419799009243779,0.37223224027618984,0.7267105945186045,0.8384598221909324,-0.12116990497108138,0.03824616299563369,-0.13178798785978602,AP0324,True,-1,1.596824995841138,-1.596824995841138,0.4847710220344436,-0.0033124268312104688,0.5190233815988664,0.33311847720307824,0.21816261054655597,0.21385212724154193,0.704695502505251,0.23803732051848636,-0.21117629589680953,0.3971109509718972,-0.3971109509718972,0.2100195711751818,-0.19649876381606976,0.1889731752810802,-0.13367223384508198,0.25853525448666137,0.4816153784959562,74.27540310744783,73.4414836110525,72.32031120421937,0.7427540310744783,0.06350956085093683,0.19373640807458486,41.50480573615384,222.48157988605374,53355.024829800175,988.8647136941794,0.3732282263991743,15.870004160085278,2026-08-06 12:07:00,324,65.7113878597076,69.57643573538004,66.89922059471319,70.5873118510805,60.61474574952931,66.46752847687434
10,179.20087303963527,166.44905038725673,345.6499234268921,343.5908838966667,80.0,0.34435057569795546,0.3545929085530804,1.306428946591703,1.3999643383480385,-0.06030915829571126,0.02526183087882538,-0.1889856567623729,AP0325,True,-1,1.0689154755813994,-1.0689154755813994,0.49109973651659833,-0.49109973651659833,0.33056843830254207,-0.3087182832751036,0.17839772000076656,-0.0139897270055399,0.5172453426003266,0.23794226558297532,-0.23794226558297532,0.23126121039871272,-0.09941646386014713,0.18569870701417143,-0.057569461821978966,0.19238646337208654,0.18882088349254916,0.2118221615919865,0.36453375209615657,66.89922059471319,65.7113878597076,60.61474574952931,0.6689922059471318,0.12987027535093557,0.2011375187019326,41.50480573615384,222.21495151145146,53570.00115809633,979.2112312875855,0.37718287020328045,16.621618945306984,2026-08-06 19:45:00,325,68.16941774973931,66.94040280472345,69.07407448257621,67.98664753864469,73.97108420833047,67.29291497892989
10,72.0397792541862,475.6844996812459,547.724278935432,547.2226894856709,90.0,0.3703953951017814,0.4043119668463688,0.8436610822793889,1.1405394322633484,0.09268536929701679,0.03352922507174759,-0.10586786053280678,AP0326,True,-1,0.30332708613407,-0.30332708613407,0.47183753096469055,-0.47183753096469055,0.43390461034348976,-0.43390461034348976,0.1361614179561592,0.024947754974883652,0.3363076613496024,0.6290338476857691,-0.4012890450539916,0.31923373242904185,0.06561240426682542,0.3153508145834809,-0.3153508145834809,0.705882399100434,0.6666222178093052,0.4923751984496815,0.4143414298996419,69.07407448257621,68.16941774973931,73.97108420833047,0.6907407448257622,0.11636106010396607,0.19289819507027176,41.36253203653846,221.74835185589745,54209.88542910131,1026.52937824394,0.3845760062735764,17.915711650654682,2026-08-07 03:32:00,326,76.01514238376294,72.09228006675113,77.66126683328832,73.36767065793227,73.16883879495664,73.56996150164355
10,161.4861999001622,224.26564157961192,385.75184147977416,378.14608809876466,100.0,0.36555735798178535,0.3826125400809821,1.043243089752192,1.1765391860461787,-0.1365858134940824,0.04431558453006059,-0.18479778620037274,AP0327,True,-1,0.8496512740427079,-0.8496512740427079,0.4604967380641612,-0.43032307740629444,0.5755803645323058,-0.4776947386253772,0.30638406880090613,-0.21158983781851967,0.5480281113600203,0.2361997817105322,-0.18619356528781467,0.5526997696535851,-0.5020561926146756,0.27399864353693865,-0.26047783617782666,0.2867626894193944,-0.07620420788589904,0.33741522108011257,0.4427216662200664,77.66126683328832,76.01514238376294,73.16883879495664,0.7766126683328832,0.06975117169822423,0.15363615996889252,41.36253203653846,221.74835185589745,53786.3394419656,1000.8422261452395,0.38154505431032765,17.091591521300863,2026-08-07 11:34:00,327,71.76366936099475,73.88940587237884,72.192694914391,74.92698087383965,75.78504320446396,74.47694099971031
10,143.81007395070807,204.49406635003496,348.30414030074303,337.4935571392907,100.0,0.40611733715262266,0.41825590732876244,0.546975641750037,0.6613036623355298,-0.028981640241462492,0.023531964010994284,-0.14958325392379068,AP0328,True,-1,0.7366996031353445,-0.7366996031353445,0.5199073797602966,-0.47811516495578804,0.44005652795736827,-0.4075999736845313,0.11216941577173285,0.03143726581339907,0.4522082316561855,0.32173587198621906,-0.32173587198621906,0.3224525605493765,0.05757554792536958,0.25380241494827427,0.04604486975612363,0.22744991704887754,0.19634538334899307,0.28136019113318683,0.3667842113946862,72.192694914391,71.76366936099475,75.78504320446396,0.72192694914391,0.09851722678293638,0.17955582407315376,41.36253203653847,221.7042266570919,53574.423505255,972.7233478647249,0.3815146556998198,17.729266830935757,2026-08-07 19:00:00,328,68.40937192003642,70.08652064051559,69.55231633949222,70.8725056269416,71.91056526399635,73.84780423423015
10,172.48773739304517,158.42093460722595,330.9086720002711,324.8726020668005,100.0,0.38600030147231124,0.3980593012283361,1.5086175112686275,1.6003449933036245,-0.004557390786686322,0.015810323944447216,-0.2149997043728767,AP0329,True,-1,0.7877409543565678,-0.7877409543565678,0.7692760494625931,-0.7692760494625931,0.7451944347173597,-0.7451944347173597,0.1927441506211028,-0.05083392612029391,0.6237388972894059,0.2675120863533011,-0.2445764942104076,0.22228834121949734,0.0954365474273733,0.2142838103238131,0.12086791222534017,0.19478685589861053,0.15163895246848197,0.2247177734488055,0.42422833536910565,69.55231633949222,68.40937192003642,71.91056526399635,0.6955231633949223,0.10184278790481595,0.2026340487002618,41.362532036538454,221.6270075591822,53691.74871349675,992.2071187959934,0.3810212527797433,17.160969566416586,2026-08-08 02:33:00,329,73.68522465365253,71.04729828684447,74.92141231405941,72.23686432677582,81.66888517425527,76.78972521912581
10,130.2553699555543,114.24480440584081,244.50017436139512,244.36345382108783,80.0,0.4377294821921492,0.44742469871890644,0.6321418293453658,0.7044891233395003,-0.02561845560380205,0.01608632998324081,-0.1390781237761617,AP0330,True,-1,0.641665277136647,-0.641665277136647,0.5078494531663661,-0.5078494531663661,0.3741302089280992,-0.34403807676583,0.14947139538860088,0.07173718392005987,0.4182790836549283,0.10942302528088871,-0.10942302528088871,0.11694765983883511,-0.035746490339179246,0.13091012072070218,0.13091012072070218,0.05031383468259571,0.05031383468259571,0.10189866013075542,0.26008887189284186,74.92141231405941,73.68522465365253,81.66888517425527,0.7492141231405941,0.09952838410589293,0.151257492753513,41.36253203653846,221.6270075591822,53564.144908629096,974.0769270420311,0.38297740128365465,16.558117311901704,2026-08-08 10:07:00,330,73.52671556112453,73.60597010738853,74.48703645142531,74.70422438274235,71.68159046363407,76.67523781894467
10,114.97274822864989,143.23814128081804,258.21088950946796,231.17366987690696,90.0,0.43493359616875066,0.4476926841392113,1.0664462183280485,1.1573914136503745,-0.0050559121200051405,0.01576372864406089,-0.13408305908574153,AP0331,True,-1,0.5676739106911156,-0.5676739106911156,0.37459790112223684,-0.37459790112223684,0.4847889926352283,-0.46833556362830103,0.12888032160718668,-0.11231910740850519,0.38898528151394185,0.16900445149367235,-0.08037345491150756,0.18618912476647362,-0.10498795526681756,0.15902350829574663,-0.03089426310355401,0.12788849454669976,0.12332864751974626,0.16052639477564812,0.274755838144795,74.48703645142531,73.52671556112453,71.68159046363407,0.7448703645142531,0.07582693810089754,0.17930269738484927,41.362532036538454,221.6270075591822,53732.01089830749,979.537408552975,0.3800188826690581,16.987700012760733,2026-08-08 17:23:00,331,67.14075146702469,70.33373351407461,67.88638795725905,71.18671220434217,74.74685220787765,73.21422133575587
10,92.3998247025278,195.8479051526951,288.2477298552229,279.65676774406677,80.0,0.33769424551720906,0.3496378789949871,0.8395971442050065,0.9597555346320471,0.03788667269916493,0.013509313255808814,-0.11265808547423295,AP0332,True,-1,0.3599449213944497,-0.3599449213944497,0.4387383734928256,-0.4387383734928256,0.4135697097946571,-0.4135697097946571,0.10653525190652867,-0.024364966240767418,0.32969706414711525,0.28181788570274546,-0.21876679318874998,0.21243213879773593,0.10004503826805598,0.1203471781676252,0.06306988674996958,0.22174390900019694,0.17891814782953083,0.20908527791707587,0.2693911710320956,67.88638795725905,67.14075146702469,74.74685220787765,0.6788638795725905,0.10221640357239879,0.21891971685501063,41.36253203653846,221.55017194124423,53870.14812077438,989.5930472397304,0.3835067870544446,16.664347077733677,2026-08-09 01:07:00,332,75.57664959680929,71.35870053191698,76.90854668639062,72.39746732182483,75.48056537314831,75.11370879051299
9,84.30057480382818,239.59687055853374,323.8974453623619,314.8313289500565,88.88888888888889,0.40289538639799294,0.41448281730222014,0.6706741536257402,0.8228138508081508,-0.05729348209462157,0.03438968461035011,-0.10786321251361641,AP0333,True,-1,0.5167229268438523,-0.5167229268438523,0.6166439801890912,-0.40213391352050626,0.6295936504283157,-0.35927746200639604,0.1408893180957056,-0.07738452039907473,0.4759624688892412,0.18942705732497017,-0.13756587351879335,0.28936654867965006,-0.23872297164074052,0.24564305243955342,0.012274195719828615,0.2568108661034256,0.2568108661034256,0.24531188113689983,0.3606371750130705,76.90854668639062,75.57664959680929,75.48056537314831,0.7690854668639062,0.07097552681391435,0.15993900632217944,41.8820163453125,221.55017194124423,55545.90084577587,994.2211224860096,0.3908540511727166,17.644002871621126,2026-08-09 09:05:00,333,71.38173576025912,73.4791926785342,72.47116563974524,74.68985616306793,67.30305166716224,71.39180852015528
10,73.38976783231757,160.1824932024398,233.57226103475736,233.27853114459208,70.0,0.33995063118457797,0.3661895669578895,0.9628787062270626,1.0650219116620483,0.023061629878204537,0.012985480386991995,-0.06062263199226159,AP0334,True,-1,0.5210240977535053,-0.5210240977535053,0.3287537484730308,-0.14468626142585464,0.5733412191883042,0.20917722510098044,0.10641028052098761,0.10641028052098761,0.38238233648395703,0.21232760473290577,-0.10778189384730238,0.17492043012549974,-0.012518091126188013,0.20662033097667482,0.016143449149498487,0.1626527475633647,0.15908716768382736,0.18913027834961124,0.28575630741678415,72.47116563974524,71.38173576025912,67.30305166716224,0.7247116563974524,0.08174208072196269,0.193546262880585,41.8820163453125,221.55017194124423,56648.12969929859,1002.1940172613077,0.3667367917177355,17.36884214994442,2026-08-09 17:00:00,334,70.24910114316774,70.81541845171343,71.3180531573553,71.89460939855027,72.63357083182281,69.96831124949253
10,146.93342493665764,199.8816887311542,346.81511366781183,329.6434059416919,90.0,0.3651960867538909,0.3774394368947892,1.5009587578306145,1.6243896117859875,-0.07137338678796307,0.03198756005637697,-0.17745672905478338,AP0335,True,-1,0.6621167192766828,-0.6621167192766828,0.7675708774715265,-0.7675708774715265,0.4861796091842683,-0.4861796091842683,0.2688634156228596,0.12669719466760904,0.5461826553888344,0.2577668452488342,-0.12638879618956136,0.35452750619906315,-0.35452750619906315,0.23451444387234108,-0.2305559266920065,0.31809852715493336,-0.03259260011807327,0.29122683061879295,0.4187047430038136,71.3180531573553,70.24910114316774,72.63357083182281,0.7131805315735529,0.08757005409756416,0.19924941432888296,41.8820163453125,221.40034145539568,53920.96182450227,1018.7899041801203,0.39013859251195376,16.3287043973722,2026-08-10 00:59:00,335,71.35944290502515,70.80427202409643,72.59181045393478,71.95493180564503,68.01440832050623,70.32398957616452
10,0.0,113.6315948713456,113.6315948713456,113.63159487134556,30.0,0.22651231415792075,0.22737292689593364,0.9372978418003811,1.0079050810729373,-0.006827566869772039,0.012715074900218094,0.0,AP0336,True,-1,0.0,0.0,0.0,0.0,0.0,0.0,0.0,0.0,0.0,0.14948943125746378,-0.11664723380049148,0.09810504258046963,-0.04746146554156008,0.12671998093595374,-0.09322527067774217,0.09749041202046589,0.09392483214092791,0.11795121669858825,0.058975608349294134,72.59181045393478,71.35944290502515,68.01440832050623,0.7259181045393479,0.08742290976638946,0.18665898569426265,41.88201634531251,221.40034145539568,54260.3264680217,980.1931662074837,0.3895721367381456,16.914416994948656,2026-08-10 09:55:00,336,77.1267779800791,74.24311044255212,78.2049740445404,75.39839224923759,76.06719391497248,72.04080111773936
10,86.5062952695346,234.18863627343362,320.6949315429682,311.2075245618988,80.0,0.4363793422221165,0.44771051025561415,0.9954826620447863,1.1419120770502285,0.03146908721132852,0.018876901115618013,-0.09722538611455706,AP0337,True,-1,0.340438796681066,-0.340438796681066,0.3873782001645371,-0.3455859853600292,0.2923354324808671,-0.2923354324808671,0.06028122154355881,-0.04507678693748168,0.2701084127175073,0.3640938600959513,-0.2066291346294698,0.36984954467513764,0.026658694319559674,0.3353232210733567,0.10214241135772144,0.23228167810951253,0.0907447875551761,0.32538707598848954,0.29774774435299844,78.2049740445404,77.1267779800791,76.06719391497248,0.7820497404454041,0.07856132410288946,0.13938893545170644,41.88201634531249,220.52019676894318,56063.169686092435,982.3838742571553,0.3971151190712942,19.611874096635724,2026-08-10 19:29:00,337,70.73436460662242,73.93057129335077,71.52697676037712,74.86597540245876,69.83570320880834,72.9514485618904
10,167.0374756596168,99.96285242576188,267.00032808537867,260.1569682413601,90.0,0.33573999034342283,0.35478064684806226,1.2897689201086926,1.3453911150220053,-0.008970689838755319,0.010606385016759916,-0.14830986678092534,AP0338,True,-1,1.0091818313341252,-1.0091818313341252,0.5947073766808902,-0.24531691217132723,0.5555043046226895,0.015478226639339157,0.18426436583669456,-0.017843176674565055,0.5859144696185999,0.20750789061930924,-0.20750789061930924,0.22240094903234017,0.1206265742238827,0.22955404517482866,0.19643968068714554,0.16474009977954002,0.010668964864787175,0.20605074615150454,0.39598260788505224,71.52697676037712,70.73436460662242,69.83570320880834,0.7152697676037713,0.07003202789878557,0.21469820449744312,41.8820163453125,218.97994356765136,56308.56165709826,981.6485909218455,0.39068779518106905,18.29206400490207,2026-08-11 03:26:00,338,60.115854391162344,65.42510949889238,61.477672453545445,66.50232460696128,58.21027558369024,64.02298939624929
10,159.0030803541029,176.6495364709001,335.652616825003,318.46904185996266,80.0,0.34199670923291037,0.3592885821763884,0.9626882179710401,1.0756087870473248,-0.004798963529917488,0.019329972513333703,-0.1392250939501921,AP0339,True,-1,1.0736789169326173,-1.0736789169326173,0.30390091626605514,-0.13786697294574268,0.24781472567161997,-0.020794399273557845,0.25971194304394996,-0.08808112806994735,0.47127662547856053,0.23031687413624924,-0.1190944516943272,0.22951823891857862,-0.11367261143699917,0.18049156655749246,-0.051313299879815887,0.15773186406304993,0.15416628418351255,0.19951463591884255,0.3353956306987016,61.477672453545445,60.115854391162344,58.21027558369024,0.6147767245354544,0.2012704876894834,0.18395278777506216,41.8820163453125,218.97994356765136,56106.03913572738,974.0438398344107,0.39469193903517247,20.40617779570987,2026-08-11 11:30:00,339,73.47986341918968,66.79785890517601,74.0252462113782,67.75145933246182,76.19243583719766,67.20135571044395
10,145.55906123941912,215.29360365129705,360.8526648907162,354.67434212515116,100.0,0.4052489445438724,0.41851322150700143,1.0438442606184086,1.1763741372969398,-0.0436517953024993,0.02892966699195901,-0.18199878650015217,AP0340,True,-1,0.6616778566958422,-0.6616778566958422,0.6087415299011623,-0.6087415299011623,0.6186851739192797,-0.6186851739192797,0.2122474293042899,-0.07978926495349935,0.5253379974551435,0.22738429384186992,-0.15220663208472268,0.34543212674364215,-0.24896857980873158,0.2679314746522438,-0.2679314746522438,0.21547648004287648,0.21547648004287648,0.2640560938201581,0.39469704563765085,74.0252462113782,73.47986341918968,76.19243583719766,0.7402524621137822,0.10401877436461067,0.1557287635216071,41.80773767045455,218.85736094729253,55726.63419072762,1008.88963345697,0.37787078243940025,19.259966655000035,2026-08-11 19:15:00,340,71.0742622028706,72.27706281103013,71.74520872966211,72.88522747052016,70.3953326238782,73.29388423053794
10,258.00270315185116,197.53928848805518,455.5419916399063,450.32730106189666,100.0,0.3984565636690397,0.4110866518696284,0.4071431729074392,0.5146537221176505,-0.0011126761517157302,0.017836326003600522,-0.22277594518444493,AP0341,True,-1,1.4640227171093096,-1.4640227171093096,0.5338104144361966,-0.5338104144361966,0.43587509733213486,-0.4300635046743831,0.1197230739508462,0.07131531827827535,0.6383578257071219,0.40121942421292506,-0.40121942421292506,0.6345513167890857,0.1866574321585762,0.06655229258725572,0.0549316284890919,0.185786305662291,-0.06672061372364299,0.32202733481288937,0.4801925802600056,71.74520872966211,71.0742622028706,70.3953326238782,0.7174520872966211,0.0917071175732947,0.19084079513008417,41.80773767045455,218.64284136166464,53730.94861571833,1009.2902020634301,0.3746009224900265,17.07738009144504,2026-08-12 03:23:00,341,65.45385997678754,68.26406108982907,66.45594474638187,69.100576738022,70.63906634405612,70.51719948396716
10,93.49032565609811,292.3739773838291,385.86430303992717,385.27208320555656,100.0,0.4285730659022808,0.4491457421952024,0.8548545287246603,1.038583389250505,-0.016653954195559373,0.032903582056059796,-0.0902289568281161,AP0342,True,-1,0.5834953963536925,-0.5834953963536925,0.26504361739038046,-0.22325140258587264,0.3168500256107559,-0.25193691706508214,0.03711068322131931,0.03322931747095899,0.30062493064403706,0.3651420306953921,-0.2705996126320688,0.24205427721161202,-0.10113657314396576,0.252234646886928,0.033370869078556756,0.20350574216010892,0.19994016228057093,0.26573417423851026,0.2831795524412737,66.45594474638187,65.45385997678754,70.63906634405612,0.6645594474638188,0.18030332912054575,0.15513722341563554,41.80773767045455,218.64284136166464,54377.95541196611,997.5113727180623,0.358628731526793,16.596952898678634,2026-08-12 11:07:00,342,66.98035143908663,66.2171057079371,67.48856525771005,66.97225500204596,70.62543673424753,70.63225153915182
10,163.92105732155977,141.77572812455014,305.6967854461099,305.5817486789282,90.0,0.3833905985956685,0.39106086586241046,0.8043977331382907,0.887087077429711,-0.02572192305882373,0.0178015217323882,-0.1776173718811086,AP0343,True,-1,0.945638530731529,-0.945638530731529,0.4215595358136855,-0.4215595358136855,0.5307761855096361,-0.5307761855096361,0.1402669792473299,-0.10671566489186592,0.5095603078255452,0.2059849616843298,-0.2059849616843298,0.16718781784219833,-0.0659006637643785,0.10679051551083356,-0.10679051551083356,0.07976346126183106,-0.0238938219668087,0.1399316890747982,0.3247459984501717,67.48856525771005,66.98035143908663,70.62543673424753,0.6748856525771004,0.14951475656694196,0.17559959085595753,41.80773767045455,218.53292225719872,56081.323998090804,1013.948027839723,0.3720987307890377,18.869359487130254,2026-08-12 18:36:00,343,69.07027926287397,68.02531535098029,69.62402278019816,68.5562940189541,77.11562894156849,73.870532837908
9,87.00389403427751,229.4672381040838,316.4711321383613,291.21387851259664,77.77777777777779,0.3340552988994838,0.344772446035772,1.2880344228849274,1.4213783815680145,-0.0796152508782795,0.0349686715207498,-0.08488320694832585,AP0344,True,-1,0.4680733342133336,-0.4680733342133336,0.3539416547492353,-0.3539416547492353,0.3230377558800603,-0.31611416395064484,0.1145646049744256,0.02733825418248948,0.31490433745426366,0.2802959502888108,-0.2802959502888108,0.25219708528226115,-0.25219708528226115,0.2116817494286715,-0.18960994913125043,0.037196975617320875,-0.01688470502506867,0.19534294015426606,0.2551236388042649,69.62402278019816,69.07027926287397,77.11562894156849,0.6962402278019816,0.08912064264376142,0.2146391295542569,41.80773767045455,218.23980464528958,55234.873377320924,1000.9054023803726,0.3753196373406786,18.005976582570142,2026-08-13 02:02:00,344,69.86467287812656,69.46747607050025,71.3542445295934,70.48913365489578,67.24417258773477,72.17990076465162
10,192.19475999274252,123.5171846020051,315.71194459474765,310.72736463594157,100.0,0.40577205258706905,0.428016608373792,0.9554021588763197,1.0291702144760695,-0.01086437110543198,0.013896950197895205,-0.15872097399452795,AP0345,True,-1,1.1463869629487975,-1.1463869629487975,0.2874175915271527,-0.2874175915271527,0.3923280489138045,-0.3923280489138045,0.2660535721553382,0.036626540375536476,0.5230465438862733,0.18767510771636486,-0.16252850755707882,0.15429862607643957,-0.038452998594860115,0.2354837591048069,-0.10630549242713014,0.06264359999218524,-0.003249144229565383,0.16002527322244914,0.3415359085543612,71.3542445295934,69.86467287812656,67.24417258773477,0.713542445295934,0.12077737641618669,0.16568017828787934,41.80773767045455,218.23980464528958,54951.79519353617,1004.4140595569909,0.367165158108949,16.913328584240972,2026-08-13 10:26:00,345,71.15947339759231,70.51207313785943,72.4079838457387,71.88111418766604,73.34980265592344,70.2969876218291
10,167.77761102727982,178.21759716585436,345.9952081931342,343.3759756771191,90.0,0.3545703931434454,0.376016815186531,0.8662110752607959,0.9751102382574797,-0.039604904283617653,0.024384904315320442,-0.15843696742256608,AP0346,True,-1,0.8783700618255427,-0.8783700618255427,0.5565342235108783,-0.5565342235108783,0.3156822709321988,-0.3156822709321988,0.16718877100594629,0.16718877100594629,0.47944383181864153,0.22149764110769524,-0.14691089194699306,0.27709722692431404,-0.22645364988540484,0.218197537087922,-0.218197537087922,0.07478694868040622,0.021860846033024742,0.19789483845008438,0.338669335134363,72.4079838457387,71.15947339759231,73.34980265592344,0.7240798384573869,0.13255326398845851,0.1433668975541546,41.80773767045455,218.23980464528958,55604.29411285719,1023.398901411804,0.3696709546297921,17.454987628576916,2026-08-13 18:09:00,346,71.23456688332851,71.19702014046041,72.14093348193349,72.2744586638361,70.28744379652082,71.81862322622213
10,194.68907686172471,417.57464978546864,612.2637266471934,600.958766609679,100.0,0.3461586828281155,0.3969442176008948,0.8011555121570622,1.0609431654562433,0.1001683616503006,0.026210064310161,-0.1886899220231118,AP0347,True,-1,0.9558300701984715,-0.9558300701984715,0.6407095494656314,-0.6043072391366294,0.6482635941391576,-0.5644959404575258,0.16117957507753447,0.04646605918763363,0.6014956972201988,0.431335471513429,-0.3694037567024573,0.5512268539519407,0.28634984132793406,0.5189341744019622,-0.14943070917530604,1.2711363037489738,1.2711363037489738,0.6931582009040764,0.6473269490621376,72.14093348193349,71.23456688332851,70.28744379652082,0.7214093348193349,0.06756187316381834,0.2110287920168468,41.80773767045455,218.23980464528958,54750.37634233167,992.7981936238011,0.37412849042287155,17.44334418963999,2026-08-14 01:58:00,347,71.90868413048355,71.57162550690603,73.28846867968403,72.71470108080877,68.31845075120084,69.30294727386084
10,186.97943387120043,395.78207966002947,582.7615135312299,523.5287869954624,90.0,0.3797512765186686,0.3881715805217228,0.7216544316294506,0.9566899384131806,-0.07325723421792013,0.05062278177366997,-0.1788774890639493,AP0348,True,-1,1.0255536651344022,-1.0255536651344022,0.3981488048569082,-0.3981488048569082,0.38134027287013955,-0.38134027287013955,0.19944913567398906,-0.06514675519153827,0.5011229696338597,0.6472694557173512,-0.44887512329188206,0.33975091925718276,-0.33975091925718276,0.3115682039179452,-0.21558165526323653,0.26064035438941735,-0.26064035438941735,0.3898072333204741,0.4454651014771669,73.28846867968403,71.90868413048355,68.31845075120084,0.7328846867968403,0.09572212852407788,0.1713931846790819,41.80773767045455,218.23980464528958,54122.12893213196,1005.3860705577499,0.36833754505505045,16.444022042060663,2026-08-14 09:50:00,348,65.57409917049607,68.74139165048982,66.35174441270732,69.82010654619567,68.16884859390028,68.24364967255056
10,204.08833710556223,220.99633238000538,425.08466948556764,414.4744478235156,90.0,0.3787995920259593,0.39623866186152923,1.5089852593889677,1.6422771962866185,-0.0016176773914237663,0.02215264602447859,-0.21296457817739978,AP0349,True,-1,1.0985089151345448,-1.0985089151345448,0.711859842895297,-0.711859842895297,0.49087073618211546,-0.49087073618211546,0.24152543343958952,0.12055067469599645,0.6356912319128867,0.3058720762397675,-0.21626336478265604,0.21262448263332068,-0.06622126269099504,0.26253954836832155,-0.07222145701487578,0.255904309257012,0.09858179252278662,0.2592351041246054,0.4474631680187461,66.35174441270732,65.57409917049607,68.16884859390028,0.6635174441270733,0.17399166202327926,0.16249089384964746,41.80773767045455,218.23621077957202,55250.1043759306,1007.5811069323105,0.37185563049227566,17.621271659078623,2026-08-14 17:40:00,349,68.99394592075392,67.28402254562499,69.55581194810524,67.95377818040629,72.13182927681302,70.15033893535664
10,141.34948079698216,314.5514246743532,455.90090547133536,455.9009054713354,80.0,0.34392681973179107,0.35586674088797043,0.9852636566754109,1.1623755331340402,-0.13374457873936133,0.051043752906074005,-0.13946420871474663,AP0350,True,-1,0.7422352347374076,-0.7422352347374076,0.3640305899247888,-0.3640305899247888,0.4884532548843589,-0.4188401686014805,0.10584344157898656,-0.036352217809424055,0.4251406302813855,0.453801106935161,-0.453801106935161,0.4653017537390599,-0.35132925185196995,0.5148464094539561,-0.29839399649525733,0.09822917606507402,-0.08807304076894697,0.3830446115483127,0.4040926209148491,69.55581194810524,68.99394592075392,72.13182927681302,0.6955581194810525,0.09440023744174354,0.21004164307720394,41.80773767045455,218.20027212239617,55388.36377860014,1005.93949565793,0.3716548702857641,17.111085306587487,2026-08-15 01:16:00,350,64.43621773778312,66.71508182926851,65.46446736757115,67.5101396578382,61.616181577073185,66.8740054269431
10,136.77943226314687,273.16276738062504,409.9421996437719,409.47156236730433,80.0,0.2826754499708807,0.2962102825313632,1.1068003760139873,1.2632394596054095,-0.07400869166137389,0.037840357184367214,-0.11737797668806338,AP0351,True,-1,0.8261489414329396,-0.8261489414329396,0.3832328491573816,-0.1775761149713276,0.4718610015011871,-0.3955899867021004,0.1420757340273797,-0.030043440144554467,0.455829631529722,0.4077583137782238,-0.4077583137782238,0.2135629978102938,-0.11175556807818349,0.057421262524046855,0.057421262524046855,0.1853958798133109,-0.1853958798133109,0.21603461348146885,0.33593212250559545,65.46446736757115,64.43621773778312,61.616181577073185,0.6546446736757114,0.1815447164914398,0.1638106098328487,41.80773767045455,218.20027212239617,54926.0261408227,992.4999930140356,0.3738635912436837,16.80921371346887,2026-08-15 09:37:00,351,68.7727909379667,66.60450433787491,70.02173083722968,67.74309910240041,74.84511609509941,68.2306488360863
10,176.43789979168733,97.98405277298106,274.42195256466835,267.4732118042785,80.0,0.28668051982436593,0.3015050997794213,1.910098244575042,1.967697991449065,-0.0795274287781691,0.0225167776111974,-0.19639219506205685,AP0352,True,-1,0.977424872747125,-0.977424872747125,0.5784753326987101,-0.5784753326987101,0.7519433052063609,-0.7519433052063609,0.1252872125208306,-0.020992725365046528,0.6082826807932566,0.11370045363663234,-0.11370045363663234,0.2597583209107393,-0.2597583209107393,0.16311755993301427,-0.14959675257390223,0.13955146164191456,-0.13955146164191456,0.1690319490305751,0.3886573149119159,70.02173083722968,68.7727909379667,74.84511609509941,0.7002173083722968,0.15329666487557464,0.14648602675212852,41.822702577499996,218.1911788691534,55302.579726655196,1037.9508904945112,0.3803799941601191,17.28509764908842,2026-08-15 17:58:00,352,71.81434104117022,70.29356598956846,72.68032408118736,71.35102745920852,70.81210436209254,72.82861022859598
10,101.02940478596855,169.2712605923203,270.30066537828884,270.3006653782889,80.0,0.35922561730163316,0.3679698537805044,0.7708554269363517,0.8685592198009605,-0.06286936812309732,0.026366693101429577,-0.13308677037603062,AP0353,True,-1,0.46628313838544555,-0.46628313838544555,0.35852982421286955,-0.35852982421286955,0.48637615667563133,-0.48637615667563133,0.198889508787517,-0.198889508787517,0.37751965701536583,0.2471939810093619,-0.2471939810093619,0.23126121039871259,-0.09941646386014734,0.17076548105249098,-0.04263623586029857,0.19238646337208842,0.18882088349255044,0.21040178395816347,0.2939607204867647,72.68032408118736,71.81434104117022,70.81210436209254,0.7268032408118736,0.10730847713223945,0.1658882820558869,41.822702577499996,218.15025922956113,55999.91746782227,990.2207856193825,0.38341307721226514,17.29303294079775,2026-08-16 01:35:00,353,69.41428779693915,70.6143144190547,69.9436052852901,71.31196468323873,71.12147796791292,70.96679116500273
10,98.34077801856517,307.7168897463574,406.0576677649226,406.05766776492277,100.0,0.35420842810709136,0.3858270429927344,1.2455812571318612,1.426468638650071,-0.09929514847808601,0.04600698357903051,-0.12628874277705593,AP0354,True,-1,0.4249891925333837,-0.4249891925333837,0.33994308004430107,-0.33994308004430107,0.3872688049657045,-0.3872688049657045,0.20536600978024652,-0.19431039553902904,0.33939177183090896,0.5138304014466915,-0.3563656759802099,0.38965166545673197,-0.38965166545673197,0.31264825956772874,-0.29912745220861686,0.4372460609984813,-0.18474236851453743,0.41334409686740836,0.37636793434915866,69.9436052852901,69.41428779693915,71.12147796791292,0.699436052852901,0.15928413433983363,0.1412798128072653,41.822702577499996,218.15025922956113,55679.15787389263,983.1042747893625,0.3879329065329106,17.95908712713792,2026-08-16 09:18:00,354,67.76925829310056,68.59177304501986,68.7804242318142,69.36201475855215,69.53886279705527,70.3301703824841
10,115.03491595629089,322.9001572151355,437.9350731714264,437.9350731714267,70.0,0.25408077577477484,0.28398322547866683,1.4805057861730966,1.6884123194115983,0.060045500697535836,0.0242793156881717,-0.13287113585806737,AP0355,True,-1,0.5799862635413713,-0.5799862635413713,0.5245068397310572,-0.5245068397310572,0.31219970829041016,-0.31219970829041016,0.086172663218344,0.086172663218344,0.3757163686952957,0.17818038923334145,-0.05236014102382064,0.14269751673211895,-0.14269751673211895,0.592523051402254,-0.592523051402254,1.2102985401462756,1.2102985401462756,0.5309248743784976,0.45332062153689656,68.7804242318142,67.76925829310056,69.53886279705527,0.6878042423181421,0.15131570981526868,0.16088004786658938,41.822702577499996,218.15025922956113,56912.52115453909,978.2292196877231,0.3829115592711001,17.538076206713406,2026-08-16 17:22:00,355,63.641749897971714,65.70550409553614,64.61495994367955,66.69769208774687,70.21222300989845,69.87554290347686
10,164.27950396556756,193.4536143930211,357.7331183585887,345.536656664347,100.0,0.37099144819532215,0.3832692380617394,0.8405797348775433,0.9605593002267957,-0.05178667383246474,0.0282046369756514,-0.1945524413546893,AP0356,True,-1,0.8052826185064555,-0.8052826185064555,0.7082012594307159,-0.7082012594307159,0.559331472135147,-0.559331472135147,0.23968446386062633,0.030065516730340854,0.5781249534832361,0.19001205369677854,-0.1825944436294689,0.21600038291344179,-0.13479921341378592,0.2413649477240249,0.05395000397559107,0.13665325972376405,0.1330876798442267,0.19600766101450232,0.38706630724886926,64.61495994367955,63.641749897971714,70.21222300989845,0.6461495994367956,0.12339830763179778,0.23045209293140662,41.8227025775,218.15025922956113,54993.273741747944,976.8922554918662,0.38494031981671817,17.07249699673641,2026-08-17 01:31:00,356,74.79655787505556,69.21915388651364,75.59043594323433,70.10269794345695,75.87492163575261,73.04357232282553
10,218.99816864001397,448.2654276856859,667.2635963256998,656.9183994141965,90.0,0.34409733241933094,0.3684581974501519,0.7455076148866486,1.0211909334503046,-0.10872613056958355,0.06312142021892271,-0.24173697742366707,AP0357,True,-1,1.0999955480146333,-1.0999955480146333,0.8070307981745873,-0.8070307981745873,0.8210565797822277,-0.8210565797822277,0.18503217651574275,0.028415195547884603,0.7282787756217977,0.5490595657696156,-0.3915948403031338,0.486910078319736,-0.486910078319736,0.42050449273876045,-0.25331878623133686,0.15964868046197292,0.13311604350254397,0.40403070432252125,0.5661547399721594,75.59043594323433,74.79655787505556,75.87492163575261,0.7559043594323432,0.11440651344538848,0.12968912712226824,41.822702577499996,218.15025922956113,56502.30547295742,976.6662593940091,0.3791396335179154,18.08420790207154,2026-08-17 09:31:00,357,63.216858572543174,69.00670822379936,64.0939004103475,69.84216817679092,70.66945492715593,73.27218828145428
10,155.10056843409103,521.8597277715123,676.9602962056034,676.9602962056034,70.0,0.24581148558980917,0.31498691743246193,1.3729742624948502,1.7348625854362663,0.21078210833043126,0.02481218630722249,-0.1758664013646679,AP0358,True,-1,0.7986041667635898,-0.7986041667635898,0.5642469104542777,-0.5642469104542777,0.570401259415304,-0.570401259415304,0.11303711169207703,-0.013334869750140513,0.5115723620813122,0.3069810009911984,-0.0614045010066033,0.7595640435921692,0.57144877839033,0.5767802037121136,0.3905163353055735,2.9050266127554885,2.9050266127554885,1.1370879652627424,0.8243301636720273,64.0939004103475,63.216858572543174,70.66945492715593,0.640939004103475,0.1417135741783878,0.21734742171813717,41.822702577499996,218.14569046984573,54834.38359605802,998.6298951702647,0.3855347370317736,16.763825654015896,2026-08-17 17:22:00,358,68.02807312445594,65.62246584849956,69.22357500577449,66.658737708061,70.46837322597875,70.56891407656734
10,59.03922683423501,323.40318651654985,382.4424133507849,382.4424133507854,80.0,0.37628739809434764,0.39035708630539834,1.2274980560418964,1.4299044445660067,0.03691468099780043,0.027174336211216787,-0.07930484991121456,AP0359,True,-1,0.24624399859604085,-0.24624399859604085,0.29287657861137695,-0.29287657861137695,0.3482394412139409,-0.3482394412139409,0.0684012686045966,-0.04631224728530426,0.23894032175648883,0.39328415968973396,-0.39328415968973396,0.37232842295508267,0.24910705658459284,0.46467882445302877,0.27996091112934524,0.5308008804651794,0.5308008804651794,0.4402730718907562,0.3396066968236225,69.22357500577449,68.02807312445594,70.46837322597875,0.692235750057745,0.1583891965870085,0.14937505335524656,43.485405736969696,218.10000287269165,56968.42166522486,978.263992314678,0.3817876308534244,16.957309437364902,2026-08-18 01:38:00,359,71.10606916750598,69.56707114598096,72.0037807745699,70.6136778901722,71.18085891230909,70.82461606914393
10,249.8609876781443,475.58739022895196,725.4483779070963,722.3650260933384,100.0,0.34979025523796753,0.37195820116545464,0.4926611675602557,0.7808203672399574,-0.11119270503453221,0.06557502540463611,-0.22398460262725084,AP0360,True,-1,1.4566046444191592,-1.4566046444191592,0.580812875440945,-0.5734272344619776,0.5152270166924959,-0.3164103873884337,0.18337491457478872,0.07888503270887881,0.6840048627818471,0.5599583690935853,-0.4024936436271038,0.5953439725359115,-0.5953439725359115,0.6083378153495209,-0.5748431050913094,0.20861077216121765,0.20504519228168094,0.49306273228505887,0.588533797533453,72.0037807745699,71.10606916750598,71.18085891230909,0.720037807745699,0.11943283304263613,0.16052935921166483,43.4854057369697,218.10000287269165,56822.24212808101,969.5093183605986,0.38942256755426985,17.558749445800817,2026-08-18 09:27:00,360,69.79193519708686,70.44900218229643,70.57015732805074,71.28696905131032,69.02890831873337,70.10488361552123
10,165.7502487834395,238.86590254084055,404.61615132428,404.6161513242795,90.0,0.3657331325903254,0.38040065467610007,1.1929029340410333,1.332579332395936,0.06390169060916129,0.012442480746427193,-0.18320953582513072,AP0361,True,-1,0.7497355992631313,-0.7497355992631313,0.6360917546095605,-0.6360917546095605,0.5398566957532616,-0.5398566957532616,0.19231683027787158,-0.030416909521802815,0.5295002199759562,0.4707194510162741,-0.3132547255497926,0.4862749211754048,0.20888473245468028,0.1994507295221865,0.005695540753716054,0.14199501654038543,0.14199501654038543,0.3246100295635627,0.4270551247697595,70.57015732805074,69.79193519708686,69.02890831873337,0.7057015732805074,0.12238058719777228,0.17191783952172027,43.485405736969696,218.10000287269165,56316.46356118025,964.0913549625091,0.38384630165150085,17.27202323391252,2026-08-18 17:16:00,361,58.567218859680054,64.17957702838345,64.31345243858969,67.44180488332022,66.35574905400598,67.69232868636968
10,164.7387015534025,201.7221988487514,366.4609004021539,306.97010754024336,80.0,0.293593818321754,0.30482259706774717,1.4005175559627696,1.5190354344349413,-0.07961799445112294,0.03253462609577909,-0.1477196488017538,AP0362,True,-1,0.9868899059764485,-0.9868899059764485,0.38302715610974997,-0.38302715610974997,0.35486747507763566,-0.35486747507763566,0.11868142654380957,0.11136223641965177,0.46086649092691095,0.2701522879321714,-0.2701522879321714,0.16760244279307482,-0.16760244279307482,0.14856724482990902,-0.04808311405527444,0.10688753176477979,0.09619079212616839,0.17330237682998376,0.3170844338784473,64.31345243858969,58.567218859680054,66.35574905400598,0.643134524385897,0.15468636451193785,0.20217911110216516,43.485405736969696,218.0501726935613,57383.00078416679,971.0117452633325,0.38425151088063025,17.233785026685656,2026-08-19 00:54:00,362,,,,,,
