n_escalones_evaluados,fusion_sn_extraido_adicional_kg,reduccion_sn_extraido_adicional_kg,reduccion_feo_reducido_adicional_kg,metal_equivalente_kg,uplift_J_total_kgSn,pct_escalones_con_mejora,support_medio_historico,support_medio_recomendado,Batch,fold,es_lockbox,dist_Fusión_tasa_feed_Carbon_kg_min,dist_Fusión_tasa_feed_CaO_kg_min,dist_Reducción_tasa_feed_Carbon_kg_min,dist_Reducción_tasa_gn_nm3_min,dist_Reducción_tasa_o2_nm3_min,dist_Reducción_tasa_aire_nm3_min,dist_Reducción_duracion_plan_min,dir_Fusión_tasa_feed_Carbon_kg_min,dir_Fusión_tasa_feed_CaO_kg_min,dir_Reducción_tasa_feed_Carbon_kg_min,dir_Reducción_tasa_gn_nm3_min,dir_Reducción_tasa_o2_nm3_min,dir_Reducción_tasa_aire_nm3_min,dir_Reducción_duracion_plan_min,dist_total,dist_F,dist_R,pct_escalones_sin_cambio,rendimiento_proxy_batch,rendimiento_ha_batch,frac_sn_metal,frac_sn_dross,frac_sn_polvo,ley_sn_conc_batch_pct,ley_sn_carga_batch_pct,espesor_ladrillo_norm_mm,sn_cargado_batch_kg,temperatura_media_fusion,frac_carga_secundaria_media_fusion,fecha_inicio_batch,metal_equivalente_kg_por_t_cargada
10,-18.594138046871194,352.40241854109894,-606.913145065533,536.8936000068521,641.1452258068264,40.0,0.2295919236508371,0.235880747785543,AP0001,0,False,0.09179001136802989,0.09067829444466084,0.09930498000303686,0.09557950796014236,0.13741355827291932,0.25406694066683516,0.09191723527649956,-0.09179001136802989,0.09067829444466084,0.041639454094544004,-0.06960918969336846,-0.08478768258939681,0.1949216500708686,-0.09191723527649956,0.12296436114173201,0.09123415290634537,0.13565644443588665,0.6,79.91765201995008,0.815486245101531,0.7991765201995008,0.08263694984335675,0.11818652995714247,41.43282990669513,44.15085592474773,299.99971591319826,49907.386443483614,1199.8433943567873,7.04913158954446e-05,2026-04-21 18:36:00,10.757798359464166
10,0.0,4.067791279068899,15.611269990746223,-0.6155897181549674,13.893208857373564,10.0,0.1740898094888263,0.1749295245178285,AP0002,0,False,0.0,0.0,0.029586483817260992,0.007986334233646903,0.002541741481595627,0.0901689954527599,0.04408250954187444,0.0,0.0,0.029586483817260992,-0.007986334233646903,0.002541741481595627,-0.0901689954527599,0.04408250954187444,0.024909437789591125,0.0,0.034873212905427574,0.9,73.05531072136027,0.745462354299595,0.7305531072136027,0.12935509971758247,0.14009179306881472,41.43282990669513,44.14408711564786,299.99971591319826,49489.247137855884,1309.4844819802286,3.2638419299333144e-05,2026-04-22 03:22:00,-0.012438858009704566
10,-164.74545630363264,379.9942474976117,-432.20054637059457,531.0713207282623,390.35049017006963,60.0,0.2643841277046499,0.2580178472734965,AP0003,2,False,0.19830512810603096,0.030140170033633024,0.49815771550198457,0.3307874312813954,0.8737714039160062,2.264347548108017,0.3040349003603016,-0.19830512810603096,0.030140170033633024,0.41971421291903205,0.27116921074470124,0.8164725862461105,-1.8445732649971962,0.2401449778905918,0.6427920424724812,0.114222649069832,0.854219799833541,0.4,79.15175258246624,0.807670944719043,0.7915175258246625,0.07712140760278896,0.13136106657254842,41.432829906695126,44.129439041064174,299.99971591319826,50071.225995084955,1267.0349252921192,3.2441315410357124e-05,2026-04-22 12:29:00,10.606317504196777
10,52.02142994054793,255.03412261281193,-276.6775762132188,331.2746095845063,399.97924571491035,50.0,0.23428268925933846,0.23862964818005244,AP0004,4,False,0.062400327668527995,0.13286572829847412,0.07346440812500295,0.17146880075207804,0.17116650732998728,0.2244790429898748,0.11249153268869311,0.0304727086089538,-0.13286572829847412,-0.001272350105221658,-0.17146880075207804,-0.1181666059326798,-0.20439512655405362,-0.11249153268869311,0.13547662112180547,0.09763302798350106,0.15061405837712724,0.5,72.52505027310832,0.740051533399064,0.7252505027310832,0.12284919932885231,0.1519002979400646,41.43282990669514,44.22708098285944,299.99971591319826,50407.47014784682,1216.3569351554343,2.62387222673284e-05,2026-04-22 21:08:00,6.571934846419919
10,-237.85283252773934,178.75579527857087,-118.52087610449198,245.23292633852458,918.5529967785446,60.0,0.22387940525409022,0.25725052341202836,AP0005,3,False,0.3207128291182477,0.21575204834713727,0.313753539437561,0.38015058130244483,0.8657078317915889,1.8399638225822477,0.6571910042521575,0.09460016635011904,0.21575204834713727,0.14415857248219427,0.3339918873646768,0.8657078317915889,-1.8399638225822477,0.6571910042521575,0.6561759509759122,0.2682324387326925,0.8113533558732,0.4,71.60074551166002,0.730619852159796,0.7160074551166002,0.12240181182456374,0.16159073305883612,41.43282990669513,43.562004989050266,299.99971591319826,48723.45759162705,1249.450937337607,0.014676235221650857,2026-04-23 05:45:00,5.033159354041143
9,-64.42139261444754,347.9334615175697,-107.9219990098004,388.684842260388,421.8194689478639,44.44444444444444,0.2717846990608393,0.27172258992416837,AP0006,4,False,0.061242052243830634,0.008605527455563472,0.09594548517162109,0.05620694315623898,0.069920086945525,0.2938866898015214,0.0704257427041353,-0.061242052243830634,0.008605527455563472,0.07706000022181503,0.05620694315623898,-0.007352421808177699,0.2938866898015214,0.025847345914542363,0.09374750392549082,0.03492378984969705,0.11727698955580834,0.5555555555555556,73.67015516465584,0.751736277190366,0.7367015516465584,0.08747735129382754,0.175821097059614,41.43282990669514,44.22820725748592,299.99971591319826,49795.58125591482,1230.02669141176,1.1348174603105027e-05,2026-04-23 14:40:00,7.805609101394298
8,-683.3554147983004,31.967975490844083,0.0,120.80417941462315,363.1631583635002,62.5,0.20210307202550487,0.2151461787505557,AP0007,1,False,0.27543013808433453,0.34229960454167047,0.20424407386580656,0.07391635433212339,0.3540848114405095,1.4887573539390162,0.11361299650143551,-0.13137687557317904,-0.34229960454167047,-0.20424407386580656,-0.07391635433212339,0.3540848114405095,-1.4887573539390162,0.11361299650143551,0.40747790467212797,0.3088648713130025,0.44692311801577816,0.375,74.14683229482415,0.756600329539022,0.7414683229482415,0.08838031171581676,0.1701513653359418,41.43282990669513,44.19102168529768,299.99971591319826,49049.84223379435,1210.4768121249883,8.27745483211954e-05,2026-04-23 22:38:00,2.462886197244311
4,0.0,770.9850454191532,-1823.230352324737,1317.9541511165742,909.2646375000688,100.0,0.33701867581228345,0.29309573933280597,AP0008,0,False,,,0.8860622443549422,0.7615995201033408,1.6263912266043001,2.8790414445494146,0.7181563130579883,,,0.8860622443549422,0.7570466091587252,1.6263912266043001,-2.8790414445494146,0.64850277852068,1.3742501497339972,,1.3742501497339972,0.0,59.56529046993668,0.607809086427925,0.5956529046993667,0.21681947670288612,0.18752761859774708,41.80029722790323,44.48588938863196,299.99971591319826,45648.046639036,1195.196995634653,,2026-04-24 07:23:00,28.87208211861411
10,175.437971260596,40.49160575940414,11.932386575555611,14.104953522859976,415.7529053975825,50.0,0.2550675893187388,0.27349402207312706,AP0009,2,False,0.5393297266420528,0.019360406027426877,0.0035567336711423638,0.046729670217351506,0.04382897248076715,0.06357428084043731,0.03882819508929478,0.11721574119833493,0.019228853845175423,-0.0035567336711423638,-0.046729670217351506,-0.04382897248076715,-0.06357428084043731,0.03882819508929478,0.1078868549954961,0.2793450663347398,0.03930357045979862,0.5,77.74576970038642,0.793324180616188,0.7774576970038642,0.07465371759361254,0.1478885854025233,42.415478561836736,38.81055944616345,299.99971591319826,49688.51977121447,1245.9461460727223,0.5889689319920993,2026-04-24 15:46:00,0.28386745243780137
10,-160.85135031055324,0.0,0.0,20.910675540371923,33.438701381262945,20.0,0.16339980692710424,0.16411381000714367,AP0010,1,False,0.08557092998868356,0.008631466739631383,0.0,0.0,0.0,0.0,0.0,-0.034503653466172166,0.008631466739631383,0.0,0.0,0.0,0.0,0.0,0.013457485246902134,0.04710119836415747,0.0,0.8,68.50557650116588,0.699036494909856,0.6850557650116589,0.12254939092734289,0.19239484406099827,42.415478561836736,38.90579620840629,299.99971591319826,47940.42176779384,1227.4300561958028,0.599878308490001,2026-04-24 23:48:00,0.43618046669793004
10,-473.05775820303006,-14.863917496249059,-121.84050235280756,83.18574177598711,138.39729631391128,30.0,0.20943960544384937,0.21146866950432736,AP0011,0,False,0.1983465346654222,5.480554979815054e-25,0.007104128779103412,0.03049162330118791,0.02329729452685526,0.026770905956943345,0.03610240823200413,-0.1983465346654222,-5.480554979815054e-25,-0.007104128779103412,0.03049162330118791,0.02329729452685526,0.026770905956943345,0.03610240823200413,0.04601612792307375,0.0991732673327111,0.02475327215921881,0.7,65.4900480917299,0.668265796854387,0.654900480917299,0.16972232057438782,0.1753771985083131,42.415478561836736,39.091149187489975,299.99971591319826,47265.75618924079,1217.5851416267694,0.5845469354728394,2026-04-25 08:29:00,1.7599579163174983
10,-96.60273488429084,-66.33426166257755,-148.45136074918594,-9.240497902863957,85.82687374193097,50.0,0.3134379484818299,0.31833115947540136,AP0012,3,False,0.1100120644824285,0.0037348944701226633,0.05262243759551451,0.021802749746826174,0.014756850999543146,0.056416601328585024,0.13963148421751972,0.03901008320753858,0.0037264804275458363,-0.05262243759551451,-0.021802749746826174,-0.014756850999543146,0.056416601328585024,-0.13963148421751972,0.05699672612007711,0.056873479476275586,0.057046024777597716,0.5,74.17638638591971,0.75690190189714,0.7417638638591971,0.08719618006526553,0.17103995607553726,42.415478561836736,39.30865458475702,299.99971591319826,49077.048163706095,1185.7754967705264,0.5954572472179075,2026-04-25 15:58:00,-0.18828552752481095
10,-50.14791158708431,59.28589148794477,-171.02547796863237,117.11276338485544,480.5110693888157,60.0,0.2508864534546126,0.2687642170605279,AP0013,4,False,0.32599159154259433,0.009568826757867235,0.005692652922281114,0.015174922787728891,0.09386284564433767,0.09442959047671141,0.08144585494248938,-0.20585040829777446,0.009568826757867235,-0.00467904494912701,-0.015174922787728891,-0.09386284564433767,0.09442959047671141,0.08144585494248938,0.08945232643914429,0.16778020915023079,0.0581211733547097,0.4,64.58338515029256,0.659014134186659,0.6458338515029256,0.1667433657228333,0.18742278277424107,42.41547856183673,38.86840452053456,299.99971591319826,48207.3573521556,1184.6326861353325,0.5966909974090269,2026-04-25 23:58:00,2.4293545594989707
10,-1688.4267872469418,89.72620227436711,194.5221842260549,250.86502934865308,540.5582729266289,60.0,0.26806814872136087,0.28214783654796843,AP0014,3,False,0.3106988462028926,0.7920202272515756,0.030982684110120604,0.10733390651490908,0.04208493055433064,0.02285913368500596,0.06493172645835149,-0.26909444437609714,0.7868990548938126,-0.030982684110120604,0.10733390651490908,-0.04208493055433064,-0.02285913368500596,0.06493172645835149,0.195844493539598,0.5513595367272341,0.05363847626454356,0.4,72.27735907223597,0.737524072165673,0.7227735907223597,0.11257718678359688,0.16464922249404343,42.415478561836736,38.67979351304933,299.99971591319826,49225.84475281727,1181.1546700934723,0.5985012946595948,2026-04-26 08:14:00,5.096205674241795
10,18.082467472631834,12.675106564994302,0.0,10.324385793552164,667.9412347405093,60.0,0.29385694161251197,0.32644907773928,AP0015,4,False,0.2262064828970615,0.0006570529149127884,0.16973195866087096,0.436075449880195,0.301792862090374,0.22295376673175293,0.38820861450423316,-0.06955915709775257,-0.0006570529149127884,0.16973195866087096,0.436075449880195,0.301792862090374,-0.22295376673175293,0.38820861450423316,0.24937516966848577,0.11343176790598714,0.3037525303734852,0.4,76.89084849130701,0.784600494809255,0.7689084849130702,0.10379917208483966,0.1272923430020902,42.415478561836736,38.76219401818749,299.99971591319826,48456.97475661744,1220.8147506373807,0.5948458038544704,2026-04-26 16:09:00,0.2130629459517019
10,143.68162542181017,28.47735510021516,2.1866298261309964,9.14275484754054,269.4848205465755,60.0,0.277660288881207,0.28902186712304806,AP0016,2,False,0.19306982088588834,0.004724226703231718,0.13713444637232264,0.21105876154980793,0.15246538214239663,0.33805447776073255,0.18090260267357391,0.04989573369988109,-0.004724226703231718,-0.13713444637232264,-0.21105876154980793,-0.15246538214239663,-0.3178557810971958,0.02557307183349597,0.17391567401256483,0.09889702379456003,0.20392313409976676,0.4,73.18325133927344,0.746767870808913,0.7318325133927344,0.08946414597431734,0.17870334063294818,35.28891372434783,34.90060747690705,299.99971591319826,45608.23478190104,1213.967825541538,0.5970903544691247,2026-04-27 00:15:00,0.20046280877261022
10,-18.781057289208547,35.5988282050881,2.024072735535242,37.43314383202464,229.29165823251833,30.0,0.21789174954870086,0.22683187426716458,AP0017,4,False,0.12709620214840253,5.809995119813852e-05,0.010175393730964578,0.05012243269906756,0.019257312615074025,0.11030898293128431,0.041751913542313744,-0.12709620214840253,-5.809995119813852e-05,-0.010175393730964578,0.05012243269906756,-0.019257312615074025,0.11030898293128431,0.041751913542313744,0.05125290537404355,0.06357715104980033,0.04632320710374084,0.7,70.17902842181307,0.71611253491646,0.7017902842181307,0.0684778123402213,0.22973190344164787,35.28891372434783,35.05935728497834,299.99971591319826,43686.61241311744,1178.4788045030607,0.6203817618078514,2026-04-27 08:28:00,0.8568561800590627
10,93.45623144145247,88.39940128893824,146.45306864107658,32.31417060922644,370.7959954832386,80.0,0.3141975378479131,0.32908070499133707,AP0018,4,False,0.40855407022473084,5.19104353994143e-41,0.08698092516440944,0.16349647046037163,0.16838590729938363,0.1079402328426893,0.12482964796537047,0.17089306744130017,5.19104353994143e-41,-0.027991802899467847,-0.16349647046037163,-0.16326629470758047,-0.06777239997104506,-0.036664628881621586,0.15145532199385076,0.20427703511236542,0.1303266367464449,0.2,70.14778707534529,0.715793745666789,0.701477870753453,0.1386899097774707,0.15983221946907644,35.28891372434783,35.354963550885614,299.99971591319826,44104.79893395347,1162.8325151548602,0.6366461095576702,2026-04-27 16:47:00,0.7326679044068789
10,9.297789291111258,50.74877911689586,74.83618784413949,27.089210155809553,212.05548167923985,50.0,0.31049625176247336,0.32060998315619055,AP0019,1,False,0.3654823797369242,0.051949623892295925,0.06490863438832623,0.012724427090545054,0.02897956765253847,0.1964671290880091,0.016716898796097425,0.21025502915260996,0.051949623892295925,0.06490863438832623,0.012724427090545054,-0.02897956765253847,0.1964671290880091,-0.016716898796097425,0.10531838009210519,0.20871600181461006,0.06395933140310325,0.5,68.85542078251675,0.702606334515477,0.6885542078251674,0.09437178171045839,0.2170740104643743,35.28891372434783,35.16647353657993,299.99971591319826,43650.52199010718,1190.4465858385224,0.6203017455709027,2026-04-28 00:59:00,0.620593040375301
10,-689.4078913360086,82.90195955724054,221.5889234718744,106.04830838935935,477.9536632958923,80.0,0.28349571126326534,0.30369895121716145,AP0020,1,False,0.5268676388004768,0.8431277605901268,0.03813831211806702,0.10018354298856977,0.06431858776007095,0.2574562130312128,0.08137370575016539,0.5268676388004768,0.8431277605901268,0.020879521700337987,-0.10018354298856977,-0.05919855522924881,-0.2574562130312128,0.0067913133335834805,0.27306653729124136,0.6849976996953018,0.10829407232961719,0.2,71.49362988104966,0.729526835520915,0.7149362988104967,0.07676869893964335,0.20829500224986,35.28891372434783,35.03094635012718,299.99971591319826,42744.06317196997,1139.1142490748966,0.6196261540791163,2026-04-28 08:52:00,2.4810067298165057
10,-1211.6186227164703,1071.0725793759354,-127.96549636684477,1266.97264923913,1290.4413248633246,100.0,0.4858624496960847,0.48178746011126783,AP0021,3,False,0.3214943706197684,0.2596632916202604,0.155204751607664,0.2581686360114395,0.2337409126514577,1.023687999042773,0.09576858383809723,-0.022022516804469133,0.013992038783139803,0.08380499998407476,-0.10742709929356578,0.05873731466627101,-1.0034376599918724,-0.022932634760230396,0.33538979219877996,0.29057883112001437,0.3533141766302863,0.0,71.54015202378017,0.730001551263063,0.7154015202378016,0.10428212462251149,0.18031635513968697,35.28891372434783,38.945559839502785,299.99971591319826,43965.99252446615,1184.0442043784049,0.48620184977987424,2026-04-28 17:01:00,28.81710559665147
10,-104.12786898272134,363.137486123293,80.98432375510455,352.3788119645154,1096.8120141877857,90.0,0.40535730758937855,0.44322538005739487,AP0022,2,False,0.3330496072876438,0.13674239820923942,0.4598039393850139,0.5496362696559379,0.5357801560429797,0.5253484597762499,0.4181489925882547,0.08060183113995513,-0.11939393763034623,0.23692066971298925,0.47110270419230443,0.5305754052993314,-0.49065172218509595,0.4181489925882547,0.4226442604207599,0.23489600274844163,0.4977435634896873,0.1,57.762105962367876,0.589409244513958,0.5776210596236788,0.15524928539727031,0.2671296549790508,35.28891372434783,38.90703694642432,299.99971591319826,45032.55354828112,1173.838405441427,0.49703650706909375,2026-04-29 00:38:00,7.824979580309979
10,364.3159949087326,126.10228527011799,-150.74526946352182,123.96478677103929,992.65215356988,100.0,0.3777639395907939,0.41882428033582875,AP0023,0,False,0.5633631338746761,0.48765779318599556,0.06981468401867062,0.2369996121062794,0.5680471561718378,0.9122258131980292,0.12800311625512678,0.5633631338746761,-0.48765779318599556,0.04827916091348298,0.2345755538057573,0.5680471561718378,-0.854292092579237,-0.055798299791118514,0.42373018697294507,0.5255104635303358,0.38301807634998875,0.0,73.71980227073506,0.752242880313623,0.7371980227073506,0.07479701333866365,0.18800496395398575,34.73982860413044,39.15521247399043,299.99971591319826,43299.88815232649,1170.6939436827236,0.493087396639473,2026-04-29 09:40:00,2.8629354961596754
10,-386.55928648225427,957.5419133531913,-399.8224322559974,1127.7413502726836,1703.7510306981455,80.0,0.3205818678672507,0.33886787213907826,AP0024,2,False,0.23855910640949787,0.4654127270852291,0.8147654425187238,0.5807405731500159,1.0080278352028351,1.1874820011290006,0.7016298675437305,0.06840215107826024,-0.22676708528809417,0.7572506080869834,0.4181282192454566,0.8440775130756627,-1.1672833044654625,0.6208827291202343,0.7138025075770047,0.3519859167473635,0.8585291439088613,0.2,69.97752808840514,0.714056409065358,0.6997752808840514,0.09847890920794468,0.20174580990800395,34.73982860413044,39.15123775237228,299.99971591319826,44941.30047933872,1230.4594276320875,0.5033261970245505,2026-04-29 17:18:00,25.093651902466654
10,-266.34288063991744,559.0873697269303,-734.484918873254,814.0574198720957,2456.5991064881314,90.0,0.3232755338966475,0.4048767706843452,AP0025,4,False,0.46282189373717647,0.06852860363139127,0.4584886135346089,0.9813630930288104,0.7285827440296262,1.5626921144892088,0.6332832852383506,-0.16336710553319514,-0.008140948525907564,-0.1092850996403946,0.6787707321583023,0.5360734881200013,-1.510523557604622,0.6332832852383506,0.6993943353841675,0.2656752486842839,0.872881970064121,0.1,71.64213374701936,0.731042181092034,0.7164213374701935,0.08047182239334534,0.203106840136461,34.73982860413044,39.67027858980788,299.99971591319826,47044.11865805386,1229.2390262620386,0.5017354479484737,2026-04-30 00:49:00,17.30412734032016
10,-504.3924090324126,450.02603770629065,-454.1237144285535,651.8341652090703,1483.121002066943,90.0,0.3384472630481453,0.380575743902359,AP0026,0,False,0.24659125069263357,0.24131224484413186,1.1623745875297982,1.326516268983136,1.8656763691275293,2.1930816182519757,0.6039867645316552,0.12288972521216017,0.004487230082239131,0.660406250184387,1.326516268983136,1.8656763691275293,-2.1930816182519757,0.6039867645316552,1.0913627291372656,0.24395174776838272,1.4303271216848188,0.1,74.97094771520791,0.765009670563346,0.7497094771520791,0.06748106245890709,0.1828094603890138,34.73982860413044,39.19942824607823,299.99971591319826,44534.06945238459,1207.7796165929892,0.47727937514076174,2026-04-30 08:56:00,14.63675278779554
10,-63.975185587757096,-11.13938684316463,-442.4141541145431,129.90163351760674,519.9591974009649,90.0,0.45551134678254845,0.47600799309292674,AP0027,1,False,0.2624223439654154,0.2726012698266624,0.4638986192911505,0.5080121650244924,0.7604225519454293,0.9773585640435201,0.4367501425066075,0.1356796509720207,0.06410647203307919,0.3279414412367335,0.29289080333513523,0.5945828489654452,-0.9584513555532983,0.32554687920559655,0.5259236652290397,0.26751180689603893,0.6292884085622399,0.1,69.86460301210657,0.712904112368434,0.6986460301210656,0.11648692833651526,0.18486704154241906,34.73982860413044,39.18080729022836,299.99971591319826,44768.58694228547,1171.041769911373,0.5033514782905039,2026-04-30 17:13:00,2.901624607564064
10,-481.95908122806213,148.055079430117,-321.0307347866667,307.0189804257651,668.0245280926431,100.0,0.41127943745200096,0.4269156762451821,AP0028,2,False,0.3349021776736376,0.26798486164944446,0.0314300660976097,0.25255312508196837,0.16850487297401473,0.42583423737455384,0.11068480064858596,-0.17623428398577687,0.15669260406678268,-0.0314300660976097,-0.12908587681897088,-0.07571499738804394,-0.3209008336478983,-0.03847998418457772,0.2274134487856878,0.30144351966154104,0.19780142043534651,0.0,66.29014116195945,0.676430011856729,0.6629014116195945,0.09901552951796164,0.2380830588624438,36.50794218065217,39.95181583138397,299.99971591319826,46868.47628560724,1222.8230532164794,0.49515441350451184,2026-05-01 00:37:00,6.5506499198918275
10,-846.7390121477065,469.8856034703874,79.75644652813276,556.0347410911495,850.2654117925554,90.0,0.47714425652224823,0.48966557392646115,AP0029,3,False,0.3031088023103285,0.24660805665053923,0.11406585494506502,0.08429622447266547,0.25828201367261777,1.075317446818505,0.10679373102755052,0.1787925784718922,0.009263801315928077,0.06864085897913152,-0.08429622447266547,0.14131430807400416,-0.9624842441613349,-0.05451664795319727,0.31263887569961024,0.2748584294804339,0.32775105418728073,0.1,67.01348465735106,0.683811067932154,0.6701348465735105,0.13597310097861837,0.1938920524478711,36.50794218065217,40.13176553429291,299.99971591319826,47033.96086615212,1171.500055006117,0.48514221148580755,2026-05-01 08:23:00,11.821984175934002
10,270.9717645663377,317.97598482466026,-150.57584622172135,327.92240929755275,451.56438039057275,70.0,0.38166611502351466,0.3859590925039974,AP0030,0,False,0.14445496727865645,0.1222519639930376,0.1862705419435567,0.11353697631002309,0.21698502550094145,0.39402144849010245,0.13713999352591844,0.129606536827674,-0.1222519639930376,0.14856340771066884,0.019779998821250852,0.07297109225733367,0.13210604862724631,0.10668386864840326,0.18780870243460518,0.13335346563584702,0.20959079715410844,0.3,71.22694488104591,0.726805560010673,0.7122694488104591,0.11313579618065882,0.17459475500888216,36.50794218065217,40.02245856641309,299.99971591319826,46210.170386769634,1200.6725026973368,0.5071505179773503,2026-05-01 16:09:00,7.09632547452021
10,-521.0498948231507,184.11199277486577,-434.5189276939541,382.20415741006155,817.3922862146567,90.0,0.42636349558607717,0.44457951879822144,AP0031,4,False,0.28545532100638754,0.09925633492259565,0.0735926786976059,0.10418699091448068,0.13767994885635573,0.4405716817395605,0.1563321434926171,-0.1466004132135684,0.09925633492259565,-0.023405853855810257,0.02123876622915048,-0.13767994885635573,0.2945355656792167,-0.07282831640798959,0.185296442804229,0.1923558279644916,0.18247268874012396,0.1,64.60847930118547,0.659270196950872,0.6460847930118547,0.16305205148397867,0.19086315550416652,36.50794218065217,40.05470319749938,299.94958435208713,45071.24700106346,1147.6379952004424,0.506473646381871,2026-05-02 00:31:00,8.479999619292617
10,-270.6740720632338,141.91280186215664,-72.4548283892724,198.83687974715875,1222.3730461174011,90.0,0.403268976201917,0.45425396018633857,AP0032,1,False,0.6033575046826528,0.6688403212119164,0.048481150302405664,0.05247424309268462,0.10208236555624639,0.07924497921862744,0.13121643184778026,0.29397069080834226,0.284111588495515,-0.048481150302405664,0.007284506658905128,-0.05515276759305763,0.07924497921862744,-0.13121643184778026,0.24081385655890192,0.6360989129472846,0.08269983400354888,0.1,72.28606164433323,0.737612873921768,0.7228606164433323,0.1287781160854454,0.1483612674712223,36.50794218065217,40.22114935364554,299.94958435208713,46085.838637959234,1126.893247338052,0.49500235700517686,2026-05-02 08:02:00,4.3144897787187935
10,-2521.326383421815,429.3462708781256,-291.838657975705,844.6702981156732,1394.151910242612,90.0,0.35545800130817884,0.3832560952181148,AP0033,0,False,0.23847978131533423,0.2753252913199226,0.8455594285875737,0.8865486914511898,1.2926783139670541,1.401049031899111,0.6233751669487382,-0.23847978131533423,0.2753252913199226,0.5912122419360802,0.8782291880524765,1.2874511656279533,-1.401049031899111,0.6233751669487382,0.7947165293555606,0.25690253631762844,1.0098421265707334,0.1,70.20180396607145,0.7163449384293,0.7020180396607145,0.11390270235222259,0.18407925798706287,36.50794218065217,40.051974389473216,299.94958435208713,43996.28338187651,1169.553806488988,0.4933019850182806,2026-05-02 15:28:00,19.19867391488846
10,-478.35653080082193,256.59679433465044,-174.6378049626786,371.17448482756083,699.6517705690333,100.0,0.4188406169366143,0.4322898023178373,AP0034,2,False,0.2786949266240794,0.29870549357501175,0.15751675237115892,0.1457886961504994,0.1660475196893925,0.6674011696271143,0.08909643175489308,0.11047540058789607,0.29870549357501175,-0.0276983769735853,-0.1194988221969215,-0.013361233161532905,-0.24762688651629453,-0.04937588313139873,0.25760728425602136,0.2887002100995456,0.24517011391861163,0.0,73.4113115470715,0.749095015786444,0.7341131154707151,0.12387564206811426,0.14201124246117072,36.50794218065217,40.0579193005577,299.45442019543805,45119.977017478595,1189.9684182012775,0.5013671251647364,2026-05-02 23:09:00,8.226389048996525
10,-1406.814528433316,398.46050006635755,-339.2489468037012,683.121072803799,1429.340182404834,100.0,0.40977432775770567,0.44440801861076074,AP0035,0,False,0.6021297006817994,0.5058081771356584,0.8380538503437509,0.4918522415012035,1.0519705883468844,2.0665199298049854,0.579325457854217,0.6021297006817994,0.4933694964673672,0.7803883244352579,0.3312164547923079,0.829769347484568,-1.617531339067281,0.46514452183852617,0.876522849381214,0.5539689389087289,1.0055444135702083,0.0,72.33746690454569,0.738137417393324,0.7233746690454569,0.07636525894527674,0.20026007200926638,38.87376026625,41.09405063807892,299.3443837161827,48802.54447751715,1192.1258921358938,0.5070480951262052,2026-05-03 06:22:00,13.997652788749697
10,-518.3856821791746,480.2058060043298,162.96962178927384,498.70505815084033,786.3696807096505,70.0,0.3607403250919377,0.37482522340923075,AP0036,1,False,0.2610718091094791,0.1697582744197553,0.20233744165367268,0.28875894908988775,0.4857886359440614,0.9686981794794389,0.10790817281234331,-0.07313203104344189,0.1697582744197553,0.20233744165367268,0.28875894908988775,0.42071428679731826,-0.5433544764457876,0.0073138713431238345,0.3549030660726626,0.21541504176461718,0.4106982757958808,0.3,64.53171549490077,0.65848689280511,0.6453171549490078,0.15123373553766578,0.20344910951332648,38.873760266249995,40.96933735088443,299.3443837161827,47913.50394456723,1153.4192882208317,0.4824616245545836,2026-05-03 14:03:00,10.408444740919162
10,-273.4092198806793,186.79431078815966,-334.5556115117462,322.70419282617183,364.1350029290347,50.0,0.22814852002690839,0.23332120680351331,AP0037,0,False,0.17144789828595164,0.13435292847016955,0.44176983464975583,0.37393046564919247,0.6163488227240737,1.2018339657622206,0.46600781770618693,0.17144789828595164,0.13435292847016955,0.363120806529563,0.3150369097283607,0.6163488227240737,-1.2018339657622206,0.3928211602719053,0.48652739046393584,0.1529004133780606,0.6199781812982859,0.5,69.07773087261799,0.704874804822632,0.6907773087261798,0.11741428656840777,0.19180840470541224,38.87376026624999,42.28690375346347,299.3443837161827,37924.34090018513,1146.1126874279219,0.6834816866468775,2026-05-03 21:48:00,8.50915757970619
10,-1605.2625151238208,707.6213795281212,-678.6358497939281,1119.8962614323964,1648.6785604831623,100.0,0.3958842440250316,0.41745381626916683,AP0038,2,False,0.44734871349997163,0.35464792821653646,0.5511700810570763,0.18668656205020356,0.42501709666307574,1.1757820361723768,0.3956408709643586,-0.2787062905982781,0.35464792821653646,0.5197400149594664,-0.019265297045072308,0.08436032875828632,-1.1233153343090496,0.3210584785477768,0.5051847555176571,0.40099832085825404,0.5468593293814182,0.0,70.54828998984121,0.719880510100421,0.7054828998984121,0.09009885945384016,0.2044182406477476,38.873760266249995,41.09825302095854,299.3443837161827,47386.20083151031,1188.3979576066745,0.4916272200594009,2026-05-04 05:30:00,23.633383596511102
10,-1702.3722133177853,415.2201804174073,-469.7080918750254,777.4409957112271,796.6747499722284,80.0,0.4091636006290387,0.40175368394407956,AP0039,0,False,0.27760900454869525,0.1120287849043301,0.196360601410049,0.17182761322741158,0.10143226524617663,0.4196599794713629,0.20812611460564023,-0.03501767985067996,0.1120287849043301,-0.12394354977995745,-0.17182761322741158,-0.037049132210895425,-0.4196599794713629,-0.20812611460564023,0.21243490905909512,0.19481889472651268,0.21948131479212804,0.2,67.8520960145846,0.692368326679435,0.678520960145846,0.153290372150204,0.16818866770394997,38.986349541176466,40.89323351099306,299.3443837161827,49848.989936037025,1114.4528813543127,0.4700006938542028,2026-05-04 12:57:00,15.595922740035228
10,-969.2867160873493,783.7166969888694,-240.74685249524202,981.9480258287974,1454.8651644830527,100.0,0.4288872129398643,0.4509114239329408,AP0040,1,False,0.5963256225431055,0.2799062633107974,0.2705787754320341,0.12837098123947618,0.20431812733986962,0.46945025319599415,0.1791272951104497,-0.4583111819825661,-0.2799062633107974,0.2705787754320341,0.09845577279379715,0.020730841515033658,0.45970190306028536,0.14569349751825486,0.3040110454531038,0.43811594292695144,0.25036908646356476,0.0,70.94745298054326,0.723953601842278,0.7094745298054326,0.10942057836561439,0.18110489182895298,38.986349541176466,40.933526551383906,299.3243570767365,46957.081529894815,1175.1829618694335,0.4489274176811994,2026-05-04 20:45:00,20.911606808520432
10,-553.419595255948,218.24863451190473,62.132490079666354,271.55343487127806,713.9672804100501,100.0,0.4475873781142864,0.4663837342491771,AP0041,0,False,0.48299448728695765,0.1344126269806793,0.0689957715916639,0.08299587738210408,0.1116018180291837,0.2446995585730118,0.10108528516104553,-0.20131519659804353,-0.007616751640408718,-0.0032655063425243956,0.003957687487045641,-0.06500722897547329,0.024644008427563105,-0.008321602693523708,0.17525506071494942,0.3087035571338185,0.1218756621474018,0.0,72.81941645167599,0.743055269915061,0.7281941645167599,0.09923909863338186,0.1725667368498582,38.986349541176466,40.93284995013945,299.3003251094009,48006.294274804924,1124.4209916719813,0.4722292646571441,2026-05-05 04:15:00,5.656621469610019
10,-909.7573088977251,383.5092505360501,-19.625726086123933,507.66541851859154,941.4519347388052,100.0,0.450102083812624,0.46701030864372245,AP0042,4,False,0.5208018814789348,0.5384644410596129,0.09305368801471563,0.04088286645104216,0.07766607798227497,0.5703667018006513,0.0650784968723349,-0.32899924731557545,0.5384644410596129,0.07926554503176104,0.03829507589724309,-0.04350698418298716,0.1914759819855255,-0.04451963086882131,0.2723305933799381,0.5296331612692738,0.16940956622420378,0.0,74.22791691922325,0.757427723665543,0.7422791691922324,0.09897437072513515,0.15874646008263243,39.34664743058824,40.96276432534866,299.3003251094009,47896.031841406904,1107.361542785554,0.4719101172303226,2026-05-05 11:42:00,10.599321050219164
9,-1629.0676771643607,-112.63496543930765,-560.7926116116403,267.38161607555134,862.0557159871829,88.88888888888889,0.4691337705561431,0.4980355230043141,AP0043,3,False,0.5888051215441246,0.3186459611516785,0.09901927172030581,0.2075520545906253,0.07035152881320597,0.6361211528773697,0.015692183535297038,-0.5888051215441246,0.3186459611516785,-0.09901927172030581,-0.2075520545906253,-0.0645117076056736,-0.6361211528773697,-0.015692183535297038,0.27659818203322956,0.45372554134790155,0.20574723830736077,0.1111111111111111,73.85536826897214,0.753626206826246,0.7385536826897215,0.08863341320041944,0.17281290410985906,39.34664743058824,40.95923967751442,299.2193873309356,48456.80248908197,1152.0294437098908,0.4628083623886631,2026-05-05 19:04:00,5.517937675227256
10,-1268.309357147184,222.24970559843183,60.75974744951105,368.9019977927124,483.349856804188,90.0,0.4597568997940142,0.46338623676005064,AP0044,4,False,0.3795795993692273,0.34710830759005984,0.07695697744971991,0.014259155059107884,0.07694112833855217,0.30551482215299247,0.051226822717054865,-0.024341207257573143,0.34710830759005984,0.052797136595357265,0.010921736686387806,-0.07694112833855217,0.19598428186635602,0.051226822717054865,0.17879811609667348,0.36334395347964354,0.10497978114348547,0.1,68.36797693655916,0.697632417719992,0.6836797693655916,0.0724918244135349,0.24382840622087357,39.34664743058824,41.12801464083893,299.00355325502835,49041.60794245892,1132.3181215785896,0.48356483575765236,2026-05-06 02:36:00,7.522224765255441
10,-884.0981673736819,876.8569946211687,-701.9408376227477,1202.3720076665718,2217.649761829384,90.0,0.33851867720996937,0.3858815073867146,AP0045,3,False,0.4227185596035596,0.2989484158010937,1.014218904840362,0.653372222689779,1.2315731702541886,1.9197762774577782,0.9044397315482114,-0.09763119815928321,-0.046504140694654215,0.9484660127633575,0.653372222689779,0.8864601071945784,-1.7431680244728454,0.6235297390112047,0.9207210403135676,0.36083348770232665,1.1446760613580638,0.1,70.620289548631,0.720615199475827,0.7062028954863101,0.09644832666303656,0.19734877785065336,39.34664743058824,40.91419190272851,299.00355325502835,49673.02338899185,1109.5011433360066,0.4796757908419216,2026-05-06 10:18:00,24.205734332914233
10,-1855.9757957873844,361.0930725612115,-99.24600183584982,632.1437265643264,1145.4375636603493,100.0,0.4218129739868985,0.4395367129676709,AP0046,1,False,0.8532974625703141,0.4307939812314321,0.11624217335947185,0.3510092192832461,0.15463743026080556,1.0908220544087908,0.04891115323522529,-0.8532974625703141,0.4307939812314321,0.020540549040868807,-0.23231749333143037,0.031120287271485823,-1.0908220544087908,-0.02567123918135663,0.4351019249070408,0.6420457219008731,0.35232440610950794,0.0,72.0754188691322,0.735463457848288,0.7207541886913221,0.0988854105005467,0.1803604008081311,39.42041042222222,40.95587974314086,298.8325729453633,49809.12058602306,1159.4071347211614,0.4761641513492082,2026-05-06 18:03:00,12.691324784033874
10,-903.0366533556071,243.4061484482379,95.74989281872878,332.0759455388482,573.7004414915441,90.0,0.441364470988211,0.4484914829148998,AP0047,1,False,0.30393328554427607,0.32709806631860444,0.03291846212768716,0.13666437485620447,0.1562334813378476,0.26543012656223447,0.05554509388539214,-0.08283124635901447,0.23898396894534543,-0.030313301520672926,-0.11121552067511474,-0.1562334813378476,0.1464113401040068,0.022111296293197427,0.18254612723317806,0.31551567593144025,0.1293583077538732,0.1,68.62511041569327,0.700256228731564,0.6862511041569327,0.10909666343066265,0.20465223241240474,39.42041042222222,40.94140527473017,297.1227698487127,49716.45075337665,1131.0062768537275,0.47766906921526325,2026-05-07 01:40:00,6.679397674346136
10,-4042.8115308576503,376.8831189406985,-330.60665068793116,1001.6306131585725,2838.641899620867,100.0,0.3189372230868265,0.4004111148050228,AP0048,2,False,0.6747229162751655,1.2241103172406949,0.5020795611864922,0.29899868940009205,0.31886702989504856,0.5981653423442356,0.3267993080299579,-0.6238652398334236,1.2241103172406949,0.10924300030174833,-0.00693861243033928,0.15491670776787606,-0.5615650090370897,-0.2950810909591182,0.5633918806245266,0.9494166167579301,0.40898198617116527,0.0,65.9167013299936,0.672619401326465,0.659167013299936,0.13922374538743953,0.20160924131262445,39.42041042222222,40.16031599973953,297.1227698487127,50225.25068178796,1126.1507652885975,0.48664874397643054,2026-05-07 09:53:00,19.94276981322805
10,-1976.1664338665446,166.8832821474199,71.60040098099282,402.3047982557729,1583.8014691971964,90.0,0.3769688439951311,0.432843797971543,AP0049,0,False,0.7603283542983218,0.5365567975137377,0.23489284046952208,0.4172743054158254,0.3619539936847599,1.8480294454571422,0.351302114770027,-0.7109576455884166,0.5365567975137377,-0.1656711406453838,-0.3301758747763025,-0.05791540885548087,-1.3709883780860945,-0.28867729624442606,0.6443339788013337,0.6484425759060297,0.6426905399594552,0.1,68.82755232596378,0.702321962509834,0.6882755232596377,0.11484335082920227,0.19688112591116,40.70906441,40.20619908080904,297.1227698487127,48659.22290100346,1135.5953375090521,0.4922395079579573,2026-05-07 17:37:00,8.267801544514112
10,-1465.2228440413091,56.90080025410646,43.39689262327252,234.3607021924949,1510.0823116176389,90.0,0.2731122785430674,0.3343827154969509,AP0050,4,False,0.5834945606682022,2.0090132811995054,0.03551815322772743,0.10873510622448054,0.1090080744456002,0.0908915068035234,0.04638184123376092,-0.40497381426423645,1.7010428570552918,-0.03551815322772743,-0.049605583235617756,-0.06208232559258994,-0.018639033483113687,0.04638184123376092,0.42614893197182857,1.2962539209338537,0.0781069363870185,0.1,66.69978681150528,0.680610069505156,0.6669978681150528,0.08379619820485104,0.24920593368009616,40.70906441,39.385864824556236,293.9999988358249,47949.41052964603,1135.5728786061761,0.5053588331986504,2026-05-08 01:25:00,4.887665971359439
10,-466.4512080008976,354.22960204943894,14.21539103481416,410.6036417791114,1085.8562547403146,100.0,0.44225224796324525,0.4549020844173971,AP0051,3,False,0.5364162648702103,0.20518735403719182,0.5208931382943772,0.17686097211510846,0.3102308591108175,1.3185367748773977,0.2848669832709567,-0.5364162648702103,-0.19744326424529368,0.44042777985490605,-0.15094185941803137,0.08949646844382385,-0.8797865715136751,0.170686047255266,0.47899890665372286,0.37080180945370106,0.5222777455337315,0.0,67.12126740583344,0.68491089189626,0.6712126740583344,0.15446091393663625,0.17432641200502935,40.70906441,41.26147166962111,293.9999988358249,50229.2406262066,1143.9032091828105,0.4749760621363374,2026-05-08 09:35:00,8.17459385529478
10,-515.1430092485343,635.157853432368,-459.0089477308366,839.8291289539284,2090.636052940962,80.0,0.3075318347551409,0.37079570132083817,AP0052,3,False,0.6839253537292573,0.31076521644110955,1.0315355063587381,1.258231033507674,1.688560679855211,2.848206123166485,0.7639847352797081,-0.5808579804323165,-0.31076521644110955,1.0315355063587381,1.258231033507674,1.688560679855211,-2.848206123166485,0.7639847352797081,1.2264583783340262,0.49734528508518344,1.5181036156335632,0.2,76.92483109701323,0.784947256091972,0.7692483109701322,0.04628102046099617,0.1844706685688716,40.70906441,40.28849820776227,293.9999988358249,45033.89922475585,1139.7665347183754,0.5177643024445969,2026-05-08 17:23:00,18.648821075041642
10,-946.5971881329256,1092.6269682280797,27.404364746986516,1207.463293261264,1243.7170975873398,80.0,0.37878599351900083,0.3803241078842029,AP0053,3,False,0.27280220824934315,0.14217869082426657,0.2340445866979709,0.4294704163725078,0.4620376618336888,1.2007204042387882,0.08186530929136004,-0.27280220824934315,-0.14217869082426657,0.11894830732667155,0.21037391884460258,0.2984687797689173,-1.0171600507420653,-0.029588226217006793,0.40330275392970366,0.20749044953680484,0.4816276756868632,0.2,65.16159742922527,0.66491425948189,0.6516159742922527,0.1430453457606558,0.20533867994709148,40.70906441,41.223569594650414,292.8576265613832,52243.109506981666,1134.0760999035713,0.5736670947691336,2026-05-09 01:19:00,23.112393283173564
9,-895.1440461645243,67.3927380036923,-73.02102402727095,205.66777121326177,296.6048918635893,66.66666666666666,0.40513596242725985,0.40729809799175265,AP0054,4,False,0.4119379244467304,0.13625501171024532,0.08787303153982326,0.06557560404881312,0.060282991102301224,0.17486181956855046,0.03798654513118734,-0.4119379244467304,0.1298110771199869,-0.08787303153982326,-0.06557560404881312,-0.054362581491510596,-0.17486181956855046,-0.03798654513118734,0.13925327536395016,0.27409646807848786,0.08531599827813507,0.3333333333333333,70.42641897917086,0.718636928358886,0.7042641897917087,0.12036679317143814,0.17536901703685318,40.70906441,40.330077171709135,292.8576265613832,50828.33309744241,1119.507826153576,0.5692923813135609,2026-05-09 09:42:00,4.046321385731428
10,-722.4177056454432,279.5770842352148,78.67106699297625,349.8900658712295,1368.1944026678277,90.0,0.3564870901275855,0.4025075873852376,AP0055,2,False,0.8488438614533925,0.09155779984580921,0.5492900875160875,0.3252155350985101,0.1439186677602448,2.0914806686785314,0.6774506831464826,-0.7643706392489272,0.00031061954220977056,-0.48024927774723775,-0.23704538872040182,0.11722560766436524,-1.6849482572305798,-0.6774506831464826,0.6753939004998655,0.4702008306496009,0.7574711284399713,0.1,65.26264948798122,0.665945402938584,0.6526264948798123,0.16868606193689176,0.1786874431832961,40.70906441,41.250218172501754,292.8576265613832,51179.56228802886,1133.83852116211,0.5706015091135562,2026-05-09 17:09:00,6.836519310230022
10,-481.6653040674969,-17.29244256782229,-386.4671719170035,161.26419853605336,634.0706796240753,90.0,0.40190952567669996,0.42080673218890857,AP0056,2,False,0.5164071832363882,0.2621037642167633,0.13805249335435424,0.1086203454559365,0.3069279638341492,0.8670999790081134,0.06119973997746354,-0.34133017912333347,-0.12622769259053282,0.04853980413200141,0.0891616156736315,0.3069279638341492,-0.8670999790081134,-0.02147919135396919,0.3229159241547383,0.38925547372657576,0.29638010432600337,0.1,65.00749152489105,0.66334175025399,0.6500749152489105,0.14093911807104323,0.20898596668004624,40.70906441,41.25746325419856,292.8576265613832,51460.05880806053,1118.173516877149,0.5666953798425841,2026-05-10 01:00:00,3.1337740817115716
10,-864.3633381950972,21.82895458376575,-96.99481842389832,163.2946340762979,699.7518965580787,90.0,0.41032236132460326,0.4330279858746754,AP0057,2,False,0.5800520629582082,0.08650691726587197,0.13182931596384853,0.1624528694420579,0.1403248306438508,0.5806350070402712,0.07237953295879558,-0.43371937490945484,-0.021640131283488823,-0.13182931596384853,-0.1624528694420579,0.018214895462821366,-0.5806350070402712,-0.03265898433530123,0.25059721946755775,0.3332794901120401,0.21752431120976476,0.1,68.84337282400334,0.702483396163299,0.6884337282400333,0.12945259268201362,0.1821136790779531,40.70906441,40.911425472731985,292.8576265613832,50265.77445305768,1157.3252755142782,0.5641191010472292,2026-05-10 09:15:00,3.2486246527206277
10,-548.4921802224426,627.8040277752953,-470.56078264863413,840.276245998803,2506.059091833041,100.0,0.3877156544641554,0.4698525304626301,AP0058,4,False,0.5112167415250395,0.17458615013064685,0.9318100615282409,1.31281793722879,0.5309958612970778,3.5358144620406047,0.7914306867105501,-0.5112167415250395,-0.025472572040787626,0.5072017733845186,0.9239183164672066,0.5019210950565375,0.8920045465187348,0.6804773042556262,1.1126674143515642,0.34290144582784315,1.4205738017610525,0.0,69.92345372358601,0.71350462983251,0.69923453723586,0.12586768004337887,0.17489778272076104,40.70906441,36.240302172713335,292.8576265613832,44651.67313623236,1142.0367293712711,0.4756415558836816,2026-05-10 16:52:00,18.818471671489625
10,-1383.96872317019,13.591633732287136,-25.752919235366203,201.23344351502172,431.7441872725951,50.0,0.389247149846402,0.39687435881035876,AP0059,0,False,0.2397770864332619,0.08745363743088619,0.007104128779103352,0.03049162330118791,0.023297294526855236,0.026770905956943345,0.036102408232004196,-0.2397770864332619,0.04788438573048807,-0.007104128779103352,0.03049162330118791,0.023297294526855236,0.026770905956943345,0.036102408232004196,0.06442815495146316,0.16361536193207404,0.024753272159218808,0.5,71.1117321217387,0.725629919609579,0.711117321217387,0.11648997039905427,0.17239270838355866,40.8716429,40.70054325641695,293.0000074385533,50879.87455136152,1109.8473737264949,0.4810960567375031,2026-05-11 00:45:00,3.955069569047057
10,-393.21747306053703,477.91919090816776,-375.85805527130304,641.7948789874284,2333.844853630622,90.0,0.3973209491190238,0.48167051215016954,AP0061,0,False,0.2870954445215734,0.12963632578240966,0.2419978484003689,0.8381330848316286,0.4588923946154516,2.1033830737600265,0.337200054035806,-0.1878598881425606,0.11736270098419443,0.16334882028017614,0.7792395289107967,0.35059054560297315,0.7767226944278984,0.17774796875825818,0.6280483179924664,0.2083658851519915,0.7959212911286564,0.1,74.12864176403744,0.756414711877933,0.7412864176403744,0.08306091288343076,0.17565266947619476,40.8716429,40.70506370603724,292.3985862551131,50631.628216471174,1101.114487305828,0.4720733050747793,2026-05-11 18:09:00,12.675770098553606
10,-1533.6571956552675,405.7022607809558,-702.8728659632762,815.9395560051234,1545.6162306372028,100.0,0.4470183541850433,0.4824395180591331,AP0062,0,False,0.9749763495060404,0.45598738821553914,0.16454290557495943,0.0848638741876053,0.06342402025512899,0.6796637685112066,0.04866186003095215,-0.18768991615141484,0.3026851272166093,0.007244849334573832,-0.03292323765405821,-0.0516667629033701,0.17708822520675796,-0.04866186003095215,0.35316002375449035,0.7154818688607898,0.2082312857119705,0.0,60.59331542143988,0.618299136953468,0.6059331542143989,0.19674957084116138,0.1973172749444398,40.87164289999999,35.90351697131134,289.69219092963243,48178.28977722112,1087.3828423197797,0.4705258262610581,2026-05-12 02:04:00,16.93583478737144
10,-588.5884257279063,-28.851926051693397,-241.58365815121533,120.13966673829901,793.219393879495,90.0,0.45829575125522287,0.48796087284586775,AP0063,4,False,0.8731787466388639,0.3382038372783797,0.08054556488351369,0.07917913482666254,0.10976285150604947,0.2872192070078633,0.0908058521592889,-0.6391259794023986,0.09838776061313532,-0.07844160787138726,0.005131279907695577,-0.06283710265303896,0.18233824205826268,-0.0186010356952805,0.2655564563286602,0.6056912919586218,0.1295025220766756,0.1,71.88788060959965,0.733549802138772,0.7188788060959964,0.10790623327083303,0.1732149606331705,40.8716429,38.17970675856132,289.69219092963243,49478.45324586278,1165.1728477844913,0.4954858029384467,2026-05-12 10:43:00,2.4281209063127833
10,-1395.3671505469333,309.9192987909229,-1.3755543857262182,491.72969467774203,1280.1566259218755,100.0,0.4442297674449308,0.4821577488400826,AP0064,2,False,0.46474434515832597,0.30460668561773113,0.28727791494202126,0.1108357616870943,0.18108124784945911,0.36127830523928495,0.03735549903452496,-0.07719416647029814,0.29075797826976746,0.11659593814866717,-0.01110243785319958,0.17587649710581088,-0.36127830523928495,-0.03735549903452496,0.24959710850406314,0.3846755153880286,0.19556574575047692,0.0,68.33958031216245,0.697342656246556,0.6833958031216246,0.12266258365067882,0.1939416132276967,40.871642900000005,41.33706119559986,289.6647083076943,54278.846104260134,1175.4688245575733,0.5269539842330867,2026-05-12 18:45:00,9.059324764075043
10,-322.8088308002639,59.99697691007959,-219.2836253783579,167.7472125276213,769.4178670372346,100.0,0.3436014155964696,0.3700662487167521,AP0065,0,False,0.348541558321215,0.45580091649706994,0.3932845721174632,0.2971004817093007,0.12071393369591965,1.2263238788231903,0.581764143695497,0.10118228273896346,0.17584806245002857,-0.3932845721174632,-0.29076639419105504,-0.05244134197886126,-0.7577829632501373,-0.5041077535169076,0.48907564069423654,0.40217123740914246,0.5238374020082742,0.0,62.506838131807285,0.637824878895993,0.6250683813180729,0.14696918338817613,0.22796243529375104,40.87164289999999,40.90073832412704,289.6166137193027,52381.85539217349,1176.1218445082575,0.5594171139153084,2026-05-13 02:40:00,3.202391577612671
10,-1134.983740796411,422.42453775354096,26.788996792583504,561.9357250192993,881.6650542298166,70.0,0.302584059813186,0.3161153545167136,AP0066,1,False,0.8015177222744172,0.12052314647013934,0.07045218754703818,0.22412349075422938,0.19157250144537988,0.3264192105054369,0.11649296050933369,-0.8015177222744172,0.12052314647013934,-0.011434353728633152,-0.22412349075422938,-0.18645246891455772,-0.30751200201521633,-0.03883657033074426,0.26444303135799635,0.46102043437227824,0.1858120701522836,0.3,74.42650379199918,0.759454120326522,0.7442650379199918,0.10069528533730922,0.15503967674269903,40.87164289999999,40.95045456746232,289.6166137193027,50243.6830300459,1165.8756149263647,0.5482317779060845,2026-05-13 10:43:00,11.184206473941407
9,-1221.5901896637124,28.146983680464032,-257.8055307651732,264.29536756629864,378.66751254832093,66.66666666666666,0.3072176771766997,0.3117773891547846,AP0067,1,False,0.379186540625342,0.2989801835778037,0.04984875638084807,0.2280836531215997,0.19290456397953604,0.24560128574606024,0.10355302056005196,-0.23415704278729046,0.23930566470787817,-0.04984875638084807,-0.2280836531215997,-0.19290456397953604,-0.2203916744257645,-0.10355302056005196,0.21402257199874883,0.33908336210157286,0.16399825595761922,0.3333333333333333,67.45633364604086,0.688329935163682,0.6745633364604087,0.11498548803897778,0.2104511755006136,40.8716429,40.94167266052672,289.5031230807321,52637.91106846469,1176.583803856207,0.545532698862598,2026-05-13 18:23:00,5.021007904788184
10,-1450.2916224558448,158.3223722057156,231.80037293199535,277.32017124537686,871.051290145703,90.0,0.4231781948205451,0.4487028108708575,AP0068,1,False,0.7307939328709533,0.3145985851152749,0.032173455690931455,0.1503167714653218,0.13507220134251544,0.4307238823815575,0.09283629009368302,-0.11765510094503843,0.3145985851152749,0.007801258568803323,-0.12486791728423206,-0.13507220134251544,-0.03778962420553806,-0.015179899915093602,0.2695021598514625,0.5226962589931141,0.16822452019480183,0.1,64.37056071084467,0.656842456233109,0.6437056071084468,0.12238145652503085,0.23391293636652233,40.8716429,40.860567164379056,289.2004813778773,53162.80641393978,1206.154408941758,0.5560189271045491,2026-05-14 01:50:00,5.21643212523598
10,-1737.7140250213456,25.846325468456286,-220.4968883596327,317.89821522912104,424.9693641161309,70.0,0.40434006500753716,0.40289462708960244,AP0069,4,False,0.4039082822312623,0.3225790183100963,0.029476052342172,0.04215520736717924,0.052440065209143696,0.23477872453306237,0.05281930702810155,-0.2631047835801266,0.22704415336504713,0.015311938629817605,0.04215520736717924,-0.005514316356133125,0.23477872453306237,0.01938550943590684,0.16259380814585964,0.3632436502706793,0.08233387129593177,0.3,61.28607897234433,0.625368152779024,0.6128607897234433,0.21509826771275065,0.17204094256380598,40.5127848,40.80853257771869,289.2004813778773,52720.57609686577,1166.5290816092534,0.4594177565902421,2026-05-14 09:42:00,6.029869905917436
10,-846.6963517983395,263.28985338594924,-15.556974571039063,378.02747149104505,573.2599330898418,90.0,0.4070117972568285,0.4149705777264593,AP0070,1,False,0.402119531056169,0.20216457829222909,0.23259431991813234,0.182426392680116,0.3714425386667514,0.8871122376765975,0.08382477349094265,-0.06715377285249528,0.17901259333660846,0.20425230440190772,0.182426392680116,0.3714425386667514,-0.7888881901106982,0.08382477349094265,0.33738348168299115,0.302142054674199,0.35148005248650804,0.1,68.40189663779786,0.697978537120386,0.6840189663779785,0.11674996117860777,0.19923107244341362,40.5127848,40.626061040423835,289.2004813778773,52289.37686626337,1148.4874297148915,0.4650727003568611,2026-05-14 17:28:00,7.229527184037738
10,-861.5533391105373,654.0232035944341,16.412809354661363,761.1012948724056,1070.9565518574364,90.0,0.475644626402453,0.48554128412846415,AP0071,3,False,0.5237984312657185,0.22868266288332575,0.11059837213617335,0.15083013650230034,0.049767949571199024,0.23384557278503498,0.07303329761546795,-0.25282747813361384,0.22868266288332575,0.02493348619806856,-8.859978442661218e-05,-0.04392812836366655,-0.23384557278503498,0.004623092563121614,0.19579377467988857,0.3762405470745221,0.12361506572203514,0.1,57.02027857631483,0.581839577309335,0.5702027857631483,0.18883509993374653,0.2409621143031052,40.5127848,40.55543774665852,288.4999993876368,54062.09166854766,1142.0106402066824,0.46287813697878194,2026-05-15 00:58:00,14.0782805729879
10,-409.61983321779326,503.97024312909883,-854.1678951479719,813.4711899918035,941.0290679343146,90.0,0.4664207088088708,0.4730981832488615,AP0072,0,False,0.34926307886425656,0.18245169901525182,0.5030229418765141,0.46950792153094956,0.8213654579575351,0.8583755946321278,0.47741843854518123,-0.018107319942926785,-0.15543666218889193,0.5030229418765141,0.46495501058633437,0.8213654579575351,-0.8583755946321278,0.40776490400787285,0.5230578760602594,0.2658573889397542,0.6259380709084615,0.1,68.78991355814203,0.701937893450429,0.6878991355814202,0.1292932428378936,0.18280762158068606,40.5127848,40.613723452340686,288.4999993876368,52898.56557515207,1178.9373222282834,0.4509895674304824,2026-05-15 09:19:00,15.377944205994002
10,14.221298179098994,292.22710710419716,-151.64096005656063,335.8706263578825,1118.3326620793728,80.0,0.366204253270705,0.4068611817984012,AP0073,1,False,0.3142149562399243,0.10403336034778994,1.014399416800193,0.8746873592917994,1.3278653553871809,2.8565756299085763,0.6742994607819608,-0.03058132335355045,0.03187458007549627,1.014399416800193,0.8746873592917994,1.3278653553871809,-2.8565756299085763,0.6315689282251941,1.0237250769653463,0.2091241582938571,1.349565444433942,0.2,67.07364898153848,0.684424989607536,0.6707364898153848,0.13190272306178968,0.1973607871228256,40.5127848,40.64355774075212,288.4999993876368,52920.855467763286,1179.2529440421956,0.4606136887242164,2026-05-15 17:25:00,6.346659051316317
10,-554.5233991000237,170.66339622152248,28.0733008349722,234.3294478540339,466.10163178460937,80.0,0.4867883760458941,0.49417412481171163,AP0074,4,False,0.44342065068062936,0.21213723150223007,0.07195911387871587,0.04215520736717924,0.05244006520914385,0.21324178076014397,0.016716898796097356,-0.2505090363014216,0.1291270809682854,0.05779500016636133,0.04215520736717924,-0.005514316356133173,0.21324178076014397,-0.016716898796097356,0.15029584974201993,0.3277789410914297,0.07930261320225605,0.2,61.8489811448908,0.631112052498886,0.618489811448908,0.14446470437725745,0.23704548417383461,40.5127848,40.56977298944864,288.09999968157933,51941.90725371177,1142.3566396626088,0.4632377803629209,2026-05-16 01:09:00,4.511375500892658
10,-1402.042822639171,292.0095299900088,-268.8776991455141,554.9384066767552,1604.6270228294463,100.0,0.4134118687255226,0.4602728437110842,AP0075,1,False,0.19901084010182238,0.2931190944992906,0.6132250074483988,0.529429632800643,0.670156114571266,1.4903990821873605,0.21835487252203212,-0.1883544557390621,0.1522178972299372,0.5959662170306698,0.16865558671225198,0.48867983627686906,-0.6973810041979938,0.14066620173830235,0.5733849491615448,0.2460649673005565,0.7043129419059401,0.0,67.05338260366518,0.684218189833318,0.6705338260366518,0.16016873405057705,0.16929743991277113,40.5127848,40.57139286653948,288.09999968157933,53279.533144748966,1164.1384006813355,0.46835955309646776,2026-05-16 09:11:00,10.415601900435343
10,-352.5807784938211,130.99880057945893,-31.571315694770675,186.30569649208687,553.216103106867,90.0,0.4228590667937331,0.44166130578744467,AP0076,0,False,0.328588383233016,0.35239715578930486,0.05351976093498599,0.08446186081489535,0.06873164416299929,0.1695562442873443,0.07657868081096794,0.19305059106702416,0.09945633447144331,0.01889729069510557,0.07990894987028013,0.030488820574233327,0.11041095369137774,0.0069251462736595465,0.16197624714764483,0.3404927695111604,0.09056963820223858,0.1,73.0125644963346,0.745026168329945,0.730125644963346,0.11242130549415949,0.15745304954249445,40.5127848,40.59659385707795,288.09999968157933,52664.01748193454,1191.40415887861,0.46552793051196223,2026-05-16 16:49:00,3.537627879528859
10,-1616.8060823944897,431.23047110557167,-656.1151784542017,838.2498153531159,782.5491167781254,90.0,0.5098131630091194,0.4981641614997831,AP0077,3,False,0.33279241381423647,0.2252486082911539,0.5008869991931139,0.3084992736100213,0.5780355637053802,1.0568432963629422,0.23805594826486817,-0.24356826031844167,-0.10962480543788032,0.47288562438252646,0.30583561754580185,0.5728429221203034,-1.0042424518969297,0.23805594826486817,0.4629088718916737,0.2790205110526952,0.5364642162272651,0.1,57.96378107353545,0.591467153811586,0.5796378107353546,0.19144491817432555,0.22891727109031995,40.01559039,40.453504247729974,287.70047848371865,52205.53715350701,1161.3857944223098,0.4668406144695366,2026-05-17 00:36:00,16.056722352808986
10,-147.92964916168012,417.9404939628721,344.2405834965067,333.8991733049385,945.8008018285855,80.0,0.42369882904094947,0.45285080877435685,AP0078,1,False,0.41440771347234917,0.1800896689169451,0.3172022305454951,0.22024374069100144,0.3327648749401265,1.402500972320591,0.02222305653906092,-0.23518284067681813,-0.1800896689169451,0.30303122278738276,0.22024374069100144,0.21684660432997233,-0.5938360683345176,-0.02222305653906092,0.4127760367750813,0.29724869119464714,0.458986975007255,0.2,69.46175275786955,0.708793395488465,0.6946175275786955,0.12438944849979813,0.1809930239215064,40.01559039,40.46392647592011,287.70047848371865,52902.41716415153,1139.6959362959312,0.4575722980894493,2026-05-17 08:27:00,6.31160523854475
9,-1321.8977640545677,635.1632499805726,-535.5176139292389,967.665243486438,1452.4405678994835,88.88888888888889,0.41657020040058834,0.4428864318648996,AP0079,3,False,0.26654491985502793,0.5984804067175759,0.5325436268379096,0.3236479978690355,0.8483344503841638,1.7521315034043803,0.25391505680028803,-0.10943267800572512,-0.2175816083331227,0.5325436268379096,0.3236479978690355,0.8483344503841638,-1.7521315034043803,0.25391505680028803,0.6536568516954829,0.4325126632863019,0.7421145270591555,0.1111111111111111,69.59159440477647,0.710118310252821,0.6959159440477647,0.11641154742450922,0.18767250852772618,40.01559038999999,40.285949392001754,287.70047848371865,52725.590365968776,1120.4605134301396,0.4370929465399629,2026-05-17 16:24:00,18.352857441137505
10,-234.64628895250917,827.461775636569,-120.05289349071285,893.981661247609,881.5687860404722,90.0,0.48015688588404215,0.4775659517804587,AP0080,2,False,0.49180016485615763,0.2871370288687361,0.06127436005372862,0.19243209511688317,0.07029421765199972,0.24377974019719473,0.23418147796052174,-0.49180016485615763,-0.27508243737670784,-0.06127436005372862,0.19243209511688317,0.022495657933971357,0.24377974019719473,-0.08977184503250522,0.22584272638646022,0.38946859686244684,0.1603923781960656,0.1,66.00034666524354,0.673472925155546,0.6600034666524354,0.14068796758077157,0.19930856576679307,40.01559038999999,40.4138316480829,287.1931308754305,52346.13536699652,1122.9019125700377,0.4468800516142051,2026-05-18 00:28:00,17.078274355498106
10,-577.1338551273125,402.36749838375914,-347.56144831182206,581.6633340438564,1088.6874440297922,100.0,0.4443506894654101,0.4612655450255262,AP0081,4,False,0.3050824982917621,0.3272967419454853,0.2996477642563393,0.23892377810940496,0.18768701332037557,0.18053111101096986,0.1933122237241535,0.15442267633529905,0.3272967419454853,0.2571554231192762,0.23892377810940496,0.18768701332037557,0.18053111101096986,0.1933122237241535,0.24749730437978437,0.3161896201186237,0.22002037808424862,0.0,69.31476919887791,0.707293563253856,0.6931476919887791,0.12709045674433211,0.17976185126688876,40.01559038999999,40.44084257780964,287.1931308754305,52949.55176052669,1165.8104782458172,0.46350693054731257,2026-05-18 08:31:00,10.985236223991608
10,-656.1315098734726,726.8637643336656,-104.25038005247801,843.4359746329604,2166.356372661331,100.0,0.41075634391907456,0.47911258740549256,AP0082,1,False,0.32568801123115637,0.2652899387380805,0.6339367845832504,0.9524328797638381,0.9720717433157544,1.8394039662717772,0.48865171981216765,-0.2564024264845064,0.2580879465709119,0.5554939506823764,0.8947218613065632,0.9720717433157544,-1.8394039662717772,0.4581955949346528,0.7824964348165749,0.29548897498461846,0.9772994187493577,0.0,67.37416963669861,0.687491526905088,0.6737416963669861,0.15674991651652223,0.16950838711649172,40.01559039,41.06718902897768,287.1931308754305,56026.53004617035,1164.6816866953845,0.4554940728669849,2026-05-18 16:26:00,15.054224738492668
10,-724.0545051137706,579.4331427002094,-179.46531222576425,727.3998220327289,844.6263762591107,90.0,0.42763756086895316,0.4344600190052098,AP0083,1,False,0.3848687358630516,0.2753180432589524,0.36208985760473616,0.20619958804264477,0.2623913792290002,0.301683609050217,0.1628593208024589,-0.25761470427413385,0.10171707424670078,0.351713111555859,0.2054419830600004,0.17172036642253666,0.2919352589145083,0.1628593208024589,0.27934436197872303,0.330093389561002,0.2590447509458114,0.1,66.68643359792155,0.680473812223689,0.6668643359792155,0.13496342516216972,0.1981722388586149,40.01559038999999,40.894119341598504,287.1931308754305,55384.82566603666,1173.6930746375142,0.45221555124104346,2026-05-19 00:21:00,13.133558033004489
10,-1086.172295259415,33.381986536611876,-80.8939181329547,198.85256036022224,1244.647670192871,90.0,0.3064998466676184,0.3560777678390743,AP0084,4,False,0.35231247133805194,1.1751786523963357,0.09429871376078627,0.0782851230773976,0.020880902300191996,0.3007956290406701,0.15485954665627716,-0.2101827245222007,1.1751786523963357,-0.08916622028779211,-0.0782851230773976,-0.009040083078610834,-0.18888971933433246,-0.15485954665627716,0.3109444340813872,0.7637455618671938,0.1298239829670646,0.1,63.66807038669051,0.649674187619291,0.6366807038669051,0.16644460664878863,0.19687468948430628,40.01559039,41.362071980745725,287.1931308754305,55284.07517588542,1152.9862153490433,0.512191649660424,2026-05-19 08:52:00,3.5969229787705763
10,-752.9304729567157,255.6351911361932,50.616179914144425,338.3312986463229,472.48370434666026,80.0,0.38947915087761764,0.3984531760286078,AP0085,4,False,0.48397483636733757,0.41086569091214137,0.16895645018998762,0.05373256833482515,0.060914586370672485,0.5328018786665817,0.031944961234854796,-0.07793278435238365,0.41086569091214137,0.09055177790016661,-0.0033707848438337684,-0.054994176759881906,0.2879592044790801,-0.031944961234854796,0.2490272817252001,0.44742026363973947,0.16967008895938435,0.2,67.82113835722257,0.692052432216557,0.6782113835722257,0.15248798604639793,0.16930063038137635,40.83807624000001,41.17050208659183,287.1931308754305,53169.642954895426,1138.01909471013,0.4937416431402906,2026-05-19 16:24:00,6.363241877199255
10,-1284.4556158296832,466.7873935962667,-1198.1704018099886,993.2177441971221,2063.314707827364,90.0,0.29429717964496865,0.3468606603183332,AP0086,2,False,0.5593080201388073,0.272102803207057,1.0192072432562105,1.053725009162448,1.455501009499259,1.0817994945194358,0.6878414380435949,-0.4295328822188515,0.272102803207057,0.8125094239560084,0.97789320216572,1.455501009499259,-0.08870516805356538,0.6878414380435949,0.8756407168324019,0.4157054116729322,1.0596148388961897,0.1,69.10137046783555,0.705116025181995,0.6910137046783555,0.05559248796685511,0.25339380735478934,40.83807624000001,39.557358148084944,287.29884625368226,49588.09382592366,1106.408571087764,0.44913970866272007,2026-05-20 00:05:00,20.029359218439808
10,-1618.8366805494747,-6.024100354013527,-774.6274089882811,436.8128908139025,990.23042439186,90.0,0.45755291552945315,0.48250648279113345,AP0087,0,False,0.4889233607360848,0.22462181309473137,0.13653324676541098,0.13428990129379687,0.19691632454091254,0.1847785954480672,0.03798654513118734,0.21641887498854753,0.12452471154344369,-0.05709572289002305,-0.0009729261625225569,0.08307981745460581,-0.1847785954480672,-0.03798654513118734,0.20057854100145586,0.3567725869154081,0.13810092263587498,0.1,63.23555160938662,0.645260730708027,0.6323555160938662,0.19050620950038594,0.17713827440574798,40.83807624000001,39.60113933633181,287.29884625368226,49879.913650676186,1098.6764720516562,0.4441671511041741,2026-05-20 08:56:00,8.757290437049122
10,-1613.112823640195,125.7960984859981,-33.406833179209855,345.5228155129865,903.7771718376221,80.0,0.4672740523145101,0.49068905566253107,AP0088,2,False,0.3527877653291065,0.2736455080856242,0.13072895024996664,0.29057452129089456,0.073482214654145,1.1207754990834942,0.05919058623698208,0.3527877653291065,0.20887763047343422,0.09967504108307873,-0.29057452129089456,-0.05383247127053265,-1.1207754990834942,-0.015391806179599836,0.32874072070431615,0.3132166367073653,0.3349503543030965,0.2,69.49818852850008,0.709165189066327,0.6949818852850007,0.1331585059215445,0.17185960879345463,40.83807624000001,39.56144642538525,287.29884625368226,49648.873586157366,1136.3594418405828,0.451106581688232,2026-05-20 16:40:00,6.959328390671121
10,-1206.5404968475582,89.10677879365625,-175.32144069184858,298.5534755913934,611.0207574090325,80.0,0.39564275570538004,0.40784701671838075,AP0089,0,False,0.32290867807945484,0.16515365500072257,0.062184849987882276,0.18468006128684072,0.11085160872539365,0.36969485546414993,0.07339360444029508,-0.018718391382720773,0.146042654804304,-0.062184849987882276,-0.06271356808208872,-0.011783801942093346,-0.2626112316363759,-0.0011887879762868328,0.18412390185496275,0.24403116654008872,0.16016099598091232,0.2,71.00337900884242,0.724524275600433,0.7100337900884243,0.08379920921056655,0.20616700070100924,40.83807624000001,39.52382404936284,285.7074118814135,50511.577652184926,1090.6854257094724,0.45766312591586733,2026-05-21 00:13:00,5.910594946116857
10,-1402.64365035546,726.7236906143611,-760.6996823804642,1137.27726987471,1423.378963803955,100.0,0.48631902767457247,0.501507419165212,AP0090,3,False,0.3808881386100685,0.142391077583336,0.3839358857783397,0.4693510941173132,0.7265719404034467,1.412742254253651,0.5410603447579081,0.3808881386100685,0.03597150936478641,0.3635493376143155,0.367491756707293,0.6314160662681971,-0.8980868806644705,0.5076265471657134,0.5795629622148661,0.2616396080967022,0.7067323038621318,0.0,71.35091344142262,0.728070545320639,0.7135091344142261,0.12081729864679958,0.16567356693897434,40.83807624000001,39.58820639711148,285.7074118814135,49147.057728919084,1070.6165770486539,0.44509711156351855,2026-05-21 09:09:00,23.14029206280469
10,-727.877026691755,78.2845614651828,-142.83270976488018,215.758387864575,955.097883912023,90.0,0.46929830214651497,0.5035398828846768,AP0091,3,False,0.545931292295188,0.42332104144647104,0.13968705761770597,0.10836341060593416,0.1448285426509895,0.10184136811427848,0.02095605030458271,0.30072841776066683,0.051428942691456515,-0.009704937741078137,-0.0519556511830879,-0.1448285426509895,0.09308241444202296,-0.02095605030458271,0.21213268043359282,0.4846261668708295,0.10313528585869816,0.1,69.99098374086337,0.714193711641463,0.6999098374086337,0.13672685574862534,0.1633633068427411,40.83807624000001,39.57066701821695,285.7074118814135,49242.46711087103,1081.922803880067,0.4498461087939244,2026-05-21 16:42:00,4.38155113915775
10,-550.6539191331626,309.1505576269178,176.98134415605227,327.6411638674133,721.8203689047302,90.0,0.44673392874233464,0.46671519470282563,AP0092,2,False,0.5535479119713741,0.057976997451226094,0.17612569096813546,0.0869657962876744,0.08342300635579486,0.4965484524360033,0.06953620582419884,0.10095452743622992,0.03229440062175434,0.08351105982701201,0.027347575750980183,-0.03117462898399693,0.25030649449886777,0.0026686106398094156,0.21773200875634388,0.3057624547113001,0.18251983037436137,0.1,64.26531004804194,0.655768469877979,0.6426531004804193,0.14450539714113395,0.2128415023784466,40.83807624000001,39.548728896616964,285.03208862608784,49739.55102804022,1058.812367620985,0.4570361660460067,2026-05-22 00:05:00,6.587135530891876
10,-1020.9014203380161,170.16269144892652,264.80128843321796,223.4394895629032,834.7862680931555,80.0,0.4742807078926729,0.5027474735828033,AP0093,3,False,0.5412016275163509,0.21679500893639325,0.03310760931203321,0.05404123788521234,0.04625196410418533,0.15232114810500555,0.03882819508929471,0.4037551068941309,0.1118254247264881,0.025985169503403436,-0.05404123788521234,-0.0412020394953422,-0.15232114810500555,0.03882819508929471,0.1546495415640679,0.3789983182263721,0.06491003089914622,0.2,72.26241251796098,0.737371556305724,0.7226241251796098,0.08486404986974624,0.19251182495064403,40.83807624000001,39.572469232420794,285.03208862608784,49773.84237005595,1122.7955121839784,0.45715377455182765,2026-05-22 08:44:00,4.489094651397154
10,-542.8854841185212,332.8263728112498,-1126.6273279256716,741.3896841243591,1511.5161066760247,100.0,0.43684665392271055,0.47215682338700765,AP0094,4,False,0.5147795241321774,0.31849199666922745,0.6036978422367344,0.22105788601155044,0.1876023500720524,0.6874435495175624,0.2906970576195499,-0.1469776105123756,0.0008389052209979894,0.3246864142728768,-0.22105788601155044,-0.1876023500720524,-0.30425813127766915,0.2906970576195499,0.40339574375126486,0.41663576040070244,0.39809973709148994,0.0,70.57812258923136,0.720184924379912,0.7057812258923135,0.11652391143176881,0.17769486267591758,40.83807624000001,38.79034397221017,285.03208862608784,46533.76405707139,1102.294789255957,0.47514976528950115,2026-05-22 16:30:00,15.932295595410695
10,-13.125450744430964,248.2341068878119,-521.8898876759458,406.5073817873716,632.8240571707286,100.0,0.48606814729831493,0.4998443208078191,AP0095,2,False,0.3572903721536113,0.2310930114692881,0.08633469451208567,0.13655729056666638,0.13490499897569538,0.5161639891616578,0.04077092477440644,0.298976828434888,-0.11593762426876293,0.04745986709182913,-0.11026741661308845,-0.044503753875229646,-0.13940104112919224,-0.04077092477440644,0.21473075451620158,0.2941916918114497,0.18294637959810237,0.0,62.04554851238651,0.633117841963128,0.6204554851238651,0.12326208830782912,0.25628242656830574,40.83807624000001,38.82010416914483,285.03208862608784,47001.99788624153,1066.2104856884448,0.47535327003995015,2026-05-22 23:53:00,8.648725587606668
10,-223.29097771455372,-107.08889012115708,-662.8657199683767,120.79865297224791,859.5239388456865,100.0,0.4694834429461837,0.5006491252438962,AP0096,3,False,0.3827990632585218,0.2683827752573908,0.24675137142509032,0.3501682398366501,0.5574592043167048,0.5009383636033906,0.5744856023800167,0.3827990632585218,-0.2683827752573908,0.23293899971513538,0.33156340854984967,0.5522665627316279,-0.5009383636033906,0.5744856023800167,0.41156923143968077,0.3255909192579563,0.44596055631237047,0.0,67.9505495925716,0.693372955026241,0.679505495925716,0.1422175434147238,0.17827696065956017,40.83807624000001,38.81636187132755,285.03208862608784,48218.05122450544,1093.801438306028,0.4622493674312567,2026-05-23 07:41:00,2.5052578838120994
10,0.0,842.9282274630448,-292.3588197201514,930.6358733790902,969.1563420808125,40.0,0.2584574545729942,0.2645254929784536,AP0097,0,False,0.0,0.0,0.29347062212484704,0.1724456577974023,0.49867880302860973,1.064682237167304,0.11990330614523581,0.0,0.0,0.08919616566031378,0.09607638626191431,0.38484229594230307,-0.971836459231082,-0.11990330614523581,0.30702580375191413,0.0,0.4298361252526798,0.6,58.327159013340165,0.595175091972859,0.5832715901334017,0.11241695080921424,0.3043114590573841,40.11343322,39.37271964138305,285.03208862608784,41704.879430176385,1125.3281733181789,0.18153246029457965,2026-05-23 15:22:00,22.314795920635376
10,0.0,414.4544304263132,50.809160565145966,399.2116822567694,552.815235669929,40.0,0.30343856124552443,0.31283780800095473,AP0098,4,False,0.0,0.0,0.08109111496443588,0.1483404100813452,0.16272462894451428,0.46287844741650713,0.09450656023157955,0.0,0.0,0.049676607053795376,-0.06402999534698706,-0.1157988800915038,0.09163259388612074,-0.013509629777197087,0.13564873737691172,0.0,0.1899082323276764,0.6,62.977905463743305,0.642631688405544,0.629779054637433,0.1683502312491344,0.2018707141134327,40.11343322,39.355679691168525,284.86787887502146,41786.63818036409,1074.043682706655,0.1840471106751293,2026-05-23 23:11:00,9.553572616529905
10,0.0,658.7666107904191,-361.9708969579183,767.3578798777946,1077.4733989529727,40.0,0.24626140060005275,0.26333873210500075,AP0099,3,False,0.0,0.0,1.0261894618949838,0.7193346588749427,0.9143224484411872,2.512145132752748,0.7406985410300387,0.0,0.0,1.0123770901850289,0.25244757491717373,0.6230991023755781,-2.512145132752748,0.7349938464550242,0.8446700347134143,0.0,1.18253804859878,0.6,68.24650370012404,0.696392894899225,0.6824650370012404,0.12380389299155778,0.19373107000720186,40.11343322,39.35889941755485,284.8313878192289,42312.738316894065,1073.3649355154187,0.18256182529912254,2026-05-24 06:19:00,18.135386892968217
10,132.54769888801866,675.300243957024,-529.410046892161,816.8920571692298,1662.1245344390597,100.0,0.44255771461273447,0.48974542220086786,AP0100,1,False,0.35902201979361764,0.21368934808911713,0.5836238624964646,0.615742624863515,0.6197940785899236,1.1697282290807118,0.2923651266456412,0.2778955859899792,-0.18618911473958655,0.5420227434916415,0.5409067897667549,0.38688053366298253,-1.137318784223078,0.22520462276861627,0.5505664699369988,0.2863556839413674,0.6562507843352512,0.0,69.27353245216207,0.706872780124103,0.6927353245216208,0.1431237177648965,0.16414095771348278,40.11343322,38.75806494728339,284.8313878192289,48287.47297043742,1096.3384736737328,0.47393552029369673,2026-05-24 13:29:00,16.91726667223501
10,90.97521215224697,-49.570613238840195,-411.8697837177523,62.163544296693374,490.74469702399006,80.0,0.5016196319253121,0.5241075422394995,AP0101,1,False,0.6915731305057742,0.15286421622751625,0.07792795856434943,0.025448854181089754,0.05795913530507709,0.3871874863227406,0.03343379759219471,0.5683455061757432,-0.07691158445176559,0.07792795856434943,0.025448854181089754,-0.05795913530507709,0.3871874863227406,-0.03343379759219471,0.20377065409982031,0.4222186733666452,0.11639144639309032,0.2,66.5706281446838,0.679292123925345,0.6657062814468379,0.17130481013505733,0.1629889084181047,40.11343322,38.752938725109914,284.8024547953325,48695.566150418796,1107.9128138493245,0.4891908483436986,2026-05-24 21:10:00,1.276575039802854
7,70.5528482807149,233.83654588688842,-38.79909345437022,236.30440364670653,877.9588768423573,100.0,0.4874730841996127,0.520796415713518,AP0102,2,False,0.3982256536139177,0.34543188565653055,0.11803667382605205,0.032338413137175295,0.01012340190733699,0.35343367231161804,0.0,0.2447897734852372,-0.2692904399605571,0.11803667382605205,-0.032338413137175295,0.01012340190733699,-0.35343367231161804,0.0,0.17965567149323297,0.37182876963522415,0.10278643223643646,0.0,69.21493902604699,0.706274888020888,0.69214939026047,0.11289255471536089,0.1949580550241691,40.11343322,38.7463410695475,284.7783439420854,49073.20860545738,1084.3638758223399,0.4885039439118864,2026-05-25 04:50:00,4.815344469251341
9,-732.5998522848649,19.835895406585692,-284.3004388274684,200.36400785185867,544.2336988050215,77.77777777777779,0.44705160839429653,0.4618752253581685,AP0103,0,False,0.3579355750085798,0.2125168212522631,0.04632325602328171,0.10818741333575405,0.029414301509763725,0.31847543847803933,0.07597330130809492,-0.33052500245923905,-0.2125168212522631,-0.04632325602328171,0.02966267210797789,-0.0215761299419245,-0.016574923724926433,0.03536513480474173,0.1641180152736824,0.28522619813042144,0.11567474213098675,0.2222222222222222,70.27804856385265,0.717122944529109,0.7027804856385265,0.1135559599709368,0.1836635543905367,40.11343322,38.78093824046726,284.7783439420854,47429.083431543004,1072.8079606860722,0.39982465623897395,2026-05-25 12:39:00,4.224496729755595
10,-259.3501314305977,141.18662020720754,-189.21381471976684,231.66628170911528,523.2279490348874,100.0,0.5256711739971326,0.5389537443492598,AP0104,2,False,0.4732848442296887,0.15038441933095537,0.13816354160090705,0.07030162299611625,0.10914569540133628,0.6558947755978934,0.06953620582419884,-0.13398589117502327,-0.06212373973404909,0.12147320919424046,0.07030162299611625,-0.06275075760835089,0.6558947755978934,0.0026686106398094156,0.23810158642587084,0.311834631780322,0.20860836828409038,0.0,63.119763101629005,0.644079215322745,0.63119763101629,0.19647689080209443,0.17232547818161556,40.11343322,38.75417349468064,284.0350818309193,47838.33592056732,1082.37598355357,0.4121257684841228,2026-05-25 20:20:00,4.842691060445397
10,-1334.9099673698847,302.6719655826133,-145.09027741769984,519.7373445660083,757.8453073585268,90.0,0.4548838894854927,0.46821255203903434,AP0105,3,False,0.3359962453133334,0.24519756800518297,0.533315209795359,0.5239143182955739,0.6565812662578431,1.0185195059367669,0.5902545962532987,0.24218863815906344,-0.24519756800518297,0.5191262066947264,0.5079731430729929,0.6565812662578431,-0.9659186614707543,0.5902545962532987,0.5576826728367653,0.2905969066592582,0.6645169793077682,0.1,69.0643554002944,0.704738320411167,0.6906435540029441,0.12760228788210942,0.1817541581149464,39.4006275,38.11146052142277,283.14316729751994,45903.460706160426,1090.0051924843685,0.3938059925573944,2026-05-26 03:48:00,11.322400023235232
10,-9.611349559660084,240.68548009988706,-510.4840741955783,395.0801778013164,676.88138456557,60.0,0.30163162354412665,0.3161086008645397,AP0106,1,False,0.2456877312692464,0.3374711305907594,0.18810509828371053,0.1615631183352638,0.27306211447705975,0.46152614889957494,0.23727700748670894,0.19367014939818525,0.05711090694674503,0.1739340905255982,0.1615631183352638,0.27306211447705975,-0.41241412511662534,0.19454647492994215,0.27209890704890344,0.2915794309300029,0.26430669749646357,0.4,67.6954478007303,0.690769875517656,0.6769544780073031,0.12178926482728442,0.20125625716541246,39.4006275,38.11696657735922,283.14316729751994,46018.7600593342,1094.1079152411723,0.40087325673488367,2026-05-26 11:34:00,8.585198238542727
10,70.08419121443285,277.15822324871124,-1145.3925145865082,611.6650327667874,790.0730606130905,100.0,0.4308780026942681,0.4384374792181321,AP0107,4,False,0.3963783282889352,0.15734315984737315,0.3935099022647385,0.748367950946901,0.9907134262272554,0.8287547954606009,0.6381893627312154,0.3963783282889352,0.10125414019462174,0.3793457885523842,0.748367950946901,0.9327590446619787,-0.37035630970607225,0.6047555651390206,0.593322417966717,0.2768607440681542,0.7199070875261422,0.0,68.37984972223518,0.697753568594237,0.6837984972223518,0.13869490189926387,0.1775066008783845,39.4006275,38.13397236113857,282.27078980022185,45243.753033484754,1122.6538684297482,0.3919119772531038,2026-05-26 19:40:00,13.519325691529083
10,454.2707233315232,416.2791742778458,-502.8413716099235,508.07639172772485,943.3150797721172,100.0,0.46793259847955027,0.49268621680876734,AP0108,1,False,0.4536668277006492,0.2863543409259216,0.4420029259498893,0.5492100160392103,0.7143257515606225,0.7939402845260611,0.6726589120082487,0.3554687214961261,0.06691807016182465,0.2971093777248837,0.46991268895999605,0.5417116397960275,-0.4735423173106984,0.4935984896163708,0.5588798655300862,0.3700105843132854,0.6344275780168064,0.0,72.60709805321838,0.740888755645085,0.7260709805321838,0.08508845228383212,0.18884056718398418,39.4006275,38.11746073393239,280.74412917995005,45857.656127347276,1050.4552958176146,0.3842571548501983,2026-05-27 02:45:00,11.07942347329725
10,-55.98634441504282,488.97202306803456,-460.3024505861189,634.3409830178258,646.9864176974597,80.0,0.4125909048134351,0.41605100762306424,AP0109,1,False,0.06340643719789844,0.08780170318838655,0.39762796142059076,0.27405123597909153,0.34687649845115276,0.5932763324693069,0.2714233916596916,-0.04377555942646935,-0.03919596803411025,0.2664543762711356,-0.016581445292379732,0.05097190597649168,-0.5932763324693069,0.2523822208585577,0.29063765148087406,0.0756040701931425,0.3766510839959667,0.2,75.2440608247891,0.76779653902846,0.752440608247891,0.0577214762631082,0.18983791548900067,39.40062749999999,38.09505114239442,280.74412917995005,45249.47359790917,1069.0604857469898,0.38237024847892825,2026-05-27 11:01:00,14.018748342900867
10,-305.0399925225952,248.64916008654038,269.16508675817926,207.55483308702395,663.0330601972637,100.0,0.49482931194751456,0.5142187898547844,AP0110,1,False,0.3024734223093583,0.24188677414802773,0.12860071571752074,0.08602071418718002,0.07248576211075067,0.46306110684490764,0.07418457330648487,0.06917316237982313,0.24188677414802773,0.035986874058534325,0.028309695729905132,0.014526626805673622,-0.021014824885937936,-0.0019797568424766154,0.19553043837488998,0.27218009822869305,0.16487057443336878,0.0,67.51394069607987,0.688917762204897,0.6751394069607988,0.1345013874823783,0.19035920555682284,39.4006275,40.181103040096374,280.0890067803059,50567.49874231786,1095.693003670259,0.453398208690588,2026-05-27 18:29:00,4.10451057001421
10,-340.7464928364734,301.6190185921402,121.38107396726849,309.5017404707012,982.1952725018996,90.0,0.44053225261084894,0.4728901399174233,AP0111,2,False,0.1513556323494832,0.21715416313410782,0.17834775942609687,0.15277004454113885,0.15848710083616327,0.6064197731021477,0.06306455930841563,-0.02396277796818581,0.05211751447685647,-0.04852938402852327,-0.12648017058756095,-0.15263366125735087,-0.19688715845548244,-0.06306455930841563,0.2182284332425076,0.18425489774179551,0.23181784744279246,0.1,59.95947216997236,0.611831348673187,0.5995947216997236,0.1756929522824832,0.22471232601779326,39.40062749999999,40.187815978757286,277.14095598190727,52409.62358101534,1142.146766225014,0.456403532873712,2026-05-28 01:52:00,5.905437194989012
10,-285.86330789359454,449.1193427819928,81.95060203264734,461.69639219836597,1606.7521355872489,80.0,0.37620177727582194,0.42803201702952337,AP0112,4,False,0.35761252633839274,0.27829507206671983,0.31302789641372253,0.39149904728557233,0.5536923030039493,0.9862277283876278,0.20163797372593475,0.02654013591580699,0.0009239178760178287,0.31302789641372253,0.3900995341917102,0.03822452832724982,-0.6955249177445573,0.1375413269928746,0.44028464960313135,0.3179537992025563,0.48921698976336137,0.2,70.280035285811,0.717143217202153,0.70280035285811,0.14098359586201786,0.1562160512798722,41.05276577000001,41.15426320619006,277.14095598190727,53450.240636766845,1139.9229597130416,0.4527211154518183,2026-05-28 10:10:00,8.63787303290041
10,-1080.6581911122835,250.8680956731863,69.15118617748035,370.60830466453905,1082.1842989805025,90.0,0.4691667179084673,0.5008501714556017,AP0113,2,False,0.507317236022184,0.05534831815955137,0.3142753669757969,0.10676905819870237,0.15429707297865727,1.0637767937269451,0.022127436595767516,-0.41412479010374686,-0.004233864829783732,0.22203689276539537,0.04444907919510234,0.14909232223500904,-1.0637767937269451,-0.022127436595767516,0.31770161180822926,0.2813327770908677,0.33224914569517383,0.1,75.2067368896212,0.767415682547155,0.752067368896212,0.11336840477066262,0.13456422633312543,41.05276577,41.46603141210951,277.04004453378917,53124.690932794714,1085.298056190789,0.44632020876955797,2026-05-28 18:01:00,6.976196908766516
10,-263.14538677375776,405.6620663819623,-232.29271406773347,509.55878088287085,1445.2547405920452,100.0,0.46984412911468143,0.5168109835223225,AP0114,3,False,0.3390594672610681,0.11163651957640015,0.6108507794680396,0.6870250131336965,0.7983279598187131,1.1375309701861787,0.6033652580864854,-0.3233545315205979,0.03258384119098568,0.5904642313040155,0.6824810791448624,0.7031720856834638,-0.7420517880760441,0.5002779259569823,0.6125422810757974,0.22534799341873413,0.7674199961386228,0.0,64.61897281426242,0.659377273614923,0.6461897281426243,0.15708538681302708,0.19672488504434868,41.05276577000001,41.5314989987463,276.0309300526082,53716.82960369027,1079.258538437595,0.4536784830583174,2026-05-29 01:56:00,9.486017410972908
10,-766.8142653362383,130.03293979620233,-200.01707169775244,289.7239157992391,619.5759138272555,90.0,0.48413576807181435,0.5003908553857681,AP0115,3,False,0.2521048500955258,0.19569217590030763,0.18343527066006132,0.12730350346475222,0.15848728655460453,0.7192691563880835,0.03343379759219471,-0.07354004224638859,0.0038508421928827954,0.0765289690931943,-0.07546527807059802,-0.0776695698883247,0.048773160195729,-0.03343379759219471,0.23853229152221855,0.22389851299791672,0.2443858029319393,0.1,65.30617057079391,0.666389495620346,0.6530617057079391,0.17933117655326905,0.16760711773879178,41.05276577,41.51142945434134,276.0309300526082,54284.8320969154,1083.7595191903692,0.4450218918192929,2026-05-29 09:59:00,5.337106234058001
10,-965.2329983201976,-20.473118337026506,-817.3797580788737,350.22109886826127,2305.775424521435,100.0,0.36937750993414664,0.46786318638032,AP0116,1,False,0.3869534768758416,0.3362836439661368,0.7344784771118683,1.12644882243625,1.0667268060853936,1.7792252636018595,0.7805996398918019,-0.3869534768758416,-0.2719555388913875,0.7344784771118683,1.12644882243625,1.0087676707803166,1.5276985866315904,0.7471658422996073,0.8872451614241647,0.36161856042098917,1.0974958018254348,0.0,71.17108673377778,0.7262355789161,0.7117108673377779,0.1363934267501689,0.15189570591205312,41.05276577000001,40.81578873425442,276.0309300526082,51659.71124349173,1045.6502330124438,0.44877382740804,2026-05-29 17:41:00,6.779385529615854
10,-222.58167605902872,621.6822751948566,-401.35307362455353,771.0238151698965,1460.298870449615,90.0,0.37152336272198144,0.4046949857725711,AP0117,3,False,0.7087661203358309,0.23314735883122095,0.7741454669927196,0.356094469083274,0.704738492733965,2.3108521132238558,0.25815420830877334,0.10271668434764154,0.01458761452383737,0.6472689372037551,0.16796606045459306,0.5139899588604957,-2.3108521132238558,0.24967590529180264,0.7636997470728055,0.4709567395835259,0.8807969500685175,0.1,61.25568977870816,0.62505805896641,0.6125568977870816,0.18440033809326214,0.20304276411965624,41.05276577000001,40.8669660914461,275.6297972422721,52245.001442813766,1080.298526337233,0.43092513752529965,2026-05-30 01:42:00,14.75784848075547
10,-263.2460303791786,126.65418066102063,-70.69661636589149,182.0851495200813,738.0868822227974,100.0,0.4753170280044247,0.49857944821647626,AP0118,1,False,0.47618290042199884,0.14970357350816102,0.13014426620337038,0.1627930137729784,0.09665903438282086,0.6017119373448454,0.06923615744314576,0.01916059841464764,0.14970357350816102,-0.00032699742671788226,-0.13734415959188864,-0.08481724391157604,-0.2087776791688266,-0.06923615744314576,0.24091869758247436,0.3129432369650799,0.21210888182943216,0.0,65.27657038031192,0.666087452860326,0.6527657038031193,0.15591018673349127,0.19132410946338943,41.05276577,40.842463920036856,275.6297972422721,51412.35596637179,1158.6820250936864,0.4563143851702192,2026-05-30 10:31:00,3.541661262113353
10,-366.8580435254412,205.1938159146619,-167.75127740663635,303.2107447949602,566.5116936893178,90.0,0.4654039735568011,0.4796059518326053,AP0119,0,False,0.20425800382124326,0.11790440579704324,0.1878890089488217,0.1365663567661048,0.19408998688775297,0.21435124074604925,0.05005482970741164,-0.08015363940729363,0.013727846324084738,-0.03603443344334202,-0.0032493816348305032,0.08025347980144636,-0.21435124074604925,-0.05005482970741164,0.15787340466777527,0.16108120480914326,0.1565902846112281,0.1,67.34192726605917,0.687162523123053,0.6734192726605918,0.1747367886643327,0.1518439386750755,41.05276577000001,40.82515859995095,275.447265115845,52035.236824081214,1101.0213462559154,0.45657286667561,2026-05-30 17:59:00,5.827027285761066
10,-1584.8715347629504,63.79093884750563,205.04419620346079,208.31097950565098,1040.644287130377,90.0,0.5026527021530697,0.5382482174297569,AP0120,3,False,0.2657135074814831,0.13958665413997598,0.03045127321595821,0.13966363907507662,0.19023161864388827,0.3909422833119187,0.031481909146222856,-0.22639134245698908,-0.02140531774077158,0.016262270115325723,0.09788914466815106,0.04328948611607447,-0.3383414388459056,-0.002934374181441303,0.16972441214493197,0.20265008081072955,0.15655414467861292,0.1,68.49535442370555,0.698932187996995,0.6849535442370555,0.14950643077353729,0.16554002498940718,41.05276577,40.84645730044968,274.96051277870623,51384.63935422062,1051.5277619754393,0.45943370915615606,2026-05-31 02:17:00,4.0539542969185165
10,-169.3373504260976,451.13925293359,33.31833880494261,463.1576068474999,629.3948795711094,90.0,0.4710308127704943,0.47389358166240836,AP0121,4,False,0.16904611406310996,0.19076373462156895,0.1335549740576586,0.058259241433182646,0.09000912197223947,0.29266562867140317,0.057058458536586906,-0.12806307661406377,0.055728147169159685,-0.003800860012581421,0.055671450879383216,-0.043083373119228954,0.1744481180986546,0.015146357927421486,0.14162246762224992,0.17990492434233946,0.12630948493421415,0.1,67.45212522669513,0.688286992109134,0.6745212522669514,0.14098574866345623,0.18449299906959235,41.05276577,40.86581068426022,274.96051277870623,52388.14829772672,1050.1652119546623,0.4492593578271692,2026-05-31 09:59:00,8.840885236396067
10,-1168.305546492763,214.24730902372323,-183.6284877075551,421.21557638004896,673.9758924485773,100.0,0.43167740012661093,0.439752661929408,AP0122,4,False,0.4004445330454174,0.20038027627627572,0.17169057018777661,0.31913914528917386,0.41644899388849044,0.6463204366133952,0.22705732486979227,-0.1418456834720048,0.1895929428966664,0.14373831349246774,0.3165513547353748,0.4111846948537824,-0.5941518797288072,0.18432679231302548,0.340211611452903,0.30041240466084657,0.35613129416972567,0.0,70.19702705991743,0.716296194488953,0.7019702705991743,0.1415617786559881,0.15646795074483746,41.05276577,40.83348935492611,274.96051277870623,51734.02401316814,1111.2389610719163,0.4581358469623688,2026-05-31 17:39:00,8.141944965905507
10,-952.0421188663468,238.30499980802261,401.3377618389526,241.66914670896193,768.0683649417117,100.0,0.4634690734151482,0.4894487830815494,AP0123,2,False,0.27493318673546,0.19619125278427116,0.28278009263691006,0.17522245017145635,0.4296345616977985,1.576859521094725,0.17582214175370514,-0.01189865416092345,0.19619125278427116,-0.08392090747048642,0.07246816107141915,0.23987370791231205,-0.7232035820581096,-0.14727460678892357,0.4444918866963323,0.23556221975986558,0.5280637534709189,0.0,71.38927536616988,0.728461993532346,0.7138927536616989,0.09711335760622933,0.1889938887320717,41.38141076,40.8708995861356,274.4602209748508,52159.96908759666,1098.9078879728906,0.4499688509084896,2026-06-01 01:19:00,4.633230251787658
10,-585.0730089839312,42.97924772034014,-76.26185305427475,141.91729480453364,577.3941624430472,90.0,0.5058616700172196,0.5247254569278043,AP0124,3,False,0.5504772304561989,0.1786632107824535,0.09249939614112579,0.06081189781419549,0.15135096518061203,0.2825516377701647,0.04001966826334139,0.22975938950427735,0.05330373227080588,0.037482723735502016,0.025970221068788844,-0.1050639679377718,0.19089673460530607,-0.04001966826334139,0.19376771520115596,0.3645702206193262,0.12544671303388788,0.1,70.91459476986874,0.723618313978252,0.7091459476986873,0.12545983982435388,0.16539421247695874,41.38141076,40.88807047738761,274.4602209748508,52354.15835962891,1056.5649269132987,0.4535814386108877,2026-06-01 09:24:00,2.7107167654130073
10,-749.4773114680766,60.7500951626502,-230.9525786423644,227.46791924620948,301.3534980242455,80.0,0.45354606999328617,0.4586079792455142,AP0125,2,False,0.30299160399247843,0.24921605210845518,0.10150392043438522,0.05209635232683233,0.05437772820827469,0.3244789105649796,0.060799408337971796,0.03988154921884821,0.14976228872865677,0.0873327918762145,0.035927145758243975,-0.0029210894616210036,0.14776207440917052,0.027365610745777084,0.16363771085333959,0.2761038280504668,0.11865126397448873,0.2,64.66488603060837,0.659845775822534,0.6466488603060837,0.19046399806576092,0.16288714162815537,41.38141076,40.35385292203921,274.4602209748508,50096.788698399156,1075.9875306127615,0.4383808381532993,2026-06-01 17:03:00,4.540568869905991
10,-192.12527520948515,264.4735654628875,-244.5987996754082,362.829491142743,494.26258368679737,80.0,0.42706820748865343,0.4325551490179159,AP0126,1,False,0.27128655798571405,0.07592861553102857,0.2730187137200223,0.1623703061827445,0.17765070641987996,1.0280453204164868,0.057611022077733574,-0.058039151549301206,0.03512382544331973,0.2353992305781769,-0.06105868514468304,0.015615779017242343,-0.8203532654041399,0.057611022077733574,0.2922730346190871,0.17360758675837132,0.3397392137633734,0.2,64.97174973309644,0.662977038092821,0.6497174973309645,0.10105017716390223,0.2492323255051333,41.38141076,40.34736057368582,274.4602209748508,49527.611295865885,1069.233651616648,0.4419920896809352,2026-06-02 00:40:00,7.3258023484170876
10,-890.491761325497,195.14865960666324,12.63296698580615,307.12269848323604,591.6241284418486,100.0,0.4660567835494637,0.47981635390984945,AP0127,0,False,0.2549455031023375,0.35520672729541164,0.046602364349644,0.20639401255947007,0.16955649867168246,0.2837932401765407,0.08794419842179577,0.16464120740725294,0.30365334554091655,-0.046602364349644,-0.14541076595709387,-0.12296190961797182,-0.20963883438393124,-0.06738533241828218,0.20063464922526886,0.30507611519887456,0.1588580628358266,0.0,68.99600333422,0.704040850349184,0.6899600333422001,0.12968348784886813,0.18035647880893171,41.38141076,40.42245920577459,274.4602209748508,49185.67391763965,1026.4257830612594,0.42717918870173693,2026-06-02 08:45:00,6.244149444765285
10,-1083.2276331025923,-13.124279288822336,76.71811262715872,104.67987922636705,623.2422681511646,90.0,0.48235785713725415,0.5069369405962891,AP0128,2,False,0.3979477858373169,0.3715339960967503,0.10651515686229718,0.08809682223159265,0.05715018667228848,0.4812538707733332,0.05281930702810148,-0.10548980455696083,0.3715339960967503,0.09234402830412644,0.08809682223159265,-0.00014863099760725838,0.4812538707733332,0.01938550943590677,0.22218816078595433,0.38474089096703357,0.1571670687135226,0.1,63.3889067796939,0.646825579384632,0.633889067796939,0.16629229278493315,0.1998186394181278,41.38141076,40.76147529829897,274.4602209748508,51270.47075191772,1018.5289485590123,0.4345396019610455,2026-06-02 16:16:00,2.0417187065217575
10,-536.7934826684973,289.26330904352494,47.72985105866731,344.7275064728294,818.906608282902,90.0,0.44655615153806566,0.4683679314116612,AP0129,2,False,0.2512382441719246,0.4613723249225598,0.1280656231764071,0.08404736841760646,0.08179853257368314,0.6415365959949867,0.10631652498523282,-0.0312199713134723,0.42148423113177214,0.1280656231764071,-0.0539621279169384,0.08179853257368314,-0.6415365959949867,0.06358599242846603,0.2506250306060573,0.3563052845472422,0.20835292902958327,0.1,68.80948984907785,0.702137651521203,0.6880948984907787,0.15865155249540888,0.15325354901381252,41.38141076,40.743361817049944,274.5824252361882,52305.35334575057,1052.0477690925456,0.4346124916311828,2026-06-02 23:55:00,6.590673505140101
10,-1230.1950894906581,89.37754474828682,64.57254045867171,229.9311442444709,997.6474471152983,90.0,0.4224662972731542,0.461611851159289,AP0130,1,False,0.3517592919192752,0.3064330022467831,0.10384877877862062,0.24041921926592857,0.12334773854590707,0.6178681843057235,0.030990666278488132,-0.11285823849509506,0.2706767528758673,0.10384877877862062,0.24041921926592857,0.05714019186818324,0.10429640204272606,-0.0024431313137065792,0.25352384019153235,0.32909614708302914,0.2232949174349336,0.1,76.22740468599622,0.777830660061186,0.7622740468599623,0.1474980397359847,0.09022791340405302,41.0326916,41.06143241017441,274.59464566232197,52331.02867517031,1056.3209058303942,0.4495352784770983,2026-06-03 07:38:00,4.393782237144655
10,-2046.0393755262212,662.0579469645222,-431.4225187510122,1057.4698214082346,982.9442340394651,100.0,0.46566915906231615,0.46121168595709483,AP0131,3,False,0.41310227487856155,0.36887066242229966,0.822139141452519,0.5774650570838473,1.020595958337191,1.9304987500381698,0.5940134551933072,-0.15470692573400063,0.36887066242229966,0.8150167016438892,0.48532375653600357,0.9268998804023256,-1.9304987500381698,0.5560593750184758,0.8180978999151279,0.39098646865043063,0.988942472421007,0.0,64.63338094067147,0.659524295312974,0.6463338094067148,0.18237273938928994,0.17129345120399528,41.0326916,41.19630782544225,274.59464566232197,53468.27049216885,1052.7609383994645,0.4586717319502669,2026-06-03 15:26:00,19.77752060566678
10,-742.6750767777598,510.5311352449431,-106.84262286428003,639.1316820853358,1257.425107617985,100.0,0.5218364202920964,0.5509152506191256,AP0132,2,False,0.3085918118569816,0.3264697087679702,0.1675227983107247,0.17633605770053168,0.2958432980383131,0.2325914397397925,0.025773363100124676,0.008297635047855792,0.3264697087679702,0.016759330875971472,-0.015088789845563569,-0.05711785100134417,0.038479774302200315,-0.025773363100124676,0.21901835393063407,0.3175307603124759,0.17961339137789734,0.0,65.88374795030101,0.67228314235001,0.6588374795030101,0.16419425781231864,0.17696826268467128,41.0326916,41.23894132039995,273.81822073059703,54943.04457083873,1100.1742830906155,0.46549438676270094,2026-06-03 23:35:00,11.632622237766524
10,-1605.8423812814713,33.244732266933795,45.68486542971675,228.29878220461003,1314.6541780038556,100.0,0.4273500619020293,0.47752319505632634,AP0133,4,False,0.3526792691883512,0.40111993560687303,0.16279255387147865,0.44884194447991344,0.09180796107276248,0.5232356590136882,0.10012487143041456,-0.2861244661111482,0.40111993560687303,0.1148911700852184,0.3564315545430272,0.03385357950748547,-0.04894669075086845,0.06669107383821984,0.29722888495192595,0.3768996023976121,0.26536059797365147,0.0,68.47738955075236,0.698748872966861,0.6847738955075235,0.15653739014782722,0.15868871434464923,41.03269160000001,41.20610238268467,273.74057823742453,53704.59416627498,1057.50590167338,0.4685355066900572,2026-06-04 07:53:00,4.251010285968708
10,-1585.644775252376,-6.747372222223305,-847.3433275309853,453.5894468198811,706.2577974684247,100.0,0.5047923438760374,0.5175134210872372,AP0134,0,False,0.17085910487058506,0.4120646240173997,0.042286807561983414,0.0663617532073647,0.08572327632480478,0.2750241626908543,0.03433345898006589,-0.008000126415537897,0.4120646240173997,-0.0074250895689052104,0.02434104520094354,0.08049612798570413,-0.22148235077696762,-0.013774592976552296,0.15523616966472256,0.29146186444399236,0.1007458917530146,0.0,61.91397879590847,0.631775293835801,0.6191397879590848,0.2624060765348126,0.11845413550610256,41.0326916,41.19164014809029,273.74057823742453,53875.74462594393,1051.7714761511359,0.45950384043002307,2026-06-04 15:53:00,8.419177311963397
10,-1176.493323245309,703.0468966099022,-488.0176587904713,1002.3963262689338,1384.2923182444579,90.0,0.4696800109348371,0.48452659349665395,AP0135,3,False,0.28739678518033424,0.5467077278363867,0.8990856308237682,0.3962607850401061,0.6293308016628059,1.5022138818695758,0.7378461937425315,-0.12468684577302225,0.4158040662420836,0.8848966277231356,0.3962607850401061,0.6293308016628059,-1.4496130374035634,0.7378461937425315,0.7141202580222155,0.4170522565083604,0.8329474586277575,0.1,62.26040941233482,0.635310300125865,0.6226040941233482,0.19058083127654157,0.18681507460011024,41.0326916,41.21541886269022,273.74057823742453,53480.02171937088,1095.756022925879,0.46659503277211295,2026-06-04 23:43:00,18.743379191745127
10,-819.2562805905263,299.7061214864022,-213.15418148388994,470.1556924083376,964.654921477149,80.0,0.4401661984719544,0.4626513956724601,AP0136,1,False,0.6622994207066192,0.391990410878442,0.04003238862936058,0.09417554545477022,0.11327189776511574,0.12012289916405511,0.015228062438757444,-0.36916698798316777,0.391990410878442,-0.03841044527151334,0.03646452699749533,0.11327189776511574,-0.12012289916405511,-0.015228062438757444,0.20530294643387428,0.5271449157925305,0.07656615869041182,0.2,68.06820204907228,0.694573490296656,0.6806820204907228,0.1763479427278335,0.14297003678144365,41.0326916,41.22833472680654,273.74057823742453,55231.699890580225,1048.1262686629425,0.4653917390629137,2026-06-05 08:01:00,8.512424809299102
10,-1283.66439888156,547.1786977534455,-136.546699129341,755.0190793468505,1287.8412398218936,100.0,0.47742110548600236,0.5039779108637268,AP0137,4,False,0.39711156860470437,0.22655775269440626,0.20568506998163796,0.5421328920757942,0.5120827473442359,0.4976893762754127,0.30073100134841946,-0.00167408699753215,0.22655775269440626,0.12692464613025503,0.2968630354903806,0.25759579440492264,-0.4455208193908248,0.30073100134841946,0.38314148690351585,0.31183466064955534,0.4116642174051,0.0,70.88639124036565,0.723330522860874,0.7088639124036565,0.16769689414483432,0.12343919345150926,41.03269159999999,41.204728619402445,273.74057823742453,53588.81599624463,1033.3842489013325,0.4600552751851778,2026-06-05 15:58:00,14.08911664328916
10,-597.6575563937245,308.21705908134066,-350.66772135589474,491.11285781929325,782.9216137025417,90.0,0.5332240345106539,0.5430419672992455,AP0138,4,False,0.10902050686879154,0.2543586055132831,0.01962005201898266,0.11709504280103405,0.11872193109843929,0.14767809425329737,0.06062724107705156,0.0008927498644854259,0.15295839798061864,0.012510105911892548,-0.11709504280103405,-0.06700103604894764,-0.042929125137683634,0.06062724107705156,0.11816021051869707,0.18168955619103733,0.09274847224976097,0.1,58.625967158488876,0.598224154678458,0.5862596715848888,0.16216104186555,0.25157928654956124,41.44016997999999,40.569825504900216,272.85249457071365,52260.1209954087,1016.1633256258999,0.4610087003398483,2026-06-05 23:38:00,9.397468824506547
10,-2261.477942834004,-22.239227444248613,-166.78861008219997,321.7894881488319,689.4125520290766,80.0,0.4517674352799399,0.469090587820291,AP0139,4,False,0.4190317773593049,0.23943333811012657,0.11116145002362637,0.07070688395650852,0.055400270014539184,0.31050388260443385,0.05281930702810148,-0.4190317773593049,0.23943333811012657,0.018592664021450885,0.013603530777849607,-0.002554111550738036,0.06566120841693289,0.01938550943590677,0.17986527272809155,0.3292325577347157,0.12011835872544188,0.2,69.90259533159339,0.713291789097892,0.699025953315934,0.1551656425382727,0.14580840414579335,41.44016997999999,40.57366964807785,272.7636862040426,52227.77282069866,1041.3924854555974,0.45445223391069817,2026-06-06 07:42:00,6.161271499237698
10,-1009.5598758918427,398.3782774815846,-400.6474892625098,649.815308126277,986.6690344940932,90.0,0.5189093201156654,0.5368989067944548,AP0140,1,False,0.45873781016483917,0.15476227914316784,0.14374468256682477,0.1068999725453151,0.16305089730661101,0.3165900282520658,0.016716898796097356,-0.2572929732269687,-0.02142137292827173,0.06530184866595076,0.04918895408804021,0.105091762001534,0.07634422992395368,-0.016716898796097356,0.19435750982498873,0.3067500446540035,0.1494004958933828,0.1,69.96473877301716,0.713925905847114,0.6996473877301715,0.16142410172786467,0.13892851054196384,41.44016997999999,40.588977727797996,272.7636862040426,50535.689271086994,1030.8162432630772,0.4557705988717213,2026-06-06 16:06:00,12.85854249737237
10,-355.3755554734789,262.71406963977415,324.01318408079726,211.70893662708727,660.9657474577571,80.0,0.5165582950598069,0.5281660258202285,AP0141,1,False,0.3064575275436299,0.259670404784867,0.1304954269630538,0.02666981440148731,0.09559450383651465,0.2824431160367442,0.025773363100124676,0.10909507809413078,0.16219760733588906,-0.0006781581864012953,-0.0012209602203979066,-0.09559450383651465,0.11049114213927458,-0.025773363100124676,0.16101487952377452,0.28306396616424845,0.11219524486758492,0.2,62.295206859461196,0.635665376116951,0.6229520685946119,0.18131005513707854,0.19573787626830955,41.44016997999999,40.595854083610384,272.1954292495939,52237.44187222516,1028.8349385777306,0.4565063749705776,2026-06-06 23:45:00,4.052819759913506
10,-846.4842713921594,644.412928066259,113.71445302916345,720.3415474384907,1498.17093620441,90.0,0.47033549257311347,0.5036914264811769,AP0142,1,False,0.3454675936065741,0.1964893676384614,0.44991887670454955,0.43329659874524445,0.49631539144950565,0.48562276496698725,0.23025548804239865,-0.3454675936065741,0.12295131394067473,-0.024195394796621278,-0.43329659874524445,-0.49631539144950565,-0.4667155564767654,-0.21134257866870104,0.37676658302196014,0.2709784806225177,0.41908182398173716,0.1,73.55770200610748,0.750588795980689,0.7355770200610748,0.12331821292353863,0.14110476701538643,41.44016997999999,40.57693318746235,272.13860355414903,53305.229133681954,1060.5887339529493,0.45709156015989005,2026-06-07 07:49:00,13.51352501706683
10,-617.9962992691621,494.932284570542,-86.29322112753056,601.1597698137922,932.8416393924629,90.0,0.49110764495014747,0.5022350740042726,AP0143,0,False,0.25452403927077466,0.24540645316684218,0.1405025653151273,0.04470839256611043,0.05802494796932566,0.345201531354856,0.05154366606475155,0.03114187193348798,0.15740145820161328,0.061853537194934506,-0.018738074299336528,0.00047955639007605817,0.03476846910666628,-0.05154366606475155,0.1628445136725411,0.24996524621880842,0.1279962206540342,0.1,72.47417241213776,0.739532371552426,0.7247417241213775,0.12224949083485147,0.15300878504377086,41.44016997999999,40.56224369991146,272.13860355414903,51262.44722890237,1063.1621949121165,0.4567515505594152,2026-06-07 15:50:00,11.727098535296834
10,-1383.5212225148775,563.0195478321494,-193.0355115368894,800.7879602201502,1077.4129209841992,100.0,0.4888014778921166,0.5013454061966659,AP0144,3,False,0.4694950517442649,0.21449359416078395,0.08328615569825881,0.3186480474048986,0.24780703816425198,0.442504009911655,0.12697728926182505,-0.29632206182977966,0.11721005601582386,-0.017620491604375867,0.3186480474048986,0.24780703816425198,-0.17399230653380998,0.04597987863097312,0.271887312335134,0.3419943229525244,0.24384450808817787,0.0,69.91445579487271,0.713412814233395,0.699144557948727,0.13527356072565505,0.165581881325618,41.44016997999999,40.58521224709882,271.23238282865293,51967.2719913975,1051.6714579327452,0.45751359326940094,2026-06-07 23:20:00,15.409466949750799
10,-759.6305185590982,45.04126794798361,-118.51569736554302,179.34794457032928,491.96994639372883,80.0,0.4260842399652491,0.437589331772054,AP0145,2,False,0.8237437216688818,0.2462685103399036,0.10413093899026314,0.042954047245135886,0.03157612862435404,0.33300812052397794,0.031944961234854796,-0.6576462978455406,0.21712449982464843,0.025687436407310596,-0.016664173291558323,-0.02572268904554165,0.08676616258684243,-0.031944961234854796,0.23051806123248159,0.5350061160043926,0.10872283932371715,0.2,64.86719646914743,0.661910168052525,0.6486719646914743,0.20858118014294943,0.1427468551655763,41.44016997999999,40.57229251162355,271.0310004452093,52793.76097980065,1058.8452669182263,0.45870914595483725,2026-06-08 06:59:00,3.3971427919096224
10,-1056.4595909616073,386.7453654109751,-94.91097888251034,552.5584059007372,1031.1688076948108,100.0,0.4610929367774121,0.48385747085461184,AP0146,0,False,0.3803408590252695,0.19209910072236033,0.1410196769394784,0.14187132874047076,0.17668352292833864,0.1621864264313988,0.04034155974048948,-0.07365963310316205,0.1573261657249216,-0.061582153064090456,0.08297777281963899,0.1073028150776423,-0.1086446145175121,0.03186325672351877,0.1763632106468294,0.2862199798738149,0.13242050295603522,0.0,72.80955270837866,0.742954619473252,0.7280955270837866,0.1510173431319196,0.12088712978429397,41.44016997999999,40.57049880652352,271.0310004452093,51660.094354996756,1038.0709859234898,0.45859646483680727,2026-06-08 14:48:00,10.696039424621988
10,-1303.0475909714414,450.9667260727962,344.488166613742,517.0164629149609,1074.2036389358632,80.0,0.4010754568031773,0.42577574002951446,AP0147,1,False,0.796648524666513,0.2300063776208873,0.1317318468996384,0.2361815367916923,0.3004493497418759,0.2997084388039656,0.07698173132928723,-0.717705983817789,0.21899777519836094,0.1317318468996384,0.2361815367916923,0.2424902144367989,0.007210618453068168,0.043547933737092516,0.2959582579791228,0.5133274511437002,0.2090105807132919,0.2,72.96307508304407,0.744521174316776,0.7296307508304408,0.13062973226723745,0.1397395169023218,41.44016997999999,40.5630408765591,270.93203514646825,53094.782469922975,1059.813473418545,0.46228140576424076,2026-06-08 22:15:00,9.737613356036242
10,-1936.9836171824195,99.31066710725082,-367.4374172433246,461.34976251396273,1275.925925137595,80.0,0.35671139083075726,0.3919584226434349,AP0148,0,False,0.6713046177205125,0.36323549788174797,0.2495313852479098,0.5118016656953264,0.5371795686474903,0.7326600375088294,0.23227948983472235,-0.6713046177205125,0.24918594260700486,0.2495313852479098,0.5118016656953264,0.47963417706824046,-0.30428404064984826,0.19884569224252763,0.4711417517909341,0.5172700578011302,0.4526904293868556,0.2,77.68774908452457,0.792732133515557,0.7768774908452458,0.06271633759977725,0.16040617155497708,41.44016997999999,40.54723986817601,270.8754835471877,52384.94078587466,1095.5816877713694,0.4589133933756991,2026-06-09 06:13:00,8.806915796655122
10,-1424.0564341247618,128.00162318688533,34.16818493949296,302.8785041412565,930.617584202349,90.0,0.4555289579848941,0.4834482820194828,AP0149,0,False,0.25745131700098417,0.19306388791108933,0.28811611552919153,0.7787806464200935,0.7735235827291195,0.99457630839025,0.5641392706666486,-0.19658756297694194,0.18761575579706213,0.2061661678288147,0.3461875500727915,0.6112651933155734,-0.99457630839025,0.5336831457891338,0.5499501612353396,0.22525760245603677,0.6798271847470606,0.1,74.86081370884254,0.763885854171863,0.7486081370884256,0.11701672311043158,0.13437513980114288,41.44016997999999,40.53467484347906,270.8754835471877,53418.194838042975,1052.0324167008607,0.4641212926422356,2026-06-09 13:50:00,5.669950193179399
10,-660.4780631449967,531.6589560878988,295.30520405196074,528.9295430811602,1228.5182360395715,100.0,0.44232119290112254,0.4717967798730506,AP0150,0,False,0.8905197710749443,0.25457022322434636,0.1056468710720911,0.03092851740618702,0.06869019805407373,0.33105957808468955,0.03727576479961094,-0.16434096289214398,-0.09866836592339034,0.024511634361351772,0.025590680687046143,-0.06869019805407373,0.0973164187742934,0.0038419672074162317,0.24552727481656328,0.5725449971496454,0.11472018588333047,0.0,68.49495300566005,0.69892809189449,0.6849495300566005,0.16398575754777134,0.15106471239562816,38.68303051,38.06386749992302,270.8754835471877,46513.654526052946,1042.8925110746993,0.44776651722307564,2026-06-09 21:27:00,11.371489694169254
10,19.553652851327115,220.28509591501427,149.1245153841927,173.00576642908393,371.09172788574915,80.0,0.4869314112013739,0.4941288417274513,AP0151,4,False,0.27512140321996637,0.12632853494104948,0.1383793111442202,0.11656598558139361,0.11970788769486945,0.47775975569540324,0.054008095004388315,-0.0472010869644911,-0.08336070938856426,0.1211289169459342,-0.06620420209040256,-0.11970788769486945,0.10651390216501688,-0.054008095004388315,0.18683871046875583,0.2007249690805079,0.18128420702405496,0.2,57.404971526154746,0.585765015573008,0.5740497152615475,0.18636904392452736,0.23958124081392515,38.68303051,38.05303562531662,270.8754835471877,47110.80032003404,1040.1249884853282,0.45678746094089673,2026-06-10 04:34:00,3.6723164381377025
10,-502.80307114196694,93.36469024620811,-90.61004037263018,185.91210160645286,647.3416836149972,90.0,0.42888357125655496,0.4519758327669267,AP0152,0,False,0.414832715444385,0.3024005948472938,0.26524774896769937,0.4580368802122171,0.6278967247945777,0.7810622118777037,0.5445721603903191,-0.11917907116050062,0.10293292856381016,0.2472434210120717,0.44999100013218496,0.5394662485807686,-0.7810622118777037,0.4716982141230618,0.48486414807631373,0.3586166551458394,0.5353631452485035,0.1,71.15277172170163,0.726048691037772,0.7115277172170162,0.09815900106246724,0.19031328172051648,38.68303051,39.68664840613012,270.8754835471877,52139.96147351704,1036.1099498140468,0.4715821657970318,2026-06-10 12:19:00,3.565635576867111
10,-177.46204714665146,135.50679000205207,-105.25487101967474,190.15331743701918,1079.3647555413131,100.0,0.4692320926262985,0.5100605333486717,AP0153,1,False,0.6201166922982703,0.24674045510155604,0.05331349975439166,0.16810430041814867,0.1104594010176002,0.25981739903191403,0.10937246062424144,-0.3528732578833024,-0.16021094813634082,0.018234231257985706,0.07501941959439276,-0.06352980305441124,-0.21070537524896574,0.10937246062424144,0.22398917260658888,0.43342857369991317,0.1402134121692592,0.0,67.8650647984966,0.692500661209149,0.678650647984966,0.1503186217255262,0.17103073028950785,38.68303051,39.7112540232633,270.6888093640446,50138.96960871739,1037.2386876338367,0.4660734359760757,2026-06-10 19:46:00,3.7925254332302485
10,-529.2636355305067,637.7658923676771,-222.28606827713497,773.2559854697835,1388.4881015457715,100.0,0.4444153001099438,0.4703179205494371,AP0154,1,False,0.6101369783343559,0.16871662971503523,0.37972666709115743,0.3705113852953561,0.4391816047923283,1.3088631027846724,0.06147736775972798,-0.4654185552831262,-0.1002326750314157,0.2623022930405168,0.3128003668380812,0.3812224694872515,-0.9159288446086531,-0.002412554709981616,0.47694481939609046,0.38942680402469554,0.5119520255446484,0.0,64.25260676394039,0.655638844530004,0.6425260676394039,0.1469630268292861,0.21051090553131005,38.68303051,39.69691425289463,270.3621295435442,49928.00990975821,1092.4684932971938,0.4698447028625971,2026-06-11 03:08:00,15.487418522536663
10,-1182.7482728766327,348.1618867742181,321.53299719460097,405.45926308980006,1064.4854580110257,100.0,0.45653592771825674,0.48533471199290557,AP0155,3,False,0.4883470735340805,0.16578316945232252,0.2948910793052341,0.5893528376237593,0.5038999517437859,0.2624440354405927,0.6220502912497511,-0.017694755460237094,0.034524107184864705,0.24612652493994475,0.5893528376237593,0.46590958621075884,0.06520373982688847,0.6220502912497511,0.4181097769070751,0.32706512149320155,0.4545276390726246,0.0,67.62038048269191,0.690003882476448,0.6762038048269192,0.17000057581094433,0.15379561936213648,38.68303051,39.71342780984176,270.3621295435442,54010.55185837323,1085.978707941321,0.466214945808994,2026-06-11 10:58:00,7.50703796089693
10,-137.57155629134922,28.387878964209406,-433.8896124528043,176.43906501792608,1312.9507863880672,90.0,0.504427331873524,0.5601571399210384,AP0156,4,False,0.2708929768439035,0.20674696230411538,0.2767621945676051,0.35190322357370274,0.20412809583037236,1.037719786145127,0.24761091440515506,0.04093257502741626,-0.048086516831161524,0.19835752227778408,0.29479987039504385,0.20412809583037236,-1.037719786145127,0.18351426767209492,0.370823450524283,0.23881996957400944,0.42362484290439245,0.1,68.93970821422688,0.703466410349254,0.6893970821422688,0.1658897281311395,0.1447131897265917,38.68303051,39.72039172253164,270.35441886312844,50236.37628556919,1063.0441945348025,0.4650738700673597,2026-06-11 18:36:00,3.5121773914375596
10,-1078.8015130999834,155.22335777301953,-92.2340732883502,323.1377764625224,815.8956275739583,100.0,0.44560751349947136,0.4700912365566655,AP0157,0,False,0.48173321372721395,0.17704287709804248,0.18838572428180578,0.07173638148119091,0.09146707080739346,0.45624183654384226,0.06953620582419884,-0.21563930224719532,0.0812755832348288,0.0644329223984297,0.07173638148119091,-0.04487248175368293,0.4473261954577869,0.0026686106398094156,0.21944904425195538,0.3293880454126282,0.17547344378768623,0.0,70.87437249317207,0.723207882583388,0.7087437249317207,0.07972764671832977,0.21152862834994962,38.661193440000005,39.67042152790533,270.33385704868624,49874.1088925456,1062.5794229835406,0.46309488166857055,2026-06-12 01:58:00,6.479068671857915
10,-1143.4817748828932,1043.5878459646356,68.36845263494766,1171.7299409089273,1987.9629812065962,100.0,0.4336674298164291,0.4745989997795624,AP0158,3,False,0.38326730675378645,0.2205924546149445,0.45609298953074295,1.3093179367896086,1.041624090111742,1.6376708084428322,0.8789456544169805,-0.10663896104701019,0.12970878738008595,0.3694371145977651,1.3093179367896086,0.920085521010231,0.23215767407551846,0.549287636848939,0.8467873200943767,0.3019298806843655,1.0647302958583815,0.0,72.61908325123001,0.74101105358398,0.7261908325123002,0.13950207164741357,0.13430709584028627,38.661193440000005,39.70998944794048,270.33385704868624,50521.24992673564,1063.9875641245842,0.46520550621890966,2026-06-12 09:41:00,23.192813768624763
10,-1199.499827602086,152.15166759206434,-9.857347713587956,311.04384949441186,1028.3015975567132,100.0,0.48592088678430495,0.5145587485837941,AP0159,0,False,0.22077727320269772,0.19618975860407042,0.057802580776957976,0.5303604246093481,0.428960675537047,0.3411556638273737,0.13792122271177937,-0.22077727320269772,-0.007009163730903795,0.043538370877768615,0.34571375643757707,0.25289034902858076,-0.3411556638273737,0.13792122271177937,0.27330965703846777,0.20848351590338407,0.29924011349250124,0.0,79.06775670112962,0.806813843889078,0.7906775670112963,0.06742519133641707,0.14189724165228654,38.661193440000005,39.67646731708619,270.33385704868624,49746.596643238925,1081.4262780975805,0.46736079007166165,2026-06-12 17:16:00,6.252565411159356
10,-1005.1850259183525,510.9806448889768,-113.93010989583604,675.8337312271135,847.741492137862,90.0,0.4992529863291299,0.5052360220743821,AP0160,3,False,0.31916716718336474,0.22331054711091383,0.07197957412978703,0.09194691975393118,0.0401787052777,0.10627153756526804,0.029256473089172518,-0.022265402572337712,0.20274278544767463,-0.014944861930522288,0.0892832636897117,-0.0401787052777,-0.10627153756526804,-0.008697607085658931,0.12601584630144821,0.2712388571471393,0.06792664196317175,0.1,65.36215586362145,0.666960774118586,0.6536215586362146,0.14211354708239224,0.20426489428139316,38.661193440000005,39.68864639911163,270.2033740983223,49757.11821770382,1102.9892955398598,0.4651754867071772,2026-06-13 00:38:00,13.58265420979804
10,-1179.940457742392,214.42794167777072,76.68992175587664,344.81322465751873,1467.7165838315766,100.0,0.4573472070301401,0.5129384810452084,AP0161,1,False,0.7016658523948411,0.1694487901222006,0.2465841212575623,0.6804126677683598,0.5597325205861822,0.4369885708975942,0.5583976191670028,-0.2588927062918764,0.0037816804013773206,0.21112869903693826,0.5899431154691233,0.4710643961955481,-0.3387645233316956,0.5583976191670028,0.479032877456249,0.43555732125852087,0.49642309993534023,0.0,73.58917465220368,0.75090994543065,0.7358917465220367,0.09803702804957856,0.16607122542838468,38.661193440000005,39.65376983803017,270.2033740983223,49916.37991528265,1071.731471703839,0.45994619144153503,2026-06-13 08:38:00,6.907817138236601
10,-542.978086354703,154.75848286409604,234.87146503681038,154.88419457916433,707.4432001939531,90.0,0.5111191837716731,0.5361230138749027,AP0162,1,False,0.31746730424860203,0.33488131377824376,0.050235009707360875,0.16491172355566228,0.087369173374328,0.41203897646338394,0.03729119620829096,-0.15702077005601547,0.0528223248204705,0.018805211531519442,-0.01980341289465498,-0.04043957541113902,0.06254425633451663,-0.03729119620829096,0.2005992424765531,0.3261743090134229,0.1503692158618052,0.1,82.04861096752636,0.837230724158432,0.8204861096752636,0.06895839545602223,0.11055549486871422,38.661193440000005,39.66858116139239,270.2033740983223,50636.999040312934,1088.810052651557,0.46701786989497573,2026-06-13 16:16:00,3.058715909603144
10,-175.88443081322612,56.524427859212835,-114.94676609204066,113.87343369254444,657.0805396883106,90.0,0.4506574805865557,0.47588283649529667,AP0163,1,False,0.6536035009472935,0.19517456274413295,0.0846166394096799,0.07609256558399025,0.05828683671508049,0.315201846158109,0.07092917550065833,-0.07947868547133084,-0.024164376487668948,0.05665077761767335,0.06901574507701685,0.041647009991274464,0.15783675468534647,0.001275640963349929,0.207700732436992,0.4243890318457132,0.1210254126735036,0.1,68.27180915430661,0.696651113819455,0.6827180915430662,0.07813474167212492,0.239147166784809,38.661193440000005,39.68095503333554,268.83244508966925,51197.85007648731,1090.8798543331263,0.46834167096829465,2026-06-13 23:47:00,2.2241838968320464
9,-127.22360742408819,55.78005079501466,-59.553995697499204,90.18531846939588,1063.8656837086019,100.0,0.416136041946696,0.46923570421576855,AP0164,2,False,1.0769833587138218,0.16680485244019658,0.48362733987721773,0.7866492605322409,0.7078296206089307,0.5203381445202905,0.6669118861890683,-0.1889214941472871,0.13731838715516062,0.46473250179965647,0.7866492605322409,0.63143119704907,0.10931650211190531,0.6223334893994753,0.629877780411681,0.6218941055770092,0.6330712503455496,0.0,70.82211568321414,0.722674649828716,0.7082211568321414,0.12278353036371618,0.16899531280414237,38.63335399999999,39.713276515747744,268.69535218880395,50175.30087057901,1141.49496932108,0.4626601321232604,2026-06-14 07:52:00,1.797404637433421
10,-215.32557654418952,1019.595881175386,-463.19427242366436,1186.54648785323,2338.4045523077984,100.0,0.4542521469761006,0.5140490959303545,AP0165,4,False,0.4925415712578393,0.24691250308032386,0.4089530852055444,1.0730691296087422,1.1174147793643308,1.1217717220844183,0.6888106708927217,-0.11415879853837779,0.24518935273175554,0.4089530852055444,1.0730691296087422,1.1174147793643308,-1.1217717220844183,0.6460801383359549,0.7356390659277031,0.3697270371690816,0.8820038774311515,0.0,72.89123557366597,0.743788118098632,0.7289123557366597,0.1122670661555655,0.15882057810777472,38.633354,39.722993456191055,268.69535218880395,50434.7749035723,1119.8661531568632,0.4575848042351001,2026-06-14 15:40:00,23.52635637061576
10,-511.0823744173649,622.1394666244491,118.54953211153887,653.0153156652449,1999.0981613825782,100.0,0.4490421876335275,0.49718506356921155,AP0166,1,False,0.6686935948956162,0.11683224521189989,0.42081788666379333,0.5614917816826136,0.5300353855289955,0.7176861272446635,0.5154119770805586,-0.4987025986918696,0.10445121995077089,0.3220143600388028,0.5037807632253387,0.433558465810601,-0.11705981405629728,0.45152205461084904,0.5044241426154487,0.392762920053758,0.5490886316401249,0.0,67.7053590858021,0.690871011079613,0.6770535908580211,0.1151308997495203,0.20781550939245852,38.633354,39.680379804512626,268.525595553321,50687.260631165984,1072.4168793715905,0.45654372389712916,2026-06-14 23:22:00,12.883223664759003
10,-657.4327856439559,337.3306738102605,-633.2037065571092,612.7580479111075,1394.0537601238875,100.0,0.44837166115270694,0.49137453420659416,AP0167,2,False,0.4203314005681369,0.22294787180944567,1.0110634928953888,0.583543455081036,1.1796871222260723,2.530390541111268,0.6872953239580426,0.03087460660377132,0.2022715427122175,1.0110634928953888,0.583543455081036,1.1796871222260723,-1.4921480172764041,0.6863670817649634,0.9478941725213413,0.32163963618879127,1.1983959870543615,0.0,71.239339811662,0.72693203889451,0.7123933981166201,0.10800812853233105,0.17959847335104892,38.633354,39.72635605972911,268.4878718565471,50227.07332732884,1092.9077090094802,0.45912933426133345,2026-06-15 07:15:00,12.199756173682974
10,-1082.5087913720881,113.56562790359419,-325.3491870152676,351.8965268865459,750.1952576840256,80.0,0.33899664395609064,0.3571475271668289,AP0169,0,False,0.5267279599569245,0.12512026478513633,0.5587531917683201,0.8614293528203301,0.9063506419840276,1.4615289465732617,0.8349588969944605,-0.5267279599569245,0.04604174053657962,0.5010876658598271,0.6962406551668195,0.741694792700961,-0.14185521502800702,0.6845582240336561,0.7535527506974944,0.32592411237103036,0.92460420602808,0.2,72.62295031042878,0.741050513371722,0.7262295031042878,0.042315850408485796,0.23145464648722647,38.633354,40.005630480083695,267.61327744578233,53077.04837138942,1080.286576150105,0.4645024522069187,2026-06-15 22:57:00,6.629918913807418
10,-321.87566939341787,220.39177856064242,73.61485649237619,240.1511586340739,1092.119993477839,70.0,0.3178162087900887,0.3622929922794512,AP0170,2,False,0.12168807345882626,0.06856844598143998,0.7464775070222994,0.9287848012130044,1.0611755178371212,1.1648970504585863,0.733741403226144,-0.04436408147136187,0.06856844598143998,0.5760864589026998,0.9241758682909569,1.0611755178371212,-1.1648970504585863,0.6640878686888356,0.689333257028203,0.09512825972013311,0.9270152559514312,0.3,70.43130460975291,0.718686781732172,0.7043130460975291,0.1424641151483263,0.1532228387541447,38.633354,40.07525768766215,267.28530454174546,51052.27664378614,1089.9363468051986,0.46454875433955733,2026-06-16 07:14:00,4.704024471028249
10,-654.3310915472457,193.93458318935654,-320.0190781268106,375.00334852854166,692.2768591433216,50.0,0.27200978403528986,0.2870426792717583,AP0171,4,False,0.25477627029227207,0.11231273738150684,0.3056358645715319,0.2990363777567824,0.3552843720374094,0.6218128466542744,0.23846504883768613,-0.1320615369983523,0.09145028535086358,0.24501518064480463,-0.03948670882131232,0.0659512587747424,-0.6017289302184533,0.1638826564211042,0.31247478821878044,0.18354450383688944,0.36404690197153683,0.5,69.97863436383892,0.714067697590193,0.6997863436383893,0.1355159148425546,0.16469774151905614,38.633354,38.70655779716646,267.28530454174546,49579.58377644747,1109.166755826755,0.45780277579564116,2026-06-16 14:54:00,7.563664717707556
10,-93.21064385211639,24.181810744801226,1.813107754925852,35.755262119098596,588.8842633401885,60.0,0.43790017333422365,0.462681252846329,AP0172,2,False,0.528213720830239,0.06126843692902904,0.014171128558170851,0.06173362413149866,0.046394937792985425,0.05246670186332811,0.07220481646400832,-0.528213720830239,0.040976755995111296,-0.014171128558170851,0.06173362413149866,0.046394937792985425,0.05246670186332811,0.07220481646400832,0.11949333808132277,0.294741078879634,0.04939424176199827,0.4,69.77450250230696,0.711984719411295,0.6977450250230695,0.07967490955247566,0.22258006542445488,38.633354,38.71138427545691,264.93334014025874,50600.082973913144,1103.802787045685,0.4593525543542663,2026-06-16 23:35:00,0.7066245748555829
10,-1192.564558159877,630.2664535961678,343.06367150699504,682.3807447048533,894.7602441094998,90.0,0.41868865364550123,0.42641522422940137,AP0173,3,False,0.3654835111694923,0.19239344311201959,0.04926064433485023,0.11956035510500473,0.1055550759731114,0.33257866973140904,0.07660087345919557,-0.31433766078647407,0.1554964842593178,0.020882638133585155,0.08909235628892172,-0.012981081487430206,0.33257866973140904,0.07660087345919557,0.1773475104121547,0.2789384771407559,0.1367111237207142,0.1,73.88973264520219,0.753976863726553,0.7388973264520219,0.07225685666923806,0.18884581687874014,38.633354,38.71721736599208,264.6981437001101,50654.40195480609,1117.5301154834583,0.4658108035331722,2026-06-17 07:35:00,13.471301967273725
10,-1121.1217809391233,649.2684235518473,221.55056731436463,728.5490848796239,2073.5086011934245,90.0,0.4451092289247594,0.504653995373173,AP0174,3,False,1.2225822348446378,0.46504055495452573,0.2405035807166773,0.22981422185277284,0.2778957715232543,1.2006305929733334,0.026138541537176624,-0.5984489833343242,-0.18647887854525494,0.20283632570877044,0.0416858132240915,0.11807956675174278,-0.9781845066378765,0.026138541537176624,0.5232293569146254,0.8438113948995818,0.39499654172064286,0.1,76.49096191076157,0.780520019497567,0.7649096191076157,0.08689176848795753,0.1481986124044267,38.633354,38.76263627225596,264.6981437001101,48436.554784071144,1113.3952100732472,0.45121891331341596,2026-06-17 15:10:00,15.041306883354444
10,-1280.2560716800226,-30.83635419893281,-261.91674538475826,214.1719587348976,1118.535624408568,100.0,0.5089813405976218,0.5516742904827026,AP0175,4,False,0.8493175489622794,0.2912740438743809,0.036766736860468476,0.07301386413851008,0.07853508915300318,0.3071380230333514,0.09920114826186247,-0.37684847228329454,0.17631082428901598,-0.005349633547195094,0.07042607358471101,0.015316408553017927,0.19760748274671433,0.06576735066966777,0.24789235061197942,0.5702957964183302,0.11893097228943912,0.0,68.14622211976875,0.695369613467028,0.6814622211976875,0.10327259885320501,0.21526517994910746,38.63335399999999,38.73488310598419,264.24208307056364,49919.76830399463,1085.6574636220723,0.4543172787040649,2026-06-17 22:34:00,4.290323573432118
10,-1991.7934890321303,369.3470958764471,-365.6245688704829,737.967620111769,1161.143794358518,100.0,0.46007520727765705,0.4809306038385966,AP0176,3,False,0.6649710833738078,0.27470291469592295,0.4264992141969342,0.22677417743652736,0.06557459973533265,0.19437533402619483,0.09728538568943551,-0.443711080780278,0.11892148266857855,0.3484673023067982,0.16799674169764414,0.03283921595788076,-0.05249619535253479,0.09728538568943551,0.2785975298791651,0.4698369990348654,0.20210174221688493,0.0,67.43467254270297,0.688108903496969,0.6743467254270297,0.14116170594894256,0.18449156862402769,38.36008214,38.55159897429274,264.07106033448366,51640.705201300545,1094.2121068423126,0.46315092728407325,2026-06-18 06:37:00,14.290424912578143
10,-696.1595714115047,359.26704280321616,510.1420347706142,296.72517665552755,750.9458773735051,80.0,0.3959908168700618,0.42009342406703476,AP0177,4,False,0.46737723802180775,0.10891980789398541,0.11050438531036318,0.36332672367593316,0.16597320951312425,0.8531328032915911,0.09070478585320443,0.06699576535766594,0.05066326589275472,0.05400313433980764,0.18055653600413699,-0.015488184311337704,-0.47093402326392575,-0.09070478585320443,0.30856270765142996,0.28814852295789656,0.3167283815288432,0.2,74.24335351979437,0.757585239997902,0.7424335351979438,0.07397315609166814,0.18359330871038804,38.36008214000001,38.58808176173876,264.07106033448366,49389.000996842755,1098.1480512447154,0.4672616811338887,2026-06-18 14:23:00,6.007920198152946
10,-3539.651078920105,4.994801882940635,-101.56997304119204,495.6204340549119,1010.5670169935959,70.0,0.4503995597211924,0.46515300261171466,AP0178,0,False,0.8363216796919141,0.2310815290421231,0.007104128779103372,0.03049162330118791,0.02329729452685526,0.026770905956943345,0.03610240823200413,-0.6428756404488598,0.21226225535924073,-0.007104128779103372,0.03049162330118791,0.02329729452685526,0.026770905956943345,0.03610240823200413,0.17016708136144731,0.5337016043670186,0.024753272159218805,0.3,73.73316950812031,0.752379280695105,0.7373316950812031,0.0837938033603143,0.17887450155848267,38.36008214,38.579654646991564,263.7436215972739,50165.97640974843,1081.9353283245575,0.4590300250609168,2026-06-18 22:29:00,9.879613027099404
10,-477.4459557257351,482.2332869781452,90.46363015730861,517.1621721752982,997.8821002141962,90.0,0.4256077709706691,0.44889006942741494,AP0179,1,False,0.27499912935369103,0.22693968606010284,0.2633373406018642,0.08673571528473849,0.31829484075916925,1.3459932123480964,0.043492702874150906,-0.21805185394584914,-0.041972026493056584,0.13553993060443478,-0.013804137767618796,0.16593768320865226,-1.3459932123480964,-0.043492702874150906,0.365684661040259,0.2509694077068969,0.41157076237360385,0.1,70.13008619595749,0.715613124448546,0.7013008619595749,0.08084889313818,0.2178502449022451,38.36008214,38.57438452027023,263.6208320708202,49107.49892825473,1134.3852173735752,0.46185181229395766,2026-06-19 06:26:00,10.531226054311254
10,-1103.475065960317,705.3759576648382,-791.5079876732711,1086.2801125416606,2385.109144193919,100.0,0.4185859939422462,0.4778997802069834,AP0180,0,False,0.9790406635112315,0.305058832225608,0.6266626977229235,0.4949814511076795,0.56297643565174,1.0762966061566606,0.39536695985356074,-0.4800336563346222,-0.11465010585580887,0.6093585409837652,0.30648137765958167,0.42869620319910673,-0.6483027608592347,0.39536695985356074,0.6343405208899148,0.6420497478684197,0.6312568300985129,0.0,70.57977974260392,0.720201834108203,0.7057977974260392,0.11890940982783,0.17529279274613077,38.36008214000001,38.56958190761653,263.6208320708202,48406.589244730094,1090.6484145260479,0.4531998968615053,2026-06-19 14:49:00,22.44074886271648
10,-368.8056490489562,305.4636727282726,-80.48471452213903,377.55382146127863,1371.982468459815,90.0,0.40235938619180817,0.4487967503667119,AP0181,2,False,0.9437118417341658,0.19540676633890927,0.14883596426609064,0.19265952866122044,0.18197763598542577,1.1610956805467856,0.0768308805230522,-0.2557998588913038,-0.19540676633890927,0.0039411809031612705,-0.16636965470764287,0.011330084651371392,-0.7413213974359653,-0.0768308805230522,0.4143597568650928,0.5695593040365375,0.3522799379965149,0.1,61.566424845284466,0.628228824951882,0.6156642484528446,0.1453188528826246,0.23901689866453069,38.36008214,38.57513172595441,263.6208320708202,48124.90520522037,1103.1531964353567,0.45670944659426144,2026-06-19 22:41:00,7.8452896655331665
10,-352.2533085614159,322.1823896221365,227.38836144528807,299.7588113015342,966.6139826460833,50.0,0.22185462405061518,0.25852832284410027,AP0182,0,False,0.3230379776336991,0.3061632452412492,0.715232111677454,0.3332188728444154,0.6436349736688158,1.4746978602887193,0.6825937189952169,0.2853591756640174,0.15213307294095021,0.7081000067278593,0.24089553875852981,0.5555998104145827,-1.4746978602887193,0.6825937189952169,0.6397969657642243,0.3146006114374742,0.7698755074949244,0.5,72.27615768788192,0.737511813141652,0.7227615768788193,0.11605401201245291,0.1611844111087278,38.36008214,38.47003184602528,263.6208320708202,67942.79100228025,1152.8315055411304,0.4019354658627292,2026-06-20 06:49:00,4.411929608418263
10,-1184.1931665505963,1159.7188583929694,978.4468020627722,1020.1299294257152,2853.304200619764,100.0,0.33774298448629503,0.412436703936449,AP0183,1,False,0.9433428024994268,0.15384126238512394,0.8090637373931847,0.9837017146058895,0.7735963304395307,1.3975996671889275,0.6931479891311564,-0.7882252962837796,-0.013253621620503772,0.7887030446690682,0.9837017146058895,0.6177103303176416,-0.7916759840875233,0.6931479891311564,0.8220419290918913,0.5485920324422754,0.9314218877517378,0.0,61.809401595145594,0.630708179542302,0.618094015951456,0.1642205216386546,0.2176854624098895,38.9181859,38.82049402755672,263.6208320708202,48932.86438301942,1147.4508942160394,0.44811847392746146,2026-06-20 15:50:00,20.84754167343857
10,-775.4606893936234,537.6568134388051,-643.8936699463486,831.6348040438806,893.7550892123577,90.0,0.46061147730451185,0.4599621859800614,AP0184,3,False,0.2468699805806195,0.14264515390450042,0.5765973581328329,0.32402579831624884,0.5779300180309969,1.2258226847431857,0.2871283266726821,0.08467246664689454,-0.13319401626159003,0.40443902359277034,0.18902966802041687,0.46484499685901903,-1.2258226847431857,0.16842470385354064,0.48300276005443804,0.19475756724255996,0.5983008371791894,0.1,64.8089817681888,0.661316140491722,0.648089817681888,0.12493108104011452,0.22697910127799747,38.9181859,38.81908546537731,261.78818904751733,48652.847399983075,1126.0121094344145,0.4512114942532387,2026-06-21 01:28:00,17.09324013879134
10,-40.23255836463386,350.616464366554,-333.8918026898381,456.0142377609078,710.2268113025668,80.0,0.4037395428868843,0.417554674960273,AP0185,1,False,0.29803725019231836,0.19240914152170915,0.2065959574646672,0.14138669720478242,0.1610724086210543,1.0425828043430003,0.06883532105022314,0.2514420755208769,0.03338201192543746,0.20250086832509323,-0.11593784302369303,0.006043196531409813,-0.5510367736806041,0.03540152345802842,0.3015599400568222,0.24522319585701374,0.3240946377367454,0.2,67.10540922287353,0.684749073702791,0.6710540922287355,0.18770765227533354,0.14123825549593105,38.9181859,38.82304882562085,261.78818904751733,49449.682274772575,1151.265008893234,0.4480431891685704,2026-06-21 09:29:00,9.221782967724945
10,-200.18563911295223,249.96056311558752,-316.44154278360656,370.9171590353533,801.8290267644509,100.0,0.4596653780196275,0.4790595404031544,AP0186,2,False,0.5143995740874127,0.17764327178845782,0.10018800561692785,0.07897236912322159,0.11140299760556324,0.4243106126034209,0.09823859928479403,-0.1822798648226908,-0.17205167761173415,0.06440098717793928,0.03913636946252404,0.05410417993566747,0.04793037237072535,-0.02603378282078564,0.21502220430139976,0.34602142293793525,0.16262251684678555,0.0,73.01234197969465,0.745023897751986,0.7301234197969464,0.11849258364246386,0.1513839965605897,38.918185900000005,38.565204466654905,261.78818904751733,48382.34886609675,1125.7608332906032,0.44570946401784656,2026-06-21 17:19:00,7.666373537628477
10,-208.60857617301826,488.18502605168305,-1646.5789619592526,1009.2778295419512,1483.4964023302239,90.0,0.39429658406077034,0.41866834224903393,AP0187,0,False,0.33611300356832735,0.21440342347580643,1.067598877393962,0.41556982689871735,0.8851119080974299,2.9849299396258706,0.6035212254334078,-0.33611300356832735,-0.21440342347580643,0.9778516608629542,0.08505731957102977,0.8851119080974299,-2.9849299396258706,0.6035212254334078,0.9296068863562174,0.2752582135220669,1.1913463554898776,0.1,64.03645857564088,0.653433250771846,0.6403645857564088,0.1233817526181193,0.236253661625472,38.9181859,38.60130780354988,260.1628198054785,50949.321294407724,1144.6515021371779,0.43055311584543804,2026-06-22 01:16:00,19.80944601224219
9,-338.90415033034105,209.34455204057355,-937.5709505901519,534.6733767605634,771.293338475893,88.88888888888889,0.43431322374717585,0.4456440175381483,AP0188,1,False,0.41893518133655616,0.3865487426698653,0.0828071132278544,0.0307854832612243,0.1118963373386984,0.33896862493173757,0.10341486101686334,-0.20664351857534946,-0.1781560995424282,0.048024256871546066,0.000870274815545264,-0.04313287475094611,0.33896862493173757,-0.022417930562480454,0.21047947768325706,0.4027419620032107,0.1335744839552756,0.1111111111111111,72.62896642012767,0.741111902246201,0.7262896642012766,0.10413796974478494,0.16957236605393855,38.9181859,38.81554483857889,260.1628198054785,50272.224243476296,1138.610815239008,0.44886256153283294,2026-06-22 09:27:00,10.635562376772034
10,-1006.4704857420575,665.1735430054517,147.0883521825997,751.8882004971393,1114.1364694751326,90.0,0.4608425040323968,0.4791010982468139,AP0189,3,False,0.6686396013757246,0.46428785154126295,0.33766182251771465,0.12554699116759957,0.453800864748041,1.0572045737161206,0.04285544033327398,-0.37049210407578553,-0.46428785154126295,0.33766182251771465,0.12554699116759957,0.39663535614581863,-0.7595004159848011,0.009421642741079268,0.4499995921999625,0.5664637264584937,0.40341393849655,0.1,72.57204105498306,0.740531031173297,0.7257204105498306,0.11076384299909155,0.16351574645107797,38.9181859,38.820133837104386,260.1628198054785,48488.6657523152,1108.9374279198087,0.45104418734629254,2026-06-22 17:30:00,15.506473292910492
10,-727.2546468875125,437.31154290933966,-738.9768980135702,753.5477164087873,1493.19706410274,100.0,0.45408020073132543,0.4862331250999555,AP0190,4,False,0.5626299108162846,0.16924898756330217,0.162411235656616,0.5410183692323123,0.6355455632994989,0.8462980927095278,0.4518585903850305,-0.5626299108162846,-0.0643321964156775,-0.11133857039830733,0.06675714541911032,0.22898232696851495,-0.8462980927095278,0.3117888533895956,0.48128724995179606,0.3659394491897934,0.5274263702565971,0.0,67.47735364116184,0.688544424909815,0.6747735364116184,0.07747257609514883,0.24775388749323263,39.011745600000005,39.20554502178689,259.53462293396666,50087.45267180749,1119.6571244642348,0.4424681869683352,2026-06-23 01:25:00,15.04464044810435
10,-746.5456709815849,58.97005921578716,-125.99431530097172,193.8192910336847,755.0778988117729,60.0,0.41784436292023974,0.44166446907898005,AP0191,0,False,0.7501153117091817,0.32191940680898967,0.07528635905755829,0.06467894117478679,0.047894107584007785,0.32740069146190853,0.0584688123384111,-0.6082410470621183,-0.16563799872317939,0.05487214637588461,0.06467894117478679,-0.047894107584007785,0.32740069146190853,0.02503501474621639,0.23510909001926342,0.5360173592590857,0.1147457823233345,0.4,70.41753166784619,0.718546241508634,0.7041753166784619,0.16344195678198742,0.13238272653955063,39.011745600000005,39.21364956801094,259.53462293396666,52590.11106647529,1077.8927077988496,0.4312983744394003,2026-06-23 09:32:00,3.685470273844677
10,-920.3299199238713,332.74307049031796,-700.797003863666,662.6250612395211,1897.7403860582945,90.0,0.40198009353316355,0.46355307688057285,AP0192,2,False,0.8902286227041136,0.3385555955538185,0.9981911931846454,0.9988702597415345,0.8962558067608066,1.183487557311071,0.7991821071696137,-0.6275888531901014,-0.3385555955538185,0.9840200646264745,0.9988702597415345,0.8962558067608066,-0.6989169238514041,0.7991821071696137,0.8721101632036576,0.614392109128966,0.9751973848335342,0.1,71.22162920900416,0.726751318459226,0.7122162920900417,0.12458713682241547,0.1631965710875428,39.011745600000005,39.38320756487437,259.53462293396666,50072.94707913207,1096.118162552362,0.4353190275906991,2026-06-23 17:24:00,13.233194766674126
10,-647.336419586904,97.99971576698357,-203.53064693798376,243.21264439467623,786.0411441481095,90.0,0.4761429184279319,0.49977752826024135,AP0193,4,False,0.5173306601437958,0.17876110005891555,0.1725125352953616,0.05296782344852049,0.09752243032332987,0.7637589386334602,0.026173353482946166,-0.4303472789299383,-0.14725695309938788,0.08699569279479272,0.05296782344852049,-0.018386332807223918,0.04840312233513064,-0.007260444109248547,0.2584324059123328,0.3480458801013557,0.2225870162367237,0.1,64.57168749074502,0.658894770313725,0.6457168749074501,0.11834470277002282,0.23593842232252707,39.0117456,39.417697184223435,258.8236152628452,50251.51917206089,1131.4406948148378,0.44289852244535144,2026-06-24 01:31:00,4.839906303368016
10,-181.47455959177523,-111.3003514631094,-474.763492897128,54.7203891529598,1932.6007805117767,90.0,0.34555765706432084,0.4379484478343646,AP0194,2,False,0.5430070822467553,0.2166837598333645,0.5011481180612248,1.1520238410261427,1.2221507028210368,1.558780916921216,0.7908230669793561,-0.3577895816769768,-0.2071827341287891,0.4263743460900456,0.7985919861711132,0.9360904455128349,-1.538582220257679,0.09436027557369803,0.8549453554127281,0.3798454210400599,1.0449853291617952,0.1,64.90903076848403,0.662337048658,0.6490903076848402,0.18712496911168688,0.1637847232034729,39.0117456,39.401360883808536,258.8236152628452,50136.959000424635,1119.2185836493925,0.43885191405411056,2026-06-24 09:18:00,1.0914181921663086
10,-20.093151225653855,120.89618487278895,-608.3526374411508,306.0140857644692,1142.506316426457,70.0,0.367061466795081,0.4023461959582747,AP0195,2,False,0.40293732981105124,0.2260347910106902,0.11888266406611425,0.18719242787017917,0.14923791289668045,0.4129531505018932,0.07520033648040221,-0.40293732981105124,-0.2260347910106902,0.022385957188385944,0.01997114104357159,-0.09683753168881214,0.0522145326242591,-0.07520033648040221,0.22463408751957295,0.31448606041087074,0.18869329836305387,0.3,68.15233541971674,0.695431994078742,0.6815233541971674,0.148363721949806,0.17011292385302654,39.01174560000001,39.468461873221734,258.8236152628452,48579.53373764904,1138.0847106090405,0.4253634582182381,2026-06-24 17:20:00,6.299238840312477
10,-1423.443498052446,322.4294423207509,-38.35912043943313,518.9848331993988,1346.5889717545049,100.0,0.41676672460631137,0.4507198181443129,AP0196,1,False,0.7512931378561492,0.33817878583197114,0.12774125587653481,0.19775691653919722,0.18058532492648732,0.3855422684654087,0.054008095004388315,-0.7168292870556922,-0.2743577065296878,0.05296812130526267,-0.17230806235810817,-0.18058532492648732,0.026299198200831965,-0.054008095004388315,0.2907293977857338,0.5447359618440601,0.18912677216240328,0.0,60.43351411312338,0.616668511358402,0.6043351411312338,0.15899614977276352,0.2366687090960027,39.011745600000005,39.41324790033444,258.0312631481766,49792.41915818268,1147.601975964693,0.4401678519499633,2026-06-25 01:20:00,10.422968836895947
10,-258.19958615937776,175.31738862191474,142.68511012139732,166.07780178621465,503.0380225021195,60.0,0.3442255679674203,0.3608894484615889,AP0197,4,False,0.2961421598061554,0.05328030884059476,0.07103387453929307,0.16260753805150496,0.20373395653559545,0.5618285379717829,0.0711952901769802,-0.0625937870416201,0.01303979514676578,-0.07063995571747352,-0.13379137919421075,-0.16957486273630765,-0.5417446215359605,-0.052282380803282597,0.20283166656027238,0.17471123432337507,0.2140798394550313,0.4,69.1823778249205,0.705942630866536,0.6918237782492049,0.15571382264026143,0.15246239911053366,39.01174560000001,39.1012093230478,258.0312631481766,50383.1229347304,1076.757492229119,0.4667750713795508,2026-06-25 16:50:00,3.2962982862607126
10,-695.097814718275,286.22615107208156,-40.28628403631683,388.6747521963524,862.6481986782778,80.0,0.4809728625376012,0.5052838089865053,AP0198,4,False,0.6165788306912717,0.2102113483233643,0.007271682256086895,0.04436487037269961,0.07199393203228319,0.07845876300010018,0.03610240823200413,0.5792137431590105,0.1003470690393231,-0.0068924314562674805,0.014764652616163535,-0.025068183179272716,0.07845876300010018,0.03610240823200413,0.15214026212968715,0.413395089507318,0.047638331178634793,0.2,70.68889790530595,0.72131528474802,0.7068889790530596,0.11871705229583834,0.1743939686511021,39.01174560000001,39.531241872742,257.24987767998834,53179.33120533308,1061.9920058330317,0.4529270268216245,2026-06-26 01:35:00,7.308755928043229
10,-141.06765015254132,150.08556102678736,-382.1153652251445,283.0589651141611,779.7010763613874,100.0,0.5199845912918228,0.5441157518404248,AP0199,0,False,0.515866839996365,0.1473067009270969,0.09962185914892879,0.09267873711329276,0.03590897535824858,0.4726288220747348,0.07709203403256681,0.3439041329253274,0.10671842864397629,-0.05767619709145681,-0.025108374728370755,0.03590897535824858,-0.3063973829053116,-0.07709203403256681,0.2058719955216048,0.3315867704617309,0.15558608554555436,0.0,72.2733024603543,0.737482678166881,0.722733024603543,0.1621072484839208,0.11515972691253601,39.011745600000005,39.536002220257664,257.24987767998834,52940.70691150094,1043.0784761079483,0.4541152900896249,2026-06-26 09:40:00,5.346716763479197
10,-645.9236372457372,373.33587231680696,-342.83235552600235,560.1556518165535,1103.9550057953616,90.0,0.4125439533551196,0.4399190113919099,AP0200,1,False,0.5022719188183982,0.14917285710598308,0.09312409128779325,0.35437993582259286,0.3435068367579286,0.608266679039025,0.0716667909206021,0.15173949811858078,-0.011316875008620544,0.08896181932692204,-0.32893108164150275,-0.3435068367579286,-0.21533242086300491,-0.03464095293884985,0.30319844425033177,0.3257223879621906,0.29418886676558836,0.1,73.15059361113873,0.746434628685089,0.7315059361113874,0.13042928713783986,0.13806477675077275,39.01174560000001,39.56757647115617,257.24987767998834,52617.00767159624,1044.3180247998366,0.44893978712971333,2026-06-26 17:36:00,10.645904748379241
10,42.880523463312784,-32.557494028540745,-195.79728452734264,20.60722327943138,758.7492280642051,90.0,0.45217990233966265,0.4888712178380346,AP0201,0,False,0.6919925472779562,0.17814168111891515,0.07185242220985597,0.11109913049464874,0.08788081314902331,0.1921570623215587,0.05065300221350481,0.511716003444748,0.06741323819554627,-0.07185242220985597,-0.11109913049464874,-0.08200218447314388,-0.171544468442836,-0.03009413620999122,0.1976823798264947,0.4350671141984357,0.1027284860777183,0.1,67.09957322893993,0.684689522744285,0.6709957322893993,0.13646834315398637,0.19253592455661425,39.01174560000001,39.57208631823185,256.5786412295219,53394.786472655105,1027.133124852329,0.45453497051957664,2026-06-27 01:11:00,0.3859407376782917
10,-503.2162697063377,179.46984631960666,-552.5561925546192,410.6548191478163,1465.3253662943207,100.0,0.45299322892640365,0.5043882576761292,AP0202,0,False,0.5294723643645703,0.26378812652704225,0.2865007550924951,0.5842466712078725,0.3598632886834008,0.8005013654054012,0.354663637268815,0.23681335346104027,-0.03686138034041978,0.2584613824550353,0.5770248419036862,0.35463614034430013,-0.7469595534915145,0.2850101027315066,0.45414802979279967,0.3966302454458063,0.4771551435315969,0.0,67.12287371039088,0.684927282759091,0.6712287371039087,0.18202233415948726,0.146748928736604,38.71286826,39.47396400080004,256.5786412295219,51081.80838701683,1043.2208985166296,0.4547912874858491,2026-06-27 09:17:00,8.039159773603279
10,-57.763342854867915,205.36577327586326,-17.847029434509373,218.22911667734888,1050.0442131687419,90.0,0.48047568368004334,0.5221486339323276,AP0203,1,False,0.5681796484661509,0.10223365171410569,0.03464395091743033,0.19927653944251975,0.14059809084812627,0.47628396189809064,0.058656462486674346,0.5681796484661509,0.03300536100936489,0.00012637008197222133,-0.17015373345811444,-0.10643619513051336,-0.47628396189809064,-0.058656462486674346,0.22569604368187113,0.3352066500901283,0.18189180111856826,0.1,67.79923190734513,0.691828897013726,0.6779923190734513,0.1611722713223264,0.1608354096042224,38.71286826,39.472878809817026,256.3986292481625,53015.96651731545,1031.3249663286308,0.4580833924218894,2026-06-27 17:26:00,4.116290450086833
10,-439.1115556781101,-62.222982608026086,-796.2907879434791,233.74875601317194,915.5694247145914,90.0,0.4124390391599245,0.44426873031885544,AP0204,4,False,0.5185891885577941,0.1343500813083142,0.06382698427928969,0.08548259837013719,0.1594300885299597,0.3192060085713488,0.11159530320395145,-0.08701042791763151,-0.047109926754694574,-0.06382698427928969,-0.026353075381274398,-0.10658393006615834,-0.26703745168676213,0.08113917832643655,0.19892575040297072,0.32646963493305414,0.14790819659093737,0.1,60.863310290464845,0.621054186637396,0.6086331029046486,0.15733270509625108,0.2340341919991003,38.71286826,39.53977644750017,255.58857533204554,51382.399504997265,1051.3351378126683,0.45520507638161956,2026-06-28 01:44:00,4.549198913733844
10,-31.10282134137242,-21.695355182254957,-727.8747932914359,200.71044957955422,1226.747394922446,80.0,0.4119013106362005,0.4616837145385658,AP0205,2,False,0.569897153092418,0.12622844770077937,0.1921378689888128,0.4256850734981927,0.44235041117623797,0.7779422872745719,0.23542286535037216,0.17510552766932175,-0.07944083361955641,0.06357373632254505,0.3218226345353496,0.2917290303492206,-0.7779422872745719,0.23542286535037216,0.3956663010116264,0.34806280039659865,0.4147077012576375,0.2,64.1901037712104,0.655001058889902,0.641901037712104,0.20393106690098275,0.15416789538691336,38.71286826,39.634964846545564,255.58857533204554,49946.49211614003,1053.0646812075152,0.4409690653992094,2026-06-28 10:18:00,4.0185094303088285
10,-1186.2199926979588,768.1507470155834,-412.36280860117995,1046.068188646672,1412.8485268603433,90.0,0.41232806321318016,0.42944693856737776,AP0206,3,False,0.3551163118897102,0.20750736669877223,0.9108006034989258,0.45087116363889923,0.3387369905407948,2.035569869187298,0.8017434064926403,-0.09795419634911072,0.06154166871535793,0.8532132235852916,-0.027842382194936732,0.17516810847602332,-2.015319530136397,0.7209962680691443,0.7286208159924344,0.2813118392942412,0.9075444066717117,0.1,66.50803579954899,0.67865342652601,0.6650803579954899,0.1643792339254391,0.17054040807907106,38.71286826000001,39.51342003822104,255.5288725921513,52398.77447289754,1052.7482788628026,0.44591330949991587,2026-06-28 18:54:00,19.963600278241906
10,-554.0299712776746,-36.557951651065565,-568.7706903138194,206.09715170917795,607.387410838076,70.0,0.45134738552946485,0.46782637935289884,AP0207,3,False,0.8317198763445269,0.38979301497998536,0.03795563626683693,0.019502889525593814,0.016308356006352356,0.12175104586540408,0.033422573102884115,0.2676799638930009,0.17709881867898183,0.024143264556882017,-0.019502889525593814,0.011115714421275437,0.011312895800380363,0.033422573102884115,0.2072076274416548,0.6107564456622562,0.04578810015341426,0.3,70.64280982652163,0.720844998229813,0.7064280982652162,0.11254641922158169,0.18102548251320216,38.71286826,39.5462921198798,255.42439279733628,54038.04806837936,1062.9645257945226,0.44682570100467933,2026-06-29 02:56:00,3.8139266512436585
10,87.99856228370436,102.4870765322392,-221.14101823264076,157.38956890514987,781.6613438035511,90.0,0.49120163671321776,0.522600994128546,AP0208,0,False,1.0682463186267022,0.17367906407972802,0.07802075129943496,0.0893851792220195,0.02917592320273476,0.2780586776091677,0.051330470670761574,0.40215318266119,-0.09369408477947212,-0.07802075129943496,-0.028401932619644025,0.02917592320273476,-0.22451686569528098,0.020874345793246683,0.25255662638722126,0.6209626913532151,0.1051942004008237,0.1,74.68286740348356,0.762070075545751,0.7468286740348357,0.10555325328259098,0.14761807268257335,38.71286826000001,39.55052996474539,255.42439279733628,52012.00702490657,1038.2055967903036,0.4603488373266124,2026-06-29 10:54:00,3.02602375697177
10,-1260.5881190568916,308.6762852995297,302.16477378624705,381.90330864105147,965.9476688119975,100.0,0.4735825636862975,0.4969412039329705,AP0209,0,False,0.4482621774319931,0.2513578140107265,0.07094354155074319,0.2412445064649994,0.16608050129875807,0.5488162915840827,0.09348322975532855,0.2403086666748625,0.23080771964700775,0.036335228072426576,-0.21152495465906695,-0.13216247171098172,-0.5488162915840827,-0.09348322975532855,0.2600268660138045,0.3498099957213598,0.22411361413078237,0.0,72.55314338657644,0.740338197822209,0.7255314338657645,0.12621273655534337,0.14825582957889222,39.033449759999996,39.76057303527759,255.3577743563121,55071.09173661917,1023.7126791330309,0.4754140716753028,2026-06-29 18:47:00,6.934732844366462
10,-622.1126092189957,512.8468048647311,250.18796639410004,518.6650541449706,912.1280868280364,80.0,0.4366770822461552,0.4556377561240851,AP0210,2,False,0.4063382852001259,0.15124184247952913,0.058380823970097646,0.0862114071358824,0.06599198105395063,0.393639339475784,0.04671640613538541,0.03217466031371197,0.03612863112221815,-0.058380823970097646,0.018448304777686695,-0.06013854147513823,-0.17176053484998396,-0.026157540131871826,0.172645726492965,0.2787900638398275,0.13018799155422,0.2,68.15696169302298,0.695479200949214,0.6815696169302298,0.07575049811988552,0.24267988494988466,39.033449759999996,39.82423457367336,255.24119208451967,54061.31455653962,1023.274395041617,0.4853372899494867,2026-06-30 02:40:00,9.594014840362947
10,-1748.193431458199,520.3602686618057,211.0435611287047,684.3123464127601,997.3410497102326,70.0,0.3946023988997392,0.4054567902948377,AP0211,3,False,0.37844767005257834,0.13734665578980043,0.0433587611176732,0.010634243675509945,0.007717603889498531,0.19902247577098753,0.020558866003513587,-0.047137544447176986,-0.1098404740043532,0.015734017697763454,-0.010634243675509945,-0.0026676792806554065,-0.19902247577098753,0.020558866003513587,0.11386946804279449,0.25789716292118936,0.05625839009143656,0.3,75.41130626545628,0.769503125157717,0.7541130626545628,0.08793414616887052,0.1579527911765666,39.033449759999996,39.868457197525935,255.24119208451967,52275.316541010434,1030.7851786838844,0.48214619728572744,2026-06-30 10:51:00,13.090544289213652
10,636.8514759174186,449.42247865640417,-196.40348974131166,425.5528337095332,1942.0929022353168,100.0,0.41833104984132286,0.4916533939648784,AP0212,4,False,0.6219792775943049,0.29283929846251494,0.4797370784259316,0.5789289933996227,0.2968059314988938,1.2831329404209302,0.3024167383095132,0.452988459541299,-0.24043122162171873,0.18291976956063258,-0.368934923243218,-0.11472674380762785,-1.143301195301092,0.1287084437677368,0.5508343225873873,0.45740928802840997,0.5882043364109782,0.0,72.18348980959064,0.736566222546843,0.7218348980959064,0.14685270669942627,0.13131239520466736,39.033449759999996,39.796802187501754,254.32611336881698,53970.050712337455,1042.2685081989532,0.4696446532128339,2026-06-30 18:48:00,7.88498117183078
10,589.7058261536222,219.34608624462578,-197.94076382881246,202.06655799329863,759.2999984588216,60.0,0.3925973242158129,0.41754675511380046,AP0213,4,False,0.3205788230563004,0.22629808636161566,0.1040793931674491,0.0411421224620773,0.031937395588033775,0.23153852294015975,0.031944961234854796,0.2547406370683508,-0.22629808636161566,0.025674720877628072,-0.015961230716581613,-0.026016985977243143,-0.013304151247341217,-0.031944961234854796,0.14107418640149869,0.27343845470895806,0.08812847907851494,0.4,72.34329127523083,0.738196849747253,0.7234329127523083,0.07467336365079763,0.20189372359689411,38.53109184,39.06900207963541,252.7247256163372,52773.27220593005,1027.2840301603424,0.4398687130910055,2026-07-01 02:51:00,3.828956393016553
10,-45.7250822678202,48.062491368514145,-922.5589126322145,330.77442585299514,1022.6217959957451,80.0,0.3948099926955738,0.42874305991194117,AP0214,4,False,0.6859817621234882,0.13706327977008181,0.09465608137242883,0.09017803589152162,0.05740388477943825,0.349170898889378,0.09583887705027236,0.29994101289209024,-0.13706327977008181,0.002087295370253415,-0.0022323540453649676,0.05740388477943825,-0.16503195482661104,0.022652219615990687,0.21575611712522985,0.411522520946785,0.13744955559660782,0.2,76.068255281587,0.776206686546806,0.76068255281587,0.10938592427203367,0.1299315229120964,38.531091839999995,39.09614948114224,252.7247256163372,49542.97546961902,1045.0314668493388,0.4495223588158196,2026-07-01 11:26:00,6.676515140997823
10,-1289.192015261057,198.89522299860513,-240.48444581698016,438.63551872763657,1658.0542072425628,100.0,0.42350486719774905,0.48005903415514284,AP0215,2,False,0.5653027615939271,0.34468596016131275,0.2927747940889451,0.5085861863410266,0.5875821778780711,0.5997172575260379,0.2770285123270976,-0.08462944014124063,-0.20886597411584037,0.09505471747421956,-0.08899270597320191,0.0017738139938922454,-0.16048464943784857,0.09385282832938599,0.4536682357023455,0.4549943608776199,0.4531377856322357,0.0,69.51747159564997,0.709361955057653,0.6951747159564997,0.10154466311534817,0.2032806209281522,38.53109184,38.637702322997,252.48950110959268,49014.81302169834,1027.9160357243818,0.42794148513901364,2026-07-01 19:26:00,8.949039926633143
10,-488.90701595443943,98.62501372230076,-856.9577625975106,419.2702545756311,811.6937465128453,70.0,0.3524472092192843,0.37148682821280554,AP0216,0,False,0.31381361236455546,0.1130640649823424,0.21698099339139476,0.09054373768560228,0.19099779935331257,0.38934617513600644,0.08947742466307755,-0.1539116579605507,-0.1130640649823424,-0.06373776087985193,-0.09054373768560228,0.19099779935331257,-0.38934617513600644,0.012633483282837574,0.20060340108232738,0.21343883867344893,0.19546922604587874,0.3,74.64826729378122,0.761717013201849,0.7464826729378121,0.10268113622955632,0.15083619083263153,38.531091839999995,39.532596134444816,252.0778582227898,50776.139431084644,1006.6542343228273,0.4411796710766901,2026-07-02 03:36:00,8.257229857828815
10,-1023.6719466832865,496.6512157602788,346.05808140238355,525.911144408391,1636.3104777166955,70.0,0.3236203768846849,0.3791361780723287,AP0217,3,False,0.5692280745979211,0.22746526109022866,0.4502824481944809,0.5349500326055358,0.4143983365014786,1.2038383920485487,0.2646660048484659,-0.5692280745979211,-0.21972117129833046,0.4112514065428495,0.5349500326055358,0.36233160481126603,-1.2038383920485487,0.22671192467363452,0.5235469356980943,0.3983466678440749,0.5736270428397019,0.3,77.43659000960069,0.790169285812252,0.7743659000960069,0.07524445234779878,0.15038964755619427,38.53109184,39.56926912162721,252.0778582227898,49882.96468716553,993.2126449843712,0.44135063689105347,2026-07-02 11:40:00,10.542900721851112
9,-699.4306898669888,0.0,0.0,90.92598968270855,321.8442609531553,33.33333333333333,0.2102955558484215,0.22116786572239164,AP0220,0,False,0.4558521588556822,0.10778279396485893,0.0,0.0,0.0,0.0,0.0,-0.4558521588556822,-0.10778279396485893,0.0,0.0,0.0,0.0,0.0,0.08051927897436302,0.28181747641027055,0.0,0.6666666666666666,78.80569506549615,0.804139745566287,0.7880569506549615,0.06217299989993319,0.14977004944510527,38.531091839999995,39.15922347341347,252.0778582227898,51295.537810661495,1083.2373448787703,0.4456314440714362,2026-07-03 13:09:00,1.7725906299750323
9,25.669209698098257,217.88273177274473,103.29964042976513,183.5558423830624,479.52000756578434,77.77777777777779,0.41683829955284374,0.42983363204159436,AP0221,3,False,0.14076082282283897,0.06745948355685584,0.09271138738989805,0.21978909349253956,0.13979117339439076,0.5268108185650524,0.08734602591570259,-0.14076082282283897,-0.06745948355685584,-0.02039247242734225,-0.21978909349253956,-0.10386050508257828,-0.5268108185650524,-0.08734602591570259,0.18209554359103977,0.1041101531898474,0.21328969975151665,0.2222222222222222,68.34855929233406,0.697434278493205,0.6834855929233405,0.17131666671491047,0.14519774036174893,38.531091839999995,39.18700258131401,251.22329011469174,52116.91893101828,1000.4750643941104,0.4442980200026196,2026-07-03 21:08:00,3.522001034366903
10,-123.27738877510455,416.8434066237877,436.2263322155542,302.001567499885,1832.9295162081119,100.0,0.36346432077542445,0.4355424642950115,AP0222,1,False,0.535250216327282,0.11843515591103138,0.08651948578667623,0.6984906587825022,0.3838976521857468,0.8296373727670142,0.13455922248192312,-0.4841829398047703,-0.11843515591103138,0.07921143013758358,0.29631477550068763,0.13507817983818682,-0.6731305677263494,-0.07726709143238608,0.39811282346316795,0.3268426861191567,0.42662087840077245,0.0,59.15619740294824,0.603634667377023,0.5915619740294824,0.16198206272778165,0.24645596324273597,38.53109184,39.170162497385235,250.51115002461012,51219.743520326054,985.6405350372528,0.4470945803605679,2026-07-04 05:10:00,5.896194450486435
10,-556.0932364343503,136.3770131295841,-695.2252269878929,417.2367019624175,1207.8563053005887,100.0,0.4647792429642815,0.5009150790601069,AP0223,2,False,0.42104563143878265,0.2686026601108791,0.07227934109926665,0.20582036190830494,0.23364829310796412,0.7801195150247601,0.27723774134382434,-0.15958155131734847,-0.15906498599651428,-0.006851383213291425,-0.039000051428750446,-0.08109365097377391,-0.7599208183612234,-0.27723774134382434,0.3226790777191117,0.3448241457748309,0.313821050496824,0.0,68.96693629425373,0.703744247900548,0.6896693629425372,0.1568555305642134,0.1534751064932493,38.53109184,39.1792084444195,250.51115002461012,51662.69897218412,1001.1614728193197,0.4470279425469602,2026-07-04 13:17:00,8.076169272284115
10,-523.1916224284851,67.13021252291298,-884.0520203810879,400.3607295529424,1386.5618419896941,90.0,0.3975791638662412,0.4353266395269112,AP0224,4,False,0.5569281492384729,0.27995368474710003,0.3487704680628744,0.11524127209908873,0.2307555981899275,0.5202236011634693,0.26026629288043923,-0.5569281492384729,-0.17091470671175593,0.243710206304117,0.07287773230161067,0.14288023124584756,0.008616097720691267,0.2268324952882445,0.3303055809116246,0.41844091699278646,0.2950514464791598,0.1,65.65726134183335,0.669972054508504,0.6565726134183334,0.11759682647010407,0.22583056011156247,38.53109184,39.172468748025366,250.01720203019246,50587.02233420328,1020.0770964339689,0.4453407806727429,2026-07-04 21:02:00,7.914297206662183
10,330.60863500580035,229.88057759642413,-544.3565087900769,350.2084076826931,951.2845448787843,90.0,0.48555474805564575,0.5142064735553769,AP0225,4,False,0.32917201569477544,0.2730401009042724,0.14124627342996593,0.03918268261499562,0.13012157795030693,0.1253184655075714,0.04388323157268152,0.08625132931271996,-0.2730401009042724,0.010136502845691134,0.007171067581629772,-0.003097367060922382,-0.1253184655075714,-0.04388323157268152,0.15456633538208134,0.3011060582995239,0.09595044621510428,0.1,60.86118849974752,0.621032535711709,0.6086118849974752,0.20813072803700738,0.18325738696551735,38.30485779,39.088424636951935,249.60557870151106,49399.95879507248,996.870268759498,0.3882558165884255,2026-07-05 04:50:00,7.089244935111676
10,-836.2488372714065,95.33177835280469,270.27672401760594,122.96110999280577,986.2898806235023,80.0,0.3920981181779159,0.42342513687630967,AP0226,3,False,0.3317055809813581,0.17082174807939646,0.158345612574228,0.5501204820761091,0.4010727143338952,1.1036155479447147,0.30855317541397737,-0.04918570876003647,-0.08662965704090997,-0.158345612574228,-0.5501204820761091,-0.4010727143338952,-1.1036155479447147,-0.30855317541397737,0.432033551629097,0.2512636645303773,0.5043415064685849,0.2,67.43359127513693,0.688097870154459,0.6743359127513694,0.2003748364611712,0.1252892507874594,38.30485779,39.06366804997545,249.60557870151106,50433.88670996668,966.4449618460213,0.3990116264955906,2026-07-05 13:05:00,2.4380653170739337
10,-299.96296831812606,-64.24534274366827,-406.2481451258935,96.62428667545615,1075.1234727862175,80.0,0.44914991034735674,0.4952119571545387,AP0227,2,False,0.28517010389477754,0.2355421408558697,0.3945380985163344,0.14961277812294324,0.3051238891819023,1.0711326265410037,0.4870578132930471,0.2616922766908521,-0.17877548666056975,-0.3945380985163344,0.08999455758624904,0.3051238891819023,-1.0711326265410037,-0.4870578132930471,0.41831106434369686,0.26035612237532363,0.4814930411310462,0.2,72.65281995285044,0.741355305641331,0.7265281995285043,0.092675499221393,0.18079630125010265,38.30485779,39.093454645315035,249.60557870151106,49934.76258516331,973.1868078076101,0.40043929153061086,2026-07-05 20:46:00,1.9350104350784538
10,-97.32656385662176,100.50764132176215,281.97595550342976,28.567307972094042,293.26382077457583,70.0,0.4727230177633053,0.4823145313750558,AP0228,2,False,0.22087435823859228,0.15260154060910727,0.036406654270237565,0.00943548251774673,0.0051332258486584785,0.14343667349966854,0.010279433001756794,-0.06875759740789923,-0.15260154060910727,0.022611682642788462,-0.00943548251774673,-7.152489498998349e-05,-0.14343667349966854,0.010279433001756794,0.08259533828368111,0.18673794942384978,0.04093829382761362,0.3,67.57184117073118,0.689508583374808,0.6757184117073118,0.11930153423543352,0.20498005405725458,38.30485779,39.01394311060713,249.60557870151106,49491.506135511736,976.4187858148522,0.39682117224821717,2026-07-06 04:17:00,0.5772163791878641
10,-1182.542453109928,225.06298682283634,133.0671045946217,338.8733743487405,946.6417126589461,90.0,0.3868083741774476,0.4163304670083015,AP0229,0,False,0.5249876881133123,0.18492073224528482,0.06633341736335066,0.04377462200082844,0.09346006113045979,0.30333446960366117,0.06129065120570652,0.043085604909292675,-0.08188366341107099,0.06633341736335066,-0.014055070194896014,-0.05445854857949222,-0.30333446960366117,0.02687436787804236,0.18258594880894338,0.35495421017929857,0.11363864426080132,0.1,74.73219532607355,0.762573421694628,0.7473219532607356,0.11108090132152271,0.1415971454177418,38.30485779,39.056170698169595,249.60557870151106,50222.64750537063,941.8353366833037,0.3998335685422957,2026-07-06 12:06:00,6.747421555434778
10,-1173.921817901788,10.410834437584555,-1.2479309075802405,163.39505003709107,484.9505030347789,70.0,0.3734645332068826,0.3874461031158073,AP0230,0,False,0.2382440271294541,0.23464540866854308,0.04105089379862291,0.22072959712143939,0.18766321160239338,0.2656924541018638,0.07611939129758574,-0.12197507603906053,0.010697742257024245,-0.04105089379862291,-0.22072959712143939,-0.18766321160239338,-0.24507986022314177,0.0015369988810038232,0.18059214053141462,0.2364447178989986,0.15825110958438104,0.3,63.99737737146059,0.653034462974088,0.6399737737146058,0.19128138622922755,0.16874484005616658,38.30485779,39.50583416353703,249.4596866861012,51925.67490864809,956.3712217136698,0.3850329550734162,2026-07-06 19:26:00,3.146710183826191
10,225.92104913846788,106.96951177327179,-199.08206673131372,137.32439540466507,995.9079207698803,80.0,0.4566389207492847,0.5007809136001742,AP0231,1,False,0.40119478503519684,0.1474671548859852,0.12270090267762049,0.3425027321410982,0.3853769016471688,0.44710407967890664,0.20215756912433913,0.304686569779362,0.09606071176859625,0.06518655852407743,0.18509238890901597,0.16157806336210773,-0.03526261301266663,0.1687237715321444,0.29264344645575935,0.27433096996059103,0.29996843705382664,0.2,66.26445030543391,0.67616786025953,0.6626445030543391,0.1090036787398917,0.22835181820576922,38.30485779,39.48573344990381,249.20437565913397,52236.627570008684,987.454818394563,0.3918414251761873,2026-07-07 03:15:00,2.6288909103218785
10,-560.1096501971574,653.1655385162344,831.6395903789406,476.48791592818264,2021.3388610967013,100.0,0.36342892493390255,0.4434160550771732,AP0232,1,False,0.49142622144422177,0.17381125238353243,0.3707107749651353,1.2580572717391436,0.7644128906058009,1.2209500738536416,0.3977695008494421,0.18877727003233866,0.16136339226294963,0.24089325527463282,1.2580572717391436,0.31942747554606965,1.212772069385605,0.11685950831243536,0.6681625694058454,0.3326187369138771,0.8023801024026327,0.0,74.07367684909066,0.755853845398884,0.7407367684909066,0.0772789406482198,0.1819842908608737,38.48465125,39.226431049287605,249.20437565913397,53727.49355169835,975.2421728985275,0.394290966046792,2026-07-07 11:22:00,8.868604962367924
10,-463.05584234597745,342.0042018759342,-157.4845542445272,449.44682765426944,453.4954204021351,80.0,0.33960973263684824,0.340935472973216,AP0233,0,False,0.15875665514159365,0.08938186011247669,0.11340534721256154,0.016982638193837264,0.10271108478435681,0.3431296635764191,0.02699633179785415,0.033196515688382694,0.0345608302378348,0.08917020985097288,0.008987680072936993,-0.05008520910083461,0.17157061386828337,-0.006437465794340562,0.12162336868844273,0.12406925762703516,0.12064501311300577,0.2,66.72365286029398,0.680853600615245,0.6672365286029399,0.19045826033246782,0.14230521106459232,38.48465125,39.270612090356124,248.93691219562814,51369.67504372131,946.2341177276621,0.39678874419476207,2026-07-07 19:12:00,8.749263593194627
10,-663.8598656198265,199.5602735859147,-403.23817998018404,406.8335101105473,526.1698489799002,80.0,0.3538331256419737,0.35871822273348164,AP0234,2,False,0.33257652513584046,0.16255328581475906,0.1780047350727091,0.07500495638439515,0.039857465154699775,0.46133621315670703,0.031944961234854796,0.16841143480781473,0.16255328581475906,0.03104357816693796,-0.04423148468899327,-0.01744135251519621,-0.04156193004588794,-0.031944961234854796,0.1830397345648522,0.24756490547529975,0.1572296662006732,0.2,71.41973643193772,0.728772820734058,0.7141973643193773,0.11287352811471582,0.1729291075659069,38.48465125,39.22528433008564,248.4688511344928,51844.19883615714,950.3460910989,0.39313130967977167,2026-07-08 03:17:00,7.847233041371907
10,-1559.2794471104871,1079.0229567090764,475.38506141355737,1139.1137664093726,2164.252172881271,100.0,0.37254761360907235,0.41970186875754817,AP0235,2,False,0.2539630325482525,0.30377936224067525,0.26344576307758943,0.8028354344771367,0.35939826141452236,1.7665624720257855,0.17032020295349548,-0.01952791283952065,0.30377936224067525,0.04170039324485217,0.6549323001972471,0.12575175018135937,-0.35878565938890233,-0.17032020295349548,0.5600435041053511,0.27887119739446387,0.6725124267897059,0.0,63.84925183569626,0.651522977915268,0.6384925183569626,0.15941441160870498,0.20209307003433244,38.48465125,39.245690362232345,248.4688511344928,51791.46450299664,942.0000737060618,0.4025408569314692,2026-07-08 11:03:00,21.99423741615694
10,228.14366987292715,41.96454237327656,-796.0219820314276,251.1124598992243,1242.495630119499,80.0,0.2939594754513281,0.34184359212557236,AP0236,4,False,0.5827050999324951,0.32259459157063786,0.12681617917753255,0.2441573880963574,0.44415947060556543,0.9731445072893186,0.3453511375740498,0.5827050999324951,-0.0397741459975177,-0.009074857144227011,0.031301136011399264,0.2783333696020832,-0.9008920339689107,-0.27314632111004145,0.43413262489227955,0.45264984575156647,0.42672573654856477,0.2,61.84588944667188,0.631080504557876,0.6184588944667188,0.23002921124574904,0.1515118942875322,38.48465125,39.25615876441496,247.93152967934782,51689.13221214232,971.0669373834095,0.4003634005794389,2026-07-08 19:00:00,4.858128762321054
10,-411.64734284432234,209.88087698962633,-84.408098383133,288.7174610743282,1175.4156714763658,90.0,0.41521341198296113,0.4617028057030666,AP0237,1,False,0.44403490501954507,0.21092373666414063,0.24074214134719546,0.719020688009145,0.8550338405589313,0.7069526809734228,0.28533550637980076,0.34780067388196395,0.21092373666414063,0.1430863076601678,0.719020688009145,0.8550338405589313,-0.5053623957694178,0.20433809574894882,0.4945776427074544,0.32747932084184284,0.5614169714536991,0.1,68.59497324815254,0.699948706613801,0.6859497324815255,0.12150961409523191,0.19254065342324264,38.48465125,39.22342640031087,246.99121713284418,51906.63735172019,983.6860857766954,0.39893509849678094,2026-07-09 02:57:00,5.562245520124414
10,-2936.5518118952073,152.78083117236173,-782.8588194964425,769.3902125676715,1540.8165287532468,100.0,0.43344541617146926,0.46937850426627514,AP0238,4,False,0.7002246520426872,0.32822559110769356,0.13441693349666456,0.3349453916294283,0.35932580135311654,0.39593169546455015,0.05707760352093387,0.25750808444702,0.32822559110769356,0.04222411822388897,0.27525424789697056,0.2961071207531316,0.041558480990410214,-0.03651873751742028,0.3300210955164391,0.5142251215751904,0.2563394850929387,0.0,70.25934178842125,0.716932059065523,0.7025934178842125,0.12428188332288757,0.17312469879289985,38.48465125,39.23406975460127,246.99121713284418,52148.27912427819,962.4866513942198,0.3976872672136052,2026-07-09 10:57:00,14.753894576925235
10,-1958.5309887519716,172.11908047963166,-342.7523739281419,529.5538211958306,711.559693102631,100.0,0.4918890196073371,0.49942852892503253,AP0239,2,False,0.2554589315154258,0.43671856451413227,0.12847418109549114,0.07411403674693608,0.037105223785584465,0.45208125380517117,0.04222439423661159,-0.22878671870267117,0.43671856451413227,0.0013441943020826436,-0.0478241627933578,-0.025398344627959486,-0.1505591729126286,-0.021665528233098006,0.20373951224276468,0.34608874801477907,0.14679981793395888,0.0,71.00593098975824,0.724550316222023,0.7100593098975825,0.13983080572907083,0.15010988437334677,39.17214257,39.34849117455522,246.60538298232612,51617.35944876476,977.1472585726452,0.4023317272983252,2026-07-09 18:54:00,10.259219511634727
10,-1085.0372180945951,94.78412738354956,-33.79304981456204,245.97688068021554,636.8918459335814,70.0,0.3552218451280565,0.3747673112330101,AP0240,1,False,0.3087960304360734,0.32287901387261,0.20107161405127763,0.2546823473448538,0.20024268972970216,0.44133979059376466,0.30083553759600107,0.027170719038914715,0.265764966602574,0.20107161405127763,0.2546823473448538,0.20024268972970216,-0.44133979059376466,0.30083553759600107,0.2899781462320404,0.3158375221543417,0.2796343958631199,0.3,68.32434865776489,0.697187231201682,0.6832434865776488,0.1355188015050399,0.18123771191731117,39.17214257,39.29218209438566,245.5764919142781,52986.672721729425,962.6153763081617,0.3972971023062516,2026-07-10 02:44:00,4.642240549279523
10,-2911.768220733108,434.10922888069433,-257.99282721989925,890.0369457419682,1016.0181257459262,100.0,0.4020921021345606,0.40661272411004673,AP0241,3,False,0.20602551344009454,0.49459328744091846,0.08830862862523292,0.05487296241825439,0.06361896629588376,0.4525840699087481,0.1171128113926439,0.05664169481865033,0.33451228516053644,0.005598624989152975,-0.02521200853036569,-0.019035099039736568,-0.4525840699087481,-0.02894779230889502,0.21101660564596797,0.3503094004405065,0.1552994877281526,0.0,69.9958317414688,0.714243181035396,0.6999583174146882,0.1456008997300523,0.1544407828552596,39.17214257,39.35196501714412,245.5764919142781,51314.387899769,934.0986345868854,0.4031596141888148,2026-07-10 11:31:00,17.344783445150963
10,-1743.9283695329123,574.6639590248628,119.16227125419334,765.6259656878834,1301.8129530280537,100.0,0.4489976400909283,0.4717727174876181,AP0242,1,False,0.25523039120645424,0.5599744371318448,0.10236085401530934,0.1317247491196072,0.1884450618703002,0.20985698278931508,0.03857340794221547,-0.10595098856652212,0.5599744371318448,0.050169596603424765,-0.06670216088601512,-0.1263767659860301,-0.19094977429909388,-0.03857340794221547,0.21230941201072093,0.40760241416914955,0.13419221114734944,0.0,62.97845754987414,0.642637321937491,0.6297845754987415,0.1819634001962238,0.1882520243050348,39.17214257,39.326516176954826,245.5764919142781,53335.99781505051,952.7908649099411,0.4032483946962012,2026-07-10 19:20:00,14.354769706245879
10,-1476.4083376391632,236.32450450952652,-556.1876212975357,595.1138747918784,1192.51248333661,100.0,0.3919674551330248,0.4188360375921116,AP0243,2,False,0.4272079689837669,0.4788200017880507,0.3681114143387791,0.3500403039025673,0.34701553178878175,0.9438108633358689,0.3499192853592522,-0.05647104488181709,0.4788200017880507,0.34682681843832364,0.13998441843320975,0.09543095969350601,-0.8913441614725418,0.3499192853592522,0.46641790992815235,0.45301398538590876,0.4717794797450498,0.0,62.82293573323303,0.641050364624827,0.6282293573323303,0.1367384209606996,0.23503222170697013,39.17214257,39.33182135025806,245.5764919142781,53281.10714863722,979.8577511659748,0.4046014103194583,2026-07-11 03:12:00,11.169322610577542
10,-1533.6180871962797,298.5528064700128,-435.144031136002,628.4663671463297,639.41972126226,80.0,0.42438563607194213,0.4267227082426966,AP0244,2,False,0.18236782906559834,0.35182998203307925,0.1110284248039877,0.04430492647858879,0.03417850399617822,0.3871732471115499,0.04222439423661159,0.132156817402036,0.35182998203307925,0.01878995059358609,-0.018015052525010875,-0.02832506441736583,0.03077477833088369,-0.021665528233098003,0.16472961538937053,0.2670989055493388,0.12378189932538324,0.2,61.497176353087305,0.627522207684564,0.614971763530873,0.22434962476066334,0.16067861170846356,39.17214257,39.326800885774894,245.5764919142781,51327.928079825055,935.6757196721155,0.3978799516031827,2026-07-11 11:21:00,12.244140581107045
10,-1297.7237086385876,157.59210698685519,-226.08331732709405,394.1211843079998,718.7767189237218,90.0,0.47545730522147667,0.487635570493351,AP0245,0,False,0.25249349815191796,0.35643376184592773,0.08607616418805783,0.07400660207929598,0.08974929221062942,0.36476773466871437,0.03808216507448074,-0.21961164478463827,0.35643376184592773,0.07894405923846323,-0.018316732006589658,-0.0558312626228531,-0.04143692588358616,-0.03808216507448074,0.18022988831700343,0.30446362999892285,0.13053639164423564,0.1,66.88606669464507,0.682510884639235,0.6688606669464506,0.17614242284721848,0.15499691020633094,39.17214257,39.335044493676484,245.389269105166,52597.737464669226,962.3356633777369,0.39679454557698196,2026-07-11 19:15:00,7.493120489692879
10,-1635.2811620569323,1234.6695176045073,416.5027647307776,1322.3052392526752,1918.208117497666,100.0,0.3982633165589764,0.4221936292197731,AP0246,3,False,0.24042354592527151,0.46293535702588245,0.7568938816151988,0.5944770953140044,0.39538861597802843,2.0416098856278313,0.25391505680028803,-0.0012260918843545524,0.46293535702588245,0.7568938816151988,0.1334036158476793,0.25201021382224087,-1.9359929285666058,0.25391505680028803,0.6779490626123579,0.351679451475577,0.8084569070670702,0.0,70.87472132044162,0.7232,0.7087472132044162,0.09700191438333176,0.19425087241225206,39.17214257,39.32702698128779,245.06162918921964,52771.01450050855,972.670157687661,0.40447040367814135,2026-07-12 03:07:00,25.057415548452877
8,-1631.7565845989866,983.3514880388095,803.2181578489535,954.5143966819918,1019.6719392680995,100.0,0.4384965623304133,0.44379075904990617,AP0247,3,False,0.06685905546981492,0.551861934793361,0.6095979742436147,0.5393536628143712,0.6690182026197542,1.2847881994267416,0.5694214898889908,0.04426582463826561,0.551861934793361,0.4645204299984393,0.44719379303484164,0.555933181447776,-1.2847881994267416,0.45071786706984934,0.6129857884652354,0.309360495131588,0.7344359057986946,0.0,69.60973596776374,0.7103,0.6960973596776373,0.126383113129669,0.1775195271926936,39.17214257,39.303402618858094,245.06162918921964,52653.67890037095,973.3475731175755,0.400904290968408,2026-07-12 11:00:00,18.128161538115567
10,-1718.5813849219844,167.2642258925512,-321.5921545167572,487.15745228743634,1324.5900324324027,100.0,0.4510603796350442,0.48940123684702214,AP0248,0,False,0.39088773129611004,0.605199499209062,0.27942482177622713,0.42937555400704924,0.45615371018681306,0.578973415258412,0.1944971346322691,-0.2530416808792268,0.605199499209062,0.1306022780282198,0.09373273393262398,0.11620585741124567,-0.578973415258412,0.17638420602421445,0.41921598090942036,0.498043615252586,0.38768492717215414,0.0,73.32809217442095,0.7482,0.7332809217442094,0.13973211838049876,0.12698695987529185,39.17214257,39.27223722210919,244.82164704132208,54761.34181814739,986.3737255770084,0.39547151644084716,2026-07-12 18:33:00,8.896010143527874
10,-1306.5314774655976,315.20065649119954,218.0477096878069,419.6354356553852,1278.3275470946144,90.0,0.42160617489859353,0.46414250685926123,AP0249,4,False,0.3373486336540395,0.38468275020389137,0.45182799351241665,0.7712636731923102,0.74033925158126,0.8535196353707177,0.7144564871579417,-0.28098181748283896,0.38468275020389137,0.4447180474053266,0.6817467155131962,0.6516783996454292,-0.8535196353707177,0.7144564871579417,0.607634060667511,0.36101569192896543,0.7062814081629292,0.1,70.00483969279398,0.7143,0.7000483969279397,0.12237195234433813,0.1775796507277222,39.17214257,39.31114027350904,244.18169464692846,52965.31919529458,994.5222222692573,0.4030602871176077,2026-07-13 02:27:00,7.922834073898406
10,-1555.3856937995038,346.9305614200521,-19.454432847195847,554.9670314681464,1832.6338206933551,80.0,0.37891149211435476,0.4454254081252209,AP0250,1,False,0.30413368300569843,0.31007432731005524,0.5381202234380448,1.276909069748685,1.123564414998154,1.882331209480925,0.7988252314136799,-0.30413368300569843,0.31007432731005524,0.5381202234380448,1.21017138093022,1.123564414998154,-1.882331209480925,0.7988252314136799,0.8905654513421775,0.30710400515787684,1.1239500298158978,0.2,69.45453698126711,0.7087,0.6945453698126711,0.12694053651990866,0.1785140936674203,39.17214257,39.336664695522025,244.18169464692846,53169.2194188896,957.7796808345364,0.40085877016483595,2026-07-13 10:01:00,10.437750215888657
10,-768.3172613729048,134.374573286673,-467.5179728811987,374.51120912951023,727.0171173037891,80.0,0.48305582321495677,0.4955162496612829,AP0251,3,False,0.1846313169341656,0.1418398909158178,0.11790786471463935,0.06785297794503539,0.11004588776030994,0.2540800599318138,0.05281930702810148,-0.03764497717165687,0.035660674791446585,0.10371886161400679,0.06785297794503539,-0.06375889051746939,0.2540800599318138,0.01938550943590677,0.13273961503284049,0.1632356039249917,0.12054121947598,0.2,66.30108189543635,0.6796,0.6630108189543635,0.16176580329599974,0.17522337774963673,39.18207989999999,38.713321310396545,244.08743210001305,50842.13987802914,975.8621716559021,0.45371465126817795,2026-07-13 17:46:00,7.366157483299617
10,-1266.6953669345567,1067.1971758489246,324.98170476475394,1134.3730621209909,2153.4804055453083,90.0,0.3433259931599129,0.3950218697218814,AP0252,4,False,0.5122681434658062,0.24417503280853672,0.6184456029982268,1.1562736660382935,1.101413552281854,0.8361847209564596,0.6378778063469739,-0.4152115246619758,0.20300164598046966,0.5980948155362977,1.1562736660382935,1.0628989270517062,-0.6155667550938922,0.6378778063469739,0.7295197892708786,0.37822158813717144,0.8700390697243616,0.1,71.88580223164061,0.7334999999999999,0.718858022316406,0.11262031817602629,0.16852165950756778,39.18207989999999,38.70613333162262,243.14480663085888,51927.661418111486,996.2081067238461,0.4329586080701785,2026-07-14 01:43:00,21.84525609553718
10,-287.9779101914114,354.51579782780476,-418.7896729443356,517.589828035989,889.7151931498793,70.0,0.3317255040932743,0.35036024925230846,AP0253,0,False,0.059423191854313884,0.043526881934876784,0.46393477581911485,0.47360952024605,0.5043479315455368,0.2860108600376105,0.3296304809204554,-0.05530724996130117,0.022901510987054008,0.37488172541658665,0.41394283550850325,0.19090215378932587,0.011047722758706191,0.2991743560429405,0.30864052033685124,0.05147503689459533,0.41150671371375347,0.3,69.34247294264458,0.7076,0.6934247294264457,0.11324044727975158,0.19333482329380255,39.1820799,38.71578807288958,243.14480663085888,51379.030880624465,972.9424494014368,0.5945728435311235,2026-07-14 09:18:00,10.07395077650593
10,-1722.4283077808896,66.35737217725747,-652.9927109700147,486.17086547977755,877.4212533157029,100.0,0.4014539046680626,0.42022249697288566,AP0254,4,False,0.4745036931584348,0.3216846249594489,0.07841481970266581,0.1261472766717403,0.17364714429710462,0.1941122618954959,0.07493060332129892,-0.24772860072542904,0.022529724443521474,-0.0774012117295118,-0.06701775368287718,-0.12672139544409394,-0.03719473589529554,0.07493060332129892,0.20620577485802702,0.39809415905894185,0.12945042117766112,0.0,68.48296156193642,0.6988,0.6848296156193643,0.11152644284925878,0.20364394153137697,37.477880309756095,38.789987159634784,243.14480663085888,50437.99873503166,967.6049628540467,0.5170735120458916,2026-07-14 17:26:00,9.638980087885765
10,-1020.3556356011986,704.3828779577605,-341.9894730863932,939.6259525118342,2014.5005348307598,100.0,0.3832643857266478,0.431921686431763,AP0255,3,False,0.4091169591179746,0.22067450373003036,0.8657894172539955,1.2893465974523393,1.1899589060242848,1.2966439716038027,0.7924389984302711,-0.05480159106480881,0.009989273895575338,0.7049428257630351,1.2893465974523393,1.0578050506226209,-0.6493180462539136,0.6588255406058191,0.8662813362303855,0.31489573142400246,1.0868355781529384,0.0,69.36700634765852,0.7078,0.6936700634765851,0.11546121410682444,0.1908687224165904,37.477880309756095,38.77759280484488,242.3467117379504,50570.570603277134,991.4881554902952,0.51227638105538,2026-07-15 01:41:00,18.5804894289831
10,-755.8034905377622,73.1689621696808,-586.0896551149663,347.25031247407975,663.3832618046408,100.0,0.41566253837274225,0.42870308026225307,AP0256,3,False,0.2657093067844933,0.1137961652052561,0.1220052693194758,0.5637413852242396,0.6624618728609399,0.8729427734511572,0.34198086849877873,-0.1438316991726363,0.1137961652052561,0.09357138660158373,0.37945878412855244,0.48755386566188486,-0.8203419289851447,0.34198086849877873,0.4203768059063343,0.1897527359948747,0.5126264338709182,0.0,79.32291635988028,0.8094,0.7932291635988028,0.1054469538130436,0.10132388258815368,37.477880309756095,38.75061832049197,242.3467117379504,50143.40661413943,959.0203046590967,0.5146151938810172,2026-07-15 09:23:00,6.925144020353858
10,-334.1722204917928,366.1192616868026,96.30578171231173,380.66991583704214,1180.9415345810985,80.0,0.45186336417177586,0.4835811007137879,AP0257,2,False,0.5095332034544288,0.15526305955777617,0.056502024145087024,0.01997450209598891,0.12605722612534406,0.07468941432271245,0.0348267672686542,-0.054567263780074614,-0.12360902531953905,0.01572578734056328,-0.01997450209598891,-0.07365684491747593,-0.07468941432271245,-0.0348267672686542,0.1395494567099988,0.3323981315061025,0.06240998679155733,0.2,73.9634410435498,0.7547,0.7396344104354982,0.10258382851915773,0.1577817610453442,37.477880309756095,38.66566153751026,242.3467117379504,49292.52887242078,988.6650650152045,0.41251562579861706,2026-07-15 16:50:00,7.722669632598772
10,-468.0860804912104,271.85303091229116,-765.6807548934944,562.4084478441969,1686.880682670145,90.0,0.431445338653225,0.4851275865749133,AP0258,0,False,0.4082950739038928,0.19561626847161484,0.4014990426074926,0.680925922019237,0.6892655319378799,1.4378675921898492,0.6057752175274029,-0.23276876149828704,0.06288084661538305,0.2716849398718424,0.6662566257214002,0.6892655319378799,-1.3843257802759625,0.6057752175274029,0.6313206640939099,0.3019556711877538,0.7630666612563722,0.1,70.92088416461371,0.7237,0.7092088416461371,0.0898231974676692,0.20096796088619365,37.06179182389383,38.41446460705711,241.36952598433257,49965.445136226306,991.1193637115572,0.425826512558242,2026-07-16 01:04:00,11.255947911818673
10,-503.69910136677845,992.1601032343951,556.503463129525,890.6899474732188,2421.0890330694942,100.0,0.39290390212196025,0.46624889562847993,AP0259,0,False,0.4272057564897022,0.16818262006896303,0.6832111347629474,1.4894799575897846,1.2676067486275833,1.7321492516929484,0.9010202757895736,-0.0941274364679688,0.1331073152165028,0.6760790298133528,1.3971566235038988,1.17957158537335,-1.7321492516929484,0.9010202757895736,0.9526936778602147,0.29769418827933264,1.2146934736925674,0.0,71.72500942362744,0.7319,0.7172500942362745,0.0988531602774794,0.18389674548624615,37.06179182389382,38.46550253269536,241.36952598433257,50338.84434647523,968.8636553340126,0.4202743195837217,2026-07-16 08:48:00,17.693889461242385
10,-851.0795983288294,402.1460096478164,-110.31689890679286,545.8814271026022,1061.5554184004177,100.0,0.4619242662787751,0.48606066690585187,AP0260,4,False,0.5256474148885096,0.24571881402388387,0.32225346068121974,0.5202542175053585,0.4902187952528838,0.662522483479963,0.260668791309036,-0.10113257844946542,0.18766290191829485,0.3084653176982652,0.5132519120254987,0.48495449621817555,0.2260034476512945,0.1910152567717276,0.4324691395915506,0.38568311445619674,0.45118354964569213,0.0,72.66460557446115,0.7445,0.7266460557446115,0.08760354422781833,0.1857504000275702,37.06179182389382,38.45234222412442,241.36952598433257,50138.291399413145,993.2178152101235,0.4254478685539422,2026-07-16 16:59:00,10.887515546829974
9,-241.1908812070028,853.9928720894342,290.7053622417045,798.1360779738332,1133.6664738037,100.0,0.4090484285595888,0.4272265030728358,AP0262,0,False,0.24423041359693962,0.0889614764783331,0.32649641924891626,0.7802421389050345,0.6726775907127752,0.26492881801093005,0.515459768891682,-0.13938024012082964,0.02120694621538574,0.2984570466114566,0.7616005520781702,0.6674504423736743,-0.21138700609704464,0.515459768891682,0.4132852322635158,0.16659594503763636,0.5119609471538675,0.0,71.03711399943658,0.727,0.7103711399943659,0.1351441507257539,0.1544847092798804,37.06179182389383,38.46050676427492,241.02988875880786,50491.82494986158,968.6393383398187,0.42577435694152843,2026-07-17 08:59:00,15.807233720832688
9,-1195.1963815073304,160.188489134946,-564.1593520117915,484.81182433443644,723.218102297837,77.77777777777779,0.33863326563696394,0.34564144615567255,AP0263,4,False,0.3419377245536935,0.29588748008601845,0.02191393456637486,0.2190391370508522,0.04901647440211148,0.6720092089147339,0.11711001336800521,-0.02423899002929396,0.18837492793285357,-0.017048641475397884,-0.10506519801307057,-0.04901647440211148,-0.6720092089147339,0.11711001336800521,0.24527342470596994,0.31891260231985596,0.21581775366041556,0.2222222222222222,72.47939123224289,0.7395999999999999,0.724793912322429,0.08134188072413816,0.19386420695343298,37.06179182389382,38.45088590801856,241.02988875880786,51290.41596684282,1003.3280641951199,0.4278924106775592,2026-07-17 16:42:00,9.452288798902464
10,-1270.2029064036615,65.91579079159109,65.13107821433931,211.50284515976531,768.221149442037,50.0,0.267809076487845,0.28769612217552404,AP0264,0,False,0.4172814992875566,0.054949327975496814,0.028194081730151643,0.15302356033165793,0.0843822937188513,0.34500181996915796,0.017912449497938923,-0.2883430850618669,0.0125422533277413,-0.028194081730151643,-0.035476513116439935,-0.0843822937188513,-0.34500181996915796,0.017912449497938923,0.15724929035868732,0.23611541363152672,0.12570284104955157,0.5,53.46631279930443,0.5456,0.5346631279930444,0.2265148952334444,0.23882197677351114,37.06179182389382,38.4564981355069,240.49054857968625,50423.85239880312,1008.4289235311844,0.41777873667620735,2026-07-18 01:18:00,4.194499926086282
10,-1309.047548484058,331.9148606908902,369.238206065942,391.31958017403514,735.967308898601,70.0,0.32229134081058675,0.3392451825273316,AP0265,2,False,0.27920627594000663,0.09911378553110421,0.04940714631280439,0.1289175208276071,0.18887954763109518,0.2458116969060698,0.06958884471390511,-0.18026855482823634,0.07144049269168565,0.04940714631280439,0.08654546105580926,-0.18887954763109518,0.0989409797503853,0.06958884471390511,0.15156068826608463,0.18916003073555543,0.1365209512782963,0.3,67.57812021336437,0.6896,0.6757812021336438,0.16611905538568827,0.15809974248066794,38.83230500000002,38.59847034788184,240.49054857968625,50700.39308878981,985.4646315796402,0.4555846806724017,2026-07-18 09:42:00,7.718275073109019
10,-597.6939641959875,533.9297655731223,383.1506994152476,496.68477109402636,733.4243214743522,80.0,0.42298714955005445,0.43380031274376324,AP0266,2,False,0.23603499770484457,0.06962167749952249,0.3345531818177875,0.22214159346345588,0.2955772101586256,0.7477884344142519,0.3306717419746586,-0.10938190320172102,0.007569173267170173,0.30859367226092127,0.20597238689486755,0.2575981225755509,-0.7477884344142519,0.3306717419746586,0.3194841195761638,0.15282833760218353,0.38614643236575585,0.2,68.82276426817565,0.7126,0.6882276426817565,0.14832799047207237,0.16344436684617106,38.83230500000002,38.5522680792317,240.33133288383414,51138.60109531132,995.9726926464936,0.44961817854298947,2026-07-18 17:39:00,9.712521665743516
10,-447.38219184329364,602.9168431804746,772.6080836394435,429.2941030282698,1109.1076505770907,90.0,0.4225567278940188,0.45933533979906266,AP0267,4,False,0.3192300771031955,0.1912051157807552,0.33442532502667444,0.5768437094070308,0.5735854023264739,0.2628411974173278,0.20399290610544457,0.0609953524735457,-0.007290141962243313,0.33442532502667444,0.5362590245191786,0.1783269171430743,-0.2628411974173278,0.1695766227777804,0.351731961880986,0.25521759644197534,0.3903377080565903,0.1,69.14646235431212,0.7056,0.6914646235431213,0.11014032055710062,0.19839505589977816,38.83230500000002,38.578352174307696,238.73917592531282,51826.26644666216,999.1251072024279,0.45093078784606,2026-07-19 01:57:00,8.283330682716356
10,-734.3763566119997,362.46154344347053,-310.1941200577091,550.9887058203433,1271.1398483773091,60.0,0.21981500582945626,0.25479631513315704,AP0268,0,False,0.14726233969189784,0.11625482165734376,0.3615337997089665,0.9435223043285186,0.9672750303087072,1.0244457939944804,0.7399331670132934,0.14697693328118233,0.11625482165734376,0.34732554215075995,0.7266203240587431,0.819356420598755,-0.9709039820805926,0.1982226883025489,0.6143181795290297,0.1317585806746208,0.8073420190707932,0.4,71.34160466303699,0.7306,0.71341604663037,0.13887682863795398,0.1477071247316762,38.83230500000002,38.573673715917586,238.73917592531282,51286.801470113,957.4616209923386,0.47080932492081945,2026-07-19 10:13:00,10.743284627360275
10,-2624.4313708982722,323.45427670526874,-1013.8092458111611,968.7731286653925,1221.4711515815968,100.0,0.40289136318737695,0.41451763523927515,AP0269,4,False,0.575175051961883,0.25461383159442735,0.3905769432477334,0.5194226702290179,0.4724784804067854,1.192778839532707,0.5999086760670462,-0.1289326993044676,0.25461383159442735,0.2918214834959832,0.33645968232005585,0.33793049154120014,-0.9721608736701384,0.5694525511895313,0.5721363561485143,0.41489444177815515,0.6350331218966581,0.0,78.01092143730281,0.7959999999999999,0.7801092143730283,0.09800638584921147,0.12188439977776033,38.83230500000002,38.557483775723284,238.21069733765026,51366.19951505498,1004.0144681120277,0.456456502428433,2026-07-19 20:02:00,18.860128602301085
10,-2253.4046687625873,951.0498684142436,91.88948530995219,1216.4256297603945,2195.60869869378,100.0,0.393593406995775,0.4426955586772789,AP0270,3,False,0.2564001222596099,0.25862057220325274,0.507927851101122,1.3194225137859323,0.9784844907710418,0.5004103899179282,0.24397381866080436,0.015688505048348556,0.178150957842405,0.4398493180469418,0.9919462907673395,0.8339485867552731,-0.39445778163325,0.2115792118654184,0.5807485369570988,0.2575103472314313,0.7100438128473658,0.0,70.51296568641997,0.7195,0.7051296568641998,0.10693425890966343,0.18793608422613675,38.83230500000002,38.57990315032349,237.28585980924083,51272.28231198784,986.208972384166,0.4570860136277835,2026-07-20 03:35:00,23.724819237781137
10,-1299.4050701213255,396.71451924041304,-295.8788101577554,654.4008214035119,1461.3848074504936,100.0,0.4006686728839147,0.44306327907808063,AP0271,3,False,0.3600069514349797,0.1012285797639056,0.5488233625579191,1.1282758731091724,1.0711345278513884,1.2003862720936709,0.566640551088861,0.18611719697125287,0.08178670763072875,0.4244324366255627,0.9679568113201504,0.907565645786617,-1.1275350885767572,0.4534988058699791,0.7109280168428426,0.23061776559944264,0.9030521173402024,0.0,70.96996782883302,0.7242000000000001,0.7096996782883302,0.10743125451233182,0.1828690671993378,38.83230500000002,38.58232305569744,237.28585980924083,50412.42508720921,958.777566821661,0.4518979321251854,2026-07-20 12:01:00,12.980943096299258
10,-325.37529973849496,69.09034185780084,146.92955973877395,67.310262902173,564.0803489318037,70.0,0.317215949945425,0.3405578410968094,AP0272,1,False,0.28963621372775294,0.03798025272003195,0.05461195594475973,0.14872591093969031,0.1571108999175439,0.31269998965394324,0.09095411099228835,0.04406769767207743,0.001419014461099058,0.04044094818664738,0.14872591093969031,-0.07601940623674201,0.059121506115497865,0.048223578435521566,0.15595990484228722,0.16380823322389246,0.15282057348964512,0.3,77.80132442548198,0.7896,0.7780132442548198,0.07390367046179608,0.14808308528338418,38.83230500000002,38.54221450142077,237.13367454108703,52252.97191732077,959.7250414007141,0.4558934735427476,2026-07-20 19:41:00,1.288161427615585
8,-1363.7558353066556,26.063974688856717,-339.3944037420362,305.1705544013328,402.8326930242472,87.5,0.3970165721528961,0.403029180030551,AP0273,2,False,0.33080850498628345,0.14214331754045686,0.028342257116341873,0.1234672482629975,0.09278987558597085,0.10493340372665558,0.07220481646400839,0.05746567300826211,0.14214331754045686,-0.028342257116341873,0.1234672482629975,0.09278987558597085,0.10493340372665558,0.07220481646400839,0.12781277481181635,0.23647591126337014,0.08434752023119484,0.125,75.9598022555646,0.7751,0.759598022555646,0.07407617373349744,0.16632580371085667,38.83230500000002,38.59499586333789,236.86735032181778,49205.19383331343,955.8613071180225,0.45660119136070326,2026-07-21 03:43:00,6.201998826284939
10,-887.0796126652936,172.6676066036523,-553.9283399943788,454.1664582484541,537.4567466262313,70.0,0.35567535583386584,0.3581671875550604,AP0274,2,False,0.26759022026455787,0.10520847140087526,0.08967296211777831,0.09966600402032683,0.06617289054773172,0.4105034686913497,0.10427597090955261,0.26759022026455787,0.10520847140087526,0.004115992192541072,-0.06958076351965806,-0.021485054413802992,-0.4105034686913497,0.061545438352785836,0.16329856970745318,0.18639934583271656,0.15405825925734784,0.3,76.97081956263347,0.7854000000000001,0.7697081956263346,0.05494543724672528,0.17534636712694,38.83230500000002,38.57066393789969,236.86735032181778,51231.32275685635,950.6701995883656,0.4501788200182674,2026-07-21 11:44:00,8.865015264273504
10,-1420.7421077499744,60.456927351854915,-59.22445373839872,262.9207374808712,759.0300270752625,100.0,0.4456669289467138,0.4665774638579001,AP0275,4,False,0.35680478814240363,0.18054964952386277,0.3249593326851524,0.3209773929289095,0.3343293934544873,1.1407289208119742,0.26243738206390654,-0.35680478814240363,0.17122218177525247,0.3249593326851524,0.3054902498207639,0.2763750118892103,-0.7700240874925796,0.19637588791615568,0.41725526565867094,0.2686772188331332,0.476686484388886,0.0,73.19433305117263,0.7511,0.7319433305117263,0.08916980958011779,0.17888685990815578,38.83230500000002,38.552309578864666,236.86735032181778,51321.64151684811,1003.4799420523219,0.4534183116752213,2026-07-21 20:05:00,5.122999376287649
10,-631.5867736333307,166.66579381337652,352.09385943746156,143.14391655447105,714.0161597080827,90.0,0.4564267039944382,0.4811626258551711,AP0276,2,False,0.3321768738983951,0.16404135605838358,0.15709517641929238,0.41752742080629524,0.43618244846058346,0.8729937877736524,0.051618898667473156,0.19618481278529998,0.1590244071493825,0.1433002047918434,0.41482566233938944,0.43097769771693545,-0.8729937877736524,-0.03106003266395957,0.3473765660120108,0.24810911497838933,0.38708354642545933,0.1,62.29031032890669,0.6356,0.622903103289067,0.14634638675740536,0.23075050995352764,38.83230500000002,38.55939668540372,236.86735032181778,51425.838592150634,1017.6493446512033,0.4527708779016361,2026-07-22 03:18:00,2.7835018440772643
10,-3080.0627232092384,286.8611401212719,341.90258408460693,584.6985189130908,963.5289428567297,90.0,0.4731963276724419,0.4900894342916544,AP0277,3,False,0.5601413708420592,0.31234346074540836,0.08299954019115188,0.10935497837896525,0.13668349777312108,0.4238323238021411,0.05715147052003813,-0.31495159355927477,0.23339276349140825,-0.023906761375715083,-0.10935497837896525,0.014857658534636269,-0.4238323238021411,-0.017430921896543786,0.24035809175041217,0.4362424157937338,0.1620043621330835,0.1,67.9528997550545,0.7143,0.6795289975505451,0.10290921827770709,0.21756178417174796,37.56804095731708,38.815040363799326,236.86735032181778,51009.13612286161,1022.7894189766583,0.3957770561989594,2026-07-22 11:08:00,11.462623430923717
10,-668.2270246743333,915.4742206331214,435.8247412806212,871.5963114565983,3206.370571548333,100.0,0.38021389639588177,0.4975644299871352,AP0278,1,False,0.31688014501674505,0.22823362868755495,0.9157648938213058,1.1568395716368982,1.0617231397147988,3.509739142692223,0.8431621134462977,-0.31688014501674505,0.11149861171243423,0.9157648938213058,1.1568395716368982,0.927734597084832,3.1590834468555604,0.639215611175603,1.1474775192879747,0.27255688685215,1.4974457722623047,0.0,70.35018539508107,0.7177,0.7035018539508108,0.1256587509432148,0.17083939510597437,37.56804095731708,38.84532397495946,236.59822311221043,51495.887538318086,1035.1154157013834,0.4010460738338079,2026-07-22 19:05:00,16.925551789121872
10,-1468.9027275937942,185.23012089814875,120.23471508496505,340.1170609598525,556.3022408920401,100.0,0.4592813835653896,0.46476561791672044,AP0279,3,False,0.5454647414248226,0.19658136730549466,0.05232734238933666,0.1618550128880262,0.08950129114885033,0.425481578281403,0.07339360444029508,0.06417518260712393,0.10188582681023833,-0.02917940935592798,-0.10099200670212004,-0.03232454808963388,-0.3728807338153892,-0.0011887879762868328,0.22065784826831836,0.37102305436515864,0.16051176582958224,0.0,75.7052157590071,0.7725,0.7570521575900709,0.0902408276032004,0.15270701480672863,37.56804095731708,38.808695843591096,236.12725049539756,52606.50789058749,1049.0636882559381,0.38783169920442473,2026-07-23 03:28:00,6.465303906262655
10,-157.5723613078676,402.2137742851744,-288.97696211237144,509.3912698889086,772.7373139478138,80.0,0.47865355379247543,0.4902389689989749,AP0280,4,False,0.35542872328687425,0.05125680147601616,0.03829512069297479,0.031514281052589035,0.053556291878663065,0.2740069832992924,0.020558866003513587,-0.07932232845324576,-0.0010508856148002262,-0.03829512069297479,-0.031514281052589035,-0.04763588226787244,-0.1898967714614827,0.020558866003513587,0.11780243824141763,0.20334276238144522,0.08358630858540658,0.2,73.06284499483672,0.7454999999999999,0.7306284499483672,0.1067874301115666,0.1625841199400663,37.56804095731708,38.83624331968345,236.12725049539756,50473.45154204504,1059.7560869757347,0.3943192398467837,2026-07-23 11:34:00,10.092261462733118
10,-779.1742630067647,420.7527602364064,57.720169749861554,504.7293635023273,1434.095781769305,100.0,0.4248110102125283,0.46738703385747327,AP0281,0,False,0.27827901189169263,0.1557676695098589,0.31406087308494923,0.5658698866286023,0.5690512739213517,1.162812104475834,0.591650948303625,-0.12517359211517728,-0.1410374183060119,0.29985261552674247,0.5498972181613089,0.5690512739213517,-1.1092702925619462,0.591650948303625,0.5196416811165591,0.21702334070077578,0.6406890172828724,0.0,70.38141621480578,0.7182,0.7038141621480577,0.12065534366353534,0.17553049418840705,37.56804095731708,39.008022573669905,235.6369439206546,51378.81160212995,1055.5191796402307,0.392347129924027,2026-07-23 19:26:00,9.823686997879166
10,-974.4015124528146,227.5675383048636,-88.53469953387139,380.8001447838909,497.2372823778853,80.0,0.46259513852917095,0.462553692956472,AP0282,0,False,0.6428597485720667,0.23396236066613482,0.02817016050896722,0.07250385759605482,0.02697380512461701,0.1259929357050337,0.03842197069011999,-0.4992767529360998,0.17382053592742533,-0.022097142611343917,-0.07250385759605482,0.02697380512461701,-0.1259929357050337,-0.03842197069011999,0.1669835484089992,0.4384110546191008,0.05841254592495855,0.2,72.87851883731952,0.7484000000000001,0.7287851883731952,0.08792750817596644,0.1832873034508385,37.56804095731708,39.04384779114471,234.77890741485442,51104.41675999947,1035.5717127821883,0.3919250435088676,2026-07-24 02:45:00,7.451413574921208
10,-1284.8355383542898,538.3690137679255,-180.8066624101366,759.6396324770242,1838.9425091404726,90.0,0.4546018389318885,0.5070472277947414,AP0283,3,False,0.36352321848070906,0.3032667960800887,0.4857347582625807,0.6176015812574557,0.5451875098275398,1.4205632052889212,0.3258428702915467,0.06694379538275504,0.2888238226119091,0.42814737834894634,0.45728251946843435,0.3816186277627682,-1.4003128662380206,0.24509573186805064,0.5802457056412632,0.3333950072803989,0.6789859849856088,0.1,77.76061938841988,0.7935,0.7776061938841988,0.08512069424899815,0.137273111866803,37.56804095731708,38.981146729428374,234.77890741485442,49290.941437576636,1027.294784889739,0.3886384582649111,2026-07-24 10:34:00,15.411343551614898
10,-1586.7060487769922,448.4299857518943,598.8190600338903,475.0560540827362,1894.0732897195771,90.0,0.3696813447551014,0.44001969499611143,AP0284,3,False,0.39017089758008255,0.3831272575334231,0.8294041746664818,1.340524227565667,1.1830848652431551,1.568236739523765,0.7784569023260695,0.17456196918252206,0.2374060096304015,0.6980640160711102,1.3121180712220701,1.051679291732882,-1.568236739523765,0.7603439737180148,0.9247150092055206,0.3866490775567528,1.1399413818650275,0.1,70.29644267528795,0.7173,0.7029644267528795,0.12458971145138201,0.17244586179573854,37.58331439325203,39.01634314662494,234.77890741485442,52222.31603196757,1056.1027169473102,0.3982694539825064,2026-07-24 18:13:00,9.096801715801604
10,-861.1777361263394,273.14032276733514,108.02862409379645,352.68484123562035,868.7515470747168,90.0,0.4557250331623308,0.47757637005068876,AP0285,2,False,0.6062137560001789,0.35547657445833303,0.08534098839667707,0.06096909977014711,0.008455814950636596,0.3013202133588996,0.04073555787927168,-0.2716292344565816,0.058721316070601715,-0.08534098839667707,-0.06096909977014711,0.0032510642069883866,-0.3013202133588996,-0.020176691875758095,0.20835885783059196,0.48084516522925597,0.0993643348711264,0.1,63.57863443281581,0.6487999999999999,0.6357863443281581,0.10776980393448413,0.2564438517373578,37.58331439325203,39.01336188107286,234.77890741485442,50803.94885484259,1059.936995285061,0.3920567909067204,2026-07-25 01:42:00,6.942075354089385
10,-1098.9602099789322,81.75157675713535,175.85373608689912,171.8602832283268,861.6390261149495,80.0,0.449251705006618,0.48099488421134795,AP0286,1,False,0.4232072512140603,0.36859831423945694,0.24942057483419855,0.2711566281595976,0.12040573130005763,0.8073910910560229,0.4894127456725568,-0.31635610386709045,0.15451251805994531,-0.21088970767099036,-0.2711566281595976,-0.12040573130005763,-0.8073910910560229,-0.4894127456725568,0.38994176235370726,0.3959027827267586,0.38755735420448667,0.2,70.38819543578892,0.7182,0.7038819543578893,0.11149784887289188,0.18462019676921881,37.583314393252024,38.98966969180033,234.77890741485442,51528.86550317553,1026.8167860047993,0.38839269138176097,2026-07-25 09:25:00,3.335223501432138
10,-1130.6196870205995,24.127270022873745,-118.30084806151677,206.59808375400672,677.2096744382509,80.0,0.477633673497403,0.4969926273344349,AP0287,4,False,0.4572971444977023,0.35022940476366077,0.047260348329157806,0.15575289890629868,0.16582610100348188,0.02008391643582212,0.04037356921174801,0.24066898199378464,0.35022940476366077,-0.047260348329157806,-0.15575289890629868,-0.16582610100348188,0.02008391643582212,-0.04037356921174801,0.17668905473541022,0.4037632746306815,0.0858593667773017,0.2,72.06487715702391,0.7354,0.7206487715702391,0.10307295844998013,0.17627826997978074,37.58331439325203,39.01513458858448,234.77890741485442,50767.0009351689,1062.7464304186599,0.3924994752656367,2026-07-25 17:11:00,4.069534933092446
10,-1296.604482591199,272.8342501823548,-648.9569885220786,636.0799294758343,1232.8724833123065,100.0,0.43903245326821666,0.4619129935054135,AP0288,4,False,0.6861084766241289,0.41377742765305814,0.07986161724395718,0.12536437025639088,0.13821628195340524,0.2693355212210289,0.10822037170894928,0.062296326929421164,0.41377742765305814,0.04844710933331677,-0.0662348472675281,0.014709269694220282,-0.21716696433644225,-0.03601555524494103,0.2601262952372741,0.5499429521385935,0.1441996324767463,0.0,58.82168770737069,0.6018,0.5882168770737068,0.11886862229989306,0.2929145006264001,37.58331439325204,39.013787079549495,234.05627440507817,50531.27887156356,1068.2167110001335,0.3914559862575616,2026-07-26 00:40:00,12.58784546285821
10,-1498.7271194488903,209.5629570047692,-44.21141699804511,417.6609076325385,874.8416958492971,90.0,0.4586119283211899,0.4740587535396218,AP0289,3,False,0.5564587435592369,0.35983205068661306,0.017373591614269657,0.048734306338141506,0.04891964338484064,0.17417497246406577,0.020558866003513587,-0.5564587435592369,0.28854030456230256,-0.017373591614269657,-0.048734306338141506,-0.04891964338484064,-0.17417497246406577,0.020558866003513587,0.17515031057866873,0.45814539712292496,0.06195227596096623,0.1,72.30923460674595,0.7378,0.7230923460674594,0.12429026868751193,0.15261738524502863,37.583314393252024,39.04013335356378,234.05627440507817,50762.508487650804,1053.425678561743,0.3928259012784469,2026-07-26 08:38:00,8.227743665074088
10,-360.0003024851194,163.57619974012192,123.1921249243114,173.418601585894,363.0508997414662,50.0,0.48516177687105566,0.49467101031423366,AP0290,2,False,0.20092875197429683,0.10478345799379951,0.08059371783063125,0.042954047245135886,0.03157612862435419,0.33300812052397794,0.031944961234854796,-0.11723651367587569,0.08760854494228991,0.0021502152476786246,-0.016664173291558323,-0.0257226890455418,0.08676616258684243,-0.031944961234854796,0.11796988363243578,0.15285610498404817,0.10401539509179081,0.5,68.93395887031836,0.7034,0.6893395887031837,0.14084607928638723,0.16981433201042903,37.58331439325203,39.008328589685576,234.05627440507817,49732.987360292354,1042.0010918320481,0.3863441368384673,2026-07-26 16:14:00,3.486993458276635
10,-507.174312883134,357.2457073799027,196.05036344118696,364.36325902235404,1102.2728553068866,90.0,0.49383561358779116,0.5289632493731358,AP0291,1,False,0.36909455266172025,0.47245128968552536,0.044082745481900755,0.037708106580099404,0.18741817429419141,0.3898527836257367,0.010743554098296389,-0.22024453169702018,0.47245128968552536,0.01611688368989401,0.03509277805558046,-0.14048857633100245,-0.34074075984278707,0.009815311905217198,0.2159073152039243,0.4207729211736228,0.13396107281604494,0.1,66.69513007994273,0.6806,0.6669513007994273,0.10905703648512208,0.22399166271545048,39.20999649,38.70336219618871,234.05627440507817,49572.106512867314,1059.5616827175022,0.4422678388779356,2026-07-26 23:27:00,7.350166951807407
10,-1272.0192322657922,588.3063343166291,-265.440954826903,833.3011209592529,1488.6708212435917,100.0,0.5089171306660878,0.5342979974834035,AP0292,3,False,0.721294323001696,0.42075718698313985,0.10423561697523318,0.1608122276645142,0.06927770313119624,0.5226169207377609,0.0525192586470484,-0.5260531638334217,0.36936731958406205,-0.04514283815979653,-0.1608122276645142,-0.052548136107288375,-0.5226169207377609,-0.0525192586470484,0.2930733195915126,0.5710257549924179,0.1818923454311506,0.0,72.30649539169916,0.7378,0.7230649539169915,0.1380662563192095,0.13886878976379902,39.20999649,38.73940382196371,234.05627440507817,50063.839066440705,1043.3232713192533,0.4407514064188866,2026-07-27 07:04:00,16.644770686749823
10,-1324.4859210265672,514.2180028749949,-297.67525602911996,775.7037494171847,1504.1238529817526,100.0,0.4707830825028097,0.5068451022313172,AP0293,3,False,0.4435308945647913,0.3502237825805041,0.5900799214411148,0.549235792472416,0.6093653526215292,1.0564748225798901,0.5649618322014103,-0.1587903989474063,0.3502237825805041,0.4090843468724439,0.3862530746191752,0.3716811343366958,-1.0362244835289898,0.47573639076094354,0.5948389140659509,0.3968773385726477,0.674023544263272,0.0,70.79828885494398,0.7223999999999999,0.7079828885494397,0.15789812386864807,0.13411898758191226,39.20999649,38.67481366355287,234.05627440507817,50262.33829632296,1088.7868823904944,0.4378861821121185,2026-07-27 14:33:00,15.433101119251603
10,-1882.1634852614288,1424.0248429853937,105.14038904278175,1637.1639793565448,2441.568572139335,100.0,0.41964112252382246,0.45328044921578103,AP0294,2,False,0.3914454439565061,0.39518750369300726,0.4237121671928176,0.4757033350196942,0.5646334719303582,1.6718197189450992,0.26261987829287703,-0.36489055966793743,0.38249835805217985,0.40645322965337877,0.2848838340692246,0.3852247190794333,-1.5011906333849916,0.16850530378437292,0.5978745027186229,0.39331647382475665,0.6796977142761692,0.0,65.414652862516,0.6675,0.6541465286251599,0.14698865508967415,0.19886481628516603,39.20999649,39.037582374380975,232.75605497775115,50378.99534813594,1050.2840579036745,0.4385186723054969,2026-07-27 21:46:00,32.49695568645596
10,-804.5674606435259,147.88096691423175,240.67391653624588,180.27256183701633,618.4872669494221,80.0,0.5128221215468709,0.5303734636214227,AP0295,1,False,0.5463626027109904,0.35890185473376207,0.09393069035748448,0.24415416252832067,0.1708509737897761,0.3549494864390466,0.03656652932854372,-0.509389616994258,0.35890185473376207,0.07975968259937218,-0.18439541277673094,-0.12392137582658702,-0.30583746265609696,0.03563828713546453,0.25795947141256054,0.4526322287223762,0.1800903684886343,0.2,61.667568575098755,0.6293,0.6166756857509875,0.14500219972011102,0.23832211452890134,39.20999649,39.082876072945396,232.01307244785002,49614.59784019794,1083.2300886087517,0.44218042886992637,2026-07-28 05:05:00,3.633458088638558
10,-1163.432280142525,131.09190290383754,-187.64697213061896,338.6321909615515,1328.3964590117425,100.0,0.4033305331600806,0.4454289038398952,AP0296,2,False,0.3804512917942744,0.5744619012755945,0.04135542220050327,0.20164095423530148,0.21571599163336966,1.0187307269653372,0.3266029670359168,-0.08319860602211455,0.5744619012755945,0.020070826300047737,-0.20164095423530148,-0.21571599163336966,-0.9662640251020087,-0.24894657685732738,0.394137036448614,0.47745659653493444,0.36080921241408564,0.0,65.812403312884,0.6716,0.65812403312884,0.16211389364301942,0.17976207322814045,39.20999649,39.6505066419061,232.01307244785002,53140.09353323427,1043.861429657771,0.47649562881291374,2026-07-28 12:35:00,6.372442508964874
10,-1417.2997174770035,172.77329101581122,278.37361246726454,273.5101705476423,2476.945847456554,80.0,0.23851527210119455,0.34528477622633436,AP0297,2,False,0.25733960784014026,0.37949794259969044,0.09674829517160465,1.2914107429065451,0.4407338841324214,0.7846537467056536,0.3960165943050654,0.08185912149686254,0.37949794259969044,0.07948935763216576,1.1005912419560753,0.3186239489513918,-0.4321686535093464,-0.2261140768913666,0.5209144019515887,0.31841877521991535,0.6019126526442581,0.2,67.94551235340873,0.6951,0.6794551235340872,0.10837479714235605,0.21217007932355672,39.20999649,39.640766298782836,231.45036618693302,53129.451485268335,1042.7212272273841,0.47859555449001573,2026-07-28 20:02:00,5.1479953754742
10,-449.3839225525671,203.39375737506555,323.1582928475343,164.866179452639,596.5927695961377,90.0,0.4500015154604428,0.46634959740957116,AP0298,3,False,0.2030558569472598,0.37797793336913643,0.04307527727430785,0.0868436536166157,0.10546215397082975,0.22704999579434587,0.020558866003513587,-0.08119733416429781,0.3323720923781242,-0.04307527727430785,-0.0868436536166157,-0.10546215397082975,-0.22704999579434587,0.020558866003513587,0.15200339099657273,0.2905168951581981,0.09659798933192255,0.1,58.61201797619076,0.5981000000000001,0.5861201797619076,0.18104235932225402,0.23283746091583854,39.20999649,39.50461649479558,230.46563023032823,52034.61918268497,1080.2725789724955,0.47701259961819625,2026-07-29 03:57:00,3.1683940815214005
10,-1382.2570614270358,941.5805478800535,317.4444191354787,1026.0406401249247,1970.8415380185982,100.0,0.3721503939671183,0.4202368654047769,AP0299,3,False,0.52276974923275,0.6502004571375969,0.9264351766610088,1.2473095588380438,1.106273034312507,2.5769340450969924,0.8231993385735343,-0.3796917254142061,0.6242738105935114,0.8652079570141368,1.212467882092637,0.9070236097963453,-1.554624537710974,0.6524930489115286,1.121874479978919,0.5864851031851734,1.3360302306964171,0.0,66.914701893064,0.6828,0.66914701893064,0.14568374322216732,0.18516923784719272,39.20999649,39.446883271131604,230.46563023032823,53720.527197288895,1037.4674976944302,0.4757217424347729,2026-07-29 11:24:00,19.099601095811764
10,-2238.0030644948547,733.1648035212427,-113.26104948803822,1058.0835167519851,3030.3055902978917,90.0,0.2863018724781769,0.3795057922449375,AP0300,-1,True,0.8434327631576725,0.6293319833955656,0.35030296916388076,0.7814896477140508,0.5172028848456645,1.5708144086958544,0.2983157653663028,0.4225688033246812,0.6293319833955656,0.3113072987820479,0.7814896477140508,0.47084893989695226,-1.5708144086958544,0.2983157653663028,0.7129843460484272,0.736382373276619,0.7036251351571507,0.1,61.295334254739316,0.6255,0.6129533425473932,0.1980953537513303,0.18895130370127652,39.20999649,39.44056350479159,229.4263017781532,53393.69623139887,1024.950498400765,0.4798008506104433,2026-07-29 18:58:00,19.816637382930704
10,-1737.5097610672883,1043.4516378835174,-354.02479829756146,1375.5353463115332,2637.071426083493,100.0,0.3770787383704088,0.4366210977136983,AP0301,-1,True,0.7661875704255493,0.5752896814154839,0.4118824284190857,0.6441838998426583,0.7508211941115943,1.1512257609252186,0.19729511176383005,0.3156159609978271,0.5752896814154839,0.26693635842471325,0.5529773732413036,0.5945182584410754,-1.1512257609252186,0.19729511176383005,0.642412235271917,0.6707386259205166,0.6310816790124775,0.0,63.655865098284764,0.6494,0.6365586509828477,0.11554380159096392,0.2478975474261884,39.20999649,39.562743125177946,227.6074769868469,52696.954188127966,1032.6898923912051,0.48249550171320965,2026-07-30 02:26:00,26.102748583929085
10,-1064.0346802654744,822.4276689001404,455.31354576835935,824.1581136041443,1717.6869210750378,90.0,0.33360785929690034,0.37670866157962496,AP0302,-1,True,0.6828749187487713,0.46218443822002914,0.10222495201091071,0.2672536196271893,0.14557939908218823,1.1609007639938946,0.32837186545950053,0.4847564933434092,0.46218443822002914,0.09510896680173407,-0.23825096422642192,-0.10910917480457255,-1.1609007639938946,-0.250715475280911,0.4499128510203549,0.5725296784844002,0.4008661200347367,0.1,68.96048025564419,0.7037,0.6896048025564419,0.15188331627714208,0.15851188116641607,39.20999649,39.44570014020243,227.6074769868469,53574.94629428877,1051.9095525772675,0.48007444884377254,2026-07-30 10:50:00,15.383274657468052
10,-1451.4756347194916,910.682416376882,1323.752724813442,702.2484314463833,2643.927365387214,100.0,0.31089289661404845,0.3982141142491077,AP0303,-1,True,0.7977877879079808,0.8525537547033147,0.11338412323064069,0.45495755936734517,0.32870822353586926,1.005975086159541,0.32619674263674214,-0.08961662480670929,-0.05541863564435926,0.1092203425077118,0.3232490300869866,0.03244395543407735,-1.005975086159541,-0.32619674263674214,0.554223325363062,0.8251707713056478,0.4458443469860277,0.0,67.95762562185553,0.6934,0.6795762562185553,0.12973971213390775,0.19068403164753686,37.46618825284555,38.586603879089886,227.2154822417463,50209.86584287377,1039.5559265174445,0.39744945607416104,2026-07-30 18:42:00,13.986263847905752
10,-452.2285883147006,359.0156286529244,-92.28692531505686,445.4914227283525,2998.3571663513994,100.0,0.32642267410671566,0.44902029288802475,AP0304,-1,True,0.8943889042523674,0.20129846802648974,0.13889272192476063,0.9626618308039604,0.4103324290087981,1.2572775949274877,0.3195843594245996,-0.07238628782351861,0.09693801027858617,0.032083302518242804,0.761990580819881,0.28709946729433994,-1.2572775949274877,-0.2961312935575624,0.597776615481209,0.5478436861394286,0.6177497872179213,0.0,65.25104153742109,0.6658,0.652510415374211,0.12488041385783327,0.22260917076795578,37.46618825284555,38.574084091057365,226.1701629214779,49904.90822043563,1030.4428711957348,0.3933191851521637,2026-07-31 02:00:00,8.926805771499799
10,-517.600072566293,360.4740759841802,379.5431824134727,313.8991306937565,1268.5372071758613,80.0,0.36268963584218933,0.4063987220414983,AP0305,-1,True,0.4458419541487258,0.19943415023226937,0.2786133929947681,0.27469328295395645,0.2460620305970706,0.5692155237601303,0.20163797372593475,0.43977760196007987,0.06564356591994593,0.18754190588398845,0.007577547866487608,0.07089442738272145,-0.5692155237601303,0.17193155515729022,0.3164997583446936,0.32263805219049757,0.3140444408063721,0.2,74.24538638795586,0.7576,0.7424538638795586,0.12025944203856943,0.137286694081872,37.46618825284555,38.619481934755484,226.1701629214779,50154.50473129425,989.4824558311363,0.3955889646391458,2026-07-31 10:33:00,6.258642815346096
10,-1137.726682994577,541.504779549547,114.49587245522679,655.0604866022741,1665.7563490342957,100.0,0.3879411823171643,0.4364249741724942,AP0306,-1,True,0.5760307101251859,0.6168618372788509,0.0615153426366801,0.12725154636930616,0.18421516984635947,0.46812158692461514,0.0926290066806662,0.3661269810522075,0.3920845550117596,0.057351561913751195,-0.011869928622190475,-0.1501318718913061,-0.07167489473285363,-0.0926290066806662,0.3038035999802377,0.5964462737020184,0.1867465304915254,0.0,70.45913240780253,0.7190000000000001,0.7045913240780254,0.12942092367943678,0.16598775224253792,37.46618825284555,38.74725138632628,226.09847773257823,51274.9619313306,992.9442905333219,0.3998469561121437,2026-07-31 17:47:00,12.775445596226016
10,-1229.8268601183709,440.7093121433109,124.3700647956532,563.2757845200032,1327.7749461446647,100.0,0.42195208842722653,0.4572806328637428,AP0307,-1,True,0.3448468909047546,0.3242495730589769,0.169801963420125,0.15018459560042172,0.1501288368401036,0.12015413639412478,0.05023021655928438,-0.14116188768317595,0.3242495730589769,-0.06955911665039324,0.012278257729086833,-0.1501288368401036,0.08787729074309925,0.03327361052534297,0.18708517325397014,0.3345482319818658,0.1280999497628119,0.0,69.59642918083054,0.7094,0.6959642918083054,0.058483639799920016,0.2455520683917745,41.449812264285704,40.91454650843927,225.38162584358167,53540.43700374028,1039.3257446022958,0.3830421115665669,2026-08-01 01:35:00,10.520567556829118
10,-1280.5948000981948,898.2501288341625,-376.93650005911405,1177.8084028646622,2109.361733999406,100.0,0.4358313399130126,0.47466870725158683,AP0308,-1,True,0.30957356302858385,0.438355771927504,0.4300344679268329,0.737942692579549,0.5757230084036202,1.2373400758201385,0.24941078544617948,-0.12791491818234113,0.438355771927504,0.17958982003604074,0.08396557276877632,0.19847578418171175,-1.2373400758201385,0.17256684406593953,0.5683400521617725,0.3739646674780439,0.646090206035264,0.0,66.72856210927988,0.6809000000000001,0.6672856210927988,0.1334084920660345,0.19930588684116668,41.44981226428571,40.87431078509448,225.38162584358167,53704.59380781464,1012.1347248959254,0.3846027779088021,2026-08-01 09:28:00,21.93124124687593
10,-1005.6241562474015,420.6885766422656,-163.17782335489272,600.3730639608956,1349.0474891278368,100.0,0.4275897749751253,0.4612937274473533,AP0309,-1,True,0.3735865045964306,0.4416153550245969,0.0398633745431972,0.22042983880064057,0.19536837806983992,0.4367928760786951,0.15096961838639436,0.12159752624456947,0.4148517806459409,-0.005080449816418812,-0.08895937472148471,-0.1612850801147866,-0.20979544693627802,-0.06746579130176703,0.2655179922142564,0.40760092981051377,0.20868481717575343,0.0,66.88466018316834,0.6825,0.6688466018316834,0.15271509585317256,0.17843830231514404,41.44981226428571,40.86044868115985,225.38162584358167,53978.21976343686,1009.0663138112266,0.38217138389106114,2026-08-01 16:51:00,11.122505829056063
10,-2019.096027539711,488.2809456055165,-131.1654497763053,790.1130641185705,1662.566478746495,90.0,0.38391566310432973,0.42153706372616606,AP0310,-1,True,0.3825079574443089,0.4226564818445338,0.0997270472584752,0.15735689678023568,0.2821735187421612,0.40369497991481024,0.03857340794221547,-0.3825079574443089,0.4226564818445338,0.03263993841202484,-0.12800276915105138,-0.24809022078710824,-0.40369497991481024,-0.03857340794221547,0.25524146998953434,0.4025822196444213,0.19630517012757956,0.1,71.40259819071879,0.7056,0.7140259819071878,0.08843437727568783,0.19753964081712436,41.449812264285704,40.90795896151479,223.7116225639592,54885.96568496023,996.7703469476667,0.3855482692762547,2026-08-02 00:16:00,14.395539082863875
10,-2575.7689956693634,183.85295338681564,-14.036195456760595,522.9137814608611,2420.6423282185356,90.0,0.37464761331663643,0.4641454943033988,AP0311,-1,True,0.6571783553048071,0.3858302431012877,0.3361783533507499,0.9230859741137011,0.6854255977023973,0.6648041172914438,0.20029387961256404,-0.20861938633223917,0.3858302431012877,0.06757987623908927,0.7369036504286745,0.562192635987939,-0.6648041172914438,0.1705874610439195,0.5503995029252787,0.5215042992030474,0.5619575844141712,0.1,77.20482942071501,0.7792,0.7720482942071502,0.06335644607148481,0.16459525972136488,41.44981226428571,40.95646893761323,223.7116225639592,51981.574226677934,982.8210482708904,0.37472006930230073,2026-08-02 08:37:00,10.059598795153297
10,-433.04129019370976,1102.4344823008714,420.679608325457,1032.5259675284167,2068.884234349759,70.0,0.31715169631997897,0.3668119092056208,AP0312,-1,True,0.22285116075992004,0.18669074094967994,0.357115857087545,0.42464172115022636,0.4909545112043393,0.7903231271195517,0.14704904102528787,-0.22285116075992004,0.18669074094967994,0.31421997490063697,-0.28172495464139335,-0.4909545112043393,-0.7903231271195517,0.1033902662754419,0.37423230847093575,0.2047709508548,0.44201685151739,0.3,68.86060126091267,0.7027,0.6886060126091268,0.14289592632438108,0.1684980610664923,41.44981226428571,40.92418435627988,223.7116225639592,53101.37541180941,1005.9714572553881,0.38310835035158347,2026-08-02 16:30:00,19.4444298197743
10,-1787.8853993200173,617.2602544982979,28.53696749164095,841.1242661624078,1752.878901921105,100.0,0.40050864816085163,0.4379906335092637,AP0313,-1,True,0.6234531472147588,0.4032318027874744,0.03859621130042304,0.17989692224430562,0.25452005759614316,0.39553801815335676,0.13674971664162816,-0.12176030923305631,0.3855430834766081,0.0009630916520424644,-0.07778058579433436,-0.25452005759614316,-0.12657458145248235,0.02775104089738208,0.2902836965625843,0.5133424750011166,0.20106018518717134,0.0,65.21787700622376,0.6655,0.6521787700622376,0.14493981908017534,0.20288141085758718,41.44981226428572,40.91345267130506,223.68578720806846,53332.22478215033,984.4005737496726,0.3883357062953387,2026-08-03 00:27:00,15.771407804534759
10,-1979.1399091430326,213.26122466431227,76.99578418809261,447.45067759647867,1117.177426931313,90.0,0.376493797519553,0.40605392599988166,AP0314,-1,True,0.5296272315234434,0.3677674386891914,0.08077223732452131,0.12285485487699027,0.1135175153407467,0.3276782082222489,0.02560441778686874,-0.372020638433563,0.3677674386891914,-0.0459893125977429,-0.06332746880803669,-0.07943421738569335,-0.3276782082222489,-0.02560441778686874,0.22397455768057295,0.4486973351063174,0.13408544671027517,0.1,73.54833479688197,0.7505,0.7354833479688198,0.10935949316131527,0.15515715886986495,41.44981226428571,41.14968716564983,223.68578720806846,52872.29056007406,975.649935177283,0.3769328529373894,2026-08-03 08:30:00,8.462857819410726
10,-2301.735155408106,544.0422525458372,0.35363010002987494,843.1617337188819,2048.227491461178,100.0,0.355537697328209,0.41354842243855555,AP0315,-1,True,0.7072195667845397,0.6252777473155492,0.11948133897612631,0.17603203147889934,0.16824395903738917,0.4958799971747718,0.09671181422429881,-0.7072195667845397,0.6252777473155492,0.002674130816756909,0.17363777879303222,-0.16824395903738917,-0.1626254774169709,-0.012888973507484601,0.3412637792845106,0.6662486570500444,0.21126982817829712,0.0,71.7674508920415,0.7323000000000001,0.717674508920415,0.13820383680600198,0.14412165427358298,41.50480573615384,41.17158424186966,223.68578720806846,53734.36589469755,993.7046564784407,0.37061757242335597,2026-08-03 16:18:00,15.691294010451593
10,-3137.8525833435087,489.88123613681654,-37.846840381751434,909.1561240859982,2450.368708036979,100.0,0.3590008808772621,0.4318891541987,AP0316,-1,True,0.8511532790227051,0.7226060310393997,0.024553802541272537,0.1946195797241545,0.21016910983478646,0.4057322827353122,0.11548008288423334,-0.8511532790227051,0.7226060310393997,-0.024553802541272537,-0.09250324327418306,-0.21016910983478646,-0.1787348535928958,-0.03197625579960584,0.3606163096831234,0.7868796550310524,0.1901109715439518,0.0,68.78090271590784,0.7018000000000001,0.6878090271590784,0.1426291324404917,0.16956184040042988,41.50480573615384,41.21941334615695,222.97383187110725,53451.699612368386,982.5572231865027,0.3731433942547052,2026-08-03 23:46:00,17.008928260077724
10,-2768.3802886310796,664.9119911457196,790.8538073726609,787.5452864559616,3064.0395728680355,100.0,0.301222942491245,0.4083834355655867,AP0317,-1,True,0.8291314923406866,0.8775692052830611,0.3433921044845722,0.8065335066211111,0.6744098252135168,1.1168980176496697,0.3273672039344735,-0.8291314923406866,0.8775692052830611,0.3049689341994143,0.49838832443711134,0.4039898659818875,-1.0132954518588648,0.3273672039344735,0.7107573365038702,0.8533503488118739,0.6537201315806687,0.0,77.49134228268635,0.7907,0.7749134228268635,0.06727750229345605,0.15780907487968038,41.50480573615384,41.19032230264761,222.90263633741114,53991.191803443195,971.0090575460405,0.37704575630419507,2026-08-04 07:19:00,14.586551253083048
10,-3152.20980841201,1230.7050863561387,74.98437322365578,1617.9970494826032,2638.707447566703,90.0,0.31219668765885966,0.3606703316538437,AP0318,-1,True,0.6072731690285376,0.8035172252676345,0.28637047714992303,0.5730356362906037,0.8330025138792129,0.7297393948322727,0.592788830327213,-0.513765578619374,0.8035172252676345,0.28220669642699414,0.5677247883467875,0.7493937709990637,-0.7297393948322727,0.47718435150318894,0.6322467495393426,0.7053951971480861,0.602987370495845,0.1,73.61717325880034,0.7597,0.7361717325880034,0.07113946106964486,0.19268880634235164,41.50480573615384,41.250569355644004,222.90263633741114,53352.65779242029,976.8530366856667,0.36754955684062285,2026-08-04 14:29:00,30.32645638344317
10,-3481.5961693697145,601.337173757333,-143.91786635059952,1097.1200356805757,2504.463321187681,100.0,0.34114226493858035,0.4121784926884482,AP0319,-1,True,0.7778897485962185,1.0297249663605903,0.12147848417388674,0.13292888411478088,0.21142917819824752,0.22149915892252667,0.05494551821689585,-0.7778897485962185,1.0297249663605903,0.004865995516575898,-0.02498375123149378,-0.17734588024319414,-0.1867511905616199,-0.05494551821689585,0.36427084836902096,0.9038073574784045,0.14845624472526753,0.0,78.743619457751,0.8035,0.7874361945775099,0.08225785589464098,0.1303059495278491,41.50480573615384,41.20650718754359,222.70618205570074,53786.568063015366,992.3741583207478,0.37384593551611406,2026-08-04 21:55:00,20.3976582851542
10,-1390.606197961176,684.8924544371957,-152.00782616964557,911.2736080230422,2340.150650314633,100.0,0.3210044392872712,0.3881322285720218,AP0320,-1,True,0.7320763371512512,0.6759347244078028,0.6334224207884774,1.3557825723309178,1.352062884872033,1.0113214850239185,0.7046672554370844,-0.7320763371512512,0.6759347244078028,0.6161573743143471,1.0407327923053955,0.9023927803451608,-1.0113214850239185,0.5974571664649464,0.9236096685730694,0.704005530779527,1.0114513236904863,0.0,70.47378361792774,0.7191,0.7047378361792773,0.06802494526921248,0.22723721855151016,41.50480573615384,41.18299869052609,222.5939224661519,54753.77942792453,1000.0891725686764,0.3753923282595085,2026-08-05 05:11:00,16.643117928007193
10,-2851.4988497649388,379.13806070118136,-654.2731424328433,946.1148539004764,2497.0498866026105,80.0,0.3105885102189759,0.38401318963256387,AP0321,-1,True,0.9886380831136755,0.49448191233728434,0.16061244984779535,0.21670745113861956,0.30800445721192704,0.5058679237563486,0.02219711198222843,-0.9886380831136755,0.49448191233728434,-0.12582952512101697,0.182226192381225,0.10645364618109797,-0.5058679237563486,-0.02053342057453835,0.3852156270554113,0.7415599977254799,0.24267787878738378,0.2,73.03732845374714,0.7453,0.7303732845374713,0.06303962170333033,0.20658709375919831,41.50480573615384,41.09063329367054,222.5939224661519,53339.753884372054,977.0090771006605,0.3759143010729705,2026-08-05 12:53:00,17.73751817362017
10,-2347.7959941539616,372.77531910167875,-151.43825446054007,723.4202746798559,1580.945185273869,80.0,0.35585834076229955,0.39658898230772677,AP0322,-1,True,0.5151825051337365,0.4163760728911958,0.029209483293357184,0.2252638500532299,0.5909786960826633,0.8758022560923026,0.35954984333031637,-0.5151825051337365,0.4163760728911958,0.014588073870886493,0.10185668696567819,0.20666226459493744,-0.8671638047489003,-0.35954984333031637,0.43033752955382887,0.4657792890124662,0.41616082577037383,0.2,64.74269757468193,0.6606000000000001,0.6474269757468193,0.18154574888426864,0.17102727536891216,41.50480573615384,41.06792224341472,222.54285765701636,53361.9073141188,983.4470564715017,0.3762662047905659,2026-08-05 20:28:00,13.556866894232044
10,-1339.1976183948118,500.91920782434875,493.0333543567722,527.1048919086427,2551.170988040975,100.0,0.31887221219144607,0.41924375866804253,AP0323,-1,True,0.7239987828945497,0.6511223856576187,0.5886743298356875,1.3869302734903322,1.1514942713253813,1.104495966158289,0.639531097377423,-0.7239987828945497,0.6511223856576187,0.5267651167592686,1.2675223526579689,0.9001644691983782,-0.7653570471200941,0.6060972997852283,0.8923210152484687,0.6875605842760841,0.9742251876374226,0.0,69.16477196689875,0.7058,0.6916477196689876,0.07479347738226014,0.23355880294875234,41.50480573615384,41.04948465010123,222.48157988605374,54735.45424823103,1025.0944822587599,0.37582033590689196,2026-08-06 04:10:00,9.630045080436654
10,-2552.5340357966666,304.34240026133955,333.4589780527064,536.1341314990943,2057.2295419440966,90.0,0.3142381957186216,0.38385735171360624,AP0324,-1,True,0.9124655355248431,0.5021608904096775,0.1666214427322001,0.11421878998583798,0.2933794428134328,1.201387565252765,0.06332247988755711,-0.9124655355248431,0.4961996609925445,-0.005289271578027208,-0.08404553154606942,-0.052692377447357164,-1.201387565252765,-0.03986941402051984,0.4647937352294734,0.7073132129672604,0.3677859441343586,0.1,74.27540310744783,0.7579,0.7427540310744783,0.06350956085093683,0.19373640807458486,41.50480573615384,41.08950757694707,222.48157988605374,53355.024829800175,988.8647136941794,0.3732282263991743,2026-08-06 12:07:00,10.048428113553221
10,-1957.0680761850967,562.7341761094567,0.06357212362183873,817.1339543764328,2571.0668970664215,90.0,0.2898501460956682,0.37418021796286066,AP0325,-1,True,0.6832299203839439,0.4412378623284659,0.6048878681277261,1.2199539843699305,1.2628864527523531,1.3698523528607236,0.6985651360092363,-0.20676748979451687,0.4412378623284659,0.3798862251513202,0.9902475755938784,0.9815252958871794,-1.3698523528607236,0.6985651360092363,0.8972305109760541,0.5622338913562049,1.031229158823994,0.1,66.89922059471319,0.6826000000000001,0.6689922059471318,0.12987027535093557,0.2011375187019326,41.50480573615384,41.039678281766534,222.21495151145146,53570.00115809633,979.2112312875855,0.37718287020328045,2026-08-06 19:45:00,15.253573580573551
10,-2030.7632733828273,512.9613941840086,120.76183647743983,740.7320687805441,1496.3421829779259,100.0,0.37969906295860517,0.41678504874722766,AP0326,-1,True,0.2374424268098653,0.7485073580891429,0.41460628742971395,0.8299993586318845,1.1641073793991183,1.2749306644607317,0.8152606394737327,0.07510664362648721,0.7485073580891429,0.30683910485912136,0.8299993586318845,0.5406333359571234,-0.20061312135661902,0.68257542384236,0.7835505877563128,0.4929748924495041,0.8997808658790362,0.0,69.07407448257621,0.7048000000000001,0.6907407448257622,0.11636106010396607,0.19289819507027176,41.36253203653846,40.55562153139312,221.74835185589745,54209.88542910131,1026.52937824394,0.3845760062735764,2026-08-07 03:32:00,13.664151158358644
10,-2458.246499576819,312.5150604199492,-235.8543897945657,702.8434223033055,2012.0678569465422,100.0,0.35038316447256856,0.4177070495907058,AP0327,-1,True,0.49128902444292444,0.681019358824097,0.6069553664525874,0.7072183431896781,0.8457539028125947,1.3782899895266256,0.6830480421048208,-0.49128902444292444,0.681019358824097,0.45987580126709726,0.5340687676433491,0.6743866592225666,-1.3580185197344925,0.6023009036813248,0.7705105753361897,0.5861541916335107,0.8442531288172613,0.0,77.66126683328832,0.7925,0.7766126683328832,0.06975117169822423,0.15363615996889252,41.36253203653846,40.59308522500423,221.74835185589745,53786.3394419656,1000.8422261452395,0.38154505431032765,2026-08-07 11:34:00,13.067322104372982
10,-3021.5647323624707,604.5742355836743,-125.43321550207878,1035.0076154414191,1777.2742182100892,90.0,0.38781247022928894,0.42529685443623555,AP0328,-1,True,0.35967377092649033,0.5948842058902882,0.1403377270121485,0.15915219843565254,0.2796767789596825,0.2702231245263883,0.05688302140575649,-0.3515142767359787,0.5948842058902882,0.09954705714260959,-0.024706961503386894,-0.2796767789596825,0.16802083331847176,-0.05688302140575649,0.26583297530805816,0.4772789884083893,0.18125457006792567,0.1,72.192694914391,0.7367,0.72192694914391,0.09851722678293638,0.17955582407315376,41.36253203653847,40.59292437915803,221.7042266570919,53574.423505255,972.7233478647249,0.3815146556998198,2026-08-07 19:00:00,19.31906211440423
10,-1805.17807683186,727.6986182077467,-867.0862486245236,1222.4976427832457,1794.8780463574067,100.0,0.3602552945596016,0.3881028294651306,AP0329,-1,True,0.4547249938330709,0.5580093843382098,0.44056984293222856,0.9253424453272167,1.08984394247265,0.562715326997682,0.2396245188571221,-0.28876038404105436,0.5580093843382098,0.22230689165328582,0.8499121912561225,0.7297106694651665,-0.562715326997682,0.01081478844360767,0.6101186363940256,0.5063671890856404,0.6516192153173799,0.0,69.55231633949222,0.7097,0.6955231633949223,0.10184278790481595,0.2026340487002618,41.362532036538454,40.5980182696789,221.6270075591822,53691.74871349675,992.2071187959934,0.3810212527797433,2026-08-08 02:33:00,22.768817780672148
10,-2922.938301780626,290.72265742374213,-622.4482285990156,857.4391052349282,1910.4986342138845,90.0,0.39927612836944604,0.4462673445641977,AP0330,-1,True,0.4151792851316987,0.7279598450946464,0.11063058052122936,0.1582460617769425,0.11625931737850694,0.2798927141959667,0.09536562644470928,-0.13414177849086267,0.7279598450946464,-0.11063058052122936,0.0459866111229998,-0.11625931737850694,0.1654636927454658,0.07164202772454556,0.2719333472205286,0.5715695651131726,0.15207886006347093,0.1,74.92141231405941,0.7645000000000001,0.7492141231405941,0.09952838410589293,0.151257492753513,41.36253203653846,40.60486436674025,221.6270075591822,53564.144908629096,974.0769270420311,0.38297740128365465,2026-08-08 10:07:00,16.007706399449983
10,-1894.8134362074202,603.8637760798937,-243.277444341727,923.1727560893764,1792.149597755799,100.0,0.4079111217777541,0.4483348237584682,AP0331,-1,True,0.5216759571436493,0.7286702336565601,0.12109264543473951,0.13590777931245043,0.19467831351047266,0.4986210858259812,0.03042173058241071,-0.017419688538044136,0.7286702336565601,-0.01724447340945732,-0.020526161565334572,-0.16059501555541922,-0.0852204449657292,-0.03042173058241071,0.3187239636380377,0.6251730954001047,0.19614431093321089,0.0,74.48703645142531,0.7635,0.7448703645142531,0.07582693810089754,0.17930269738484927,41.362532036538454,40.57372238420493,221.6270075591822,53732.01089830749,979.537408552975,0.3800188826690581,2026-08-08 17:23:00,17.18105726280301
10,-2344.045936161946,477.7418496997181,-419.14555640920537,908.2114883235326,2079.7042477896666,80.0,0.28448932799403875,0.34523119426058146,AP0332,-1,True,0.26236833072397736,0.5375911583074532,0.5322359867223048,1.4730100166233935,1.441728572599696,0.7449057845818323,0.7002295967861191,-0.19000633361842267,0.5375911583074532,0.2466047077431401,1.4730100166233935,1.3606880392745508,-0.6413032187910281,0.6553950441944644,0.8131527780492539,0.3999797445157153,0.9784219914626693,0.2,67.88638795725905,0.6927,0.6788638795725905,0.10221640357239879,0.21891971685501063,41.36253203653846,40.595656018923606,221.55017194124423,53870.14812077438,989.5930472397304,0.3835067870544446,2026-08-09 01:07:00,16.859272157324767
9,-1034.349697622738,562.0439051543643,-398.73912774117304,816.1311041676722,1264.0790347895816,88.88888888888889,0.3979667723185141,0.4217136123708365,AP0333,-1,True,0.4641986156959127,0.42262048602158925,0.1367917656151842,0.09401569406256141,0.17287327000624486,0.10992005966209271,0.037821353977486184,-0.022851956927655164,0.42262048602158925,-0.1367917656151842,-0.03366917718302481,-0.17287327000624486,-0.10992005966209271,-0.017262487973972597,0.20546303500586732,0.443409550858751,0.11028442866471388,0.1111111111111111,76.90854668639062,0.7848,0.7690854668639062,0.07097552681391435,0.15993900632217944,41.8820163453125,40.84379665122271,221.55017194124423,55545.90084577587,994.2211224860096,0.3908540511727166,2026-08-09 09:05:00,14.692913279661699
10,-1451.6910049543203,689.2883564672976,47.28973630977421,863.821266218427,1392.9007294063938,70.0,0.31241575045154535,0.3358209048209084,AP0334,-1,True,0.24932255067936185,0.3889892671694584,0.13909390290672913,0.16997747231225308,0.17209037805983463,0.30210184624097863,0.0459910650507991,0.09300327555440446,0.3889892671694584,0.00922932628434485,0.048339612695418636,-0.17209037805983463,0.2828820044530771,0.03751276203382839,0.20965235463134496,0.31915590892441015,0.1658509329141189,0.3,72.47116563974524,0.7415999999999999,0.7247116563974524,0.08174208072196269,0.193546262880585,41.8820163453125,40.84595503928125,221.55017194124423,56648.12969929859,1002.1940172613077,0.3667367917177355,2026-08-09 17:00:00,15.248892960876036
10,-1136.9722469735493,732.3441618050545,-139.74498277326526,922.0740487435954,1560.9505711904776,90.0,0.3447052152853092,0.3779296920327607,AP0335,-1,True,0.15590783920318477,0.5412628578055106,0.29222208332512667,0.6212560847151818,0.5828719308297234,0.5944366046156473,0.1848840166906175,-0.08071314560872944,0.5412628578055106,0.23285833976904352,0.5040348787794829,0.31376748715694686,-0.37175840114493186,0.1848840166906175,0.42469163102642743,0.3485853485043477,0.4551341440352593,0.1,71.3180531573553,0.7277,0.7131805315735529,0.08757005409756416,0.19924941432888296,41.8820163453125,40.83852832653281,221.40034145539568,53920.96182450227,1018.7899041801203,0.39013859251195376,2026-08-10 00:59:00,17.100474797624898
10,0.0,365.1657354538338,-258.2733040184054,442.6477266593554,524.9272004117593,40.0,0.22155673961010777,0.2257278266658241,AP0336,-1,True,0.0,0.0,0.07852922132825246,0.14863190034213186,0.16241313490993348,0.5129799111320538,0.08209421990811286,0.0,0.0,0.05816114815400202,0.06886605385495545,-0.12832983695487993,0.14766093988776935,0.0014096071765146295,0.14066405537435492,0.0,0.1969296775240969,0.6,72.59181045393478,0.7406999999999999,0.7259181045393479,0.08742290976638946,0.18665898569426265,41.88201634531251,40.82090620260432,221.40034145539568,54260.3264680217,980.1931662074837,0.3895721367381456,2026-08-10 09:55:00,8.157852255463844
10,-1895.1151780070254,721.7147028065247,13.918703702193682,963.9040648367799,2064.796539262133,100.0,0.40463467715437734,0.45298878712175183,AP0337,-1,True,0.5321308591511751,0.8259168948800332,0.12443458006243185,0.14413673658482185,0.22521516438983427,0.4885203011281656,0.03042173058241071,0.054834947666992616,0.8259168948800332,-0.020586408037149673,-0.02875511883770633,-0.19113186643478094,-0.0782679588018931,-0.03042173058241071,0.33868232382555324,0.6790238770156041,0.20254570254953289,0.0,78.2049740445404,0.7979999999999999,0.7820497404454041,0.07856132410288946,0.13938893545170644,41.88201634531249,40.995718133189335,220.52019676894318,56063.169686092435,982.3838742571553,0.3971151190712942,2026-08-10 19:29:00,17.193178163736523
10,-3651.262308011254,120.05642533864314,-20.545107809962246,600.8840577230949,1634.484833481481,90.0,0.3197790793031342,0.3637205992073593,AP0338,-1,True,0.610721920253789,0.9964589512621177,0.03892080751380051,0.175435719255133,0.233024098696159,0.47554714833968226,0.07355611963854729,-0.4664893731205177,0.9964589512621177,-0.004137882787022076,0.17279961724826956,0.22777148065017924,-0.47554714833968226,0.030825587081780504,0.37195210927988986,0.8035904357579533,0.1992967786886644,0.1,71.52697676037712,0.7299,0.7152697676037713,0.07003202789878557,0.21469820449744312,41.8820163453125,41.05767671147275,218.97994356765136,56308.56165709826,981.6485909218455,0.39068779518106905,2026-08-11 03:26:00,10.671273426984216
10,-2280.998168272847,555.4112974747609,-129.89298156557257,890.9089538199028,2074.5099137376424,90.0,0.32177377691831527,0.37885737625426097,AP0339,-1,True,0.7657722151524134,0.9073207157379307,0.0624793656005395,0.11839170195980114,0.15501572988631912,0.40386908950460587,0.08220594163754653,-0.36180888975414005,0.9073207157379307,0.041368806424742735,-0.0030100842126852684,-0.12093243193126574,0.021440104311638758,-0.06164707563403295,0.35643639421130807,0.8365464654451721,0.16439236571776245,0.1,61.477672453545445,0.6273,0.6147767245354544,0.2012704876894834,0.18395278777506216,41.8820163453125,41.04076056314664,218.97994356765136,56106.03913572738,974.0438398344107,0.39469193903517247,2026-08-11 11:30:00,15.879020646328017
10,-2510.8916641017504,542.9050224215591,-100.09120115265031,899.3482991005818,2529.9371335130672,100.0,0.33910874218606013,0.4202778942045364,AP0340,-1,True,0.47122824131158403,1.0618846287592392,0.2538005423018991,0.7412756946424884,0.4592639860652368,0.6980419067272128,0.6311162998699518,-0.2273645512655802,1.0618846287592392,0.21574125695048582,0.5961709025477044,0.1130636708287737,-0.3861488037789194,0.5299938151551391,0.6166587570968017,0.7665564350354116,0.5566996859213578,0.0,74.0252462113782,0.755,0.7402524621137822,0.10401877436461067,0.1557287635216071,41.80773767045455,40.49133134363646,218.85736094729253,55726.63419072762,1008.88963345697,0.37787078243940025,2026-08-11 19:15:00,16.13857201607602
10,-2708.5007815731396,579.7316591512293,-25.209865914620906,939.3997205301238,2623.485182394579,100.0,0.3290081296364245,0.4131551861667675,AP0341,-1,True,0.8578104591278816,0.9522658385168891,0.2019254262339263,0.35900743763982046,0.2764784774287393,0.9334008755049581,0.035289883591073615,-0.8578104591278816,0.9522658385168891,-0.16714250150714788,0.2835771835687263,0.12365812780348781,-0.7107226720342414,-0.007440648965693165,0.5165969140061841,0.9050381488223853,0.36122042007970356,0.0,71.74520872966211,0.732,0.7174520872966211,0.0917071175732947,0.19084079513008417,41.80773767045455,40.58272765348329,218.64284136166464,53730.94861571833,1009.2902020634301,0.3746009224900265,2026-08-12 03:23:00,17.483400995740357
10,-2424.927141158767,370.88459231155764,-339.23569518066506,787.8958292163968,1962.9854109069447,100.0,0.34471483729232794,0.4039351548092772,AP0342,-1,True,0.42401714684804453,1.0651970738207641,0.06845678112833556,0.23459177940089768,0.5696486552674747,0.9564885199393871,0.3620752623554945,-0.25560242080571544,1.0651970738207641,-0.058730934496961186,0.11551891587280776,0.22550284988832572,-0.8672736204618092,-0.28018048292489833,0.5257821741086283,0.7446071103344043,0.4382521996183179,0.0,66.45594474638187,0.678,0.6645594474638188,0.18030332912054575,0.15513722341563554,41.80773767045455,40.57553758330395,218.64284136166464,54377.95541196611,997.5113727180623,0.358628731526793,2026-08-12 11:07:00,14.489250712854437
10,-1672.4757749623714,109.07390625986204,94.87729090519994,298.0325697334103,1806.3091506106766,90.0,0.3344044054826373,0.39839820744039656,AP0343,-1,True,0.6370354919611438,1.0328096730276008,0.08895059819360622,0.05000982695849298,0.3934011203737362,1.1547411468845021,0.29386939975003407,-0.6344490371056328,1.0328096730276008,-0.06133657512406655,0.015528568201099114,0.1490101356169493,-1.1547411468845021,-0.29386939975003407,0.5215453224498737,0.8349225824943723,0.3961944184320743,0.1,67.48856525771005,0.689,0.6748856525771004,0.14951475656694196,0.17559959085595753,41.80773767045455,40.5329217143233,218.53292225719872,56081.323998090804,1013.948027839723,0.3720987307890377,2026-08-12 18:36:00,5.3142926822404615
9,-1347.3043310881658,256.8420759189986,-83.60545116226263,457.0732743091389,1199.7935832314577,77.77777777777779,0.302260504732877,0.3413089239713583,AP0344,-1,True,0.4682624882792538,0.8290840729335441,0.10227444619738874,0.04940439906848623,0.15782299887797946,0.30181737124134755,0.0262646059678594,-0.09290534673289437,0.8290840729335441,-0.028946687437631534,-0.02005027143930158,-0.1237397009229262,-0.30181737124134755,-0.0262646059678594,0.27641862608083706,0.648673280606399,0.12751676427061226,0.2222222222222222,69.62402278019816,0.71,0.6962402278019816,0.08912064264376142,0.2146391295542569,41.80773767045455,40.578895936703645,218.23980464528958,55234.873377320924,1000.9054023803726,0.3753196373406786,2026-08-13 02:02:00,8.275085038880713
10,-2239.4465006602813,187.88985018363854,-655.832434267166,675.7676255496249,2078.2432795628997,100.0,0.35237981263580137,0.4197690889020844,AP0345,-1,True,0.6277276693583549,1.0033812723068298,0.15885014801378883,0.1308174053060264,0.22365910652016008,0.17509727201121972,0.10417495525980196,-0.6277276693583549,1.0033812723068298,-0.15885014801378883,0.0014721895837135884,-0.22365910652016008,0.051900157131197354,-0.02067112817517447,0.3462439755394545,0.8155544708325924,0.1585197774221994,0.0,71.3542445295934,0.728,0.713542445295934,0.12077737641618669,0.16568017828787934,41.80773767045455,40.60674456746915,218.23980464528958,54951.79519353617,1004.4140595569909,0.367165158108949,2026-08-13 10:26:00,12.297462224293513
10,-2253.5884522351025,430.9228085899915,-534.913823209432,884.3634543433844,1971.1617669818802,100.0,0.3488637848377908,0.40526340960114215,AP0346,-1,True,0.6085082990375043,0.9701329610781672,0.09347146537567756,0.2860514638133602,0.20031537535561905,0.3820961909958286,0.10471149756236432,-0.33350658730652194,0.9701329610781672,-0.03764857906501107,0.1562765164113678,-0.06169280355769804,-0.3820961909958286,-0.10471149756236432,0.3778981790312173,0.7893206300578357,0.21332919862056995,0.0,72.4079838457387,0.739,0.7240798384573869,0.13255326398845851,0.1433668975541546,41.80773767045455,40.54987634293545,218.23980464528958,55604.29411285719,1023.398901411804,0.3696709546297921,2026-08-13 18:09:00,15.904589177023581
10,-3697.959804799316,614.5747103477545,-522.5091984030976,1252.0622444925948,2883.139545910363,100.0,0.3405841289396242,0.42319313960353233,AP0347,-1,True,0.6279807963920504,1.0199416406537731,0.3316340365830878,0.829637156691005,0.5990304864126708,1.1533245387742574,0.22150003155693074,-0.3267141227629709,1.0199416406537731,0.04328878139251262,0.7427876446576156,0.4085946987478559,0.34256646579369476,0.1888723350013746,0.6832926695805394,0.8239612185229117,0.6270252500035903,0.0,72.14093348193349,0.736,0.7214093348193349,0.06756187316381834,0.2110287920168468,41.80773767045455,40.579038569746835,218.23980464528958,54750.37634233167,992.7981936238011,0.37412849042287155,2026-08-14 01:58:00,22.86855959973613
10,-1352.6252773561732,652.3154495988805,196.71561290716426,769.1420517830337,2944.4499751567114,100.0,0.3093330128528152,0.40470741028037693,AP0348,-1,True,0.6441345842093472,1.403877345620595,0.21507449270367102,0.12529826112056713,0.22715697891185743,0.444754099068035,0.07062607972373501,-0.49477568088862545,-0.10852476765147101,-0.21507449270367102,-0.03183748191779303,-0.07486460038042912,-0.444754099068035,-0.05006721372022142,0.4472745487654012,1.024005964914971,0.2165819823055731,0.0,73.28846867968403,0.748,0.7328846867968403,0.09572212852407788,0.1713931846790819,41.80773767045455,40.5943443754252,218.23980464528958,54122.12893213196,1005.3860705577499,0.36833754505505045,2026-08-14 09:50:00,14.211230543933743
10,-2364.6679104074747,604.2217732491082,-238.4796543546412,983.1724979084722,1663.3559052867085,100.0,0.35923343845163885,0.3868585202892981,AP0349,-1,True,0.8738123428841925,0.656870810983818,0.08597910303019904,0.14258557526363314,0.16920857841267592,0.2538205590746543,0.11791757368658876,-0.5980597841017662,0.656870810983818,-0.05119617830342069,0.01905814725529096,-0.13512528045762248,-0.02682312993223719,-0.03441374660196141,0.32859922047653745,0.7653415769340053,0.1539022778935502,0.0,66.35174441270732,0.677,0.6635174441270733,0.17399166202327926,0.16249089384964746,41.80773767045455,40.57024649127636,218.23621077957202,55250.1043759306,1007.5811069323105,0.37185563049227566,2026-08-14 17:40:00,17.794943720265366
10,-1937.1418116082477,157.20473896617023,-260.4817802923101,487.17770856293544,1204.0682611941065,90.0,0.3232077975696187,0.36034541135644405,AP0350,-1,True,0.39073208407244625,0.619320679734845,0.1472233595115047,0.15993885607650224,0.233697117246454,0.33953840629216714,0.08754147466240611,-0.14280879867388555,0.619320679734845,-0.146208890592018,-0.15993885607650224,-0.233697117246454,-0.33953840629216714,-0.006544544208023223,0.28257028251376076,0.5050263819036456,0.19358784275780686,0.1,69.55581194810524,0.71,0.6955581194810525,0.09440023744174354,0.21004164307720394,41.80773767045455,40.58522654192884,218.20027212239617,55388.36377860014,1005.93949565793,0.3716548702857641,2026-08-15 01:16:00,8.795668897357128
10,-1788.715413326,95.52207313708516,242.22619261689186,255.38721908439766,1061.803520183356,70.0,0.24183399692587618,0.283540390700496,AP0351,-1,True,0.427105405777181,0.4690558126392585,0.20486938377596503,0.24678490095933775,0.46483001793996326,1.1877286096687483,0.08769962319589332,-0.2713942298399733,0.4690558126392585,-0.08502275621277972,0.0959243928171497,0.23604764842499437,-1.1877286096687483,-0.06424655732885605,0.44115339342233534,0.44808060920821974,0.4383825071079815,0.3,65.46446736757115,0.668,0.6546446736757114,0.1815447164914398,0.1638106098328487,41.80773767045455,40.5637722421978,218.20027212239617,54926.0261408227,992.4999930140356,0.3738635912436837,2026-08-15 09:37:00,4.649657676483281
10,-1283.9385864253077,291.0613072868634,100.56641901623186,427.8033978172838,1463.7582337548874,90.0,0.30160260392473603,0.3551449367502647,AP0352,-1,True,0.4356109456931545,0.8354207328476169,0.22595314485474005,0.4348382025260458,0.6985873359674393,1.1165644068380298,0.21602671213516458,-0.28326061240311157,0.8354207328476169,0.1687639333717338,0.01769872479916363,-0.07560753507686421,-1.1165644068380298,0.2150984699420854,0.5661430686945986,0.6355158392703857,0.5383939604642839,0.1,70.02173083722968,0.715,0.7002173083722968,0.15329666487557464,0.14648602675212852,41.822702577499996,40.683067254051444,218.1911788691534,55302.579726655196,1037.9508904945112,0.3803799941601191,2026-08-15 17:58:00,7.735686109613573
10,-2225.2232334066252,491.13811684527536,59.91452640025324,762.4427792680607,1496.0675124554245,90.0,0.3349872000120363,0.3678689721021112,AP0353,-1,True,0.41276877973436155,0.7665297004297189,0.1059411395417606,0.17478993344513707,0.17403143484555372,0.3742392179317632,0.06496810513821483,-0.25434808220419897,0.7665297004297189,-0.02392343708062382,0.043527151562534276,-0.17403143484555372,0.2720277488353234,0.01853572194641267,0.2961811872952157,0.5896492400820402,0.17879396618048587,0.1,72.68032408118736,0.742,0.7268032408118736,0.10730847713223945,0.1658882820558869,41.822702577499996,40.74142888082171,218.15025922956113,55999.91746782227,990.2207856193825,0.38341307721226514,2026-08-16 01:35:00,13.615069695525225
10,-2607.021160509306,897.8218005747322,555.6369700903665,1070.043460413832,2556.9513849935674,100.0,0.343544225991487,0.41880405605613424,AP0354,-1,True,0.5922203723209369,0.9037742453947072,0.3423528420523069,0.6672982685924312,0.7005236167732402,0.6722850415957834,0.2631932802629198,0.0664725960355235,0.9037742453947072,0.08900264280762424,0.4385374378053805,0.2510298403563734,-0.6722850415957834,0.11037624862030515,0.591663952427475,0.747997308857822,0.5291306098553362,0.0,69.9436052852901,0.736,0.699436052852901,0.15928413433983363,0.1412798128072653,41.822702577499996,40.65696079012734,218.15025922956113,55679.15787389263,983.1042747893625,0.3879329065329106,2026-08-16 09:18:00,19.21802522296344
10,-1978.791903341084,780.0201588218599,552.095977493377,871.6343130081879,1789.838616475941,90.0,0.297408211822867,0.33486693250716143,AP0355,-1,True,0.4146084198190794,0.7561620126324956,0.27189835535712886,0.44442412802350384,0.3422114700715714,0.6138957329079967,0.31407680709837305,-0.05826321276331211,0.7561620126324956,0.2370963422341443,0.1512466688665267,-0.04127735180870272,-0.5936242631158636,0.2796605237707089,0.451039560844307,0.5853852162257875,0.39730129869171477,0.1,68.7804242318142,0.702,0.6878042423181421,0.15131570981526868,0.16088004786658938,41.822702577499996,40.67938112761243,218.15025922956113,56912.52115453909,978.2292196877231,0.3829115592711001,2026-08-16 17:22:00,15.315334751053637
10,-3092.601754818771,651.0772975062807,-163.6612568012287,1102.2139026730897,1923.5537880420247,100.0,0.3452915247396118,0.3828173051838866,AP0356,-1,True,0.3243707205198239,0.9760638414379331,0.08603255570823623,0.14697425351664214,0.14592992984498238,0.34033770755580095,0.06311717982069713,0.04512643176031155,0.9760638414379331,-0.043832020914148145,0.014669469002282122,-0.11184663188992908,-0.11765950408508433,0.020386647263930354,0.2975465983434451,0.6502172809788785,0.15647832528927177,0.0,64.61495994367955,0.659,0.6461495994367956,0.12339830763179778,0.23045209293140662,41.8227025775,40.71301115765216,218.15025922956113,54993.273741747944,976.8922554918662,0.38494031981671817,2026-08-17 01:31:00,20.042703910466564
10,-3037.0084980519723,298.71367969388945,-371.267298760814,804.90497406889,2388.263986740029,100.0,0.3360954934224867,0.4085476918743655,AP0357,-1,True,0.5637254971987454,1.0173262858170145,0.21221096319889493,0.25631469701397486,0.5735154740225398,0.872024772948003,0.28510087348344704,-0.0472997791757598,1.0173262858170145,-0.07680192848720027,0.044504715935583354,0.12185436956285753,-0.867705547276303,0.14602430859380292,0.5400312233832313,0.7905258915078799,0.439833356133372,0.0,75.59043594323433,0.765,0.7559043594323432,0.11440651344538848,0.12968912712226824,41.822702577499996,40.6481445546358,218.15025922956113,56502.30547295742,976.6662593940091,0.3791396335179154,2026-08-17 09:31:00,14.245524449513406
10,-1605.512138683238,837.4460010270197,-508.7607907226634,1198.7908162726399,3278.235983003417,80.0,0.2282343049570011,0.32834167812597653,AP0358,-1,True,0.3244211895016789,0.7092152077522195,0.6263619485142555,1.2936665927186932,1.1677760303195073,2.217653391266341,0.7927316500628876,-0.3244211895016789,0.7092152077522195,0.6263619485142555,1.2936665927186932,1.1677760303195073,1.0870940599556929,0.6791065428764794,1.018832287162226,0.5168181986269492,1.2196379225763372,0.2,64.0939004103475,0.664,0.640939004103475,0.1417135741783878,0.21734742171813717,41.822702577499996,40.721139633267654,218.14569046984573,54834.38359605802,998.6298951702647,0.3855347370317736,2026-08-17 17:22:00,21.862027758051056
10,-2344.258930730474,427.83998767978824,-905.7133275802953,1004.3076469488384,2474.3128222451246,100.0,0.2968060045936147,0.37161122351794235,AP0359,-1,True,0.303909739987506,1.1479358799455044,0.3383646622849086,1.2794409106112272,1.7717620030626264,1.086914158627669,0.7202571262484577,0.29929344856070533,1.1479358799455044,0.22886815883677472,1.1562195442407373,1.587044089738943,-1.086914158627669,0.6490239111446345,0.9497977829668427,0.7259228099665052,1.0393477721669777,0.0,69.22357500577449,0.706,0.692235750057745,0.1583891965870085,0.14937505335524656,43.485405736969696,41.54748979320132,218.10000287269165,56968.42166522486,978.263992314678,0.3817876308534244,2026-08-18 01:38:00,17.629199082443535
10,-4744.491228367305,1112.5230162659627,72.50798812488907,1707.5544795162455,3627.0597755659564,100.0,0.31072636357208117,0.39469090302869136,AP0360,-1,True,0.9999071836774025,1.2133729722988298,0.164119128229271,0.400867378768139,0.5460616677597436,0.6919498913566171,0.2206150138133505,-0.6594144771390068,1.2133729722988298,0.006072831209201927,0.27602034644724155,0.3392381394207119,-0.6919498913566171,0.029824293487379278,0.6052704622719077,1.106640077988116,0.4047226159854243,0.0,72.0037807745699,0.735,0.720037807745699,0.11943283304263613,0.16052935921166483,43.4854057369697,41.48725547302587,218.10000287269165,56822.24212808101,969.5093183605986,0.38942256755426985,2026-08-18 09:27:00,30.050811364805128
10,-3627.7125512741704,403.6262544975739,-116.95011123972877,910.3139195351346,2241.8053989357695,100.0,0.2978822544948304,0.36109948569146005,AP0361,-1,True,0.5628362078908187,1.1319663794596642,0.10520026647968195,0.39457776970347297,0.28605759831110067,0.5138061859750979,0.20963443566010562,-0.2214084441117499,1.1319663794596642,-0.10520026647968195,0.12154593398505766,-0.059704213254417514,-0.4611504537943549,-0.05360677847928305,0.4577255490685631,0.8474012936752414,0.30185525122589185,0.0,70.57015732805074,0.72,0.7057015732805074,0.12238058719777228,0.17191783952172027,43.485405736969696,41.52009324963941,218.10000287269165,56316.46356118025,964.0913549625091,0.38384630165150085,2026-08-18 17:16:00,16.164259294197354
10,-2793.465918673994,335.42848882520025,-286.3448028304425,784.4824991019523,1973.1891153498245,80.0,0.24789281700743088,0.3019242444941618,AP0362,-1,True,0.8212193567052194,0.9800679812700678,0.11004228672364433,0.09907470878056307,0.15457319888814064,0.09744485474651897,0.004239151508485353,-0.22288831636863696,0.9800679812700678,-0.10895072017262353,-0.03872819190102612,-0.15457319888814064,-0.09744485474651897,-0.004239151508485353,0.3238087912318056,0.9006436689876436,0.09307484012947048,0.2,64.31345243858969,0.656,0.643134524385897,0.15468636451193785,0.20217911110216516,43.485405736969696,41.56300004265863,218.0501726935613,57383.00078416679,971.0117452633325,0.38425151088063025,2026-08-19 00:54:00,13.670991206134483
