modelo,feature,fuente,x,valor,frac_pos
Fusión_sn_kg_default,feed_Sn_kgf,pd,4783.78917478861,-2223.9874181434643,
Fusión_sn_kg_default,feed_Sn_kgf,pd,5244.195889636959,-2199.180771039188,
Fusión_sn_kg_default,feed_Sn_kgf,pd,5704.602604485307,-1888.817033806504,
Fusión_sn_kg_default,feed_Sn_kgf,pd,6165.009319333656,-1556.7048557493374,
Fusión_sn_kg_default,feed_Sn_kgf,pd,6625.416034182004,-782.6358675956244,
Fusión_sn_kg_default,feed_Sn_kgf,pd,7085.822749030353,-72.92699417968049,
Fusión_sn_kg_default,feed_Sn_kgf,pd,7546.2294638787025,-61.52876609216722,
Fusión_sn_kg_default,feed_Sn_kgf,pd,8006.636178727051,22.08504763748598,
Fusión_sn_kg_default,feed_Sn_kgf,pd,8467.042893575399,70.67278403997953,
Fusión_sn_kg_default,feed_Sn_kgf,pd,8927.449608423749,716.4797977489383,
Fusión_sn_kg_default,feed_Sn_kgf,pd,9387.856323272097,1225.753392376378,
Fusión_sn_kg_default,feed_Sn_kgf,pd,9848.263038120447,1254.8887797471439,
Fusión_sn_kg_default,feed_Sn_kgf,pd,10308.669752968795,3483.750896666364,
Fusión_sn_kg_default,feed_Sn_kgf,pd,10769.076467817144,3721.714753359527,
Fusión_sn_kg_default,feed_Sn_kgf,pd,11229.483182665492,4610.451210431527,
Fusión_sn_kg_default,feed_Sn_kgf,pd,11689.88989751384,4895.531482247842,
Fusión_sn_kg_default,feed_Sn_kgf,pd,12150.29661236219,4933.869757232002,
Fusión_sn_kg_default,feed_Sn_kgf,pd,12610.70332721054,5608.604007232731,
Fusión_sn_kg_default,feed_Sn_kgf,pd,13071.110042058888,5597.507071770008,
Fusión_sn_kg_default,feed_Sn_kgf,pd,13531.516756907236,5597.507071770008,
Fusión_sn_kg_default,feed_Sn_kgf,ale,3003.004507258624,-2239.4855500457697,
Fusión_sn_kg_default,feed_Sn_kgf,ale,5274.100163542514,-1759.6626250486038,
Fusión_sn_kg_default,feed_Sn_kgf,ale,5443.954610154448,-1646.067230985131,
Fusión_sn_kg_default,feed_Sn_kgf,ale,5594.890044517773,-1471.3790393004829,
Fusión_sn_kg_default,feed_Sn_kgf,ale,5882.838402650695,-1219.7822864369914,
Fusión_sn_kg_default,feed_Sn_kgf,ale,6160.425406908385,-1032.762907859736,
Fusión_sn_kg_default,feed_Sn_kgf,ale,6312.884834197083,-861.6401664753425,
Fusión_sn_kg_default,feed_Sn_kgf,ale,6504.6444975534405,-554.1869759955762,
Fusión_sn_kg_default,feed_Sn_kgf,ale,6771.0835652750175,-239.07031016383553,
Fusión_sn_kg_default,feed_Sn_kgf,ale,7006.530751444729,-0.008151917294071609,
Fusión_sn_kg_default,feed_Sn_kgf,ale,7177.3441552161685,99.42985687299097,
Fusión_sn_kg_default,feed_Sn_kgf,ale,7416.516690451777,93.86707515557055,
Fusión_sn_kg_default,feed_Sn_kgf,ale,7688.569898908505,-6.246750271487599,
Fusión_sn_kg_default,feed_Sn_kgf,ale,7924.526218020135,47.67791271553415,
Fusión_sn_kg_default,feed_Sn_kgf,ale,8241.240975860128,153.50697546702213,
Fusión_sn_kg_default,feed_Sn_kgf,ale,8581.677418080355,161.85449921658073,
Fusión_sn_kg_default,feed_Sn_kgf,ale,9199.533919157722,456.39375063626085,
Fusión_sn_kg_default,feed_Sn_kgf,ale,10322.823348743277,1862.3691565885183,
Fusión_sn_kg_default,feed_Sn_kgf,ale,11581.531848826351,3342.172262131393,
Fusión_sn_kg_default,feed_Sn_kgf,ale,15604.15578713426,4783.775882946453,
Fusión_sn_kg_default,feed_Sn_kgf,shap_decil,5159.086893086272,-2198.491711178229,0.0
Fusión_sn_kg_default,feed_Sn_kgf,shap_decil,5499.848387191201,-1876.1816736630883,0.0
Fusión_sn_kg_default,feed_Sn_kgf,shap_decil,6075.647182527596,-1429.5719810460132,0.0
Fusión_sn_kg_default,feed_Sn_kgf,shap_decil,6380.458325760442,-1087.6253288160485,0.0
Fusión_sn_kg_default,feed_Sn_kgf,shap_decil,6913.765241306926,-259.0686801007447,0.02857142857142857
Fusión_sn_kg_default,feed_Sn_kgf,shap_decil,7256.546380189106,-53.42480928028718,0.21839080459770116
Fusión_sn_kg_default,feed_Sn_kgf,shap_decil,7800.125606013091,-62.693066828637065,0.2413793103448276
Fusión_sn_kg_default,feed_Sn_kgf,shap_decil,8432.606912684469,163.392522611267,0.9022988505747126
Fusión_sn_kg_default,feed_Sn_kgf,shap_decil,9645.503533205614,1739.786205264017,1.0
Fusión_sn_kg_default,feed_Sn_kgf,shap_decil,12190.860286595598,4989.25787479574,1.0
Fusión_sn_kg_default,sn_inventario_escoria_est_kg_prev,pd,5.249527159397531e-21,101.61188689296488,
Fusión_sn_kg_default,sn_inventario_escoria_est_kg_prev,pd,668.8986828434868,-93.5324084744165,
Fusión_sn_kg_default,sn_inventario_escoria_est_kg_prev,pd,1337.7973656869735,-101.81939054539559,
Fusión_sn_kg_default,sn_inventario_escoria_est_kg_prev,pd,2006.6960485304603,-101.81939054539559,
Fusión_sn_kg_default,sn_inventario_escoria_est_kg_prev,pd,2675.594731373947,-102.0005848879305,
Fusión_sn_kg_default,sn_inventario_escoria_est_kg_prev,pd,3344.493414217434,-97.4977107813053,
Fusión_sn_kg_default,sn_inventario_escoria_est_kg_prev,pd,4013.3920970609206,-96.41812681944172,
Fusión_sn_kg_default,sn_inventario_escoria_est_kg_prev,pd,4682.290779904408,-106.58834134966801,
Fusión_sn_kg_default,sn_inventario_escoria_est_kg_prev,pd,5351.189462747894,-103.02439912820054,
Fusión_sn_kg_default,sn_inventario_escoria_est_kg_prev,pd,6020.08814559138,-96.08920189442102,
Fusión_sn_kg_default,sn_inventario_escoria_est_kg_prev,pd,6688.986828434868,-7.761952829835781,
Fusión_sn_kg_default,sn_inventario_escoria_est_kg_prev,pd,7357.885511278355,0.7888741861178148,
Fusión_sn_kg_default,sn_inventario_escoria_est_kg_prev,pd,8026.784194121841,99.21081919986668,
Fusión_sn_kg_default,sn_inventario_escoria_est_kg_prev,pd,8695.682876965328,202.96310507114939,
Fusión_sn_kg_default,sn_inventario_escoria_est_kg_prev,pd,9364.581559808816,522.418122293576,
Fusión_sn_kg_default,sn_inventario_escoria_est_kg_prev,pd,10033.480242652302,539.2095989382354,
Fusión_sn_kg_default,sn_inventario_escoria_est_kg_prev,pd,10702.378925495788,395.6807981355634,
Fusión_sn_kg_default,sn_inventario_escoria_est_kg_prev,pd,11371.277608339275,416.5662224128128,
Fusión_sn_kg_default,sn_inventario_escoria_est_kg_prev,pd,12040.17629118276,436.71280371312974,
Fusión_sn_kg_default,sn_inventario_escoria_est_kg_prev,pd,12709.074974026249,425.03351112422473,
Fusión_sn_kg_default,sn_inventario_escoria_est_kg_prev,ale,202.49727911740018,53.873325646258905,
Fusión_sn_kg_default,sn_inventario_escoria_est_kg_prev,ale,600.5411117867942,-105.30637159719961,
Fusión_sn_kg_default,sn_inventario_escoria_est_kg_prev,ale,910.7775309991757,-115.30642777692836,
Fusión_sn_kg_default,sn_inventario_escoria_est_kg_prev,ale,1271.1437518408325,-125.30648395665705,
Fusión_sn_kg_default,sn_inventario_escoria_est_kg_prev,ale,2028.7126389931068,-123.52347046252933,
Fusión_sn_kg_default,sn_inventario_escoria_est_kg_prev,ale,2809.3503986450764,-116.95507011801456,
Fusión_sn_kg_default,sn_inventario_escoria_est_kg_prev,ale,3314.6791933325057,-112.03929580130514,
Fusión_sn_kg_default,sn_inventario_escoria_est_kg_prev,ale,3905.6266779193184,-115.78289796214861,
Fusión_sn_kg_default,sn_inventario_escoria_est_kg_prev,ale,4551.956565582732,-117.45270115308793,
Fusión_sn_kg_default,sn_inventario_escoria_est_kg_prev,ale,5088.836351185296,-113.56162768987284,
Fusión_sn_kg_default,sn_inventario_escoria_est_kg_prev,ale,5622.086768973303,-109.64128757062448,
Fusión_sn_kg_default,sn_inventario_escoria_est_kg_prev,ale,6152.989110688333,-58.091148234971314,
Fusión_sn_kg_default,sn_inventario_escoria_est_kg_prev,ale,6625.9231762925865,-10.979019319669675,
Fusión_sn_kg_default,sn_inventario_escoria_est_kg_prev,ale,7131.593430070469,-5.610534808005497,
Fusión_sn_kg_default,sn_inventario_escoria_est_kg_prev,ale,7630.567327799257,17.829584321287115,
Fusión_sn_kg_default,sn_inventario_escoria_est_kg_prev,ale,8178.144635200295,75.5714057148189,
Fusión_sn_kg_default,sn_inventario_escoria_est_kg_prev,ale,8779.477095740938,172.24195237361255,
Fusión_sn_kg_default,sn_inventario_escoria_est_kg_prev,ale,9459.434492555407,317.8240884417852,
Fusión_sn_kg_default,sn_inventario_escoria_est_kg_prev,ale,10430.525164537474,384.5303921679391,
Fusión_sn_kg_default,sn_inventario_escoria_est_kg_prev,ale,18869.33966911247,206.00380044733814,
Fusión_sn_kg_default,sn_inventario_escoria_est_kg_prev,shap_decil,403.2473863042496,-10.767913737639851,0.2914285714285714
Fusión_sn_kg_default,sn_inventario_escoria_est_kg_prev,shap_decil,1026.383623616683,-111.54198640550726,0.0
Fusión_sn_kg_default,sn_inventario_escoria_est_kg_prev,shap_decil,2540.6051709641124,-104.69022827114367,0.0
Fusión_sn_kg_default,sn_inventario_escoria_est_kg_prev,shap_decil,3550.828726173426,-91.85668487941636,0.011494252873563218
Fusión_sn_kg_default,sn_inventario_escoria_est_kg_prev,shap_decil,4844.014636000673,-92.49244063737129,0.0
Fusión_sn_kg_default,sn_inventario_escoria_est_kg_prev,shap_decil,5914.827256346212,-78.38849255584715,0.08045977011494253
Fusión_sn_kg_default,sn_inventario_escoria_est_kg_prev,shap_decil,6857.447748479853,1.8211493551173552,0.6264367816091954
Fusión_sn_kg_default,sn_inventario_escoria_est_kg_prev,shap_decil,7854.239297907895,65.06426792996467,0.8218390804597702
Fusión_sn_kg_default,sn_inventario_escoria_est_kg_prev,shap_decil,9055.497571752414,308.22758973738564,0.9827586206896551
Fusión_sn_kg_default,sn_inventario_escoria_est_kg_prev,shap_decil,10999.4126548772,305.84931362796914,0.8971428571428571
Fusión_sn_kg_default,masa_escoria_est_kg_prev,pd,2.5746211477035864e-20,-185.7349217257089,
Fusión_sn_kg_default,masa_escoria_est_kg_prev,pd,3161.502250206735,-185.7349217257089,
Fusión_sn_kg_default,masa_escoria_est_kg_prev,pd,6323.00450041347,-198.80991607928334,
Fusión_sn_kg_default,masa_escoria_est_kg_prev,pd,9484.506750620205,-216.18498225114078,
Fusión_sn_kg_default,masa_escoria_est_kg_prev,pd,12646.00900082694,-218.63216364174932,
Fusión_sn_kg_default,masa_escoria_est_kg_prev,pd,15807.511251033675,-221.2272982861377,
Fusión_sn_kg_default,masa_escoria_est_kg_prev,pd,18969.01350124041,-230.41583820589577,
Fusión_sn_kg_default,masa_escoria_est_kg_prev,pd,22130.515751447143,-269.5143250471466,
Fusión_sn_kg_default,masa_escoria_est_kg_prev,pd,25292.01800165388,-274.1885429636663,
Fusión_sn_kg_default,masa_escoria_est_kg_prev,pd,28453.520251860617,-271.6760979817098,
Fusión_sn_kg_default,masa_escoria_est_kg_prev,pd,31615.02250206735,147.8002204099125,
Fusión_sn_kg_default,masa_escoria_est_kg_prev,pd,34776.52475227408,100.96083763851269,
Fusión_sn_kg_default,masa_escoria_est_kg_prev,pd,37938.02700248082,91.62569719568415,
Fusión_sn_kg_default,masa_escoria_est_kg_prev,pd,41099.52925268756,92.1176077552951,
Fusión_sn_kg_default,masa_escoria_est_kg_prev,pd,44261.031502894286,-13.892601121682567,
Fusión_sn_kg_default,masa_escoria_est_kg_prev,pd,47422.53375310102,-394.9670257859131,
Fusión_sn_kg_default,masa_escoria_est_kg_prev,pd,50584.03600330776,-510.3097825432557,
Fusión_sn_kg_default,masa_escoria_est_kg_prev,pd,53745.538253514496,-274.53294884767365,
Fusión_sn_kg_default,masa_escoria_est_kg_prev,pd,56907.04050372123,-251.8424753852061,
Fusión_sn_kg_default,masa_escoria_est_kg_prev,pd,60068.54275392796,161.4545328472287,
Fusión_sn_kg_default,masa_escoria_est_kg_prev,ale,2140.090037561552,-73.30267933182732,
Fusión_sn_kg_default,masa_escoria_est_kg_prev,ale,4782.7455774043465,-73.87304109411234,
Fusión_sn_kg_default,masa_escoria_est_kg_prev,ale,5530.639309922519,-77.12728471734547,
Fusión_sn_kg_default,masa_escoria_est_kg_prev,ale,6549.057274810213,-120.9550106874438,
Fusión_sn_kg_default,masa_escoria_est_kg_prev,ale,10172.708735689708,-163.83638246542404,
Fusión_sn_kg_default,masa_escoria_est_kg_prev,ale,13655.29620217767,-169.36466874376026,
Fusión_sn_kg_default,masa_escoria_est_kg_prev,ale,15171.375615214067,-172.72704186925858,
Fusión_sn_kg_default,masa_escoria_est_kg_prev,ale,18682.950022442317,-180.78377978966063,
Fusión_sn_kg_default,masa_escoria_est_kg_prev,ale,22253.247602546748,-196.15127233665606,
Fusión_sn_kg_default,masa_escoria_est_kg_prev,ale,24416.886002706033,-206.8124400423692,
Fusión_sn_kg_default,masa_escoria_est_kg_prev,ale,27904.600723945863,-207.23396434977803,
Fusión_sn_kg_default,masa_escoria_est_kg_prev,ale,31458.974416273755,17.85896173104352,
Fusión_sn_kg_default,masa_escoria_est_kg_prev,ale,33899.276004121464,217.42728119586945,
Fusión_sn_kg_default,masa_escoria_est_kg_prev,ale,37044.992212758836,195.93759287642246,
Fusión_sn_kg_default,masa_escoria_est_kg_prev,ale,40662.1564993082,199.11831968811794,
Fusión_sn_kg_default,masa_escoria_est_kg_prev,ale,43626.527681040694,208.79823027312932,
Fusión_sn_kg_default,masa_escoria_est_kg_prev,ale,46953.238606443265,-60.90874311327211,
Fusión_sn_kg_default,masa_escoria_est_kg_prev,ale,50590.52984639752,-97.59457879273417,
Fusión_sn_kg_default,masa_escoria_est_kg_prev,ale,54079.83125470656,168.34455223579732,
Fusión_sn_kg_default,masa_escoria_est_kg_prev,ale,213794.39930879493,787.355598992818,
Fusión_sn_kg_default,masa_escoria_est_kg_prev,shap_decil,4279.627842474619,-106.09204032122872,0.0
Fusión_sn_kg_default,masa_escoria_est_kg_prev,shap_decil,5779.558450488552,-134.38968645978076,0.0
Fusión_sn_kg_default,masa_escoria_est_kg_prev,shap_decil,13023.270461918437,-165.00775490159901,0.0
Fusión_sn_kg_default,masa_escoria_est_kg_prev,shap_decil,16043.471455363753,-176.10796047972352,0.0
Fusión_sn_kg_default,masa_escoria_est_kg_prev,shap_decil,23196.526596718242,-225.79450703526305,0.0
Fusión_sn_kg_default,masa_escoria_est_kg_prev,shap_decil,30171.676093732152,-50.26493294439315,0.42528735632183906
Fusión_sn_kg_default,masa_escoria_est_kg_prev,shap_decil,35055.38921486212,172.79152793297706,0.9885057471264368
Fusión_sn_kg_default,masa_escoria_est_kg_prev,shap_decil,42286.38563947388,145.07837847552346,0.9252873563218391
Fusión_sn_kg_default,masa_escoria_est_kg_prev,shap_decil,48937.43880874122,-293.94379806699874,0.13793103448275862
Fusión_sn_kg_default,masa_escoria_est_kg_prev,shap_decil,55922.10975673432,164.9482346659859,0.44571428571428573
Fusión_sn_kg_default,feo_inventario_escoria_est_kg_prev,pd,4.218664353889222e-21,-376.7003608941375,
Fusión_sn_kg_default,feo_inventario_escoria_est_kg_prev,pd,582.692731584417,-375.8465851920074,
Fusión_sn_kg_default,feo_inventario_escoria_est_kg_prev,pd,1165.385463168834,-376.82797166364674,
Fusión_sn_kg_default,feo_inventario_escoria_est_kg_prev,pd,1748.078194753251,-376.82797166364674,
Fusión_sn_kg_default,feo_inventario_escoria_est_kg_prev,pd,2330.770926337668,-369.1935950477997,
Fusión_sn_kg_default,feo_inventario_escoria_est_kg_prev,pd,2913.4636579220846,-349.1835799802605,
Fusión_sn_kg_default,feo_inventario_escoria_est_kg_prev,pd,3496.156389506502,-299.03213038326504,
Fusión_sn_kg_default,feo_inventario_escoria_est_kg_prev,pd,4078.8491210909187,-306.78791686521623,
Fusión_sn_kg_default,feo_inventario_escoria_est_kg_prev,pd,4661.541852675336,-303.6863579864218,
Fusión_sn_kg_default,feo_inventario_escoria_est_kg_prev,pd,5244.234584259752,-220.76300756881992,
Fusión_sn_kg_default,feo_inventario_escoria_est_kg_prev,pd,5826.927315844169,-222.68622820517905,
Fusión_sn_kg_default,feo_inventario_escoria_est_kg_prev,pd,6409.620047428586,10.327412140897575,
Fusión_sn_kg_default,feo_inventario_escoria_est_kg_prev,pd,6992.312779013004,379.8967306897455,
Fusión_sn_kg_default,feo_inventario_escoria_est_kg_prev,pd,7575.005510597421,363.6627156077784,
Fusión_sn_kg_default,feo_inventario_escoria_est_kg_prev,pd,8157.6982421818375,387.23593560324286,
Fusión_sn_kg_default,feo_inventario_escoria_est_kg_prev,pd,8740.390973766254,771.2547761969083,
Fusión_sn_kg_default,feo_inventario_escoria_est_kg_prev,pd,9323.083705350671,1100.6514435713561,
Fusión_sn_kg_default,feo_inventario_escoria_est_kg_prev,pd,9905.776436935088,1132.3692464748028,
Fusión_sn_kg_default,feo_inventario_escoria_est_kg_prev,pd,10488.469168519505,1414.982764245886,
Fusión_sn_kg_default,feo_inventario_escoria_est_kg_prev,pd,11071.161900103922,1186.7625654639926,
Fusión_sn_kg_default,feo_inventario_escoria_est_kg_prev,ale,329.64650389851477,-598.6714340346986,
Fusión_sn_kg_default,feo_inventario_escoria_est_kg_prev,ale,766.2962092428379,-593.5879112082654,
Fusión_sn_kg_default,feo_inventario_escoria_est_kg_prev,ale,937.8709619409449,-594.6723120572033,
Fusión_sn_kg_default,feo_inventario_escoria_est_kg_prev,ale,1188.0323164606375,-595.7567129061413,
Fusión_sn_kg_default,feo_inventario_escoria_est_kg_prev,ale,1766.8671443786582,-595.7567129061413,
Fusión_sn_kg_default,feo_inventario_escoria_est_kg_prev,ale,2318.2322984476245,-589.8041262498299,
Fusión_sn_kg_default,feo_inventario_escoria_est_kg_prev,ale,2693.602451618853,-558.2457590142803,
Fusión_sn_kg_default,feo_inventario_escoria_est_kg_prev,ale,3226.998357839788,-492.42869917715325,
Fusión_sn_kg_default,feo_inventario_escoria_est_kg_prev,ale,3804.0753943827895,-454.97204134146585,
Fusión_sn_kg_default,feo_inventario_escoria_est_kg_prev,ale,4337.514774762811,-453.84674616624727,
Fusión_sn_kg_default,feo_inventario_escoria_est_kg_prev,ale,4858.484710878407,-413.76816285961127,
Fusión_sn_kg_default,feo_inventario_escoria_est_kg_prev,ale,5397.809797390411,-384.1135527562291,
Fusión_sn_kg_default,feo_inventario_escoria_est_kg_prev,ale,5978.057716468641,-180.1575916054997,
Fusión_sn_kg_default,feo_inventario_escoria_est_kg_prev,ale,6561.074767171131,79.8372109165897,
Fusión_sn_kg_default,feo_inventario_escoria_est_kg_prev,ale,7173.955355685712,369.5548407153823,
Fusión_sn_kg_default,feo_inventario_escoria_est_kg_prev,ale,7797.4160330810955,663.8517640922513,
Fusión_sn_kg_default,feo_inventario_escoria_est_kg_prev,ale,8412.03890401254,891.6920863430843,
Fusión_sn_kg_default,feo_inventario_escoria_est_kg_prev,ale,9014.859344129061,1242.504284992713,
Fusión_sn_kg_default,feo_inventario_escoria_est_kg_prev,ale,9775.170662178014,1507.698204002847,
Fusión_sn_kg_default,feo_inventario_escoria_est_kg_prev,ale,15081.142809393943,1742.710130412865,
Fusión_sn_kg_default,feo_inventario_escoria_est_kg_prev,shap_decil,659.276355491068,-255.2358660318256,0.0
Fusión_sn_kg_default,feo_inventario_escoria_est_kg_prev,shap_decil,1002.6943839548063,-283.5749103930139,0.0
Fusión_sn_kg_default,feo_inventario_escoria_est_kg_prev,shap_decil,2160.112169029285,-308.2551620028346,0.0
Fusión_sn_kg_default,feo_inventario_escoria_est_kg_prev,shap_decil,2910.7526537739604,-300.70913276038567,0.0
Fusión_sn_kg_default,feo_inventario_escoria_est_kg_prev,shap_decil,4065.1825806272377,-309.3013035846391,0.0
Fusión_sn_kg_default,feo_inventario_escoria_est_kg_prev,shap_decil,5115.244082566805,-277.82065702557657,0.0
Fusión_sn_kg_default,feo_inventario_escoria_est_kg_prev,shap_decil,6267.483595267006,-25.906732769644773,0.5402298850574713
Fusión_sn_kg_default,feo_inventario_escoria_est_kg_prev,shap_decil,7493.2034358745605,477.9020618765956,0.9942528735632183
Fusión_sn_kg_default,feo_inventario_escoria_est_kg_prev,shap_decil,8722.263663776008,788.0127716646178,1.0
Fusión_sn_kg_default,feo_inventario_escoria_est_kg_prev,shap_decil,10243.619267124197,1107.0290684379943,1.0
Fusión_sn_kg_default,ley_sn_escoria_pct_prev,pd,10.6663888,-297.4660504068633,
Fusión_sn_kg_default,ley_sn_escoria_pct_prev,pd,11.44988,-243.91350673345707,
Fusión_sn_kg_default,ley_sn_escoria_pct_prev,pd,12.233371199999999,-231.19809091588,
Fusión_sn_kg_default,ley_sn_escoria_pct_prev,pd,13.016862399999999,-110.8182526598767,
Fusión_sn_kg_default,ley_sn_escoria_pct_prev,pd,13.800353599999998,-176.6856005776551,
Fusión_sn_kg_default,ley_sn_escoria_pct_prev,pd,14.583844799999998,-260.1846727802758,
Fusión_sn_kg_default,ley_sn_escoria_pct_prev,pd,15.367335999999998,-95.29453013917762,
Fusión_sn_kg_default,ley_sn_escoria_pct_prev,pd,16.150827199999995,31.54247936279928,
Fusión_sn_kg_default,ley_sn_escoria_pct_prev,pd,16.934318399999995,40.844212788276245,
Fusión_sn_kg_default,ley_sn_escoria_pct_prev,pd,17.717809599999995,21.201593091841755,
Fusión_sn_kg_default,ley_sn_escoria_pct_prev,pd,18.501300799999996,35.08427690769462,
Fusión_sn_kg_default,ley_sn_escoria_pct_prev,pd,19.284791999999996,31.664336766345084,
Fusión_sn_kg_default,ley_sn_escoria_pct_prev,pd,20.068283199999996,0.9396876219754047,
Fusión_sn_kg_default,ley_sn_escoria_pct_prev,pd,20.851774399999993,-18.796442962711158,
Fusión_sn_kg_default,ley_sn_escoria_pct_prev,pd,21.635265599999993,71.98780151511289,
Fusión_sn_kg_default,ley_sn_escoria_pct_prev,pd,22.41875679999999,60.11216179086657,
Fusión_sn_kg_default,ley_sn_escoria_pct_prev,pd,23.20224799999999,66.5319578707065,
Fusión_sn_kg_default,ley_sn_escoria_pct_prev,pd,23.98573919999999,88.39454139593435,
Fusión_sn_kg_default,ley_sn_escoria_pct_prev,pd,24.76923039999999,74.4239770984005,
Fusión_sn_kg_default,ley_sn_escoria_pct_prev,pd,25.55272159999999,47.70256101848226,
Fusión_sn_kg_default,ley_sn_escoria_pct_prev,ale,6.47299,-242.88208443067538,
Fusión_sn_kg_default,ley_sn_escoria_pct_prev,ale,13.780429999999999,-202.53733201826387,
Fusión_sn_kg_default,ley_sn_escoria_pct_prev,ale,15.135605,-196.66261402376,
Fusión_sn_kg_default,ley_sn_escoria_pct_prev,ale,16.137915,-58.46455381914802,
Fusión_sn_kg_default,ley_sn_escoria_pct_prev,ale,16.994825,14.511989697278693,
Fusión_sn_kg_default,ley_sn_escoria_pct_prev,ale,17.613935,-9.410634811266277,
Fusión_sn_kg_default,ley_sn_escoria_pct_prev,ale,18.172595,14.90929564588248,
Fusión_sn_kg_default,ley_sn_escoria_pct_prev,ale,18.717185,36.54256891348507,
Fusión_sn_kg_default,ley_sn_escoria_pct_prev,ale,19.22756,31.93102219759612,
Fusión_sn_kg_default,ley_sn_escoria_pct_prev,ale,19.68266,22.781550196737783,
Fusión_sn_kg_default,ley_sn_escoria_pct_prev,ale,20.090805000000003,0.9632994838759146,
Fusión_sn_kg_default,ley_sn_escoria_pct_prev,ale,20.467465,5.5656736825921485,
Fusión_sn_kg_default,ley_sn_escoria_pct_prev,ale,20.861095,76.05650027635573,
Fusión_sn_kg_default,ley_sn_escoria_pct_prev,ale,21.278365,106.82203053444914,
Fusión_sn_kg_default,ley_sn_escoria_pct_prev,ale,21.66833,77.04737533689945,
Fusión_sn_kg_default,ley_sn_escoria_pct_prev,ale,22.08077,62.37193534736497,
Fusión_sn_kg_default,ley_sn_escoria_pct_prev,ale,22.584880000000002,61.271660723989726,
Fusión_sn_kg_default,ley_sn_escoria_pct_prev,ale,23.1945,71.32969998570945,
Fusión_sn_kg_default,ley_sn_escoria_pct_prev,ale,23.993935,75.94098562597293,
Fusión_sn_kg_default,ley_sn_escoria_pct_prev,ale,26.926895000000002,53.82286898650284,
Fusión_sn_kg_default,ley_sn_escoria_pct_prev,shap_decil,12.9004,-221.13533535295878,0.011428571428571429
Fusión_sn_kg_default,ley_sn_escoria_pct_prev,shap_decil,15.61565,-56.98934364588378,0.3275862068965517
Fusión_sn_kg_default,ley_sn_escoria_pct_prev,shap_decil,17.32705,27.892681969458167,0.8448275862068966
Fusión_sn_kg_default,ley_sn_escoria_pct_prev,shap_decil,18.44115,38.186637430773764,0.8793103448275862
Fusión_sn_kg_default,ley_sn_escoria_pct_prev,shap_decil,19.4654,42.22040298255781,0.9085714285714286
Fusión_sn_kg_default,ley_sn_escoria_pct_prev,shap_decil,20.28185,16.390993866403413,0.7931034482758621
Fusión_sn_kg_default,ley_sn_escoria_pct_prev,shap_decil,21.06905,63.04264617367844,0.6839080459770115
Fusión_sn_kg_default,ley_sn_escoria_pct_prev,shap_decil,21.8486,69.49078667141738,0.9482758620689655
Fusión_sn_kg_default,ley_sn_escoria_pct_prev,shap_decil,22.8553,81.28972712728776,0.9540229885057471
Fusión_sn_kg_default,ley_sn_escoria_pct_prev,shap_decil,24.4557,64.01311429942359,0.8857142857142857
Fusión_sn_kg_default,interaccion_C_x_Sn_prev,pd,334.97764051097204,-266.6362331210208,
Fusión_sn_kg_default,interaccion_C_x_Sn_prev,pd,390.1931718169347,-266.6362331210208,
Fusión_sn_kg_default,interaccion_C_x_Sn_prev,pd,445.4087031228974,-220.58266244093932,
Fusión_sn_kg_default,interaccion_C_x_Sn_prev,pd,500.62423442886006,-134.99370963654457,
Fusión_sn_kg_default,interaccion_C_x_Sn_prev,pd,555.8397657348228,-124.23441593649115,
Fusión_sn_kg_default,interaccion_C_x_Sn_prev,pd,611.0552970407855,-124.23441593649115,
Fusión_sn_kg_default,interaccion_C_x_Sn_prev,pd,666.2708283467481,-65.79301737503883,
Fusión_sn_kg_default,interaccion_C_x_Sn_prev,pd,721.4863596527108,-65.79301737503883,
Fusión_sn_kg_default,interaccion_C_x_Sn_prev,pd,776.7018909586734,-61.17108932942798,
Fusión_sn_kg_default,interaccion_C_x_Sn_prev,pd,831.9174222646361,-61.17108932942798,
Fusión_sn_kg_default,interaccion_C_x_Sn_prev,pd,887.1329535705988,-1.0118780633973647,
Fusión_sn_kg_default,interaccion_C_x_Sn_prev,pd,942.3484848765615,104.72873903768752,
Fusión_sn_kg_default,interaccion_C_x_Sn_prev,pd,997.5640161825241,104.72873903768752,
Fusión_sn_kg_default,interaccion_C_x_Sn_prev,pd,1052.779547488487,104.72873903768752,
Fusión_sn_kg_default,interaccion_C_x_Sn_prev,pd,1107.9950787944495,104.72873903768752,
Fusión_sn_kg_default,interaccion_C_x_Sn_prev,pd,1163.2106101004122,104.72873903768752,
Fusión_sn_kg_default,interaccion_C_x_Sn_prev,pd,1218.4261414063749,104.72873903768752,
Fusión_sn_kg_default,interaccion_C_x_Sn_prev,pd,1273.6416727123376,104.72873903768752,
Fusión_sn_kg_default,interaccion_C_x_Sn_prev,pd,1328.8572040183003,104.72873903768752,
Fusión_sn_kg_default,interaccion_C_x_Sn_prev,pd,1384.0727353242628,104.72873903768752,
Fusión_sn_kg_default,interaccion_C_x_Sn_prev,ale,222.77765020662238,-402.59234322703117,
Fusión_sn_kg_default,interaccion_C_x_Sn_prev,ale,488.59794984387054,-251.31942103432334,
Fusión_sn_kg_default,interaccion_C_x_Sn_prev,ale,571.4779782592715,-197.07846238168673,
Fusión_sn_kg_default,interaccion_C_x_Sn_prev,ale,643.954400548391,-145.71079059985823,
Fusión_sn_kg_default,interaccion_C_x_Sn_prev,ale,703.8450088312081,-96.58678076186038,
Fusión_sn_kg_default,interaccion_C_x_Sn_prev,ale,753.6675275809903,-90.09366510917391,
Fusión_sn_kg_default,interaccion_C_x_Sn_prev,ale,803.4794865800508,-85.6836580660667,
Fusión_sn_kg_default,interaccion_C_x_Sn_prev,ale,852.2843357779213,-63.52217437538127,
Fusión_sn_kg_default,interaccion_C_x_Sn_prev,ale,891.0841923900331,-8.519643635963746,
Fusión_sn_kg_default,interaccion_C_x_Sn_prev,ale,923.2103795838975,75.55346362043463,
Fusión_sn_kg_default,interaccion_C_x_Sn_prev,ale,958.0738126003995,126.78552382810096,
Fusión_sn_kg_default,interaccion_C_x_Sn_prev,ale,992.4250687800244,126.78552382810096,
Fusión_sn_kg_default,interaccion_C_x_Sn_prev,ale,1023.3955984268416,126.78552382810096,
Fusión_sn_kg_default,interaccion_C_x_Sn_prev,ale,1054.176865842837,126.78552382810096,
Fusión_sn_kg_default,interaccion_C_x_Sn_prev,ale,1083.595240606462,126.78552382810096,
Fusión_sn_kg_default,interaccion_C_x_Sn_prev,ale,1116.1979030635769,126.78552382810096,
Fusión_sn_kg_default,interaccion_C_x_Sn_prev,ale,1153.8570424845952,126.78552382810096,
Fusión_sn_kg_default,interaccion_C_x_Sn_prev,ale,1197.122180587711,126.78552382810096,
Fusión_sn_kg_default,interaccion_C_x_Sn_prev,ale,1267.7261486555858,126.78552382810096,
Fusión_sn_kg_default,interaccion_C_x_Sn_prev,ale,1565.7927111546778,126.78552382810096,
Fusión_sn_kg_default,interaccion_C_x_Sn_prev,shap_decil,443.04238391465526,-236.94497128054746,0.0
Fusión_sn_kg_default,interaccion_C_x_Sn_prev,shap_decil,609.1649118134809,-124.85272479516854,0.011494252873563218
Fusión_sn_kg_default,interaccion_C_x_Sn_prev,shap_decil,728.9110585114331,-52.72537845054446,0.1724137931034483
Fusión_sn_kg_default,interaccion_C_x_Sn_prev,shap_decil,828.3962864737026,-49.71511476639532,0.1206896551724138
Fusión_sn_kg_default,interaccion_C_x_Sn_prev,shap_decil,906.1827541156807,63.83552482311886,0.8628571428571429
Fusión_sn_kg_default,interaccion_C_x_Sn_prev,shap_decil,976.0191957023967,109.35977871624881,1.0
Fusión_sn_kg_default,interaccion_C_x_Sn_prev,shap_decil,1037.9365162749766,107.96783221617927,1.0
Fusión_sn_kg_default,interaccion_C_x_Sn_prev,shap_decil,1096.639364587666,102.2941157122937,1.0
Fusión_sn_kg_default,interaccion_C_x_Sn_prev,shap_decil,1171.715678902749,101.67013827209213,1.0
Fusión_sn_kg_default,interaccion_C_x_Sn_prev,shap_decil,1313.3666708542887,102.13962004728019,1.0
Fusión_sn_kg_default,tasa_feed_Carbon_kg_min,pd,27.897214475319608,-53.39879322869903,
Fusión_sn_kg_default,tasa_feed_Carbon_kg_min,pd,29.6901534820045,-53.39879322869903,
Fusión_sn_kg_default,tasa_feed_Carbon_kg_min,pd,31.483092488689397,-53.39879322869903,
Fusión_sn_kg_default,tasa_feed_Carbon_kg_min,pd,33.27603149537429,-52.393577248340925,
Fusión_sn_kg_default,tasa_feed_Carbon_kg_min,pd,35.06897050205919,-52.393577248340925,
Fusión_sn_kg_default,tasa_feed_Carbon_kg_min,pd,36.86190950874408,-51.71082379416769,
Fusión_sn_kg_default,tasa_feed_Carbon_kg_min,pd,38.654848515428974,-51.71082379416769,
Fusión_sn_kg_default,tasa_feed_Carbon_kg_min,pd,40.44778752211387,-46.42827587718562,
Fusión_sn_kg_default,tasa_feed_Carbon_kg_min,pd,42.24072652879876,-44.500604244101815,
Fusión_sn_kg_default,tasa_feed_Carbon_kg_min,pd,44.03366553548366,-37.80703755998774,
Fusión_sn_kg_default,tasa_feed_Carbon_kg_min,pd,45.82660454216855,-34.9484613992804,
Fusión_sn_kg_default,tasa_feed_Carbon_kg_min,pd,47.61954354885344,-33.8733657321171,
Fusión_sn_kg_default,tasa_feed_Carbon_kg_min,pd,49.41248255553834,0.1912290760823204,
Fusión_sn_kg_default,tasa_feed_Carbon_kg_min,pd,51.205421562223236,11.438157287689945,
Fusión_sn_kg_default,tasa_feed_Carbon_kg_min,pd,52.998360568908126,45.7117924338713,
Fusión_sn_kg_default,tasa_feed_Carbon_kg_min,pd,54.79129957559303,80.8513637023206,
Fusión_sn_kg_default,tasa_feed_Carbon_kg_min,pd,56.58423858227792,135.970519660741,
Fusión_sn_kg_default,tasa_feed_Carbon_kg_min,pd,58.37717758896281,135.970519660741,
Fusión_sn_kg_default,tasa_feed_Carbon_kg_min,pd,60.170116595647706,135.970519660741,
Fusión_sn_kg_default,tasa_feed_Carbon_kg_min,pd,61.9630556023326,135.970519660741,
Fusión_sn_kg_default,tasa_feed_Carbon_kg_min,ale,17.307243464000678,-74.18496333878974,
Fusión_sn_kg_default,tasa_feed_Carbon_kg_min,ale,32.45204664338719,-72.93187111132104,
Fusión_sn_kg_default,tasa_feed_Carbon_kg_min,ale,35.76828393930563,-70.34428012228919,
Fusión_sn_kg_default,tasa_feed_Carbon_kg_min,ale,38.40414114219976,-63.30309377833365,
Fusión_sn_kg_default,tasa_feed_Carbon_kg_min,ale,40.2208885559958,-57.596406195941256,
Fusión_sn_kg_default,tasa_feed_Carbon_kg_min,ale,41.84776863644097,-55.06493016211334,
Fusión_sn_kg_default,tasa_feed_Carbon_kg_min,ale,43.568640329950824,-42.74966421369643,
Fusión_sn_kg_default,tasa_feed_Carbon_kg_min,ale,45.086930829438394,-32.965874299107426,
Fusión_sn_kg_default,tasa_feed_Carbon_kg_min,ale,46.24929912408507,-32.58799735862231,
Fusión_sn_kg_default,tasa_feed_Carbon_kg_min,ale,47.29814354529748,-32.210120418137194,
Fusión_sn_kg_default,tasa_feed_Carbon_kg_min,ale,48.20478888780762,-18.081703914593064,
Fusión_sn_kg_default,tasa_feed_Carbon_kg_min,ale,49.11335306239671,-2.58706923247523,
Fusión_sn_kg_default,tasa_feed_Carbon_kg_min,ale,50.06467196124669,4.1141748776156675,
Fusión_sn_kg_default,tasa_feed_Carbon_kg_min,ale,50.92107966135961,9.449200809132861,
Fusión_sn_kg_default,tasa_feed_Carbon_kg_min,ale,51.721914727373786,9.449200809132861,
Fusión_sn_kg_default,tasa_feed_Carbon_kg_min,ale,52.696932764457266,32.95250029784577,
Fusión_sn_kg_default,tasa_feed_Carbon_kg_min,ale,53.80838461857073,67.80529632312806,
Fusión_sn_kg_default,tasa_feed_Carbon_kg_min,ale,55.2987032132336,108.33604171218184,
Fusión_sn_kg_default,tasa_feed_Carbon_kg_min,ale,57.24780913099417,141.44856886432174,
Fusión_sn_kg_default,tasa_feed_Carbon_kg_min,ale,62.78947451838354,180.2046051487071,
Fusión_sn_kg_default,tasa_feed_Carbon_kg_min,shap_decil,30.811350997770678,-54.08373929887439,0.0
Fusión_sn_kg_default,tasa_feed_Carbon_kg_min,shap_decil,37.4555184969338,-55.23841981352611,0.0
Fusión_sn_kg_default,tasa_feed_Carbon_kg_min,shap_decil,41.084700619762756,-49.64898431946251,0.0
Fusión_sn_kg_default,tasa_feed_Carbon_kg_min,shap_decil,44.526280836219925,-38.453926606280504,0.017241379310344827
Fusión_sn_kg_default,tasa_feed_Carbon_kg_min,shap_decil,46.8517081497062,-35.670911618423496,0.0
Fusión_sn_kg_default,tasa_feed_Carbon_kg_min,shap_decil,48.66512633246167,-16.206202671699078,0.25287356321839083
Fusión_sn_kg_default,tasa_feed_Carbon_kg_min,shap_decil,50.5674486513739,7.31859672913235,0.8218390804597702
Fusión_sn_kg_default,tasa_feed_Carbon_kg_min,shap_decil,52.16877921082438,19.192892992115986,0.9195402298850575
Fusión_sn_kg_default,tasa_feed_Carbon_kg_min,shap_decil,54.37632742677945,77.46645642469093,1.0
Fusión_sn_kg_default,tasa_feed_Carbon_kg_min,shap_decil,58.293072367823406,133.26340979107965,1.0
Fusión_sn_kg_default,relacion_CaO_carga,pd,8.340793043412837e-26,717.4798287691204,
Fusión_sn_kg_default,relacion_CaO_carga,pd,0.006952400632211755,717.4798287691204,
Fusión_sn_kg_default,relacion_CaO_carga,pd,0.01390480126442351,717.4798287691204,
Fusión_sn_kg_default,relacion_CaO_carga,pd,0.020857201896635265,717.4798287691204,
Fusión_sn_kg_default,relacion_CaO_carga,pd,0.02780960252884702,717.4798287691204,
Fusión_sn_kg_default,relacion_CaO_carga,pd,0.03476200316105878,717.4798287691204,
Fusión_sn_kg_default,relacion_CaO_carga,pd,0.04171440379327053,717.4798287691204,
Fusión_sn_kg_default,relacion_CaO_carga,pd,0.04866680442548229,688.0222280241429,
Fusión_sn_kg_default,relacion_CaO_carga,pd,0.05561920505769404,688.0222280241429,
Fusión_sn_kg_default,relacion_CaO_carga,pd,0.0625716056899058,548.2283947614527,
Fusión_sn_kg_default,relacion_CaO_carga,pd,0.06952400632211755,548.2283947614527,
Fusión_sn_kg_default,relacion_CaO_carga,pd,0.0764764069543293,512.2690370289987,
Fusión_sn_kg_default,relacion_CaO_carga,pd,0.08342880758654106,-122.83498943402412,
Fusión_sn_kg_default,relacion_CaO_carga,pd,0.09038120821875281,-17.436634174926002,
Fusión_sn_kg_default,relacion_CaO_carga,pd,0.09733360885096458,4.760052099229477,
Fusión_sn_kg_default,relacion_CaO_carga,pd,0.10428600948317633,-190.8796095226087,
Fusión_sn_kg_default,relacion_CaO_carga,pd,0.11123841011538808,-225.88250581835416,
Fusión_sn_kg_default,relacion_CaO_carga,pd,0.11819081074759984,-72.8842981729114,
Fusión_sn_kg_default,relacion_CaO_carga,pd,0.1251432113798116,-68.89554181341012,
Fusión_sn_kg_default,relacion_CaO_carga,pd,0.13209561201202336,77.65684762482906,
Fusión_sn_kg_default,relacion_CaO_carga,ale,0.03263537646557938,382.445223613361,
Fusión_sn_kg_default,relacion_CaO_carga,ale,0.075154619532336,129.6961186798543,
Fusión_sn_kg_default,relacion_CaO_carga,ale,0.08782585914710347,6.529167959162805,
Fusión_sn_kg_default,relacion_CaO_carga,ale,0.09147638790335255,25.323761528167893,
Fusión_sn_kg_default,relacion_CaO_carga,ale,0.09372318516692749,37.56321968775819,
Fusión_sn_kg_default,relacion_CaO_carga,ale,0.0955994403433663,50.473982361631954,
Fusión_sn_kg_default,relacion_CaO_carga,ale,0.09664247481163193,52.61896140855606,
Fusión_sn_kg_default,relacion_CaO_carga,ale,0.0977764204802103,68.21292854913213,
Fusión_sn_kg_default,relacion_CaO_carga,ale,0.09879208722125637,70.5984590330309,
Fusión_sn_kg_default,relacion_CaO_carga,ale,0.0996585343101411,41.72369584478588,
Fusión_sn_kg_default,relacion_CaO_carga,ale,0.10052598008070456,-1.2174244013340285,
Fusión_sn_kg_default,relacion_CaO_carga,ale,0.10137163406715083,-11.235574247148293,
Fusión_sn_kg_default,relacion_CaO_carga,ale,0.1023357385112431,-70.23277754111268,
Fusión_sn_kg_default,relacion_CaO_carga,ale,0.10354512544351756,-141.6426025928588,
Fusión_sn_kg_default,relacion_CaO_carga,ale,0.10475912356050986,-135.15382194721826,
Fusión_sn_kg_default,relacion_CaO_carga,ale,0.10600360859234828,-118.10458571340348,
Fusión_sn_kg_default,relacion_CaO_carga,ale,0.10751472554068556,-117.37655128892538,
Fusión_sn_kg_default,relacion_CaO_carga,ale,0.10995908254789488,-139.41500568328433,
Fusión_sn_kg_default,relacion_CaO_carga,ale,0.11488363119786714,-113.03304671750368,
Fusión_sn_kg_default,relacion_CaO_carga,ale,0.1553430418241446,-22.392251156804264,
Fusión_sn_kg_default,relacion_CaO_carga,shap_decil,0.06511000252595844,535.8930634907165,0.9257142857142857
Fusión_sn_kg_default,relacion_CaO_carga,shap_decil,0.09061327280307166,-21.651682688201586,0.47126436781609193
Fusión_sn_kg_default,relacion_CaO_carga,shap_decil,0.09510682668784359,18.9803970682395,0.4827586206896552
Fusión_sn_kg_default,relacion_CaO_carga,shap_decil,0.09719003656982918,20.31535539059355,0.6149425287356322
Fusión_sn_kg_default,relacion_CaO_carga,shap_decil,0.09922623942478397,2.595029923010859,0.4685714285714286
Fusión_sn_kg_default,relacion_CaO_carga,shap_decil,0.10095943115752964,-64.28555963591592,0.12643678160919541
Fusión_sn_kg_default,relacion_CaO_carga,shap_decil,0.1028874952882046,-126.7729777934365,0.040229885057471264
Fusión_sn_kg_default,relacion_CaO_carga,shap_decil,0.10531532576976305,-172.11078690035384,0.005747126436781609
Fusión_sn_kg_default,relacion_CaO_carga,shap_decil,0.10833620334888928,-159.95524674515752,0.0
Fusión_sn_kg_default,relacion_CaO_carga,shap_decil,0.11820610503843038,-78.34243312728435,0.21142857142857144
Fusión_sn_kg_default,tasa_gn_nm3_min,pd,25.63223364896044,-86.76674323537775,
Fusión_sn_kg_default,tasa_gn_nm3_min,pd,25.964700201868805,-86.76674323537775,
Fusión_sn_kg_default,tasa_gn_nm3_min,pd,26.29716675477717,-86.76674323537775,
Fusión_sn_kg_default,tasa_gn_nm3_min,pd,26.629633307685534,-86.76674323537775,
Fusión_sn_kg_default,tasa_gn_nm3_min,pd,26.9620998605939,-86.76674323537775,
Fusión_sn_kg_default,tasa_gn_nm3_min,pd,27.294566413502263,-86.76674323537775,
Fusión_sn_kg_default,tasa_gn_nm3_min,pd,27.627032966410628,-86.76674323537775,
Fusión_sn_kg_default,tasa_gn_nm3_min,pd,27.959499519318992,165.24275639945589,
Fusión_sn_kg_default,tasa_gn_nm3_min,pd,28.291966072227357,157.23903576197708,
Fusión_sn_kg_default,tasa_gn_nm3_min,pd,28.62443262513572,-68.79611113605053,
Fusión_sn_kg_default,tasa_gn_nm3_min,pd,28.95689917804409,-69.36514721710633,
Fusión_sn_kg_default,tasa_gn_nm3_min,pd,29.289365730952454,-96.70506631221268,
Fusión_sn_kg_default,tasa_gn_nm3_min,pd,29.62183228386082,-102.73706466810728,
Fusión_sn_kg_default,tasa_gn_nm3_min,pd,29.954298836769183,-73.24286488601729,
Fusión_sn_kg_default,tasa_gn_nm3_min,pd,30.286765389677548,-124.84163495088387,
Fusión_sn_kg_default,tasa_gn_nm3_min,pd,30.619231942585913,-16.74806088865023,
Fusión_sn_kg_default,tasa_gn_nm3_min,pd,30.951698495494277,76.5857933911587,
Fusión_sn_kg_default,tasa_gn_nm3_min,pd,31.28416504840264,-101.48811735392283,
Fusión_sn_kg_default,tasa_gn_nm3_min,pd,31.616631601311006,75.50236830526572,
Fusión_sn_kg_default,tasa_gn_nm3_min,pd,31.94909815421937,425.3767578631167,
Fusión_sn_kg_default,tasa_gn_nm3_min,ale,22.220183962006498,-46.51049870124881,
Fusión_sn_kg_default,tasa_gn_nm3_min,ale,28.077150319133686,-134.94349150420805,
Fusión_sn_kg_default,tasa_gn_nm3_min,ale,29.033378542547894,-130.12461341704528,
Fusión_sn_kg_default,tasa_gn_nm3_min,ale,29.5580358685156,-142.15561399705257,
Fusión_sn_kg_default,tasa_gn_nm3_min,ale,29.832299908668908,-125.73988106490079,
Fusión_sn_kg_default,tasa_gn_nm3_min,ale,30.00909080077038,-117.1814171354133,
Fusión_sn_kg_default,tasa_gn_nm3_min,ale,30.170888784657272,-125.62862483069777,
Fusión_sn_kg_default,tasa_gn_nm3_min,ale,30.323925405834608,-153.07148133795943,
Fusión_sn_kg_default,tasa_gn_nm3_min,ale,30.457212994532938,-169.3846793931807,
Fusión_sn_kg_default,tasa_gn_nm3_min,ale,30.57086614164726,-103.14706294895491,
Fusión_sn_kg_default,tasa_gn_nm3_min,ale,30.67492377334171,-85.46619650189236,
Fusión_sn_kg_default,tasa_gn_nm3_min,ale,30.770330246825694,-11.021092353189928,
Fusión_sn_kg_default,tasa_gn_nm3_min,ale,30.847665965722342,107.97035994496522,
Fusión_sn_kg_default,tasa_gn_nm3_min,ale,30.947877926972687,211.18651735832606,
Fusión_sn_kg_default,tasa_gn_nm3_min,ale,31.059030225076874,198.64340330330498,
Fusión_sn_kg_default,tasa_gn_nm3_min,ale,31.15287443125159,53.66647368925548,
Fusión_sn_kg_default,tasa_gn_nm3_min,ale,31.24514413119266,3.1079081164483284,
Fusión_sn_kg_default,tasa_gn_nm3_min,ale,31.37005665772725,100.32637233792902,
Fusión_sn_kg_default,tasa_gn_nm3_min,ale,31.545222909098655,230.14883153235309,
Fusión_sn_kg_default,tasa_gn_nm3_min,ale,32.05079874152498,436.03311388892354,
Fusión_sn_kg_default,tasa_gn_nm3_min,shap_decil,27.464932443124273,29.918015919110353,0.46285714285714286
Fusión_sn_kg_default,tasa_gn_nm3_min,shap_decil,29.383706430731408,-86.50752569218854,0.028735632183908046
Fusión_sn_kg_default,tasa_gn_nm3_min,shap_decil,29.931626314346126,-55.92318218108155,0.034482758620689655
Fusión_sn_kg_default,tasa_gn_nm3_min,shap_decil,30.255184953908916,-86.09564163395932,0.0
Fusión_sn_kg_default,tasa_gn_nm3_min,shap_decil,30.52187300586196,-116.76556115410912,0.08571428571428572
Fusión_sn_kg_default,tasa_gn_nm3_min,shap_decil,30.729939879311456,-39.51174034621157,0.3333333333333333
Fusión_sn_kg_default,tasa_gn_nm3_min,shap_decil,30.884605373806423,100.31977678047771,0.9770114942528736
Fusión_sn_kg_default,tasa_gn_nm3_min,shap_decil,31.10688875690715,45.627167697378006,0.3850574712643678
Fusión_sn_kg_default,tasa_gn_nm3_min,shap_decil,31.29119585030041,-26.58997624807547,0.3045977011494253
Fusión_sn_kg_default,tasa_gn_nm3_min,shap_decil,31.641995969593015,214.04949986969137,0.7314285714285714
Fusión_sn_kg_default,exceso_o2_combustion_pct,pd,16.096312617362788,215.92972414789602,
Fusión_sn_kg_default,exceso_o2_combustion_pct,pd,16.51663118986212,215.92972414789602,
Fusión_sn_kg_default,exceso_o2_combustion_pct,pd,16.936949762361454,215.92972414789602,
Fusión_sn_kg_default,exceso_o2_combustion_pct,pd,17.357268334860787,215.92972414789602,
Fusión_sn_kg_default,exceso_o2_combustion_pct,pd,17.77758690736012,215.92972414789602,
Fusión_sn_kg_default,exceso_o2_combustion_pct,pd,18.197905479859458,215.92972414789602,
Fusión_sn_kg_default,exceso_o2_combustion_pct,pd,18.61822405235879,-13.726216511409952,
Fusión_sn_kg_default,exceso_o2_combustion_pct,pd,19.038542624858124,-18.729768169525396,
Fusión_sn_kg_default,exceso_o2_combustion_pct,pd,19.458861197357457,18.659867145259337,
Fusión_sn_kg_default,exceso_o2_combustion_pct,pd,19.87917976985679,22.43909009205115,
Fusión_sn_kg_default,exceso_o2_combustion_pct,pd,20.299498342356124,15.629687662453914,
Fusión_sn_kg_default,exceso_o2_combustion_pct,pd,20.719816914855457,25.43886699250456,
Fusión_sn_kg_default,exceso_o2_combustion_pct,pd,21.14013548735479,29.642458238264734,
Fusión_sn_kg_default,exceso_o2_combustion_pct,pd,21.560454059854123,49.51933423272027,
Fusión_sn_kg_default,exceso_o2_combustion_pct,pd,21.980772632353457,49.51933423272027,
Fusión_sn_kg_default,exceso_o2_combustion_pct,pd,22.401091204852793,49.51933423272027,
Fusión_sn_kg_default,exceso_o2_combustion_pct,pd,22.821409777352127,49.51933423272027,
Fusión_sn_kg_default,exceso_o2_combustion_pct,pd,23.24172834985146,49.51933423272027,
Fusión_sn_kg_default,exceso_o2_combustion_pct,pd,23.662046922350793,49.51933423272027,
Fusión_sn_kg_default,exceso_o2_combustion_pct,pd,24.082365494850126,49.51933423272027,
Fusión_sn_kg_default,exceso_o2_combustion_pct,ale,3.5085621977544648,-15.080695874754497,
Fusión_sn_kg_default,exceso_o2_combustion_pct,ale,18.42211116101923,66.24899945413915,
Fusión_sn_kg_default,exceso_o2_combustion_pct,ale,18.503567659143847,14.138362965357516,
Fusión_sn_kg_default,exceso_o2_combustion_pct,ale,18.56282856767679,-4.176808877269536,
Fusión_sn_kg_default,exceso_o2_combustion_pct,ale,18.615947384408848,-28.880515432309338,
Fusión_sn_kg_default,exceso_o2_combustion_pct,ale,18.663259232606123,-49.52008998573078,
Fusión_sn_kg_default,exceso_o2_combustion_pct,ale,18.701111043762396,-64.41819673097746,
Fusión_sn_kg_default,exceso_o2_combustion_pct,ale,18.736420938068058,-89.59417523878257,
Fusión_sn_kg_default,exceso_o2_combustion_pct,ale,18.777430516653425,-95.32941158203406,
Fusión_sn_kg_default,exceso_o2_combustion_pct,ale,18.82012791411047,-77.98242337705162,
Fusión_sn_kg_default,exceso_o2_combustion_pct,ale,18.862353400196383,-88.86510746861799,
Fusión_sn_kg_default,exceso_o2_combustion_pct,ale,18.90482189898316,-45.71349373208061,
Fusión_sn_kg_default,exceso_o2_combustion_pct,ale,18.95344759760571,9.335791526702366,
Fusión_sn_kg_default,exceso_o2_combustion_pct,ale,19.012204443900124,18.64938395522134,
Fusión_sn_kg_default,exceso_o2_combustion_pct,ale,19.082830012918123,36.42571688761333,
Fusión_sn_kg_default,exceso_o2_combustion_pct,ale,19.18102210807475,142.14742702255583,
Fusión_sn_kg_default,exceso_o2_combustion_pct,ale,19.319977409941735,138.49441599054242,
Fusión_sn_kg_default,exceso_o2_combustion_pct,ale,19.60520154175384,38.62039312880822,
Fusión_sn_kg_default,exceso_o2_combustion_pct,ale,20.47115139980713,43.206293156080875,
Fusión_sn_kg_default,exceso_o2_combustion_pct,ale,38.93428656141357,52.75741813348728,
Fusión_sn_kg_default,exceso_o2_combustion_pct,shap_decil,18.371893525587513,68.80470823427432,0.7942857142857143
Fusión_sn_kg_default,exceso_o2_combustion_pct,shap_decil,18.535025781173793,33.9678841652498,0.8448275862068966
Fusión_sn_kg_default,exceso_o2_combustion_pct,shap_decil,18.641064861755677,-5.839770179441011,0.4885057471264368
Fusión_sn_kg_default,exceso_o2_combustion_pct,shap_decil,18.716624690400756,-64.05634882461034,0.005747126436781609
Fusión_sn_kg_default,exceso_o2_combustion_pct,shap_decil,18.798803069461144,-78.37428676062687,0.0
Fusión_sn_kg_default,exceso_o2_combustion_pct,shap_decil,18.883539460084865,-83.00440154266475,0.011494252873563218
Fusión_sn_kg_default,exceso_o2_combustion_pct,shap_decil,18.98055070879634,-31.926279606189826,0.10344827586206896
Fusión_sn_kg_default,exceso_o2_combustion_pct,shap_decil,19.121741148691875,18.407662238819526,0.3620689655172414
Fusión_sn_kg_default,exceso_o2_combustion_pct,shap_decil,19.39787437967508,77.63567576452013,0.6781609195402298
Fusión_sn_kg_default,exceso_o2_combustion_pct,shap_decil,21.13259308814608,22.35496627723837,0.5657142857142857
Fusión_sn_kg_default,basicidad_B2_prev,pd,0.44264535420089823,-592.7924353769682,
Fusión_sn_kg_default,basicidad_B2_prev,pd,0.45351516617805804,-165.47115533794667,
Fusión_sn_kg_default,basicidad_B2_prev,pd,0.4643849781552178,63.532657568541644,
Fusión_sn_kg_default,basicidad_B2_prev,pd,0.4752547901323776,-53.693822027265696,
Fusión_sn_kg_default,basicidad_B2_prev,pd,0.48612460210953734,-69.72731537433329,
Fusión_sn_kg_default,basicidad_B2_prev,pd,0.49699441408669714,-84.58668249796493,
Fusión_sn_kg_default,basicidad_B2_prev,pd,0.507864226063857,-13.512827696942635,
Fusión_sn_kg_default,basicidad_B2_prev,pd,0.5187340380410167,-16.494001377770754,
Fusión_sn_kg_default,basicidad_B2_prev,pd,0.5296038500181764,-17.48010492923493,
Fusión_sn_kg_default,basicidad_B2_prev,pd,0.5404736619953362,8.039973850621058,
Fusión_sn_kg_default,basicidad_B2_prev,pd,0.5513434739724961,-6.308288223680342,
Fusión_sn_kg_default,basicidad_B2_prev,pd,0.5622132859496558,-36.169049700151795,
Fusión_sn_kg_default,basicidad_B2_prev,pd,0.5730830979268156,-38.883886105117206,
Fusión_sn_kg_default,basicidad_B2_prev,pd,0.5839529099039753,-40.69917095147388,
Fusión_sn_kg_default,basicidad_B2_prev,pd,0.5948227218811352,-96.89174402789591,
Fusión_sn_kg_default,basicidad_B2_prev,pd,0.6056925338582949,16.952191154566908,
Fusión_sn_kg_default,basicidad_B2_prev,pd,0.6165623458354547,16.952191154566908,
Fusión_sn_kg_default,basicidad_B2_prev,pd,0.6274321578126145,-82.09384256869836,
Fusión_sn_kg_default,basicidad_B2_prev,pd,0.6383019697897743,-82.09384256869836,
Fusión_sn_kg_default,basicidad_B2_prev,pd,0.649171781766934,-82.09384256869836,
Fusión_sn_kg_default,basicidad_B2_prev,ale,0.25440756816454985,327.9190635807957,
Fusión_sn_kg_default,basicidad_B2_prev,ale,0.4673104618354478,20.810727193342473,
Fusión_sn_kg_default,basicidad_B2_prev,ale,0.47949437026684494,-62.07324588808524,
Fusión_sn_kg_default,basicidad_B2_prev,ale,0.4885235328563333,-67.1651170449303,
Fusión_sn_kg_default,basicidad_B2_prev,ale,0.49648196201684697,-77.98907639498793,
Fusión_sn_kg_default,basicidad_B2_prev,ale,0.5039506502916835,-54.34321952407254,
Fusión_sn_kg_default,basicidad_B2_prev,ale,0.5100418222010479,-31.930734790091265,
Fusión_sn_kg_default,basicidad_B2_prev,ale,0.515437014519036,-38.57592838907317,
Fusión_sn_kg_default,basicidad_B2_prev,ale,0.5217199769927714,-36.070308667526206,
Fusión_sn_kg_default,basicidad_B2_prev,ale,0.5273866149493012,-34.50290228977008,
Fusión_sn_kg_default,basicidad_B2_prev,ale,0.5323821360197745,-15.658933425255555,
Fusión_sn_kg_default,basicidad_B2_prev,ale,0.5379481364982979,2.8200089758636295,
Fusión_sn_kg_default,basicidad_B2_prev,ale,0.5436904733186665,1.0673050829298063,
Fusión_sn_kg_default,basicidad_B2_prev,ale,0.5500654393684824,-5.404293466287072,
Fusión_sn_kg_default,basicidad_B2_prev,ale,0.556819403597282,-18.77532257694679,
Fusión_sn_kg_default,basicidad_B2_prev,ale,0.5647576645503398,-28.7871568237789,
Fusión_sn_kg_default,basicidad_B2_prev,ale,0.5747355909298872,-22.910266349348944,
Fusión_sn_kg_default,basicidad_B2_prev,ale,0.5883759232169445,62.398000625263194,
Fusión_sn_kg_default,basicidad_B2_prev,ale,0.607450999391595,79.67522045019405,
Fusión_sn_kg_default,basicidad_B2_prev,ale,0.7452802945013592,-3.832369607926694,
Fusión_sn_kg_default,basicidad_B2_prev,shap_decil,0.46000047392803406,4.862013847146474,0.38285714285714284
Fusión_sn_kg_default,basicidad_B2_prev,shap_decil,0.4843852231307796,-49.38698799197451,0.12643678160919541
Fusión_sn_kg_default,basicidad_B2_prev,shap_decil,0.5002967687804283,-36.64945329161957,0.16666666666666666
Fusión_sn_kg_default,basicidad_B2_prev,shap_decil,0.5124783139411248,-26.16237714535117,0.10919540229885058
Fusión_sn_kg_default,basicidad_B2_prev,shap_decil,0.5250550619428076,-17.207519629728793,0.18857142857142858
Fusión_sn_kg_default,basicidad_B2_prev,shap_decil,0.5350709682326686,-5.267012848617946,0.4367816091954023
Fusión_sn_kg_default,basicidad_B2_prev,shap_decil,0.5465298611673506,4.873645022064818,0.6206896551724138
Fusión_sn_kg_default,basicidad_B2_prev,shap_decil,0.560028681785911,-30.028317658073643,0.15517241379310345
Fusión_sn_kg_default,basicidad_B2_prev,shap_decil,0.5799607492546208,-37.023306841538194,0.16666666666666666
Fusión_sn_kg_default,basicidad_B2_prev,shap_decil,0.6181361754075209,18.955813972697108,0.6
Fusión_sn_kg_default,temperatura_horno_celsius_prev,pd,943.789777104058,-0.2046429633218492,
Fusión_sn_kg_default,temperatura_horno_celsius_prev,pd,959.5448828597656,47.802411481908194,
Fusión_sn_kg_default,temperatura_horno_celsius_prev,pd,975.2999886154734,31.774709157681258,
Fusión_sn_kg_default,temperatura_horno_celsius_prev,pd,991.055094371181,116.61153363060188,
Fusión_sn_kg_default,temperatura_horno_celsius_prev,pd,1006.8102001268887,-70.17603740551878,
Fusión_sn_kg_default,temperatura_horno_celsius_prev,pd,1022.5653058825964,-16.51836856604084,
Fusión_sn_kg_default,temperatura_horno_celsius_prev,pd,1038.320411638304,-19.410686897226,
Fusión_sn_kg_default,temperatura_horno_celsius_prev,pd,1054.0755173940117,90.64272992482084,
Fusión_sn_kg_default,temperatura_horno_celsius_prev,pd,1069.8306231497195,16.01832852575406,
Fusión_sn_kg_default,temperatura_horno_celsius_prev,pd,1085.5857289054272,13.684918669911728,
Fusión_sn_kg_default,temperatura_horno_celsius_prev,pd,1101.3408346611347,-173.75128386508635,
Fusión_sn_kg_default,temperatura_horno_celsius_prev,pd,1117.0959404168425,-43.96329473463788,
Fusión_sn_kg_default,temperatura_horno_celsius_prev,pd,1132.8510461725502,-104.58609106213034,
Fusión_sn_kg_default,temperatura_horno_celsius_prev,pd,1148.606151928258,61.01944806611076,
Fusión_sn_kg_default,temperatura_horno_celsius_prev,pd,1164.3612576839655,54.94728237423014,
Fusión_sn_kg_default,temperatura_horno_celsius_prev,pd,1180.1163634396733,65.18630519231806,
Fusión_sn_kg_default,temperatura_horno_celsius_prev,pd,1195.871469195381,100.47468990662935,
Fusión_sn_kg_default,temperatura_horno_celsius_prev,pd,1211.6265749510885,88.47113557046244,
Fusión_sn_kg_default,temperatura_horno_celsius_prev,pd,1227.3816807067963,89.24816039099771,
Fusión_sn_kg_default,temperatura_horno_celsius_prev,pd,1243.136786462504,90.78035655730713,
Fusión_sn_kg_default,temperatura_horno_celsius_prev,ale,941.115861166742,-30.340301716245634,
Fusión_sn_kg_default,temperatura_horno_celsius_prev,ale,967.9400033955013,-17.839874936236573,
Fusión_sn_kg_default,temperatura_horno_celsius_prev,ale,985.8611043004153,-69.04690631098813,
Fusión_sn_kg_default,temperatura_horno_celsius_prev,ale,1003.8880656242952,-109.46049177132377,
Fusión_sn_kg_default,temperatura_horno_celsius_prev,ale,1020.5855590415265,-57.05505061913422,
Fusión_sn_kg_default,temperatura_horno_celsius_prev,ale,1032.832675101511,-37.15075226541791,
Fusión_sn_kg_default,temperatura_horno_celsius_prev,ale,1041.970730373861,-35.02065005797314,
Fusión_sn_kg_default,temperatura_horno_celsius_prev,ale,1051.4789881049326,33.8535286094763,
Fusión_sn_kg_default,temperatura_horno_celsius_prev,ale,1061.3102056559144,61.80809181936171,
Fusión_sn_kg_default,temperatura_horno_celsius_prev,ale,1071.7768978244744,24.146120547708076,
Fusión_sn_kg_default,temperatura_horno_celsius_prev,ale,1083.7259141086224,74.79160933628489,
Fusión_sn_kg_default,temperatura_horno_celsius_prev,ale,1096.416231570572,-15.221833384456591,
Fusión_sn_kg_default,temperatura_horno_celsius_prev,ale,1109.0172781252184,-99.04524405437873,
Fusión_sn_kg_default,temperatura_horno_celsius_prev,ale,1121.7770435033867,-77.06782584094773,
Fusión_sn_kg_default,temperatura_horno_celsius_prev,ale,1135.019379147361,-110.21354482762037,
Fusión_sn_kg_default,temperatura_horno_celsius_prev,ale,1148.414119092502,11.406424558063872,
Fusión_sn_kg_default,temperatura_horno_celsius_prev,ale,1162.9567577610187,114.91778858361648,
Fusión_sn_kg_default,temperatura_horno_celsius_prev,ale,1180.2630648734753,104.7908065603239,
Fusión_sn_kg_default,temperatura_horno_celsius_prev,ale,1203.720846932982,122.9455222325248,
Fusión_sn_kg_default,temperatura_horno_celsius_prev,ale,1275.4399859109656,107.6365789649898,
Fusión_sn_kg_default,temperatura_horno_celsius_prev,shap_decil,959.0846305816624,16.132601517372642,0.5542857142857143
Fusión_sn_kg_default,temperatura_horno_celsius_prev,shap_decil,995.0011408907585,-22.443221519607725,0.3620689655172414
Fusión_sn_kg_default,temperatura_horno_celsius_prev,shap_decil,1028.322869392729,-20.842937831917865,0.23563218390804597
Fusión_sn_kg_default,temperatura_horno_celsius_prev,shap_decil,1046.5878827187107,-0.41249957254377173,0.40804597701149425
Fusión_sn_kg_default,temperatura_horno_celsius_prev,shap_decil,1066.3102618514395,22.681019246191834,0.76
Fusión_sn_kg_default,temperatura_horno_celsius_prev,shap_decil,1090.1878047962864,-47.145403962709786,0.4540229885057471
Fusión_sn_kg_default,temperatura_horno_celsius_prev,shap_decil,1115.4016787424723,-52.94463767037674,0.16666666666666666
Fusión_sn_kg_default,temperatura_horno_celsius_prev,shap_decil,1141.8462120049294,-36.444747979319274,0.3563218390804598
Fusión_sn_kg_default,temperatura_horno_celsius_prev,shap_decil,1170.9262586216744,72.20948603133502,0.9080459770114943
Fusión_sn_kg_default,temperatura_horno_celsius_prev,shap_decil,1217.9267616420902,61.640188794273115,0.8514285714285714
Fusión_sn_kg_default,frac_carga_secundaria,pd,0.00033223387258801663,-293.06475000522676,
Fusión_sn_kg_default,frac_carga_secundaria,pd,0.03221293080183141,-293.06475000522676,
Fusión_sn_kg_default,frac_carga_secundaria,pd,0.0640936277310748,-293.06475000522676,
Fusión_sn_kg_default,frac_carga_secundaria,pd,0.09597432466031819,-293.06475000522676,
Fusión_sn_kg_default,frac_carga_secundaria,pd,0.12785502158956158,-293.06475000522676,
Fusión_sn_kg_default,frac_carga_secundaria,pd,0.15973571851880497,-293.06475000522676,
Fusión_sn_kg_default,frac_carga_secundaria,pd,0.19161641544804836,-293.06475000522676,
Fusión_sn_kg_default,frac_carga_secundaria,pd,0.22349711237729175,-293.06475000522676,
Fusión_sn_kg_default,frac_carga_secundaria,pd,0.25537780930653514,-293.06475000522676,
Fusión_sn_kg_default,frac_carga_secundaria,pd,0.28725850623577853,-293.06475000522676,
Fusión_sn_kg_default,frac_carga_secundaria,pd,0.3191392031650219,-293.06475000522676,
Fusión_sn_kg_default,frac_carga_secundaria,pd,0.3510199000942653,-294.5126326071985,
Fusión_sn_kg_default,frac_carga_secundaria,pd,0.3829005970235087,-28.56392369820013,
Fusión_sn_kg_default,frac_carga_secundaria,pd,0.4147812939527521,-7.65597719982,
Fusión_sn_kg_default,frac_carga_secundaria,pd,0.4466619908819955,-25.128150918838113,
Fusión_sn_kg_default,frac_carga_secundaria,pd,0.4785426878112389,-56.56685621735112,
Fusión_sn_kg_default,frac_carga_secundaria,pd,0.5104233847404822,-220.47274943961156,
Fusión_sn_kg_default,frac_carga_secundaria,pd,0.5423040816697255,-45.491282067097494,
Fusión_sn_kg_default,frac_carga_secundaria,pd,0.574184778598969,507.0223783757935,
Fusión_sn_kg_default,frac_carga_secundaria,pd,0.6060654755282124,507.0223783757935,
Fusión_sn_kg_default,frac_carga_secundaria,ale,0.18583086066142346,-1.214571646247748,
Fusión_sn_kg_default,frac_carga_secundaria,ale,0.3829798965033783,142.21965794666144,
Fusión_sn_kg_default,frac_carga_secundaria,ale,0.3977472377377818,40.676675997559954,
Fusión_sn_kg_default,frac_carga_secundaria,ale,0.4056387956749017,27.165370019192295,
Fusión_sn_kg_default,frac_carga_secundaria,ale,0.41786815633895696,16.99315571742281,
Fusión_sn_kg_default,frac_carga_secundaria,ale,0.430606173724647,51.37495536114167,
Fusión_sn_kg_default,frac_carga_secundaria,ale,0.4394434940517774,28.32767261584226,
Fusión_sn_kg_default,frac_carga_secundaria,ale,0.4455005638652373,-27.453454649643476,
Fusión_sn_kg_default,frac_carga_secundaria,ale,0.4501198832544794,-27.166298483564702,
Fusión_sn_kg_default,frac_carga_secundaria,ale,0.4543642999502139,-26.12498322648878,
Fusión_sn_kg_default,frac_carga_secundaria,ale,0.45754251299582804,-56.62085653952761,
Fusión_sn_kg_default,frac_carga_secundaria,ale,0.46029495160238976,-87.87088894356359,
Fusión_sn_kg_default,frac_carga_secundaria,ale,0.46338917472250873,-89.6068575659441,
Fusión_sn_kg_default,frac_carga_secundaria,ale,0.46731506385630134,-86.52054705962072,
Fusión_sn_kg_default,frac_carga_secundaria,ale,0.4726334299434261,-79.63851890728503,
Fusión_sn_kg_default,frac_carga_secundaria,ale,0.47949355658448845,-62.481701204190955,
Fusión_sn_kg_default,frac_carga_secundaria,ale,0.48999378980916786,-136.67711401496672,
Fusión_sn_kg_default,frac_carga_secundaria,ale,0.5044174800520586,-213.97053143440183,
Fusión_sn_kg_default,frac_carga_secundaria,ale,0.5456363847304699,127.22843787227887,
Fusión_sn_kg_default,frac_carga_secundaria,ale,0.7144652427142584,456.4283431081567,
Fusión_sn_kg_default,frac_carga_secundaria,shap_decil,0.37163652158591415,-107.05650361775562,0.29714285714285715
Fusión_sn_kg_default,frac_carga_secundaria,shap_decil,0.40121193048409876,11.632235484124953,0.7471264367816092
Fusión_sn_kg_default,frac_carga_secundaria,shap_decil,0.4256549066742993,32.10075547229423,0.6839080459770115
Fusión_sn_kg_default,frac_carga_secundaria,shap_decil,0.4433194092038979,-16.23952564197273,0.16666666666666666
Fusión_sn_kg_default,frac_carga_secundaria,shap_decil,0.4525796614102894,-15.925083044003976,0.18285714285714286
Fusión_sn_kg_default,frac_carga_secundaria,shap_decil,0.4589262951640415,-49.81782546078186,0.05172413793103448
Fusión_sn_kg_default,frac_carga_secundaria,shap_decil,0.46512290273324963,-63.02963720820696,0.005747126436781609
Fusión_sn_kg_default,frac_carga_secundaria,shap_decil,0.47574979061276,-47.42506214339012,0.028735632183908046
Fusión_sn_kg_default,frac_carga_secundaria,shap_decil,0.49673079014402965,-120.19114934627977,0.040229885057471264
Fusión_sn_kg_default,frac_carga_secundaria,shap_decil,0.5792236440970203,347.6577614433634,0.8285714285714286
Fusión_sn_kg_libre,feed_Sn_kgf,pd,4783.78917478861,-2217.3112102496534,
Fusión_sn_kg_libre,feed_Sn_kgf,pd,5244.195889636959,-2181.158927907467,
Fusión_sn_kg_libre,feed_Sn_kgf,pd,5704.602604485307,-1859.3590211624662,
Fusión_sn_kg_libre,feed_Sn_kgf,pd,6165.009319333656,-1521.691029150442,
Fusión_sn_kg_libre,feed_Sn_kgf,pd,6625.416034182004,-732.7908277829508,
Fusión_sn_kg_libre,feed_Sn_kgf,pd,7085.822749030353,-39.91663699037765,
Fusión_sn_kg_libre,feed_Sn_kgf,pd,7546.2294638787025,-7.233894489108556,
Fusión_sn_kg_libre,feed_Sn_kgf,pd,8006.636178727051,95.5961219191975,
Fusión_sn_kg_libre,feed_Sn_kgf,pd,8467.042893575399,116.27394256007342,
Fusión_sn_kg_libre,feed_Sn_kgf,pd,8927.449608423749,637.7426105663402,
Fusión_sn_kg_libre,feed_Sn_kgf,pd,9387.856323272097,1137.0017119248498,
Fusión_sn_kg_libre,feed_Sn_kgf,pd,9848.263038120447,1165.3245272868917,
Fusión_sn_kg_libre,feed_Sn_kgf,pd,10308.669752968795,3562.7328048053364,
Fusión_sn_kg_libre,feed_Sn_kgf,pd,10769.076467817144,3740.579130819321,
Fusión_sn_kg_libre,feed_Sn_kgf,pd,11229.483182665492,4574.600507849645,
Fusión_sn_kg_libre,feed_Sn_kgf,pd,11689.88989751384,4900.150832065563,
Fusión_sn_kg_libre,feed_Sn_kgf,pd,12150.29661236219,4907.552638126201,
Fusión_sn_kg_libre,feed_Sn_kgf,pd,12610.70332721054,5570.301887114268,
Fusión_sn_kg_libre,feed_Sn_kgf,pd,13071.110042058888,5557.47828092298,
Fusión_sn_kg_libre,feed_Sn_kgf,pd,13531.516756907236,5557.47828092298,
Fusión_sn_kg_libre,feed_Sn_kgf,ale,3003.004507258624,-2283.9906286624337,
Fusión_sn_kg_libre,feed_Sn_kgf,ale,5274.100163542514,-1779.41095810848,
Fusión_sn_kg_libre,feed_Sn_kgf,ale,5443.954610154448,-1662.17981239653,
Fusión_sn_kg_libre,feed_Sn_kgf,ale,5594.890044517773,-1496.8534194227798,
Fusión_sn_kg_libre,feed_Sn_kgf,ale,5882.838402650695,-1250.6268041312408,
Fusión_sn_kg_libre,feed_Sn_kgf,ale,6160.425406908385,-1055.24819444169,
Fusión_sn_kg_libre,feed_Sn_kgf,ale,6312.884834197083,-880.1720228135684,
Fusión_sn_kg_libre,feed_Sn_kgf,ale,6504.6444975534405,-564.1007576026395,
Fusión_sn_kg_libre,feed_Sn_kgf,ale,6771.0835652750175,-241.880971259518,
Fusión_sn_kg_libre,feed_Sn_kgf,ale,7006.530751444729,6.394648911333661,
Fusión_sn_kg_libre,feed_Sn_kgf,ale,7177.3441552161685,122.40453180891018,
Fusión_sn_kg_libre,feed_Sn_kgf,ale,7416.516690451777,136.23723344136852,
Fusión_sn_kg_libre,feed_Sn_kgf,ale,7688.569898908505,57.51989839398448,
Fusión_sn_kg_libre,feed_Sn_kgf,ale,7924.526218020135,97.72542474374677,
Fusión_sn_kg_libre,feed_Sn_kgf,ale,8241.240975860128,184.34892855349517,
Fusión_sn_kg_libre,feed_Sn_kgf,ale,8581.677418080355,192.97849291664352,
Fusión_sn_kg_libre,feed_Sn_kgf,ale,9199.533919157722,500.45801317574296,
Fusión_sn_kg_libre,feed_Sn_kgf,ale,10322.823348743277,1883.46479053647,
Fusión_sn_kg_libre,feed_Sn_kgf,ale,11581.531848826351,3316.9705760978077,
Fusión_sn_kg_libre,feed_Sn_kgf,ale,15604.15578713426,4688.252336503599,
Fusión_sn_kg_libre,feed_Sn_kgf,shap_decil,5159.086893086272,-2200.4995947176517,0.0
Fusión_sn_kg_libre,feed_Sn_kgf,shap_decil,5499.848387191201,-1851.5933716130057,0.0
Fusión_sn_kg_libre,feed_Sn_kgf,shap_decil,6075.647182527596,-1404.7162865516896,0.0
Fusión_sn_kg_libre,feed_Sn_kgf,shap_decil,6380.458325760442,-1074.8711053468426,0.0
Fusión_sn_kg_libre,feed_Sn_kgf,shap_decil,6913.765241306926,-239.65200374690627,0.02857142857142857
Fusión_sn_kg_libre,feed_Sn_kgf,shap_decil,7256.546380189106,-19.630869642698123,0.3735632183908046
Fusión_sn_kg_libre,feed_Sn_kgf,shap_decil,7800.125606013091,2.7035654110926512,0.4540229885057471
Fusión_sn_kg_libre,feed_Sn_kgf,shap_decil,8432.606912684469,200.25755464624382,0.9482758620689655
Fusión_sn_kg_libre,feed_Sn_kgf,shap_decil,9645.503533205614,1735.6399303359,1.0
Fusión_sn_kg_libre,feed_Sn_kgf,shap_decil,12190.860286595598,4940.049906953901,1.0
Fusión_sn_kg_libre,sn_inventario_escoria_est_kg_prev,pd,5.249527159397531e-21,76.95639213372094,
Fusión_sn_kg_libre,sn_inventario_escoria_est_kg_prev,pd,668.8986828434868,-129.03603794493972,
Fusión_sn_kg_libre,sn_inventario_escoria_est_kg_prev,pd,1337.7973656869735,-137.88286348073734,
Fusión_sn_kg_libre,sn_inventario_escoria_est_kg_prev,pd,2006.6960485304603,-137.88286348073734,
Fusión_sn_kg_libre,sn_inventario_escoria_est_kg_prev,pd,2675.594731373947,-136.53765526023227,
Fusión_sn_kg_libre,sn_inventario_escoria_est_kg_prev,pd,3344.493414217434,-136.53765526023227,
Fusión_sn_kg_libre,sn_inventario_escoria_est_kg_prev,pd,4013.3920970609206,-134.6699891132979,
Fusión_sn_kg_libre,sn_inventario_escoria_est_kg_prev,pd,4682.290779904408,-132.37880587838603,
Fusión_sn_kg_libre,sn_inventario_escoria_est_kg_prev,pd,5351.189462747894,-132.2883189392852,
Fusión_sn_kg_libre,sn_inventario_escoria_est_kg_prev,pd,6020.08814559138,-111.45835092824834,
Fusión_sn_kg_libre,sn_inventario_escoria_est_kg_prev,pd,6688.986828434868,-32.09180409326614,
Fusión_sn_kg_libre,sn_inventario_escoria_est_kg_prev,pd,7357.885511278355,-5.419129087490867,
Fusión_sn_kg_libre,sn_inventario_escoria_est_kg_prev,pd,8026.784194121841,145.2556800121683,
Fusión_sn_kg_libre,sn_inventario_escoria_est_kg_prev,pd,8695.682876965328,187.53181736524846,
Fusión_sn_kg_libre,sn_inventario_escoria_est_kg_prev,pd,9364.581559808816,608.8892793606095,
Fusión_sn_kg_libre,sn_inventario_escoria_est_kg_prev,pd,10033.480242652302,530.1239217024618,
Fusión_sn_kg_libre,sn_inventario_escoria_est_kg_prev,pd,10702.378925495788,510.9556128058343,
Fusión_sn_kg_libre,sn_inventario_escoria_est_kg_prev,pd,11371.277608339275,587.0996428314506,
Fusión_sn_kg_libre,sn_inventario_escoria_est_kg_prev,pd,12040.17629118276,533.6758054943873,
Fusión_sn_kg_libre,sn_inventario_escoria_est_kg_prev,pd,12709.074974026249,521.8110802669868,
Fusión_sn_kg_libre,sn_inventario_escoria_est_kg_prev,ale,202.49727911740018,25.19298066628079,
Fusión_sn_kg_libre,sn_inventario_escoria_est_kg_prev,ale,600.5411117867942,-147.2137760190438,
Fusión_sn_kg_libre,sn_inventario_escoria_est_kg_prev,ale,910.7775309991757,-156.87876333571836,
Fusión_sn_kg_libre,sn_inventario_escoria_est_kg_prev,ale,1271.1437518408325,-166.54375065239287,
Fusión_sn_kg_libre,sn_inventario_escoria_est_kg_prev,ale,2028.7126389931068,-161.6926514903094,
Fusión_sn_kg_libre,sn_inventario_escoria_est_kg_prev,ale,2809.3503986450764,-156.84155232822593,
Fusión_sn_kg_libre,sn_inventario_escoria_est_kg_prev,ale,3314.6791933325057,-156.84155232822593,
Fusión_sn_kg_libre,sn_inventario_escoria_est_kg_prev,ale,3905.6266779193184,-151.18266152327908,
Fusión_sn_kg_libre,sn_inventario_escoria_est_kg_prev,ale,4551.956565582732,-145.52377071833223,
Fusión_sn_kg_libre,sn_inventario_escoria_est_kg_prev,ale,5088.836351185296,-146.16476118896497,
Fusión_sn_kg_libre,sn_inventario_escoria_est_kg_prev,ale,5622.086768973303,-143.38080003548708,
Fusión_sn_kg_libre,sn_inventario_escoria_est_kg_prev,ale,6152.989110688333,-75.37111641714569,
Fusión_sn_kg_libre,sn_inventario_escoria_est_kg_prev,ale,6625.9231762925865,-12.07948281904686,
Fusión_sn_kg_libre,sn_inventario_escoria_est_kg_prev,ale,7131.593430070469,12.43107999820188,
Fusión_sn_kg_libre,sn_inventario_escoria_est_kg_prev,ale,7630.567327799257,65.46879843821986,
Fusión_sn_kg_libre,sn_inventario_escoria_est_kg_prev,ale,8178.144635200295,103.2759132154344,
Fusión_sn_kg_libre,sn_inventario_escoria_est_kg_prev,ale,8779.477095740938,181.74731849007242,
Fusión_sn_kg_libre,sn_inventario_escoria_est_kg_prev,ale,9459.434492555407,327.99136322258954,
Fusión_sn_kg_libre,sn_inventario_escoria_est_kg_prev,ale,10430.525164537474,401.41903754494876,
Fusión_sn_kg_libre,sn_inventario_escoria_est_kg_prev,ale,18869.33966911247,497.8561431127238,
Fusión_sn_kg_libre,sn_inventario_escoria_est_kg_prev,shap_decil,403.2473863042496,-17.48175282866644,0.2742857142857143
Fusión_sn_kg_libre,sn_inventario_escoria_est_kg_prev,shap_decil,1026.383623616683,-138.22338260713676,0.0
Fusión_sn_kg_libre,sn_inventario_escoria_est_kg_prev,shap_decil,2540.6051709641124,-126.35567571677876,0.0
Fusión_sn_kg_libre,sn_inventario_escoria_est_kg_prev,shap_decil,3550.828726173426,-115.52054979511553,0.0
Fusión_sn_kg_libre,sn_inventario_escoria_est_kg_prev,shap_decil,4844.014636000673,-109.60543538822871,0.0
Fusión_sn_kg_libre,sn_inventario_escoria_est_kg_prev,shap_decil,5914.827256346212,-98.31520260286352,0.06321839080459771
Fusión_sn_kg_libre,sn_inventario_escoria_est_kg_prev,shap_decil,6857.447748479853,-9.889467509068746,0.5632183908045977
Fusión_sn_kg_libre,sn_inventario_escoria_est_kg_prev,shap_decil,7854.239297907895,86.05799756860154,0.8793103448275862
Fusión_sn_kg_libre,sn_inventario_escoria_est_kg_prev,shap_decil,9055.497571752414,299.1513054757431,0.9827586206896551
Fusión_sn_kg_libre,sn_inventario_escoria_est_kg_prev,shap_decil,10999.4126548772,383.2227772097448,0.9885714285714285
Fusión_sn_kg_libre,masa_escoria_est_kg_prev,pd,2.5746211477035864e-20,-166.4463232804583,
Fusión_sn_kg_libre,masa_escoria_est_kg_prev,pd,3161.502250206735,-166.4463232804583,
Fusión_sn_kg_libre,masa_escoria_est_kg_prev,pd,6323.00450041347,-176.86283339876715,
Fusión_sn_kg_libre,masa_escoria_est_kg_prev,pd,9484.506750620205,-188.23157164411683,
Fusión_sn_kg_libre,masa_escoria_est_kg_prev,pd,12646.00900082694,-188.23157164411683,
Fusión_sn_kg_libre,masa_escoria_est_kg_prev,pd,15807.511251033675,-186.08435301871899,
Fusión_sn_kg_libre,masa_escoria_est_kg_prev,pd,18969.01350124041,-186.08435301871899,
Fusión_sn_kg_libre,masa_escoria_est_kg_prev,pd,22130.515751447143,-187.01370883650654,
Fusión_sn_kg_libre,masa_escoria_est_kg_prev,pd,25292.01800165388,-180.09702924511905,
Fusión_sn_kg_libre,masa_escoria_est_kg_prev,pd,28453.520251860617,-176.87850861379908,
Fusión_sn_kg_libre,masa_escoria_est_kg_prev,pd,31615.02250206735,196.16259808317503,
Fusión_sn_kg_libre,masa_escoria_est_kg_prev,pd,34776.52475227408,170.61744385826327,
Fusión_sn_kg_libre,masa_escoria_est_kg_prev,pd,37938.02700248082,136.6075160530448,
Fusión_sn_kg_libre,masa_escoria_est_kg_prev,pd,41099.52925268756,127.85890025389514,
Fusión_sn_kg_libre,masa_escoria_est_kg_prev,pd,44261.031502894286,117.60455100952483,
Fusión_sn_kg_libre,masa_escoria_est_kg_prev,pd,47422.53375310102,-330.89527551234715,
Fusión_sn_kg_libre,masa_escoria_est_kg_prev,pd,50584.03600330776,-524.7624965268427,
Fusión_sn_kg_libre,masa_escoria_est_kg_prev,pd,53745.538253514496,-353.9966104020837,
Fusión_sn_kg_libre,masa_escoria_est_kg_prev,pd,56907.04050372123,-450.1445183407969,
Fusión_sn_kg_libre,masa_escoria_est_kg_prev,pd,60068.54275392796,-285.2823775800485,
Fusión_sn_kg_libre,masa_escoria_est_kg_prev,ale,2140.090037561552,-57.75281045704233,
Fusión_sn_kg_libre,masa_escoria_est_kg_prev,ale,4782.7455774043465,-58.89860353735939,
Fusión_sn_kg_libre,masa_escoria_est_kg_prev,ale,5530.639309922519,-66.29825901975279,
Fusión_sn_kg_libre,masa_escoria_est_kg_prev,ale,6549.057274810213,-102.8932725572482,
Fusión_sn_kg_libre,masa_escoria_est_kg_prev,ale,10172.708735689708,-134.1382487807743,
Fusión_sn_kg_libre,masa_escoria_est_kg_prev,ale,13655.29620217767,-133.09219922316348,
Fusión_sn_kg_libre,masa_escoria_est_kg_prev,ale,15171.375615214067,-130.0194553281974,
Fusión_sn_kg_libre,masa_escoria_est_kg_prev,ale,18682.950022442317,-129.81228262524863,
Fusión_sn_kg_libre,masa_escoria_est_kg_prev,ale,22253.247602546748,-124.40772941496934,
Fusión_sn_kg_libre,masa_escoria_est_kg_prev,ale,24416.886002706033,-119.03557038068156,
Fusión_sn_kg_libre,masa_escoria_est_kg_prev,ale,27904.600723945863,-116.8681035708722,
Fusión_sn_kg_libre,masa_escoria_est_kg_prev,ale,31458.974416273755,90.51742002254491,
Fusión_sn_kg_libre,masa_escoria_est_kg_prev,ale,33899.276004121464,276.1682701159036,
Fusión_sn_kg_libre,masa_escoria_est_kg_prev,ale,37044.992212758836,235.68952294986454,
Fusión_sn_kg_libre,masa_escoria_est_kg_prev,ale,40662.1564993082,210.35678603809637,
Fusión_sn_kg_libre,masa_escoria_est_kg_prev,ale,43626.527681040694,228.194279270642,
Fusión_sn_kg_libre,masa_escoria_est_kg_prev,ale,46953.238606443265,-61.99515618319842,
Fusión_sn_kg_libre,masa_escoria_est_kg_prev,ale,50590.52984639752,-218.74807691038274,
Fusión_sn_kg_libre,masa_escoria_est_kg_prev,ale,54079.83125470656,-3.2094369959420206,
Fusión_sn_kg_libre,masa_escoria_est_kg_prev,ale,213794.39930879493,413.52185220425804,
Fusión_sn_kg_libre,masa_escoria_est_kg_prev,shap_decil,4279.627842474619,-97.5403550273247,0.0
Fusión_sn_kg_libre,masa_escoria_est_kg_prev,shap_decil,5779.558450488552,-127.29710128216655,0.0
Fusión_sn_kg_libre,masa_escoria_est_kg_prev,shap_decil,13023.270461918437,-138.79636088878567,0.0
Fusión_sn_kg_libre,masa_escoria_est_kg_prev,shap_decil,16043.471455363753,-141.45770227685856,0.0
Fusión_sn_kg_libre,masa_escoria_est_kg_prev,shap_decil,23196.526596718242,-155.4060111366743,0.0
Fusión_sn_kg_libre,masa_escoria_est_kg_prev,shap_decil,30171.676093732152,8.067886583232944,0.43103448275862066
Fusión_sn_kg_libre,masa_escoria_est_kg_prev,shap_decil,35055.38921486212,219.76628107718284,0.9942528735632183
Fusión_sn_kg_libre,masa_escoria_est_kg_prev,shap_decil,42286.38563947388,190.3060538677668,0.9310344827586207
Fusión_sn_kg_libre,masa_escoria_est_kg_prev,shap_decil,48937.43880874122,-291.84401595982644,0.1724137931034483
Fusión_sn_kg_libre,masa_escoria_est_kg_prev,shap_decil,55922.10975673432,-41.3825548333272,0.26857142857142857
Fusión_sn_kg_libre,feo_inventario_escoria_est_kg_prev,pd,4.218664353889222e-21,-402.62371939365374,
Fusión_sn_kg_libre,feo_inventario_escoria_est_kg_prev,pd,582.692731584417,-401.77815652468126,
Fusión_sn_kg_libre,feo_inventario_escoria_est_kg_prev,pd,1165.385463168834,-403.93247498934744,
Fusión_sn_kg_libre,feo_inventario_escoria_est_kg_prev,pd,1748.078194753251,-403.93247498934744,
Fusión_sn_kg_libre,feo_inventario_escoria_est_kg_prev,pd,2330.770926337668,-401.2913155637887,
Fusión_sn_kg_libre,feo_inventario_escoria_est_kg_prev,pd,2913.4636579220846,-381.150145242346,
Fusión_sn_kg_libre,feo_inventario_escoria_est_kg_prev,pd,3496.156389506502,-358.3439724293584,
Fusión_sn_kg_libre,feo_inventario_escoria_est_kg_prev,pd,4078.8491210909187,-347.1741185663082,
Fusión_sn_kg_libre,feo_inventario_escoria_est_kg_prev,pd,4661.541852675336,-351.11679714218445,
Fusión_sn_kg_libre,feo_inventario_escoria_est_kg_prev,pd,5244.234584259752,-266.8199830304102,
Fusión_sn_kg_libre,feo_inventario_escoria_est_kg_prev,pd,5826.927315844169,-242.58914614605794,
Fusión_sn_kg_libre,feo_inventario_escoria_est_kg_prev,pd,6409.620047428586,-7.006139777948485,
Fusión_sn_kg_libre,feo_inventario_escoria_est_kg_prev,pd,6992.312779013004,403.51257066966457,
Fusión_sn_kg_libre,feo_inventario_escoria_est_kg_prev,pd,7575.005510597421,398.53024398042305,
Fusión_sn_kg_libre,feo_inventario_escoria_est_kg_prev,pd,8157.6982421818375,399.5081274740764,
Fusión_sn_kg_libre,feo_inventario_escoria_est_kg_prev,pd,8740.390973766254,839.944640371779,
Fusión_sn_kg_libre,feo_inventario_escoria_est_kg_prev,pd,9323.083705350671,1149.9999201725661,
Fusión_sn_kg_libre,feo_inventario_escoria_est_kg_prev,pd,9905.776436935088,1157.38992745366,
Fusión_sn_kg_libre,feo_inventario_escoria_est_kg_prev,pd,10488.469168519505,1388.2221680632874,
Fusión_sn_kg_libre,feo_inventario_escoria_est_kg_prev,pd,11071.161900103922,1176.2957897316471,
Fusión_sn_kg_libre,feo_inventario_escoria_est_kg_prev,ale,329.64650389851477,-566.2688713075662,
Fusión_sn_kg_libre,feo_inventario_escoria_est_kg_prev,ale,766.2962092428379,-561.2342490585589,
Fusión_sn_kg_libre,feo_inventario_escoria_est_kg_prev,ale,937.8709619409449,-564.9640345503622,
Fusión_sn_kg_libre,feo_inventario_escoria_est_kg_prev,ale,1188.0323164606375,-568.6938200421654,
Fusión_sn_kg_libre,feo_inventario_escoria_est_kg_prev,ale,1766.8671443786582,-568.6938200421654,
Fusión_sn_kg_libre,feo_inventario_escoria_est_kg_prev,ale,2318.2322984476245,-567.0793049583501,
Fusión_sn_kg_libre,feo_inventario_escoria_est_kg_prev,ale,2693.602451618853,-552.7207869245194,
Fusión_sn_kg_libre,feo_inventario_escoria_est_kg_prev,ale,3226.998357839788,-531.9953523983988,
Fusión_sn_kg_libre,feo_inventario_escoria_est_kg_prev,ale,3804.0753943827895,-516.727297602491,
Fusión_sn_kg_libre,feo_inventario_escoria_est_kg_prev,ale,4337.514774762811,-510.818730448371,
Fusión_sn_kg_libre,feo_inventario_escoria_est_kg_prev,ale,4858.484710878407,-477.4317965052584,
Fusión_sn_kg_libre,feo_inventario_escoria_est_kg_prev,ale,5397.809797390411,-438.4813366704288,
Fusión_sn_kg_libre,feo_inventario_escoria_est_kg_prev,ale,5978.057716468641,-208.06077276073978,
Fusión_sn_kg_libre,feo_inventario_escoria_est_kg_prev,ale,6561.074767171131,80.66450297909546,
Fusión_sn_kg_libre,feo_inventario_escoria_est_kg_prev,ale,7173.955355685712,393.23486597683905,
Fusión_sn_kg_libre,feo_inventario_escoria_est_kg_prev,ale,7797.4160330810955,678.3823491258994,
Fusión_sn_kg_libre,feo_inventario_escoria_est_kg_prev,ale,8412.03890401254,934.8614492589257,
Fusión_sn_kg_libre,feo_inventario_escoria_est_kg_prev,ale,9014.859344129061,1300.8658804302704,
Fusión_sn_kg_libre,feo_inventario_escoria_est_kg_prev,ale,9775.170662178014,1506.3250359451285,
Fusión_sn_kg_libre,feo_inventario_escoria_est_kg_prev,ale,15081.142809393943,1731.316220373702,
Fusión_sn_kg_libre,feo_inventario_escoria_est_kg_prev,shap_decil,659.276355491068,-282.538428374987,0.0
Fusión_sn_kg_libre,feo_inventario_escoria_est_kg_prev,shap_decil,1002.6943839548063,-327.13318988493245,0.0
Fusión_sn_kg_libre,feo_inventario_escoria_est_kg_prev,shap_decil,2160.112169029285,-320.00918549805004,0.0
Fusión_sn_kg_libre,feo_inventario_escoria_est_kg_prev,shap_decil,2910.7526537739604,-320.7940584186157,0.0
Fusión_sn_kg_libre,feo_inventario_escoria_est_kg_prev,shap_decil,4065.1825806272377,-360.58032278071215,0.0
Fusión_sn_kg_libre,feo_inventario_escoria_est_kg_prev,shap_decil,5115.244082566805,-330.40050722484216,0.0
Fusión_sn_kg_libre,feo_inventario_escoria_est_kg_prev,shap_decil,6267.483595267006,-50.42526563419301,0.41379310344827586
Fusión_sn_kg_libre,feo_inventario_escoria_est_kg_prev,shap_decil,7493.2034358745605,487.08273491443555,0.9942528735632183
Fusión_sn_kg_libre,feo_inventario_escoria_est_kg_prev,shap_decil,8722.263663776008,833.4874606596504,1.0
Fusión_sn_kg_libre,feo_inventario_escoria_est_kg_prev,shap_decil,10243.619267124197,1189.3945167993284,1.0
Fusión_sn_kg_libre,ley_sn_escoria_pct_prev,pd,10.6663888,-364.01956056617695,
Fusión_sn_kg_libre,ley_sn_escoria_pct_prev,pd,11.44988,-297.45048714657486,
Fusión_sn_kg_libre,ley_sn_escoria_pct_prev,pd,12.233371199999999,-285.44489488320613,
Fusión_sn_kg_libre,ley_sn_escoria_pct_prev,pd,13.016862399999999,-156.94267460536105,
Fusión_sn_kg_libre,ley_sn_escoria_pct_prev,pd,13.800353599999998,-223.82576612691406,
Fusión_sn_kg_libre,ley_sn_escoria_pct_prev,pd,14.583844799999998,-223.82576612691406,
Fusión_sn_kg_libre,ley_sn_escoria_pct_prev,pd,15.367335999999998,-82.12643874564394,
Fusión_sn_kg_libre,ley_sn_escoria_pct_prev,pd,16.150827199999995,44.800376440319305,
Fusión_sn_kg_libre,ley_sn_escoria_pct_prev,pd,16.934318399999995,24.773655746886636,
Fusión_sn_kg_libre,ley_sn_escoria_pct_prev,pd,17.717809599999995,19.211797857732012,
Fusión_sn_kg_libre,ley_sn_escoria_pct_prev,pd,18.501300799999996,37.4946444480807,
Fusión_sn_kg_libre,ley_sn_escoria_pct_prev,pd,19.284791999999996,23.467317751320895,
Fusión_sn_kg_libre,ley_sn_escoria_pct_prev,pd,20.068283199999996,3.5057083096402883,
Fusión_sn_kg_libre,ley_sn_escoria_pct_prev,pd,20.851774399999993,-32.130089290845596,
Fusión_sn_kg_libre,ley_sn_escoria_pct_prev,pd,21.635265599999993,106.67365915960907,
Fusión_sn_kg_libre,ley_sn_escoria_pct_prev,pd,22.41875679999999,93.62391821403739,
Fusión_sn_kg_libre,ley_sn_escoria_pct_prev,pd,23.20224799999999,108.97541994180591,
Fusión_sn_kg_libre,ley_sn_escoria_pct_prev,pd,23.98573919999999,124.3189856592329,
Fusión_sn_kg_libre,ley_sn_escoria_pct_prev,pd,24.76923039999999,130.44205956167534,
Fusión_sn_kg_libre,ley_sn_escoria_pct_prev,pd,25.55272159999999,122.33746922566114,
Fusión_sn_kg_libre,ley_sn_escoria_pct_prev,ale,6.47299,-335.68010126024114,
Fusión_sn_kg_libre,ley_sn_escoria_pct_prev,ale,13.780429999999999,-250.51969231118508,
Fusión_sn_kg_libre,ley_sn_escoria_pct_prev,ale,15.135605,-208.68103499278982,
Fusión_sn_kg_libre,ley_sn_escoria_pct_prev,ale,16.137915,-81.23169099791,
Fusión_sn_kg_libre,ley_sn_escoria_pct_prev,ale,16.994825,-15.63354642291489,
Fusión_sn_kg_libre,ley_sn_escoria_pct_prev,ale,17.613935,-31.118736524135386,
Fusión_sn_kg_libre,ley_sn_escoria_pct_prev,ale,18.172595,-2.4335006031632815,
Fusión_sn_kg_libre,ley_sn_escoria_pct_prev,ale,18.717185,31.124567789520142,
Fusión_sn_kg_libre,ley_sn_escoria_pct_prev,ale,19.22756,20.983956914435964,
Fusión_sn_kg_libre,ley_sn_escoria_pct_prev,ale,19.68266,-1.94202284862655,
Fusión_sn_kg_libre,ley_sn_escoria_pct_prev,ale,20.090805000000003,-17.450392226244446,
Fusión_sn_kg_libre,ley_sn_escoria_pct_prev,ale,20.467465,-33.55928745241414,
Fusión_sn_kg_libre,ley_sn_escoria_pct_prev,ale,20.861095,97.83263910312354,
Fusión_sn_kg_libre,ley_sn_escoria_pct_prev,ale,21.278365,169.5565625930987,
Fusión_sn_kg_libre,ley_sn_escoria_pct_prev,ale,21.66833,104.38402602296986,
Fusión_sn_kg_libre,ley_sn_escoria_pct_prev,ale,22.08077,97.02439494100457,
Fusión_sn_kg_libre,ley_sn_escoria_pct_prev,ale,22.584880000000002,97.38412632847616,
Fusión_sn_kg_libre,ley_sn_escoria_pct_prev,ale,23.1945,114.75009096887624,
Fusión_sn_kg_libre,ley_sn_escoria_pct_prev,ale,23.993935,126.47277213038859,
Fusión_sn_kg_libre,ley_sn_escoria_pct_prev,ale,26.926895000000002,121.22420129387996,
Fusión_sn_kg_libre,ley_sn_escoria_pct_prev,shap_decil,12.9004,-264.55059454169805,0.0
Fusión_sn_kg_libre,ley_sn_escoria_pct_prev,shap_decil,15.61565,-56.17701550423212,0.3045977011494253
Fusión_sn_kg_libre,ley_sn_escoria_pct_prev,shap_decil,17.32705,17.09147835246405,0.6896551724137931
Fusión_sn_kg_libre,ley_sn_escoria_pct_prev,shap_decil,18.44115,41.625650357683426,0.8505747126436781
Fusión_sn_kg_libre,ley_sn_escoria_pct_prev,shap_decil,19.4654,29.78774895048182,0.8628571428571429
Fusión_sn_kg_libre,ley_sn_escoria_pct_prev,shap_decil,20.28185,18.415890334868003,0.735632183908046
Fusión_sn_kg_libre,ley_sn_escoria_pct_prev,shap_decil,21.06905,75.86564103341803,0.6724137931034483
Fusión_sn_kg_libre,ley_sn_escoria_pct_prev,shap_decil,21.8486,90.06443313514906,0.9712643678160919
Fusión_sn_kg_libre,ley_sn_escoria_pct_prev,shap_decil,22.8553,104.04281138415908,0.9597701149425287
Fusión_sn_kg_libre,ley_sn_escoria_pct_prev,shap_decil,24.4557,111.41607664645728,0.9828571428571429
Fusión_sn_kg_libre,interaccion_C_x_Sn_prev,pd,334.97764051097204,-210.68781233367417,
Fusión_sn_kg_libre,interaccion_C_x_Sn_prev,pd,390.1931718169347,-211.34940656271982,
Fusión_sn_kg_libre,interaccion_C_x_Sn_prev,pd,445.4087031228974,-171.30484770118568,
Fusión_sn_kg_libre,interaccion_C_x_Sn_prev,pd,500.62423442886006,-100.96395453546702,
Fusión_sn_kg_libre,interaccion_C_x_Sn_prev,pd,555.8397657348228,-94.19604601472162,
Fusión_sn_kg_libre,interaccion_C_x_Sn_prev,pd,611.0552970407855,-99.5222265697675,
Fusión_sn_kg_libre,interaccion_C_x_Sn_prev,pd,666.2708283467481,-35.22156057653515,
Fusión_sn_kg_libre,interaccion_C_x_Sn_prev,pd,721.4863596527108,-33.31243485562805,
Fusión_sn_kg_libre,interaccion_C_x_Sn_prev,pd,776.7018909586734,-6.608619974555451,
Fusión_sn_kg_libre,interaccion_C_x_Sn_prev,pd,831.9174222646361,-108.34935987379386,
Fusión_sn_kg_libre,interaccion_C_x_Sn_prev,pd,887.1329535705988,-37.73559325125226,
Fusión_sn_kg_libre,interaccion_C_x_Sn_prev,pd,942.3484848765615,110.14122279016189,
Fusión_sn_kg_libre,interaccion_C_x_Sn_prev,pd,997.5640161825241,110.08508546314151,
Fusión_sn_kg_libre,interaccion_C_x_Sn_prev,pd,1052.779547488487,143.23176451570544,
Fusión_sn_kg_libre,interaccion_C_x_Sn_prev,pd,1107.9950787944495,31.800439284723687,
Fusión_sn_kg_libre,interaccion_C_x_Sn_prev,pd,1163.2106101004122,31.800439284723687,
Fusión_sn_kg_libre,interaccion_C_x_Sn_prev,pd,1218.4261414063749,-102.4073952842978,
Fusión_sn_kg_libre,interaccion_C_x_Sn_prev,pd,1273.6416727123376,-102.4073952842978,
Fusión_sn_kg_libre,interaccion_C_x_Sn_prev,pd,1328.8572040183003,-88.70903190050875,
Fusión_sn_kg_libre,interaccion_C_x_Sn_prev,pd,1384.0727353242628,-88.70903190050875,
Fusión_sn_kg_libre,interaccion_C_x_Sn_prev,ale,222.77765020662238,-288.6010219987809,
Fusión_sn_kg_libre,interaccion_C_x_Sn_prev,ale,488.59794984387054,-151.34460231081619,
Fusión_sn_kg_libre,interaccion_C_x_Sn_prev,ale,571.4779782592715,-134.0501514516668,
Fusión_sn_kg_libre,interaccion_C_x_Sn_prev,ale,643.954400548391,-94.0505329743853,
Fusión_sn_kg_libre,interaccion_C_x_Sn_prev,ale,703.8450088312081,-42.5419100254764,
Fusión_sn_kg_libre,interaccion_C_x_Sn_prev,ale,753.6675275809903,-26.759655388173826,
Fusión_sn_kg_libre,interaccion_C_x_Sn_prev,ale,803.4794865800508,-71.1777797299012,
Fusión_sn_kg_libre,interaccion_C_x_Sn_prev,ale,852.2843357779213,-110.94439606922379,
Fusión_sn_kg_libre,interaccion_C_x_Sn_prev,ale,891.0841923900331,-42.67070492407993,
Fusión_sn_kg_libre,interaccion_C_x_Sn_prev,ale,923.2103795838975,73.38296724982092,
Fusión_sn_kg_libre,interaccion_C_x_Sn_prev,ale,958.0738126003995,140.87480519046971,
Fusión_sn_kg_libre,interaccion_C_x_Sn_prev,ale,992.4250687800244,150.53336988462854,
Fusión_sn_kg_libre,interaccion_C_x_Sn_prev,ale,1023.3955984268416,158.6238730777677,
Fusión_sn_kg_libre,interaccion_C_x_Sn_prev,ale,1054.176865842837,126.73865067121517,
Fusión_sn_kg_libre,interaccion_C_x_Sn_prev,ale,1083.595240606462,96.14915340840798,
Fusión_sn_kg_libre,interaccion_C_x_Sn_prev,ale,1116.1979030635769,94.50925251454203,
Fusión_sn_kg_libre,interaccion_C_x_Sn_prev,ale,1153.8570424845952,92.86935162067613,
Fusión_sn_kg_libre,interaccion_C_x_Sn_prev,ale,1197.122180587711,38.31299581289704,
Fusión_sn_kg_libre,interaccion_C_x_Sn_prev,ale,1267.7261486555858,-7.876298256045516,
Fusión_sn_kg_libre,interaccion_C_x_Sn_prev,ale,1565.7927111546778,0.4907634827910101,
Fusión_sn_kg_libre,interaccion_C_x_Sn_prev,shap_decil,443.04238391465526,-220.7189726746377,0.0
Fusión_sn_kg_libre,interaccion_C_x_Sn_prev,shap_decil,609.1649118134809,-141.759015753324,0.017241379310344827
Fusión_sn_kg_libre,interaccion_C_x_Sn_prev,shap_decil,728.9110585114331,-51.97158515562695,0.1781609195402299
Fusión_sn_kg_libre,interaccion_C_x_Sn_prev,shap_decil,828.3962864737026,-134.25751465200986,0.05172413793103448
Fusión_sn_kg_libre,interaccion_C_x_Sn_prev,shap_decil,906.1827541156807,45.36073178706246,0.5942857142857143
Fusión_sn_kg_libre,interaccion_C_x_Sn_prev,shap_decil,976.0191957023967,113.72891748841766,0.9942528735632183
Fusión_sn_kg_libre,interaccion_C_x_Sn_prev,shap_decil,1037.9365162749766,143.74891633993943,0.9942528735632183
Fusión_sn_kg_libre,interaccion_C_x_Sn_prev,shap_decil,1096.639364587666,34.464490538927514,0.8333333333333334
Fusión_sn_kg_libre,interaccion_C_x_Sn_prev,shap_decil,1171.715678902749,29.003476932480854,0.8045977011494253
Fusión_sn_kg_libre,interaccion_C_x_Sn_prev,shap_decil,1313.3666708542887,-63.971127875904465,0.13714285714285715
Fusión_sn_kg_libre,tasa_feed_Carbon_kg_min,pd,27.897214475319608,108.90190058349798,
Fusión_sn_kg_libre,tasa_feed_Carbon_kg_min,pd,29.6901534820045,108.90190058349798,
Fusión_sn_kg_libre,tasa_feed_Carbon_kg_min,pd,31.483092488689397,108.90190058349798,
Fusión_sn_kg_libre,tasa_feed_Carbon_kg_min,pd,33.27603149537429,108.90190058349798,
Fusión_sn_kg_libre,tasa_feed_Carbon_kg_min,pd,35.06897050205919,135.37249893324204,
Fusión_sn_kg_libre,tasa_feed_Carbon_kg_min,pd,36.86190950874408,128.33769254216858,
Fusión_sn_kg_libre,tasa_feed_Carbon_kg_min,pd,38.654848515428974,128.33769254216858,
Fusión_sn_kg_libre,tasa_feed_Carbon_kg_min,pd,40.44778752211387,130.41847451152918,
Fusión_sn_kg_libre,tasa_feed_Carbon_kg_min,pd,42.24072652879876,23.3923287227524,
Fusión_sn_kg_libre,tasa_feed_Carbon_kg_min,pd,44.03366553548366,-41.23988388049444,
Fusión_sn_kg_libre,tasa_feed_Carbon_kg_min,pd,45.82660454216855,-65.25557537773655,
Fusión_sn_kg_libre,tasa_feed_Carbon_kg_min,pd,47.61954354885344,-61.2253453454508,
Fusión_sn_kg_libre,tasa_feed_Carbon_kg_min,pd,49.41248255553834,-62.7351736895647,
Fusión_sn_kg_libre,tasa_feed_Carbon_kg_min,pd,51.205421562223236,-61.569976254650676,
Fusión_sn_kg_libre,tasa_feed_Carbon_kg_min,pd,52.998360568908126,-20.51995273263434,
Fusión_sn_kg_libre,tasa_feed_Carbon_kg_min,pd,54.79129957559303,33.766358805018136,
Fusión_sn_kg_libre,tasa_feed_Carbon_kg_min,pd,56.58423858227792,136.8044564037651,
Fusión_sn_kg_libre,tasa_feed_Carbon_kg_min,pd,58.37717758896281,136.8044564037651,
Fusión_sn_kg_libre,tasa_feed_Carbon_kg_min,pd,60.170116595647706,33.4735666856732,
Fusión_sn_kg_libre,tasa_feed_Carbon_kg_min,pd,61.9630556023326,-2.133324512027148,
Fusión_sn_kg_libre,tasa_feed_Carbon_kg_min,ale,17.307243464000678,134.529143428926,
Fusión_sn_kg_libre,tasa_feed_Carbon_kg_min,ale,32.45204664338719,138.58238092812638,
Fusión_sn_kg_libre,tasa_feed_Carbon_kg_min,ale,35.76828393930563,140.45580628425418,
Fusión_sn_kg_libre,tasa_feed_Carbon_kg_min,ale,38.40414114219976,144.04539081320084,
Fusión_sn_kg_libre,tasa_feed_Carbon_kg_min,ale,40.2208885559958,143.7197567083159,
Fusión_sn_kg_libre,tasa_feed_Carbon_kg_min,ale,41.84776863644097,69.55485296363042,
Fusión_sn_kg_libre,tasa_feed_Carbon_kg_min,ale,43.568640329950824,-42.94630865069911,
Fusión_sn_kg_libre,tasa_feed_Carbon_kg_min,ale,45.086930829438394,-89.34976522989516,
Fusión_sn_kg_libre,tasa_feed_Carbon_kg_min,ale,46.24929912408507,-91.26476200850666,
Fusión_sn_kg_libre,tasa_feed_Carbon_kg_min,ale,47.29814354529748,-91.20759085447031,
Fusión_sn_kg_libre,tasa_feed_Carbon_kg_min,ale,48.20478888780762,-91.82889595921813,
Fusión_sn_kg_libre,tasa_feed_Carbon_kg_min,ale,49.11335306239671,-109.42890095122343,
Fusión_sn_kg_libre,tasa_feed_Carbon_kg_min,ale,50.06467196124669,-127.30045269719736,
Fusión_sn_kg_libre,tasa_feed_Carbon_kg_min,ale,50.92107966135961,-122.10866152938874,
Fusión_sn_kg_libre,tasa_feed_Carbon_kg_min,ale,51.721914727373786,-130.58787534235628,
Fusión_sn_kg_libre,tasa_feed_Carbon_kg_min,ale,52.696932764457266,-98.75058359189299,
Fusión_sn_kg_libre,tasa_feed_Carbon_kg_min,ale,53.80838461857073,-39.52891376232398,
Fusión_sn_kg_libre,tasa_feed_Carbon_kg_min,ale,55.2987032132336,29.232923944865263,
Fusión_sn_kg_libre,tasa_feed_Carbon_kg_min,ale,57.24780913099417,95.68579742711151,
Fusión_sn_kg_libre,tasa_feed_Carbon_kg_min,ale,62.78947451838354,136.4305420485921,
Fusión_sn_kg_libre,tasa_feed_Carbon_kg_min,shap_decil,30.811350997770678,47.8418900625959,0.9028571428571428
Fusión_sn_kg_libre,tasa_feed_Carbon_kg_min,shap_decil,37.4555184969338,96.1957174823466,0.9885057471264368
Fusión_sn_kg_libre,tasa_feed_Carbon_kg_min,shap_decil,41.084700619762756,89.75517140880184,0.896551724137931
Fusión_sn_kg_libre,tasa_feed_Carbon_kg_min,shap_decil,44.526280836219925,-55.150186600174,0.09770114942528736
Fusión_sn_kg_libre,tasa_feed_Carbon_kg_min,shap_decil,46.8517081497062,-70.13697671690339,0.011428571428571429
Fusión_sn_kg_libre,tasa_feed_Carbon_kg_min,shap_decil,48.66512633246167,-64.08872188319975,0.005747126436781609
Fusión_sn_kg_libre,tasa_feed_Carbon_kg_min,shap_decil,50.5674486513739,-61.85017681879914,0.0
Fusión_sn_kg_libre,tasa_feed_Carbon_kg_min,shap_decil,52.16877921082438,-54.47000084590855,0.12643678160919541
Fusión_sn_kg_libre,tasa_feed_Carbon_kg_min,shap_decil,54.37632742677945,52.264498875124694,0.8218390804597702
Fusión_sn_kg_libre,tasa_feed_Carbon_kg_min,shap_decil,58.293072367823406,140.29400586987813,0.9257142857142857
Fusión_sn_kg_libre,relacion_CaO_carga,pd,8.340793043412837e-26,756.6365247470168,
Fusión_sn_kg_libre,relacion_CaO_carga,pd,0.006952400632211755,756.6365247470168,
Fusión_sn_kg_libre,relacion_CaO_carga,pd,0.01390480126442351,756.6365247470168,
Fusión_sn_kg_libre,relacion_CaO_carga,pd,0.020857201896635265,756.6365247470168,
Fusión_sn_kg_libre,relacion_CaO_carga,pd,0.02780960252884702,756.6365247470168,
Fusión_sn_kg_libre,relacion_CaO_carga,pd,0.03476200316105878,756.6365247470168,
Fusión_sn_kg_libre,relacion_CaO_carga,pd,0.04171440379327053,756.6365247470168,
Fusión_sn_kg_libre,relacion_CaO_carga,pd,0.04866680442548229,743.3608394341398,
Fusión_sn_kg_libre,relacion_CaO_carga,pd,0.05561920505769404,743.3608394341398,
Fusión_sn_kg_libre,relacion_CaO_carga,pd,0.0625716056899058,577.9528852944228,
Fusión_sn_kg_libre,relacion_CaO_carga,pd,0.06952400632211755,577.9528852944228,
Fusión_sn_kg_libre,relacion_CaO_carga,pd,0.0764764069543293,458.382568799872,
Fusión_sn_kg_libre,relacion_CaO_carga,pd,0.08342880758654106,-54.70599989491091,
Fusión_sn_kg_libre,relacion_CaO_carga,pd,0.09038120821875281,-17.842398221759236,
Fusión_sn_kg_libre,relacion_CaO_carga,pd,0.09733360885096458,-18.113946152271286,
Fusión_sn_kg_libre,relacion_CaO_carga,pd,0.10428600948317633,-172.85372093721014,
Fusión_sn_kg_libre,relacion_CaO_carga,pd,0.11123841011538808,-160.24771314686004,
Fusión_sn_kg_libre,relacion_CaO_carga,pd,0.11819081074759984,-142.6003724267544,
Fusión_sn_kg_libre,relacion_CaO_carga,pd,0.1251432113798116,-142.6003724267544,
Fusión_sn_kg_libre,relacion_CaO_carga,pd,0.13209561201202336,-6.245909942488689,
Fusión_sn_kg_libre,relacion_CaO_carga,ale,0.03263537646557938,531.5193044297604,
Fusión_sn_kg_libre,relacion_CaO_carga,ale,0.075154619532336,210.77155933218302,
Fusión_sn_kg_libre,relacion_CaO_carga,ale,0.08782585914710347,12.130379046100074,
Fusión_sn_kg_libre,relacion_CaO_carga,ale,0.09147638790335255,17.94737758239455,
Fusión_sn_kg_libre,relacion_CaO_carga,ale,0.09372318516692749,35.96948012494795,
Fusión_sn_kg_libre,relacion_CaO_carga,ale,0.0955994403433663,53.52988928915079,
Fusión_sn_kg_libre,relacion_CaO_carga,ale,0.09664247481163193,43.450952157854886,
Fusión_sn_kg_libre,relacion_CaO_carga,ale,0.0977764204802103,41.23344971099914,
Fusión_sn_kg_libre,relacion_CaO_carga,ale,0.09879208722125637,44.890557431525394,
Fusión_sn_kg_libre,relacion_CaO_carga,ale,0.0996585343101411,33.921122344805894,
Fusión_sn_kg_libre,relacion_CaO_carga,ale,0.10052598008070456,3.930821860679771,
Fusión_sn_kg_libre,relacion_CaO_carga,ale,0.10137163406715083,-16.40980549477888,
Fusión_sn_kg_libre,relacion_CaO_carga,ale,0.1023357385112431,-75.6112407435395,
Fusión_sn_kg_libre,relacion_CaO_carga,ale,0.10354512544351756,-143.00992760651707,
Fusión_sn_kg_libre,relacion_CaO_carga,ale,0.10475912356050986,-144.6460939911741,
Fusión_sn_kg_libre,relacion_CaO_carga,ale,0.10600360859234828,-133.40523998160302,
Fusión_sn_kg_libre,relacion_CaO_carga,ale,0.10751472554068556,-129.52988726070123,
Fusión_sn_kg_libre,relacion_CaO_carga,ale,0.10995908254789488,-131.83498504009492,
Fusión_sn_kg_libre,relacion_CaO_carga,ale,0.11488363119786714,-136.86731283732104,
Fusión_sn_kg_libre,relacion_CaO_carga,ale,0.1553430418241446,-123.06517338217327,
Fusión_sn_kg_libre,relacion_CaO_carga,shap_decil,0.06511000252595844,534.6789986814388,0.9371428571428572
Fusión_sn_kg_libre,relacion_CaO_carga,shap_decil,0.09061327280307166,-33.19669764938305,0.3448275862068966
Fusión_sn_kg_libre,relacion_CaO_carga,shap_decil,0.09510682668784359,14.786756237858176,0.4885057471264368
Fusión_sn_kg_libre,relacion_CaO_carga,shap_decil,0.09719003656982918,-3.6762147760978476,0.4425287356321839
Fusión_sn_kg_libre,relacion_CaO_carga,shap_decil,0.09922623942478397,-5.1113022138335085,0.4514285714285714
Fusión_sn_kg_libre,relacion_CaO_carga,shap_decil,0.10095943115752964,-60.92010756349439,0.15517241379310345
Fusión_sn_kg_libre,relacion_CaO_carga,shap_decil,0.1028874952882046,-114.01421199545874,0.04597701149425287
Fusión_sn_kg_libre,relacion_CaO_carga,shap_decil,0.10531532576976305,-163.6825450672851,0.0
Fusión_sn_kg_libre,relacion_CaO_carga,shap_decil,0.10833620334888928,-146.6635397419384,0.0
Fusión_sn_kg_libre,relacion_CaO_carga,shap_decil,0.11820610503843038,-86.70499060385247,0.19428571428571428
Fusión_sn_kg_libre,tasa_gn_nm3_min,pd,25.63223364896044,-145.3647686912671,
Fusión_sn_kg_libre,tasa_gn_nm3_min,pd,25.964700201868805,-136.4048885785904,
Fusión_sn_kg_libre,tasa_gn_nm3_min,pd,26.29716675477717,-136.4048885785904,
Fusión_sn_kg_libre,tasa_gn_nm3_min,pd,26.629633307685534,-136.4048885785904,
Fusión_sn_kg_libre,tasa_gn_nm3_min,pd,26.9620998605939,-136.4048885785904,
Fusión_sn_kg_libre,tasa_gn_nm3_min,pd,27.294566413502263,-136.4048885785904,
Fusión_sn_kg_libre,tasa_gn_nm3_min,pd,27.627032966410628,-108.662915187816,
Fusión_sn_kg_libre,tasa_gn_nm3_min,pd,27.959499519318992,74.10809978080498,
Fusión_sn_kg_libre,tasa_gn_nm3_min,pd,28.291966072227357,64.15441434626199,
Fusión_sn_kg_libre,tasa_gn_nm3_min,pd,28.62443262513572,-84.13595116530219,
Fusión_sn_kg_libre,tasa_gn_nm3_min,pd,28.95689917804409,-84.13595116530219,
Fusión_sn_kg_libre,tasa_gn_nm3_min,pd,29.289365730952454,-119.82707682111509,
Fusión_sn_kg_libre,tasa_gn_nm3_min,pd,29.62183228386082,-96.3335266474286,
Fusión_sn_kg_libre,tasa_gn_nm3_min,pd,29.954298836769183,-69.40088208202648,
Fusión_sn_kg_libre,tasa_gn_nm3_min,pd,30.286765389677548,-123.372596154349,
Fusión_sn_kg_libre,tasa_gn_nm3_min,pd,30.619231942585913,-56.769322681974266,
Fusión_sn_kg_libre,tasa_gn_nm3_min,pd,30.951698495494277,66.69530153113129,
Fusión_sn_kg_libre,tasa_gn_nm3_min,pd,31.28416504840264,-48.190372408621826,
Fusión_sn_kg_libre,tasa_gn_nm3_min,pd,31.616631601311006,117.29282863987879,
Fusión_sn_kg_libre,tasa_gn_nm3_min,pd,31.94909815421937,414.89232520058977,
Fusión_sn_kg_libre,tasa_gn_nm3_min,ale,22.220183962006498,-122.88104455241361,
Fusión_sn_kg_libre,tasa_gn_nm3_min,ale,28.077150319133686,-165.06406650636367,
Fusión_sn_kg_libre,tasa_gn_nm3_min,ale,29.033378542547894,-157.18085350331256,
Fusión_sn_kg_libre,tasa_gn_nm3_min,ale,29.5580358685156,-162.96287575694205,
Fusión_sn_kg_libre,tasa_gn_nm3_min,ale,29.832299908668908,-128.40132006478657,
Fusión_sn_kg_libre,tasa_gn_nm3_min,ale,30.00909080077038,-115.32965936888738,
Fusión_sn_kg_libre,tasa_gn_nm3_min,ale,30.170888784657272,-124.00945714758808,
Fusión_sn_kg_libre,tasa_gn_nm3_min,ale,30.323925405834608,-152.77479333850204,
Fusión_sn_kg_libre,tasa_gn_nm3_min,ale,30.457212994532938,-169.40021416250795,
Fusión_sn_kg_libre,tasa_gn_nm3_min,ale,30.57086614164726,-124.26462218466128,
Fusión_sn_kg_libre,tasa_gn_nm3_min,ale,30.67492377334171,-106.17759152327469,
Fusión_sn_kg_libre,tasa_gn_nm3_min,ale,30.770330246825694,-23.859389502169073,
Fusión_sn_kg_libre,tasa_gn_nm3_min,ale,30.847665965722342,88.07019946718259,
Fusión_sn_kg_libre,tasa_gn_nm3_min,ale,30.947877926972687,213.33345501447667,
Fusión_sn_kg_libre,tasa_gn_nm3_min,ale,31.059030225076874,208.92132626217474,
Fusión_sn_kg_libre,tasa_gn_nm3_min,ale,31.15287443125159,64.47455352702511,
Fusión_sn_kg_libre,tasa_gn_nm3_min,ale,31.24514413119266,49.99801155512042,
Fusión_sn_kg_libre,tasa_gn_nm3_min,ale,31.37005665772725,169.22555181241268,
Fusión_sn_kg_libre,tasa_gn_nm3_min,ale,31.545222909098655,288.6178577571701,
Fusión_sn_kg_libre,tasa_gn_nm3_min,ale,32.05079874152498,467.13630419904246,
Fusión_sn_kg_libre,tasa_gn_nm3_min,shap_decil,27.464932443124273,-27.87859269291847,0.36
Fusión_sn_kg_libre,tasa_gn_nm3_min,shap_decil,29.383706430731408,-101.79517582869852,0.040229885057471264
Fusión_sn_kg_libre,tasa_gn_nm3_min,shap_decil,29.931626314346126,-51.554780900758395,0.14942528735632185
Fusión_sn_kg_libre,tasa_gn_nm3_min,shap_decil,30.255184953908916,-80.78429272594121,0.011494252873563218
Fusión_sn_kg_libre,tasa_gn_nm3_min,shap_decil,30.52187300586196,-111.82191127579131,0.09142857142857143
Fusión_sn_kg_libre,tasa_gn_nm3_min,shap_decil,30.729939879311456,-43.97559011826035,0.3218390804597701
Fusión_sn_kg_libre,tasa_gn_nm3_min,shap_decil,30.884605373806423,99.54989717147647,0.9885057471264368
Fusión_sn_kg_libre,tasa_gn_nm3_min,shap_decil,31.10688875690715,43.348758413087836,0.3850574712643678
Fusión_sn_kg_libre,tasa_gn_nm3_min,shap_decil,31.29119585030041,19.19424414761669,0.3333333333333333
Fusión_sn_kg_libre,tasa_gn_nm3_min,shap_decil,31.641995969593015,235.2533927222375,0.8171428571428572
Fusión_sn_kg_libre,exceso_o2_combustion_pct,pd,16.096312617362788,146.39738191024497,
Fusión_sn_kg_libre,exceso_o2_combustion_pct,pd,16.51663118986212,146.39738191024497,
Fusión_sn_kg_libre,exceso_o2_combustion_pct,pd,16.936949762361454,146.39738191024497,
Fusión_sn_kg_libre,exceso_o2_combustion_pct,pd,17.357268334860787,146.39738191024497,
Fusión_sn_kg_libre,exceso_o2_combustion_pct,pd,17.77758690736012,146.39738191024497,
Fusión_sn_kg_libre,exceso_o2_combustion_pct,pd,18.197905479859458,146.39738191024497,
Fusión_sn_kg_libre,exceso_o2_combustion_pct,pd,18.61822405235879,-16.455249606955693,
Fusión_sn_kg_libre,exceso_o2_combustion_pct,pd,19.038542624858124,-45.732357153464044,
Fusión_sn_kg_libre,exceso_o2_combustion_pct,pd,19.458861197357457,54.61488047477248,
Fusión_sn_kg_libre,exceso_o2_combustion_pct,pd,19.87917976985679,43.54916742363808,
Fusión_sn_kg_libre,exceso_o2_combustion_pct,pd,20.299498342356124,65.06618518898716,
Fusión_sn_kg_libre,exceso_o2_combustion_pct,pd,20.719816914855457,76.25155755808359,
Fusión_sn_kg_libre,exceso_o2_combustion_pct,pd,21.14013548735479,90.69230350768999,
Fusión_sn_kg_libre,exceso_o2_combustion_pct,pd,21.560454059854123,90.69230350768999,
Fusión_sn_kg_libre,exceso_o2_combustion_pct,pd,21.980772632353457,90.69230350768999,
Fusión_sn_kg_libre,exceso_o2_combustion_pct,pd,22.401091204852793,90.69230350768999,
Fusión_sn_kg_libre,exceso_o2_combustion_pct,pd,22.821409777352127,90.69230350768999,
Fusión_sn_kg_libre,exceso_o2_combustion_pct,pd,23.24172834985146,90.69230350768999,
Fusión_sn_kg_libre,exceso_o2_combustion_pct,pd,23.662046922350793,90.69230350768999,
Fusión_sn_kg_libre,exceso_o2_combustion_pct,pd,24.082365494850126,90.69230350768999,
Fusión_sn_kg_libre,exceso_o2_combustion_pct,ale,3.5085621977544648,-0.9495327975428012,
Fusión_sn_kg_libre,exceso_o2_combustion_pct,ale,18.42211116101923,33.88383607060679,
Fusión_sn_kg_libre,exceso_o2_combustion_pct,ale,18.503567659143847,-13.317008623783707,
Fusión_sn_kg_libre,exceso_o2_combustion_pct,ale,18.56282856767679,-22.743038562753227,
Fusión_sn_kg_libre,exceso_o2_combustion_pct,ale,18.615947384408848,-31.141939375580357,
Fusión_sn_kg_libre,exceso_o2_combustion_pct,ale,18.663259232606123,-38.58106153170021,
Fusión_sn_kg_libre,exceso_o2_combustion_pct,ale,18.701111043762396,-48.422597304646054,
Fusión_sn_kg_libre,exceso_o2_combustion_pct,ale,18.736420938068058,-62.887221327885285,
Fusión_sn_kg_libre,exceso_o2_combustion_pct,ale,18.777430516653425,-75.89314387316259,
Fusión_sn_kg_libre,exceso_o2_combustion_pct,ale,18.82012791411047,-71.24645258726606,
Fusión_sn_kg_libre,exceso_o2_combustion_pct,ale,18.862353400196383,-82.4241362733163,
Fusión_sn_kg_libre,exceso_o2_combustion_pct,ale,18.90482189898316,-64.64656717293404,
Fusión_sn_kg_libre,exceso_o2_combustion_pct,ale,18.95344759760571,-26.630501653395953,
Fusión_sn_kg_libre,exceso_o2_combustion_pct,ale,19.012204443900124,-9.139180912040572,
Fusión_sn_kg_libre,exceso_o2_combustion_pct,ale,19.082830012918123,34.90411207308422,
Fusión_sn_kg_libre,exceso_o2_combustion_pct,ale,19.18102210807475,110.78014886529819,
Fusión_sn_kg_libre,exceso_o2_combustion_pct,ale,19.319977409941735,110.36634126390764,
Fusión_sn_kg_libre,exceso_o2_combustion_pct,ale,19.60520154175384,59.43336185565495,
Fusión_sn_kg_libre,exceso_o2_combustion_pct,ale,20.47115139980713,83.97082749116122,
Fusión_sn_kg_libre,exceso_o2_combustion_pct,ale,38.93428656141357,114.2009388195725,
Fusión_sn_kg_libre,exceso_o2_combustion_pct,shap_decil,18.371893525587513,39.02091585399559,0.7028571428571428
Fusión_sn_kg_libre,exceso_o2_combustion_pct,shap_decil,18.535025781173793,12.383530575699462,0.6724137931034483
Fusión_sn_kg_libre,exceso_o2_combustion_pct,shap_decil,18.641064861755677,-5.617847292955127,0.5057471264367817
Fusión_sn_kg_libre,exceso_o2_combustion_pct,shap_decil,18.716624690400756,-37.862271406215854,0.08620689655172414
Fusión_sn_kg_libre,exceso_o2_combustion_pct,shap_decil,18.798803069461144,-65.26017850871159,0.017142857142857144
Fusión_sn_kg_libre,exceso_o2_combustion_pct,shap_decil,18.883539460084865,-87.3740389683102,0.017241379310344827
Fusión_sn_kg_libre,exceso_o2_combustion_pct,shap_decil,18.98055070879634,-47.731802101241385,0.07471264367816093
Fusión_sn_kg_libre,exceso_o2_combustion_pct,shap_decil,19.121741148691875,35.736422458492974,0.5574712643678161
Fusión_sn_kg_libre,exceso_o2_combustion_pct,shap_decil,19.39787437967508,78.06317310326384,0.8103448275862069
Fusión_sn_kg_libre,exceso_o2_combustion_pct,shap_decil,21.13259308814608,73.90084560080022,0.8057142857142857
Fusión_sn_kg_libre,basicidad_B2_prev,pd,0.44264535420089823,-540.451050375134,
Fusión_sn_kg_libre,basicidad_B2_prev,pd,0.45351516617805804,-302.09047214255435,
Fusión_sn_kg_libre,basicidad_B2_prev,pd,0.4643849781552178,182.68830409350906,
Fusión_sn_kg_libre,basicidad_B2_prev,pd,0.4752547901323776,-26.947365019523403,
Fusión_sn_kg_libre,basicidad_B2_prev,pd,0.48612460210953734,-43.642396216618515,
Fusión_sn_kg_libre,basicidad_B2_prev,pd,0.49699441408669714,-59.639655897312345,
Fusión_sn_kg_libre,basicidad_B2_prev,pd,0.507864226063857,-19.631018196922895,
Fusión_sn_kg_libre,basicidad_B2_prev,pd,0.5187340380410167,-4.404388446681541,
Fusión_sn_kg_libre,basicidad_B2_prev,pd,0.5296038500181764,-2.2452843787782344,
Fusión_sn_kg_libre,basicidad_B2_prev,pd,0.5404736619953362,1.4746179257639576,
Fusión_sn_kg_libre,basicidad_B2_prev,pd,0.5513434739724961,-11.891724386739984,
Fusión_sn_kg_libre,basicidad_B2_prev,pd,0.5622132859496558,-41.07740107503012,
Fusión_sn_kg_libre,basicidad_B2_prev,pd,0.5730830979268156,-38.975908932612064,
Fusión_sn_kg_libre,basicidad_B2_prev,pd,0.5839529099039753,-25.910898025960048,
Fusión_sn_kg_libre,basicidad_B2_prev,pd,0.5948227218811352,-94.56775881611416,
Fusión_sn_kg_libre,basicidad_B2_prev,pd,0.6056925338582949,-20.852851456117207,
Fusión_sn_kg_libre,basicidad_B2_prev,pd,0.6165623458354547,-38.015420981254366,
Fusión_sn_kg_libre,basicidad_B2_prev,pd,0.6274321578126145,-38.015420981254366,
Fusión_sn_kg_libre,basicidad_B2_prev,pd,0.6383019697897743,-62.190764694886866,
Fusión_sn_kg_libre,basicidad_B2_prev,pd,0.649171781766934,-62.190764694886866,
Fusión_sn_kg_libre,basicidad_B2_prev,ale,0.25440756816454985,285.6421799810302,
Fusión_sn_kg_libre,basicidad_B2_prev,ale,0.4673104618354478,63.3201649429821,
Fusión_sn_kg_libre,basicidad_B2_prev,ale,0.47949437026684494,-30.596415058990544,
Fusión_sn_kg_libre,basicidad_B2_prev,ale,0.4885235328563333,-37.756834033660596,
Fusión_sn_kg_libre,basicidad_B2_prev,ale,0.49648196201684697,-52.13866173531085,
Fusión_sn_kg_libre,basicidad_B2_prev,ale,0.5039506502916835,-44.19146607132285,
Fusión_sn_kg_libre,basicidad_B2_prev,ale,0.5100418222010479,-30.167693911808726,
Fusión_sn_kg_libre,basicidad_B2_prev,ale,0.515437014519036,-27.202253765843864,
Fusión_sn_kg_libre,basicidad_B2_prev,ale,0.5217199769927714,-18.621589988372307,
Fusión_sn_kg_libre,basicidad_B2_prev,ale,0.5273866149493012,-18.14603309623459,
Fusión_sn_kg_libre,basicidad_B2_prev,ale,0.5323821360197745,-14.190478006298179,
Fusión_sn_kg_libre,basicidad_B2_prev,ale,0.5379481364982979,-9.951891472817977,
Fusión_sn_kg_libre,basicidad_B2_prev,ale,0.5436904733186665,-10.018050052456886,
Fusión_sn_kg_libre,basicidad_B2_prev,ale,0.5500654393684824,-18.084373241799256,
Fusión_sn_kg_libre,basicidad_B2_prev,ale,0.556819403597282,-35.36056043387322,
Fusión_sn_kg_libre,basicidad_B2_prev,ale,0.5647576645503398,-43.50700889663125,
Fusión_sn_kg_libre,basicidad_B2_prev,ale,0.5747355909298872,-34.24957956134011,
Fusión_sn_kg_libre,basicidad_B2_prev,ale,0.5883759232169445,53.2735184648962,
Fusión_sn_kg_libre,basicidad_B2_prev,ale,0.607450999391595,52.682577479183294,
Fusión_sn_kg_libre,basicidad_B2_prev,ale,0.7452802945013592,-33.42601285205279,
Fusión_sn_kg_libre,basicidad_B2_prev,shap_decil,0.46000047392803406,17.045487048802332,0.5314285714285715
Fusión_sn_kg_libre,basicidad_B2_prev,shap_decil,0.4843852231307796,-29.935617871972337,0.21839080459770116
Fusión_sn_kg_libre,basicidad_B2_prev,shap_decil,0.5002967687804283,-28.356622010591952,0.14942528735632185
Fusión_sn_kg_libre,basicidad_B2_prev,shap_decil,0.5124783139411248,-14.604085153260597,0.1896551724137931
Fusión_sn_kg_libre,basicidad_B2_prev,shap_decil,0.5250550619428076,-0.5211524148580823,0.49142857142857144
Fusión_sn_kg_libre,basicidad_B2_prev,shap_decil,0.5350709682326686,-1.6837598715228046,0.4942528735632184
Fusión_sn_kg_libre,basicidad_B2_prev,shap_decil,0.5465298611673506,-0.08570046077193984,0.5804597701149425
Fusión_sn_kg_libre,basicidad_B2_prev,shap_decil,0.560028681785911,-32.567169002426056,0.10344827586206896
Fusión_sn_kg_libre,basicidad_B2_prev,shap_decil,0.5799607492546208,-33.96670603963356,0.20114942528735633
Fusión_sn_kg_libre,basicidad_B2_prev,shap_decil,0.6181361754075209,16.809958527143387,0.5257142857142857
Fusión_sn_kg_libre,temperatura_horno_celsius_prev,pd,943.789777104058,-3.41273506355563,
Fusión_sn_kg_libre,temperatura_horno_celsius_prev,pd,959.5448828597656,38.714067668402585,
Fusión_sn_kg_libre,temperatura_horno_celsius_prev,pd,975.2999886154734,38.29976731313089,
Fusión_sn_kg_libre,temperatura_horno_celsius_prev,pd,991.055094371181,152.41958323500913,
Fusión_sn_kg_libre,temperatura_horno_celsius_prev,pd,1006.8102001268887,-60.786033878225574,
Fusión_sn_kg_libre,temperatura_horno_celsius_prev,pd,1022.5653058825964,-0.3465387000306267,
Fusión_sn_kg_libre,temperatura_horno_celsius_prev,pd,1038.320411638304,-11.891640704000976,
Fusión_sn_kg_libre,temperatura_horno_celsius_prev,pd,1054.0755173940117,43.59200762045079,
Fusión_sn_kg_libre,temperatura_horno_celsius_prev,pd,1069.8306231497195,33.4202640925637,
Fusión_sn_kg_libre,temperatura_horno_celsius_prev,pd,1085.5857289054272,11.151668055482899,
Fusión_sn_kg_libre,temperatura_horno_celsius_prev,pd,1101.3408346611347,-167.85353090319128,
Fusión_sn_kg_libre,temperatura_horno_celsius_prev,pd,1117.0959404168425,-59.51864888964299,
Fusión_sn_kg_libre,temperatura_horno_celsius_prev,pd,1132.8510461725502,-112.84544688004767,
Fusión_sn_kg_libre,temperatura_horno_celsius_prev,pd,1148.606151928258,31.71097811175566,
Fusión_sn_kg_libre,temperatura_horno_celsius_prev,pd,1164.3612576839655,61.21464625245024,
Fusión_sn_kg_libre,temperatura_horno_celsius_prev,pd,1180.1163634396733,61.21464625245024,
Fusión_sn_kg_libre,temperatura_horno_celsius_prev,pd,1195.871469195381,61.21464625245024,
Fusión_sn_kg_libre,temperatura_horno_celsius_prev,pd,1211.6265749510885,61.21464625245024,
Fusión_sn_kg_libre,temperatura_horno_celsius_prev,pd,1227.3816807067963,61.21464625245024,
Fusión_sn_kg_libre,temperatura_horno_celsius_prev,pd,1243.136786462504,61.71430406398569,
Fusión_sn_kg_libre,temperatura_horno_celsius_prev,ale,941.115861166742,-18.306634654428464,
Fusión_sn_kg_libre,temperatura_horno_celsius_prev,ale,967.9400033955013,6.612294345362056,
Fusión_sn_kg_libre,temperatura_horno_celsius_prev,ale,985.8611043004153,-83.01981418693192,
Fusión_sn_kg_libre,temperatura_horno_celsius_prev,ale,1003.8880656242952,-122.19980198133159,
Fusión_sn_kg_libre,temperatura_horno_celsius_prev,ale,1020.5855590415265,-23.693243279423598,
Fusión_sn_kg_libre,temperatura_horno_celsius_prev,ale,1032.832675101511,-6.6606691183809,
Fusión_sn_kg_libre,temperatura_horno_celsius_prev,ale,1041.970730373861,-8.730391442978059,
Fusión_sn_kg_libre,temperatura_horno_celsius_prev,ale,1051.4789881049326,29.963999314460906,
Fusión_sn_kg_libre,temperatura_horno_celsius_prev,ale,1061.3102056559144,61.14965970752549,
Fusión_sn_kg_libre,temperatura_horno_celsius_prev,ale,1071.7768978244744,54.3893853902312,
Fusión_sn_kg_libre,temperatura_horno_celsius_prev,ale,1083.7259141086224,66.43592063842046,
Fusión_sn_kg_libre,temperatura_horno_celsius_prev,ale,1096.416231570572,-46.829320253353295,
Fusión_sn_kg_libre,temperatura_horno_celsius_prev,ale,1109.0172781252184,-119.7766747753072,
Fusión_sn_kg_libre,temperatura_horno_celsius_prev,ale,1121.7770435033867,-97.66493123125852,
Fusión_sn_kg_libre,temperatura_horno_celsius_prev,ale,1135.019379147361,-119.26417686831424,
Fusión_sn_kg_libre,temperatura_horno_celsius_prev,ale,1148.414119092502,-0.07702506249738406,
Fusión_sn_kg_libre,temperatura_horno_celsius_prev,ale,1162.9567577610187,107.17193787491159,
Fusión_sn_kg_libre,temperatura_horno_celsius_prev,ale,1180.2630648734753,107.17193787491159,
Fusión_sn_kg_libre,temperatura_horno_celsius_prev,ale,1203.720846932982,107.17193787491159,
Fusión_sn_kg_libre,temperatura_horno_celsius_prev,ale,1275.4399859109656,104.53926482700128,
Fusión_sn_kg_libre,temperatura_horno_celsius_prev,shap_decil,959.0846305816624,22.039786322298838,0.5657142857142857
Fusión_sn_kg_libre,temperatura_horno_celsius_prev,shap_decil,995.0011408907585,-16.933018474883376,0.39655172413793105
Fusión_sn_kg_libre,temperatura_horno_celsius_prev,shap_decil,1028.322869392729,-2.312736505515613,0.4425287356321839
Fusión_sn_kg_libre,temperatura_horno_celsius_prev,shap_decil,1046.5878827187107,4.663838117268438,0.4942528735632184
Fusión_sn_kg_libre,temperatura_horno_celsius_prev,shap_decil,1066.3102618514395,42.118052743848295,0.92
Fusión_sn_kg_libre,temperatura_horno_celsius_prev,shap_decil,1090.1878047962864,-40.46782883426605,0.46551724137931033
Fusión_sn_kg_libre,temperatura_horno_celsius_prev,shap_decil,1115.4016787424723,-77.73264004959276,0.08620689655172414
Fusión_sn_kg_libre,temperatura_horno_celsius_prev,shap_decil,1141.8462120049294,-46.71782380609121,0.3045977011494253
Fusión_sn_kg_libre,temperatura_horno_celsius_prev,shap_decil,1170.9262586216744,78.80060490618465,0.9137931034482759
Fusión_sn_kg_libre,temperatura_horno_celsius_prev,shap_decil,1217.9267616420902,60.76362280261523,0.9371428571428572
Fusión_sn_kg_libre,frac_carga_secundaria,pd,0.00033223387258801663,-221.48368407167027,
Fusión_sn_kg_libre,frac_carga_secundaria,pd,0.03221293080183141,-221.48368407167027,
Fusión_sn_kg_libre,frac_carga_secundaria,pd,0.0640936277310748,-221.48368407167027,
Fusión_sn_kg_libre,frac_carga_secundaria,pd,0.09597432466031819,-221.48368407167027,
Fusión_sn_kg_libre,frac_carga_secundaria,pd,0.12785502158956158,-221.48368407167027,
Fusión_sn_kg_libre,frac_carga_secundaria,pd,0.15973571851880497,-221.48368407167027,
Fusión_sn_kg_libre,frac_carga_secundaria,pd,0.19161641544804836,-221.48368407167027,
Fusión_sn_kg_libre,frac_carga_secundaria,pd,0.22349711237729175,-221.48368407167027,
Fusión_sn_kg_libre,frac_carga_secundaria,pd,0.25537780930653514,-221.48368407167027,
Fusión_sn_kg_libre,frac_carga_secundaria,pd,0.28725850623577853,-221.48368407167027,
Fusión_sn_kg_libre,frac_carga_secundaria,pd,0.3191392031650219,-221.48368407167027,
Fusión_sn_kg_libre,frac_carga_secundaria,pd,0.3510199000942653,-221.48368407167027,
Fusión_sn_kg_libre,frac_carga_secundaria,pd,0.3829005970235087,-24.810380252111294,
Fusión_sn_kg_libre,frac_carga_secundaria,pd,0.4147812939527521,1.763338013268045,
Fusión_sn_kg_libre,frac_carga_secundaria,pd,0.4466619908819955,-51.76665589709521,
Fusión_sn_kg_libre,frac_carga_secundaria,pd,0.4785426878112389,-70.09258991691961,
Fusión_sn_kg_libre,frac_carga_secundaria,pd,0.5104233847404822,-191.5655919943716,
Fusión_sn_kg_libre,frac_carga_secundaria,pd,0.5423040816697255,-33.62496038588234,
Fusión_sn_kg_libre,frac_carga_secundaria,pd,0.574184778598969,483.39972691803814,
Fusión_sn_kg_libre,frac_carga_secundaria,pd,0.6060654755282124,483.39972691803814,
Fusión_sn_kg_libre,frac_carga_secundaria,ale,0.18583086066142346,46.94114632269847,
Fusión_sn_kg_libre,frac_carga_secundaria,ale,0.3829798965033783,142.96571077942812,
Fusión_sn_kg_libre,frac_carga_secundaria,ale,0.3977472377377818,56.604128678388406,
Fusión_sn_kg_libre,frac_carga_secundaria,ale,0.4056387956749017,43.965924006137584,
Fusión_sn_kg_libre,frac_carga_secundaria,ale,0.41786815633895696,36.40958517342128,
Fusión_sn_kg_libre,frac_carga_secundaria,ale,0.430606173724647,68.318086279759,
Fusión_sn_kg_libre,frac_carga_secundaria,ale,0.4394434940517774,23.3899540045162,
Fusión_sn_kg_libre,frac_carga_secundaria,ale,0.4455005638652373,-48.5655251567303,
Fusión_sn_kg_libre,frac_carga_secundaria,ale,0.4501198832544794,-46.99264213296648,
Fusión_sn_kg_libre,frac_carga_secundaria,ale,0.4543642999502139,-58.17883079536156,
Fusión_sn_kg_libre,frac_carga_secundaria,ale,0.45754251299582804,-83.65445412493708,
Fusión_sn_kg_libre,frac_carga_secundaria,ale,0.46029495160238976,-96.44956766963432,
Fusión_sn_kg_libre,frac_carga_secundaria,ale,0.46338917472250873,-100.95484967083242,
Fusión_sn_kg_libre,frac_carga_secundaria,ale,0.46731506385630134,-102.14863245190158,
Fusión_sn_kg_libre,frac_carga_secundaria,ale,0.4726334299434261,-99.32449882014816,
Fusión_sn_kg_libre,frac_carga_secundaria,ale,0.47949355658448845,-93.54999310339478,
Fusión_sn_kg_libre,frac_carga_secundaria,ale,0.48999378980916786,-155.22730699228956,
Fusión_sn_kg_libre,frac_carga_secundaria,ale,0.5044174800520586,-200.7397397909483,
Fusión_sn_kg_libre,frac_carga_secundaria,ale,0.5456363847304699,160.83501182915015,
Fusión_sn_kg_libre,frac_carga_secundaria,ale,0.7144652427142584,500.73014353152007,
Fusión_sn_kg_libre,frac_carga_secundaria,shap_decil,0.37163652158591415,-69.09514160706541,0.32571428571428573
Fusión_sn_kg_libre,frac_carga_secundaria,shap_decil,0.40121193048409876,19.92750067092369,0.8390804597701149
Fusión_sn_kg_libre,frac_carga_secundaria,shap_decil,0.4256549066742993,35.92547127867721,0.7873563218390804
Fusión_sn_kg_libre,frac_carga_secundaria,shap_decil,0.4433194092038979,-43.05916618398645,0.04597701149425287
Fusión_sn_kg_libre,frac_carga_secundaria,shap_decil,0.4525796614102894,-38.626554310122586,0.08
Fusión_sn_kg_libre,frac_carga_secundaria,shap_decil,0.4589262951640415,-61.51303918867128,0.005747126436781609
Fusión_sn_kg_libre,frac_carga_secundaria,shap_decil,0.46512290273324963,-65.394406469464,0.005747126436781609
Fusión_sn_kg_libre,frac_carga_secundaria,shap_decil,0.47574979061276,-62.36529294348231,0.005747126436781609
Fusión_sn_kg_libre,frac_carga_secundaria,shap_decil,0.49673079014402965,-139.2336289944969,0.022988505747126436
Fusión_sn_kg_libre,frac_carga_secundaria,shap_decil,0.5792236440970203,350.14100742520986,0.8114285714285714
Fusión_sn_kg_pool_amplio,feed_Sn_kgf,pd,4783.78917478861,-2206.0276701780995,
Fusión_sn_kg_pool_amplio,feed_Sn_kgf,pd,5244.195889636959,-2181.715692605863,
Fusión_sn_kg_pool_amplio,feed_Sn_kgf,pd,5704.602604485307,-1886.385353624486,
Fusión_sn_kg_pool_amplio,feed_Sn_kgf,pd,6165.009319333656,-1514.3522126399175,
Fusión_sn_kg_pool_amplio,feed_Sn_kgf,pd,6625.416034182004,-678.3201895432444,
Fusión_sn_kg_pool_amplio,feed_Sn_kgf,pd,7085.822749030353,22.1219511750611,
Fusión_sn_kg_pool_amplio,feed_Sn_kgf,pd,7546.2294638787025,15.728292239587018,
Fusión_sn_kg_pool_amplio,feed_Sn_kgf,pd,8006.636178727051,190.22858302763146,
Fusión_sn_kg_pool_amplio,feed_Sn_kgf,pd,8467.042893575399,172.57911796422732,
Fusión_sn_kg_pool_amplio,feed_Sn_kgf,pd,8927.449608423749,852.1608931293192,
Fusión_sn_kg_pool_amplio,feed_Sn_kgf,pd,9387.856323272097,1273.7239571780956,
Fusión_sn_kg_pool_amplio,feed_Sn_kgf,pd,9848.263038120447,1285.7248661865472,
Fusión_sn_kg_pool_amplio,feed_Sn_kgf,pd,10308.669752968795,3597.824914137338,
Fusión_sn_kg_pool_amplio,feed_Sn_kgf,pd,10769.076467817144,3668.859416837928,
Fusión_sn_kg_pool_amplio,feed_Sn_kgf,pd,11229.483182665492,4537.82002886572,
Fusión_sn_kg_pool_amplio,feed_Sn_kgf,pd,11689.88989751384,4701.272632396897,
Fusión_sn_kg_pool_amplio,feed_Sn_kgf,pd,12150.29661236219,4727.229841004964,
Fusión_sn_kg_pool_amplio,feed_Sn_kgf,pd,12610.70332721054,5388.579715859261,
Fusión_sn_kg_pool_amplio,feed_Sn_kgf,pd,13071.110042058888,5410.151813659145,
Fusión_sn_kg_pool_amplio,feed_Sn_kgf,pd,13531.516756907236,5410.151813659145,
Fusión_sn_kg_pool_amplio,feed_Sn_kgf,ale,3003.004507258624,-2173.0282073754092,
Fusión_sn_kg_pool_amplio,feed_Sn_kgf,ale,5274.100163542514,-1697.4498945151615,
Fusión_sn_kg_pool_amplio,feed_Sn_kgf,ale,5443.954610154448,-1579.4934630505932,
Fusión_sn_kg_pool_amplio,feed_Sn_kgf,ale,5594.890044517773,-1434.8069211901443,
Fusión_sn_kg_pool_amplio,feed_Sn_kgf,ale,5882.838402650695,-1186.4196608550114,
Fusión_sn_kg_pool_amplio,feed_Sn_kgf,ale,6160.425406908385,-977.8431350001931,
Fusión_sn_kg_pool_amplio,feed_Sn_kgf,ale,6312.884834197083,-807.8033441603488,
Fusión_sn_kg_pool_amplio,feed_Sn_kgf,ale,6504.6444975534405,-503.22457023166044,
Fusión_sn_kg_pool_amplio,feed_Sn_kgf,ale,6771.0835652750175,-172.8071695790195,
Fusión_sn_kg_pool_amplio,feed_Sn_kgf,ale,7006.530751444729,63.7656263852823,
Fusión_sn_kg_pool_amplio,feed_Sn_kgf,ale,7177.3441552161685,106.45614086945216,
Fusión_sn_kg_pool_amplio,feed_Sn_kgf,ale,7416.516690451777,96.07748955480565,
Fusión_sn_kg_pool_amplio,feed_Sn_kgf,ale,7688.569898908505,74.0612098616466,
Fusión_sn_kg_pool_amplio,feed_Sn_kgf,ale,7924.526218020135,155.53786526516524,
Fusión_sn_kg_pool_amplio,feed_Sn_kgf,ale,8241.240975860128,249.79499965573996,
Fusión_sn_kg_pool_amplio,feed_Sn_kgf,ale,8581.677418080355,249.16595027813855,
Fusión_sn_kg_pool_amplio,feed_Sn_kgf,ale,9199.533919157722,498.9218008595408,
Fusión_sn_kg_pool_amplio,feed_Sn_kgf,ale,10322.823348743277,1736.461142886913,
Fusión_sn_kg_pool_amplio,feed_Sn_kgf,ale,11581.531848826351,3037.427155963338,
Fusión_sn_kg_pool_amplio,feed_Sn_kgf,ale,15604.15578713426,4240.707616157196,
Fusión_sn_kg_pool_amplio,feed_Sn_kgf,shap_decil,5159.086893086272,-2122.4165066080836,0.0
Fusión_sn_kg_pool_amplio,feed_Sn_kgf,shap_decil,5499.848387191201,-1793.2579652973684,0.0
Fusión_sn_kg_pool_amplio,feed_Sn_kgf,shap_decil,6075.647182527596,-1363.725723287351,0.0
Fusión_sn_kg_pool_amplio,feed_Sn_kgf,shap_decil,6380.458325760442,-1037.6448204744154,0.0
Fusión_sn_kg_pool_amplio,feed_Sn_kgf,shap_decil,6913.765241306926,-185.774435754656,0.045714285714285714
Fusión_sn_kg_pool_amplio,feed_Sn_kgf,shap_decil,7256.546380189106,8.313727526767224,0.4540229885057471
Fusión_sn_kg_pool_amplio,feed_Sn_kgf,shap_decil,7800.125606013091,66.242608969741,0.7068965517241379
Fusión_sn_kg_pool_amplio,feed_Sn_kgf,shap_decil,8432.606912684469,264.99813756512935,0.9827586206896551
Fusión_sn_kg_pool_amplio,feed_Sn_kgf,shap_decil,9645.503533205614,1726.1361458947906,1.0
Fusión_sn_kg_pool_amplio,feed_Sn_kgf,shap_decil,12190.860286595598,4662.040679193768,1.0
Fusión_sn_kg_pool_amplio,sn_inventario_escoria_est_kg_prev,pd,5.249527159397531e-21,-77.45097887586529,
Fusión_sn_kg_pool_amplio,sn_inventario_escoria_est_kg_prev,pd,668.8986828434868,-176.05134293374684,
Fusión_sn_kg_pool_amplio,sn_inventario_escoria_est_kg_prev,pd,1337.7973656869735,-180.17518111364492,
Fusión_sn_kg_pool_amplio,sn_inventario_escoria_est_kg_prev,pd,2006.6960485304603,-180.17518111364492,
Fusión_sn_kg_pool_amplio,sn_inventario_escoria_est_kg_prev,pd,2675.594731373947,-180.17518111364492,
Fusión_sn_kg_pool_amplio,sn_inventario_escoria_est_kg_prev,pd,3344.493414217434,-180.17518111364492,
Fusión_sn_kg_pool_amplio,sn_inventario_escoria_est_kg_prev,pd,4013.3920970609206,-180.17518111364492,
Fusión_sn_kg_pool_amplio,sn_inventario_escoria_est_kg_prev,pd,4682.290779904408,-172.7935366850036,
Fusión_sn_kg_pool_amplio,sn_inventario_escoria_est_kg_prev,pd,5351.189462747894,-173.28863442714393,
Fusión_sn_kg_pool_amplio,sn_inventario_escoria_est_kg_prev,pd,6020.08814559138,-158.861149442776,
Fusión_sn_kg_pool_amplio,sn_inventario_escoria_est_kg_prev,pd,6688.986828434868,-51.26577315421057,
Fusión_sn_kg_pool_amplio,sn_inventario_escoria_est_kg_prev,pd,7357.885511278355,11.503651257873607,
Fusión_sn_kg_pool_amplio,sn_inventario_escoria_est_kg_prev,pd,8026.784194121841,182.90941119369722,
Fusión_sn_kg_pool_amplio,sn_inventario_escoria_est_kg_prev,pd,8695.682876965328,288.07239958779036,
Fusión_sn_kg_pool_amplio,sn_inventario_escoria_est_kg_prev,pd,9364.581559808816,610.5103886117823,
Fusión_sn_kg_pool_amplio,sn_inventario_escoria_est_kg_prev,pd,10033.480242652302,595.9981706967668,
Fusión_sn_kg_pool_amplio,sn_inventario_escoria_est_kg_prev,pd,10702.378925495788,597.8677459232315,
Fusión_sn_kg_pool_amplio,sn_inventario_escoria_est_kg_prev,pd,11371.277608339275,592.7484661909817,
Fusión_sn_kg_pool_amplio,sn_inventario_escoria_est_kg_prev,pd,12040.17629118276,756.2668493323952,
Fusión_sn_kg_pool_amplio,sn_inventario_escoria_est_kg_prev,pd,12709.074974026249,830.0416922177589,
Fusión_sn_kg_pool_amplio,sn_inventario_escoria_est_kg_prev,ale,202.49727911740018,-101.98819189575158,
Fusión_sn_kg_pool_amplio,sn_inventario_escoria_est_kg_prev,ale,600.5411117867942,-185.07054471335218,
Fusión_sn_kg_pool_amplio,sn_inventario_escoria_est_kg_prev,ale,910.7775309991757,-188.81744823639755,
Fusión_sn_kg_pool_amplio,sn_inventario_escoria_est_kg_prev,ale,1271.1437518408325,-192.56435175944296,
Fusión_sn_kg_pool_amplio,sn_inventario_escoria_est_kg_prev,ale,2028.7126389931068,-192.56435175944296,
Fusión_sn_kg_pool_amplio,sn_inventario_escoria_est_kg_prev,ale,2809.3503986450764,-192.56435175944296,
Fusión_sn_kg_pool_amplio,sn_inventario_escoria_est_kg_prev,ale,3314.6791933325057,-192.56435175944296,
Fusión_sn_kg_pool_amplio,sn_inventario_escoria_est_kg_prev,ale,3905.6266779193184,-192.56435175944296,
Fusión_sn_kg_pool_amplio,sn_inventario_escoria_est_kg_prev,ale,4551.956565582732,-186.49031676537138,
Fusión_sn_kg_pool_amplio,sn_inventario_escoria_est_kg_prev,ale,5088.836351185296,-180.41628177129982,
Fusión_sn_kg_pool_amplio,sn_inventario_escoria_est_kg_prev,ale,5622.086768973303,-178.04963316846752,
Fusión_sn_kg_pool_amplio,sn_inventario_escoria_est_kg_prev,ale,6152.989110688333,-101.99164068525606,
Fusión_sn_kg_pool_amplio,sn_inventario_escoria_est_kg_prev,ale,6625.9231762925865,-26.58565384311528,
Fusión_sn_kg_pool_amplio,sn_inventario_escoria_est_kg_prev,ale,7131.593430070469,-0.6281344775010567,
Fusión_sn_kg_pool_amplio,sn_inventario_escoria_est_kg_prev,ale,7630.567327799257,73.42908080387946,
Fusión_sn_kg_pool_amplio,sn_inventario_escoria_est_kg_prev,ale,8178.144635200295,161.71349263310796,
Fusión_sn_kg_pool_amplio,sn_inventario_escoria_est_kg_prev,ale,8779.477095740938,253.79769270854067,
Fusión_sn_kg_pool_amplio,sn_inventario_escoria_est_kg_prev,ale,9459.434492555407,403.62880996912696,
Fusión_sn_kg_pool_amplio,sn_inventario_escoria_est_kg_prev,ale,10430.525164537474,519.7899730911099,
Fusión_sn_kg_pool_amplio,sn_inventario_escoria_est_kg_prev,ale,18869.33966911247,695.7494633129519,
Fusión_sn_kg_pool_amplio,sn_inventario_escoria_est_kg_prev,shap_decil,403.2473863042496,-156.21898844929703,0.04
Fusión_sn_kg_pool_amplio,sn_inventario_escoria_est_kg_prev,shap_decil,1026.383623616683,-204.45238357657885,0.0
Fusión_sn_kg_pool_amplio,sn_inventario_escoria_est_kg_prev,shap_decil,2540.6051709641124,-190.74734322750925,0.0
Fusión_sn_kg_pool_amplio,sn_inventario_escoria_est_kg_prev,shap_decil,3550.828726173426,-182.05379381646384,0.0
Fusión_sn_kg_pool_amplio,sn_inventario_escoria_est_kg_prev,shap_decil,4844.014636000673,-167.50856150960072,0.0
Fusión_sn_kg_pool_amplio,sn_inventario_escoria_est_kg_prev,shap_decil,5914.827256346212,-149.64309523591132,0.011494252873563218
Fusión_sn_kg_pool_amplio,sn_inventario_escoria_est_kg_prev,shap_decil,6857.447748479853,-24.37499010340961,0.3218390804597701
Fusión_sn_kg_pool_amplio,sn_inventario_escoria_est_kg_prev,shap_decil,7854.239297907895,93.68175872092655,0.8850574712643678
Fusión_sn_kg_pool_amplio,sn_inventario_escoria_est_kg_prev,shap_decil,9055.497571752414,346.54803902656465,1.0
Fusión_sn_kg_pool_amplio,sn_inventario_escoria_est_kg_prev,shap_decil,10999.4126548772,552.3961111810969,1.0
Fusión_sn_kg_pool_amplio,masa_escoria_est_kg_prev,pd,2.5746211477035864e-20,-151.31497624732836,
Fusión_sn_kg_pool_amplio,masa_escoria_est_kg_prev,pd,3161.502250206735,-151.31497624732836,
Fusión_sn_kg_pool_amplio,masa_escoria_est_kg_prev,pd,6323.00450041347,-160.61246052553682,
Fusión_sn_kg_pool_amplio,masa_escoria_est_kg_prev,pd,9484.506750620205,-176.75952980597796,
Fusión_sn_kg_pool_amplio,masa_escoria_est_kg_prev,pd,12646.00900082694,-176.44389046475737,
Fusión_sn_kg_pool_amplio,masa_escoria_est_kg_prev,pd,15807.511251033675,-176.44389046475737,
Fusión_sn_kg_pool_amplio,masa_escoria_est_kg_prev,pd,18969.01350124041,-176.44389046475737,
Fusión_sn_kg_pool_amplio,masa_escoria_est_kg_prev,pd,22130.515751447143,-175.0475399461737,
Fusión_sn_kg_pool_amplio,masa_escoria_est_kg_prev,pd,25292.01800165388,-174.79580413097068,
Fusión_sn_kg_pool_amplio,masa_escoria_est_kg_prev,pd,28453.520251860617,-171.55890469846787,
Fusión_sn_kg_pool_amplio,masa_escoria_est_kg_prev,pd,31615.02250206735,123.68419281467337,
Fusión_sn_kg_pool_amplio,masa_escoria_est_kg_prev,pd,34776.52475227408,102.4225111098931,
Fusión_sn_kg_pool_amplio,masa_escoria_est_kg_prev,pd,37938.02700248082,120.22231771611808,
Fusión_sn_kg_pool_amplio,masa_escoria_est_kg_prev,pd,41099.52925268756,130.5469146376558,
Fusión_sn_kg_pool_amplio,masa_escoria_est_kg_prev,pd,44261.031502894286,219.12273604941544,
Fusión_sn_kg_pool_amplio,masa_escoria_est_kg_prev,pd,47422.53375310102,-92.46385985151291,
Fusión_sn_kg_pool_amplio,masa_escoria_est_kg_prev,pd,50584.03600330776,-141.8803400531893,
Fusión_sn_kg_pool_amplio,masa_escoria_est_kg_prev,pd,53745.538253514496,164.07421846921676,
Fusión_sn_kg_pool_amplio,masa_escoria_est_kg_prev,pd,56907.04050372123,350.931937944977,
Fusión_sn_kg_pool_amplio,masa_escoria_est_kg_prev,pd,60068.54275392796,449.7486102964335,
Fusión_sn_kg_pool_amplio,masa_escoria_est_kg_prev,ale,2140.090037561552,-96.08279811548599,
Fusión_sn_kg_pool_amplio,masa_escoria_est_kg_prev,ale,4782.7455774043465,-96.08279811548599,
Fusión_sn_kg_pool_amplio,masa_escoria_est_kg_prev,ale,5530.639309922519,-96.08279811548599,
Fusión_sn_kg_pool_amplio,masa_escoria_est_kg_prev,ale,6549.057274810213,-127.59132116948288,
Fusión_sn_kg_pool_amplio,masa_escoria_est_kg_prev,ale,10172.708735689708,-159.27965509562372,
Fusión_sn_kg_pool_amplio,masa_escoria_est_kg_prev,ale,13655.29620217767,-159.45946596776767,
Fusión_sn_kg_pool_amplio,masa_escoria_est_kg_prev,ale,15171.375615214067,-159.45946596776767,
Fusión_sn_kg_pool_amplio,masa_escoria_est_kg_prev,ale,18682.950022442317,-157.85424036668638,
Fusión_sn_kg_pool_amplio,masa_escoria_est_kg_prev,ale,22253.247602546748,-151.58592535069113,
Fusión_sn_kg_pool_amplio,masa_escoria_est_kg_prev,ale,24416.886002706033,-146.92283593577713,
Fusión_sn_kg_pool_amplio,masa_escoria_est_kg_prev,ale,27904.600723945863,-141.8031302090508,
Fusión_sn_kg_pool_amplio,masa_escoria_est_kg_prev,ale,31458.974416273755,13.651570231938635,
Fusión_sn_kg_pool_amplio,masa_escoria_est_kg_prev,ale,33899.276004121464,150.93206724481885,
Fusión_sn_kg_pool_amplio,masa_escoria_est_kg_prev,ale,37044.992212758836,148.9780427369834,
Fusión_sn_kg_pool_amplio,masa_escoria_est_kg_prev,ale,40662.1564993082,166.37136650094718,
Fusión_sn_kg_pool_amplio,masa_escoria_est_kg_prev,ale,43626.527681040694,212.07043908001182,
Fusión_sn_kg_pool_amplio,masa_escoria_est_kg_prev,ale,46953.238606443265,42.347896445532484,
Fusión_sn_kg_pool_amplio,masa_escoria_est_kg_prev,ale,50590.52984639752,3.6218853387239562,
Fusión_sn_kg_pool_amplio,masa_escoria_est_kg_prev,ale,54079.83125470656,207.53117818435007,
Fusión_sn_kg_pool_amplio,masa_escoria_est_kg_prev,ale,213794.39930879493,543.2489164346949,
Fusión_sn_kg_pool_amplio,masa_escoria_est_kg_prev,shap_decil,4279.627842474619,-135.87595166358258,0.0
Fusión_sn_kg_pool_amplio,masa_escoria_est_kg_prev,shap_decil,5779.558450488552,-177.37864026365475,0.0
Fusión_sn_kg_pool_amplio,masa_escoria_est_kg_prev,shap_decil,13023.270461918437,-174.59468066150632,0.0
Fusión_sn_kg_pool_amplio,masa_escoria_est_kg_prev,shap_decil,16043.471455363753,-167.12701977251587,0.0
Fusión_sn_kg_pool_amplio,masa_escoria_est_kg_prev,shap_decil,23196.526596718242,-160.9402978734492,0.0
Fusión_sn_kg_pool_amplio,masa_escoria_est_kg_prev,shap_decil,30171.676093732152,-30.306955903048884,0.42528735632183906
Fusión_sn_kg_pool_amplio,masa_escoria_est_kg_prev,shap_decil,35055.38921486212,136.82844486973815,0.9885057471264368
Fusión_sn_kg_pool_amplio,masa_escoria_est_kg_prev,shap_decil,42286.38563947388,156.5573610981228,0.9310344827586207
Fusión_sn_kg_pool_amplio,masa_escoria_est_kg_prev,shap_decil,48937.43880874122,-85.83455571098574,0.3850574712643678
Fusión_sn_kg_pool_amplio,masa_escoria_est_kg_prev,shap_decil,55922.10975673432,312.05237877789085,0.9028571428571428
Fusión_sn_kg_pool_amplio,feo_inventario_escoria_est_kg_prev,pd,4.218664353889222e-21,-247.100526787325,
Fusión_sn_kg_pool_amplio,feo_inventario_escoria_est_kg_prev,pd,582.692731584417,-247.100526787325,
Fusión_sn_kg_pool_amplio,feo_inventario_escoria_est_kg_prev,pd,1165.385463168834,-247.79484001349203,
Fusión_sn_kg_pool_amplio,feo_inventario_escoria_est_kg_prev,pd,1748.078194753251,-247.79484001349203,
Fusión_sn_kg_pool_amplio,feo_inventario_escoria_est_kg_prev,pd,2330.770926337668,-247.79484001349203,
Fusión_sn_kg_pool_amplio,feo_inventario_escoria_est_kg_prev,pd,2913.4636579220846,-231.9809882099642,
Fusión_sn_kg_pool_amplio,feo_inventario_escoria_est_kg_prev,pd,3496.156389506502,-231.9809882099642,
Fusión_sn_kg_pool_amplio,feo_inventario_escoria_est_kg_prev,pd,4078.8491210909187,-244.52192000178275,
Fusión_sn_kg_pool_amplio,feo_inventario_escoria_est_kg_prev,pd,4661.541852675336,-253.89818846674947,
Fusión_sn_kg_pool_amplio,feo_inventario_escoria_est_kg_prev,pd,5244.234584259752,-256.5000229560451,
Fusión_sn_kg_pool_amplio,feo_inventario_escoria_est_kg_prev,pd,5826.927315844169,-260.53608165332446,
Fusión_sn_kg_pool_amplio,feo_inventario_escoria_est_kg_prev,pd,6409.620047428586,-116.61113197613965,
Fusión_sn_kg_pool_amplio,feo_inventario_escoria_est_kg_prev,pd,6992.312779013004,277.6585897268201,
Fusión_sn_kg_pool_amplio,feo_inventario_escoria_est_kg_prev,pd,7575.005510597421,268.4334369335195,
Fusión_sn_kg_pool_amplio,feo_inventario_escoria_est_kg_prev,pd,8157.6982421818375,272.4158668697471,
Fusión_sn_kg_pool_amplio,feo_inventario_escoria_est_kg_prev,pd,8740.390973766254,694.5492259549088,
Fusión_sn_kg_pool_amplio,feo_inventario_escoria_est_kg_prev,pd,9323.083705350671,1080.918513052973,
Fusión_sn_kg_pool_amplio,feo_inventario_escoria_est_kg_prev,pd,9905.776436935088,1103.2592051026695,
Fusión_sn_kg_pool_amplio,feo_inventario_escoria_est_kg_prev,pd,10488.469168519505,1209.7970242251413,
Fusión_sn_kg_pool_amplio,feo_inventario_escoria_est_kg_prev,pd,11071.161900103922,939.3520770083632,
Fusión_sn_kg_pool_amplio,feo_inventario_escoria_est_kg_prev,ale,329.64650389851477,-328.0601614579241,
Fusión_sn_kg_pool_amplio,feo_inventario_escoria_est_kg_prev,ale,766.2962092428379,-330.6434854959732,
Fusión_sn_kg_pool_amplio,feo_inventario_escoria_est_kg_prev,ale,937.8709619409449,-333.22680953402227,
Fusión_sn_kg_pool_amplio,feo_inventario_escoria_est_kg_prev,ale,1188.0323164606375,-333.22680953402227,
Fusión_sn_kg_pool_amplio,feo_inventario_escoria_est_kg_prev,ale,1766.8671443786582,-333.22680953402227,
Fusión_sn_kg_pool_amplio,feo_inventario_escoria_est_kg_prev,ale,2318.2322984476245,-333.22680953402227,
Fusión_sn_kg_pool_amplio,feo_inventario_escoria_est_kg_prev,ale,2693.602451618853,-320.8361744799583,
Fusión_sn_kg_pool_amplio,feo_inventario_escoria_est_kg_prev,ale,3226.998357839788,-308.44553942589425,
Fusión_sn_kg_pool_amplio,feo_inventario_escoria_est_kg_prev,ale,3804.0753943827895,-313.1410297687998,
Fusión_sn_kg_pool_amplio,feo_inventario_escoria_est_kg_prev,ale,4337.514774762811,-321.23911404660294,
Fusión_sn_kg_pool_amplio,feo_inventario_escoria_est_kg_prev,ale,4858.484710878407,-330.24137205389377,
Fusión_sn_kg_pool_amplio,feo_inventario_escoria_est_kg_prev,ale,5397.809797390411,-339.279660373389,
Fusión_sn_kg_pool_amplio,feo_inventario_escoria_est_kg_prev,ale,5978.057716468641,-244.156094300392,
Fusión_sn_kg_pool_amplio,feo_inventario_escoria_est_kg_prev,ale,6561.074767171131,-75.97520875698427,
Fusión_sn_kg_pool_amplio,feo_inventario_escoria_est_kg_prev,ale,7173.955355685712,204.08286628752967,
Fusión_sn_kg_pool_amplio,feo_inventario_escoria_est_kg_prev,ale,7797.4160330810955,414.1545923853221,
Fusión_sn_kg_pool_amplio,feo_inventario_escoria_est_kg_prev,ale,8412.03890401254,556.7339406222837,
Fusión_sn_kg_pool_amplio,feo_inventario_escoria_est_kg_prev,ale,9014.859344129061,858.5935844862897,
Fusión_sn_kg_pool_amplio,feo_inventario_escoria_est_kg_prev,ale,9775.170662178014,1080.745580438267,
Fusión_sn_kg_pool_amplio,feo_inventario_escoria_est_kg_prev,ale,15081.142809393943,1125.1450227288024,
Fusión_sn_kg_pool_amplio,feo_inventario_escoria_est_kg_prev,shap_decil,659.276355491068,-182.39600852763445,0.0
Fusión_sn_kg_pool_amplio,feo_inventario_escoria_est_kg_prev,shap_decil,1002.6943839548063,-206.0913708000695,0.0
Fusión_sn_kg_pool_amplio,feo_inventario_escoria_est_kg_prev,shap_decil,2160.112169029285,-209.35375173302123,0.0
Fusión_sn_kg_pool_amplio,feo_inventario_escoria_est_kg_prev,shap_decil,2910.7526537739604,-231.8316555283216,0.0
Fusión_sn_kg_pool_amplio,feo_inventario_escoria_est_kg_prev,shap_decil,4065.1825806272377,-309.6886876827037,0.0
Fusión_sn_kg_pool_amplio,feo_inventario_escoria_est_kg_prev,shap_decil,5115.244082566805,-307.57327908567294,0.0
Fusión_sn_kg_pool_amplio,feo_inventario_escoria_est_kg_prev,shap_decil,6267.483595267006,-174.82654669677714,0.017241379310344827
Fusión_sn_kg_pool_amplio,feo_inventario_escoria_est_kg_prev,shap_decil,7493.2034358745605,318.71726953062665,0.9425287356321839
Fusión_sn_kg_pool_amplio,feo_inventario_escoria_est_kg_prev,shap_decil,8722.263663776008,569.417655551052,0.9942528735632183
Fusión_sn_kg_pool_amplio,feo_inventario_escoria_est_kg_prev,shap_decil,10243.619267124197,795.8661594549238,1.0
Fusión_sn_kg_pool_amplio,ley_sn_escoria_pct_prev,pd,10.6663888,-273.37060984837507,
Fusión_sn_kg_pool_amplio,ley_sn_escoria_pct_prev,pd,11.44988,-273.37060984837507,
Fusión_sn_kg_pool_amplio,ley_sn_escoria_pct_prev,pd,12.233371199999999,-263.5756419357345,
Fusión_sn_kg_pool_amplio,ley_sn_escoria_pct_prev,pd,13.016862399999999,-121.81245821121577,
Fusión_sn_kg_pool_amplio,ley_sn_escoria_pct_prev,pd,13.800353599999998,-187.9355641084366,
Fusión_sn_kg_pool_amplio,ley_sn_escoria_pct_prev,pd,14.583844799999998,-187.9355641084366,
Fusión_sn_kg_pool_amplio,ley_sn_escoria_pct_prev,pd,15.367335999999998,-127.72333393620697,
Fusión_sn_kg_pool_amplio,ley_sn_escoria_pct_prev,pd,16.150827199999995,6.139658805602847,
Fusión_sn_kg_pool_amplio,ley_sn_escoria_pct_prev,pd,16.934318399999995,5.5222562814975635,
Fusión_sn_kg_pool_amplio,ley_sn_escoria_pct_prev,pd,17.717809599999995,1.1033871894832228,
Fusión_sn_kg_pool_amplio,ley_sn_escoria_pct_prev,pd,18.501300799999996,8.691241826126063,
Fusión_sn_kg_pool_amplio,ley_sn_escoria_pct_prev,pd,19.284791999999996,15.392712393999258,
Fusión_sn_kg_pool_amplio,ley_sn_escoria_pct_prev,pd,20.068283199999996,9.098109087527732,
Fusión_sn_kg_pool_amplio,ley_sn_escoria_pct_prev,pd,20.851774399999993,-5.801814204039891,
Fusión_sn_kg_pool_amplio,ley_sn_escoria_pct_prev,pd,21.635265599999993,65.94326259763677,
Fusión_sn_kg_pool_amplio,ley_sn_escoria_pct_prev,pd,22.41875679999999,65.94326259763677,
Fusión_sn_kg_pool_amplio,ley_sn_escoria_pct_prev,pd,23.20224799999999,65.94326259763677,
Fusión_sn_kg_pool_amplio,ley_sn_escoria_pct_prev,pd,23.98573919999999,91.15523437676852,
Fusión_sn_kg_pool_amplio,ley_sn_escoria_pct_prev,pd,24.76923039999999,111.68305153633331,
Fusión_sn_kg_pool_amplio,ley_sn_escoria_pct_prev,pd,25.55272159999999,111.68305153633331,
Fusión_sn_kg_pool_amplio,ley_sn_escoria_pct_prev,ale,6.47299,-264.44313308298086,
Fusión_sn_kg_pool_amplio,ley_sn_escoria_pct_prev,ale,13.780429999999999,-240.7489457768345,
Fusión_sn_kg_pool_amplio,ley_sn_escoria_pct_prev,ale,15.135605,-223.75776986164868,
Fusión_sn_kg_pool_amplio,ley_sn_escoria_pct_prev,ale,16.137915,-85.60705447516784,
Fusión_sn_kg_pool_amplio,ley_sn_escoria_pct_prev,ale,16.994825,-3.0643085769340246,
Fusión_sn_kg_pool_amplio,ley_sn_escoria_pct_prev,ale,17.613935,-10.942366141990703,
Fusión_sn_kg_pool_amplio,ley_sn_escoria_pct_prev,ale,18.172595,-4.953754461909114,
Fusión_sn_kg_pool_amplio,ley_sn_escoria_pct_prev,ale,18.717185,5.139764931082823,
Fusión_sn_kg_pool_amplio,ley_sn_escoria_pct_prev,ale,19.22756,10.712485383369085,
Fusión_sn_kg_pool_amplio,ley_sn_escoria_pct_prev,ale,19.68266,9.726335461831582,
Fusión_sn_kg_pool_amplio,ley_sn_escoria_pct_prev,ale,20.090805000000003,-2.8868786330226044,
Fusión_sn_kg_pool_amplio,ley_sn_escoria_pct_prev,ale,20.467465,4.23174350142574,
Fusión_sn_kg_pool_amplio,ley_sn_escoria_pct_prev,ale,20.861095,67.07362430426764,
Fusión_sn_kg_pool_amplio,ley_sn_escoria_pct_prev,ale,21.278365,102.87481824805292,
Fusión_sn_kg_pool_amplio,ley_sn_escoria_pct_prev,ale,21.66833,94.57981769676138,
Fusión_sn_kg_pool_amplio,ley_sn_escoria_pct_prev,ale,22.08077,94.57981769676138,
Fusión_sn_kg_pool_amplio,ley_sn_escoria_pct_prev,ale,22.584880000000002,94.57981769676138,
Fusión_sn_kg_pool_amplio,ley_sn_escoria_pct_prev,ale,23.1945,101.91841208811167,
Fusión_sn_kg_pool_amplio,ley_sn_escoria_pct_prev,ale,23.993935,120.55229013685624,
Fusión_sn_kg_pool_amplio,ley_sn_escoria_pct_prev,ale,26.926895000000002,131.84757379425048,
Fusión_sn_kg_pool_amplio,ley_sn_escoria_pct_prev,shap_decil,12.9004,-214.14978492625454,0.005714285714285714
Fusión_sn_kg_pool_amplio,ley_sn_escoria_pct_prev,shap_decil,15.61565,-77.87546184804802,0.2471264367816092
Fusión_sn_kg_pool_amplio,ley_sn_escoria_pct_prev,shap_decil,17.32705,9.690005219551605,0.7298850574712644
Fusión_sn_kg_pool_amplio,ley_sn_escoria_pct_prev,shap_decil,18.44115,19.395191714781262,0.7586206896551724
Fusión_sn_kg_pool_amplio,ley_sn_escoria_pct_prev,shap_decil,19.4654,26.12800499262127,0.8457142857142858
Fusión_sn_kg_pool_amplio,ley_sn_escoria_pct_prev,shap_decil,20.28185,20.831965169625825,0.8045977011494253
Fusión_sn_kg_pool_amplio,ley_sn_escoria_pct_prev,shap_decil,21.06905,52.327868441212956,0.7816091954022989
Fusión_sn_kg_pool_amplio,ley_sn_escoria_pct_prev,shap_decil,21.8486,84.28373861229899,1.0
Fusión_sn_kg_pool_amplio,ley_sn_escoria_pct_prev,shap_decil,22.8553,90.65567906966504,1.0
Fusión_sn_kg_pool_amplio,ley_sn_escoria_pct_prev,shap_decil,24.4557,112.89034475803375,1.0
Fusión_sn_kg_pool_amplio,interaccion_C_x_Sn_prev,pd,334.97764051097204,-236.9349358921362,
Fusión_sn_kg_pool_amplio,interaccion_C_x_Sn_prev,pd,390.1931718169347,-236.9349358921362,
Fusión_sn_kg_pool_amplio,interaccion_C_x_Sn_prev,pd,445.4087031228974,-228.242067538262,
Fusión_sn_kg_pool_amplio,interaccion_C_x_Sn_prev,pd,500.62423442886006,-137.17413572253923,
Fusión_sn_kg_pool_amplio,interaccion_C_x_Sn_prev,pd,555.8397657348228,-135.23761842569263,
Fusión_sn_kg_pool_amplio,interaccion_C_x_Sn_prev,pd,611.0552970407855,-135.23761842569263,
Fusión_sn_kg_pool_amplio,interaccion_C_x_Sn_prev,pd,666.2708283467481,-70.3063990964232,
Fusión_sn_kg_pool_amplio,interaccion_C_x_Sn_prev,pd,721.4863596527108,-70.3063990964232,
Fusión_sn_kg_pool_amplio,interaccion_C_x_Sn_prev,pd,776.7018909586734,-70.3063990964232,
Fusión_sn_kg_pool_amplio,interaccion_C_x_Sn_prev,pd,831.9174222646361,-64.85126310352446,
Fusión_sn_kg_pool_amplio,interaccion_C_x_Sn_prev,pd,887.1329535705988,-35.047954469532385,
Fusión_sn_kg_pool_amplio,interaccion_C_x_Sn_prev,pd,942.3484848765615,71.62749136632951,
Fusión_sn_kg_pool_amplio,interaccion_C_x_Sn_prev,pd,997.5640161825241,96.00778615442357,
Fusión_sn_kg_pool_amplio,interaccion_C_x_Sn_prev,pd,1052.779547488487,98.82402981908123,
Fusión_sn_kg_pool_amplio,interaccion_C_x_Sn_prev,pd,1107.9950787944495,98.82402981908123,
Fusión_sn_kg_pool_amplio,interaccion_C_x_Sn_prev,pd,1163.2106101004122,98.82402981908123,
Fusión_sn_kg_pool_amplio,interaccion_C_x_Sn_prev,pd,1218.4261414063749,98.82402981908123,
Fusión_sn_kg_pool_amplio,interaccion_C_x_Sn_prev,pd,1273.6416727123376,98.82402981908123,
Fusión_sn_kg_pool_amplio,interaccion_C_x_Sn_prev,pd,1328.8572040183003,98.82402981908123,
Fusión_sn_kg_pool_amplio,interaccion_C_x_Sn_prev,pd,1384.0727353242628,98.82402981908123,
Fusión_sn_kg_pool_amplio,interaccion_C_x_Sn_prev,ale,222.77765020662238,-403.35659800374265,
Fusión_sn_kg_pool_amplio,interaccion_C_x_Sn_prev,ale,488.59794984387054,-259.778839122237,
Fusión_sn_kg_pool_amplio,interaccion_C_x_Sn_prev,ale,571.4779782592715,-198.65361843572651,
Fusión_sn_kg_pool_amplio,interaccion_C_x_Sn_prev,ale,643.954400548391,-138.63223132019334,
Fusión_sn_kg_pool_amplio,interaccion_C_x_Sn_prev,ale,703.8450088312081,-78.61084420466022,
Fusión_sn_kg_pool_amplio,interaccion_C_x_Sn_prev,ale,753.6675275809903,-78.61084420466022,
Fusión_sn_kg_pool_amplio,interaccion_C_x_Sn_prev,ale,803.4794865800508,-75.2161513602066,
Fusión_sn_kg_pool_amplio,interaccion_C_x_Sn_prev,ale,852.2843357779213,-66.89433895193076,
Fusión_sn_kg_pool_amplio,interaccion_C_x_Sn_prev,ale,891.0841923900331,-33.4436857493323,
Fusión_sn_kg_pool_amplio,interaccion_C_x_Sn_prev,ale,923.2103795838975,46.12984869091849,
Fusión_sn_kg_pool_amplio,interaccion_C_x_Sn_prev,ale,958.0738126003995,111.76770850198818,
Fusión_sn_kg_pool_amplio,interaccion_C_x_Sn_prev,ale,992.4250687800244,127.6825820277146,
Fusión_sn_kg_pool_amplio,interaccion_C_x_Sn_prev,ale,1023.3955984268416,129.009596543846,
Fusión_sn_kg_pool_amplio,interaccion_C_x_Sn_prev,ale,1054.176865842837,130.40431676780202,
Fusión_sn_kg_pool_amplio,interaccion_C_x_Sn_prev,ale,1083.595240606462,131.79903699175804,
Fusión_sn_kg_pool_amplio,interaccion_C_x_Sn_prev,ale,1116.1979030635769,131.79903699175804,
Fusión_sn_kg_pool_amplio,interaccion_C_x_Sn_prev,ale,1153.8570424845952,131.79903699175804,
Fusión_sn_kg_pool_amplio,interaccion_C_x_Sn_prev,ale,1197.122180587711,131.79903699175804,
Fusión_sn_kg_pool_amplio,interaccion_C_x_Sn_prev,ale,1267.7261486555858,131.79903699175804,
Fusión_sn_kg_pool_amplio,interaccion_C_x_Sn_prev,ale,1565.7927111546778,131.79903699175804,
Fusión_sn_kg_pool_amplio,interaccion_C_x_Sn_prev,shap_decil,443.04238391465526,-252.21284706846373,0.0
Fusión_sn_kg_pool_amplio,interaccion_C_x_Sn_prev,shap_decil,609.1649118134809,-134.15927941206257,0.028735632183908046
Fusión_sn_kg_pool_amplio,interaccion_C_x_Sn_prev,shap_decil,728.9110585114331,-60.74747006511838,0.1724137931034483
Fusión_sn_kg_pool_amplio,interaccion_C_x_Sn_prev,shap_decil,828.3962864737026,-62.265334297654654,0.16091954022988506
Fusión_sn_kg_pool_amplio,interaccion_C_x_Sn_prev,shap_decil,906.1827541156807,30.263307465197958,0.5828571428571429
Fusión_sn_kg_pool_amplio,interaccion_C_x_Sn_prev,shap_decil,976.0191957023967,106.29481465552503,1.0
Fusión_sn_kg_pool_amplio,interaccion_C_x_Sn_prev,shap_decil,1037.9365162749766,110.82959768708545,1.0
Fusión_sn_kg_pool_amplio,interaccion_C_x_Sn_prev,shap_decil,1096.639364587666,108.3194935119651,1.0
Fusión_sn_kg_pool_amplio,interaccion_C_x_Sn_prev,shap_decil,1171.715678902749,107.35191902222024,1.0
Fusión_sn_kg_pool_amplio,interaccion_C_x_Sn_prev,shap_decil,1313.3666708542887,106.02483173074326,1.0
Fusión_sn_kg_pool_amplio,tasa_feed_Carbon_kg_min,pd,27.897214475319608,-64.53750265467534,
Fusión_sn_kg_pool_amplio,tasa_feed_Carbon_kg_min,pd,29.6901534820045,-64.53750265467534,
Fusión_sn_kg_pool_amplio,tasa_feed_Carbon_kg_min,pd,31.483092488689397,-64.53750265467534,
Fusión_sn_kg_pool_amplio,tasa_feed_Carbon_kg_min,pd,33.27603149537429,-64.53750265467534,
Fusión_sn_kg_pool_amplio,tasa_feed_Carbon_kg_min,pd,35.06897050205919,-64.53750265467534,
Fusión_sn_kg_pool_amplio,tasa_feed_Carbon_kg_min,pd,36.86190950874408,-64.53750265467534,
Fusión_sn_kg_pool_amplio,tasa_feed_Carbon_kg_min,pd,38.654848515428974,-64.53750265467534,
Fusión_sn_kg_pool_amplio,tasa_feed_Carbon_kg_min,pd,40.44778752211387,-64.53750265467534,
Fusión_sn_kg_pool_amplio,tasa_feed_Carbon_kg_min,pd,42.24072652879876,-63.96999227761344,
Fusión_sn_kg_pool_amplio,tasa_feed_Carbon_kg_min,pd,44.03366553548366,-63.96999227761344,
Fusión_sn_kg_pool_amplio,tasa_feed_Carbon_kg_min,pd,45.82660454216855,-25.22749286268929,
Fusión_sn_kg_pool_amplio,tasa_feed_Carbon_kg_min,pd,47.61954354885344,0.7518671739565099,
Fusión_sn_kg_pool_amplio,tasa_feed_Carbon_kg_min,pd,49.41248255553834,2.2636378373465136,
Fusión_sn_kg_pool_amplio,tasa_feed_Carbon_kg_min,pd,51.205421562223236,12.193203177401482,
Fusión_sn_kg_pool_amplio,tasa_feed_Carbon_kg_min,pd,52.998360568908126,48.17203646830254,
Fusión_sn_kg_pool_amplio,tasa_feed_Carbon_kg_min,pd,54.79129957559303,52.14469308808792,
Fusión_sn_kg_pool_amplio,tasa_feed_Carbon_kg_min,pd,56.58423858227792,83.34006698172922,
Fusión_sn_kg_pool_amplio,tasa_feed_Carbon_kg_min,pd,58.37717758896281,83.34006698172922,
Fusión_sn_kg_pool_amplio,tasa_feed_Carbon_kg_min,pd,60.170116595647706,83.34006698172922,
Fusión_sn_kg_pool_amplio,tasa_feed_Carbon_kg_min,pd,61.9630556023326,83.34006698172922,
Fusión_sn_kg_pool_amplio,tasa_feed_Carbon_kg_min,ale,17.307243464000678,-65.00851462040373,
Fusión_sn_kg_pool_amplio,tasa_feed_Carbon_kg_min,ale,32.45204664338719,-65.00851462040373,
Fusión_sn_kg_pool_amplio,tasa_feed_Carbon_kg_min,ale,35.76828393930563,-65.00851462040373,
Fusión_sn_kg_pool_amplio,tasa_feed_Carbon_kg_min,ale,38.40414114219976,-65.00851462040373,
Fusión_sn_kg_pool_amplio,tasa_feed_Carbon_kg_min,ale,40.2208885559958,-65.00851462040373,
Fusión_sn_kg_pool_amplio,tasa_feed_Carbon_kg_min,ale,41.84776863644097,-64.23521075710346,
Fusión_sn_kg_pool_amplio,tasa_feed_Carbon_kg_min,ale,43.568640329950824,-51.720291824266354,
Fusión_sn_kg_pool_amplio,tasa_feed_Carbon_kg_min,ale,45.086930829438394,-28.982131719079618,
Fusión_sn_kg_pool_amplio,tasa_feed_Carbon_kg_min,ale,46.24929912408507,-15.048289600853465,
Fusión_sn_kg_pool_amplio,tasa_feed_Carbon_kg_min,ale,47.29814354529748,-2.815372158856306,
Fusión_sn_kg_pool_amplio,tasa_feed_Carbon_kg_min,ale,48.20478888780762,6.480248200564617,
Fusión_sn_kg_pool_amplio,tasa_feed_Carbon_kg_min,ale,49.11335306239671,7.371058297349208,
Fusión_sn_kg_pool_amplio,tasa_feed_Carbon_kg_min,ale,50.06467196124669,15.454755857746932,
Fusión_sn_kg_pool_amplio,tasa_feed_Carbon_kg_min,ale,50.92107966135961,22.647643321360093,
Fusión_sn_kg_pool_amplio,tasa_feed_Carbon_kg_min,ale,51.721914727373786,22.647643321360093,
Fusión_sn_kg_pool_amplio,tasa_feed_Carbon_kg_min,ale,52.696932764457266,42.09339773903167,
Fusión_sn_kg_pool_amplio,tasa_feed_Carbon_kg_min,ale,53.80838461857073,61.53915215670325,
Fusión_sn_kg_pool_amplio,tasa_feed_Carbon_kg_min,ale,55.2987032132336,81.83123908065738,
Fusión_sn_kg_pool_amplio,tasa_feed_Carbon_kg_min,ale,57.24780913099417,102.12332600461153,
Fusión_sn_kg_pool_amplio,tasa_feed_Carbon_kg_min,ale,62.78947451838354,124.99822883729865,
Fusión_sn_kg_pool_amplio,tasa_feed_Carbon_kg_min,shap_decil,30.811350997770678,-53.65061223374518,0.0
Fusión_sn_kg_pool_amplio,tasa_feed_Carbon_kg_min,shap_decil,37.4555184969338,-56.428915411966216,0.0
Fusión_sn_kg_pool_amplio,tasa_feed_Carbon_kg_min,shap_decil,41.084700619762756,-62.08737136536684,0.0
Fusión_sn_kg_pool_amplio,tasa_feed_Carbon_kg_min,shap_decil,44.526280836219925,-51.28404518573823,0.011494252873563218
Fusión_sn_kg_pool_amplio,tasa_feed_Carbon_kg_min,shap_decil,46.8517081497062,-16.600851763458056,0.13142857142857142
Fusión_sn_kg_pool_amplio,tasa_feed_Carbon_kg_min,shap_decil,48.66512633246167,1.287721129220137,0.5804597701149425
Fusión_sn_kg_pool_amplio,tasa_feed_Carbon_kg_min,shap_decil,50.5674486513739,14.279670731124408,0.9712643678160919
Fusión_sn_kg_pool_amplio,tasa_feed_Carbon_kg_min,shap_decil,52.16877921082438,29.55635027234256,0.9885057471264368
Fusión_sn_kg_pool_amplio,tasa_feed_Carbon_kg_min,shap_decil,54.37632742677945,65.71989577162901,1.0
Fusión_sn_kg_pool_amplio,tasa_feed_Carbon_kg_min,shap_decil,58.293072367823406,99.88781948496623,1.0
Fusión_sn_kg_pool_amplio,relacion_CaO_carga,pd,8.340793043412837e-26,308.6326626080539,
Fusión_sn_kg_pool_amplio,relacion_CaO_carga,pd,0.006952400632211755,308.6326626080539,
Fusión_sn_kg_pool_amplio,relacion_CaO_carga,pd,0.01390480126442351,308.6326626080539,
Fusión_sn_kg_pool_amplio,relacion_CaO_carga,pd,0.020857201896635265,308.6326626080539,
Fusión_sn_kg_pool_amplio,relacion_CaO_carga,pd,0.02780960252884702,308.6326626080539,
Fusión_sn_kg_pool_amplio,relacion_CaO_carga,pd,0.03476200316105878,308.6326626080539,
Fusión_sn_kg_pool_amplio,relacion_CaO_carga,pd,0.04171440379327053,308.6326626080539,
Fusión_sn_kg_pool_amplio,relacion_CaO_carga,pd,0.04866680442548229,297.05215617321267,
Fusión_sn_kg_pool_amplio,relacion_CaO_carga,pd,0.05561920505769404,297.05215617321267,
Fusión_sn_kg_pool_amplio,relacion_CaO_carga,pd,0.0625716056899058,190.18642648781008,
Fusión_sn_kg_pool_amplio,relacion_CaO_carga,pd,0.06952400632211755,190.18642648781008,
Fusión_sn_kg_pool_amplio,relacion_CaO_carga,pd,0.0764764069543293,114.45838036974315,
Fusión_sn_kg_pool_amplio,relacion_CaO_carga,pd,0.08342880758654106,-131.98195620689756,
Fusión_sn_kg_pool_amplio,relacion_CaO_carga,pd,0.09038120821875281,-102.37148788614314,
Fusión_sn_kg_pool_amplio,relacion_CaO_carga,pd,0.09733360885096458,-46.28334156093031,
Fusión_sn_kg_pool_amplio,relacion_CaO_carga,pd,0.10428600948317633,-31.741095519049065,
Fusión_sn_kg_pool_amplio,relacion_CaO_carga,pd,0.11123841011538808,29.950750105419853,
Fusión_sn_kg_pool_amplio,relacion_CaO_carga,pd,0.11819081074759984,29.13748119392886,
Fusión_sn_kg_pool_amplio,relacion_CaO_carga,pd,0.1251432113798116,29.13748119392886,
Fusión_sn_kg_pool_amplio,relacion_CaO_carga,pd,0.13209561201202336,29.13748119392886,
Fusión_sn_kg_pool_amplio,relacion_CaO_carga,ale,0.03263537646557938,1.1399038907130148,
Fusión_sn_kg_pool_amplio,relacion_CaO_carga,ale,0.075154619532336,-134.346250163694,
Fusión_sn_kg_pool_amplio,relacion_CaO_carga,ale,0.08782585914710347,-160.75605302662782,
Fusión_sn_kg_pool_amplio,relacion_CaO_carga,ale,0.09147638790335255,-127.20208581678878,
Fusión_sn_kg_pool_amplio,relacion_CaO_carga,ale,0.09372318516692749,-111.00688366882702,
Fusión_sn_kg_pool_amplio,relacion_CaO_carga,ale,0.0955994403433663,-73.57492738893455,
Fusión_sn_kg_pool_amplio,relacion_CaO_carga,ale,0.09664247481163193,-43.71191567551301,
Fusión_sn_kg_pool_amplio,relacion_CaO_carga,ale,0.0977764204802103,-22.992384294234952,
Fusión_sn_kg_pool_amplio,relacion_CaO_carga,ale,0.09879208722125637,-10.899110494447754,
Fusión_sn_kg_pool_amplio,relacion_CaO_carga,ale,0.0996585343101411,-8.683398288566963,
Fusión_sn_kg_pool_amplio,relacion_CaO_carga,ale,0.10052598008070456,-12.09751744326772,
Fusión_sn_kg_pool_amplio,relacion_CaO_carga,ale,0.10137163406715083,9.620234198852344,
Fusión_sn_kg_pool_amplio,relacion_CaO_carga,ale,0.1023357385112431,34.02511168784718,
Fusión_sn_kg_pool_amplio,relacion_CaO_carga,ale,0.10354512544351756,29.82213311282179,
Fusión_sn_kg_pool_amplio,relacion_CaO_carga,ale,0.10475912356050986,51.16039257041173,
Fusión_sn_kg_pool_amplio,relacion_CaO_carga,ale,0.10600360859234828,74.76819623351462,
Fusión_sn_kg_pool_amplio,relacion_CaO_carga,ale,0.10751472554068556,77.65850233462554,
Fusión_sn_kg_pool_amplio,relacion_CaO_carga,ale,0.10995908254789488,94.05388750379643,
Fusión_sn_kg_pool_amplio,relacion_CaO_carga,ale,0.11488363119786714,115.68977347922353,
Fusión_sn_kg_pool_amplio,relacion_CaO_carga,ale,0.1553430418241446,214.9484265121508,
Fusión_sn_kg_pool_amplio,relacion_CaO_carga,shap_decil,0.06511000252595844,197.6199486961552,0.6914285714285714
Fusión_sn_kg_pool_amplio,relacion_CaO_carga,shap_decil,0.09061327280307166,-111.5854799419972,0.0
Fusión_sn_kg_pool_amplio,relacion_CaO_carga,shap_decil,0.09510682668784359,-83.86395243958884,0.011494252873563218
Fusión_sn_kg_pool_amplio,relacion_CaO_carga,shap_decil,0.09719003656982918,-36.80131104325435,0.13218390804597702
Fusión_sn_kg_pool_amplio,relacion_CaO_carga,shap_decil,0.09922623942478397,-30.156430687769337,0.16
Fusión_sn_kg_pool_amplio,relacion_CaO_carga,shap_decil,0.10095943115752964,-45.674731270188836,0.1724137931034483
Fusión_sn_kg_pool_amplio,relacion_CaO_carga,shap_decil,0.1028874952882046,-25.86435035119057,0.1896551724137931
Fusión_sn_kg_pool_amplio,relacion_CaO_carga,shap_decil,0.10531532576976305,-19.952987343648374,0.27586206896551724
Fusión_sn_kg_pool_amplio,relacion_CaO_carga,shap_decil,0.10833620334888928,-11.619753862660968,0.41954022988505746
Fusión_sn_kg_pool_amplio,relacion_CaO_carga,shap_decil,0.11820610503843038,67.17309762117334,0.8057142857142857
Fusión_sn_kg_pool_amplio,tasa_gn_nm3_min,pd,25.63223364896044,-68.70242008363921,
Fusión_sn_kg_pool_amplio,tasa_gn_nm3_min,pd,25.964700201868805,-68.70242008363921,
Fusión_sn_kg_pool_amplio,tasa_gn_nm3_min,pd,26.29716675477717,-68.70242008363921,
Fusión_sn_kg_pool_amplio,tasa_gn_nm3_min,pd,26.629633307685534,-68.70242008363921,
Fusión_sn_kg_pool_amplio,tasa_gn_nm3_min,pd,26.9620998605939,-68.70242008363921,
Fusión_sn_kg_pool_amplio,tasa_gn_nm3_min,pd,27.294566413502263,-68.70242008363921,
Fusión_sn_kg_pool_amplio,tasa_gn_nm3_min,pd,27.627032966410628,-17.507070449716903,
Fusión_sn_kg_pool_amplio,tasa_gn_nm3_min,pd,27.959499519318992,-17.507070449716903,
Fusión_sn_kg_pool_amplio,tasa_gn_nm3_min,pd,28.291966072227357,-17.507070449716903,
Fusión_sn_kg_pool_amplio,tasa_gn_nm3_min,pd,28.62443262513572,-73.14565363624776,
Fusión_sn_kg_pool_amplio,tasa_gn_nm3_min,pd,28.95689917804409,-75.5769802082261,
Fusión_sn_kg_pool_amplio,tasa_gn_nm3_min,pd,29.289365730952454,-75.5769802082261,
Fusión_sn_kg_pool_amplio,tasa_gn_nm3_min,pd,29.62183228386082,-69.44707281475429,
Fusión_sn_kg_pool_amplio,tasa_gn_nm3_min,pd,29.954298836769183,-49.338962092444795,
Fusión_sn_kg_pool_amplio,tasa_gn_nm3_min,pd,30.286765389677548,-57.90617065941752,
Fusión_sn_kg_pool_amplio,tasa_gn_nm3_min,pd,30.619231942585913,8.65278575159535,
Fusión_sn_kg_pool_amplio,tasa_gn_nm3_min,pd,30.951698495494277,50.8996150876227,
Fusión_sn_kg_pool_amplio,tasa_gn_nm3_min,pd,31.28416504840264,-10.58365137269244,
Fusión_sn_kg_pool_amplio,tasa_gn_nm3_min,pd,31.616631601311006,-10.58365137269244,
Fusión_sn_kg_pool_amplio,tasa_gn_nm3_min,pd,31.94909815421937,176.5825709858603,
Fusión_sn_kg_pool_amplio,tasa_gn_nm3_min,ale,22.220183962006498,-122.94290995555576,
Fusión_sn_kg_pool_amplio,tasa_gn_nm3_min,ale,28.077150319133686,-133.02620974639305,
Fusión_sn_kg_pool_amplio,tasa_gn_nm3_min,ale,29.033378542547894,-138.53815446011046,
Fusión_sn_kg_pool_amplio,tasa_gn_nm3_min,ale,29.5580358685156,-133.4757416734275,
Fusión_sn_kg_pool_amplio,tasa_gn_nm3_min,ale,29.832299908668908,-90.7738656751884,
Fusión_sn_kg_pool_amplio,tasa_gn_nm3_min,ale,30.00909080077038,-54.078258745515,
Fusión_sn_kg_pool_amplio,tasa_gn_nm3_min,ale,30.170888784657272,-50.907164945026395,
Fusión_sn_kg_pool_amplio,tasa_gn_nm3_min,ale,30.323925405834608,-57.50455731841635,
Fusión_sn_kg_pool_amplio,tasa_gn_nm3_min,ale,30.457212994532938,-62.70560072226221,
Fusión_sn_kg_pool_amplio,tasa_gn_nm3_min,ale,30.57086614164726,-24.74196442522083,
Fusión_sn_kg_pool_amplio,tasa_gn_nm3_min,ale,30.67492377334171,-5.697673322780332,
Fusión_sn_kg_pool_amplio,tasa_gn_nm3_min,ale,30.770330246825694,50.74870367510917,
Fusión_sn_kg_pool_amplio,tasa_gn_nm3_min,ale,30.847665965722342,122.75975731902415,
Fusión_sn_kg_pool_amplio,tasa_gn_nm3_min,ale,30.947877926972687,169.5472537809896,
Fusión_sn_kg_pool_amplio,tasa_gn_nm3_min,ale,31.059030225076874,142.70167377258525,
Fusión_sn_kg_pool_amplio,tasa_gn_nm3_min,ale,31.15287443125159,54.70604142017237,
Fusión_sn_kg_pool_amplio,tasa_gn_nm3_min,ale,31.24514413119266,39.130711316671835,
Fusión_sn_kg_pool_amplio,tasa_gn_nm3_min,ale,31.37005665772725,39.130711316671835,
Fusión_sn_kg_pool_amplio,tasa_gn_nm3_min,ale,31.545222909098655,54.10824831816052,
Fusión_sn_kg_pool_amplio,tasa_gn_nm3_min,ale,32.05079874152498,200.94679409676456,
Fusión_sn_kg_pool_amplio,tasa_gn_nm3_min,shap_decil,27.464932443124273,-54.76338386253259,0.19428571428571428
Fusión_sn_kg_pool_amplio,tasa_gn_nm3_min,shap_decil,29.383706430731408,-88.9879872724768,0.0
Fusión_sn_kg_pool_amplio,tasa_gn_nm3_min,shap_decil,29.931626314346126,-31.88637077909832,0.09195402298850575
Fusión_sn_kg_pool_amplio,tasa_gn_nm3_min,shap_decil,30.255184953908916,-42.973738025773656,0.022988505747126436
Fusión_sn_kg_pool_amplio,tasa_gn_nm3_min,shap_decil,30.52187300586196,-45.87145534196081,0.10857142857142857
Fusión_sn_kg_pool_amplio,tasa_gn_nm3_min,shap_decil,30.729939879311456,-1.7414241383957194,0.5804597701149425
Fusión_sn_kg_pool_amplio,tasa_gn_nm3_min,shap_decil,30.884605373806423,73.85732731543837,0.9942528735632183
Fusión_sn_kg_pool_amplio,tasa_gn_nm3_min,shap_decil,31.10688875690715,37.36951010357913,0.4885057471264368
Fusión_sn_kg_pool_amplio,tasa_gn_nm3_min,shap_decil,31.29119585030041,4.774299796508677,0.27011494252873564
Fusión_sn_kg_pool_amplio,tasa_gn_nm3_min,shap_decil,31.641995969593015,91.56157801177392,0.5142857142857142
Fusión_sn_kg_pool_amplio,exceso_o2_combustion_pct,pd,16.096312617362788,105.51041206740486,
Fusión_sn_kg_pool_amplio,exceso_o2_combustion_pct,pd,16.51663118986212,105.51041206740486,
Fusión_sn_kg_pool_amplio,exceso_o2_combustion_pct,pd,16.936949762361454,105.51041206740486,
Fusión_sn_kg_pool_amplio,exceso_o2_combustion_pct,pd,17.357268334860787,105.51041206740486,
Fusión_sn_kg_pool_amplio,exceso_o2_combustion_pct,pd,17.77758690736012,105.51041206740486,
Fusión_sn_kg_pool_amplio,exceso_o2_combustion_pct,pd,18.197905479859458,105.51041206740486,
Fusión_sn_kg_pool_amplio,exceso_o2_combustion_pct,pd,18.61822405235879,21.286784382909435,
Fusión_sn_kg_pool_amplio,exceso_o2_combustion_pct,pd,19.038542624858124,-33.89315103478847,
Fusión_sn_kg_pool_amplio,exceso_o2_combustion_pct,pd,19.458861197357457,55.768441427197345,
Fusión_sn_kg_pool_amplio,exceso_o2_combustion_pct,pd,19.87917976985679,0.4664948239881969,
Fusión_sn_kg_pool_amplio,exceso_o2_combustion_pct,pd,20.299498342356124,0.4664948239881969,
Fusión_sn_kg_pool_amplio,exceso_o2_combustion_pct,pd,20.719816914855457,21.786873427156916,
Fusión_sn_kg_pool_amplio,exceso_o2_combustion_pct,pd,21.14013548735479,26.41287387178039,
Fusión_sn_kg_pool_amplio,exceso_o2_combustion_pct,pd,21.560454059854123,68.16448775661716,
Fusión_sn_kg_pool_amplio,exceso_o2_combustion_pct,pd,21.980772632353457,68.16448775661716,
Fusión_sn_kg_pool_amplio,exceso_o2_combustion_pct,pd,22.401091204852793,68.16448775661716,
Fusión_sn_kg_pool_amplio,exceso_o2_combustion_pct,pd,22.821409777352127,83.42201076051533,
Fusión_sn_kg_pool_amplio,exceso_o2_combustion_pct,pd,23.24172834985146,83.42201076051533,
Fusión_sn_kg_pool_amplio,exceso_o2_combustion_pct,pd,23.662046922350793,67.31526960531761,
Fusión_sn_kg_pool_amplio,exceso_o2_combustion_pct,pd,24.082365494850126,67.31526960531761,
Fusión_sn_kg_pool_amplio,exceso_o2_combustion_pct,ale,3.5085621977544648,24.30767423489307,
Fusión_sn_kg_pool_amplio,exceso_o2_combustion_pct,ale,18.42211116101923,69.27186494966084,
Fusión_sn_kg_pool_amplio,exceso_o2_combustion_pct,ale,18.503567659143847,23.675463107473817,
Fusión_sn_kg_pool_amplio,exceso_o2_combustion_pct,ale,18.56282856767679,28.469767241178786,
Fusión_sn_kg_pool_amplio,exceso_o2_combustion_pct,ale,18.615947384408848,27.052030996345096,
Fusión_sn_kg_pool_amplio,exceso_o2_combustion_pct,ale,18.663259232606123,15.101777003693186,
Fusión_sn_kg_pool_amplio,exceso_o2_combustion_pct,ale,18.701111043762396,4.651526025029781,
Fusión_sn_kg_pool_amplio,exceso_o2_combustion_pct,ale,18.736420938068058,-50.11165904583546,
Fusión_sn_kg_pool_amplio,exceso_o2_combustion_pct,ale,18.777430516653425,-84.05384048566859,
Fusión_sn_kg_pool_amplio,exceso_o2_combustion_pct,ale,18.82012791411047,-63.78937384095758,
Fusión_sn_kg_pool_amplio,exceso_o2_combustion_pct,ale,18.862353400196383,-60.04573372570438,
Fusión_sn_kg_pool_amplio,exceso_o2_combustion_pct,ale,18.90482189898316,-33.483896030147505,
Fusión_sn_kg_pool_amplio,exceso_o2_combustion_pct,ale,18.95344759760571,-15.778055988867749,
Fusión_sn_kg_pool_amplio,exceso_o2_combustion_pct,ale,19.012204443900124,-18.968062225830636,
Fusión_sn_kg_pool_amplio,exceso_o2_combustion_pct,ale,19.082830012918123,-4.817528622663943,
Fusión_sn_kg_pool_amplio,exceso_o2_combustion_pct,ale,19.18102210807475,41.06038467514776,
Fusión_sn_kg_pool_amplio,exceso_o2_combustion_pct,ale,19.319977409941735,54.004371803727125,
Fusión_sn_kg_pool_amplio,exceso_o2_combustion_pct,ale,19.60520154175384,13.735571642528598,
Fusión_sn_kg_pool_amplio,exceso_o2_combustion_pct,ale,20.47115139980713,4.88112618938645,
Fusión_sn_kg_pool_amplio,exceso_o2_combustion_pct,ale,38.93428656141357,25.003013772854885,
Fusión_sn_kg_pool_amplio,exceso_o2_combustion_pct,shap_decil,18.371893525587513,29.689517198262593,0.7028571428571428
Fusión_sn_kg_pool_amplio,exceso_o2_combustion_pct,shap_decil,18.535025781173793,24.55612575665546,0.8275862068965517
Fusión_sn_kg_pool_amplio,exceso_o2_combustion_pct,shap_decil,18.641064861755677,22.422403846531818,0.8563218390804598
Fusión_sn_kg_pool_amplio,exceso_o2_combustion_pct,shap_decil,18.716624690400756,-14.08389079113514,0.4885057471264368
Fusión_sn_kg_pool_amplio,exceso_o2_combustion_pct,shap_decil,18.798803069461144,-64.37767387295163,0.017142857142857144
Fusión_sn_kg_pool_amplio,exceso_o2_combustion_pct,shap_decil,18.883539460084865,-58.36202778375004,0.040229885057471264
Fusión_sn_kg_pool_amplio,exceso_o2_combustion_pct,shap_decil,18.98055070879634,-35.542184644889716,0.10919540229885058
Fusión_sn_kg_pool_amplio,exceso_o2_combustion_pct,shap_decil,19.121741148691875,-10.24691189239105,0.25862068965517243
Fusión_sn_kg_pool_amplio,exceso_o2_combustion_pct,shap_decil,19.39787437967508,49.73424716982657,0.8563218390804598
Fusión_sn_kg_pool_amplio,exceso_o2_combustion_pct,shap_decil,21.13259308814608,26.527926553817935,0.6
Fusión_sn_kg_pool_amplio,basicidad_B2_prev,pd,0.44264535420089823,-355.49177105727875,
Fusión_sn_kg_pool_amplio,basicidad_B2_prev,pd,0.45351516617805804,-197.1931501516606,
Fusión_sn_kg_pool_amplio,basicidad_B2_prev,pd,0.4643849781552178,144.37794474121486,
Fusión_sn_kg_pool_amplio,basicidad_B2_prev,pd,0.4752547901323776,24.308086197918882,
Fusión_sn_kg_pool_amplio,basicidad_B2_prev,pd,0.48612460210953734,-28.522949802168547,
Fusión_sn_kg_pool_amplio,basicidad_B2_prev,pd,0.49699441408669714,-29.981785423499467,
Fusión_sn_kg_pool_amplio,basicidad_B2_prev,pd,0.507864226063857,-16.53822563926974,
Fusión_sn_kg_pool_amplio,basicidad_B2_prev,pd,0.5187340380410167,-12.161959402474215,
Fusión_sn_kg_pool_amplio,basicidad_B2_prev,pd,0.5296038500181764,-7.177175307859594,
Fusión_sn_kg_pool_amplio,basicidad_B2_prev,pd,0.5404736619953362,-4.676620796751506,
Fusión_sn_kg_pool_amplio,basicidad_B2_prev,pd,0.5513434739724961,-11.989651515597098,
Fusión_sn_kg_pool_amplio,basicidad_B2_prev,pd,0.5622132859496558,-32.40812020856191,
Fusión_sn_kg_pool_amplio,basicidad_B2_prev,pd,0.5730830979268156,-41.996350756725214,
Fusión_sn_kg_pool_amplio,basicidad_B2_prev,pd,0.5839529099039753,-37.1007301835569,
Fusión_sn_kg_pool_amplio,basicidad_B2_prev,pd,0.5948227218811352,-103.01144396461703,
Fusión_sn_kg_pool_amplio,basicidad_B2_prev,pd,0.6056925338582949,-36.6625473349192,
Fusión_sn_kg_pool_amplio,basicidad_B2_prev,pd,0.6165623458354547,-36.6625473349192,
Fusión_sn_kg_pool_amplio,basicidad_B2_prev,pd,0.6274321578126145,-36.6625473349192,
Fusión_sn_kg_pool_amplio,basicidad_B2_prev,pd,0.6383019697897743,-36.6625473349192,
Fusión_sn_kg_pool_amplio,basicidad_B2_prev,pd,0.649171781766934,-36.6625473349192,
Fusión_sn_kg_pool_amplio,basicidad_B2_prev,ale,0.25440756816454985,142.05905342458948,
Fusión_sn_kg_pool_amplio,basicidad_B2_prev,ale,0.4673104618354478,82.36406069623963,
Fusión_sn_kg_pool_amplio,basicidad_B2_prev,ale,0.47949437026684494,16.356854977511176,
Fusión_sn_kg_pool_amplio,basicidad_B2_prev,ale,0.4885235328563333,-12.28157389546513,
Fusión_sn_kg_pool_amplio,basicidad_B2_prev,ale,0.49648196201684697,-30.5629680428095,
Fusión_sn_kg_pool_amplio,basicidad_B2_prev,ale,0.5039506502916835,-28.33899767609975,
Fusión_sn_kg_pool_amplio,basicidad_B2_prev,ale,0.5100418222010479,-22.51779788111034,
Fusión_sn_kg_pool_amplio,basicidad_B2_prev,ale,0.515437014519036,-20.42047222517394,
Fusión_sn_kg_pool_amplio,basicidad_B2_prev,ale,0.5217199769927714,-18.328389471990647,
Fusión_sn_kg_pool_amplio,basicidad_B2_prev,ale,0.5273866149493012,-19.338269957177545,
Fusión_sn_kg_pool_amplio,basicidad_B2_prev,ale,0.5323821360197745,-17.409083368025506,
Fusión_sn_kg_pool_amplio,basicidad_B2_prev,ale,0.5379481364982979,-15.78341282157615,
Fusión_sn_kg_pool_amplio,basicidad_B2_prev,ale,0.5436904733186665,-17.227937048320825,
Fusión_sn_kg_pool_amplio,basicidad_B2_prev,ale,0.5500654393684824,-22.760369014747795,
Fusión_sn_kg_pool_amplio,basicidad_B2_prev,ale,0.556819403597282,-33.39862431495547,
Fusión_sn_kg_pool_amplio,basicidad_B2_prev,ale,0.5647576645503398,-38.90776978961978,
Fusión_sn_kg_pool_amplio,basicidad_B2_prev,ale,0.5747355909298872,-38.69827328102943,
Fusión_sn_kg_pool_amplio,basicidad_B2_prev,ale,0.5883759232169445,65.52882596668807,
Fusión_sn_kg_pool_amplio,basicidad_B2_prev,ale,0.607450999391595,66.34899457692516,
Fusión_sn_kg_pool_amplio,basicidad_B2_prev,ale,0.7452802945013592,-37.661543269914745,
Fusión_sn_kg_pool_amplio,basicidad_B2_prev,shap_decil,0.46000047392803406,6.475908241225633,0.6342857142857142
Fusión_sn_kg_pool_amplio,basicidad_B2_prev,shap_decil,0.4843852231307796,7.002714839573135,0.5689655172413793
Fusión_sn_kg_pool_amplio,basicidad_B2_prev,shap_decil,0.5002967687804283,-9.876627658821963,0.26436781609195403
Fusión_sn_kg_pool_amplio,basicidad_B2_prev,shap_decil,0.5124783139411248,-10.159759301889414,0.21264367816091953
Fusión_sn_kg_pool_amplio,basicidad_B2_prev,shap_decil,0.5250550619428076,-8.093624610727842,0.2914285714285714
Fusión_sn_kg_pool_amplio,basicidad_B2_prev,shap_decil,0.5350709682326686,-7.068339288520603,0.3620689655172414
Fusión_sn_kg_pool_amplio,basicidad_B2_prev,shap_decil,0.5465298611673506,-6.8283767681462155,0.3620689655172414
Fusión_sn_kg_pool_amplio,basicidad_B2_prev,shap_decil,0.560028681785911,-26.860037492376094,0.08620689655172414
Fusión_sn_kg_pool_amplio,basicidad_B2_prev,shap_decil,0.5799607492546208,-43.763361357911265,0.08045977011494253
Fusión_sn_kg_pool_amplio,basicidad_B2_prev,shap_decil,0.6181361754075209,19.440682295908562,0.38857142857142857
Fusión_sn_kg_pool_amplio,temperatura_horno_celsius_prev,pd,943.789777104058,-2.4738843392587913,
Fusión_sn_kg_pool_amplio,temperatura_horno_celsius_prev,pd,959.5448828597656,27.627676347816333,
Fusión_sn_kg_pool_amplio,temperatura_horno_celsius_prev,pd,975.2999886154734,73.46268358418004,
Fusión_sn_kg_pool_amplio,temperatura_horno_celsius_prev,pd,991.055094371181,161.53445413186495,
Fusión_sn_kg_pool_amplio,temperatura_horno_celsius_prev,pd,1006.8102001268887,-56.14802938655938,
Fusión_sn_kg_pool_amplio,temperatura_horno_celsius_prev,pd,1022.5653058825964,-14.062725964675915,
Fusión_sn_kg_pool_amplio,temperatura_horno_celsius_prev,pd,1038.320411638304,-13.910856427606143,
Fusión_sn_kg_pool_amplio,temperatura_horno_celsius_prev,pd,1054.0755173940117,24.526962477673038,
Fusión_sn_kg_pool_amplio,temperatura_horno_celsius_prev,pd,1069.8306231497195,23.152119421156492,
Fusión_sn_kg_pool_amplio,temperatura_horno_celsius_prev,pd,1085.5857289054272,14.64650024080045,
Fusión_sn_kg_pool_amplio,temperatura_horno_celsius_prev,pd,1101.3408346611347,-155.4948900921416,
Fusión_sn_kg_pool_amplio,temperatura_horno_celsius_prev,pd,1117.0959404168425,-26.24393592699231,
Fusión_sn_kg_pool_amplio,temperatura_horno_celsius_prev,pd,1132.8510461725502,-31.2798662644998,
Fusión_sn_kg_pool_amplio,temperatura_horno_celsius_prev,pd,1148.606151928258,-6.011701127255217,
Fusión_sn_kg_pool_amplio,temperatura_horno_celsius_prev,pd,1164.3612576839655,8.820972880096457,
Fusión_sn_kg_pool_amplio,temperatura_horno_celsius_prev,pd,1180.1163634396733,10.391704483965713,
Fusión_sn_kg_pool_amplio,temperatura_horno_celsius_prev,pd,1195.871469195381,10.391704483965713,
Fusión_sn_kg_pool_amplio,temperatura_horno_celsius_prev,pd,1211.6265749510885,10.391704483965713,
Fusión_sn_kg_pool_amplio,temperatura_horno_celsius_prev,pd,1227.3816807067963,12.493145997907254,
Fusión_sn_kg_pool_amplio,temperatura_horno_celsius_prev,pd,1243.136786462504,12.493145997907254,
Fusión_sn_kg_pool_amplio,temperatura_horno_celsius_prev,ale,941.115861166742,1.8221863245383632,
Fusión_sn_kg_pool_amplio,temperatura_horno_celsius_prev,ale,967.9400033955013,43.319751066047495,
Fusión_sn_kg_pool_amplio,temperatura_horno_celsius_prev,ale,985.8611043004153,13.770376538422477,
Fusión_sn_kg_pool_amplio,temperatura_horno_celsius_prev,ale,1003.8880656242952,-41.709030590607945,
Fusión_sn_kg_pool_amplio,temperatura_horno_celsius_prev,ale,1020.5855590415265,-26.106875184487546,
Fusión_sn_kg_pool_amplio,temperatura_horno_celsius_prev,ale,1032.832675101511,-20.64686512642503,
Fusión_sn_kg_pool_amplio,temperatura_horno_celsius_prev,ale,1041.970730373861,-21.040316104583145,
Fusión_sn_kg_pool_amplio,temperatura_horno_celsius_prev,ale,1051.4789881049326,2.2091100968919,
Fusión_sn_kg_pool_amplio,temperatura_horno_celsius_prev,ale,1061.3102056559144,23.48190753645484,
Fusión_sn_kg_pool_amplio,temperatura_horno_celsius_prev,ale,1071.7768978244744,20.681522516418823,
Fusión_sn_kg_pool_amplio,temperatura_horno_celsius_prev,ale,1083.7259141086224,116.07959879723887,
Fusión_sn_kg_pool_amplio,temperatura_horno_celsius_prev,ale,1096.416231570572,31.069473803181037,
Fusión_sn_kg_pool_amplio,temperatura_horno_celsius_prev,ale,1109.0172781252184,-88.39159057269373,
Fusión_sn_kg_pool_amplio,temperatura_horno_celsius_prev,ale,1121.7770435033867,-33.1863498331883,
Fusión_sn_kg_pool_amplio,temperatura_horno_celsius_prev,ale,1135.019379147361,-38.21569978287243,
Fusión_sn_kg_pool_amplio,temperatura_horno_celsius_prev,ale,1148.414119092502,-10.783701890602364,
Fusión_sn_kg_pool_amplio,temperatura_horno_celsius_prev,ale,1162.9567577610187,6.003922949229862,
Fusión_sn_kg_pool_amplio,temperatura_horno_celsius_prev,ale,1180.2630648734753,2.0507544650453693,
Fusión_sn_kg_pool_amplio,temperatura_horno_celsius_prev,ale,1203.720846932982,8.858378531396676,
Fusión_sn_kg_pool_amplio,temperatura_horno_celsius_prev,ale,1275.4399859109656,10.355751513986245,
Fusión_sn_kg_pool_amplio,temperatura_horno_celsius_prev,shap_decil,959.0846305816624,20.777749711241164,0.6
Fusión_sn_kg_pool_amplio,temperatura_horno_celsius_prev,shap_decil,995.0011408907585,29.284349476009762,0.4367816091954023
Fusión_sn_kg_pool_amplio,temperatura_horno_celsius_prev,shap_decil,1028.322869392729,-16.594823360699692,0.16091954022988506
Fusión_sn_kg_pool_amplio,temperatura_horno_celsius_prev,shap_decil,1046.5878827187107,-8.360471580942034,0.27011494252873564
Fusión_sn_kg_pool_amplio,temperatura_horno_celsius_prev,shap_decil,1066.3102618514395,22.006014354299392,0.8228571428571428
Fusión_sn_kg_pool_amplio,temperatura_horno_celsius_prev,shap_decil,1090.1878047962864,-36.19697378126344,0.40804597701149425
Fusión_sn_kg_pool_amplio,temperatura_horno_celsius_prev,shap_decil,1115.4016787424723,-31.950154815450443,0.21264367816091953
Fusión_sn_kg_pool_amplio,temperatura_horno_celsius_prev,shap_decil,1141.8462120049294,-22.789480158076277,0.27586206896551724
Fusión_sn_kg_pool_amplio,temperatura_horno_celsius_prev,shap_decil,1170.9262586216744,16.513395158253232,0.6494252873563219
Fusión_sn_kg_pool_amplio,temperatura_horno_celsius_prev,shap_decil,1217.9267616420902,25.15987237008014,0.84
Fusión_sn_kg_pool_amplio,frac_carga_secundaria,pd,0.00033223387258801663,3.9180108550229398,
Fusión_sn_kg_pool_amplio,frac_carga_secundaria,pd,0.03221293080183141,3.9180108550229398,
Fusión_sn_kg_pool_amplio,frac_carga_secundaria,pd,0.0640936277310748,3.9180108550229398,
Fusión_sn_kg_pool_amplio,frac_carga_secundaria,pd,0.09597432466031819,3.9180108550229398,
Fusión_sn_kg_pool_amplio,frac_carga_secundaria,pd,0.12785502158956158,3.9180108550229398,
Fusión_sn_kg_pool_amplio,frac_carga_secundaria,pd,0.15973571851880497,3.9180108550229398,
Fusión_sn_kg_pool_amplio,frac_carga_secundaria,pd,0.19161641544804836,3.9180108550229398,
Fusión_sn_kg_pool_amplio,frac_carga_secundaria,pd,0.22349711237729175,3.9180108550229398,
Fusión_sn_kg_pool_amplio,frac_carga_secundaria,pd,0.25537780930653514,3.9180108550229398,
Fusión_sn_kg_pool_amplio,frac_carga_secundaria,pd,0.28725850623577853,3.9180108550229398,
Fusión_sn_kg_pool_amplio,frac_carga_secundaria,pd,0.3191392031650219,3.9180108550229398,
Fusión_sn_kg_pool_amplio,frac_carga_secundaria,pd,0.3510199000942653,3.9180108550229398,
Fusión_sn_kg_pool_amplio,frac_carga_secundaria,pd,0.3829005970235087,5.029904827923384,
Fusión_sn_kg_pool_amplio,frac_carga_secundaria,pd,0.4147812939527521,30.98613734931442,
Fusión_sn_kg_pool_amplio,frac_carga_secundaria,pd,0.4466619908819955,-40.47860985673364,
Fusión_sn_kg_pool_amplio,frac_carga_secundaria,pd,0.4785426878112389,-61.47159364298414,
Fusión_sn_kg_pool_amplio,frac_carga_secundaria,pd,0.5104233847404822,-210.15096134757857,
Fusión_sn_kg_pool_amplio,frac_carga_secundaria,pd,0.5423040816697255,8.298649980003697,
Fusión_sn_kg_pool_amplio,frac_carga_secundaria,pd,0.574184778598969,539.538615623681,
Fusión_sn_kg_pool_amplio,frac_carga_secundaria,pd,0.6060654755282124,539.538615623681,
Fusión_sn_kg_pool_amplio,frac_carga_secundaria,ale,0.18583086066142346,46.5869826296486,
Fusión_sn_kg_pool_amplio,frac_carga_secundaria,ale,0.3829798965033783,57.2395920507518,
Fusión_sn_kg_pool_amplio,frac_carga_secundaria,ale,0.3977472377377818,34.76270471848449,
Fusión_sn_kg_pool_amplio,frac_carga_secundaria,ale,0.4056387956749017,32.43884489093661,
Fusión_sn_kg_pool_amplio,frac_carga_secundaria,ale,0.41786815633895696,36.63115746868337,
Fusión_sn_kg_pool_amplio,frac_carga_secundaria,ale,0.430606173724647,35.9223011953113,
Fusión_sn_kg_pool_amplio,frac_carga_secundaria,ale,0.4394434940517774,-5.414898337835929,
Fusión_sn_kg_pool_amplio,frac_carga_secundaria,ale,0.4455005638652373,-40.2146837861468,
Fusión_sn_kg_pool_amplio,frac_carga_secundaria,ale,0.4501198832544794,-43.11330471409438,
Fusión_sn_kg_pool_amplio,frac_carga_secundaria,ale,0.4543642999502139,-45.509294618880695,
Fusión_sn_kg_pool_amplio,frac_carga_secundaria,ale,0.45754251299582804,-59.07524053029878,
Fusión_sn_kg_pool_amplio,frac_carga_secundaria,ale,0.46029495160238976,-72.45620287104776,
Fusión_sn_kg_pool_amplio,frac_carga_secundaria,ale,0.46338917472250873,-74.98405425698357,
Fusión_sn_kg_pool_amplio,frac_carga_secundaria,ale,0.46731506385630134,-78.21799507412905,
Fusión_sn_kg_pool_amplio,frac_carga_secundaria,ale,0.4726334299434261,-80.19460644327594,
Fusión_sn_kg_pool_amplio,frac_carga_secundaria,ale,0.47949355658448845,-66.4987181604653,
Fusión_sn_kg_pool_amplio,frac_carga_secundaria,ale,0.48999378980916786,-137.4011834947039,
Fusión_sn_kg_pool_amplio,frac_carga_secundaria,ale,0.5044174800520586,-209.08091162864332,
Fusión_sn_kg_pool_amplio,frac_carga_secundaria,ale,0.5456363847304699,155.95005519191915,
Fusión_sn_kg_pool_amplio,frac_carga_secundaria,ale,0.7144652427142584,506.79187459143446,
Fusión_sn_kg_pool_amplio,frac_carga_secundaria,shap_decil,0.37163652158591415,18.947036320123594,0.7028571428571428
Fusión_sn_kg_pool_amplio,frac_carga_secundaria,shap_decil,0.40121193048409876,30.163892099077703,0.9482758620689655
Fusión_sn_kg_pool_amplio,frac_carga_secundaria,shap_decil,0.4256549066742993,43.66164449911662,0.9252873563218391
Fusión_sn_kg_pool_amplio,frac_carga_secundaria,shap_decil,0.4433194092038979,-41.63251737274112,0.04597701149425287
Fusión_sn_kg_pool_amplio,frac_carga_secundaria,shap_decil,0.4525796614102894,-39.842429800097925,0.03428571428571429
Fusión_sn_kg_pool_amplio,frac_carga_secundaria,shap_decil,0.4589262951640415,-51.04829170283434,0.034482758620689655
Fusión_sn_kg_pool_amplio,frac_carga_secundaria,shap_decil,0.46512290273324963,-60.37754779435976,0.0
Fusión_sn_kg_pool_amplio,frac_carga_secundaria,shap_decil,0.47574979061276,-57.0442728277996,0.017241379310344827
Fusión_sn_kg_pool_amplio,frac_carga_secundaria,shap_decil,0.49673079014402965,-131.66158747967737,0.005747126436781609
Fusión_sn_kg_pool_amplio,frac_carga_secundaria,shap_decil,0.5792236440970203,335.8200041858576,0.8171428571428572
Fusión_sn_kg_pool_amplio,posicion_vertical_lanza_mm_prev,pd,281.2150597167969,8.184861234733354,
Fusión_sn_kg_pool_amplio,posicion_vertical_lanza_mm_prev,pd,467.03912742931254,-4.24353793828309,
Fusión_sn_kg_pool_amplio,posicion_vertical_lanza_mm_prev,pd,652.8631951418282,27.291247783634542,
Fusión_sn_kg_pool_amplio,posicion_vertical_lanza_mm_prev,pd,838.6872628543439,27.654571672459515,
Fusión_sn_kg_pool_amplio,posicion_vertical_lanza_mm_prev,pd,1024.5113305668597,27.654571672459515,
Fusión_sn_kg_pool_amplio,posicion_vertical_lanza_mm_prev,pd,1210.335398279375,17.442145397697498,
Fusión_sn_kg_pool_amplio,posicion_vertical_lanza_mm_prev,pd,1396.159465991891,22.508462213474697,
Fusión_sn_kg_pool_amplio,posicion_vertical_lanza_mm_prev,pd,1581.9835337044065,3.230071065644745,
Fusión_sn_kg_pool_amplio,posicion_vertical_lanza_mm_prev,pd,1767.8076014169224,74.04627328877538,
Fusión_sn_kg_pool_amplio,posicion_vertical_lanza_mm_prev,pd,1953.6316691294378,74.04627328877538,
Fusión_sn_kg_pool_amplio,posicion_vertical_lanza_mm_prev,pd,2139.4557368419537,75.34334040616488,
Fusión_sn_kg_pool_amplio,posicion_vertical_lanza_mm_prev,pd,2325.279804554469,62.42094075469636,
Fusión_sn_kg_pool_amplio,posicion_vertical_lanza_mm_prev,pd,2511.103872266985,63.69086931075941,
Fusión_sn_kg_pool_amplio,posicion_vertical_lanza_mm_prev,pd,2696.927939979501,56.215956613476465,
Fusión_sn_kg_pool_amplio,posicion_vertical_lanza_mm_prev,pd,2882.7520076920164,79.03969224272421,
Fusión_sn_kg_pool_amplio,posicion_vertical_lanza_mm_prev,pd,3068.576075404532,32.860297707843245,
Fusión_sn_kg_pool_amplio,posicion_vertical_lanza_mm_prev,pd,3254.4001431170477,-5.055937219412714,
Fusión_sn_kg_pool_amplio,posicion_vertical_lanza_mm_prev,pd,3440.2242108295636,57.028323323267045,
Fusión_sn_kg_pool_amplio,posicion_vertical_lanza_mm_prev,pd,3626.048278542079,-49.81938420645652,
Fusión_sn_kg_pool_amplio,posicion_vertical_lanza_mm_prev,pd,3811.872346254595,-64.23840787675351,
Fusión_sn_kg_pool_amplio,posicion_vertical_lanza_mm_prev,ale,171.0137680774548,-80.83586443118669,
Fusión_sn_kg_pool_amplio,posicion_vertical_lanza_mm_prev,ale,354.515015011742,-80.83586443118669,
Fusión_sn_kg_pool_amplio,posicion_vertical_lanza_mm_prev,ale,402.9329483514,-82.43219928858234,
Fusión_sn_kg_pool_amplio,posicion_vertical_lanza_mm_prev,ale,453.74503136052306,-82.42030889926573,
Fusión_sn_kg_pool_amplio,posicion_vertical_lanza_mm_prev,ale,510.2771815891628,-73.91641161220153,
Fusión_sn_kg_pool_amplio,posicion_vertical_lanza_mm_prev,ale,583.3868437880276,-67.02073957184955,
Fusión_sn_kg_pool_amplio,posicion_vertical_lanza_mm_prev,ale,730.001476949024,-66.50081055853106,
Fusión_sn_kg_pool_amplio,posicion_vertical_lanza_mm_prev,ale,933.9382259725467,-65.98088154521257,
Fusión_sn_kg_pool_amplio,posicion_vertical_lanza_mm_prev,ale,1145.1704685444697,-68.99576811318549,
Fusión_sn_kg_pool_amplio,posicion_vertical_lanza_mm_prev,ale,1398.2002349183435,-75.59197684343115,
Fusión_sn_kg_pool_amplio,posicion_vertical_lanza_mm_prev,ale,1724.0708286566978,35.28293302876037,
Fusión_sn_kg_pool_amplio,posicion_vertical_lanza_mm_prev,ale,2020.2006335214771,150.58116363924205,
Fusión_sn_kg_pool_amplio,posicion_vertical_lanza_mm_prev,ale,2226.629367900776,145.14752398758452,
Fusión_sn_kg_pool_amplio,posicion_vertical_lanza_mm_prev,ale,2416.9887180760643,139.22909840074294,
Fusión_sn_kg_pool_amplio,posicion_vertical_lanza_mm_prev,ale,2594.068947693213,135.70633042214428,
Fusión_sn_kg_pool_amplio,posicion_vertical_lanza_mm_prev,ale,2780.460038294749,127.98255990231046,
Fusión_sn_kg_pool_amplio,posicion_vertical_lanza_mm_prev,ale,2998.30468466526,90.60552743298406,
Fusión_sn_kg_pool_amplio,posicion_vertical_lanza_mm_prev,ale,3212.250035023709,35.58419442053004,
Fusión_sn_kg_pool_amplio,posicion_vertical_lanza_mm_prev,ale,3439.413790953008,-28.543545718671915,
Fusión_sn_kg_pool_amplio,posicion_vertical_lanza_mm_prev,ale,4410.186754363699,-84.27822384036219,
Fusión_sn_kg_pool_amplio,posicion_vertical_lanza_mm_prev,shap_decil,328.35660586149794,7.625570249675505,0.7885714285714286
Fusión_sn_kg_pool_amplio,posicion_vertical_lanza_mm_prev,shap_decil,425.3108552020529,1.4797184899511304,0.603448275862069
Fusión_sn_kg_pool_amplio,posicion_vertical_lanza_mm_prev,shap_decil,538.3315173138628,14.770764578066565,0.867816091954023
Fusión_sn_kg_pool_amplio,posicion_vertical_lanza_mm_prev,shap_decil,831.4539645674042,-17.15604543408789,0.4540229885057471
Fusión_sn_kg_pool_amplio,posicion_vertical_lanza_mm_prev,shap_decil,1254.2679600869455,-36.5452607475417,0.24
Fusión_sn_kg_pool_amplio,posicion_vertical_lanza_mm_prev,shap_decil,1906.623715433835,96.92325493891545,0.9425287356321839
Fusión_sn_kg_pool_amplio,posicion_vertical_lanza_mm_prev,shap_decil,2320.089770956989,79.56901587750413,0.9885057471264368
Fusión_sn_kg_pool_amplio,posicion_vertical_lanza_mm_prev,shap_decil,2672.7843842493053,74.2682028660675,0.9367816091954023
Fusión_sn_kg_pool_amplio,posicion_vertical_lanza_mm_prev,shap_decil,3108.0691034226193,16.748989791676422,0.5804597701149425
Fusión_sn_kg_pool_amplio,posicion_vertical_lanza_mm_prev,shap_decil,3563.7559047965115,-68.53929593771241,0.28
Fusión_sn_kg_pool_amplio,duracion_plan_min,pd,30.0,-29.837785383811124,
Fusión_sn_kg_pool_amplio,duracion_plan_min,pd,31.94736842105263,-29.837785383811124,
Fusión_sn_kg_pool_amplio,duracion_plan_min,pd,33.89473684210526,-29.837785383811124,
Fusión_sn_kg_pool_amplio,duracion_plan_min,pd,35.8421052631579,-29.837785383811124,
Fusión_sn_kg_pool_amplio,duracion_plan_min,pd,37.78947368421053,-29.837785383811124,
Fusión_sn_kg_pool_amplio,duracion_plan_min,pd,39.73684210526316,-29.837785383811124,
Fusión_sn_kg_pool_amplio,duracion_plan_min,pd,41.68421052631579,-27.113938180286635,
Fusión_sn_kg_pool_amplio,duracion_plan_min,pd,43.631578947368425,-25.484323087113797,
Fusión_sn_kg_pool_amplio,duracion_plan_min,pd,45.578947368421055,-9.898372701297093,
Fusión_sn_kg_pool_amplio,duracion_plan_min,pd,47.526315789473685,31.2307838298323,
Fusión_sn_kg_pool_amplio,duracion_plan_min,pd,49.473684210526315,13.26842527544485,
Fusión_sn_kg_pool_amplio,duracion_plan_min,pd,51.421052631578945,-19.58810351178033,
Fusión_sn_kg_pool_amplio,duracion_plan_min,pd,53.368421052631575,-34.49677274468595,
Fusión_sn_kg_pool_amplio,duracion_plan_min,pd,55.31578947368421,-90.10669947997896,
Fusión_sn_kg_pool_amplio,duracion_plan_min,pd,57.26315789473684,-126.02661013003457,
Fusión_sn_kg_pool_amplio,duracion_plan_min,pd,59.21052631578948,-126.02661013003457,
Fusión_sn_kg_pool_amplio,duracion_plan_min,pd,61.15789473684211,5.452498262323598,
Fusión_sn_kg_pool_amplio,duracion_plan_min,pd,63.10526315789474,389.9727317667511,
Fusión_sn_kg_pool_amplio,duracion_plan_min,pd,65.05263157894737,387.84486398639507,
Fusión_sn_kg_pool_amplio,duracion_plan_min,pd,67.0,170.7992100207536,
Fusión_sn_kg_pool_amplio,duracion_plan_min,ale,31.0,-37.684688590517155,
Fusión_sn_kg_pool_amplio,duracion_plan_min,ale,32.5,-37.684688590517155,
Fusión_sn_kg_pool_amplio,duracion_plan_min,ale,34.0,-37.684688590517155,
Fusión_sn_kg_pool_amplio,duracion_plan_min,ale,36.0,-37.684688590517155,
Fusión_sn_kg_pool_amplio,duracion_plan_min,ale,38.5,-37.684688590517155,
Fusión_sn_kg_pool_amplio,duracion_plan_min,ale,41.0,-35.00732989725826,
Fusión_sn_kg_pool_amplio,duracion_plan_min,ale,43.5,-28.918021587254216,
Fusión_sn_kg_pool_amplio,duracion_plan_min,ale,45.5,-11.999513348426582,
Fusión_sn_kg_pool_amplio,duracion_plan_min,ale,46.5,1.5070452736559048,
Fusión_sn_kg_pool_amplio,duracion_plan_min,ale,47.5,4.889650060137932,
Fusión_sn_kg_pool_amplio,duracion_plan_min,ale,49.0,-5.218041404547748,
Fusión_sn_kg_pool_amplio,duracion_plan_min,ale,51.0,-51.332210113826356,
Fusión_sn_kg_pool_amplio,duracion_plan_min,ale,53.5,-114.67348386829441,
Fusión_sn_kg_pool_amplio,duracion_plan_min,ale,57.5,-169.64531063887665,
Fusión_sn_kg_pool_amplio,duracion_plan_min,ale,61.5,263.4401851603039,
Fusión_sn_kg_pool_amplio,duracion_plan_min,ale,67.5,613.320169461587,
Fusión_sn_kg_pool_amplio,duracion_plan_min,shap_decil,32.0,-27.09629271100551,0.02834008097165992
Fusión_sn_kg_pool_amplio,duracion_plan_min,shap_decil,35.0,-26.811362012783007,0.05660377358490566
Fusión_sn_kg_pool_amplio,duracion_plan_min,shap_decil,37.0,-32.30316418321907,0.010582010582010581
Fusión_sn_kg_pool_amplio,duracion_plan_min,shap_decil,42.0,-32.565537434880056,0.04081632653061224
Fusión_sn_kg_pool_amplio,duracion_plan_min,shap_decil,45.0,-24.420015688863263,0.11538461538461539
Fusión_sn_kg_pool_amplio,duracion_plan_min,shap_decil,47.0,-6.166415703832944,0.21875
Fusión_sn_kg_pool_amplio,duracion_plan_min,shap_decil,50.0,12.04881711422892,0.6442307692307693
Fusión_sn_kg_pool_amplio,duracion_plan_min,shap_decil,52.0,-48.00384928297272,0.08205128205128205
Fusión_sn_kg_pool_amplio,duracion_plan_min,shap_decil,58.0,-157.05489003774653,0.01910828025477707
Fusión_sn_kg_pool_amplio,duracion_plan_min,shap_decil,63.0,286.4881602517619,0.8258064516129032
Fusión_sn_kg_pool_amplio,tasa_feed_CaO_kg_min,pd,3.5824537343721096e-23,514.7148510039847,
Fusión_sn_kg_pool_amplio,tasa_feed_CaO_kg_min,pd,2.556250159965085,514.7148510039847,
Fusión_sn_kg_pool_amplio,tasa_feed_CaO_kg_min,pd,5.11250031993017,514.7148510039847,
Fusión_sn_kg_pool_amplio,tasa_feed_CaO_kg_min,pd,7.668750479895255,514.7148510039847,
Fusión_sn_kg_pool_amplio,tasa_feed_CaO_kg_min,pd,10.22500063986034,514.7148510039847,
Fusión_sn_kg_pool_amplio,tasa_feed_CaO_kg_min,pd,12.781250799825425,514.7148510039847,
Fusión_sn_kg_pool_amplio,tasa_feed_CaO_kg_min,pd,15.33750095979051,514.7148510039847,
Fusión_sn_kg_pool_amplio,tasa_feed_CaO_kg_min,pd,17.893751119755596,514.7148510039847,
Fusión_sn_kg_pool_amplio,tasa_feed_CaO_kg_min,pd,20.45000127972068,514.7148510039847,
Fusión_sn_kg_pool_amplio,tasa_feed_CaO_kg_min,pd,23.006251439685766,514.7148510039847,
Fusión_sn_kg_pool_amplio,tasa_feed_CaO_kg_min,pd,25.56250159965085,514.7148510039847,
Fusión_sn_kg_pool_amplio,tasa_feed_CaO_kg_min,pd,28.118751759615936,483.83411466428186,
Fusión_sn_kg_pool_amplio,tasa_feed_CaO_kg_min,pd,30.67500191958102,483.83411466428186,
Fusión_sn_kg_pool_amplio,tasa_feed_CaO_kg_min,pd,33.23125207954611,161.04119421487525,
Fusión_sn_kg_pool_amplio,tasa_feed_CaO_kg_min,pd,35.78750223951119,-82.6164572032249,
Fusión_sn_kg_pool_amplio,tasa_feed_CaO_kg_min,pd,38.34375239947627,-20.246863183638084,
Fusión_sn_kg_pool_amplio,tasa_feed_CaO_kg_min,pd,40.90000255944136,53.29769859599424,
Fusión_sn_kg_pool_amplio,tasa_feed_CaO_kg_min,pd,43.45625271940645,-135.78677323826278,
Fusión_sn_kg_pool_amplio,tasa_feed_CaO_kg_min,pd,46.01250287937153,-210.4496815779877,
Fusión_sn_kg_pool_amplio,tasa_feed_CaO_kg_min,pd,48.56875303933661,-264.7891042945176,
Fusión_sn_kg_pool_amplio,tasa_feed_CaO_kg_min,ale,11.070355421150827,898.3033954745013,
Fusión_sn_kg_pool_amplio,tasa_feed_CaO_kg_min,ale,27.933310318293763,618.7747488661416,
Fusión_sn_kg_pool_amplio,tasa_feed_CaO_kg_min,ale,35.113300992580044,119.51079719327527,
Fusión_sn_kg_pool_amplio,tasa_feed_CaO_kg_min,ale,37.380022458703124,-69.70771654520593,
Fusión_sn_kg_pool_amplio,tasa_feed_CaO_kg_min,ale,38.80844984888019,40.095783815595155,
Fusión_sn_kg_pool_amplio,tasa_feed_CaO_kg_min,ale,39.74419987751617,110.722712562487,
Fusión_sn_kg_pool_amplio,tasa_feed_CaO_kg_min,ale,40.367744670518526,96.69268054824374,
Fusión_sn_kg_pool_amplio,tasa_feed_CaO_kg_min,ale,40.744005615142264,87.91700507678661,
Fusión_sn_kg_pool_amplio,tasa_feed_CaO_kg_min,ale,41.037438787189586,16.49956647307249,
Fusión_sn_kg_pool_amplio,tasa_feed_CaO_kg_min,ale,41.490332867279136,-28.631381180151493,
Fusión_sn_kg_pool_amplio,tasa_feed_CaO_kg_min,ale,41.98454824481094,-24.609449169749496,
Fusión_sn_kg_pool_amplio,tasa_feed_CaO_kg_min,ale,42.33361469852443,-58.68052687858051,
Fusión_sn_kg_pool_amplio,tasa_feed_CaO_kg_min,ale,42.68049267241635,-84.1670433864274,
Fusión_sn_kg_pool_amplio,tasa_feed_CaO_kg_min,ale,43.02661428067981,-99.2843097329195,
Fusión_sn_kg_pool_amplio,tasa_feed_CaO_kg_min,ale,43.40630108409006,-138.45804357775137,
Fusión_sn_kg_pool_amplio,tasa_feed_CaO_kg_min,ale,43.80751118101979,-202.91750597290707,
Fusión_sn_kg_pool_amplio,tasa_feed_CaO_kg_min,ale,44.25767341523867,-281.48338336084385,
Fusión_sn_kg_pool_amplio,tasa_feed_CaO_kg_min,ale,44.854582524401565,-333.9247004983415,
Fusión_sn_kg_pool_amplio,tasa_feed_CaO_kg_min,ale,45.6384296204411,-319.9487045240521,
Fusión_sn_kg_pool_amplio,tasa_feed_CaO_kg_min,ale,51.07374337215449,-352.64674437761755,
Fusión_sn_kg_pool_amplio,tasa_feed_CaO_kg_min,shap_decil,22.06633195826616,466.80023591944547,0.9714285714285714
Fusión_sn_kg_pool_amplio,tasa_feed_CaO_kg_min,shap_decil,36.51040753095949,-32.25590502437684,0.4827586206896552
Fusión_sn_kg_pool_amplio,tasa_feed_CaO_kg_min,shap_decil,39.35754697122836,93.48934002509851,0.8448275862068966
Fusión_sn_kg_pool_amplio,tasa_feed_CaO_kg_min,shap_decil,40.60458955705402,109.32491444268311,0.9770114942528736
Fusión_sn_kg_pool_amplio,tasa_feed_CaO_kg_min,shap_decil,41.19246887823549,37.04249143378742,0.6742857142857143
Fusión_sn_kg_pool_amplio,tasa_feed_CaO_kg_min,shap_decil,42.185577977052205,1.6115410104978998,0.5574712643678161
Fusión_sn_kg_pool_amplio,tasa_feed_CaO_kg_min,shap_decil,42.87463671957799,-62.94077674841841,0.05747126436781609
Fusión_sn_kg_pool_amplio,tasa_feed_CaO_kg_min,shap_decil,43.63306321099569,-143.66534938591352,0.005747126436781609
Fusión_sn_kg_pool_amplio,tasa_feed_CaO_kg_min,shap_decil,44.53277796303354,-252.63868159431965,0.0
Fusión_sn_kg_pool_amplio,tasa_feed_CaO_kg_min,shap_decil,46.10164086126512,-242.17389515183189,0.017142857142857144
Fusión_sn_kg_pool_amplio,relacion_C_Sn_carga,pd,0.16909531510904602,97.9121004209646,
Fusión_sn_kg_pool_amplio,relacion_C_Sn_carga,pd,0.18085594890839246,97.9121004209646,
Fusión_sn_kg_pool_amplio,relacion_C_Sn_carga,pd,0.19261658270773888,97.9121004209646,
Fusión_sn_kg_pool_amplio,relacion_C_Sn_carga,pd,0.2043772165070853,97.9121004209646,
Fusión_sn_kg_pool_amplio,relacion_C_Sn_carga,pd,0.21613785030643173,110.75247819938733,
Fusión_sn_kg_pool_amplio,relacion_C_Sn_carga,pd,0.22789848410577818,118.78922128819576,
Fusión_sn_kg_pool_amplio,relacion_C_Sn_carga,pd,0.2396591179051246,125.42216572252241,
Fusión_sn_kg_pool_amplio,relacion_C_Sn_carga,pd,0.251419751704471,110.42021039241621,
Fusión_sn_kg_pool_amplio,relacion_C_Sn_carga,pd,0.26318038550381745,74.55009171945778,
Fusión_sn_kg_pool_amplio,relacion_C_Sn_carga,pd,0.2749410193031639,38.44118642353451,
Fusión_sn_kg_pool_amplio,relacion_C_Sn_carga,pd,0.2867016531025103,-7.486848159907434,
Fusión_sn_kg_pool_amplio,relacion_C_Sn_carga,pd,0.2984622869018567,-64.55082137408174,
Fusión_sn_kg_pool_amplio,relacion_C_Sn_carga,pd,0.31022292070120316,-74.77598471065919,
Fusión_sn_kg_pool_amplio,relacion_C_Sn_carga,pd,0.3219835545005496,-15.118660132656252,
Fusión_sn_kg_pool_amplio,relacion_C_Sn_carga,pd,0.33374418829989605,-7.435554605978926,
Fusión_sn_kg_pool_amplio,relacion_C_Sn_carga,pd,0.34550482209924244,-14.703804164239937,
Fusión_sn_kg_pool_amplio,relacion_C_Sn_carga,pd,0.3572654558985889,-14.703804164239937,
Fusión_sn_kg_pool_amplio,relacion_C_Sn_carga,pd,0.3690260896979353,-14.703804164239937,
Fusión_sn_kg_pool_amplio,relacion_C_Sn_carga,pd,0.3807867234972817,-32.19385740684278,
Fusión_sn_kg_pool_amplio,relacion_C_Sn_carga,pd,0.39254735729662815,29.294708358215786,
Fusión_sn_kg_pool_amplio,relacion_C_Sn_carga,ale,0.16304970811526742,74.99616322353256,
Fusión_sn_kg_pool_amplio,relacion_C_Sn_carga,ale,0.1999886291343271,77.62539247383792,
Fusión_sn_kg_pool_amplio,relacion_C_Sn_carga,ale,0.22145152451041894,87.45500091020017,
Fusión_sn_kg_pool_amplio,relacion_C_Sn_carga,ale,0.2369697925760539,94.65538009625705,
Fusión_sn_kg_pool_amplio,relacion_C_Sn_carga,ale,0.24997667699535792,96.75592970896531,
Fusión_sn_kg_pool_amplio,relacion_C_Sn_carga,ale,0.26253786333475093,95.68783504438386,
Fusión_sn_kg_pool_amplio,relacion_C_Sn_carga,ale,0.2725318406906778,46.66270397841315,
Fusión_sn_kg_pool_amplio,relacion_C_Sn_carga,ale,0.27929247615644515,-2.9666444013986677,
Fusión_sn_kg_pool_amplio,relacion_C_Sn_carga,ale,0.2848414982618418,-17.056654119159504,
Fusión_sn_kg_pool_amplio,relacion_C_Sn_carga,ale,0.2906447399235055,-29.317402524301087,
Fusión_sn_kg_pool_amplio,relacion_C_Sn_carga,ale,0.2963844856794946,-54.12173254932384,
Fusión_sn_kg_pool_amplio,relacion_C_Sn_carga,ale,0.30124230970582777,-83.67975082174706,
Fusión_sn_kg_pool_amplio,relacion_C_Sn_carga,ale,0.305737944776966,-82.94371631626359,
Fusión_sn_kg_pool_amplio,relacion_C_Sn_carga,ale,0.3105845141052489,-70.84368604944387,
Fusión_sn_kg_pool_amplio,relacion_C_Sn_carga,ale,0.31622747297948617,-58.88049987380043,
Fusión_sn_kg_pool_amplio,relacion_C_Sn_carga,ale,0.32246932124479394,-40.86483053478527,
Fusión_sn_kg_pool_amplio,relacion_C_Sn_carga,ale,0.3294703443302106,-26.906479766709538,
Fusión_sn_kg_pool_amplio,relacion_C_Sn_carga,ale,0.33889687525819356,-27.266874781740768,
Fusión_sn_kg_pool_amplio,relacion_C_Sn_carga,ale,0.35305806230531034,-30.866430166051828,
Fusión_sn_kg_pool_amplio,relacion_C_Sn_carga,ale,0.45525550978806023,-48.09592008959612,
Fusión_sn_kg_pool_amplio,relacion_C_Sn_carga,shap_decil,0.18741249443361938,71.1151702577754,0.9542857142857143
Fusión_sn_kg_pool_amplio,relacion_C_Sn_carga,shap_decil,0.23034681749761143,97.72010187127636,0.8735632183908046
Fusión_sn_kg_pool_amplio,relacion_C_Sn_carga,shap_decil,0.2563579441925547,107.56521222997812,0.9310344827586207
Fusión_sn_kg_pool_amplio,relacion_C_Sn_carga,shap_decil,0.27633218462224873,42.95535212141055,0.735632183908046
Fusión_sn_kg_pool_amplio,relacion_C_Sn_carga,shap_decil,0.28746049931354845,-24.21119842923706,0.21714285714285714
Fusión_sn_kg_pool_amplio,relacion_C_Sn_carga,shap_decil,0.29896644943969364,-60.070917789746225,0.05172413793103448
Fusión_sn_kg_pool_amplio,relacion_C_Sn_carga,shap_decil,0.30792231940238496,-73.8585957544535,0.05172413793103448
Fusión_sn_kg_pool_amplio,relacion_C_Sn_carga,shap_decil,0.3192006225179309,-37.79630224240597,0.25862068965517243
Fusión_sn_kg_pool_amplio,relacion_C_Sn_carga,shap_decil,0.33318983703880123,9.159455134269798,0.5344827586206896
Fusión_sn_kg_pool_amplio,relacion_C_Sn_carga,shap_decil,0.3615398508019406,-13.016397664167188,0.35428571428571426
Fusión_sn_kg_pool_amplio,tasa_o2_nm3_min,pd,35.604572888225576,54.85126114764939,
Fusión_sn_kg_pool_amplio,tasa_o2_nm3_min,pd,36.406059697757165,54.85126114764939,
Fusión_sn_kg_pool_amplio,tasa_o2_nm3_min,pd,37.207546507288754,54.85126114764939,
Fusión_sn_kg_pool_amplio,tasa_o2_nm3_min,pd,38.00903331682034,54.85126114764939,
Fusión_sn_kg_pool_amplio,tasa_o2_nm3_min,pd,38.81052012635193,54.85126114764939,
Fusión_sn_kg_pool_amplio,tasa_o2_nm3_min,pd,39.61200693588352,54.85126114764939,
Fusión_sn_kg_pool_amplio,tasa_o2_nm3_min,pd,40.41349374541511,60.55295033789516,
Fusión_sn_kg_pool_amplio,tasa_o2_nm3_min,pd,41.2149805549467,60.55295033789516,
Fusión_sn_kg_pool_amplio,tasa_o2_nm3_min,pd,42.01646736447829,59.24874826023369,
Fusión_sn_kg_pool_amplio,tasa_o2_nm3_min,pd,42.81795417400988,59.24874826023369,
Fusión_sn_kg_pool_amplio,tasa_o2_nm3_min,pd,43.619440983541466,59.24874826023369,
Fusión_sn_kg_pool_amplio,tasa_o2_nm3_min,pd,44.42092779307306,59.24874826023369,
Fusión_sn_kg_pool_amplio,tasa_o2_nm3_min,pd,45.222414602604644,51.862445791595654,
Fusión_sn_kg_pool_amplio,tasa_o2_nm3_min,pd,46.02390141213624,-53.25986994420448,
Fusión_sn_kg_pool_amplio,tasa_o2_nm3_min,pd,46.82538822166783,-98.09550461642091,
Fusión_sn_kg_pool_amplio,tasa_o2_nm3_min,pd,47.62687503119942,-108.61015041416583,
Fusión_sn_kg_pool_amplio,tasa_o2_nm3_min,pd,48.42836184073101,42.2124519418146,
Fusión_sn_kg_pool_amplio,tasa_o2_nm3_min,pd,49.229848650262596,-9.481654803035244,
Fusión_sn_kg_pool_amplio,tasa_o2_nm3_min,pd,50.031335459794185,151.01762504464563,
Fusión_sn_kg_pool_amplio,tasa_o2_nm3_min,pd,50.832822269325774,67.07207370815784,
Fusión_sn_kg_pool_amplio,tasa_o2_nm3_min,ale,31.87738104337017,48.78756051029261,
Fusión_sn_kg_pool_amplio,tasa_o2_nm3_min,ale,41.599478173239376,50.478861436811265,
Fusión_sn_kg_pool_amplio,tasa_o2_nm3_min,ale,43.79256650261385,52.17016236332992,
Fusión_sn_kg_pool_amplio,tasa_o2_nm3_min,ale,44.84947676380041,48.25980492744153,
Fusión_sn_kg_pool_amplio,tasa_o2_nm3_min,ale,45.508047027554724,6.792571856381876,
Fusión_sn_kg_pool_amplio,tasa_o2_nm3_min,ale,45.956986976748624,-47.995980767714755,
Fusión_sn_kg_pool_amplio,tasa_o2_nm3_min,ale,46.35546093477589,-64.67746720992788,
Fusión_sn_kg_pool_amplio,tasa_o2_nm3_min,ale,46.708354098648684,-96.57131387235144,
Fusión_sn_kg_pool_amplio,tasa_o2_nm3_min,ale,47.02445107582638,-126.20159340608747,
Fusión_sn_kg_pool_amplio,tasa_o2_nm3_min,ale,47.32465762050515,-115.11621423553204,
Fusión_sn_kg_pool_amplio,tasa_o2_nm3_min,ale,47.60091281115952,-118.07737596087863,
Fusión_sn_kg_pool_amplio,tasa_o2_nm3_min,ale,47.85964088823093,-123.4993428925692,
Fusión_sn_kg_pool_amplio,tasa_o2_nm3_min,ale,48.09273203075819,-80.35370862503858,
Fusión_sn_kg_pool_amplio,tasa_o2_nm3_min,ale,48.34309976490547,-14.094923956342,
Fusión_sn_kg_pool_amplio,tasa_o2_nm3_min,ale,48.619588490579936,7.96316574576926,
Fusión_sn_kg_pool_amplio,tasa_o2_nm3_min,ale,48.89045827007159,-8.36291740384646,
Fusión_sn_kg_pool_amplio,tasa_o2_nm3_min,ale,49.15809401576463,-20.40288583932177,
Fusión_sn_kg_pool_amplio,tasa_o2_nm3_min,ale,49.47103028608393,73.1469793649769,
Fusión_sn_kg_pool_amplio,tasa_o2_nm3_min,ale,49.88100196912498,211.81968741247994,
Fusión_sn_kg_pool_amplio,tasa_o2_nm3_min,ale,51.259830659926635,313.0984955881852,
Fusión_sn_kg_pool_amplio,tasa_o2_nm3_min,shap_decil,40.04944341299761,31.656791929241017,0.96
Fusión_sn_kg_pool_amplio,tasa_o2_nm3_min,shap_decil,44.44125728833443,45.35860005918121,0.9827586206896551
Fusión_sn_kg_pool_amplio,tasa_o2_nm3_min,shap_decil,45.75747469674394,-2.4524552602198035,0.43103448275862066
Fusión_sn_kg_pool_amplio,tasa_o2_nm3_min,shap_decil,46.55418902364224,-64.69272065876547,0.0
Fusión_sn_kg_pool_amplio,tasa_o2_nm3_min,shap_decil,47.186729805598546,-99.30387217161326,0.0
Fusión_sn_kg_pool_amplio,tasa_o2_nm3_min,shap_decil,47.740702559153235,-86.13701313977235,0.0
Fusión_sn_kg_pool_amplio,tasa_o2_nm3_min,shap_decil,48.20696304363675,-7.007831400399027,0.3563218390804598
Fusión_sn_kg_pool_amplio,tasa_o2_nm3_min,shap_decil,48.75828668486605,22.196605137491364,0.6896551724137931
Fusión_sn_kg_pool_amplio,tasa_o2_nm3_min,shap_decil,49.2933166955908,15.585140876101498,0.40804597701149425
Fusión_sn_kg_pool_amplio,tasa_o2_nm3_min,shap_decil,50.11384798260765,163.4798166709037,0.9257142857142857
Fusión_sn_kg_pool_amplio,tasa_aire_nm3_min,pd,110.53451931421603,8.428553594200205,
Fusión_sn_kg_pool_amplio,tasa_aire_nm3_min,pd,111.25051991481016,8.428553594200205,
Fusión_sn_kg_pool_amplio,tasa_aire_nm3_min,pd,111.9665205154043,8.428553594200205,
Fusión_sn_kg_pool_amplio,tasa_aire_nm3_min,pd,112.68252111599843,8.428553594200205,
Fusión_sn_kg_pool_amplio,tasa_aire_nm3_min,pd,113.39852171659255,8.428553594200205,
Fusión_sn_kg_pool_amplio,tasa_aire_nm3_min,pd,114.1145223171867,8.428553594200205,
Fusión_sn_kg_pool_amplio,tasa_aire_nm3_min,pd,114.83052291778083,8.428553594200205,
Fusión_sn_kg_pool_amplio,tasa_aire_nm3_min,pd,115.54652351837495,8.428553594200205,
Fusión_sn_kg_pool_amplio,tasa_aire_nm3_min,pd,116.26252411896908,8.428553594200205,
Fusión_sn_kg_pool_amplio,tasa_aire_nm3_min,pd,116.97852471956323,8.428553594200205,
Fusión_sn_kg_pool_amplio,tasa_aire_nm3_min,pd,117.69452532015735,8.428553594200205,
Fusión_sn_kg_pool_amplio,tasa_aire_nm3_min,pd,118.41052592075148,8.428553594200205,
Fusión_sn_kg_pool_amplio,tasa_aire_nm3_min,pd,119.12652652134562,-12.273162505971209,
Fusión_sn_kg_pool_amplio,tasa_aire_nm3_min,pd,119.84252712193975,7.589254466998744,
Fusión_sn_kg_pool_amplio,tasa_aire_nm3_min,pd,120.55852772253388,16.473884612296736,
Fusión_sn_kg_pool_amplio,tasa_aire_nm3_min,pd,121.27452832312802,7.985760707113705,
Fusión_sn_kg_pool_amplio,tasa_aire_nm3_min,pd,121.99052892372215,7.985760707113705,
Fusión_sn_kg_pool_amplio,tasa_aire_nm3_min,pd,122.70652952431628,-2.306187973192934,
Fusión_sn_kg_pool_amplio,tasa_aire_nm3_min,pd,123.42253012491042,23.054564629305357,
Fusión_sn_kg_pool_amplio,tasa_aire_nm3_min,pd,124.13853072550455,5.154852280254978,
Fusión_sn_kg_pool_amplio,tasa_aire_nm3_min,ale,79.00690934552175,-77.8582831770334,
Fusión_sn_kg_pool_amplio,tasa_aire_nm3_min,ale,119.0278857535429,-12.973957652243854,
Fusión_sn_kg_pool_amplio,tasa_aire_nm3_min,ale,119.26364855795828,-8.715512866472977,
Fusión_sn_kg_pool_amplio,tasa_aire_nm3_min,ale,119.38614562075594,-9.170958981481817,
Fusión_sn_kg_pool_amplio,tasa_aire_nm3_min,ale,119.49271746106982,-19.229063082535106,
Fusión_sn_kg_pool_amplio,tasa_aire_nm3_min,ale,119.59885117626693,-39.64879293782511,
Fusión_sn_kg_pool_amplio,tasa_aire_nm3_min,ale,119.70264833426634,-41.23844438222588,
Fusión_sn_kg_pool_amplio,tasa_aire_nm3_min,ale,119.83747537033912,-10.02922324963032,
Fusión_sn_kg_pool_amplio,tasa_aire_nm3_min,ale,120.00869521324029,13.18771170005985,
Fusión_sn_kg_pool_amplio,tasa_aire_nm3_min,ale,120.31696654452554,21.156131918580343,
Fusión_sn_kg_pool_amplio,tasa_aire_nm3_min,ale,121.2721245376883,23.030698694263606,
Fusión_sn_kg_pool_amplio,tasa_aire_nm3_min,ale,122.23139449312085,17.553384454908155,
Fusión_sn_kg_pool_amplio,tasa_aire_nm3_min,ale,122.53166159399154,18.39168796942505,
Fusión_sn_kg_pool_amplio,tasa_aire_nm3_min,ale,122.6778610238056,16.331455360634948,
Fusión_sn_kg_pool_amplio,tasa_aire_nm3_min,ale,122.8001118185342,16.76815134533996,
Fusión_sn_kg_pool_amplio,tasa_aire_nm3_min,ale,122.90861655483772,20.462699612452667,
Fusión_sn_kg_pool_amplio,tasa_aire_nm3_min,ale,123.0280647002534,20.203420733095726,
Fusión_sn_kg_pool_amplio,tasa_aire_nm3_min,ale,123.1733533228911,-2.7941631944304675,
Fusión_sn_kg_pool_amplio,tasa_aire_nm3_min,ale,123.41411544483077,11.294243507659871,
Fusión_sn_kg_pool_amplio,tasa_aire_nm3_min,ale,125.39066820762929,43.431352148266114,
Fusión_sn_kg_pool_amplio,tasa_aire_nm3_min,shap_decil,118.86232608748072,-21.680264144669138,0.4057142857142857
Fusión_sn_kg_pool_amplio,tasa_aire_nm3_min,shap_decil,119.33393566082952,1.709753191136503,0.5689655172413793
Fusión_sn_kg_pool_amplio,tasa_aire_nm3_min,shap_decil,119.54705429480819,-18.49393447396847,0.16666666666666666
Fusión_sn_kg_pool_amplio,tasa_aire_nm3_min,shap_decil,119.75455230431947,-9.449285387600863,0.3103448275862069
Fusión_sn_kg_pool_amplio,tasa_aire_nm3_min,shap_decil,120.09730684700095,5.469152247521461,0.6171428571428571
Fusión_sn_kg_pool_amplio,tasa_aire_nm3_min,shap_decil,122.00799960477855,9.67848375082924,0.7931034482758621
Fusión_sn_kg_pool_amplio,tasa_aire_nm3_min,shap_decil,122.60802453722272,3.704075212960662,0.6436781609195402
Fusión_sn_kg_pool_amplio,tasa_aire_nm3_min,shap_decil,122.85244007413348,-2.411576869645894,0.47701149425287354
Fusión_sn_kg_pool_amplio,tasa_aire_nm3_min,shap_decil,123.09124676593885,-6.8442959354338395,0.3103448275862069
Fusión_sn_kg_pool_amplio,tasa_aire_nm3_min,shap_decil,123.57457956167367,14.735906089879077,0.6285714285714286
Fusión_sn_kg_pool_amplio,oxygen_enrichment_pct,pd,38.935977914946314,-71.57600244018843,
Fusión_sn_kg_pool_amplio,oxygen_enrichment_pct,pd,39.24080256853661,-71.57600244018843,
Fusión_sn_kg_pool_amplio,oxygen_enrichment_pct,pd,39.545627222126896,-71.57600244018843,
Fusión_sn_kg_pool_amplio,oxygen_enrichment_pct,pd,39.85045187571719,-71.57600244018843,
Fusión_sn_kg_pool_amplio,oxygen_enrichment_pct,pd,40.155276529307486,-71.57600244018843,
Fusión_sn_kg_pool_amplio,oxygen_enrichment_pct,pd,40.46010118289777,-68.14159592052239,
Fusión_sn_kg_pool_amplio,oxygen_enrichment_pct,pd,40.76492583648807,-68.14159592052239,
Fusión_sn_kg_pool_amplio,oxygen_enrichment_pct,pd,41.069750490078356,-68.14159592052239,
Fusión_sn_kg_pool_amplio,oxygen_enrichment_pct,pd,41.37457514366865,-68.14159592052239,
Fusión_sn_kg_pool_amplio,oxygen_enrichment_pct,pd,41.679399797258945,-70.75988889174006,
Fusión_sn_kg_pool_amplio,oxygen_enrichment_pct,pd,41.98422445084923,-2.933591193111852,
Fusión_sn_kg_pool_amplio,oxygen_enrichment_pct,pd,42.28904910443953,0.7367006828919895,
Fusión_sn_kg_pool_amplio,oxygen_enrichment_pct,pd,42.59387375802982,-2.3314272814767354,
Fusión_sn_kg_pool_amplio,oxygen_enrichment_pct,pd,42.89869841162011,-1.5350445169650824,
Fusión_sn_kg_pool_amplio,oxygen_enrichment_pct,pd,43.203523065210405,-6.017206814690013,
Fusión_sn_kg_pool_amplio,oxygen_enrichment_pct,pd,43.50834771880069,-6.096216102770542,
Fusión_sn_kg_pool_amplio,oxygen_enrichment_pct,pd,43.81317237239099,-2.8628691892706475,
Fusión_sn_kg_pool_amplio,oxygen_enrichment_pct,pd,44.11799702598128,29.715225159373695,
Fusión_sn_kg_pool_amplio,oxygen_enrichment_pct,pd,44.42282167957157,4.2226389338255474,
Fusión_sn_kg_pool_amplio,oxygen_enrichment_pct,pd,44.727646333161864,4.2226389338255474,
Fusión_sn_kg_pool_amplio,oxygen_enrichment_pct,ale,37.970252495227996,-87.7173722028815,
Fusión_sn_kg_pool_amplio,oxygen_enrichment_pct,ale,41.10680553844999,-82.46557268802223,
Fusión_sn_kg_pool_amplio,oxygen_enrichment_pct,ale,41.883964305956,-43.66635156170015,
Fusión_sn_kg_pool_amplio,oxygen_enrichment_pct,ale,42.23709281075867,-2.602696959104577,
Fusión_sn_kg_pool_amplio,oxygen_enrichment_pct,ale,42.45094282081759,-5.22818821266695,
Fusión_sn_kg_pool_amplio,oxygen_enrichment_pct,ale,42.62421928369298,-7.450167429580631,
Fusión_sn_kg_pool_amplio,oxygen_enrichment_pct,ale,42.78025826070753,-10.334790199194188,
Fusión_sn_kg_pool_amplio,oxygen_enrichment_pct,ale,42.92172588172412,-15.092860161994153,
Fusión_sn_kg_pool_amplio,oxygen_enrichment_pct,ale,43.06443133342627,-14.290958027555973,
Fusión_sn_kg_pool_amplio,oxygen_enrichment_pct,ale,43.1960009199763,-14.863897555813622,
Fusión_sn_kg_pool_amplio,oxygen_enrichment_pct,ale,43.312645606567756,-13.538625224213433,
Fusión_sn_kg_pool_amplio,oxygen_enrichment_pct,ale,43.45068794939303,-12.051100217354005,
Fusión_sn_kg_pool_amplio,oxygen_enrichment_pct,ale,43.585009979184534,0.5125449699669389,
Fusión_sn_kg_pool_amplio,oxygen_enrichment_pct,ale,43.69429709354499,19.771104868525725,
Fusión_sn_kg_pool_amplio,oxygen_enrichment_pct,ale,43.805595693167234,40.19788868456696,
Fusión_sn_kg_pool_amplio,oxygen_enrichment_pct,ale,43.918556477623696,55.93636817269682,
Fusión_sn_kg_pool_amplio,oxygen_enrichment_pct,ale,44.01812097092273,55.01805699465844,
Fusión_sn_kg_pool_amplio,oxygen_enrichment_pct,ale,44.12857012868635,52.51122610099439,
Fusión_sn_kg_pool_amplio,oxygen_enrichment_pct,ale,44.279303999549455,47.87755623286891,
Fusión_sn_kg_pool_amplio,oxygen_enrichment_pct,ale,53.602174724051366,38.2176461810631,
Fusión_sn_kg_pool_amplio,oxygen_enrichment_pct,shap_decil,40.56019536644853,-55.41734067066953,0.0
Fusión_sn_kg_pool_amplio,oxygen_enrichment_pct,shap_decil,42.11610281678759,-12.785724989556682,0.42528735632183906
Fusión_sn_kg_pool_amplio,oxygen_enrichment_pct,shap_decil,42.54346488210553,-0.3433617056610265,0.5804597701149425
Fusión_sn_kg_pool_amplio,oxygen_enrichment_pct,shap_decil,42.85521066395059,1.2568401297597998,0.6551724137931034
Fusión_sn_kg_pool_amplio,oxygen_enrichment_pct,shap_decil,43.141208263802014,-2.880706029797599,0.5257142857142857
Fusión_sn_kg_pool_amplio,oxygen_enrichment_pct,shap_decil,43.37520546865966,-7.361667052211363,0.3620689655172414
Fusión_sn_kg_pool_amplio,oxygen_enrichment_pct,shap_decil,43.64299217290616,2.9646081911954805,0.6896551724137931
Fusión_sn_kg_pool_amplio,oxygen_enrichment_pct,shap_decil,43.86548437154933,21.764564712637874,0.8103448275862069
Fusión_sn_kg_pool_amplio,oxygen_enrichment_pct,shap_decil,44.0644050321403,30.167618303293082,0.9770114942528736
Fusión_sn_kg_pool_amplio,oxygen_enrichment_pct,shap_decil,44.36621066420028,12.793599817164703,0.7828571428571428
Fusión_sn_kg_pool_amplio,ley_feo_escoria_pct_prev,pd,12.712150561246306,-257.7152199651695,
Fusión_sn_kg_pool_amplio,ley_feo_escoria_pct_prev,pd,13.198596900306203,-257.7152199651695,
Fusión_sn_kg_pool_amplio,ley_feo_escoria_pct_prev,pd,13.6850432393661,-257.7152199651695,
Fusión_sn_kg_pool_amplio,ley_feo_escoria_pct_prev,pd,14.171489578425998,-274.2878189842279,
Fusión_sn_kg_pool_amplio,ley_feo_escoria_pct_prev,pd,14.657935917485895,-220.0133155993382,
Fusión_sn_kg_pool_amplio,ley_feo_escoria_pct_prev,pd,15.144382256545793,-176.90315726093635,
Fusión_sn_kg_pool_amplio,ley_feo_escoria_pct_prev,pd,15.630828595605692,-176.90315726093635,
Fusión_sn_kg_pool_amplio,ley_feo_escoria_pct_prev,pd,16.117274934665588,-177.8801710922572,
Fusión_sn_kg_pool_amplio,ley_feo_escoria_pct_prev,pd,16.603721273725487,-4.5695474968463055,
Fusión_sn_kg_pool_amplio,ley_feo_escoria_pct_prev,pd,17.090167612785386,4.066077982853662,
Fusión_sn_kg_pool_amplio,ley_feo_escoria_pct_prev,pd,17.57661395184528,17.805340916020914,
Fusión_sn_kg_pool_amplio,ley_feo_escoria_pct_prev,pd,18.063060290905177,77.659926885019,
Fusión_sn_kg_pool_amplio,ley_feo_escoria_pct_prev,pd,18.549506629965077,141.0095259002608,
Fusión_sn_kg_pool_amplio,ley_feo_escoria_pct_prev,pd,19.035952969024976,126.53665909427478,
Fusión_sn_kg_pool_amplio,ley_feo_escoria_pct_prev,pd,19.52239930808487,139.20771634156236,
Fusión_sn_kg_pool_amplio,ley_feo_escoria_pct_prev,pd,20.00884564714477,146.19933853251942,
Fusión_sn_kg_pool_amplio,ley_feo_escoria_pct_prev,pd,20.495291986204666,134.40018664944498,
Fusión_sn_kg_pool_amplio,ley_feo_escoria_pct_prev,pd,20.981738325264566,126.57160540225884,
Fusión_sn_kg_pool_amplio,ley_feo_escoria_pct_prev,pd,21.46818466432446,126.57160540225884,
Fusión_sn_kg_pool_amplio,ley_feo_escoria_pct_prev,pd,21.95463100338436,126.57160540225884,
Fusión_sn_kg_pool_amplio,ley_feo_escoria_pct_prev,ale,7.071259690572119,-341.8548640480868,
Fusión_sn_kg_pool_amplio,ley_feo_escoria_pct_prev,ale,14.59428942788074,-273.0600308341189,
Fusión_sn_kg_pool_amplio,ley_feo_escoria_pct_prev,ale,15.430314558152027,-196.85937065920496,
Fusión_sn_kg_pool_amplio,ley_feo_escoria_pct_prev,ale,16.074627039484284,-196.90081840913166,
Fusión_sn_kg_pool_amplio,ley_feo_escoria_pct_prev,ale,16.464105269943595,-113.49992107025571,
Fusión_sn_kg_pool_amplio,ley_feo_escoria_pct_prev,ale,16.69286881332259,-28.7899613007919,
Fusión_sn_kg_pool_amplio,ley_feo_escoria_pct_prev,ale,16.897542842868653,-18.99997049578161,
Fusión_sn_kg_pool_amplio,ley_feo_escoria_pct_prev,ale,17.099122865431102,-8.539610536480893,
Fusión_sn_kg_pool_amplio,ley_feo_escoria_pct_prev,ale,17.280646518399138,1.3126273602771334,
Fusión_sn_kg_pool_amplio,ley_feo_escoria_pct_prev,ale,17.47032651410153,9.942972814278733,
Fusión_sn_kg_pool_amplio,ley_feo_escoria_pct_prev,ale,17.667847662637655,14.139810204530704,
Fusión_sn_kg_pool_amplio,ley_feo_escoria_pct_prev,ale,17.8526518635509,6.888798627627068,
Fusión_sn_kg_pool_amplio,ley_feo_escoria_pct_prev,ale,18.031467456352402,40.39823974622391,
Fusión_sn_kg_pool_amplio,ley_feo_escoria_pct_prev,ale,18.231658070373356,136.15454202270377,
Fusión_sn_kg_pool_amplio,ley_feo_escoria_pct_prev,ale,18.46969076980929,174.21520047475622,
Fusión_sn_kg_pool_amplio,ley_feo_escoria_pct_prev,ale,18.738991593875905,152.58941768326457,
Fusión_sn_kg_pool_amplio,ley_feo_escoria_pct_prev,ale,19.057552096696213,145.56304204521211,
Fusión_sn_kg_pool_amplio,ley_feo_escoria_pct_prev,ale,19.480755646521622,161.51797609388234,
Fusión_sn_kg_pool_amplio,ley_feo_escoria_pct_prev,ale,20.132021603008326,172.38148130814943,
Fusión_sn_kg_pool_amplio,ley_feo_escoria_pct_prev,ale,26.70649698307816,165.31534183954614,
Fusión_sn_kg_pool_amplio,ley_feo_escoria_pct_prev,shap_decil,14.14224921837228,-248.13678297206744,0.0
Fusión_sn_kg_pool_amplio,ley_feo_escoria_pct_prev,shap_decil,15.817194080042976,-168.40475290516844,0.0
Fusión_sn_kg_pool_amplio,ley_feo_escoria_pct_prev,shap_decil,16.593397453666398,-41.58067788119608,0.25862068965517243
Fusión_sn_kg_pool_amplio,ley_feo_escoria_pct_prev,shap_decil,17.00230810636583,0.42114290554919487,0.47126436781609193
Fusión_sn_kg_pool_amplio,ley_feo_escoria_pct_prev,shap_decil,17.366191630405588,11.193660475050255,0.6228571428571429
Fusión_sn_kg_pool_amplio,ley_feo_escoria_pct_prev,shap_decil,17.76165846897663,22.247277554049862,0.7586206896551724
Fusión_sn_kg_pool_amplio,ley_feo_escoria_pct_prev,shap_decil,18.11859495030889,91.61247802236046,0.9367816091954023
Fusión_sn_kg_pool_amplio,ley_feo_escoria_pct_prev,shap_decil,18.59453170024174,146.84852593526313,1.0
Fusión_sn_kg_pool_amplio,ley_feo_escoria_pct_prev,shap_decil,19.231343948428687,122.50035779585157,0.9712643678160919
Fusión_sn_kg_pool_amplio,ley_feo_escoria_pct_prev,shap_decil,20.535972839108243,110.3358281585448,0.9657142857142857
Fusión_sn_kg_pool_amplio,avance_reduccion_sn_prev,pd,0.5595548322767518,90.86300542689241,
Fusión_sn_kg_pool_amplio,avance_reduccion_sn_prev,pd,0.5827361568937649,104.89107831379158,
Fusión_sn_kg_pool_amplio,avance_reduccion_sn_prev,pd,0.605917481510778,133.6111375381264,
Fusión_sn_kg_pool_amplio,avance_reduccion_sn_prev,pd,0.629098806127791,42.183368258417595,
Fusión_sn_kg_pool_amplio,avance_reduccion_sn_prev,pd,0.6522801307448041,-5.655888723850335,
Fusión_sn_kg_pool_amplio,avance_reduccion_sn_prev,pd,0.6754614553618171,-10.804955612967309,
Fusión_sn_kg_pool_amplio,avance_reduccion_sn_prev,pd,0.6986427799788302,-63.6907348829125,
Fusión_sn_kg_pool_amplio,avance_reduccion_sn_prev,pd,0.7218241045958433,-57.2727191674767,
Fusión_sn_kg_pool_amplio,avance_reduccion_sn_prev,pd,0.7450054292128563,-20.9228589563166,
Fusión_sn_kg_pool_amplio,avance_reduccion_sn_prev,pd,0.7681867538298695,-7.059886139223153,
Fusión_sn_kg_pool_amplio,avance_reduccion_sn_prev,pd,0.7913680784468824,5.019336644347318,
Fusión_sn_kg_pool_amplio,avance_reduccion_sn_prev,pd,0.8145494030638956,20.88226918210286,
Fusión_sn_kg_pool_amplio,avance_reduccion_sn_prev,pd,0.8377307276809086,20.88226918210286,
Fusión_sn_kg_pool_amplio,avance_reduccion_sn_prev,pd,0.8609120522979217,20.88226918210286,
Fusión_sn_kg_pool_amplio,avance_reduccion_sn_prev,pd,0.8840933769149347,20.88226918210286,
Fusión_sn_kg_pool_amplio,avance_reduccion_sn_prev,pd,0.9072747015319478,20.88226918210286,
Fusión_sn_kg_pool_amplio,avance_reduccion_sn_prev,pd,0.9304560261489608,20.88226918210286,
Fusión_sn_kg_pool_amplio,avance_reduccion_sn_prev,pd,0.9536373507659739,20.88226918210286,
Fusión_sn_kg_pool_amplio,avance_reduccion_sn_prev,pd,0.976818675382987,20.88226918210286,
Fusión_sn_kg_pool_amplio,avance_reduccion_sn_prev,pd,1.0,105.53355697608576,
Fusión_sn_kg_pool_amplio,avance_reduccion_sn_prev,ale,0.17778905085833613,-42.171134670775814,
Fusión_sn_kg_pool_amplio,avance_reduccion_sn_prev,ale,0.6157966375865651,49.732425731148,
Fusión_sn_kg_pool_amplio,avance_reduccion_sn_prev,ale,0.6426268969017048,-9.127846317826737,
Fusión_sn_kg_pool_amplio,avance_reduccion_sn_prev,ale,0.6601276801058419,-14.674349917086971,
Fusión_sn_kg_pool_amplio,avance_reduccion_sn_prev,ale,0.6730182023885565,-11.531154751162035,
Fusión_sn_kg_pool_amplio,avance_reduccion_sn_prev,ale,0.6823729268581922,-24.43339024350331,
Fusión_sn_kg_pool_amplio,avance_reduccion_sn_prev,ale,0.6913855756848204,-45.25949275402371,
Fusión_sn_kg_pool_amplio,avance_reduccion_sn_prev,ale,0.6999790031133399,-59.284068299259616,
Fusión_sn_kg_pool_amplio,avance_reduccion_sn_prev,ale,0.7092039827297995,-56.67846389724117,
Fusión_sn_kg_pool_amplio,avance_reduccion_sn_prev,ale,0.7182461275588672,-54.14591353187731,
Fusión_sn_kg_pool_amplio,avance_reduccion_sn_prev,ale,0.7275770218074045,-45.419895786240346,
Fusión_sn_kg_pool_amplio,avance_reduccion_sn_prev,ale,0.7377128122309695,-29.59386685082754,
Fusión_sn_kg_pool_amplio,avance_reduccion_sn_prev,ale,0.7478506613553523,-17.319182113910898,
Fusión_sn_kg_pool_amplio,avance_reduccion_sn_prev,ale,0.7588476489761711,-4.948016064199379,
Fusión_sn_kg_pool_amplio,avance_reduccion_sn_prev,ale,0.7702985448093531,5.188723147187716,
Fusión_sn_kg_pool_amplio,avance_reduccion_sn_prev,ale,0.7828281987493789,6.518191996865227,
Fusión_sn_kg_pool_amplio,avance_reduccion_sn_prev,ale,0.7984526794184335,40.958125731130565,
Fusión_sn_kg_pool_amplio,avance_reduccion_sn_prev,ale,0.8227810781164457,79.08708881850762,
Fusión_sn_kg_pool_amplio,avance_reduccion_sn_prev,ale,0.8740028996114443,79.08708881850762,
Fusión_sn_kg_pool_amplio,avance_reduccion_sn_prev,ale,0.9547250409976091,153.3594709233162,
Fusión_sn_kg_pool_amplio,avance_reduccion_sn_prev,shap_decil,0.5979643561139371,66.6987665759729,0.8342857142857143
Fusión_sn_kg_pool_amplio,avance_reduccion_sn_prev,shap_decil,0.6517383743380202,10.30704055308186,0.5
Fusión_sn_kg_pool_amplio,avance_reduccion_sn_prev,shap_decil,0.6774429423687325,-3.071111582255085,0.27586206896551724
Fusión_sn_kg_pool_amplio,avance_reduccion_sn_prev,shap_decil,0.6954680647621277,-45.38689881655559,0.022988505747126436
Fusión_sn_kg_pool_amplio,avance_reduccion_sn_prev,shap_decil,0.713932205539471,-56.89740058294334,0.0
Fusión_sn_kg_pool_amplio,avance_reduccion_sn_prev,shap_decil,0.7325924686963216,-44.25545078042479,0.022988505747126436
Fusión_sn_kg_pool_amplio,avance_reduccion_sn_prev,shap_decil,0.7528940346841835,-20.021810217013574,0.09770114942528736
Fusión_sn_kg_pool_amplio,avance_reduccion_sn_prev,shap_decil,0.7757574776671118,1.6319826137328166,0.5057471264367817
Fusión_sn_kg_pool_amplio,avance_reduccion_sn_prev,shap_decil,0.8069871905965513,5.952447482210577,0.735632183908046
Fusión_sn_kg_pool_amplio,avance_reduccion_sn_prev,shap_decil,0.9100757031037203,59.71628904623433,0.9371428571428572
Reducción_sn_kg_default,sn_inventario_escoria_est_kg_prev,pd,0.0006739063704046085,-2432.52756482808,
Reducción_sn_kg_default,sn_inventario_escoria_est_kg_prev,pd,737.4533818109948,-2326.036483464563,
Reducción_sn_kg_default,sn_inventario_escoria_est_kg_prev,pd,1474.9060897156191,-2077.1281144915492,
Reducción_sn_kg_default,sn_inventario_escoria_est_kg_prev,pd,2212.358797620244,-1645.4875305954988,
Reducción_sn_kg_default,sn_inventario_escoria_est_kg_prev,pd,2949.811505524868,-1209.2821210807829,
Reducción_sn_kg_default,sn_inventario_escoria_est_kg_prev,pd,3687.2642134294924,154.08075759287806,
Reducción_sn_kg_default,sn_inventario_escoria_est_kg_prev,pd,4424.716921334117,492.9058811231901,
Reducción_sn_kg_default,sn_inventario_escoria_est_kg_prev,pd,5162.1696292387405,1394.736092494286,
Reducción_sn_kg_default,sn_inventario_escoria_est_kg_prev,pd,5899.622337143365,1504.216537177955,
Reducción_sn_kg_default,sn_inventario_escoria_est_kg_prev,pd,6637.07504504799,3567.731285102512,
Reducción_sn_kg_default,sn_inventario_escoria_est_kg_prev,pd,7374.527752952614,4240.7325598130265,
Reducción_sn_kg_default,sn_inventario_escoria_est_kg_prev,pd,8111.9804608572385,4336.42526886144,
Reducción_sn_kg_default,sn_inventario_escoria_est_kg_prev,pd,8849.433168761863,4569.318308171724,
Reducción_sn_kg_default,sn_inventario_escoria_est_kg_prev,pd,9586.885876666487,5491.754812114932,
Reducción_sn_kg_default,sn_inventario_escoria_est_kg_prev,pd,10324.338584571111,5679.744489816019,
Reducción_sn_kg_default,sn_inventario_escoria_est_kg_prev,pd,11061.791292475737,6920.091749423937,
Reducción_sn_kg_default,sn_inventario_escoria_est_kg_prev,pd,11799.24400038036,7014.269418046813,
Reducción_sn_kg_default,sn_inventario_escoria_est_kg_prev,pd,12536.696708284984,7643.526437367335,
Reducción_sn_kg_default,sn_inventario_escoria_est_kg_prev,pd,13274.14941618961,8106.415136919194,
Reducción_sn_kg_default,sn_inventario_escoria_est_kg_prev,pd,14011.602124094234,8090.327094395413,
Reducción_sn_kg_default,sn_inventario_escoria_est_kg_prev,ale,271.4189826634772,-1979.5516201647627,
Reducción_sn_kg_default,sn_inventario_escoria_est_kg_prev,ale,660.0458825402346,-1929.3357664310251,
Reducción_sn_kg_default,sn_inventario_escoria_est_kg_prev,ale,834.666027693548,-1886.9535641346629,
Reducción_sn_kg_default,sn_inventario_escoria_est_kg_prev,ale,931.1539844742767,-1839.9761153374234,
Reducción_sn_kg_default,sn_inventario_escoria_est_kg_prev,ale,1008.8348339492607,-1814.4017249400633,
Reducción_sn_kg_default,sn_inventario_escoria_est_kg_prev,ale,1085.8906249712404,-1814.4017249400633,
Reducción_sn_kg_default,sn_inventario_escoria_est_kg_prev,ale,1162.845246303522,-1816.492830934421,
Reducción_sn_kg_default,sn_inventario_escoria_est_kg_prev,ale,1240.0685563654076,-1799.276498809337,
Reducción_sn_kg_default,sn_inventario_escoria_est_kg_prev,ale,1331.1807925338,-1736.771888496185,
Reducción_sn_kg_default,sn_inventario_escoria_est_kg_prev,ale,1441.029178739805,-1678.9024295990585,
Reducción_sn_kg_default,sn_inventario_escoria_est_kg_prev,ale,1566.4345236092267,-1654.5079261235564,
Reducción_sn_kg_default,sn_inventario_escoria_est_kg_prev,ale,1734.9572893747302,-1574.5023223234343,
Reducción_sn_kg_default,sn_inventario_escoria_est_kg_prev,ale,2036.0539383196192,-1392.8162411994383,
Reducción_sn_kg_default,sn_inventario_escoria_est_kg_prev,ale,2693.519918144541,-983.7643760258325,
Reducción_sn_kg_default,sn_inventario_escoria_est_kg_prev,ale,4411.800298279847,334.82922957451365,
Reducción_sn_kg_default,sn_inventario_escoria_est_kg_prev,ale,6882.225750356042,2283.9984552587403,
Reducción_sn_kg_default,sn_inventario_escoria_est_kg_prev,ale,8862.743199840243,3826.6882868793627,
Reducción_sn_kg_default,sn_inventario_escoria_est_kg_prev,ale,10248.65100433243,5012.697268351684,
Reducción_sn_kg_default,sn_inventario_escoria_est_kg_prev,ale,11664.216300253762,5896.212764121384,
Reducción_sn_kg_default,sn_inventario_escoria_est_kg_prev,ale,14846.271022793091,6516.393784496394,
Reducción_sn_kg_default,sn_inventario_escoria_est_kg_prev,shap_decil,542.0894856495888,-2265.7881657444373,0.0
Reducción_sn_kg_default,sn_inventario_escoria_est_kg_prev,shap_decil,892.1353519420927,-2132.0392381367383,0.0
Reducción_sn_kg_default,sn_inventario_escoria_est_kg_prev,shap_decil,1047.3299254831054,-2082.333630692194,0.0
Reducción_sn_kg_default,sn_inventario_escoria_est_kg_prev,shap_decil,1201.132131495006,-2075.7689819197167,0.0
Reducción_sn_kg_default,sn_inventario_escoria_est_kg_prev,shap_decil,1384.3573919927665,-1969.9455608337928,0.0
Reducción_sn_kg_default,sn_inventario_escoria_est_kg_prev,shap_decil,1634.2375921508617,-1862.7186444103922,0.0
Reducción_sn_kg_default,sn_inventario_escoria_est_kg_prev,shap_decil,2237.084257276969,-1452.0045099959755,0.0
Reducción_sn_kg_default,sn_inventario_escoria_est_kg_prev,shap_decil,5678.730622570424,1853.1477023086463,0.8598130841121495
Reducción_sn_kg_default,sn_inventario_escoria_est_kg_prev,shap_decil,9632.148004200597,5307.338020138608,1.0
Reducción_sn_kg_default,sn_inventario_escoria_est_kg_prev,shap_decil,12472.374642705183,7515.961344664954,1.0
Reducción_sn_kg_default,masa_escoria_est_kg_prev,pd,0.03869689178321037,-68.15727110438641,
Reducción_sn_kg_default,masa_escoria_est_kg_prev,pd,3934.3260752890064,-68.15727110438641,
Reducción_sn_kg_default,masa_escoria_est_kg_prev,pd,7868.613453686229,-68.15727110438641,
Reducción_sn_kg_default,masa_escoria_est_kg_prev,pd,11802.900832083453,-68.15727110438641,
Reducción_sn_kg_default,masa_escoria_est_kg_prev,pd,15737.188210480675,-68.15727110438641,
Reducción_sn_kg_default,masa_escoria_est_kg_prev,pd,19671.4755888779,-68.15727110438641,
Reducción_sn_kg_default,masa_escoria_est_kg_prev,pd,23605.762967275125,-68.15727110438641,
Reducción_sn_kg_default,masa_escoria_est_kg_prev,pd,27540.050345672345,-68.15727110438641,
Reducción_sn_kg_default,masa_escoria_est_kg_prev,pd,31474.33772406957,-68.15727110438641,
Reducción_sn_kg_default,masa_escoria_est_kg_prev,pd,35408.62510246679,-68.15727110438641,
Reducción_sn_kg_default,masa_escoria_est_kg_prev,pd,39342.91248086401,-68.15727110438641,
Reducción_sn_kg_default,masa_escoria_est_kg_prev,pd,43277.199859261236,-68.15727110438641,
Reducción_sn_kg_default,masa_escoria_est_kg_prev,pd,47211.48723765846,-87.25197609319477,
Reducción_sn_kg_default,masa_escoria_est_kg_prev,pd,51145.774616055685,-76.32375482166304,
Reducción_sn_kg_default,masa_escoria_est_kg_prev,pd,55080.0619944529,-46.86391219374647,
Reducción_sn_kg_default,masa_escoria_est_kg_prev,pd,59014.34937285013,-52.362416440436775,
Reducción_sn_kg_default,masa_escoria_est_kg_prev,pd,62948.63675124735,-60.16744769713731,
Reducción_sn_kg_default,masa_escoria_est_kg_prev,pd,66882.92412964458,26.842133377022503,
Reducción_sn_kg_default,masa_escoria_est_kg_prev,pd,70817.2115080418,164.1213199004911,
Reducción_sn_kg_default,masa_escoria_est_kg_prev,pd,74751.49888643903,137.8824851713578,
Reducción_sn_kg_default,masa_escoria_est_kg_prev,ale,21567.01652252021,-77.90608399393011,
Reducción_sn_kg_default,masa_escoria_est_kg_prev,ale,46197.35773954257,-77.27887398273143,
Reducción_sn_kg_default,masa_escoria_est_kg_prev,ale,50381.87520504929,-76.70126956329425,
Reducción_sn_kg_default,masa_escoria_est_kg_prev,ale,52014.4591803189,-66.91696282251573,
Reducción_sn_kg_default,masa_escoria_est_kg_prev,ale,53004.46813860003,-70.79014390218212,
Reducción_sn_kg_default,masa_escoria_est_kg_prev,ale,53852.57075048881,-50.637489630003856,
Reducción_sn_kg_default,masa_escoria_est_kg_prev,ale,54501.362064925714,-25.533252076248175,
Reducción_sn_kg_default,masa_escoria_est_kg_prev,ale,55045.36695123043,-26.989981773296037,
Reducción_sn_kg_default,masa_escoria_est_kg_prev,ale,55609.58664590223,-29.525113672254925,
Reducción_sn_kg_default,masa_escoria_est_kg_prev,ale,56250.345360399675,-27.496148381358417,
Reducción_sn_kg_default,masa_escoria_est_kg_prev,ale,56996.92324116107,-26.41150416906644,
Reducción_sn_kg_default,masa_escoria_est_kg_prev,ale,57844.34645837621,-25.763678483701817,
Reducción_sn_kg_default,masa_escoria_est_kg_prev,ale,58809.896870505385,-29.497678999114896,
Reducción_sn_kg_default,masa_escoria_est_kg_prev,ale,59824.557707992455,-36.58372514578098,
Reducción_sn_kg_default,masa_escoria_est_kg_prev,ale,60926.14009787995,-36.236941762650105,
Reducción_sn_kg_default,masa_escoria_est_kg_prev,ale,62356.9983141075,-45.75117179490778,
Reducción_sn_kg_default,masa_escoria_est_kg_prev,ale,64149.177575714086,8.946911456047062,
Reducción_sn_kg_default,masa_escoria_est_kg_prev,ale,66448.67677920379,109.01576946880691,
Reducción_sn_kg_default,masa_escoria_est_kg_prev,ale,69839.12535827169,254.95237955710104,
Reducción_sn_kg_default,masa_escoria_est_kg_prev,ale,118221.35056386361,355.0707240480619,
Reducción_sn_kg_default,masa_escoria_est_kg_prev,shap_decil,43067.452294256,-54.40845346190473,0.0
Reducción_sn_kg_default,masa_escoria_est_kg_prev,shap_decil,51503.74897754705,-46.39353250225578,0.009345794392523364
Reducción_sn_kg_default,masa_escoria_est_kg_prev,shap_decil,53473.695559070766,-28.973694935429034,0.037383177570093455
Reducción_sn_kg_default,masa_escoria_est_kg_prev,shap_decil,54780.65629415968,-10.95050390137778,0.1111111111111111
Reducción_sn_kg_default,masa_escoria_est_kg_prev,shap_decil,55909.58865901971,-15.501214382714851,0.07476635514018691
Reducción_sn_kg_default,masa_escoria_est_kg_prev,shap_decil,57396.26975889912,-18.949586608642974,0.09345794392523364
Reducción_sn_kg_default,masa_escoria_est_kg_prev,shap_decil,59334.47538680618,-37.650337776372034,0.027777777777777776
Reducción_sn_kg_default,masa_escoria_est_kg_prev,shap_decil,61536.814813346384,-59.791335026298405,0.028037383177570093
Reducción_sn_kg_default,masa_escoria_est_kg_prev,shap_decil,65120.3326929672,-18.531865666106476,0.4766355140186916
Reducción_sn_kg_default,masa_escoria_est_kg_prev,shap_decil,71913.52623412242,149.5032631280854,0.8611111111111112
Reducción_sn_kg_default,ley_sn_escoria_pct_prev,pd,1.1557152000000002,-132.15084352047742,
Reducción_sn_kg_default,ley_sn_escoria_pct_prev,pd,2.1829697263157897,-130.7021126144557,
Reducción_sn_kg_default,ley_sn_escoria_pct_prev,pd,3.210224252631579,-118.80953880980746,
Reducción_sn_kg_default,ley_sn_escoria_pct_prev,pd,4.237478778947369,-116.81716086706071,
Reducción_sn_kg_default,ley_sn_escoria_pct_prev,pd,5.264733305263158,-105.21666610879136,
Reducción_sn_kg_default,ley_sn_escoria_pct_prev,pd,6.291987831578948,-94.92641004380353,
Reducción_sn_kg_default,ley_sn_escoria_pct_prev,pd,7.319242357894738,-93.29424244628773,
Reducción_sn_kg_default,ley_sn_escoria_pct_prev,pd,8.346496884210527,-74.71005227136173,
Reducción_sn_kg_default,ley_sn_escoria_pct_prev,pd,9.373751410526316,-31.558663009626905,
Reducción_sn_kg_default,ley_sn_escoria_pct_prev,pd,10.401005936842106,-23.59226535307907,
Reducción_sn_kg_default,ley_sn_escoria_pct_prev,pd,11.428260463157894,-28.83541972761053,
Reducción_sn_kg_default,ley_sn_escoria_pct_prev,pd,12.455514989473684,-28.83541972761053,
Reducción_sn_kg_default,ley_sn_escoria_pct_prev,pd,13.482769515789474,2.3083468111946583,
Reducción_sn_kg_default,ley_sn_escoria_pct_prev,pd,14.510024042105263,6.407077602016157,
Reducción_sn_kg_default,ley_sn_escoria_pct_prev,pd,15.537278568421053,89.83563766280453,
Reducción_sn_kg_default,ley_sn_escoria_pct_prev,pd,16.56453309473684,-201.04725857826344,
Reducción_sn_kg_default,ley_sn_escoria_pct_prev,pd,17.59178762105263,130.5780264331863,
Reducción_sn_kg_default,ley_sn_escoria_pct_prev,pd,18.619042147368422,400.77105309412565,
Reducción_sn_kg_default,ley_sn_escoria_pct_prev,pd,19.646296673684212,174.4765283774356,
Reducción_sn_kg_default,ley_sn_escoria_pct_prev,pd,20.6735512,310.33001762402114,
Reducción_sn_kg_default,ley_sn_escoria_pct_prev,ale,0.9458475,-296.39039038295795,
Reducción_sn_kg_default,ley_sn_escoria_pct_prev,ale,1.4771325,-298.38102765406586,
Reducción_sn_kg_default,ley_sn_escoria_pct_prev,ale,1.651475,-293.78492575160976,
Reducción_sn_kg_default,ley_sn_escoria_pct_prev,ale,1.78802,-287.61100876003314,
Reducción_sn_kg_default,ley_sn_escoria_pct_prev,ale,1.9235175,-290.6033283249093,
Reducción_sn_kg_default,ley_sn_escoria_pct_prev,ale,2.0684775,-293.1828257077981,
Reducción_sn_kg_default,ley_sn_escoria_pct_prev,ale,2.1910325,-281.93571369786144,
Reducción_sn_kg_default,ley_sn_escoria_pct_prev,ale,2.3171524999999997,-270.8237797873347,
Reducción_sn_kg_default,ley_sn_escoria_pct_prev,ale,2.4722524999999997,-270.95895788674454,
Reducción_sn_kg_default,ley_sn_escoria_pct_prev,ale,2.6478425000000003,-270.95895788674454,
Reducción_sn_kg_default,ley_sn_escoria_pct_prev,ale,2.8999725,-270.95895788674454,
Reducción_sn_kg_default,ley_sn_escoria_pct_prev,ale,3.2706225000000004,-272.7196088159584,
Reducción_sn_kg_default,ley_sn_escoria_pct_prev,ale,3.8882175000000005,-267.5027451245056,
Reducción_sn_kg_default,ley_sn_escoria_pct_prev,ale,5.3812075,-152.4674819709872,
Reducción_sn_kg_default,ley_sn_escoria_pct_prev,ale,8.3439025,180.10176628418043,
Reducción_sn_kg_default,ley_sn_escoria_pct_prev,ale,11.740112500000002,491.70952324536466,
Reducción_sn_kg_default,ley_sn_escoria_pct_prev,ale,14.194760000000006,639.3787235208783,
Reducción_sn_kg_default,ley_sn_escoria_pct_prev,ale,15.943365000000002,453.70711147289643,
Reducción_sn_kg_default,ley_sn_escoria_pct_prev,ale,17.782542499999998,694.3880621034737,
Reducción_sn_kg_default,ley_sn_escoria_pct_prev,ale,21.629737499999997,1349.7938296706268,
Reducción_sn_kg_default,ley_sn_escoria_pct_prev,shap_decil,1.3832499999999999,-68.78478042429138,0.0
Reducción_sn_kg_default,ley_sn_escoria_pct_prev,shap_decil,1.7321,-61.86612982311769,0.0
Reducción_sn_kg_default,ley_sn_escoria_pct_prev,shap_decil,2.0025,-62.994182769001476,0.0
Reducción_sn_kg_default,ley_sn_escoria_pct_prev,shap_decil,2.24805,-54.88850114386013,0.0
Reducción_sn_kg_default,ley_sn_escoria_pct_prev,shap_decil,2.5583,-50.10533902601759,0.0
Reducción_sn_kg_default,ley_sn_escoria_pct_prev,shap_decil,3.0625,-51.747322096124776,0.0
Reducción_sn_kg_default,ley_sn_escoria_pct_prev,shap_decil,4.29815,-60.33636247933772,0.09259259259259259
Reducción_sn_kg_default,ley_sn_escoria_pct_prev,shap_decil,10.2328,-84.77936555450034,0.29906542056074764
Reducción_sn_kg_default,ley_sn_escoria_pct_prev,shap_decil,15.1296,-52.54076413985933,0.35514018691588783
Reducción_sn_kg_default,ley_sn_escoria_pct_prev,shap_decil,18.82045,175.0743231785454,0.7685185185185185
Reducción_sn_kg_default,ley_feo_escoria_pct_prev,pd,15.868903749191512,8.52364363591735,
Reducción_sn_kg_default,ley_feo_escoria_pct_prev,pd,16.18226263685709,8.52364363591735,
Reducción_sn_kg_default,ley_feo_escoria_pct_prev,pd,16.49562152452267,63.0334787061955,
Reducción_sn_kg_default,ley_feo_escoria_pct_prev,pd,16.808980412188244,-62.330752943599634,
Reducción_sn_kg_default,ley_feo_escoria_pct_prev,pd,17.122339299853824,55.582608447498465,
Reducción_sn_kg_default,ley_feo_escoria_pct_prev,pd,17.435698187519403,-1.7664315595814495,
Reducción_sn_kg_default,ley_feo_escoria_pct_prev,pd,17.74905707518498,-147.0334807629934,
Reducción_sn_kg_default,ley_feo_escoria_pct_prev,pd,18.062415962850558,-42.858286322305815,
Reducción_sn_kg_default,ley_feo_escoria_pct_prev,pd,18.375774850516134,-32.31181805299744,
Reducción_sn_kg_default,ley_feo_escoria_pct_prev,pd,18.689133738181713,-20.412000592794456,
Reducción_sn_kg_default,ley_feo_escoria_pct_prev,pd,19.002492625847292,-6.903204519469644,
Reducción_sn_kg_default,ley_feo_escoria_pct_prev,pd,19.315851513512868,21.622239163274877,
Reducción_sn_kg_default,ley_feo_escoria_pct_prev,pd,19.629210401178447,-8.485597318394344,
Reducción_sn_kg_default,ley_feo_escoria_pct_prev,pd,19.942569288844027,-9.99029935089418,
Reducción_sn_kg_default,ley_feo_escoria_pct_prev,pd,20.255928176509602,-19.580254303780052,
Reducción_sn_kg_default,ley_feo_escoria_pct_prev,pd,20.56928706417518,-35.30330966498911,
Reducción_sn_kg_default,ley_feo_escoria_pct_prev,pd,20.882645951840757,10.533368686962135,
Reducción_sn_kg_default,ley_feo_escoria_pct_prev,pd,21.196004839506337,10.533368686962135,
Reducción_sn_kg_default,ley_feo_escoria_pct_prev,pd,21.509363727171916,24.106251341090733,
Reducción_sn_kg_default,ley_feo_escoria_pct_prev,pd,21.82272261483749,-24.0152807093384,
Reducción_sn_kg_default,ley_feo_escoria_pct_prev,ale,14.254891013161426,44.72092835456935,
Reducción_sn_kg_default,ley_feo_escoria_pct_prev,ale,16.5521429551437,-0.42667227597153,
Reducción_sn_kg_default,ley_feo_escoria_pct_prev,ale,16.960973202256245,13.290945666088145,
Reducción_sn_kg_default,ley_feo_escoria_pct_prev,ale,17.266057728713402,68.97988238936348,
Reducción_sn_kg_default,ley_feo_escoria_pct_prev,ale,17.494206973408538,41.15531513790768,
Reducción_sn_kg_default,ley_feo_escoria_pct_prev,ale,17.739514770346496,-12.092031779444415,
Reducción_sn_kg_default,ley_feo_escoria_pct_prev,ale,17.955082148804728,-55.96126020459218,
Reducción_sn_kg_default,ley_feo_escoria_pct_prev,ale,18.15147761912436,-42.12804583765988,
Reducción_sn_kg_default,ley_feo_escoria_pct_prev,ale,18.340678397528873,-27.746052700474376,
Reducción_sn_kg_default,ley_feo_escoria_pct_prev,ale,18.505915094816004,-25.225671907727406,
Reducción_sn_kg_default,ley_feo_escoria_pct_prev,ale,18.68429971367177,-17.755961266982315,
Reducción_sn_kg_default,ley_feo_escoria_pct_prev,ale,18.871406730593606,-15.315475203064917,
Reducción_sn_kg_default,ley_feo_escoria_pct_prev,ale,19.03510607305936,-17.85004984993309,
Reducción_sn_kg_default,ley_feo_escoria_pct_prev,ale,19.20586824227773,-6.4674043239196415,
Reducción_sn_kg_default,ley_feo_escoria_pct_prev,ale,19.418721128122485,5.893693071838911,
Reducción_sn_kg_default,ley_feo_escoria_pct_prev,ale,19.65490128283642,6.585930672458428,
Reducción_sn_kg_default,ley_feo_escoria_pct_prev,ale,19.93282801826484,1.6645995666729725,
Reducción_sn_kg_default,ley_feo_escoria_pct_prev,ale,20.285583409078697,1.3260374140209485,
Reducción_sn_kg_default,ley_feo_escoria_pct_prev,ale,20.713842862207894,20.93236233575768,
Reducción_sn_kg_default,ley_feo_escoria_pct_prev,ale,26.15484390008058,15.77739586088775,
Reducción_sn_kg_default,ley_feo_escoria_pct_prev,shap_decil,16.3432395917271,19.332686327522403,0.6574074074074074
Reducción_sn_kg_default,ley_feo_escoria_pct_prev,shap_decil,17.163440902497985,12.555317118885029,0.4766355140186916
Reducción_sn_kg_default,ley_feo_escoria_pct_prev,shap_decil,17.619630040290087,-28.970512395603556,0.205607476635514
Reducción_sn_kg_default,ley_feo_escoria_pct_prev,shap_decil,18.050732634971794,-42.86435611557982,0.046296296296296294
Reducción_sn_kg_default,ley_feo_escoria_pct_prev,shap_decil,18.429861058286328,-25.100477024378435,0.11214953271028037
Reducción_sn_kg_default,ley_feo_escoria_pct_prev,shap_decil,18.7845461831856,-16.408047739030696,0.14018691588785046
Reducción_sn_kg_default,ley_feo_escoria_pct_prev,shap_decil,19.11343719580983,-21.714858514796962,0.12037037037037036
Reducción_sn_kg_default,ley_feo_escoria_pct_prev,shap_decil,19.541001944668277,18.99424129903367,0.7850467289719626
Reducción_sn_kg_default,ley_feo_escoria_pct_prev,shap_decil,20.094063733548214,-1.2460247699446216,0.5794392523364486
Reducción_sn_kg_default,ley_feo_escoria_pct_prev,shap_decil,20.952666752618853,9.599235132326442,0.5370370370370371
Reducción_sn_kg_default,tasa_feed_Carbon_kg_min,pd,4.221876341462185,-85.17262696255968,
Reducción_sn_kg_default,tasa_feed_Carbon_kg_min,pd,7.477359390254868,-23.476134043885434,
Reducción_sn_kg_default,tasa_feed_Carbon_kg_min,pd,10.732842439047552,-22.478966254093482,
Reducción_sn_kg_default,tasa_feed_Carbon_kg_min,pd,13.988325487840237,-22.478966254093482,
Reducción_sn_kg_default,tasa_feed_Carbon_kg_min,pd,17.24380853663292,-22.478966254093482,
Reducción_sn_kg_default,tasa_feed_Carbon_kg_min,pd,20.499291585425606,-22.478966254093482,
Reducción_sn_kg_default,tasa_feed_Carbon_kg_min,pd,23.75477463421829,-22.478966254093482,
Reducción_sn_kg_default,tasa_feed_Carbon_kg_min,pd,27.010257683010973,-22.478966254093482,
Reducción_sn_kg_default,tasa_feed_Carbon_kg_min,pd,30.265740731803657,-22.478966254093482,
Reducción_sn_kg_default,tasa_feed_Carbon_kg_min,pd,33.521223780596344,-20.958680694882975,
Reducción_sn_kg_default,tasa_feed_Carbon_kg_min,pd,36.77670682938903,-20.958680694882975,
Reducción_sn_kg_default,tasa_feed_Carbon_kg_min,pd,40.03218987818171,-4.082107289652572,
Reducción_sn_kg_default,tasa_feed_Carbon_kg_min,pd,43.287672926974395,2.6659103230376573,
Reducción_sn_kg_default,tasa_feed_Carbon_kg_min,pd,46.54315597576708,5.14610019158774,
Reducción_sn_kg_default,tasa_feed_Carbon_kg_min,pd,49.79863902455976,39.127432473918354,
Reducción_sn_kg_default,tasa_feed_Carbon_kg_min,pd,53.054122073352445,39.127432473918354,
Reducción_sn_kg_default,tasa_feed_Carbon_kg_min,pd,56.30960512214513,39.127432473918354,
Reducción_sn_kg_default,tasa_feed_Carbon_kg_min,pd,59.56508817093781,39.127432473918354,
Reducción_sn_kg_default,tasa_feed_Carbon_kg_min,pd,62.820571219730496,59.73227894425988,
Reducción_sn_kg_default,tasa_feed_Carbon_kg_min,pd,66.07605426852318,65.2510767283254,
Reducción_sn_kg_default,tasa_feed_Carbon_kg_min,ale,3.241302187343008,-53.83024949557927,
Reducción_sn_kg_default,tasa_feed_Carbon_kg_min,ale,5.171640901323702,-36.440709966370164,
Reducción_sn_kg_default,tasa_feed_Carbon_kg_min,ale,5.9811600766508874,-33.39465502579026,
Reducción_sn_kg_default,tasa_feed_Carbon_kg_min,ale,7.336383368999927,-30.348600085210357,
Reducción_sn_kg_default,tasa_feed_Carbon_kg_min,ale,8.834827533298068,-30.030133299664,
Reducción_sn_kg_default,tasa_feed_Carbon_kg_min,ale,10.196336755903939,-29.187389208318578,
Reducción_sn_kg_default,tasa_feed_Carbon_kg_min,ale,12.059895015292696,-28.66311190251951,
Reducción_sn_kg_default,tasa_feed_Carbon_kg_min,ale,14.422441564287457,-28.66311190251951,
Reducción_sn_kg_default,tasa_feed_Carbon_kg_min,ale,17.390411455203328,-28.66311190251951,
Reducción_sn_kg_default,tasa_feed_Carbon_kg_min,ale,22.646360503256105,-28.66311190251951,
Reducción_sn_kg_default,tasa_feed_Carbon_kg_min,ale,26.793899723933293,-28.66311190251951,
Reducción_sn_kg_default,tasa_feed_Carbon_kg_min,ale,28.494928017640728,-28.66311190251951,
Reducción_sn_kg_default,tasa_feed_Carbon_kg_min,ale,31.5104106042324,-27.196796321356246,
Reducción_sn_kg_default,tasa_feed_Carbon_kg_min,ale,36.57257819738144,-15.852158232882317,
Reducción_sn_kg_default,tasa_feed_Carbon_kg_min,ale,47.173482063111,19.526195185707877,
Reducción_sn_kg_default,tasa_feed_Carbon_kg_min,ale,57.080508414777796,45.0262260969874,
Reducción_sn_kg_default,tasa_feed_Carbon_kg_min,ale,60.73800511403865,65.78458814504587,
Reducción_sn_kg_default,tasa_feed_Carbon_kg_min,ale,62.817673297996706,93.34803314837355,
Reducción_sn_kg_default,tasa_feed_Carbon_kg_min,ale,64.39190442197224,101.53239219442612,
Reducción_sn_kg_default,tasa_feed_Carbon_kg_min,ale,65.9271858873887,102.91166828520942,
Reducción_sn_kg_default,tasa_feed_Carbon_kg_min,shap_decil,4.898829535282019,-36.5612856485875,0.0
Reducción_sn_kg_default,tasa_feed_Carbon_kg_min,shap_decil,6.519492316968512,-15.748933466008621,0.0
Reducción_sn_kg_default,tasa_feed_Carbon_kg_min,shap_decil,9.514349316793773,-13.34635404900683,0.0
Reducción_sn_kg_default,tasa_feed_Carbon_kg_min,shap_decil,13.242276836576913,-12.357481350222729,0.0
Reducción_sn_kg_default,tasa_feed_Carbon_kg_min,shap_decil,19.181326059194713,-13.376904835140339,0.0
Reducción_sn_kg_default,tasa_feed_Carbon_kg_min,shap_decil,27.471941825671074,-15.827485529123395,0.0
Reducción_sn_kg_default,tasa_feed_Carbon_kg_min,shap_decil,33.50528059739334,-10.92268056048147,0.1111111111111111
Reducción_sn_kg_default,tasa_feed_Carbon_kg_min,shap_decil,54.74468849756531,14.387836001472214,0.7383177570093458
Reducción_sn_kg_default,tasa_feed_Carbon_kg_min,shap_decil,62.02051962575604,46.670342141863486,0.9813084112149533
Reducción_sn_kg_default,tasa_feed_Carbon_kg_min,shap_decil,65.17157084147135,55.500070678307104,1.0
Reducción_sn_kg_default,interaccion_C_x_Sn_prev,pd,6.47695435732097,-203.45263530119408,
Reducción_sn_kg_default,interaccion_C_x_Sn_prev,pd,73.41726971381084,-174.95742798112866,
Reducción_sn_kg_default,interaccion_C_x_Sn_prev,pd,140.35758507030073,-143.60229084327958,
Reducción_sn_kg_default,interaccion_C_x_Sn_prev,pd,207.29790042679062,-105.96549294127792,
Reducción_sn_kg_default,interaccion_C_x_Sn_prev,pd,274.23821578328045,-85.78097098137079,
Reducción_sn_kg_default,interaccion_C_x_Sn_prev,pd,341.1785311397703,-69.25930358080453,
Reducción_sn_kg_default,interaccion_C_x_Sn_prev,pd,408.11884649626023,-64.27391121145516,
Reducción_sn_kg_default,interaccion_C_x_Sn_prev,pd,475.0591618527501,-64.27391121145516,
Reducción_sn_kg_default,interaccion_C_x_Sn_prev,pd,541.99947720924,-64.27391121145516,
Reducción_sn_kg_default,interaccion_C_x_Sn_prev,pd,608.9397925657299,212.96473112715938,
Reducción_sn_kg_default,interaccion_C_x_Sn_prev,pd,675.8801079222197,216.4533586820673,
Reducción_sn_kg_default,interaccion_C_x_Sn_prev,pd,742.8204232787097,216.4533586820673,
Reducción_sn_kg_default,interaccion_C_x_Sn_prev,pd,809.7607386351996,233.73255495190466,
Reducción_sn_kg_default,interaccion_C_x_Sn_prev,pd,876.7010539916894,349.22749101939,
Reducción_sn_kg_default,interaccion_C_x_Sn_prev,pd,943.6413693481793,356.02189166361296,
Reducción_sn_kg_default,interaccion_C_x_Sn_prev,pd,1010.5816847046691,525.5489509255443,
Reducción_sn_kg_default,interaccion_C_x_Sn_prev,pd,1077.522000061159,537.7049792113861,
Reducción_sn_kg_default,interaccion_C_x_Sn_prev,pd,1144.4623154176488,539.072829645109,
Reducción_sn_kg_default,interaccion_C_x_Sn_prev,pd,1211.4026307741387,617.2943889403533,
Reducción_sn_kg_default,interaccion_C_x_Sn_prev,pd,1278.3429461306287,621.8773805241616,
Reducción_sn_kg_default,interaccion_C_x_Sn_prev,ale,5.163692875539436,-253.0717166225553,
Reducción_sn_kg_default,interaccion_C_x_Sn_prev,ale,8.811127894802,-253.0717166225553,
Reducción_sn_kg_default,interaccion_C_x_Sn_prev,ale,10.673995250405966,-250.91178538053978,
Reducción_sn_kg_default,interaccion_C_x_Sn_prev,ale,13.063828619461479,-246.08336916526864,
Reducción_sn_kg_default,interaccion_C_x_Sn_prev,ale,16.795748930110573,-235.56477077405447,
Reducción_sn_kg_default,interaccion_C_x_Sn_prev,ale,21.178142467540987,-227.71465735609587,
Reducción_sn_kg_default,interaccion_C_x_Sn_prev,ale,25.578747279249285,-225.95282223949997,
Reducción_sn_kg_default,interaccion_C_x_Sn_prev,ale,31.220860081627137,-224.19098712290406,
Reducción_sn_kg_default,interaccion_C_x_Sn_prev,ale,41.78672540061834,-224.19098712290406,
Reducción_sn_kg_default,interaccion_C_x_Sn_prev,ale,60.490077589272616,-221.68206130744667,
Reducción_sn_kg_default,interaccion_C_x_Sn_prev,ale,78.41016031760216,-219.17313549198929,
Reducción_sn_kg_default,interaccion_C_x_Sn_prev,ale,93.362506351776,-219.17313549198929,
Reducción_sn_kg_default,interaccion_C_x_Sn_prev,ale,117.75483324774606,-199.8573831075444,
Reducción_sn_kg_default,interaccion_C_x_Sn_prev,ale,177.19002484631,-138.82719155440392,
Reducción_sn_kg_default,interaccion_C_x_Sn_prev,ale,408.37381908630056,22.81176372095979,
Reducción_sn_kg_default,interaccion_C_x_Sn_prev,ale,678.6940311584325,149.5529566422341,
Reducción_sn_kg_default,interaccion_C_x_Sn_prev,ale,834.1060361510096,404.57572803842606,
Reducción_sn_kg_default,interaccion_C_x_Sn_prev,ale,962.5933713663558,738.8632948928124,
Reducción_sn_kg_default,interaccion_C_x_Sn_prev,ale,1094.1187843903624,881.1862643123842,
Reducción_sn_kg_default,interaccion_C_x_Sn_prev,ale,1361.7370610593025,939.5069060726061,
Reducción_sn_kg_default,interaccion_C_x_Sn_prev,shap_decil,7.891426838917257,-142.56340982581094,0.0
Reducción_sn_kg_default,interaccion_C_x_Sn_prev,shap_decil,11.621374614856554,-139.5936962042608,0.0
Reducción_sn_kg_default,interaccion_C_x_Sn_prev,shap_decil,19.020487387935756,-128.24588693513633,0.0
Reducción_sn_kg_default,interaccion_C_x_Sn_prev,shap_decil,27.878464930398124,-119.9635636360648,0.0
Reducción_sn_kg_default,interaccion_C_x_Sn_prev,shap_decil,49.02175804568821,-122.58316948177465,0.0
Reducción_sn_kg_default,interaccion_C_x_Sn_prev,shap_decil,84.83762143219742,-118.76445342291937,0.0
Reducción_sn_kg_default,interaccion_C_x_Sn_prev,shap_decil,133.70873469501987,-89.46657371903673,0.0
Reducción_sn_kg_default,interaccion_C_x_Sn_prev,shap_decil,596.0550853074596,35.56119341901179,0.6448598130841121
Reducción_sn_kg_default,interaccion_C_x_Sn_prev,shap_decil,906.6512414747667,342.24586569937736,0.9813084112149533
Reducción_sn_kg_default,interaccion_C_x_Sn_prev,shap_decil,1169.980427813848,506.06826886890696,1.0
Reducción_sn_kg_default,duracion_plan_min,pd,13.0,3.4857318945438793,
Reducción_sn_kg_default,duracion_plan_min,pd,15.0,2.475772244847602,
Reducción_sn_kg_default,duracion_plan_min,pd,20.0,1.782692091191413,
Reducción_sn_kg_default,duracion_plan_min,pd,25.0,-5.599326660064673,
Reducción_sn_kg_default,duracion_plan_min,pd,30.0,-6.305383700299952,
Reducción_sn_kg_default,duracion_plan_min,ale,16.5,4.326133986108374,
Reducción_sn_kg_default,duracion_plan_min,ale,22.5,-1.4645648329711802,
Reducción_sn_kg_default,duracion_plan_min,ale,27.5,-5.80992493859982,
Reducción_sn_kg_default,duracion_plan_min,shap_decil,20.0,3.876214533797373,0.9612244897959183
Reducción_sn_kg_default,duracion_plan_min,shap_decil,25.0,-4.7689504023976825,0.013651877133105802
Reducción_sn_kg_default,duracion_plan_min,shap_decil,30.0,-3.3725004362984343,0.0
Reducción_sn_kg_default,tasa_gn_nm3_min,pd,12.907811509525231,-54.19376569675789,
Reducción_sn_kg_default,tasa_gn_nm3_min,pd,13.778815279491264,-54.19376569675789,
Reducción_sn_kg_default,tasa_gn_nm3_min,pd,14.649819049457296,-54.19376569675789,
Reducción_sn_kg_default,tasa_gn_nm3_min,pd,15.520822819423328,-49.36892429927195,
Reducción_sn_kg_default,tasa_gn_nm3_min,pd,16.39182658938936,-45.858927126375654,
Reducción_sn_kg_default,tasa_gn_nm3_min,pd,17.262830359355394,-39.45482939554663,
Reducción_sn_kg_default,tasa_gn_nm3_min,pd,18.133834129321425,-39.45482939554663,
Reducción_sn_kg_default,tasa_gn_nm3_min,pd,19.00483789928746,-39.03315856832601,
Reducción_sn_kg_default,tasa_gn_nm3_min,pd,19.87584166925349,-39.03315856832601,
Reducción_sn_kg_default,tasa_gn_nm3_min,pd,20.746845439219523,-39.71326457726936,
Reducción_sn_kg_default,tasa_gn_nm3_min,pd,21.617849209185557,-43.902101433867124,
Reducción_sn_kg_default,tasa_gn_nm3_min,pd,22.488852979151588,-46.15078560260999,
Reducción_sn_kg_default,tasa_gn_nm3_min,pd,23.35985674911762,-41.66682501126315,
Reducción_sn_kg_default,tasa_gn_nm3_min,pd,24.230860519083652,-43.101155440741586,
Reducción_sn_kg_default,tasa_gn_nm3_min,pd,25.101864289049686,-81.82915906477663,
Reducción_sn_kg_default,tasa_gn_nm3_min,pd,25.972868059015717,-61.59473206180662,
Reducción_sn_kg_default,tasa_gn_nm3_min,pd,26.843871828981747,2.155413163789601,
Reducción_sn_kg_default,tasa_gn_nm3_min,pd,27.71487559894778,-142.04183334022065,
Reducción_sn_kg_default,tasa_gn_nm3_min,pd,28.585879368913815,109.6345966259377,
Reducción_sn_kg_default,tasa_gn_nm3_min,pd,29.456883138879846,21.322411721463375,
Reducción_sn_kg_default,tasa_gn_nm3_min,ale,11.037756558880172,-55.599634477418135,
Reducción_sn_kg_default,tasa_gn_nm3_min,ale,15.608834092822281,-49.65591453592241,
Reducción_sn_kg_default,tasa_gn_nm3_min,ale,16.56027779444942,-40.23152742168574,
Reducción_sn_kg_default,tasa_gn_nm3_min,ale,17.092734350981537,-37.57380068063831,
Reducción_sn_kg_default,tasa_gn_nm3_min,ale,17.681507263243482,-38.396741112331824,
Reducción_sn_kg_default,tasa_gn_nm3_min,ale,18.32479452647794,-38.396741112331824,
Reducción_sn_kg_default,tasa_gn_nm3_min,ale,19.06421637386746,-38.12744776548807,
Reducción_sn_kg_default,tasa_gn_nm3_min,ale,19.802664996253117,-39.069434783204926,
Reducción_sn_kg_default,tasa_gn_nm3_min,ale,20.76697793675983,-42.20700117214754,
Reducción_sn_kg_default,tasa_gn_nm3_min,ale,22.026659027503285,-46.1436101631941,
Reducción_sn_kg_default,tasa_gn_nm3_min,ale,23.14139648332224,-43.703662037069066,
Reducción_sn_kg_default,tasa_gn_nm3_min,ale,24.019322889052308,-57.93402741199593,
Reducción_sn_kg_default,tasa_gn_nm3_min,ale,24.826416748725045,-85.55199604229776,
Reducción_sn_kg_default,tasa_gn_nm3_min,ale,25.593005999416775,-85.12827663870172,
Reducción_sn_kg_default,tasa_gn_nm3_min,ale,26.345484076379847,-38.553229822112414,
Reducción_sn_kg_default,tasa_gn_nm3_min,ale,27.099013434176975,-57.671492542581056,
Reducción_sn_kg_default,tasa_gn_nm3_min,ale,27.772838876455804,26.212610472574454,
Reducción_sn_kg_default,tasa_gn_nm3_min,ale,28.265780666775175,225.48664205820108,
Reducción_sn_kg_default,tasa_gn_nm3_min,ale,28.82175057729085,318.60488673103856,
Reducción_sn_kg_default,tasa_gn_nm3_min,ale,29.76431212220368,223.79158577430542,
Reducción_sn_kg_default,tasa_gn_nm3_min,shap_decil,14.878311660838339,-31.865639102916568,0.0
Reducción_sn_kg_default,tasa_gn_nm3_min,shap_decil,16.783672417534724,-17.077858582398246,0.037383177570093455
Reducción_sn_kg_default,tasa_gn_nm3_min,shap_decil,17.957079041375053,-15.974359066364938,0.009345794392523364
Reducción_sn_kg_default,tasa_gn_nm3_min,shap_decil,19.436591737535263,-15.885310734693721,0.046296296296296294
Reducción_sn_kg_default,tasa_gn_nm3_min,shap_decil,21.37860715208935,-19.878806054454863,0.009345794392523364
Reducción_sn_kg_default,tasa_gn_nm3_min,shap_decil,23.597465294581948,-21.285423906810745,0.018691588785046728
Reducción_sn_kg_default,tasa_gn_nm3_min,shap_decil,25.212115627712677,-85.85914894829496,0.0
Reducción_sn_kg_default,tasa_gn_nm3_min,shap_decil,26.7222594265408,-65.2695060762787,0.24299065420560748
Reducción_sn_kg_default,tasa_gn_nm3_min,shap_decil,28.063565606011288,-25.914351858066784,0.4392523364485981
Reducción_sn_kg_default,tasa_gn_nm3_min,shap_decil,29.176838542796943,77.66957635163155,0.7870370370370371
Reducción_sn_kg_default,exceso_o2_combustion_pct,pd,-7.343686095851547,-8.13050227207244,
Reducción_sn_kg_default,exceso_o2_combustion_pct,pd,-5.337577943190176,16.138047108467678,
Reducción_sn_kg_default,exceso_o2_combustion_pct,pd,-3.331469790528806,-21.958184714605935,
Reducción_sn_kg_default,exceso_o2_combustion_pct,pd,-1.3253616378674362,-49.16437591307407,
Reducción_sn_kg_default,exceso_o2_combustion_pct,pd,0.6807465147939347,-50.865419036484695,
Reducción_sn_kg_default,exceso_o2_combustion_pct,pd,2.6868546674553055,-50.865419036484695,
Reducción_sn_kg_default,exceso_o2_combustion_pct,pd,4.692962820116675,-50.865419036484695,
Reducción_sn_kg_default,exceso_o2_combustion_pct,pd,6.6990709727780455,-50.865419036484695,
Reducción_sn_kg_default,exceso_o2_combustion_pct,pd,8.705179125439416,-50.865419036484695,
Reducción_sn_kg_default,exceso_o2_combustion_pct,pd,10.711287278100786,-53.2203315229045,
Reducción_sn_kg_default,exceso_o2_combustion_pct,pd,12.717395430762158,-65.88395434551933,
Reducción_sn_kg_default,exceso_o2_combustion_pct,pd,14.723503583423527,-65.88395434551933,
Reducción_sn_kg_default,exceso_o2_combustion_pct,pd,16.729611736084898,-65.88395434551933,
Reducción_sn_kg_default,exceso_o2_combustion_pct,pd,18.735719888746267,-65.88395434551933,
Reducción_sn_kg_default,exceso_o2_combustion_pct,pd,20.741828041407636,-65.88395434551933,
Reducción_sn_kg_default,exceso_o2_combustion_pct,pd,22.747936194069013,-65.88395434551933,
Reducción_sn_kg_default,exceso_o2_combustion_pct,pd,24.75404434673038,-65.88395434551933,
Reducción_sn_kg_default,exceso_o2_combustion_pct,pd,26.76015249939175,-65.88395434551933,
Reducción_sn_kg_default,exceso_o2_combustion_pct,pd,28.76626065205312,-65.88395434551933,
Reducción_sn_kg_default,exceso_o2_combustion_pct,pd,30.772368804714493,-65.88395434551933,
Reducción_sn_kg_default,exceso_o2_combustion_pct,ale,-30.117091862243512,10.935238139202024,
Reducción_sn_kg_default,exceso_o2_combustion_pct,ale,-6.777501809967772,16.23826792866829,
Reducción_sn_kg_default,exceso_o2_combustion_pct,ale,-6.516601019286149,36.752316950998235,
Reducción_sn_kg_default,exceso_o2_combustion_pct,ale,-6.287535690289763,45.57386728239142,
Reducción_sn_kg_default,exceso_o2_combustion_pct,ale,-6.056534654845137,66.50607496859111,
Reducción_sn_kg_default,exceso_o2_combustion_pct,ale,-5.867601367090863,96.16531656318689,
Reducción_sn_kg_default,exceso_o2_combustion_pct,ale,-5.699984360216262,77.91161872914965,
Reducción_sn_kg_default,exceso_o2_combustion_pct,ale,-5.534287223752699,46.48457977449485,
Reducción_sn_kg_default,exceso_o2_combustion_pct,ale,-5.374681688227667,52.56260698928203,
Reducción_sn_kg_default,exceso_o2_combustion_pct,ale,-5.197827784979694,62.744217878268444,
Reducción_sn_kg_default,exceso_o2_combustion_pct,ale,-5.001924424158693,55.65716904500158,
Reducción_sn_kg_default,exceso_o2_combustion_pct,ale,-4.786203655627775,35.615072680439845,
Reducción_sn_kg_default,exceso_o2_combustion_pct,ale,-4.503964833556995,-60.42400609408834,
Reducción_sn_kg_default,exceso_o2_combustion_pct,ale,-4.029199105901051,-88.37991227027892,
Reducción_sn_kg_default,exceso_o2_combustion_pct,ale,-3.2818583455263166,-54.24754834319769,
Reducción_sn_kg_default,exceso_o2_combustion_pct,ale,-2.06839608550746,-69.44303728303451,
Reducción_sn_kg_default,exceso_o2_combustion_pct,ale,0.09706242959984446,-71.39026793663207,
Reducción_sn_kg_default,exceso_o2_combustion_pct,ale,4.1244072084836985,-73.33749859022964,
Reducción_sn_kg_default,exceso_o2_combustion_pct,ale,11.780620092397818,-85.84330113507056,
Reducción_sn_kg_default,exceso_o2_combustion_pct,ale,63.88404787815025,-98.34910367991148,
Reducción_sn_kg_default,exceso_o2_combustion_pct,shap_decil,-6.933295015354705,5.097750071116,0.8055555555555556
Reducción_sn_kg_default,exceso_o2_combustion_pct,shap_decil,-6.409387386364883,23.826747810516906,0.9065420560747663
Reducción_sn_kg_default,exceso_o2_combustion_pct,shap_decil,-5.947858090815141,35.686110796557344,0.9252336448598131
Reducción_sn_kg_default,exceso_o2_combustion_pct,shap_decil,-5.612454518557493,21.891007205554075,0.7592592592592593
Reducción_sn_kg_default,exceso_o2_combustion_pct,shap_decil,-5.293017683938036,26.453006767718225,0.8130841121495327
Reducción_sn_kg_default,exceso_o2_combustion_pct,shap_decil,-4.901420092662267,26.364652306668624,0.7289719626168224
Reducción_sn_kg_default,exceso_o2_combustion_pct,shap_decil,-4.336434247840108,-58.17906049149677,0.14814814814814814
Reducción_sn_kg_default,exceso_o2_combustion_pct,shap_decil,-2.838656992030571,-35.194833201265794,0.06542056074766354
Reducción_sn_kg_default,exceso_o2_combustion_pct,shap_decil,1.483305308977794,-46.4113047223752,0.0
Reducción_sn_kg_default,exceso_o2_combustion_pct,shap_decil,16.813073261441716,-54.224526572109,0.0
Reducción_sn_kg_default,temperatura_horno_celsius_prev,pd,933.220227061006,6.536251572069466,
Reducción_sn_kg_default,temperatura_horno_celsius_prev,pd,947.3203239523933,6.536251572069466,
Reducción_sn_kg_default,temperatura_horno_celsius_prev,pd,961.4204208437807,-4.70391133746597,
Reducción_sn_kg_default,temperatura_horno_celsius_prev,pd,975.520517735168,-2.5684306628938707,
Reducción_sn_kg_default,temperatura_horno_celsius_prev,pd,989.6206146265554,-14.967868385960054,
Reducción_sn_kg_default,temperatura_horno_celsius_prev,pd,1003.7207115179427,-10.81962052991299,
Reducción_sn_kg_default,temperatura_horno_celsius_prev,pd,1017.8208084093301,-10.613126927157513,
Reducción_sn_kg_default,temperatura_horno_celsius_prev,pd,1031.9209053007175,11.311806766171374,
Reducción_sn_kg_default,temperatura_horno_celsius_prev,pd,1046.0210021921048,10.909996161435851,
Reducción_sn_kg_default,temperatura_horno_celsius_prev,pd,1060.1210990834923,3.7052622508710975,
Reducción_sn_kg_default,temperatura_horno_celsius_prev,pd,1074.2211959748795,0.9407307785703962,
Reducción_sn_kg_default,temperatura_horno_celsius_prev,pd,1088.321292866267,9.294186832085003,
Reducción_sn_kg_default,temperatura_horno_celsius_prev,pd,1102.4213897576542,8.105753741351982,
Reducción_sn_kg_default,temperatura_horno_celsius_prev,pd,1116.5214866490417,-31.13753652101631,
Reducción_sn_kg_default,temperatura_horno_celsius_prev,pd,1130.621583540429,47.72774866754785,
Reducción_sn_kg_default,temperatura_horno_celsius_prev,pd,1144.7216804318164,47.917116017755525,
Reducción_sn_kg_default,temperatura_horno_celsius_prev,pd,1158.8217773232036,42.717757064526964,
Reducción_sn_kg_default,temperatura_horno_celsius_prev,pd,1172.921874214591,49.52990214749773,
Reducción_sn_kg_default,temperatura_horno_celsius_prev,pd,1187.0219711059783,53.26151093946849,
Reducción_sn_kg_default,temperatura_horno_celsius_prev,pd,1201.1220679973658,71.17725333003942,
Reducción_sn_kg_default,temperatura_horno_celsius_prev,ale,926.2433403576335,17.38843710237216,
Reducción_sn_kg_default,temperatura_horno_celsius_prev,ale,958.2757001224993,15.022709316827171,
Reducción_sn_kg_default,temperatura_horno_celsius_prev,ale,976.1279239578201,4.618673115552195,
Reducción_sn_kg_default,temperatura_horno_celsius_prev,ale,991.6238920289143,-11.564845512699414,
Reducción_sn_kg_default,temperatura_horno_celsius_prev,ale,1006.3234892384958,-9.817573406447814,
Reducción_sn_kg_default,temperatura_horno_celsius_prev,ale,1020.2149427755,3.260795547071428,
Reducción_sn_kg_default,temperatura_horno_celsius_prev,ale,1033.655456532434,10.753873429303285,
Reducción_sn_kg_default,temperatura_horno_celsius_prev,ale,1047.0096750680493,12.559226546623993,
Reducción_sn_kg_default,temperatura_horno_celsius_prev,ale,1057.7617376983944,8.307141713563077,
Reducción_sn_kg_default,temperatura_horno_celsius_prev,ale,1067.891758371437,4.812710101223086,
Reducción_sn_kg_default,temperatura_horno_celsius_prev,ale,1077.9411843164703,8.01597369407392,
Reducción_sn_kg_default,temperatura_horno_celsius_prev,ale,1086.7241100306178,8.997542233033275,
Reducción_sn_kg_default,temperatura_horno_celsius_prev,ale,1095.0014897643237,7.1289046408743,
Reducción_sn_kg_default,temperatura_horno_celsius_prev,ale,1105.3055280953668,-35.03712514245462,
Reducción_sn_kg_default,temperatura_horno_celsius_prev,ale,1115.3612893009476,-63.06235307098169,
Reducción_sn_kg_default,temperatura_horno_celsius_prev,ale,1124.6706900608192,-116.59896088691417,
Reducción_sn_kg_default,temperatura_horno_celsius_prev,ale,1135.4381362843897,-57.900955771212956,
Reducción_sn_kg_default,temperatura_horno_celsius_prev,ale,1147.3980285082234,60.11902330585898,
Reducción_sn_kg_default,temperatura_horno_celsius_prev,ale,1164.3345407856534,62.70218955856529,
Reducción_sn_kg_default,temperatura_horno_celsius_prev,ale,1226.0363342141127,70.70648057547399,
Reducción_sn_kg_default,temperatura_horno_celsius_prev,shap_decil,949.164859985852,0.6752031187282941,0.5277777777777778
Reducción_sn_kg_default,temperatura_horno_celsius_prev,shap_decil,984.9201477576472,-9.98462951137007,0.2523364485981308
Reducción_sn_kg_default,temperatura_horno_celsius_prev,shap_decil,1014.3116002034612,-10.672725254917198,0.12149532710280374
Reducción_sn_kg_default,temperatura_horno_celsius_prev,shap_decil,1041.1799436571323,8.23371758178059,0.75
Reducción_sn_kg_default,temperatura_horno_celsius_prev,shap_decil,1062.7095708096936,2.908661461623906,0.5514018691588785
Reducción_sn_kg_default,temperatura_horno_celsius_prev,shap_decil,1082.7440782483056,8.89315094339147,0.719626168224299
Reducción_sn_kg_default,temperatura_horno_celsius_prev,shap_decil,1099.36687583995,-5.977856914960444,0.48148148148148145
Reducción_sn_kg_default,temperatura_horno_celsius_prev,shap_decil,1119.5761787051806,-68.95604128387964,0.0
Reducción_sn_kg_default,temperatura_horno_celsius_prev,shap_decil,1141.0012693242243,36.102937967114364,0.822429906542056
Reducción_sn_kg_default,temperatura_horno_celsius_prev,shap_decil,1174.9587182409432,36.20811927833676,0.8518518518518519
Reducción_sn_kg_libre,sn_inventario_escoria_est_kg_prev,pd,0.0006739063704046085,-2386.520249354254,
Reducción_sn_kg_libre,sn_inventario_escoria_est_kg_prev,pd,737.4533818109948,-2312.9178708377485,
Reducción_sn_kg_libre,sn_inventario_escoria_est_kg_prev,pd,1474.9060897156191,-2047.1718289562305,
Reducción_sn_kg_libre,sn_inventario_escoria_est_kg_prev,pd,2212.358797620244,-1627.196857588274,
Reducción_sn_kg_libre,sn_inventario_escoria_est_kg_prev,pd,2949.811505524868,-1187.691256885291,
Reducción_sn_kg_libre,sn_inventario_escoria_est_kg_prev,pd,3687.2642134294924,173.16430409073593,
Reducción_sn_kg_libre,sn_inventario_escoria_est_kg_prev,pd,4424.716921334117,538.5016131786076,
Reducción_sn_kg_libre,sn_inventario_escoria_est_kg_prev,pd,5162.1696292387405,1428.2696934093774,
Reducción_sn_kg_libre,sn_inventario_escoria_est_kg_prev,pd,5899.622337143365,1550.4014817693942,
Reducción_sn_kg_libre,sn_inventario_escoria_est_kg_prev,pd,6637.07504504799,3624.8713688903485,
Reducción_sn_kg_libre,sn_inventario_escoria_est_kg_prev,pd,7374.527752952614,4277.186275922758,
Reducción_sn_kg_libre,sn_inventario_escoria_est_kg_prev,pd,8111.9804608572385,4314.012535389036,
Reducción_sn_kg_libre,sn_inventario_escoria_est_kg_prev,pd,8849.433168761863,4573.35813664927,
Reducción_sn_kg_libre,sn_inventario_escoria_est_kg_prev,pd,9586.885876666487,5476.917761253396,
Reducción_sn_kg_libre,sn_inventario_escoria_est_kg_prev,pd,10324.338584571111,5618.250752015208,
Reducción_sn_kg_libre,sn_inventario_escoria_est_kg_prev,pd,11061.791292475737,6827.923643531832,
Reducción_sn_kg_libre,sn_inventario_escoria_est_kg_prev,pd,11799.24400038036,6877.352057442122,
Reducción_sn_kg_libre,sn_inventario_escoria_est_kg_prev,pd,12536.696708284984,7410.639402800666,
Reducción_sn_kg_libre,sn_inventario_escoria_est_kg_prev,pd,13274.14941618961,7913.07887370125,
Reducción_sn_kg_libre,sn_inventario_escoria_est_kg_prev,pd,14011.602124094234,7912.31519608652,
Reducción_sn_kg_libre,sn_inventario_escoria_est_kg_prev,ale,271.4189826634772,-1981.5234401151395,
Reducción_sn_kg_libre,sn_inventario_escoria_est_kg_prev,ale,660.0458825402346,-1942.170158789552,
Reducción_sn_kg_libre,sn_inventario_escoria_est_kg_prev,ale,834.666027693548,-1903.0240885187195,
Reducción_sn_kg_libre,sn_inventario_escoria_est_kg_prev,ale,931.1539844742767,-1853.630329961392,
Reducción_sn_kg_libre,sn_inventario_escoria_est_kg_prev,ale,1008.8348339492607,-1828.389438651683,
Reducción_sn_kg_libre,sn_inventario_escoria_est_kg_prev,ale,1085.8906249712404,-1821.299695967675,
Reducción_sn_kg_libre,sn_inventario_escoria_est_kg_prev,ale,1162.845246303522,-1815.2975260419516,
Reducción_sn_kg_libre,sn_inventario_escoria_est_kg_prev,ale,1240.0685563654076,-1795.0603264786519,
Reducción_sn_kg_libre,sn_inventario_escoria_est_kg_prev,ale,1331.1807925338,-1731.4794882359279,
Reducción_sn_kg_libre,sn_inventario_escoria_est_kg_prev,ale,1441.029178739805,-1673.5195552335865,
Reducción_sn_kg_libre,sn_inventario_escoria_est_kg_prev,ale,1566.4345236092267,-1648.129886063536,
Reducción_sn_kg_libre,sn_inventario_escoria_est_kg_prev,ale,1734.9572893747302,-1569.9076095996015,
Reducción_sn_kg_libre,sn_inventario_escoria_est_kg_prev,ale,2036.0539383196192,-1392.8396807415527,
Reducción_sn_kg_libre,sn_inventario_escoria_est_kg_prev,ale,2693.519918144541,-980.8445254180685,
Reducción_sn_kg_libre,sn_inventario_escoria_est_kg_prev,ale,4411.800298279847,357.2485683138791,
Reducción_sn_kg_libre,sn_inventario_escoria_est_kg_prev,ale,6882.225750356042,2318.9739051058996,
Reducción_sn_kg_libre,sn_inventario_escoria_est_kg_prev,ale,8862.743199840243,3866.145509863736,
Reducción_sn_kg_libre,sn_inventario_escoria_est_kg_prev,ale,10248.65100433243,5044.36013693289,
Reducción_sn_kg_libre,sn_inventario_escoria_est_kg_prev,ale,11664.216300253762,5873.630981645296,
Reducción_sn_kg_libre,sn_inventario_escoria_est_kg_prev,ale,14846.271022793091,6446.680681713204,
Reducción_sn_kg_libre,sn_inventario_escoria_est_kg_prev,shap_decil,542.0894856495888,-2245.868834997874,0.0
Reducción_sn_kg_libre,sn_inventario_escoria_est_kg_prev,shap_decil,892.1353519420927,-2121.929591123923,0.0
Reducción_sn_kg_libre,sn_inventario_escoria_est_kg_prev,shap_decil,1047.3299254831054,-2071.452481136194,0.0
Reducción_sn_kg_libre,sn_inventario_escoria_est_kg_prev,shap_decil,1201.132131495006,-2054.982336914513,0.0
Reducción_sn_kg_libre,sn_inventario_escoria_est_kg_prev,shap_decil,1384.3573919927665,-1949.8932483121584,0.0
Reducción_sn_kg_libre,sn_inventario_escoria_est_kg_prev,shap_decil,1634.2375921508617,-1844.6331390730375,0.0
Reducción_sn_kg_libre,sn_inventario_escoria_est_kg_prev,shap_decil,2237.084257276969,-1443.1350253757917,0.0
Reducción_sn_kg_libre,sn_inventario_escoria_est_kg_prev,shap_decil,5678.730622570424,1858.952247042388,0.8598130841121495
Reducción_sn_kg_libre,sn_inventario_escoria_est_kg_prev,shap_decil,9632.148004200597,5265.949806615157,1.0
Reducción_sn_kg_libre,sn_inventario_escoria_est_kg_prev,shap_decil,12472.374642705183,7398.337293606677,1.0
Reducción_sn_kg_libre,masa_escoria_est_kg_prev,pd,0.03869689178321037,-70.17108196686775,
Reducción_sn_kg_libre,masa_escoria_est_kg_prev,pd,3934.3260752890064,-70.17108196686775,
Reducción_sn_kg_libre,masa_escoria_est_kg_prev,pd,7868.613453686229,-70.17108196686775,
Reducción_sn_kg_libre,masa_escoria_est_kg_prev,pd,11802.900832083453,-70.17108196686775,
Reducción_sn_kg_libre,masa_escoria_est_kg_prev,pd,15737.188210480675,-70.17108196686775,
Reducción_sn_kg_libre,masa_escoria_est_kg_prev,pd,19671.4755888779,-70.17108196686775,
Reducción_sn_kg_libre,masa_escoria_est_kg_prev,pd,23605.762967275125,-70.17108196686775,
Reducción_sn_kg_libre,masa_escoria_est_kg_prev,pd,27540.050345672345,-70.17108196686775,
Reducción_sn_kg_libre,masa_escoria_est_kg_prev,pd,31474.33772406957,-70.17108196686775,
Reducción_sn_kg_libre,masa_escoria_est_kg_prev,pd,35408.62510246679,-70.17108196686775,
Reducción_sn_kg_libre,masa_escoria_est_kg_prev,pd,39342.91248086401,-70.17108196686775,
Reducción_sn_kg_libre,masa_escoria_est_kg_prev,pd,43277.199859261236,-70.17108196686775,
Reducción_sn_kg_libre,masa_escoria_est_kg_prev,pd,47211.48723765846,-81.04387760144567,
Reducción_sn_kg_libre,masa_escoria_est_kg_prev,pd,51145.774616055685,-81.04387760144567,
Reducción_sn_kg_libre,masa_escoria_est_kg_prev,pd,55080.0619944529,-53.183735878900876,
Reducción_sn_kg_libre,masa_escoria_est_kg_prev,pd,59014.34937285013,-48.40090796245087,
Reducción_sn_kg_libre,masa_escoria_est_kg_prev,pd,62948.63675124735,-43.1843414674746,
Reducción_sn_kg_libre,masa_escoria_est_kg_prev,pd,66882.92412964458,-21.656692377605193,
Reducción_sn_kg_libre,masa_escoria_est_kg_prev,pd,70817.2115080418,107.70023405489685,
Reducción_sn_kg_libre,masa_escoria_est_kg_prev,pd,74751.49888643903,106.00982556453144,
Reducción_sn_kg_libre,masa_escoria_est_kg_prev,ale,21567.01652252021,-62.5490963342534,
Reducción_sn_kg_libre,masa_escoria_est_kg_prev,ale,46197.35773954257,-67.98981983012759,
Reducción_sn_kg_libre,masa_escoria_est_kg_prev,ale,50381.87520504929,-70.96006444696324,
Reducción_sn_kg_libre,masa_escoria_est_kg_prev,ale,52014.4591803189,-68.48958556792472,
Reducción_sn_kg_libre,masa_escoria_est_kg_prev,ale,53004.46813860003,-68.48958556792472,
Reducción_sn_kg_libre,masa_escoria_est_kg_prev,ale,53852.57075048881,-50.393188585174144,
Reducción_sn_kg_libre,masa_escoria_est_kg_prev,ale,54501.362064925714,-32.20888985706681,
Reducción_sn_kg_libre,masa_escoria_est_kg_prev,ale,55045.36695123043,-33.29428613591389,
Reducción_sn_kg_libre,masa_escoria_est_kg_prev,ale,55609.58664590223,-33.614786851032456,
Reducción_sn_kg_libre,masa_escoria_est_kg_prev,ale,56250.345360399675,-34.45583560141142,
Reducción_sn_kg_libre,masa_escoria_est_kg_prev,ale,56996.92324116107,-36.149681660875686,
Reducción_sn_kg_libre,masa_escoria_est_kg_prev,ale,57844.34645837621,-32.16051690201949,
Reducción_sn_kg_libre,masa_escoria_est_kg_prev,ale,58809.896870505385,-29.71868047681305,
Reducción_sn_kg_libre,masa_escoria_est_kg_prev,ale,59824.557707992455,-28.125400364737033,
Reducción_sn_kg_libre,masa_escoria_est_kg_prev,ale,60926.14009787995,-21.628348792164857,
Reducción_sn_kg_libre,masa_escoria_est_kg_prev,ale,62356.9983141075,-23.218638651355924,
Reducción_sn_kg_libre,masa_escoria_est_kg_prev,ale,64149.177575714086,14.721232417975152,
Reducción_sn_kg_libre,masa_escoria_est_kg_prev,ale,66448.67677920379,106.0534109427825,
Reducción_sn_kg_libre,masa_escoria_est_kg_prev,ale,69839.12535827169,247.90886036767412,
Reducción_sn_kg_libre,masa_escoria_est_kg_prev,ale,118221.35056386361,322.8609853300197,
Reducción_sn_kg_libre,masa_escoria_est_kg_prev,shap_decil,43067.452294256,-49.327507259292354,0.0
Reducción_sn_kg_libre,masa_escoria_est_kg_prev,shap_decil,51503.74897754705,-50.15504207987444,0.0
Reducción_sn_kg_libre,masa_escoria_est_kg_prev,shap_decil,53473.695559070766,-32.78667276559743,0.0
Reducción_sn_kg_libre,masa_escoria_est_kg_prev,shap_decil,54780.65629415968,-17.731290955087243,0.0
Reducción_sn_kg_libre,masa_escoria_est_kg_prev,shap_decil,55909.58865901971,-19.728387205481162,0.0
Reducción_sn_kg_libre,masa_escoria_est_kg_prev,shap_decil,57396.26975889912,-24.47079935192147,0.018691588785046728
Reducción_sn_kg_libre,masa_escoria_est_kg_prev,shap_decil,59334.47538680618,-33.60147624009864,0.037037037037037035
Reducción_sn_kg_libre,masa_escoria_est_kg_prev,shap_decil,61536.814813346384,-49.18209411570497,0.037383177570093455
Reducción_sn_kg_libre,masa_escoria_est_kg_prev,shap_decil,65120.3326929672,-41.8589787509593,0.2616822429906542
Reducción_sn_kg_libre,masa_escoria_est_kg_prev,shap_decil,71913.52623412242,154.45336049902744,0.8981481481481481
Reducción_sn_kg_libre,ley_sn_escoria_pct_prev,pd,1.1557152000000002,-138.37209640365748,
Reducción_sn_kg_libre,ley_sn_escoria_pct_prev,pd,2.1829697263157897,-126.47062728934476,
Reducción_sn_kg_libre,ley_sn_escoria_pct_prev,pd,3.210224252631579,-111.72493739587519,
Reducción_sn_kg_libre,ley_sn_escoria_pct_prev,pd,4.237478778947369,-103.85489335562036,
Reducción_sn_kg_libre,ley_sn_escoria_pct_prev,pd,5.264733305263158,-98.42605720883262,
Reducción_sn_kg_libre,ley_sn_escoria_pct_prev,pd,6.291987831578948,-98.13243202455112,
Reducción_sn_kg_libre,ley_sn_escoria_pct_prev,pd,7.319242357894738,-95.93615113205814,
Reducción_sn_kg_libre,ley_sn_escoria_pct_prev,pd,8.346496884210527,-77.82186557814113,
Reducción_sn_kg_libre,ley_sn_escoria_pct_prev,pd,9.373751410526316,-70.04751710823994,
Reducción_sn_kg_libre,ley_sn_escoria_pct_prev,pd,10.401005936842106,-0.05137976034226698,
Reducción_sn_kg_libre,ley_sn_escoria_pct_prev,pd,11.428260463157894,-2.064531989501464,
Reducción_sn_kg_libre,ley_sn_escoria_pct_prev,pd,12.455514989473684,-2.064531989501464,
Reducción_sn_kg_libre,ley_sn_escoria_pct_prev,pd,13.482769515789474,44.644730238720946,
Reducción_sn_kg_libre,ley_sn_escoria_pct_prev,pd,14.510024042105263,46.62634688519626,
Reducción_sn_kg_libre,ley_sn_escoria_pct_prev,pd,15.537278568421053,77.31724768983891,
Reducción_sn_kg_libre,ley_sn_escoria_pct_prev,pd,16.56453309473684,-124.67707410078786,
Reducción_sn_kg_libre,ley_sn_escoria_pct_prev,pd,17.59178762105263,314.10062121851973,
Reducción_sn_kg_libre,ley_sn_escoria_pct_prev,pd,18.619042147368422,281.6460267666312,
Reducción_sn_kg_libre,ley_sn_escoria_pct_prev,pd,19.646296673684212,318.0791551636701,
Reducción_sn_kg_libre,ley_sn_escoria_pct_prev,pd,20.6735512,436.40454210750863,
Reducción_sn_kg_libre,ley_sn_escoria_pct_prev,ale,0.9458475,-313.2708026466126,
Reducción_sn_kg_libre,ley_sn_escoria_pct_prev,ale,1.4771325,-313.2708026466126,
Reducción_sn_kg_libre,ley_sn_escoria_pct_prev,ale,1.651475,-308.0708832430986,
Reducción_sn_kg_libre,ley_sn_escoria_pct_prev,ale,1.78802,-302.87096383958465,
Reducción_sn_kg_libre,ley_sn_escoria_pct_prev,ale,1.9235175,-302.87096383958465,
Reducción_sn_kg_libre,ley_sn_escoria_pct_prev,ale,2.0684775,-302.87096383958465,
Reducción_sn_kg_libre,ley_sn_escoria_pct_prev,ale,2.1910325,-292.81221474821245,
Reducción_sn_kg_libre,ley_sn_escoria_pct_prev,ale,2.3171524999999997,-282.75346565684026,
Reducción_sn_kg_libre,ley_sn_escoria_pct_prev,ale,2.4722524999999997,-282.75346565684026,
Reducción_sn_kg_libre,ley_sn_escoria_pct_prev,ale,2.6478425000000003,-283.540259234912,
Reducción_sn_kg_libre,ley_sn_escoria_pct_prev,ale,2.8999725,-283.883123463857,
Reducción_sn_kg_libre,ley_sn_escoria_pct_prev,ale,3.2706225000000004,-285.6370238462995,
Reducción_sn_kg_libre,ley_sn_escoria_pct_prev,ale,3.8882175000000005,-278.37859889585496,
Reducción_sn_kg_libre,ley_sn_escoria_pct_prev,ale,5.3812075,-179.55149646093295,
Reducción_sn_kg_libre,ley_sn_escoria_pct_prev,ale,8.3439025,152.6304837331591,
Reducción_sn_kg_libre,ley_sn_escoria_pct_prev,ale,11.740112500000002,496.39867507031437,
Reducción_sn_kg_libre,ley_sn_escoria_pct_prev,ale,14.194760000000006,648.9526297170737,
Reducción_sn_kg_libre,ley_sn_escoria_pct_prev,ale,15.943365000000002,510.1313390407891,
Reducción_sn_kg_libre,ley_sn_escoria_pct_prev,ale,17.782542499999998,800.3456955392658,
Reducción_sn_kg_libre,ley_sn_escoria_pct_prev,ale,21.629737499999997,1394.5100842920788,
Reducción_sn_kg_libre,ley_sn_escoria_pct_prev,shap_decil,1.3832499999999999,-83.8623603502655,0.0
Reducción_sn_kg_libre,ley_sn_escoria_pct_prev,shap_decil,1.7321,-76.87928529348723,0.0
Reducción_sn_kg_libre,ley_sn_escoria_pct_prev,shap_decil,2.0025,-75.92811349177558,0.0
Reducción_sn_kg_libre,ley_sn_escoria_pct_prev,shap_decil,2.24805,-66.19190555557176,0.0
Reducción_sn_kg_libre,ley_sn_escoria_pct_prev,shap_decil,2.5583,-61.40058390845891,0.0
Reducción_sn_kg_libre,ley_sn_escoria_pct_prev,shap_decil,3.0625,-61.73707143884165,0.0
Reducción_sn_kg_libre,ley_sn_escoria_pct_prev,shap_decil,4.29815,-66.66161801082946,0.09259259259259259
Reducción_sn_kg_libre,ley_sn_escoria_pct_prev,shap_decil,10.2328,-87.67478392085127,0.2336448598130841
Reducción_sn_kg_libre,ley_sn_escoria_pct_prev,shap_decil,15.1296,-46.365426598443925,0.35514018691588783
Reducción_sn_kg_libre,ley_sn_escoria_pct_prev,shap_decil,18.82045,275.44129307910094,0.8796296296296297
Reducción_sn_kg_libre,ley_feo_escoria_pct_prev,pd,15.868903749191512,-58.47848009495135,
Reducción_sn_kg_libre,ley_feo_escoria_pct_prev,pd,16.18226263685709,-58.47848009495135,
Reducción_sn_kg_libre,ley_feo_escoria_pct_prev,pd,16.49562152452267,90.14495756972103,
Reducción_sn_kg_libre,ley_feo_escoria_pct_prev,pd,16.808980412188244,-96.42931428265008,
Reducción_sn_kg_libre,ley_feo_escoria_pct_prev,pd,17.122339299853824,46.414866143185385,
Reducción_sn_kg_libre,ley_feo_escoria_pct_prev,pd,17.435698187519403,15.05529138905042,
Reducción_sn_kg_libre,ley_feo_escoria_pct_prev,pd,17.74905707518498,-117.08305596379601,
Reducción_sn_kg_libre,ley_feo_escoria_pct_prev,pd,18.062415962850558,-39.1781742975913,
Reducción_sn_kg_libre,ley_feo_escoria_pct_prev,pd,18.375774850516134,-18.588402990037395,
Reducción_sn_kg_libre,ley_feo_escoria_pct_prev,pd,18.689133738181713,-16.701143187915555,
Reducción_sn_kg_libre,ley_feo_escoria_pct_prev,pd,19.002492625847292,-16.473217299198787,
Reducción_sn_kg_libre,ley_feo_escoria_pct_prev,pd,19.315851513512868,-4.735221676349922,
Reducción_sn_kg_libre,ley_feo_escoria_pct_prev,pd,19.629210401178447,-2.8015160401953634,
Reducción_sn_kg_libre,ley_feo_escoria_pct_prev,pd,19.942569288844027,0.3016334196577203,
Reducción_sn_kg_libre,ley_feo_escoria_pct_prev,pd,20.255928176509602,-1.1670404775014374,
Reducción_sn_kg_libre,ley_feo_escoria_pct_prev,pd,20.56928706417518,0.515322751442763,
Reducción_sn_kg_libre,ley_feo_escoria_pct_prev,pd,20.882645951840757,5.8936051509665415,
Reducción_sn_kg_libre,ley_feo_escoria_pct_prev,pd,21.196004839506337,5.8936051509665415,
Reducción_sn_kg_libre,ley_feo_escoria_pct_prev,pd,21.509363727171916,38.151500195769145,
Reducción_sn_kg_libre,ley_feo_escoria_pct_prev,pd,21.82272261483749,-9.691355225377158,
Reducción_sn_kg_libre,ley_feo_escoria_pct_prev,ale,14.254891013161426,88.00631775549436,
Reducción_sn_kg_libre,ley_feo_escoria_pct_prev,ale,16.5521429551437,28.970100959930555,
Reducción_sn_kg_libre,ley_feo_escoria_pct_prev,ale,16.960973202256245,0.5976244897329437,
Reducción_sn_kg_libre,ley_feo_escoria_pct_prev,ale,17.266057728713402,67.42283024019449,
Reducción_sn_kg_libre,ley_feo_escoria_pct_prev,ale,17.494206973408538,35.55042749278158,
Reducción_sn_kg_libre,ley_feo_escoria_pct_prev,ale,17.739514770346496,-14.560985752197553,
Reducción_sn_kg_libre,ley_feo_escoria_pct_prev,ale,17.955082148804728,-47.217758890464346,
Reducción_sn_kg_libre,ley_feo_escoria_pct_prev,ale,18.15147761912436,-37.096826125370136,
Reducción_sn_kg_libre,ley_feo_escoria_pct_prev,ale,18.340678397528873,-22.48983080043147,
Reducción_sn_kg_libre,ley_feo_escoria_pct_prev,ale,18.505915094816004,-18.817752917525958,
Reducción_sn_kg_libre,ley_feo_escoria_pct_prev,ale,18.68429971367177,-14.884192727470854,
Reducción_sn_kg_libre,ley_feo_escoria_pct_prev,ale,18.871406730593606,-21.636747843439593,
Reducción_sn_kg_libre,ley_feo_escoria_pct_prev,ale,19.03510607305936,-30.658180107189118,
Reducción_sn_kg_libre,ley_feo_escoria_pct_prev,ale,19.20586824227773,-22.25468119355137,
Reducción_sn_kg_libre,ley_feo_escoria_pct_prev,ale,19.418721128122485,-7.779617654605296,
Reducción_sn_kg_libre,ley_feo_escoria_pct_prev,ale,19.65490128283642,-0.05330418513289459,
Reducción_sn_kg_libre,ley_feo_escoria_pct_prev,ale,19.93282801826484,1.3439933770873225,
Reducción_sn_kg_libre,ley_feo_escoria_pct_prev,ale,20.285583409078697,3.5212916138146184,
Reducción_sn_kg_libre,ley_feo_escoria_pct_prev,ale,20.713842862207894,8.79770388676527,
Reducción_sn_kg_libre,ley_feo_escoria_pct_prev,ale,26.15484390008058,2.0849908640379056,
Reducción_sn_kg_libre,ley_feo_escoria_pct_prev,shap_decil,16.3432395917271,10.365209161706298,0.5185185185185185
Reducción_sn_kg_libre,ley_feo_escoria_pct_prev,shap_decil,17.163440902497985,11.971007082192871,0.6915887850467289
Reducción_sn_kg_libre,ley_feo_escoria_pct_prev,shap_decil,17.619630040290087,-18.8198262100256,0.32710280373831774
Reducción_sn_kg_libre,ley_feo_escoria_pct_prev,shap_decil,18.050732634971794,-35.77355791193217,0.08333333333333333
Reducción_sn_kg_libre,ley_feo_escoria_pct_prev,shap_decil,18.429861058286328,-15.67307062137322,0.1588785046728972
Reducción_sn_kg_libre,ley_feo_escoria_pct_prev,shap_decil,18.7845461831856,-17.8660207364757,0.09345794392523364
Reducción_sn_kg_libre,ley_feo_escoria_pct_prev,shap_decil,19.11343719580983,-23.763392442309534,0.05555555555555555
Reducción_sn_kg_libre,ley_feo_escoria_pct_prev,shap_decil,19.541001944668277,10.025548765759268,0.7850467289719626
Reducción_sn_kg_libre,ley_feo_escoria_pct_prev,shap_decil,20.094063733548214,8.079183021598386,0.8130841121495327
Reducción_sn_kg_libre,ley_feo_escoria_pct_prev,shap_decil,20.952666752618853,20.83105115827505,0.8148148148148148
Reducción_sn_kg_libre,tasa_feed_Carbon_kg_min,pd,4.221876341462185,-33.344899830435295,
Reducción_sn_kg_libre,tasa_feed_Carbon_kg_min,pd,7.477359390254868,33.70348089822684,
Reducción_sn_kg_libre,tasa_feed_Carbon_kg_min,pd,10.732842439047552,40.5337611987629,
Reducción_sn_kg_libre,tasa_feed_Carbon_kg_min,pd,13.988325487840237,40.5337611987629,
Reducción_sn_kg_libre,tasa_feed_Carbon_kg_min,pd,17.24380853663292,36.36087913002247,
Reducción_sn_kg_libre,tasa_feed_Carbon_kg_min,pd,20.499291585425606,34.88619668623413,
Reducción_sn_kg_libre,tasa_feed_Carbon_kg_min,pd,23.75477463421829,33.06980032065623,
Reducción_sn_kg_libre,tasa_feed_Carbon_kg_min,pd,27.010257683010973,33.06980032065623,
Reducción_sn_kg_libre,tasa_feed_Carbon_kg_min,pd,30.265740731803657,23.7830855851462,
Reducción_sn_kg_libre,tasa_feed_Carbon_kg_min,pd,33.521223780596344,14.685187915112374,
Reducción_sn_kg_libre,tasa_feed_Carbon_kg_min,pd,36.77670682938903,18.98410961024624,
Reducción_sn_kg_libre,tasa_feed_Carbon_kg_min,pd,40.03218987818171,30.706827487929633,
Reducción_sn_kg_libre,tasa_feed_Carbon_kg_min,pd,43.287672926974395,11.226386634332973,
Reducción_sn_kg_libre,tasa_feed_Carbon_kg_min,pd,46.54315597576708,13.706576502883033,
Reducción_sn_kg_libre,tasa_feed_Carbon_kg_min,pd,49.79863902455976,121.69219415368475,
Reducción_sn_kg_libre,tasa_feed_Carbon_kg_min,pd,53.054122073352445,121.69219415368475,
Reducción_sn_kg_libre,tasa_feed_Carbon_kg_min,pd,56.30960512214513,118.24917799746082,
Reducción_sn_kg_libre,tasa_feed_Carbon_kg_min,pd,59.56508817093781,53.57241139466382,
Reducción_sn_kg_libre,tasa_feed_Carbon_kg_min,pd,62.820571219730496,157.9000983184103,
Reducción_sn_kg_libre,tasa_feed_Carbon_kg_min,pd,66.07605426852318,36.67092426511948,
Reducción_sn_kg_libre,tasa_feed_Carbon_kg_min,ale,3.241302187343008,18.141917602989,
Reducción_sn_kg_libre,tasa_feed_Carbon_kg_min,ale,5.171640901323702,51.839709828377096,
Reducción_sn_kg_libre,tasa_feed_Carbon_kg_min,ale,5.9811600766508874,51.664608014218686,
Reducción_sn_kg_libre,tasa_feed_Carbon_kg_min,ale,7.336383368999927,45.88627415019285,
Reducción_sn_kg_libre,tasa_feed_Carbon_kg_min,ale,8.834827533298068,46.21107143441516,
Reducción_sn_kg_libre,tasa_feed_Carbon_kg_min,ale,10.196336755903939,53.6120466024024,
Reducción_sn_kg_libre,tasa_feed_Carbon_kg_min,ale,12.059895015292696,54.05519018342282,
Reducción_sn_kg_libre,tasa_feed_Carbon_kg_min,ale,14.422441564287457,54.05519018342282,
Reducción_sn_kg_libre,tasa_feed_Carbon_kg_min,ale,17.390411455203328,47.309059041682914,
Reducción_sn_kg_libre,tasa_feed_Carbon_kg_min,ale,22.646360503256105,39.131686296276044,
Reducción_sn_kg_libre,tasa_feed_Carbon_kg_min,ale,26.793899723933293,37.70044469260908,
Reducción_sn_kg_libre,tasa_feed_Carbon_kg_min,ale,28.494928017640728,27.74054141913923,
Reducción_sn_kg_libre,tasa_feed_Carbon_kg_min,ale,31.5104106042324,8.312802833922209,
Reducción_sn_kg_libre,tasa_feed_Carbon_kg_min,ale,36.57257819738144,1.7578883283677875,
Reducción_sn_kg_libre,tasa_feed_Carbon_kg_min,ale,47.173482063111,53.566615011165226,
Reducción_sn_kg_libre,tasa_feed_Carbon_kg_min,ale,57.080508414777796,44.08027436332816,
Reducción_sn_kg_libre,tasa_feed_Carbon_kg_min,ale,60.73800511403865,49.50129091117236,
Reducción_sn_kg_libre,tasa_feed_Carbon_kg_min,ale,62.817673297996706,-43.931655236636686,
Reducción_sn_kg_libre,tasa_feed_Carbon_kg_min,ale,64.39190442197224,-297.2738697573656,
Reducción_sn_kg_libre,tasa_feed_Carbon_kg_min,ale,65.9271858873887,-339.84328562806496,
Reducción_sn_kg_libre,tasa_feed_Carbon_kg_min,shap_decil,4.898829535282019,1.1301172178670011,0.6851851851851852
Reducción_sn_kg_libre,tasa_feed_Carbon_kg_min,shap_decil,6.519492316968512,16.377996453246713,0.9626168224299065
Reducción_sn_kg_libre,tasa_feed_Carbon_kg_min,shap_decil,9.514349316793773,21.818731297119136,0.9906542056074766
Reducción_sn_kg_libre,tasa_feed_Carbon_kg_min,shap_decil,13.242276836576913,23.934996241083695,1.0
Reducción_sn_kg_libre,tasa_feed_Carbon_kg_min,shap_decil,19.181326059194713,19.61320366874207,0.9719626168224299
Reducción_sn_kg_libre,tasa_feed_Carbon_kg_min,shap_decil,27.471941825671074,13.96671504354303,0.8691588785046729
Reducción_sn_kg_libre,tasa_feed_Carbon_kg_min,shap_decil,33.50528059739334,-2.0798378011838916,0.49074074074074076
Reducción_sn_kg_libre,tasa_feed_Carbon_kg_min,shap_decil,54.74468849756531,83.15100132636516,0.8598130841121495
Reducción_sn_kg_libre,tasa_feed_Carbon_kg_min,shap_decil,62.02051962575604,101.50387157121719,0.8785046728971962
Reducción_sn_kg_libre,tasa_feed_Carbon_kg_min,shap_decil,65.17157084147135,-106.30101239525045,0.24074074074074073
Reducción_sn_kg_libre,interaccion_C_x_Sn_prev,pd,6.47695435732097,-194.43984698993916,
Reducción_sn_kg_libre,interaccion_C_x_Sn_prev,pd,73.41726971381084,-192.89403284120755,
Reducción_sn_kg_libre,interaccion_C_x_Sn_prev,pd,140.35758507030073,-161.00176891706457,
Reducción_sn_kg_libre,interaccion_C_x_Sn_prev,pd,207.29790042679062,-119.8902631987516,
Reducción_sn_kg_libre,interaccion_C_x_Sn_prev,pd,274.23821578328045,-98.24745301437716,
Reducción_sn_kg_libre,interaccion_C_x_Sn_prev,pd,341.1785311397703,-128.5629468914911,
Reducción_sn_kg_libre,interaccion_C_x_Sn_prev,pd,408.11884649626023,-123.57755452214167,
Reducción_sn_kg_libre,interaccion_C_x_Sn_prev,pd,475.0591618527501,-123.23732964996984,
Reducción_sn_kg_libre,interaccion_C_x_Sn_prev,pd,541.99947720924,-123.23732964996984,
Reducción_sn_kg_libre,interaccion_C_x_Sn_prev,pd,608.9397925657299,173.98984707601022,
Reducción_sn_kg_libre,interaccion_C_x_Sn_prev,pd,675.8801079222197,149.2648098281453,
Reducción_sn_kg_libre,interaccion_C_x_Sn_prev,pd,742.8204232787097,141.59549972433462,
Reducción_sn_kg_libre,interaccion_C_x_Sn_prev,pd,809.7607386351996,178.4040315966164,
Reducción_sn_kg_libre,interaccion_C_x_Sn_prev,pd,876.7010539916894,309.33963641912095,
Reducción_sn_kg_libre,interaccion_C_x_Sn_prev,pd,943.6413693481793,430.1245947043923,
Reducción_sn_kg_libre,interaccion_C_x_Sn_prev,pd,1010.5816847046691,541.7679587548638,
Reducción_sn_kg_libre,interaccion_C_x_Sn_prev,pd,1077.522000061159,558.7752363854315,
Reducción_sn_kg_libre,interaccion_C_x_Sn_prev,pd,1144.4623154176488,414.4790475885917,
Reducción_sn_kg_libre,interaccion_C_x_Sn_prev,pd,1211.4026307741387,691.7558060932845,
Reducción_sn_kg_libre,interaccion_C_x_Sn_prev,pd,1278.3429461306287,586.2462509866692,
Reducción_sn_kg_libre,interaccion_C_x_Sn_prev,ale,5.163692875539436,-221.1739696419255,
Reducción_sn_kg_libre,interaccion_C_x_Sn_prev,ale,8.811127894802,-237.05218235043938,
Reducción_sn_kg_libre,interaccion_C_x_Sn_prev,ale,10.673995250405966,-248.196509380167,
Reducción_sn_kg_libre,interaccion_C_x_Sn_prev,ale,13.063828619461479,-243.90216013288435,
Reducción_sn_kg_libre,interaccion_C_x_Sn_prev,ale,16.795748930110573,-229.8321638962828,
Reducción_sn_kg_libre,interaccion_C_x_Sn_prev,ale,21.178142467540987,-220.65317406357417,
Reducción_sn_kg_libre,interaccion_C_x_Sn_prev,ale,25.578747279249285,-218.1919410792592,
Reducción_sn_kg_libre,interaccion_C_x_Sn_prev,ale,31.220860081627137,-215.73070809494425,
Reducción_sn_kg_libre,interaccion_C_x_Sn_prev,ale,41.78672540061834,-227.82532920365725,
Reducción_sn_kg_libre,interaccion_C_x_Sn_prev,ale,60.490077589272616,-239.91995031237025,
Reducción_sn_kg_libre,interaccion_C_x_Sn_prev,ale,78.41016031760216,-226.40000201602942,
Reducción_sn_kg_libre,interaccion_C_x_Sn_prev,ale,93.362506351776,-212.8800537196886,
Reducción_sn_kg_libre,interaccion_C_x_Sn_prev,ale,117.75483324774606,-197.8452873195325,
Reducción_sn_kg_libre,interaccion_C_x_Sn_prev,ale,177.19002484631,-143.00373824689402,
Reducción_sn_kg_libre,interaccion_C_x_Sn_prev,ale,408.37381908630056,2.5430780038194882,
Reducción_sn_kg_libre,interaccion_C_x_Sn_prev,ale,678.6940311584325,78.71121646697421,
Reducción_sn_kg_libre,interaccion_C_x_Sn_prev,ale,834.1060361510096,360.47465299855185,
Reducción_sn_kg_libre,interaccion_C_x_Sn_prev,ale,962.5933713663558,723.1329024098732,
Reducción_sn_kg_libre,interaccion_C_x_Sn_prev,ale,1094.1187843903624,914.9223775157138,
Reducción_sn_kg_libre,interaccion_C_x_Sn_prev,ale,1361.7370610593025,999.4177738043204,
Reducción_sn_kg_libre,interaccion_C_x_Sn_prev,shap_decil,7.891426838917257,-158.6644309854563,0.0
Reducción_sn_kg_libre,interaccion_C_x_Sn_prev,shap_decil,11.621374614856554,-164.14994863956377,0.0
Reducción_sn_kg_libre,interaccion_C_x_Sn_prev,shap_decil,19.020487387935756,-144.39968753591288,0.0
Reducción_sn_kg_libre,interaccion_C_x_Sn_prev,shap_decil,27.878464930398124,-132.12487754719535,0.0
Reducción_sn_kg_libre,interaccion_C_x_Sn_prev,shap_decil,49.02175804568821,-149.89431478839631,0.0
Reducción_sn_kg_libre,interaccion_C_x_Sn_prev,shap_decil,84.83762143219742,-139.24970101360358,0.0
Reducción_sn_kg_libre,interaccion_C_x_Sn_prev,shap_decil,133.70873469501987,-114.25798775568202,0.0
Reducción_sn_kg_libre,interaccion_C_x_Sn_prev,shap_decil,596.0550853074596,0.01736498627873108,0.48598130841121495
Reducción_sn_kg_libre,interaccion_C_x_Sn_prev,shap_decil,906.6512414747667,361.5617571512689,0.9626168224299065
Reducción_sn_kg_libre,interaccion_C_x_Sn_prev,shap_decil,1169.980427813848,504.7828932005814,0.9907407407407407
Reducción_sn_kg_libre,duracion_plan_min,pd,13.0,0.3155521703024245,
Reducción_sn_kg_libre,duracion_plan_min,pd,15.0,0.3155521703024245,
Reducción_sn_kg_libre,duracion_plan_min,pd,20.0,-0.1433851400712753,
Reducción_sn_kg_libre,duracion_plan_min,pd,25.0,-0.1433851400712753,
Reducción_sn_kg_libre,duracion_plan_min,pd,30.0,-0.1433851400712753,
Reducción_sn_kg_libre,duracion_plan_min,ale,16.5,0.21759200500300735,
Reducción_sn_kg_libre,duracion_plan_min,ale,22.5,-0.18256863433471515,
Reducción_sn_kg_libre,duracion_plan_min,ale,27.5,-0.18256863433471515,
Reducción_sn_kg_libre,duracion_plan_min,shap_decil,20.0,0.0357782676492042,0.41020408163265304
Reducción_sn_kg_libre,duracion_plan_min,shap_decil,25.0,-0.1776914574558374,0.0
Reducción_sn_kg_libre,duracion_plan_min,shap_decil,30.0,-0.08618466222884621,0.0
Reducción_sn_kg_libre,tasa_gn_nm3_min,pd,12.907811509525231,-90.33819935160862,
Reducción_sn_kg_libre,tasa_gn_nm3_min,pd,13.778815279491264,-90.33819935160862,
Reducción_sn_kg_libre,tasa_gn_nm3_min,pd,14.649819049457296,-90.33819935160862,
Reducción_sn_kg_libre,tasa_gn_nm3_min,pd,15.520822819423328,-81.0408192431258,
Reducción_sn_kg_libre,tasa_gn_nm3_min,pd,16.39182658938936,-76.83236922998323,
Reducción_sn_kg_libre,tasa_gn_nm3_min,pd,17.262830359355394,-73.08669235074841,
Reducción_sn_kg_libre,tasa_gn_nm3_min,pd,18.133834129321425,-73.08669235074841,
Reducción_sn_kg_libre,tasa_gn_nm3_min,pd,19.00483789928746,-73.08669235074841,
Reducción_sn_kg_libre,tasa_gn_nm3_min,pd,19.87584166925349,-73.15159401809761,
Reducción_sn_kg_libre,tasa_gn_nm3_min,pd,20.746845439219523,-73.15159401809761,
Reducción_sn_kg_libre,tasa_gn_nm3_min,pd,21.617849209185557,-73.15159401809761,
Reducción_sn_kg_libre,tasa_gn_nm3_min,pd,22.488852979151588,-73.15159401809761,
Reducción_sn_kg_libre,tasa_gn_nm3_min,pd,23.35985674911762,-70.407132242435,
Reducción_sn_kg_libre,tasa_gn_nm3_min,pd,24.230860519083652,-69.79207953078345,
Reducción_sn_kg_libre,tasa_gn_nm3_min,pd,25.101864289049686,-70.12386595906521,
Reducción_sn_kg_libre,tasa_gn_nm3_min,pd,25.972868059015717,-67.89411483562651,
Reducción_sn_kg_libre,tasa_gn_nm3_min,pd,26.843871828981747,9.941070565401654,
Reducción_sn_kg_libre,tasa_gn_nm3_min,pd,27.71487559894778,-187.49268615488276,
Reducción_sn_kg_libre,tasa_gn_nm3_min,pd,28.585879368913815,137.31754872520614,
Reducción_sn_kg_libre,tasa_gn_nm3_min,pd,29.456883138879846,-7.82056471347769,
Reducción_sn_kg_libre,tasa_gn_nm3_min,ale,11.037756558880172,-102.74536250045303,
Reducción_sn_kg_libre,tasa_gn_nm3_min,ale,15.608834092822281,-93.01853139180415,
Reducción_sn_kg_libre,tasa_gn_nm3_min,ale,16.56027779444942,-82.12940676677331,
Reducción_sn_kg_libre,tasa_gn_nm3_min,ale,17.092734350981537,-79.79659769232907,
Reducción_sn_kg_libre,tasa_gn_nm3_min,ale,17.681507263243482,-78.62608213426681,
Reducción_sn_kg_libre,tasa_gn_nm3_min,ale,18.32479452647794,-78.62608213426681,
Reducción_sn_kg_libre,tasa_gn_nm3_min,ale,19.06421637386746,-78.62608213426681,
Reducción_sn_kg_libre,tasa_gn_nm3_min,ale,19.802664996253117,-78.7301806867355,
Reducción_sn_kg_libre,tasa_gn_nm3_min,ale,20.76697793675983,-78.83427923920418,
Reducción_sn_kg_libre,tasa_gn_nm3_min,ale,22.026659027503285,-78.83427923920418,
Reducción_sn_kg_libre,tasa_gn_nm3_min,ale,23.14139648332224,-75.88600502300591,
Reducción_sn_kg_libre,tasa_gn_nm3_min,ale,24.019322889052308,-72.52818403548287,
Reducción_sn_kg_libre,tasa_gn_nm3_min,ale,24.826416748725045,-75.2672933124351,
Reducción_sn_kg_libre,tasa_gn_nm3_min,ale,25.593005999416775,-74.46972468248123,
Reducción_sn_kg_libre,tasa_gn_nm3_min,ale,26.345484076379847,-14.203899848450348,
Reducción_sn_kg_libre,tasa_gn_nm3_min,ale,27.099013434176975,65.62795338931308,
Reducción_sn_kg_libre,tasa_gn_nm3_min,ale,27.772838876455804,164.14580199732717,
Reducción_sn_kg_libre,tasa_gn_nm3_min,ale,28.265780666775175,307.98096429078936,
Reducción_sn_kg_libre,tasa_gn_nm3_min,ale,28.82175057729085,348.01306744934897,
Reducción_sn_kg_libre,tasa_gn_nm3_min,ale,29.76431212220368,256.2145576252437,
Reducción_sn_kg_libre,tasa_gn_nm3_min,shap_decil,14.878311660838339,-51.173109631397246,0.0
Reducción_sn_kg_libre,tasa_gn_nm3_min,shap_decil,16.783672417534724,-36.68873046793366,0.0
Reducción_sn_kg_libre,tasa_gn_nm3_min,shap_decil,17.957079041375053,-36.16529581122837,0.0
Reducción_sn_kg_libre,tasa_gn_nm3_min,shap_decil,19.436591737535263,-37.68526642741034,0.0
Reducción_sn_kg_libre,tasa_gn_nm3_min,shap_decil,21.37860715208935,-43.308240098821216,0.0
Reducción_sn_kg_libre,tasa_gn_nm3_min,shap_decil,23.597465294581948,-42.27253644436362,0.0
Reducción_sn_kg_libre,tasa_gn_nm3_min,shap_decil,25.212115627712677,-83.36781786808494,0.0
Reducción_sn_kg_libre,tasa_gn_nm3_min,shap_decil,26.7222594265408,-41.47629170546912,0.3177570093457944
Reducción_sn_kg_libre,tasa_gn_nm3_min,shap_decil,28.063565606011288,28.817647023370025,0.616822429906542
Reducción_sn_kg_libre,tasa_gn_nm3_min,shap_decil,29.176838542796943,72.3134136422489,0.75
Reducción_sn_kg_libre,exceso_o2_combustion_pct,pd,-7.343686095851547,17.88791335778954,
Reducción_sn_kg_libre,exceso_o2_combustion_pct,pd,-5.337577943190176,2.5169143451637437,
Reducción_sn_kg_libre,exceso_o2_combustion_pct,pd,-3.331469790528806,-16.06374921527176,
Reducción_sn_kg_libre,exceso_o2_combustion_pct,pd,-1.3253616378674362,-50.30391681163894,
Reducción_sn_kg_libre,exceso_o2_combustion_pct,pd,0.6807465147939347,-37.463202845623016,
Reducción_sn_kg_libre,exceso_o2_combustion_pct,pd,2.6868546674553055,-40.2378551055811,
Reducción_sn_kg_libre,exceso_o2_combustion_pct,pd,4.692962820116675,-40.2378551055811,
Reducción_sn_kg_libre,exceso_o2_combustion_pct,pd,6.6990709727780455,-34.73037004905088,
Reducción_sn_kg_libre,exceso_o2_combustion_pct,pd,8.705179125439416,-34.73037004905088,
Reducción_sn_kg_libre,exceso_o2_combustion_pct,pd,10.711287278100786,-34.73037004905088,
Reducción_sn_kg_libre,exceso_o2_combustion_pct,pd,12.717395430762158,-46.41315352475075,
Reducción_sn_kg_libre,exceso_o2_combustion_pct,pd,14.723503583423527,-46.41315352475075,
Reducción_sn_kg_libre,exceso_o2_combustion_pct,pd,16.729611736084898,-46.41315352475075,
Reducción_sn_kg_libre,exceso_o2_combustion_pct,pd,18.735719888746267,-46.41315352475075,
Reducción_sn_kg_libre,exceso_o2_combustion_pct,pd,20.741828041407636,-46.41315352475075,
Reducción_sn_kg_libre,exceso_o2_combustion_pct,pd,22.747936194069013,-46.41315352475075,
Reducción_sn_kg_libre,exceso_o2_combustion_pct,pd,24.75404434673038,-46.41315352475075,
Reducción_sn_kg_libre,exceso_o2_combustion_pct,pd,26.76015249939175,-46.41315352475075,
Reducción_sn_kg_libre,exceso_o2_combustion_pct,pd,28.76626065205312,-46.41315352475075,
Reducción_sn_kg_libre,exceso_o2_combustion_pct,pd,30.772368804714493,-46.41315352475075,
Reducción_sn_kg_libre,exceso_o2_combustion_pct,ale,-30.117091862243512,40.01335329883191,
Reducción_sn_kg_libre,exceso_o2_combustion_pct,ale,-6.777501809967772,42.361865802445635,
Reducción_sn_kg_libre,exceso_o2_combustion_pct,ale,-6.516601019286149,57.027510142986046,
Reducción_sn_kg_libre,exceso_o2_combustion_pct,ale,-6.287535690289763,64.24330989911523,
Reducción_sn_kg_libre,exceso_o2_combustion_pct,ale,-6.056534654845137,66.09438250507186,
Reducción_sn_kg_libre,exceso_o2_combustion_pct,ale,-5.867601367090863,71.88429177222042,
Reducción_sn_kg_libre,exceso_o2_combustion_pct,ale,-5.699984360216262,65.6099035089386,
Reducción_sn_kg_libre,exceso_o2_combustion_pct,ale,-5.534287223752699,42.49412487428273,
Reducción_sn_kg_libre,exceso_o2_combustion_pct,ale,-5.374681688227667,33.155512572660015,
Reducción_sn_kg_libre,exceso_o2_combustion_pct,ale,-5.197827784979694,37.51291944632074,
Reducción_sn_kg_libre,exceso_o2_combustion_pct,ale,-5.001924424158693,38.596412983429644,
Reducción_sn_kg_libre,exceso_o2_combustion_pct,ale,-4.786203655627775,-0.447447834780867,
Reducción_sn_kg_libre,exceso_o2_combustion_pct,ale,-4.503964833556995,-72.23644162752456,
Reducción_sn_kg_libre,exceso_o2_combustion_pct,ale,-4.029199105901051,-71.15109778287481,
Reducción_sn_kg_libre,exceso_o2_combustion_pct,ale,-3.2818583455263166,-54.667953717211496,
Reducción_sn_kg_libre,exceso_o2_combustion_pct,ale,-2.06839608550746,-68.65979108408533,
Reducción_sn_kg_libre,exceso_o2_combustion_pct,ale,0.09706242959984446,-69.34447428163588,
Reducción_sn_kg_libre,exceso_o2_combustion_pct,ale,4.1244072084836985,-66.49070531280688,
Reducción_sn_kg_libre,exceso_o2_combustion_pct,ale,11.780620092397818,-73.41150381844017,
Reducción_sn_kg_libre,exceso_o2_combustion_pct,ale,63.88404787815025,-81.83488972429365,
Reducción_sn_kg_libre,exceso_o2_combustion_pct,shap_decil,-6.933295015354705,21.85734433552115,0.9722222222222222
Reducción_sn_kg_libre,exceso_o2_combustion_pct,shap_decil,-6.409387386364883,37.47736301403639,0.9532710280373832
Reducción_sn_kg_libre,exceso_o2_combustion_pct,shap_decil,-5.947858090815141,42.60959852425913,0.9439252336448598
Reducción_sn_kg_libre,exceso_o2_combustion_pct,shap_decil,-5.612454518557493,25.851891076774304,0.8981481481481481
Reducción_sn_kg_libre,exceso_o2_combustion_pct,shap_decil,-5.293017683938036,8.211329777935699,0.5887850467289719
Reducción_sn_kg_libre,exceso_o2_combustion_pct,shap_decil,-4.901420092662267,3.2199672461747766,0.4672897196261682
Reducción_sn_kg_libre,exceso_o2_combustion_pct,shap_decil,-4.336434247840108,-51.66667898907752,0.046296296296296294
Reducción_sn_kg_libre,exceso_o2_combustion_pct,shap_decil,-2.838656992030571,-32.748513880328886,0.07476635514018691
Reducción_sn_kg_libre,exceso_o2_combustion_pct,shap_decil,1.483305308977794,-41.08279061071298,0.0
Reducción_sn_kg_libre,exceso_o2_combustion_pct,shap_decil,16.813073261441716,-41.175965389283824,0.009259259259259259
Reducción_sn_kg_libre,temperatura_horno_celsius_prev,pd,933.220227061006,0.529684351955769,
Reducción_sn_kg_libre,temperatura_horno_celsius_prev,pd,947.3203239523933,0.529684351955769,
Reducción_sn_kg_libre,temperatura_horno_celsius_prev,pd,961.4204208437807,-5.422225720622549,
Reducción_sn_kg_libre,temperatura_horno_celsius_prev,pd,975.520517735168,-5.422225720622549,
Reducción_sn_kg_libre,temperatura_horno_celsius_prev,pd,989.6206146265554,-18.23991500709432,
Reducción_sn_kg_libre,temperatura_horno_celsius_prev,pd,1003.7207115179427,-17.09286600170385,
Reducción_sn_kg_libre,temperatura_horno_celsius_prev,pd,1017.8208084093301,-15.089407944854957,
Reducción_sn_kg_libre,temperatura_horno_celsius_prev,pd,1031.9209053007175,32.06096372824,
Reducción_sn_kg_libre,temperatura_horno_celsius_prev,pd,1046.0210021921048,13.286663773402248,
Reducción_sn_kg_libre,temperatura_horno_celsius_prev,pd,1060.1210990834923,12.648250837880985,
Reducción_sn_kg_libre,temperatura_horno_celsius_prev,pd,1074.2211959748795,14.139106340896086,
Reducción_sn_kg_libre,temperatura_horno_celsius_prev,pd,1088.321292866267,16.148714795471207,
Reducción_sn_kg_libre,temperatura_horno_celsius_prev,pd,1102.4213897576542,12.21778761187534,
Reducción_sn_kg_libre,temperatura_horno_celsius_prev,pd,1116.5214866490417,-27.208159644901503,
Reducción_sn_kg_libre,temperatura_horno_celsius_prev,pd,1130.621583540429,59.50434326659444,
Reducción_sn_kg_libre,temperatura_horno_celsius_prev,pd,1144.7216804318164,55.7257218923069,
Reducción_sn_kg_libre,temperatura_horno_celsius_prev,pd,1158.8217773232036,38.25960742751861,
Reducción_sn_kg_libre,temperatura_horno_celsius_prev,pd,1172.921874214591,38.25960742751861,
Reducción_sn_kg_libre,temperatura_horno_celsius_prev,pd,1187.0219711059783,38.25960742751861,
Reducción_sn_kg_libre,temperatura_horno_celsius_prev,pd,1201.1220679973658,41.86430661447482,
Reducción_sn_kg_libre,temperatura_horno_celsius_prev,ale,926.2433403576335,4.067743738391071,
Reducción_sn_kg_libre,temperatura_horno_celsius_prev,ale,958.2757001224993,-0.18788138298846668,
Reducción_sn_kg_libre,temperatura_horno_celsius_prev,ale,976.1279239578201,-11.558192888227525,
Reducción_sn_kg_libre,temperatura_horno_celsius_prev,ale,991.6238920289143,-27.735671351054677,
Reducción_sn_kg_libre,temperatura_horno_celsius_prev,ale,1006.3234892384958,-27.987280402584283,
Reducción_sn_kg_libre,temperatura_horno_celsius_prev,ale,1020.2149427755,-5.526369746466468,
Reducción_sn_kg_libre,temperatura_horno_celsius_prev,ale,1033.655456532434,8.69587633052274,
Reducción_sn_kg_libre,temperatura_horno_celsius_prev,ale,1047.0096750680493,9.444201206893744,
Reducción_sn_kg_libre,temperatura_horno_celsius_prev,ale,1057.7617376983944,10.211509471657495,
Reducción_sn_kg_libre,temperatura_horno_celsius_prev,ale,1067.891758371437,10.803011308359654,
Reducción_sn_kg_libre,temperatura_horno_celsius_prev,ale,1077.9411843164703,12.168622326207073,
Reducción_sn_kg_libre,temperatura_horno_celsius_prev,ale,1086.7241100306178,12.290369399188528,
Reducción_sn_kg_libre,temperatura_horno_celsius_prev,ale,1095.0014897643237,11.675003133649136,
Reducción_sn_kg_libre,temperatura_horno_celsius_prev,ale,1105.3055280953668,-19.895459033436453,
Reducción_sn_kg_libre,temperatura_horno_celsius_prev,ale,1115.3612893009476,-40.86435060253767,
Reducción_sn_kg_libre,temperatura_horno_celsius_prev,ale,1124.6706900608192,-104.12357475409247,
Reducción_sn_kg_libre,temperatura_horno_celsius_prev,ale,1135.4381362843897,-45.96761942424291,
Reducción_sn_kg_libre,temperatura_horno_celsius_prev,ale,1147.3980285082234,75.43547728439273,
Reducción_sn_kg_libre,temperatura_horno_celsius_prev,ale,1164.3345407856534,64.19332623431308,
Reducción_sn_kg_libre,temperatura_horno_celsius_prev,ale,1226.0363342141127,65.60178587275954,
Reducción_sn_kg_libre,temperatura_horno_celsius_prev,shap_decil,949.164859985852,-6.911945751523251,0.26851851851851855
Reducción_sn_kg_libre,temperatura_horno_celsius_prev,shap_decil,984.9201477576472,-16.291770787116118,0.14953271028037382
Reducción_sn_kg_libre,temperatura_horno_celsius_prev,shap_decil,1014.3116002034612,-15.733291886384754,0.18691588785046728
Reducción_sn_kg_libre,temperatura_horno_celsius_prev,shap_decil,1041.1799436571323,11.845215322095635,0.7962962962962963
Reducción_sn_kg_libre,temperatura_horno_celsius_prev,shap_decil,1062.7095708096936,11.359290669353554,0.8598130841121495
Reducción_sn_kg_libre,temperatura_horno_celsius_prev,shap_decil,1082.7440782483056,17.11975625458489,0.8598130841121495
Reducción_sn_kg_libre,temperatura_horno_celsius_prev,shap_decil,1099.36687583995,7.965534490136569,0.6574074074074074
Reducción_sn_kg_libre,temperatura_horno_celsius_prev,shap_decil,1119.5761787051806,-58.08487836344012,0.028037383177570093
Reducción_sn_kg_libre,temperatura_horno_celsius_prev,shap_decil,1141.0012693242243,44.81732736919718,0.8504672897196262
Reducción_sn_kg_libre,temperatura_horno_celsius_prev,shap_decil,1174.9587182409432,25.70900008745628,0.75
Reducción_sn_kg_pool_amplio,sn_inventario_escoria_est_kg_prev,pd,0.0006739063704046085,-1744.8867828365628,
Reducción_sn_kg_pool_amplio,sn_inventario_escoria_est_kg_prev,pd,737.4533818109948,-1703.196006950881,
Reducción_sn_kg_pool_amplio,sn_inventario_escoria_est_kg_prev,pd,1474.9060897156191,-1567.0619139164407,
Reducción_sn_kg_pool_amplio,sn_inventario_escoria_est_kg_prev,pd,2212.358797620244,-1298.3076373540973,
Reducción_sn_kg_pool_amplio,sn_inventario_escoria_est_kg_prev,pd,2949.811505524868,-1083.1533469962583,
Reducción_sn_kg_pool_amplio,sn_inventario_escoria_est_kg_prev,pd,3687.2642134294924,-634.0083182056168,
Reducción_sn_kg_pool_amplio,sn_inventario_escoria_est_kg_prev,pd,4424.716921334117,-563.6209417250839,
Reducción_sn_kg_pool_amplio,sn_inventario_escoria_est_kg_prev,pd,5162.1696292387405,-208.5247654678126,
Reducción_sn_kg_pool_amplio,sn_inventario_escoria_est_kg_prev,pd,5899.622337143365,-208.5247654678126,
Reducción_sn_kg_pool_amplio,sn_inventario_escoria_est_kg_prev,pd,6637.07504504799,3028.427406900969,
Reducción_sn_kg_pool_amplio,sn_inventario_escoria_est_kg_prev,pd,7374.527752952614,3261.2059226460374,
Reducción_sn_kg_pool_amplio,sn_inventario_escoria_est_kg_prev,pd,8111.9804608572385,3274.0926136747944,
Reducción_sn_kg_pool_amplio,sn_inventario_escoria_est_kg_prev,pd,8849.433168761863,3342.149353563355,
Reducción_sn_kg_pool_amplio,sn_inventario_escoria_est_kg_prev,pd,9586.885876666487,4055.1946687517484,
Reducción_sn_kg_pool_amplio,sn_inventario_escoria_est_kg_prev,pd,10324.338584571111,4148.796077180229,
Reducción_sn_kg_pool_amplio,sn_inventario_escoria_est_kg_prev,pd,11061.791292475737,5365.427948929085,
Reducción_sn_kg_pool_amplio,sn_inventario_escoria_est_kg_prev,pd,11799.24400038036,5393.9268490009,
Reducción_sn_kg_pool_amplio,sn_inventario_escoria_est_kg_prev,pd,12536.696708284984,6049.794981045098,
Reducción_sn_kg_pool_amplio,sn_inventario_escoria_est_kg_prev,pd,13274.14941618961,6486.350230022215,
Reducción_sn_kg_pool_amplio,sn_inventario_escoria_est_kg_prev,pd,14011.602124094234,6491.7872509501485,
Reducción_sn_kg_pool_amplio,sn_inventario_escoria_est_kg_prev,ale,271.4189826634772,-1255.803145532167,
Reducción_sn_kg_pool_amplio,sn_inventario_escoria_est_kg_prev,ale,660.0458825402346,-1230.8447844133402,
Reducción_sn_kg_pool_amplio,sn_inventario_escoria_est_kg_prev,ale,834.666027693548,-1226.6211838547383,
Reducción_sn_kg_pool_amplio,sn_inventario_escoria_est_kg_prev,ale,931.1539844742767,-1200.1294078757694,
Reducción_sn_kg_pool_amplio,sn_inventario_escoria_est_kg_prev,ale,1008.8348339492607,-1177.3128194607045,
Reducción_sn_kg_pool_amplio,sn_inventario_escoria_est_kg_prev,ale,1085.8906249712404,-1175.5055613666445,
Reducción_sn_kg_pool_amplio,sn_inventario_escoria_est_kg_prev,ale,1162.845246303522,-1173.740330599899,
Reducción_sn_kg_pool_amplio,sn_inventario_escoria_est_kg_prev,ale,1240.0685563654076,-1156.1274458000207,
Reducción_sn_kg_pool_amplio,sn_inventario_escoria_est_kg_prev,ale,1331.1807925338,-1113.2356663374958,
Reducción_sn_kg_pool_amplio,sn_inventario_escoria_est_kg_prev,ale,1441.029178739805,-1079.8562725072525,
Reducción_sn_kg_pool_amplio,sn_inventario_escoria_est_kg_prev,ale,1566.4345236092267,-1064.871812165497,
Reducción_sn_kg_pool_amplio,sn_inventario_escoria_est_kg_prev,ale,1734.9572893747302,-992.0523048356699,
Reducción_sn_kg_pool_amplio,sn_inventario_escoria_est_kg_prev,ale,2036.0539383196192,-869.5392989921739,
Reducción_sn_kg_pool_amplio,sn_inventario_escoria_est_kg_prev,ale,2693.519918144541,-706.8587025857574,
Reducción_sn_kg_pool_amplio,sn_inventario_escoria_est_kg_prev,ale,4411.800298279847,-137.47303689406385,
Reducción_sn_kg_pool_amplio,sn_inventario_escoria_est_kg_prev,ale,6882.225750356042,1021.6181642927781,
Reducción_sn_kg_pool_amplio,sn_inventario_escoria_est_kg_prev,ale,8862.743199840243,2219.865136934683,
Reducción_sn_kg_pool_amplio,sn_inventario_escoria_est_kg_prev,ale,10248.65100433243,3255.295289404338,
Reducción_sn_kg_pool_amplio,sn_inventario_escoria_est_kg_prev,ale,11664.216300253762,4159.3322099672405,
Reducción_sn_kg_pool_amplio,sn_inventario_escoria_est_kg_prev,ale,14846.271022793091,4878.1277788465195,
Reducción_sn_kg_pool_amplio,sn_inventario_escoria_est_kg_prev,shap_decil,542.0894856495888,-1619.763685080546,0.0
Reducción_sn_kg_pool_amplio,sn_inventario_escoria_est_kg_prev,shap_decil,892.1353519420927,-1575.0143882687119,0.0
Reducción_sn_kg_pool_amplio,sn_inventario_escoria_est_kg_prev,shap_decil,1047.3299254831054,-1545.4170257409808,0.0
Reducción_sn_kg_pool_amplio,sn_inventario_escoria_est_kg_prev,shap_decil,1201.132131495006,-1536.7770660629458,0.0
Reducción_sn_kg_pool_amplio,sn_inventario_escoria_est_kg_prev,shap_decil,1384.3573919927665,-1468.27371859376,0.0
Reducción_sn_kg_pool_amplio,sn_inventario_escoria_est_kg_prev,shap_decil,1634.2375921508617,-1385.376331990483,0.0
Reducción_sn_kg_pool_amplio,sn_inventario_escoria_est_kg_prev,shap_decil,2237.084257276969,-1131.8615802938516,0.0
Reducción_sn_kg_pool_amplio,sn_inventario_escoria_est_kg_prev,shap_decil,5678.730622570424,496.3379831871891,0.4485981308411215
Reducción_sn_kg_pool_amplio,sn_inventario_escoria_est_kg_prev,shap_decil,9632.148004200597,3260.402735503886,1.0
Reducción_sn_kg_pool_amplio,sn_inventario_escoria_est_kg_prev,shap_decil,12472.374642705183,5265.2738354036455,1.0
Reducción_sn_kg_pool_amplio,masa_escoria_est_kg_prev,pd,0.03869689178321037,-76.34026066112197,
Reducción_sn_kg_pool_amplio,masa_escoria_est_kg_prev,pd,3934.3260752890064,-76.34026066112197,
Reducción_sn_kg_pool_amplio,masa_escoria_est_kg_prev,pd,7868.613453686229,-76.34026066112197,
Reducción_sn_kg_pool_amplio,masa_escoria_est_kg_prev,pd,11802.900832083453,-76.34026066112197,
Reducción_sn_kg_pool_amplio,masa_escoria_est_kg_prev,pd,15737.188210480675,-76.34026066112197,
Reducción_sn_kg_pool_amplio,masa_escoria_est_kg_prev,pd,19671.4755888779,-76.34026066112197,
Reducción_sn_kg_pool_amplio,masa_escoria_est_kg_prev,pd,23605.762967275125,-76.34026066112197,
Reducción_sn_kg_pool_amplio,masa_escoria_est_kg_prev,pd,27540.050345672345,-76.34026066112197,
Reducción_sn_kg_pool_amplio,masa_escoria_est_kg_prev,pd,31474.33772406957,-76.34026066112197,
Reducción_sn_kg_pool_amplio,masa_escoria_est_kg_prev,pd,35408.62510246679,-76.34026066112197,
Reducción_sn_kg_pool_amplio,masa_escoria_est_kg_prev,pd,39342.91248086401,-76.34026066112197,
Reducción_sn_kg_pool_amplio,masa_escoria_est_kg_prev,pd,43277.199859261236,-76.34026066112197,
Reducción_sn_kg_pool_amplio,masa_escoria_est_kg_prev,pd,47211.48723765846,-83.28239629417675,
Reducción_sn_kg_pool_amplio,masa_escoria_est_kg_prev,pd,51145.774616055685,-82.16514730673941,
Reducción_sn_kg_pool_amplio,masa_escoria_est_kg_prev,pd,55080.0619944529,-61.45684811017687,
Reducción_sn_kg_pool_amplio,masa_escoria_est_kg_prev,pd,59014.34937285013,-62.161813251852045,
Reducción_sn_kg_pool_amplio,masa_escoria_est_kg_prev,pd,62948.63675124735,-52.25507649976738,
Reducción_sn_kg_pool_amplio,masa_escoria_est_kg_prev,pd,66882.92412964458,107.78258575639552,
Reducción_sn_kg_pool_amplio,masa_escoria_est_kg_prev,pd,70817.2115080418,210.19867401056501,
Reducción_sn_kg_pool_amplio,masa_escoria_est_kg_prev,pd,74751.49888643903,163.66116772861395,
Reducción_sn_kg_pool_amplio,masa_escoria_est_kg_prev,ale,21567.01652252021,-68.14030692540199,
Reducción_sn_kg_pool_amplio,masa_escoria_est_kg_prev,ale,46197.35773954257,-72.57218000120912,
Reducción_sn_kg_pool_amplio,masa_escoria_est_kg_prev,ale,50381.87520504929,-70.56994985035811,
Reducción_sn_kg_pool_amplio,masa_escoria_est_kg_prev,ale,52014.4591803189,-64.13584662369999,
Reducción_sn_kg_pool_amplio,masa_escoria_est_kg_prev,ale,53004.46813860003,-63.8451124902238,
Reducción_sn_kg_pool_amplio,masa_escoria_est_kg_prev,ale,53852.57075048881,-56.3659503723166,
Reducción_sn_kg_pool_amplio,masa_escoria_est_kg_prev,ale,54501.362064925714,-48.608872412164544,
Reducción_sn_kg_pool_amplio,masa_escoria_est_kg_prev,ale,55045.36695123043,-47.91222610285987,
Reducción_sn_kg_pool_amplio,masa_escoria_est_kg_prev,ale,55609.58664590223,-47.78422976927623,
Reducción_sn_kg_pool_amplio,masa_escoria_est_kg_prev,ale,56250.345360399675,-48.092115935234574,
Reducción_sn_kg_pool_amplio,masa_escoria_est_kg_prev,ale,56996.92324116107,-48.59282982241639,
Reducción_sn_kg_pool_amplio,masa_escoria_est_kg_prev,ale,57844.34645837621,-48.785657543639864,
Reducción_sn_kg_pool_amplio,masa_escoria_est_kg_prev,ale,58809.896870505385,-49.280628763853564,
Reducción_sn_kg_pool_amplio,masa_escoria_est_kg_prev,ale,59824.557707992455,-45.9911898654609,
Reducción_sn_kg_pool_amplio,masa_escoria_est_kg_prev,ale,60926.14009787995,-38.868733743393705,
Reducción_sn_kg_pool_amplio,masa_escoria_est_kg_prev,ale,62356.9983141075,-39.354214849836005,
Reducción_sn_kg_pool_amplio,masa_escoria_est_kg_prev,ale,64149.177575714086,21.74124433286515,
Reducción_sn_kg_pool_amplio,masa_escoria_est_kg_prev,ale,66448.67677920379,128.83693910769892,
Reducción_sn_kg_pool_amplio,masa_escoria_est_kg_prev,ale,69839.12535827169,296.6743346920428,
Reducción_sn_kg_pool_amplio,masa_escoria_est_kg_prev,ale,118221.35056386361,409.17460875038125,
Reducción_sn_kg_pool_amplio,masa_escoria_est_kg_prev,shap_decil,43067.452294256,-48.32498880774656,0.0
Reducción_sn_kg_pool_amplio,masa_escoria_est_kg_prev,shap_decil,51503.74897754705,-45.26881770629429,0.0
Reducción_sn_kg_pool_amplio,masa_escoria_est_kg_prev,shap_decil,53473.695559070766,-32.74215219525377,0.0
Reducción_sn_kg_pool_amplio,masa_escoria_est_kg_prev,shap_decil,54780.65629415968,-25.625913710959818,0.0
Reducción_sn_kg_pool_amplio,masa_escoria_est_kg_prev,shap_decil,55909.58865901971,-26.321076307000826,0.0
Reducción_sn_kg_pool_amplio,masa_escoria_est_kg_prev,shap_decil,57396.26975889912,-33.05065613194096,0.0
Reducción_sn_kg_pool_amplio,masa_escoria_est_kg_prev,shap_decil,59334.47538680618,-43.58872124499097,0.0
Reducción_sn_kg_pool_amplio,masa_escoria_est_kg_prev,shap_decil,61536.814813346384,-50.76500522556291,0.0
Reducción_sn_kg_pool_amplio,masa_escoria_est_kg_prev,shap_decil,65120.3326929672,24.202957339449725,0.616822429906542
Reducción_sn_kg_pool_amplio,masa_escoria_est_kg_prev,shap_decil,71913.52623412242,212.33321420301726,0.9629629629629629
Reducción_sn_kg_pool_amplio,ley_sn_escoria_pct_prev,pd,1.1557152000000002,-123.77402002951631,
Reducción_sn_kg_pool_amplio,ley_sn_escoria_pct_prev,pd,2.1829697263157897,-124.98608955370234,
Reducción_sn_kg_pool_amplio,ley_sn_escoria_pct_prev,pd,3.210224252631579,-100.12338548060553,
Reducción_sn_kg_pool_amplio,ley_sn_escoria_pct_prev,pd,4.237478778947369,-111.38189777336878,
Reducción_sn_kg_pool_amplio,ley_sn_escoria_pct_prev,pd,5.264733305263158,-74.5514857719874,
Reducción_sn_kg_pool_amplio,ley_sn_escoria_pct_prev,pd,6.291987831578948,-72.78326911883791,
Reducción_sn_kg_pool_amplio,ley_sn_escoria_pct_prev,pd,7.319242357894738,-72.39309633942348,
Reducción_sn_kg_pool_amplio,ley_sn_escoria_pct_prev,pd,8.346496884210527,-61.57918008945597,
Reducción_sn_kg_pool_amplio,ley_sn_escoria_pct_prev,pd,9.373751410526316,-58.04526359115477,
Reducción_sn_kg_pool_amplio,ley_sn_escoria_pct_prev,pd,10.401005936842106,-57.33424415858517,
Reducción_sn_kg_pool_amplio,ley_sn_escoria_pct_prev,pd,11.428260463157894,-56.335757091646364,
Reducción_sn_kg_pool_amplio,ley_sn_escoria_pct_prev,pd,12.455514989473684,-56.335757091646364,
Reducción_sn_kg_pool_amplio,ley_sn_escoria_pct_prev,pd,13.482769515789474,-24.47893628360595,
Reducción_sn_kg_pool_amplio,ley_sn_escoria_pct_prev,pd,14.510024042105263,-25.54075144834678,
Reducción_sn_kg_pool_amplio,ley_sn_escoria_pct_prev,pd,15.537278568421053,42.23260140215279,
Reducción_sn_kg_pool_amplio,ley_sn_escoria_pct_prev,pd,16.56453309473684,-200.8731537707806,
Reducción_sn_kg_pool_amplio,ley_sn_escoria_pct_prev,pd,17.59178762105263,65.87716325249727,
Reducción_sn_kg_pool_amplio,ley_sn_escoria_pct_prev,pd,18.619042147368422,117.37434649372317,
Reducción_sn_kg_pool_amplio,ley_sn_escoria_pct_prev,pd,19.646296673684212,86.11853018238538,
Reducción_sn_kg_pool_amplio,ley_sn_escoria_pct_prev,pd,20.6735512,267.12816009306505,
Reducción_sn_kg_pool_amplio,ley_sn_escoria_pct_prev,ale,0.9458475,-222.7860005146583,
Reducción_sn_kg_pool_amplio,ley_sn_escoria_pct_prev,ale,1.4771325,-222.7860005146583,
Reducción_sn_kg_pool_amplio,ley_sn_escoria_pct_prev,ale,1.651475,-222.7860005146583,
Reducción_sn_kg_pool_amplio,ley_sn_escoria_pct_prev,ale,1.78802,-222.7860005146583,
Reducción_sn_kg_pool_amplio,ley_sn_escoria_pct_prev,ale,1.9235175,-223.591583975605,
Reducción_sn_kg_pool_amplio,ley_sn_escoria_pct_prev,ale,2.0684775,-224.39716743655168,
Reducción_sn_kg_pool_amplio,ley_sn_escoria_pct_prev,ale,2.1910325,-209.6787340375715,
Reducción_sn_kg_pool_amplio,ley_sn_escoria_pct_prev,ale,2.3171524999999997,-193.06335012934142,
Reducción_sn_kg_pool_amplio,ley_sn_escoria_pct_prev,ale,2.4722524999999997,-190.97849250258508,
Reducción_sn_kg_pool_amplio,ley_sn_escoria_pct_prev,ale,2.6478425000000003,-188.92510436291437,
Reducción_sn_kg_pool_amplio,ley_sn_escoria_pct_prev,ale,2.8999725,-187.05962334075005,
Reducción_sn_kg_pool_amplio,ley_sn_escoria_pct_prev,ale,3.2706225000000004,-187.05962334075005,
Reducción_sn_kg_pool_amplio,ley_sn_escoria_pct_prev,ale,3.8882175000000005,-192.41425292099058,
Reducción_sn_kg_pool_amplio,ley_sn_escoria_pct_prev,ale,5.3812075,-109.67602892887271,
Reducción_sn_kg_pool_amplio,ley_sn_escoria_pct_prev,ale,8.3439025,74.80468392242895,
Reducción_sn_kg_pool_amplio,ley_sn_escoria_pct_prev,ale,11.740112500000002,244.5884378024584,
Reducción_sn_kg_pool_amplio,ley_sn_escoria_pct_prev,ale,14.194760000000006,384.5527396533191,
Reducción_sn_kg_pool_amplio,ley_sn_escoria_pct_prev,ale,15.943365000000002,283.2445034459747,
Reducción_sn_kg_pool_amplio,ley_sn_escoria_pct_prev,ale,17.782542499999998,596.948973518041,
Reducción_sn_kg_pool_amplio,ley_sn_escoria_pct_prev,ale,21.629737499999997,1205.1972895733409,
Reducción_sn_kg_pool_amplio,ley_sn_escoria_pct_prev,shap_decil,1.3832499999999999,-76.22650968144617,0.0
Reducción_sn_kg_pool_amplio,ley_sn_escoria_pct_prev,shap_decil,1.7321,-76.54874258596496,0.0
Reducción_sn_kg_pool_amplio,ley_sn_escoria_pct_prev,shap_decil,2.0025,-77.63962968894887,0.0
Reducción_sn_kg_pool_amplio,ley_sn_escoria_pct_prev,shap_decil,2.24805,-58.62127814662314,0.0
Reducción_sn_kg_pool_amplio,ley_sn_escoria_pct_prev,shap_decil,2.5583,-48.71227490066744,0.0
Reducción_sn_kg_pool_amplio,ley_sn_escoria_pct_prev,shap_decil,3.0625,-46.7089044233901,0.0
Reducción_sn_kg_pool_amplio,ley_sn_escoria_pct_prev,shap_decil,4.29815,-55.83740459880714,0.10185185185185185
Reducción_sn_kg_pool_amplio,ley_sn_escoria_pct_prev,shap_decil,10.2328,-83.28560716659177,0.2523364485981308
Reducción_sn_kg_pool_amplio,ley_sn_escoria_pct_prev,shap_decil,15.1296,-61.21126558060904,0.308411214953271
Reducción_sn_kg_pool_amplio,ley_sn_escoria_pct_prev,shap_decil,18.82045,228.95516411141347,0.8703703703703703
Reducción_sn_kg_pool_amplio,ley_feo_escoria_pct_prev,pd,15.868903749191512,-16.01430363830381,
Reducción_sn_kg_pool_amplio,ley_feo_escoria_pct_prev,pd,16.18226263685709,1.9780074391782925,
Reducción_sn_kg_pool_amplio,ley_feo_escoria_pct_prev,pd,16.49562152452267,41.110915991290746,
Reducción_sn_kg_pool_amplio,ley_feo_escoria_pct_prev,pd,16.808980412188244,-44.29076305725914,
Reducción_sn_kg_pool_amplio,ley_feo_escoria_pct_prev,pd,17.122339299853824,41.821938114663965,
Reducción_sn_kg_pool_amplio,ley_feo_escoria_pct_prev,pd,17.435698187519403,6.487363654358853,
Reducción_sn_kg_pool_amplio,ley_feo_escoria_pct_prev,pd,17.74905707518498,-20.723875131019845,
Reducción_sn_kg_pool_amplio,ley_feo_escoria_pct_prev,pd,18.062415962850558,-16.615246763882105,
Reducción_sn_kg_pool_amplio,ley_feo_escoria_pct_prev,pd,18.375774850516134,-6.268008973276911,
Reducción_sn_kg_pool_amplio,ley_feo_escoria_pct_prev,pd,18.689133738181713,-10.799902609103757,
Reducción_sn_kg_pool_amplio,ley_feo_escoria_pct_prev,pd,19.002492625847292,-21.986534102676714,
Reducción_sn_kg_pool_amplio,ley_feo_escoria_pct_prev,pd,19.315851513512868,-8.719505733459133,
Reducción_sn_kg_pool_amplio,ley_feo_escoria_pct_prev,pd,19.629210401178447,-10.626203878678552,
Reducción_sn_kg_pool_amplio,ley_feo_escoria_pct_prev,pd,19.942569288844027,-12.725747617358284,
Reducción_sn_kg_pool_amplio,ley_feo_escoria_pct_prev,pd,20.255928176509602,-12.725747617358284,
Reducción_sn_kg_pool_amplio,ley_feo_escoria_pct_prev,pd,20.56928706417518,-12.725747617358284,
Reducción_sn_kg_pool_amplio,ley_feo_escoria_pct_prev,pd,20.882645951840757,-9.910198311421247,
Reducción_sn_kg_pool_amplio,ley_feo_escoria_pct_prev,pd,21.196004839506337,-9.910198311421247,
Reducción_sn_kg_pool_amplio,ley_feo_escoria_pct_prev,pd,21.509363727171916,10.42403109692381,
Reducción_sn_kg_pool_amplio,ley_feo_escoria_pct_prev,pd,21.82272261483749,-22.29101906546687,
Reducción_sn_kg_pool_amplio,ley_feo_escoria_pct_prev,ale,14.254891013161426,21.973180625961632,
Reducción_sn_kg_pool_amplio,ley_feo_escoria_pct_prev,ale,16.5521429551437,14.719313432903151,
Reducción_sn_kg_pool_amplio,ley_feo_escoria_pct_prev,ale,16.960973202256245,26.71875767266812,
Reducción_sn_kg_pool_amplio,ley_feo_escoria_pct_prev,ale,17.266057728713402,55.774658366551975,
Reducción_sn_kg_pool_amplio,ley_feo_escoria_pct_prev,ale,17.494206973408538,33.914382123919836,
Reducción_sn_kg_pool_amplio,ley_feo_escoria_pct_prev,ale,17.739514770346496,5.200342491071831,
Reducción_sn_kg_pool_amplio,ley_feo_escoria_pct_prev,ale,17.955082148804728,-19.405615235470417,
Reducción_sn_kg_pool_amplio,ley_feo_escoria_pct_prev,ale,18.15147761912436,-12.535226721354672,
Reducción_sn_kg_pool_amplio,ley_feo_escoria_pct_prev,ale,18.340678397528873,-8.168358776612546,
Reducción_sn_kg_pool_amplio,ley_feo_escoria_pct_prev,ale,18.505915094816004,-10.112601163371782,
Reducción_sn_kg_pool_amplio,ley_feo_escoria_pct_prev,ale,18.68429971367177,-12.641420408809356,
Reducción_sn_kg_pool_amplio,ley_feo_escoria_pct_prev,ale,18.871406730593606,-20.350558561812953,
Reducción_sn_kg_pool_amplio,ley_feo_escoria_pct_prev,ale,19.03510607305936,-29.460901762225767,
Reducción_sn_kg_pool_amplio,ley_feo_escoria_pct_prev,ale,19.20586824227773,-28.417040452456718,
Reducción_sn_kg_pool_amplio,ley_feo_escoria_pct_prev,ale,19.418721128122485,-15.085051106693872,
Reducción_sn_kg_pool_amplio,ley_feo_escoria_pct_prev,ale,19.65490128283642,-1.0056337780170876,
Reducción_sn_kg_pool_amplio,ley_feo_escoria_pct_prev,ale,19.93282801826484,1.5015659781022528,
Reducción_sn_kg_pool_amplio,ley_feo_escoria_pct_prev,ale,20.285583409078697,-0.521735997222625,
Reducción_sn_kg_pool_amplio,ley_feo_escoria_pct_prev,ale,20.713842862207894,1.1501460173392104,
Reducción_sn_kg_pool_amplio,ley_feo_escoria_pct_prev,ale,26.15484390008058,-3.4742509718517365,
Reducción_sn_kg_pool_amplio,ley_feo_escoria_pct_prev,shap_decil,16.3432395917271,4.912464322470468,0.4722222222222222
Reducción_sn_kg_pool_amplio,ley_feo_escoria_pct_prev,shap_decil,17.163440902497985,10.895530232159652,0.4485981308411215
Reducción_sn_kg_pool_amplio,ley_feo_escoria_pct_prev,shap_decil,17.619630040290087,-3.4646528934273384,0.205607476635514
Reducción_sn_kg_pool_amplio,ley_feo_escoria_pct_prev,shap_decil,18.050732634971794,-17.112111403240576,0.14814814814814814
Reducción_sn_kg_pool_amplio,ley_feo_escoria_pct_prev,shap_decil,18.429861058286328,-5.64733897683955,0.205607476635514
Reducción_sn_kg_pool_amplio,ley_feo_escoria_pct_prev,shap_decil,18.7845461831856,-11.474156206262677,0.1308411214953271
Reducción_sn_kg_pool_amplio,ley_feo_escoria_pct_prev,shap_decil,19.11343719580983,-23.27265123625252,0.027777777777777776
Reducción_sn_kg_pool_amplio,ley_feo_escoria_pct_prev,shap_decil,19.541001944668277,-1.0416548413996038,0.7009345794392523
Reducción_sn_kg_pool_amplio,ley_feo_escoria_pct_prev,shap_decil,20.094063733548214,2.3247562364442937,0.719626168224299
Reducción_sn_kg_pool_amplio,ley_feo_escoria_pct_prev,shap_decil,20.952666752618853,7.174448645513128,0.7222222222222222
Reducción_sn_kg_pool_amplio,tasa_feed_Carbon_kg_min,pd,4.221876341462185,-53.31496907061052,
Reducción_sn_kg_pool_amplio,tasa_feed_Carbon_kg_min,pd,7.477359390254868,-27.229018026507294,
Reducción_sn_kg_pool_amplio,tasa_feed_Carbon_kg_min,pd,10.732842439047552,-23.07095519680833,
Reducción_sn_kg_pool_amplio,tasa_feed_Carbon_kg_min,pd,13.988325487840237,-23.07095519680833,
Reducción_sn_kg_pool_amplio,tasa_feed_Carbon_kg_min,pd,17.24380853663292,-23.07095519680833,
Reducción_sn_kg_pool_amplio,tasa_feed_Carbon_kg_min,pd,20.499291585425606,-22.397327206503785,
Reducción_sn_kg_pool_amplio,tasa_feed_Carbon_kg_min,pd,23.75477463421829,-22.397327206503785,
Reducción_sn_kg_pool_amplio,tasa_feed_Carbon_kg_min,pd,27.010257683010973,-21.43791662345993,
Reducción_sn_kg_pool_amplio,tasa_feed_Carbon_kg_min,pd,30.265740731803657,-21.43791662345993,
Reducción_sn_kg_pool_amplio,tasa_feed_Carbon_kg_min,pd,33.521223780596344,-21.43791662345993,
Reducción_sn_kg_pool_amplio,tasa_feed_Carbon_kg_min,pd,36.77670682938903,-21.43791662345993,
Reducción_sn_kg_pool_amplio,tasa_feed_Carbon_kg_min,pd,40.03218987818171,-21.43791662345993,
Reducción_sn_kg_pool_amplio,tasa_feed_Carbon_kg_min,pd,43.287672926974395,-21.43791662345993,
Reducción_sn_kg_pool_amplio,tasa_feed_Carbon_kg_min,pd,46.54315597576708,-20.83787200964137,
Reducción_sn_kg_pool_amplio,tasa_feed_Carbon_kg_min,pd,49.79863902455976,36.30445566747978,
Reducción_sn_kg_pool_amplio,tasa_feed_Carbon_kg_min,pd,53.054122073352445,38.752720921969036,
Reducción_sn_kg_pool_amplio,tasa_feed_Carbon_kg_min,pd,56.30960512214513,38.752720921969036,
Reducción_sn_kg_pool_amplio,tasa_feed_Carbon_kg_min,pd,59.56508817093781,38.752720921969036,
Reducción_sn_kg_pool_amplio,tasa_feed_Carbon_kg_min,pd,62.820571219730496,55.87311107860808,
Reducción_sn_kg_pool_amplio,tasa_feed_Carbon_kg_min,pd,66.07605426852318,55.87311107860808,
Reducción_sn_kg_pool_amplio,tasa_feed_Carbon_kg_min,ale,3.241302187343008,-44.194407274384346,
Reducción_sn_kg_pool_amplio,tasa_feed_Carbon_kg_min,ale,5.171640901323702,-34.82923698282812,
Reducción_sn_kg_pool_amplio,tasa_feed_Carbon_kg_min,ale,5.9811600766508874,-33.49970605557682,
Reducción_sn_kg_pool_amplio,tasa_feed_Carbon_kg_min,ale,7.336383368999927,-32.170175128325525,
Reducción_sn_kg_pool_amplio,tasa_feed_Carbon_kg_min,ale,8.834827533298068,-30.753984143079933,
Reducción_sn_kg_pool_amplio,tasa_feed_Carbon_kg_min,ale,10.196336755903939,-27.927845503180674,
Reducción_sn_kg_pool_amplio,tasa_feed_Carbon_kg_min,ale,12.059895015292696,-26.517897848527,
Reducción_sn_kg_pool_amplio,tasa_feed_Carbon_kg_min,ale,14.422441564287457,-26.517897848527,
Reducción_sn_kg_pool_amplio,tasa_feed_Carbon_kg_min,ale,17.390411455203328,-26.167885046598073,
Reducción_sn_kg_pool_amplio,tasa_feed_Carbon_kg_min,ale,22.646360503256105,-24.463693436057465,
Reducción_sn_kg_pool_amplio,tasa_feed_Carbon_kg_min,ale,26.793899723933293,-23.109514627445783,
Reducción_sn_kg_pool_amplio,tasa_feed_Carbon_kg_min,ale,28.494928017640728,-23.109514627445783,
Reducción_sn_kg_pool_amplio,tasa_feed_Carbon_kg_min,ale,31.5104106042324,-23.109514627445783,
Reducción_sn_kg_pool_amplio,tasa_feed_Carbon_kg_min,ale,36.57257819738144,-23.109514627445783,
Reducción_sn_kg_pool_amplio,tasa_feed_Carbon_kg_min,ale,47.173482063111,12.816964176745493,
Reducción_sn_kg_pool_amplio,tasa_feed_Carbon_kg_min,ale,57.080508414777796,48.743442980936756,
Reducción_sn_kg_pool_amplio,tasa_feed_Carbon_kg_min,ale,60.73800511403865,67.90876046223039,
Reducción_sn_kg_pool_amplio,tasa_feed_Carbon_kg_min,ale,62.817673297996706,88.79828966290012,
Reducción_sn_kg_pool_amplio,tasa_feed_Carbon_kg_min,ale,64.39190442197224,90.52250138227626,
Reducción_sn_kg_pool_amplio,tasa_feed_Carbon_kg_min,ale,65.9271858873887,90.52250138227626,
Reducción_sn_kg_pool_amplio,tasa_feed_Carbon_kg_min,shap_decil,4.898829535282019,-32.27965874795949,0.0
Reducción_sn_kg_pool_amplio,tasa_feed_Carbon_kg_min,shap_decil,6.519492316968512,-21.873917058417053,0.0
Reducción_sn_kg_pool_amplio,tasa_feed_Carbon_kg_min,shap_decil,9.514349316793773,-16.97474405665697,0.0
Reducción_sn_kg_pool_amplio,tasa_feed_Carbon_kg_min,shap_decil,13.242276836576913,-15.234103929327283,0.0
Reducción_sn_kg_pool_amplio,tasa_feed_Carbon_kg_min,shap_decil,19.181326059194713,-15.440705316523431,0.0
Reducción_sn_kg_pool_amplio,tasa_feed_Carbon_kg_min,shap_decil,27.471941825671074,-14.387904063976174,0.0
Reducción_sn_kg_pool_amplio,tasa_feed_Carbon_kg_min,shap_decil,33.50528059739334,-15.330054581041964,0.0
Reducción_sn_kg_pool_amplio,tasa_feed_Carbon_kg_min,shap_decil,54.74468849756531,15.463930941586343,0.6261682242990654
Reducción_sn_kg_pool_amplio,tasa_feed_Carbon_kg_min,shap_decil,62.02051962575604,57.325685377307614,0.9906542056074766
Reducción_sn_kg_pool_amplio,tasa_feed_Carbon_kg_min,shap_decil,65.17157084147135,61.682204619466134,1.0
Reducción_sn_kg_pool_amplio,interaccion_C_x_Sn_prev,pd,6.47695435732097,-135.7855631438995,
Reducción_sn_kg_pool_amplio,interaccion_C_x_Sn_prev,pd,73.41726971381084,-124.85009497545562,
Reducción_sn_kg_pool_amplio,interaccion_C_x_Sn_prev,pd,140.35758507030073,-106.42030570368891,
Reducción_sn_kg_pool_amplio,interaccion_C_x_Sn_prev,pd,207.29790042679062,-105.14281398573445,
Reducción_sn_kg_pool_amplio,interaccion_C_x_Sn_prev,pd,274.23821578328045,-86.6295278624257,
Reducción_sn_kg_pool_amplio,interaccion_C_x_Sn_prev,pd,341.1785311397703,-85.93724141962846,
Reducción_sn_kg_pool_amplio,interaccion_C_x_Sn_prev,pd,408.11884649626023,-81.80244686590814,
Reducción_sn_kg_pool_amplio,interaccion_C_x_Sn_prev,pd,475.0591618527501,-81.09206147500882,
Reducción_sn_kg_pool_amplio,interaccion_C_x_Sn_prev,pd,541.99947720924,-78.60878224378988,
Reducción_sn_kg_pool_amplio,interaccion_C_x_Sn_prev,pd,608.9397925657299,112.88716941139708,
Reducción_sn_kg_pool_amplio,interaccion_C_x_Sn_prev,pd,675.8801079222197,112.88716941139708,
Reducción_sn_kg_pool_amplio,interaccion_C_x_Sn_prev,pd,742.8204232787097,112.88716941139708,
Reducción_sn_kg_pool_amplio,interaccion_C_x_Sn_prev,pd,809.7607386351996,125.83994695897741,
Reducción_sn_kg_pool_amplio,interaccion_C_x_Sn_prev,pd,876.7010539916894,186.82830878721953,
Reducción_sn_kg_pool_amplio,interaccion_C_x_Sn_prev,pd,943.6413693481793,209.73581110514564,
Reducción_sn_kg_pool_amplio,interaccion_C_x_Sn_prev,pd,1010.5816847046691,243.45604885286335,
Reducción_sn_kg_pool_amplio,interaccion_C_x_Sn_prev,pd,1077.522000061159,247.80140444516994,
Reducción_sn_kg_pool_amplio,interaccion_C_x_Sn_prev,pd,1144.4623154176488,247.80140444516994,
Reducción_sn_kg_pool_amplio,interaccion_C_x_Sn_prev,pd,1211.4026307741387,263.2241061206784,
Reducción_sn_kg_pool_amplio,interaccion_C_x_Sn_prev,pd,1278.3429461306287,263.2241061206784,
Reducción_sn_kg_pool_amplio,interaccion_C_x_Sn_prev,ale,5.163692875539436,-175.72703304510173,
Reducción_sn_kg_pool_amplio,interaccion_C_x_Sn_prev,ale,8.811127894802,-175.72703304510173,
Reducción_sn_kg_pool_amplio,interaccion_C_x_Sn_prev,ale,10.673995250405966,-175.72703304510173,
Reducción_sn_kg_pool_amplio,interaccion_C_x_Sn_prev,ale,13.063828619461479,-175.72703304510173,
Reducción_sn_kg_pool_amplio,interaccion_C_x_Sn_prev,ale,16.795748930110573,-168.75488499962597,
Reducción_sn_kg_pool_amplio,interaccion_C_x_Sn_prev,ale,21.178142467540987,-161.78273695415018,
Reducción_sn_kg_pool_amplio,interaccion_C_x_Sn_prev,ale,25.578747279249285,-161.32544542564403,
Reducción_sn_kg_pool_amplio,interaccion_C_x_Sn_prev,ale,31.220860081627137,-160.86815389713786,
Reducción_sn_kg_pool_amplio,interaccion_C_x_Sn_prev,ale,41.78672540061834,-160.2124430573636,
Reducción_sn_kg_pool_amplio,interaccion_C_x_Sn_prev,ale,60.490077589272616,-159.5567322175893,
Reducción_sn_kg_pool_amplio,interaccion_C_x_Sn_prev,ale,78.41016031760216,-155.42144530968133,
Reducción_sn_kg_pool_amplio,interaccion_C_x_Sn_prev,ale,93.362506351776,-151.28615840177338,
Reducción_sn_kg_pool_amplio,interaccion_C_x_Sn_prev,ale,117.75483324774606,-151.28615840177338,
Reducción_sn_kg_pool_amplio,interaccion_C_x_Sn_prev,ale,177.19002484631,-139.10049629791976,
Reducción_sn_kg_pool_amplio,interaccion_C_x_Sn_prev,ale,408.37381908630056,-20.03538876079108,
Reducción_sn_kg_pool_amplio,interaccion_C_x_Sn_prev,ale,678.6940311584325,86.84405667248404,
Reducción_sn_kg_pool_amplio,interaccion_C_x_Sn_prev,ale,834.1060361510096,314.2317863656147,
Reducción_sn_kg_pool_amplio,interaccion_C_x_Sn_prev,ale,962.5933713663558,583.1334557320233,
Reducción_sn_kg_pool_amplio,interaccion_C_x_Sn_prev,ale,1094.1187843903624,643.7951136581529,
Reducción_sn_kg_pool_amplio,interaccion_C_x_Sn_prev,ale,1361.7370610593025,662.9428319110045,
Reducción_sn_kg_pool_amplio,interaccion_C_x_Sn_prev,shap_decil,7.891426838917257,-98.91950745021644,0.0
Reducción_sn_kg_pool_amplio,interaccion_C_x_Sn_prev,shap_decil,11.621374614856554,-97.04845378962358,0.0
Reducción_sn_kg_pool_amplio,interaccion_C_x_Sn_prev,shap_decil,19.020487387935756,-89.30979218320942,0.0
Reducción_sn_kg_pool_amplio,interaccion_C_x_Sn_prev,shap_decil,27.878464930398124,-84.58988078086271,0.0
Reducción_sn_kg_pool_amplio,interaccion_C_x_Sn_prev,shap_decil,49.02175804568821,-87.07966476180704,0.0
Reducción_sn_kg_pool_amplio,interaccion_C_x_Sn_prev,shap_decil,84.83762143219742,-81.85327205553143,0.0
Reducción_sn_kg_pool_amplio,interaccion_C_x_Sn_prev,shap_decil,133.70873469501987,-74.6130140317469,0.0
Reducción_sn_kg_pool_amplio,interaccion_C_x_Sn_prev,shap_decil,596.0550853074596,-14.005627820166582,0.3925233644859813
Reducción_sn_kg_pool_amplio,interaccion_C_x_Sn_prev,shap_decil,906.6512414747667,194.87963945736013,0.8785046728971962
Reducción_sn_kg_pool_amplio,interaccion_C_x_Sn_prev,shap_decil,1169.980427813848,281.8842866762351,1.0
Reducción_sn_kg_pool_amplio,duracion_plan_min,pd,13.0,1.5994489909318272,
Reducción_sn_kg_pool_amplio,duracion_plan_min,pd,15.0,-0.5877971893625427,
Reducción_sn_kg_pool_amplio,duracion_plan_min,pd,20.0,-0.5877971893625427,
Reducción_sn_kg_pool_amplio,duracion_plan_min,pd,25.0,-0.5877971893625427,
Reducción_sn_kg_pool_amplio,duracion_plan_min,pd,30.0,-0.5877971893625427,
Reducción_sn_kg_pool_amplio,duracion_plan_min,ale,16.5,0.8659323427501429,
Reducción_sn_kg_pool_amplio,duracion_plan_min,ale,22.5,-0.7265528218280299,
Reducción_sn_kg_pool_amplio,duracion_plan_min,ale,27.5,-0.7265528218280299,
Reducción_sn_kg_pool_amplio,duracion_plan_min,shap_decil,20.0,0.3467332731092783,0.35714285714285715
Reducción_sn_kg_pool_amplio,duracion_plan_min,shap_decil,25.0,-0.4756304926698979,0.0
Reducción_sn_kg_pool_amplio,duracion_plan_min,shap_decil,30.0,-0.3458591413213813,0.0
Reducción_sn_kg_pool_amplio,tasa_gn_nm3_min,pd,12.907811509525231,-29.02187246452525,
Reducción_sn_kg_pool_amplio,tasa_gn_nm3_min,pd,13.778815279491264,-29.02187246452525,
Reducción_sn_kg_pool_amplio,tasa_gn_nm3_min,pd,14.649819049457296,-29.02187246452525,
Reducción_sn_kg_pool_amplio,tasa_gn_nm3_min,pd,15.520822819423328,-22.607490896685125,
Reducción_sn_kg_pool_amplio,tasa_gn_nm3_min,pd,16.39182658938936,-20.595044399895887,
Reducción_sn_kg_pool_amplio,tasa_gn_nm3_min,pd,17.262830359355394,-18.006491113249123,
Reducción_sn_kg_pool_amplio,tasa_gn_nm3_min,pd,18.133834129321425,-18.910781400804456,
Reducción_sn_kg_pool_amplio,tasa_gn_nm3_min,pd,19.00483789928746,-18.541253434555546,
Reducción_sn_kg_pool_amplio,tasa_gn_nm3_min,pd,19.87584166925349,-18.110427492068805,
Reducción_sn_kg_pool_amplio,tasa_gn_nm3_min,pd,20.746845439219523,-18.110427492068805,
Reducción_sn_kg_pool_amplio,tasa_gn_nm3_min,pd,21.617849209185557,-15.975434645582162,
Reducción_sn_kg_pool_amplio,tasa_gn_nm3_min,pd,22.488852979151588,-15.975434645582162,
Reducción_sn_kg_pool_amplio,tasa_gn_nm3_min,pd,23.35985674911762,-16.83717426209042,
Reducción_sn_kg_pool_amplio,tasa_gn_nm3_min,pd,24.230860519083652,-15.92513124756273,
Reducción_sn_kg_pool_amplio,tasa_gn_nm3_min,pd,25.101864289049686,-17.092622756690744,
Reducción_sn_kg_pool_amplio,tasa_gn_nm3_min,pd,25.972868059015717,-17.868455493061816,
Reducción_sn_kg_pool_amplio,tasa_gn_nm3_min,pd,26.843871828981747,-2.916478308887885,
Reducción_sn_kg_pool_amplio,tasa_gn_nm3_min,pd,27.71487559894778,-53.58770665374572,
Reducción_sn_kg_pool_amplio,tasa_gn_nm3_min,pd,28.585879368913815,125.00613222750671,
Reducción_sn_kg_pool_amplio,tasa_gn_nm3_min,pd,29.456883138879846,-12.454509495350795,
Reducción_sn_kg_pool_amplio,tasa_gn_nm3_min,ale,11.037756558880172,-38.63995119085628,
Reducción_sn_kg_pool_amplio,tasa_gn_nm3_min,ale,15.608834092822281,-32.632845642143586,
Reducción_sn_kg_pool_amplio,tasa_gn_nm3_min,ale,16.56027779444942,-25.093859184637502,
Reducción_sn_kg_pool_amplio,tasa_gn_nm3_min,ale,17.092734350981537,-23.561978275844112,
Reducción_sn_kg_pool_amplio,tasa_gn_nm3_min,ale,17.681507263243482,-24.197329573894013,
Reducción_sn_kg_pool_amplio,tasa_gn_nm3_min,ale,18.32479452647794,-24.3875884098263,
Reducción_sn_kg_pool_amplio,tasa_gn_nm3_min,ale,19.06421637386746,-23.102432290790095,
Reducción_sn_kg_pool_amplio,tasa_gn_nm3_min,ale,19.802664996253117,-22.262368633871496,
Reducción_sn_kg_pool_amplio,tasa_gn_nm3_min,ale,20.76697793675983,-20.08826091302367,
Reducción_sn_kg_pool_amplio,tasa_gn_nm3_min,ale,22.026659027503285,-17.914153192175846,
Reducción_sn_kg_pool_amplio,tasa_gn_nm3_min,ale,23.14139648332224,-17.821382496168553,
Reducción_sn_kg_pool_amplio,tasa_gn_nm3_min,ale,24.019322889052308,-17.72861180016126,
Reducción_sn_kg_pool_amplio,tasa_gn_nm3_min,ale,24.826416748725045,-18.10488581328434,
Reducción_sn_kg_pool_amplio,tasa_gn_nm3_min,ale,25.593005999416775,-18.909783467797613,
Reducción_sn_kg_pool_amplio,tasa_gn_nm3_min,ale,26.345484076379847,-8.973168835918045,
Reducción_sn_kg_pool_amplio,tasa_gn_nm3_min,ale,27.099013434176975,-28.692373634653958,
Reducción_sn_kg_pool_amplio,tasa_gn_nm3_min,ale,27.772838876455804,-4.373923914809012,
Reducción_sn_kg_pool_amplio,tasa_gn_nm3_min,ale,28.265780666775175,119.74285878251989,
Reducción_sn_kg_pool_amplio,tasa_gn_nm3_min,ale,28.82175057729085,180.05894254401102,
Reducción_sn_kg_pool_amplio,tasa_gn_nm3_min,ale,29.76431212220368,67.11775093663856,
Reducción_sn_kg_pool_amplio,tasa_gn_nm3_min,shap_decil,14.878311660838339,-19.052772092662256,0.0
Reducción_sn_kg_pool_amplio,tasa_gn_nm3_min,shap_decil,16.783672417534724,-12.43045032675586,0.0
Reducción_sn_kg_pool_amplio,tasa_gn_nm3_min,shap_decil,17.957079041375053,-13.129841982461853,0.0
Reducción_sn_kg_pool_amplio,tasa_gn_nm3_min,shap_decil,19.436591737535263,-11.175237005420454,0.037037037037037035
Reducción_sn_kg_pool_amplio,tasa_gn_nm3_min,shap_decil,21.37860715208935,-11.50608472015245,0.04672897196261682
Reducción_sn_kg_pool_amplio,tasa_gn_nm3_min,shap_decil,23.597465294581948,-11.084418939135594,0.11214953271028037
Reducción_sn_kg_pool_amplio,tasa_gn_nm3_min,shap_decil,25.212115627712677,-17.483435689318064,0.08333333333333333
Reducción_sn_kg_pool_amplio,tasa_gn_nm3_min,shap_decil,26.7222594265408,-18.307053368366745,0.34579439252336447
Reducción_sn_kg_pool_amplio,tasa_gn_nm3_min,shap_decil,28.063565606011288,15.075033212544092,0.4672897196261682
Reducción_sn_kg_pool_amplio,tasa_gn_nm3_min,shap_decil,29.176838542796943,75.66078591307623,0.7314814814814815
Reducción_sn_kg_pool_amplio,exceso_o2_combustion_pct,pd,-7.343686095851547,16.149948981876175,
Reducción_sn_kg_pool_amplio,exceso_o2_combustion_pct,pd,-5.337577943190176,12.546533628991993,
Reducción_sn_kg_pool_amplio,exceso_o2_combustion_pct,pd,-3.331469790528806,-34.68470275240914,
Reducción_sn_kg_pool_amplio,exceso_o2_combustion_pct,pd,-1.3253616378674362,-33.84149847554889,
Reducción_sn_kg_pool_amplio,exceso_o2_combustion_pct,pd,0.6807465147939347,-33.84149847554889,
Reducción_sn_kg_pool_amplio,exceso_o2_combustion_pct,pd,2.6868546674553055,-33.84149847554889,
Reducción_sn_kg_pool_amplio,exceso_o2_combustion_pct,pd,4.692962820116675,-33.84149847554889,
Reducción_sn_kg_pool_amplio,exceso_o2_combustion_pct,pd,6.6990709727780455,-33.84149847554889,
Reducción_sn_kg_pool_amplio,exceso_o2_combustion_pct,pd,8.705179125439416,-33.84149847554889,
Reducción_sn_kg_pool_amplio,exceso_o2_combustion_pct,pd,10.711287278100786,-33.84149847554889,
Reducción_sn_kg_pool_amplio,exceso_o2_combustion_pct,pd,12.717395430762158,-68.19426224109166,
Reducción_sn_kg_pool_amplio,exceso_o2_combustion_pct,pd,14.723503583423527,-68.19426224109166,
Reducción_sn_kg_pool_amplio,exceso_o2_combustion_pct,pd,16.729611736084898,-68.19426224109166,
Reducción_sn_kg_pool_amplio,exceso_o2_combustion_pct,pd,18.735719888746267,-68.19426224109166,
Reducción_sn_kg_pool_amplio,exceso_o2_combustion_pct,pd,20.741828041407636,-68.19426224109166,
Reducción_sn_kg_pool_amplio,exceso_o2_combustion_pct,pd,22.747936194069013,-55.50232505554686,
Reducción_sn_kg_pool_amplio,exceso_o2_combustion_pct,pd,24.75404434673038,-55.50232505554686,
Reducción_sn_kg_pool_amplio,exceso_o2_combustion_pct,pd,26.76015249939175,-55.50232505554686,
Reducción_sn_kg_pool_amplio,exceso_o2_combustion_pct,pd,28.76626065205312,-55.50232505554686,
Reducción_sn_kg_pool_amplio,exceso_o2_combustion_pct,pd,30.772368804714493,-55.50232505554686,
Reducción_sn_kg_pool_amplio,exceso_o2_combustion_pct,ale,-30.117091862243512,40.302323069776335,
Reducción_sn_kg_pool_amplio,exceso_o2_combustion_pct,ale,-6.777501809967772,40.302323069776335,
Reducción_sn_kg_pool_amplio,exceso_o2_combustion_pct,ale,-6.516601019286149,41.625400285108995,
Reducción_sn_kg_pool_amplio,exceso_o2_combustion_pct,ale,-6.287535690289763,42.10636114670524,
Reducción_sn_kg_pool_amplio,exceso_o2_combustion_pct,ale,-6.056534654845137,47.5468817629871,
Reducción_sn_kg_pool_amplio,exceso_o2_combustion_pct,ale,-5.867601367090863,53.029202952392815,
Reducción_sn_kg_pool_amplio,exceso_o2_combustion_pct,ale,-5.699984360216262,44.80868120290065,
Reducción_sn_kg_pool_amplio,exceso_o2_combustion_pct,ale,-5.534287223752699,30.761969051415385,
Reducción_sn_kg_pool_amplio,exceso_o2_combustion_pct,ale,-5.374681688227667,36.4649449201673,
Reducción_sn_kg_pool_amplio,exceso_o2_combustion_pct,ale,-5.197827784979694,46.06920784377631,
Reducción_sn_kg_pool_amplio,exceso_o2_combustion_pct,ale,-5.001924424158693,44.84680287781679,
Reducción_sn_kg_pool_amplio,exceso_o2_combustion_pct,ale,-4.786203655627775,35.73729356322272,
Reducción_sn_kg_pool_amplio,exceso_o2_combustion_pct,ale,-4.503964833556995,-19.352290150252315,
Reducción_sn_kg_pool_amplio,exceso_o2_combustion_pct,ale,-4.029199105901051,-62.22770389136035,
Reducción_sn_kg_pool_amplio,exceso_o2_combustion_pct,ale,-3.2818583455263166,-60.62585739537646,
Reducción_sn_kg_pool_amplio,exceso_o2_combustion_pct,ale,-2.06839608550746,-59.938546076806446,
Reducción_sn_kg_pool_amplio,exceso_o2_combustion_pct,ale,0.09706242959984446,-59.251234758236436,
Reducción_sn_kg_pool_amplio,exceso_o2_combustion_pct,ale,4.1244072084836985,-59.251234758236436,
Reducción_sn_kg_pool_amplio,exceso_o2_combustion_pct,ale,11.780620092397818,-82.47611268225717,
Reducción_sn_kg_pool_amplio,exceso_o2_combustion_pct,ale,63.88404787815025,-99.60841667116334,
Reducción_sn_kg_pool_amplio,exceso_o2_combustion_pct,shap_decil,-6.933295015354705,16.95008271028291,0.9907407407407407
Reducción_sn_kg_pool_amplio,exceso_o2_combustion_pct,shap_decil,-6.409387386364883,18.170409535837884,0.9439252336448598
Reducción_sn_kg_pool_amplio,exceso_o2_combustion_pct,shap_decil,-5.947858090815141,24.366016493278448,0.9439252336448598
Reducción_sn_kg_pool_amplio,exceso_o2_combustion_pct,shap_decil,-5.612454518557493,7.454093811338098,0.5833333333333334
Reducción_sn_kg_pool_amplio,exceso_o2_combustion_pct,shap_decil,-5.293017683938036,16.88732534934136,0.7102803738317757
Reducción_sn_kg_pool_amplio,exceso_o2_combustion_pct,shap_decil,-4.901420092662267,14.412540313529169,0.719626168224299
Reducción_sn_kg_pool_amplio,exceso_o2_combustion_pct,shap_decil,-4.336434247840108,-32.85887210990254,0.10185185185185185
Reducción_sn_kg_pool_amplio,exceso_o2_combustion_pct,shap_decil,-2.838656992030571,-27.033356087882176,0.009345794392523364
Reducción_sn_kg_pool_amplio,exceso_o2_combustion_pct,shap_decil,1.483305308977794,-24.057012017345553,0.0
Reducción_sn_kg_pool_amplio,exceso_o2_combustion_pct,shap_decil,16.813073261441716,-38.158590371895656,0.0
Reducción_sn_kg_pool_amplio,temperatura_horno_celsius_prev,pd,933.220227061006,3.0183808207763336,
Reducción_sn_kg_pool_amplio,temperatura_horno_celsius_prev,pd,947.3203239523933,3.0183808207763336,
Reducción_sn_kg_pool_amplio,temperatura_horno_celsius_prev,pd,961.4204208437807,0.4859364639695421,
Reducción_sn_kg_pool_amplio,temperatura_horno_celsius_prev,pd,975.520517735168,0.4859364639695421,
Reducción_sn_kg_pool_amplio,temperatura_horno_celsius_prev,pd,989.6206146265554,-1.6179120850990527,
Reducción_sn_kg_pool_amplio,temperatura_horno_celsius_prev,pd,1003.7207115179427,-0.43059902584994053,
Reducción_sn_kg_pool_amplio,temperatura_horno_celsius_prev,pd,1017.8208084093301,-0.032288332466037954,
Reducción_sn_kg_pool_amplio,temperatura_horno_celsius_prev,pd,1031.9209053007175,8.145515761024933,
Reducción_sn_kg_pool_amplio,temperatura_horno_celsius_prev,pd,1046.0210021921048,7.73609249670793,
Reducción_sn_kg_pool_amplio,temperatura_horno_celsius_prev,pd,1060.1210990834923,2.1318174521322524,
Reducción_sn_kg_pool_amplio,temperatura_horno_celsius_prev,pd,1074.2211959748795,2.741756773759664,
Reducción_sn_kg_pool_amplio,temperatura_horno_celsius_prev,pd,1088.321292866267,13.232238594882148,
Reducción_sn_kg_pool_amplio,temperatura_horno_celsius_prev,pd,1102.4213897576542,-2.3293867933626675,
Reducción_sn_kg_pool_amplio,temperatura_horno_celsius_prev,pd,1116.5214866490417,-23.35570677551007,
Reducción_sn_kg_pool_amplio,temperatura_horno_celsius_prev,pd,1130.621583540429,23.02443745015622,
Reducción_sn_kg_pool_amplio,temperatura_horno_celsius_prev,pd,1144.7216804318164,26.918242561497905,
Reducción_sn_kg_pool_amplio,temperatura_horno_celsius_prev,pd,1158.8217773232036,23.386862128143783,
Reducción_sn_kg_pool_amplio,temperatura_horno_celsius_prev,pd,1172.921874214591,23.386862128143783,
Reducción_sn_kg_pool_amplio,temperatura_horno_celsius_prev,pd,1187.0219711059783,23.386862128143783,
Reducción_sn_kg_pool_amplio,temperatura_horno_celsius_prev,pd,1201.1220679973658,23.386862128143783,
Reducción_sn_kg_pool_amplio,temperatura_horno_celsius_prev,ale,926.2433403576335,11.921923481194385,
Reducción_sn_kg_pool_amplio,temperatura_horno_celsius_prev,ale,958.2757001224993,10.509690012602398,
Reducción_sn_kg_pool_amplio,temperatura_horno_celsius_prev,ale,976.1279239578201,7.983915753254451,
Reducción_sn_kg_pool_amplio,temperatura_horno_celsius_prev,ale,991.6238920289143,7.482186738603235,
Reducción_sn_kg_pool_amplio,temperatura_horno_celsius_prev,ale,1006.3234892384958,8.079094775358115,
Reducción_sn_kg_pool_amplio,temperatura_horno_celsius_prev,ale,1020.2149427755,11.55682574539343,
Reducción_sn_kg_pool_amplio,temperatura_horno_celsius_prev,ale,1033.655456532434,14.521870792624455,
Reducción_sn_kg_pool_amplio,temperatura_horno_celsius_prev,ale,1047.0096750680493,8.600536706223625,
Reducción_sn_kg_pool_amplio,temperatura_horno_celsius_prev,ale,1057.7617376983944,3.2067922819769503,
Reducción_sn_kg_pool_amplio,temperatura_horno_celsius_prev,ale,1067.891758371437,3.5063235263426957,
Reducción_sn_kg_pool_amplio,temperatura_horno_celsius_prev,ale,1077.9411843164703,9.194403635826255,
Reducción_sn_kg_pool_amplio,temperatura_horno_celsius_prev,ale,1086.7241100306178,14.582952500944067,
Reducción_sn_kg_pool_amplio,temperatura_horno_celsius_prev,ale,1095.0014897643237,5.14804872810343,
Reducción_sn_kg_pool_amplio,temperatura_horno_celsius_prev,ale,1105.3055280953668,-29.809638192878808,
Reducción_sn_kg_pool_amplio,temperatura_horno_celsius_prev,ale,1115.3612893009476,-41.47201125061416,
Reducción_sn_kg_pool_amplio,temperatura_horno_celsius_prev,ale,1124.6706900608192,-82.22016864413379,
Reducción_sn_kg_pool_amplio,temperatura_horno_celsius_prev,ale,1135.4381362843897,-51.19044678849684,
Reducción_sn_kg_pool_amplio,temperatura_horno_celsius_prev,ale,1147.3980285082234,33.13974147817085,
Reducción_sn_kg_pool_amplio,temperatura_horno_celsius_prev,ale,1164.3345407856534,31.223547381485233,
Reducción_sn_kg_pool_amplio,temperatura_horno_celsius_prev,ale,1226.0363342141127,24.5714153474483,
Reducción_sn_kg_pool_amplio,temperatura_horno_celsius_prev,shap_decil,949.164859985852,0.3374577632729795,0.4722222222222222
Reducción_sn_kg_pool_amplio,temperatura_horno_celsius_prev,shap_decil,984.9201477576472,-1.1976639479400917,0.3177570093457944
Reducción_sn_kg_pool_amplio,temperatura_horno_celsius_prev,shap_decil,1014.3116002034612,1.5177565147132157,0.4392523364485981
Reducción_sn_kg_pool_amplio,temperatura_horno_celsius_prev,shap_decil,1041.1799436571323,9.574460258327463,0.9351851851851852
Reducción_sn_kg_pool_amplio,temperatura_horno_celsius_prev,shap_decil,1062.7095708096936,2.1393260556497067,0.6448598130841121
Reducción_sn_kg_pool_amplio,temperatura_horno_celsius_prev,shap_decil,1082.7440782483056,12.126824004880385,0.897196261682243
Reducción_sn_kg_pool_amplio,temperatura_horno_celsius_prev,shap_decil,1099.36687583995,-4.312774869883107,0.5092592592592593
Reducción_sn_kg_pool_amplio,temperatura_horno_celsius_prev,shap_decil,1119.5761787051806,-40.070346731985246,0.06542056074766354
Reducción_sn_kg_pool_amplio,temperatura_horno_celsius_prev,shap_decil,1141.0012693242243,16.648322716516986,0.8504672897196262
Reducción_sn_kg_pool_amplio,temperatura_horno_celsius_prev,shap_decil,1174.9587182409432,13.713803432278924,0.7222222222222222
Reducción_sn_kg_pool_amplio,basicidad_B2_prev,pd,0.46543739989047167,-34.21190136461562,
Reducción_sn_kg_pool_amplio,basicidad_B2_prev,pd,0.47567431223264023,-54.45566643250118,
Reducción_sn_kg_pool_amplio,basicidad_B2_prev,pd,0.48591122457480873,-2.07758716837671,
Reducción_sn_kg_pool_amplio,basicidad_B2_prev,pd,0.4961481369169773,1.8706863212467948,
Reducción_sn_kg_pool_amplio,basicidad_B2_prev,pd,0.5063850492591458,-1.9001093203757013,
Reducción_sn_kg_pool_amplio,basicidad_B2_prev,pd,0.5166219616013144,7.204140170503556,
Reducción_sn_kg_pool_amplio,basicidad_B2_prev,pd,0.5268588739434829,33.59046630179847,
Reducción_sn_kg_pool_amplio,basicidad_B2_prev,pd,0.5370957862856515,27.190435421376762,
Reducción_sn_kg_pool_amplio,basicidad_B2_prev,pd,0.54733269862782,12.888676669923,
Reducción_sn_kg_pool_amplio,basicidad_B2_prev,pd,0.5575696109699885,8.331260393915738,
Reducción_sn_kg_pool_amplio,basicidad_B2_prev,pd,0.567806523312157,2.1246365545683394,
Reducción_sn_kg_pool_amplio,basicidad_B2_prev,pd,0.5780434356543256,1.2721982507551792,
Reducción_sn_kg_pool_amplio,basicidad_B2_prev,pd,0.5882803479964941,-1.5443974278335504,
Reducción_sn_kg_pool_amplio,basicidad_B2_prev,pd,0.5985172603386626,-1.5443974278335504,
Reducción_sn_kg_pool_amplio,basicidad_B2_prev,pd,0.6087541726808312,-1.5443974278335504,
Reducción_sn_kg_pool_amplio,basicidad_B2_prev,pd,0.6189910850229997,-21.18978445121775,
Reducción_sn_kg_pool_amplio,basicidad_B2_prev,pd,0.6292279973651682,-21.18978445121775,
Reducción_sn_kg_pool_amplio,basicidad_B2_prev,pd,0.6394649097073368,-21.18978445121775,
Reducción_sn_kg_pool_amplio,basicidad_B2_prev,pd,0.6497018220495053,-29.983193123935447,
Reducción_sn_kg_pool_amplio,basicidad_B2_prev,pd,0.6599387343916738,-106.2522677004559,
Reducción_sn_kg_pool_amplio,basicidad_B2_prev,ale,0.3372222900074008,-64.68994183711368,
Reducción_sn_kg_pool_amplio,basicidad_B2_prev,ale,0.4869792898671599,-42.65378241865806,
Reducción_sn_kg_pool_amplio,basicidad_B2_prev,ale,0.5009082013963423,-9.975069557073269,
Reducción_sn_kg_pool_amplio,basicidad_B2_prev,ale,0.5108615435122288,-4.518712791940558,
Reducción_sn_kg_pool_amplio,basicidad_B2_prev,ale,0.5177956383738,6.134865044896557,
Reducción_sn_kg_pool_amplio,basicidad_B2_prev,ale,0.5242404623675949,23.300186461700847,
Reducción_sn_kg_pool_amplio,basicidad_B2_prev,ale,0.5297188494631639,36.02889696066772,
Reducción_sn_kg_pool_amplio,basicidad_B2_prev,ale,0.5342721504794385,33.24979138252438,
Reducción_sn_kg_pool_amplio,basicidad_B2_prev,ale,0.5385195523908064,23.657500866156553,
Reducción_sn_kg_pool_amplio,basicidad_B2_prev,ale,0.5429235415270484,16.262991749567746,
Reducción_sn_kg_pool_amplio,basicidad_B2_prev,ale,0.5478058518692173,15.945901527404502,
Reducción_sn_kg_pool_amplio,basicidad_B2_prev,ale,0.5528698476626122,16.042552396999042,
Reducción_sn_kg_pool_amplio,basicidad_B2_prev,ale,0.5581126026225576,10.990956001233386,
Reducción_sn_kg_pool_amplio,basicidad_B2_prev,ale,0.5634451852863963,5.939359605467715,
Reducción_sn_kg_pool_amplio,basicidad_B2_prev,ale,0.5684845323110361,5.325189159325873,
Reducción_sn_kg_pool_amplio,basicidad_B2_prev,ale,0.5746724979350402,4.213785591207952,
Reducción_sn_kg_pool_amplio,basicidad_B2_prev,ale,0.5826674402569886,2.3338560324383053,
Reducción_sn_kg_pool_amplio,basicidad_B2_prev,ale,0.5940153002355792,0.9511595956447394,
Reducción_sn_kg_pool_amplio,basicidad_B2_prev,ale,0.6126802155565144,-7.735230722782418,
Reducción_sn_kg_pool_amplio,basicidad_B2_prev,ale,4.476335244411432,-69.70607877132,
Reducción_sn_kg_pool_amplio,basicidad_B2_prev,shap_decil,0.4795139781280625,-45.40021824410696,0.24074074074074073
Reducción_sn_kg_pool_amplio,basicidad_B2_prev,shap_decil,0.5073930290269213,-0.41604034706044846,0.5794392523364486
Reducción_sn_kg_pool_amplio,basicidad_B2_prev,shap_decil,0.5212340058089332,19.195090159693315,0.9345794392523364
Reducción_sn_kg_pool_amplio,basicidad_B2_prev,shap_decil,0.5322130844888253,35.48606541430831,1.0
Reducción_sn_kg_pool_amplio,basicidad_B2_prev,shap_decil,0.5407248997090185,13.140409016921758,0.9906542056074766
Reducción_sn_kg_pool_amplio,basicidad_B2_prev,shap_decil,0.5504590656523501,10.116628086768337,0.9532710280373832
Reducción_sn_kg_pool_amplio,basicidad_B2_prev,shap_decil,0.5609602841875094,2.819619397710466,0.6296296296296297
Reducción_sn_kg_pool_amplio,basicidad_B2_prev,shap_decil,0.571045935090963,-0.7828447130351993,0.5794392523364486
Reducción_sn_kg_pool_amplio,basicidad_B2_prev,shap_decil,0.5870272032652372,-4.57426797934425,0.22429906542056074
Reducción_sn_kg_pool_amplio,basicidad_B2_prev,shap_decil,0.6244211024914739,-37.436591691836114,0.07407407407407407
Reducción_sn_kg_pool_amplio,posicion_vertical_lanza_mm_prev,pd,2156.2668655763146,160.28968181217513,
Reducción_sn_kg_pool_amplio,posicion_vertical_lanza_mm_prev,pd,2301.4333254151375,106.24205242713043,
Reducción_sn_kg_pool_amplio,posicion_vertical_lanza_mm_prev,pd,2446.5997852539604,103.7429765674657,
Reducción_sn_kg_pool_amplio,posicion_vertical_lanza_mm_prev,pd,2591.7662450927833,95.289231438686,
Reducción_sn_kg_pool_amplio,posicion_vertical_lanza_mm_prev,pd,2736.932704931606,63.577852841883185,
Reducción_sn_kg_pool_amplio,posicion_vertical_lanza_mm_prev,pd,2882.099164770429,46.987406135265275,
Reducción_sn_kg_pool_amplio,posicion_vertical_lanza_mm_prev,pd,3027.265624609252,44.65298179839655,
Reducción_sn_kg_pool_amplio,posicion_vertical_lanza_mm_prev,pd,3172.4320844480753,28.017794583738198,
Reducción_sn_kg_pool_amplio,posicion_vertical_lanza_mm_prev,pd,3317.598544286898,20.85126149558246,
Reducción_sn_kg_pool_amplio,posicion_vertical_lanza_mm_prev,pd,3462.765004125721,18.077335977355997,
Reducción_sn_kg_pool_amplio,posicion_vertical_lanza_mm_prev,pd,3607.9314639645436,9.791951023430341,
Reducción_sn_kg_pool_amplio,posicion_vertical_lanza_mm_prev,pd,3753.097923803367,13.164539891197334,
Reducción_sn_kg_pool_amplio,posicion_vertical_lanza_mm_prev,pd,3898.26438364219,13.827071203249696,
Reducción_sn_kg_pool_amplio,posicion_vertical_lanza_mm_prev,pd,4043.4308434810127,-31.9557008995636,
Reducción_sn_kg_pool_amplio,posicion_vertical_lanza_mm_prev,pd,4188.597303319835,-67.27424809870102,
Reducción_sn_kg_pool_amplio,posicion_vertical_lanza_mm_prev,pd,4333.763763158659,-45.83541497744669,
Reducción_sn_kg_pool_amplio,posicion_vertical_lanza_mm_prev,pd,4478.930222997482,-189.0124113643024,
Reducción_sn_kg_pool_amplio,posicion_vertical_lanza_mm_prev,pd,4624.096682836304,-26.480186819367663,
Reducción_sn_kg_pool_amplio,posicion_vertical_lanza_mm_prev,pd,4769.263142675127,-28.875362072287242,
Reducción_sn_kg_pool_amplio,posicion_vertical_lanza_mm_prev,pd,4914.42960251395,-177.9435256881702,
Reducción_sn_kg_pool_amplio,posicion_vertical_lanza_mm_prev,ale,2032.5443107328358,154.000396677447,
Reducción_sn_kg_pool_amplio,posicion_vertical_lanza_mm_prev,ale,2425.555258194124,115.57007299184282,
Reducción_sn_kg_pool_amplio,posicion_vertical_lanza_mm_prev,ale,2593.468475910452,105.42018078512379,
Reducción_sn_kg_pool_amplio,posicion_vertical_lanza_mm_prev,ale,2700.4592568291555,85.11187400626389,
Reducción_sn_kg_pool_amplio,posicion_vertical_lanza_mm_prev,ale,2786.297934719047,68.11128211662279,
Reducción_sn_kg_pool_amplio,posicion_vertical_lanza_mm_prev,ale,2890.7153888478606,61.16595318019387,
Reducción_sn_kg_pool_amplio,posicion_vertical_lanza_mm_prev,ale,2994.42218046734,59.98020121256701,
Reducción_sn_kg_pool_amplio,posicion_vertical_lanza_mm_prev,ale,3090.3245194377855,47.733220483085205,
Reducción_sn_kg_pool_amplio,posicion_vertical_lanza_mm_prev,ale,3188.6414247881103,35.40460869675539,
Reducción_sn_kg_pool_amplio,posicion_vertical_lanza_mm_prev,ale,3302.545349097013,28.04851684847563,
Reducción_sn_kg_pool_amplio,posicion_vertical_lanza_mm_prev,ale,3420.315594186767,18.51124511093144,
Reducción_sn_kg_pool_amplio,posicion_vertical_lanza_mm_prev,ale,3542.8163193640703,12.038503075523408,
Reducción_sn_kg_pool_amplio,posicion_vertical_lanza_mm_prev,ale,3674.335270044457,10.721488576085449,
Reducción_sn_kg_pool_amplio,posicion_vertical_lanza_mm_prev,ale,3798.3998155300096,15.643053105800902,
Reducción_sn_kg_pool_amplio,posicion_vertical_lanza_mm_prev,ale,3926.427351915764,-36.768951921634596,
Reducción_sn_kg_pool_amplio,posicion_vertical_lanza_mm_prev,ale,4049.787201455062,-120.00104207030603,
Reducción_sn_kg_pool_amplio,posicion_vertical_lanza_mm_prev,ale,4176.153155711218,-173.86611484298174,
Reducción_sn_kg_pool_amplio,posicion_vertical_lanza_mm_prev,ale,4307.946269666114,-149.07044017144625,
Reducción_sn_kg_pool_amplio,posicion_vertical_lanza_mm_prev,ale,4494.541328658304,-119.4319634991154,
Reducción_sn_kg_pool_amplio,posicion_vertical_lanza_mm_prev,ale,6474.338837677944,-217.80005003448446,
Reducción_sn_kg_pool_amplio,posicion_vertical_lanza_mm_prev,shap_decil,2325.2577416492486,97.97982982837304,1.0
Reducción_sn_kg_pool_amplio,posicion_vertical_lanza_mm_prev,shap_decil,2662.2479055304275,56.44956515422945,1.0
Reducción_sn_kg_pool_amplio,posicion_vertical_lanza_mm_prev,shap_decil,2833.1441594904118,32.86653064582322,1.0
Reducción_sn_kg_pool_amplio,posicion_vertical_lanza_mm_prev,shap_decil,3041.1203428569593,29.942775815688833,0.9444444444444444
Reducción_sn_kg_pool_amplio,posicion_vertical_lanza_mm_prev,shap_decil,3237.840284264606,16.889331302050838,0.4205607476635514
Reducción_sn_kg_pool_amplio,posicion_vertical_lanza_mm_prev,shap_decil,3473.220168340774,15.005546814457771,0.2897196261682243
Reducción_sn_kg_pool_amplio,posicion_vertical_lanza_mm_prev,shap_decil,3736.47201054014,27.671479262805455,0.5462962962962963
Reducción_sn_kg_pool_amplio,posicion_vertical_lanza_mm_prev,shap_decil,3994.3585986328126,-14.05817738758818,0.2336448598130841
Reducción_sn_kg_pool_amplio,posicion_vertical_lanza_mm_prev,shap_decil,4244.997765174279,-86.97457309185941,0.028037383177570093
Reducción_sn_kg_pool_amplio,posicion_vertical_lanza_mm_prev,shap_decil,4618.553179233779,-104.36942504906001,0.12037037037037036
Reducción_sn_kg_pool_amplio,tasa_feed_CaO_kg_min,pd,2.2324579550210084e-25,18.917761765236897,
Reducción_sn_kg_pool_amplio,tasa_feed_CaO_kg_min,pd,0.08271739399025409,-32.98792922101612,
Reducción_sn_kg_pool_amplio,tasa_feed_CaO_kg_min,pd,0.16543478798050817,-80.21697671761993,
Reducción_sn_kg_pool_amplio,tasa_feed_CaO_kg_min,pd,0.24815218197076228,-71.2764063396468,
Reducción_sn_kg_pool_amplio,tasa_feed_CaO_kg_min,pd,0.33086957596101635,-74.0303784891401,
Reducción_sn_kg_pool_amplio,tasa_feed_CaO_kg_min,pd,0.4135869699512704,-77.33288602526915,
Reducción_sn_kg_pool_amplio,tasa_feed_CaO_kg_min,pd,0.49630436394152455,-77.33288602526915,
Reducción_sn_kg_pool_amplio,tasa_feed_CaO_kg_min,pd,0.5790217579317786,-30.641613572515745,
Reducción_sn_kg_pool_amplio,tasa_feed_CaO_kg_min,pd,0.6617391519220327,-0.9960605025141923,
Reducción_sn_kg_pool_amplio,tasa_feed_CaO_kg_min,pd,0.7444565459122868,-0.9960605025141923,
Reducción_sn_kg_pool_amplio,tasa_feed_CaO_kg_min,pd,0.8271739399025408,-0.9960605025141923,
Reducción_sn_kg_pool_amplio,tasa_feed_CaO_kg_min,pd,0.909891333892795,-0.9960605025141923,
Reducción_sn_kg_pool_amplio,tasa_feed_CaO_kg_min,pd,0.9926087278830491,-0.9960605025141923,
Reducción_sn_kg_pool_amplio,tasa_feed_CaO_kg_min,pd,1.0753261218733032,-0.9960605025141923,
Reducción_sn_kg_pool_amplio,tasa_feed_CaO_kg_min,pd,1.1580435158635571,-0.9960605025141923,
Reducción_sn_kg_pool_amplio,tasa_feed_CaO_kg_min,pd,1.2407609098538113,-0.9960605025141923,
Reducción_sn_kg_pool_amplio,tasa_feed_CaO_kg_min,pd,1.3234783038440654,-0.9960605025141923,
Reducción_sn_kg_pool_amplio,tasa_feed_CaO_kg_min,pd,1.4061956978343195,-0.9960605025141923,
Reducción_sn_kg_pool_amplio,tasa_feed_CaO_kg_min,pd,1.4889130918245737,-0.9960605025141923,
Reducción_sn_kg_pool_amplio,tasa_feed_CaO_kg_min,pd,1.5716304858148278,-7.565579797843487,
Reducción_sn_kg_pool_amplio,tasa_feed_CaO_kg_min,ale,2.821885648785474e-25,25.362377766473763,
Reducción_sn_kg_pool_amplio,tasa_feed_CaO_kg_min,ale,1.6788274378694854e-24,24.677409457536115,
Reducción_sn_kg_pool_amplio,tasa_feed_CaO_kg_min,ale,9.046255101547899e-24,19.63633608579569,
Reducción_sn_kg_pool_amplio,tasa_feed_CaO_kg_min,ale,2.465648309902797e-23,15.84377401025953,
Reducción_sn_kg_pool_amplio,tasa_feed_CaO_kg_min,ale,9.615270325912764e-23,18.777385911457664,
Reducción_sn_kg_pool_amplio,tasa_feed_CaO_kg_min,ale,4.094754664310068e-22,21.867054370700917,
Reducción_sn_kg_pool_amplio,tasa_feed_CaO_kg_min,ale,1.752875796813306e-21,25.19136848223073,
Reducción_sn_kg_pool_amplio,tasa_feed_CaO_kg_min,ale,6.875701643668065e-21,26.815781835464687,
Reducción_sn_kg_pool_amplio,tasa_feed_CaO_kg_min,ale,2.6022600250792837e-20,21.21769922036021,
Reducción_sn_kg_pool_amplio,tasa_feed_CaO_kg_min,ale,1.0087765544666918e-19,16.309050556310453,
Reducción_sn_kg_pool_amplio,tasa_feed_CaO_kg_min,ale,2.8971689661780715e-19,15.085753295779298,
Reducción_sn_kg_pool_amplio,tasa_feed_CaO_kg_min,ale,9.239681571661358e-19,12.835653152859303,
Reducción_sn_kg_pool_amplio,tasa_feed_CaO_kg_min,ale,3.2466564146876813e-09,2.933052287651428,
Reducción_sn_kg_pool_amplio,tasa_feed_CaO_kg_min,ale,0.00010889708823553671,-12.773304252977375,
Reducción_sn_kg_pool_amplio,tasa_feed_CaO_kg_min,ale,0.003006883355332934,-21.368408304046405,
Reducción_sn_kg_pool_amplio,tasa_feed_CaO_kg_min,ale,0.010716420591907475,-26.33599502232031,
Reducción_sn_kg_pool_amplio,tasa_feed_CaO_kg_min,ale,0.034267633102055425,-11.7967610033324,
Reducción_sn_kg_pool_amplio,tasa_feed_CaO_kg_min,ale,0.09049297956728744,-46.629302918545655,
Reducción_sn_kg_pool_amplio,tasa_feed_CaO_kg_min,ale,0.2645239884705583,-96.96462623422403,
Reducción_sn_kg_pool_amplio,tasa_feed_CaO_kg_min,ale,32.857065271393594,-30.83053035817492,
Reducción_sn_kg_pool_amplio,tasa_feed_CaO_kg_min,shap_decil,5.551282032078108e-25,18.37708719507144,0.9907407407407407
Reducción_sn_kg_pool_amplio,tasa_feed_CaO_kg_min,shap_decil,1.5299872690872485e-23,9.022960867292216,0.9351851851851852
Reducción_sn_kg_pool_amplio,tasa_feed_CaO_kg_min,shap_decil,1.6072163730551507e-22,14.96814260721424,0.9719626168224299
Reducción_sn_kg_pool_amplio,tasa_feed_CaO_kg_min,shap_decil,2.845586177703499e-21,20.610244314617265,0.9252336448598131
Reducción_sn_kg_pool_amplio,tasa_feed_CaO_kg_min,shap_decil,4.141922525014404e-20,14.131404073537261,0.9907407407407407
Reducción_sn_kg_pool_amplio,tasa_feed_CaO_kg_min,shap_decil,4.315594264498741e-19,9.942854794283301,0.8148148148148148
Reducción_sn_kg_pool_amplio,tasa_feed_CaO_kg_min,shap_decil,8.645111718715828e-09,-0.9302113712006739,0.5283018867924528
Reducción_sn_kg_pool_amplio,tasa_feed_CaO_kg_min,shap_decil,0.005858245451120279,-9.873306064041856,0.08411214953271028
Reducción_sn_kg_pool_amplio,tasa_feed_CaO_kg_min,shap_decil,0.05288462282966833,-19.47121504248215,0.42990654205607476
Reducción_sn_kg_pool_amplio,tasa_feed_CaO_kg_min,shap_decil,0.40485358638440305,-40.90663784838897,0.24074074074074073
Reducción_sn_kg_pool_amplio,tasa_o2_nm3_min,pd,3.9811705376434325,-36.50869351264872,
Reducción_sn_kg_pool_amplio,tasa_o2_nm3_min,pd,5.385430002714161,-36.50869351264872,
Reducción_sn_kg_pool_amplio,tasa_o2_nm3_min,pd,6.789689467784889,-39.179002082460244,
Reducción_sn_kg_pool_amplio,tasa_o2_nm3_min,pd,8.193948932855616,-39.179002082460244,
Reducción_sn_kg_pool_amplio,tasa_o2_nm3_min,pd,9.598208397926346,-31.5000545707296,
Reducción_sn_kg_pool_amplio,tasa_o2_nm3_min,pd,11.002467862997072,-31.5000545707296,
Reducción_sn_kg_pool_amplio,tasa_o2_nm3_min,pd,12.4067273280678,-32.16305742806451,
Reducción_sn_kg_pool_amplio,tasa_o2_nm3_min,pd,13.810986793138529,-32.16305742806451,
Reducción_sn_kg_pool_amplio,tasa_o2_nm3_min,pd,15.215246258209257,-32.70270384730638,
Reducción_sn_kg_pool_amplio,tasa_o2_nm3_min,pd,16.619505723279985,-32.70270384730638,
Reducción_sn_kg_pool_amplio,tasa_o2_nm3_min,pd,18.023765188350716,-31.9209558904754,
Reducción_sn_kg_pool_amplio,tasa_o2_nm3_min,pd,19.428024653421442,-27.87345282770821,
Reducción_sn_kg_pool_amplio,tasa_o2_nm3_min,pd,20.83228411849217,-27.233817408129017,
Reducción_sn_kg_pool_amplio,tasa_o2_nm3_min,pd,22.2365435835629,-26.299988674428395,
Reducción_sn_kg_pool_amplio,tasa_o2_nm3_min,pd,23.640803048633625,-22.76520976445781,
Reducción_sn_kg_pool_amplio,tasa_o2_nm3_min,pd,25.045062513704355,-16.126206946784677,
Reducción_sn_kg_pool_amplio,tasa_o2_nm3_min,pd,26.44932197877508,42.26476247676773,
Reducción_sn_kg_pool_amplio,tasa_o2_nm3_min,pd,27.85358144384581,21.09431110018436,
Reducción_sn_kg_pool_amplio,tasa_o2_nm3_min,pd,29.25784090891654,17.03398699813269,
Reducción_sn_kg_pool_amplio,tasa_o2_nm3_min,pd,30.662100373987265,62.2836274050592,
Reducción_sn_kg_pool_amplio,tasa_o2_nm3_min,ale,3.7445526697980474,-47.10432671555015,
Reducción_sn_kg_pool_amplio,tasa_o2_nm3_min,ale,6.117816377305233,-48.95315982951912,
Reducción_sn_kg_pool_amplio,tasa_o2_nm3_min,ale,7.050920220817517,-50.8019929434881,
Reducción_sn_kg_pool_amplio,tasa_o2_nm3_min,ale,8.184881645065232,-49.92130637858887,
Reducción_sn_kg_pool_amplio,tasa_o2_nm3_min,ale,9.203200966093274,-42.11865521035984,
Reducción_sn_kg_pool_amplio,tasa_o2_nm3_min,ale,10.45231377198961,-35.196690607030035,
Reducción_sn_kg_pool_amplio,tasa_o2_nm3_min,ale,12.173134163538617,-35.739686889726514,
Reducción_sn_kg_pool_amplio,tasa_o2_nm3_min,ale,14.318567981503776,-36.643293140812894,
Reducción_sn_kg_pool_amplio,tasa_o2_nm3_min,ale,16.688658985066823,-37.41226373040148,
Reducción_sn_kg_pool_amplio,tasa_o2_nm3_min,ale,18.83527885098307,-32.57944359034692,
Reducción_sn_kg_pool_amplio,tasa_o2_nm3_min,ale,20.618315395934495,-26.063363138166114,
Reducción_sn_kg_pool_amplio,tasa_o2_nm3_min,ale,21.95868693207635,-24.78846344723854,
Reducción_sn_kg_pool_amplio,tasa_o2_nm3_min,ale,23.061087172614204,-20.20535587686731,
Reducción_sn_kg_pool_amplio,tasa_o2_nm3_min,ale,24.319196412304876,-11.164516841820777,
Reducción_sn_kg_pool_amplio,tasa_o2_nm3_min,ale,25.61746862093547,49.49471554954578,
Reducción_sn_kg_pool_amplio,tasa_o2_nm3_min,ale,26.77540979583175,93.74150551175242,
Reducción_sn_kg_pool_amplio,tasa_o2_nm3_min,ale,27.77750696948016,74.98965205015412,
Reducción_sn_kg_pool_amplio,tasa_o2_nm3_min,ale,28.64059556958234,72.69567397093795,
Reducción_sn_kg_pool_amplio,tasa_o2_nm3_min,ale,29.579697653254758,98.89272192119077,
Reducción_sn_kg_pool_amplio,tasa_o2_nm3_min,ale,31.363172161470896,108.39660079545274,
Reducción_sn_kg_pool_amplio,tasa_o2_nm3_min,shap_decil,5.809899782420535,-23.43943009471072,0.0
Reducción_sn_kg_pool_amplio,tasa_o2_nm3_min,shap_decil,7.676571055821009,-25.752351113167062,0.0
Reducción_sn_kg_pool_amplio,tasa_o2_nm3_min,shap_decil,9.710455706561053,-18.887232213571473,0.0
Reducción_sn_kg_pool_amplio,tasa_o2_nm3_min,shap_decil,13.151761881510417,-20.11850551271869,0.0
Reducción_sn_kg_pool_amplio,tasa_o2_nm3_min,shap_decil,17.897907562597222,-22.963148434323063,0.0
Reducción_sn_kg_pool_amplio,tasa_o2_nm3_min,shap_decil,21.458587919447158,-23.6508895968895,0.0
Reducción_sn_kg_pool_amplio,tasa_o2_nm3_min,shap_decil,23.66571979777018,-24.005254800054352,0.037037037037037035
Reducción_sn_kg_pool_amplio,tasa_o2_nm3_min,shap_decil,26.263559994167746,12.443104679607051,0.5981308411214953
Reducción_sn_kg_pool_amplio,tasa_o2_nm3_min,shap_decil,28.265158379448785,43.666218767736176,1.0
Reducción_sn_kg_pool_amplio,tasa_o2_nm3_min,shap_decil,30.146921177616825,44.18555456331516,0.9074074074074074
Reducción_sn_kg_pool_amplio,tasa_aire_nm3_min,pd,81.89469090274426,-64.3144501407676,
Reducción_sn_kg_pool_amplio,tasa_aire_nm3_min,pd,84.2739971082439,-64.3144501407676,
Reducción_sn_kg_pool_amplio,tasa_aire_nm3_min,pd,86.65330331374354,-64.3144501407676,
Reducción_sn_kg_pool_amplio,tasa_aire_nm3_min,pd,89.03260951924318,-40.6349414483466,
Reducción_sn_kg_pool_amplio,tasa_aire_nm3_min,pd,91.41191572474281,-40.6349414483466,
Reducción_sn_kg_pool_amplio,tasa_aire_nm3_min,pd,93.79122193024246,-40.6349414483466,
Reducción_sn_kg_pool_amplio,tasa_aire_nm3_min,pd,96.1705281357421,-40.6349414483466,
Reducción_sn_kg_pool_amplio,tasa_aire_nm3_min,pd,98.54983434124173,-40.6349414483466,
Reducción_sn_kg_pool_amplio,tasa_aire_nm3_min,pd,100.92914054674138,-40.6349414483466,
Reducción_sn_kg_pool_amplio,tasa_aire_nm3_min,pd,103.30844675224101,-40.6349414483466,
Reducción_sn_kg_pool_amplio,tasa_aire_nm3_min,pd,105.68775295774066,-40.6349414483466,
Reducción_sn_kg_pool_amplio,tasa_aire_nm3_min,pd,108.06705916324029,-40.6349414483466,
Reducción_sn_kg_pool_amplio,tasa_aire_nm3_min,pd,110.44636536873993,-40.6349414483466,
Reducción_sn_kg_pool_amplio,tasa_aire_nm3_min,pd,112.82567157423958,-40.6349414483466,
Reducción_sn_kg_pool_amplio,tasa_aire_nm3_min,pd,115.20497777973921,-51.27564002879918,
Reducción_sn_kg_pool_amplio,tasa_aire_nm3_min,pd,117.58428398523886,-43.60523996137075,
Reducción_sn_kg_pool_amplio,tasa_aire_nm3_min,pd,119.9635901907385,37.41145405013141,
Reducción_sn_kg_pool_amplio,tasa_aire_nm3_min,pd,122.34289639623813,11.48333439055293,
Reducción_sn_kg_pool_amplio,tasa_aire_nm3_min,pd,124.72220260173776,4.176442317849567,
Reducción_sn_kg_pool_amplio,tasa_aire_nm3_min,pd,127.10150880723741,4.677007794893441,
Reducción_sn_kg_pool_amplio,tasa_aire_nm3_min,ale,61.22238776626924,-131.661122207117,
Reducción_sn_kg_pool_amplio,tasa_aire_nm3_min,ale,115.05635267460241,-118.90357218968859,
Reducción_sn_kg_pool_amplio,tasa_aire_nm3_min,ale,118.24205359788998,-107.05469915435376,
Reducción_sn_kg_pool_amplio,tasa_aire_nm3_min,ale,118.72315110214834,-95.43562790560918,
Reducción_sn_kg_pool_amplio,tasa_aire_nm3_min,ale,119.01931271296476,-99.60813526527141,
Reducción_sn_kg_pool_amplio,tasa_aire_nm3_min,ale,119.22422581289786,-100.97014176368617,
Reducción_sn_kg_pool_amplio,tasa_aire_nm3_min,ale,119.39337169396893,-13.006277062061201,
Reducción_sn_kg_pool_amplio,tasa_aire_nm3_min,ale,119.54489698911961,72.23927964060948,
Reducción_sn_kg_pool_amplio,tasa_aire_nm3_min,ale,119.71797420849884,76.2875001432486,
Reducción_sn_kg_pool_amplio,tasa_aire_nm3_min,ale,119.90760124941225,82.70548623710954,
Reducción_sn_kg_pool_amplio,tasa_aire_nm3_min,ale,120.07870141918042,69.17884145275019,
Reducción_sn_kg_pool_amplio,tasa_aire_nm3_min,ale,120.28781635968244,46.86694464048233,
Reducción_sn_kg_pool_amplio,tasa_aire_nm3_min,ale,120.56248923950196,40.5436510660889,
Reducción_sn_kg_pool_amplio,tasa_aire_nm3_min,ale,120.8875926755552,39.171627145666065,
Reducción_sn_kg_pool_amplio,tasa_aire_nm3_min,ale,121.32335068694057,38.260900664315585,
Reducción_sn_kg_pool_amplio,tasa_aire_nm3_min,ale,121.88882271629794,41.2225113000396,
Reducción_sn_kg_pool_amplio,tasa_aire_nm3_min,ale,122.581771266757,43.722824496691175,
Reducción_sn_kg_pool_amplio,tasa_aire_nm3_min,ale,123.55882768249512,40.681285321663296,
Reducción_sn_kg_pool_amplio,tasa_aire_nm3_min,ale,124.75945296054417,37.63974614663539,
Reducción_sn_kg_pool_amplio,tasa_aire_nm3_min,ale,128.57056104702417,38.00919562307337,
Reducción_sn_kg_pool_amplio,tasa_aire_nm3_min,shap_decil,112.03246278672627,-48.33884442889935,0.018518518518518517
Reducción_sn_kg_pool_amplio,tasa_aire_nm3_min,shap_decil,118.53829520859203,-24.482068392749177,0.028037383177570093
Reducción_sn_kg_pool_amplio,tasa_aire_nm3_min,shap_decil,119.13020583767361,-35.46173652946638,0.04672897196261682
Reducción_sn_kg_pool_amplio,tasa_aire_nm3_min,shap_decil,119.46855109985617,18.216946572092432,0.7962962962962963
Reducción_sn_kg_pool_amplio,tasa_aire_nm3_min,shap_decil,119.81561993634259,40.60769366436515,1.0
Reducción_sn_kg_pool_amplio,tasa_aire_nm3_min,shap_decil,120.15659597439236,24.46049232529751,0.9532710280373832
Reducción_sn_kg_pool_amplio,tasa_aire_nm3_min,shap_decil,120.70725613516349,7.023515862804444,0.8333333333333334
Reducción_sn_kg_pool_amplio,tasa_aire_nm3_min,shap_decil,121.57804906401023,3.286796893437878,0.7850467289719626
Reducción_sn_kg_pool_amplio,tasa_aire_nm3_min,shap_decil,122.96348341200087,5.859004935682447,0.8598130841121495
Reducción_sn_kg_pool_amplio,tasa_aire_nm3_min,shap_decil,125.36995188395181,-0.07207547004115898,0.5740740740740741
Reducción_sn_kg_pool_amplio,oxygen_enrichment_pct,pd,23.47239258959099,-12.037139852901381,
Reducción_sn_kg_pool_amplio,oxygen_enrichment_pct,pd,24.20924186366436,-12.037139852901381,
Reducción_sn_kg_pool_amplio,oxygen_enrichment_pct,pd,24.946091137737728,-12.037139852901381,
Reducción_sn_kg_pool_amplio,oxygen_enrichment_pct,pd,25.6829404118111,-12.037139852901381,
Reducción_sn_kg_pool_amplio,oxygen_enrichment_pct,pd,26.41978968588447,-12.037139852901381,
Reducción_sn_kg_pool_amplio,oxygen_enrichment_pct,pd,27.15663895995784,-6.123777507103887,
Reducción_sn_kg_pool_amplio,oxygen_enrichment_pct,pd,27.89348823403121,-6.123777507103887,
Reducción_sn_kg_pool_amplio,oxygen_enrichment_pct,pd,28.63033750810458,-6.123777507103887,
Reducción_sn_kg_pool_amplio,oxygen_enrichment_pct,pd,29.367186782177953,-6.123777507103887,
Reducción_sn_kg_pool_amplio,oxygen_enrichment_pct,pd,30.10403605625132,-6.123777507103887,
Reducción_sn_kg_pool_amplio,oxygen_enrichment_pct,pd,30.840885330324692,-7.33245717019038,
Reducción_sn_kg_pool_amplio,oxygen_enrichment_pct,pd,31.57773460439806,-7.33245717019038,
Reducción_sn_kg_pool_amplio,oxygen_enrichment_pct,pd,32.31458387847143,-7.33245717019038,
Reducción_sn_kg_pool_amplio,oxygen_enrichment_pct,pd,33.0514331525448,-7.33245717019038,
Reducción_sn_kg_pool_amplio,oxygen_enrichment_pct,pd,33.788282426618174,-9.557896776082304,
Reducción_sn_kg_pool_amplio,oxygen_enrichment_pct,pd,34.525131700691546,-10.731281294419786,
Reducción_sn_kg_pool_amplio,oxygen_enrichment_pct,pd,35.26198097476491,-43.224327151875514,
Reducción_sn_kg_pool_amplio,oxygen_enrichment_pct,pd,35.99883024883828,-46.59796865089656,
Reducción_sn_kg_pool_amplio,oxygen_enrichment_pct,pd,36.73567952291165,-35.29343821921101,
Reducción_sn_kg_pool_amplio,oxygen_enrichment_pct,pd,37.472528796985024,49.275339201342845,
Reducción_sn_kg_pool_amplio,oxygen_enrichment_pct,ale,23.36363408179071,-10.832793644538343,
Reducción_sn_kg_pool_amplio,oxygen_enrichment_pct,ale,24.84132338731875,-10.832793644538343,
Reducción_sn_kg_pool_amplio,oxygen_enrichment_pct,ale,25.38573186811643,-10.832793644538343,
Reducción_sn_kg_pool_amplio,oxygen_enrichment_pct,ale,26.040144424030522,-10.832793644538343,
Reducción_sn_kg_pool_amplio,oxygen_enrichment_pct,ale,26.585417839942025,-5.964138522576792,
Reducción_sn_kg_pool_amplio,oxygen_enrichment_pct,ale,27.29606883798632,-1.0954834006152403,
Reducción_sn_kg_pool_amplio,oxygen_enrichment_pct,ale,28.34884609421882,-1.0954834006152403,
Reducción_sn_kg_pool_amplio,oxygen_enrichment_pct,ale,29.599586742436646,-1.0954834006152403,
Reducción_sn_kg_pool_amplio,oxygen_enrichment_pct,ale,30.842904303872274,-3.67487263232535,
Reducción_sn_kg_pool_amplio,oxygen_enrichment_pct,ale,31.912670024647056,-6.254261864035459,
Reducción_sn_kg_pool_amplio,oxygen_enrichment_pct,ale,32.76499349372112,-7.820649965065661,
Reducción_sn_kg_pool_amplio,oxygen_enrichment_pct,ale,33.426562845552525,-9.387038066095862,
Reducción_sn_kg_pool_amplio,oxygen_enrichment_pct,ale,33.923976284102025,-10.715002384415088,
Reducción_sn_kg_pool_amplio,oxygen_enrichment_pct,ale,34.429836301105794,-15.981064716338594,
Reducción_sn_kg_pool_amplio,oxygen_enrichment_pct,ale,35.0198153505832,-21.566561170404988,
Reducción_sn_kg_pool_amplio,oxygen_enrichment_pct,ale,35.55459160438277,-18.998577960311074,
Reducción_sn_kg_pool_amplio,oxygen_enrichment_pct,ale,35.95676288231387,2.5419345295476763,
Reducción_sn_kg_pool_amplio,oxygen_enrichment_pct,ale,36.36891558858677,39.05050056302667,
Reducción_sn_kg_pool_amplio,oxygen_enrichment_pct,ale,36.75715151237101,26.17599199426631,
Reducción_sn_kg_pool_amplio,oxygen_enrichment_pct,ale,52.936688386164434,79.0723603756356,
Reducción_sn_kg_pool_amplio,oxygen_enrichment_pct,shap_decil,24.6772141420015,-6.536660521705429,0.0
Reducción_sn_kg_pool_amplio,oxygen_enrichment_pct,shap_decil,25.76649132920863,-7.2330616813386985,0.018691588785046728
Reducción_sn_kg_pool_amplio,oxygen_enrichment_pct,shap_decil,26.85124355360316,-0.4344288426298809,0.5514018691588785
Reducción_sn_kg_pool_amplio,oxygen_enrichment_pct,shap_decil,28.96215961187189,0.5847467575997375,0.5925925925925926
Reducción_sn_kg_pool_amplio,oxygen_enrichment_pct,shap_decil,31.452334103360467,-1.245055920494717,0.45794392523364486
Reducción_sn_kg_pool_amplio,oxygen_enrichment_pct,shap_decil,33.150705192494364,-6.157631472131373,0.2336448598130841
Reducción_sn_kg_pool_amplio,oxygen_enrichment_pct,shap_decil,34.14875443414377,-14.490036101438806,0.0
Reducción_sn_kg_pool_amplio,oxygen_enrichment_pct,shap_decil,35.33267032048351,-35.15043988776834,0.028037383177570093
Reducción_sn_kg_pool_amplio,oxygen_enrichment_pct,shap_decil,36.132900848225766,-8.657445589662585,0.29906542056074764
Reducción_sn_kg_pool_amplio,oxygen_enrichment_pct,shap_decil,36.91043322104913,14.37780618933722,0.49074074074074076
Reducción_sn_kg_pool_amplio,avance_reduccion_sn_prev,pd,0.7163844750987753,2786.9810074625066,
Reducción_sn_kg_pool_amplio,avance_reduccion_sn_prev,pd,0.7313116072655977,2622.9840375819767,
Reducción_sn_kg_pool_amplio,avance_reduccion_sn_prev,pd,0.7462387394324201,2944.683545598315,
Reducción_sn_kg_pool_amplio,avance_reduccion_sn_prev,pd,0.7611658715992424,2898.346033979989,
Reducción_sn_kg_pool_amplio,avance_reduccion_sn_prev,pd,0.7760930037660648,2791.6220753617526,
Reducción_sn_kg_pool_amplio,avance_reduccion_sn_prev,pd,0.7910201359328872,2844.6693743453443,
Reducción_sn_kg_pool_amplio,avance_reduccion_sn_prev,pd,0.8059472680997096,2895.1633323137594,
Reducción_sn_kg_pool_amplio,avance_reduccion_sn_prev,pd,0.820874400266532,2895.1633323137594,
Reducción_sn_kg_pool_amplio,avance_reduccion_sn_prev,pd,0.8358015324333543,2895.1633323137594,
Reducción_sn_kg_pool_amplio,avance_reduccion_sn_prev,pd,0.8507286646001767,2681.238195128536,
Reducción_sn_kg_pool_amplio,avance_reduccion_sn_prev,pd,0.8656557967669991,2017.2912576287601,
Reducción_sn_kg_pool_amplio,avance_reduccion_sn_prev,pd,0.8805829289338215,2017.2912576287601,
Reducción_sn_kg_pool_amplio,avance_reduccion_sn_prev,pd,0.8955100611006439,1230.894593455355,
Reducción_sn_kg_pool_amplio,avance_reduccion_sn_prev,pd,0.9104371932674662,1121.61500156839,
Reducción_sn_kg_pool_amplio,avance_reduccion_sn_prev,pd,0.9253643254342886,827.2412608932028,
Reducción_sn_kg_pool_amplio,avance_reduccion_sn_prev,pd,0.940291457601111,-77.17070752730179,
Reducción_sn_kg_pool_amplio,avance_reduccion_sn_prev,pd,0.9552185897679334,-465.7392569914238,
Reducción_sn_kg_pool_amplio,avance_reduccion_sn_prev,pd,0.9701457219347558,-652.95034697729,
Reducción_sn_kg_pool_amplio,avance_reduccion_sn_prev,pd,0.9850728541015781,-728.4085764461327,
Reducción_sn_kg_pool_amplio,avance_reduccion_sn_prev,pd,0.9999999862684005,-771.2685647276065,
Reducción_sn_kg_pool_amplio,avance_reduccion_sn_prev,ale,0.6781992580146609,2063.205683341242,
Reducción_sn_kg_pool_amplio,avance_reduccion_sn_prev,ale,0.7628537156216357,2014.5373696604736,
Reducción_sn_kg_pool_amplio,avance_reduccion_sn_prev,ale,0.7915345257205815,1974.4248804095823,
Reducción_sn_kg_pool_amplio,avance_reduccion_sn_prev,ale,0.8213773221568328,1795.3080204959306,
Reducción_sn_kg_pool_amplio,avance_reduccion_sn_prev,ale,0.8616196738259831,1417.7725962101931,
Reducción_sn_kg_pool_amplio,avance_reduccion_sn_prev,ale,0.9117731298615391,655.5740319547003,
Reducción_sn_kg_pool_amplio,avance_reduccion_sn_prev,ale,0.9473061763803338,-232.42435923884977,
Reducción_sn_kg_pool_amplio,avance_reduccion_sn_prev,ale,0.9602328941266554,-602.8004239243573,
Reducción_sn_kg_pool_amplio,avance_reduccion_sn_prev,ale,0.9655994432956136,-687.0276739610858,
Reducción_sn_kg_pool_amplio,avance_reduccion_sn_prev,ale,0.9688759044551547,-697.4169465923051,
Reducción_sn_kg_pool_amplio,avance_reduccion_sn_prev,ale,0.9715256159873376,-707.8062192235247,
Reducción_sn_kg_pool_amplio,avance_reduccion_sn_prev,ale,0.9737289430607075,-735.1203555107495,
Reducción_sn_kg_pool_amplio,avance_reduccion_sn_prev,ale,0.9755777258972365,-762.4344917979743,
Reducción_sn_kg_pool_amplio,avance_reduccion_sn_prev,ale,0.9769688648578865,-760.8585481342916,
Reducción_sn_kg_pool_amplio,avance_reduccion_sn_prev,ale,0.9784416950475632,-761.5489117360657,
Reducción_sn_kg_pool_amplio,avance_reduccion_sn_prev,ale,0.9799308329267091,-763.0600851373338,
Reducción_sn_kg_pool_amplio,avance_reduccion_sn_prev,ale,0.9814612892823278,-763.2118862114817,
Reducción_sn_kg_pool_amplio,avance_reduccion_sn_prev,ale,0.983529975266945,-784.7520908073998,
Reducción_sn_kg_pool_amplio,avance_reduccion_sn_prev,ale,0.9872275253036693,-823.5690557770881,
Reducción_sn_kg_pool_amplio,avance_reduccion_sn_prev,ale,0.9948558515329311,-845.0591288279693,
Reducción_sn_kg_pool_amplio,avance_reduccion_sn_prev,shap_decil,0.7475743598965098,2286.058915868248,1.0
Reducción_sn_kg_pool_amplio,avance_reduccion_sn_prev,shap_decil,0.8050498292431582,2097.356017690462,1.0
Reducción_sn_kg_pool_amplio,avance_reduccion_sn_prev,shap_decil,0.8853743703757789,1358.1918848925425,1.0
Reducción_sn_kg_pool_amplio,avance_reduccion_sn_prev,shap_decil,0.9565365539717156,-320.69899075968254,0.1388888888888889
Reducción_sn_kg_pool_amplio,avance_reduccion_sn_prev,shap_decil,0.9673151541527937,-516.1128356203136,0.0
Reducción_sn_kg_pool_amplio,avance_reduccion_sn_prev,shap_decil,0.9725899233244844,-549.9053116181665,0.0
Reducción_sn_kg_pool_amplio,avance_reduccion_sn_prev,shap_decil,0.9763103445373655,-581.8450755465578,0.0
Reducción_sn_kg_pool_amplio,avance_reduccion_sn_prev,shap_decil,0.9792577483003769,-588.2477694820093,0.0
Reducción_sn_kg_pool_amplio,avance_reduccion_sn_prev,shap_decil,0.9823127515323031,-599.6640346687211,0.0
Reducción_sn_kg_pool_amplio,avance_reduccion_sn_prev,shap_decil,0.9897172213759691,-661.5960606206153,0.0
Reducción_feo_kg_default,feo_inventario_escoria_est_kg_prev,pd,0.006157565169910675,-209.11278168885875,
Reducción_feo_kg_default,feo_inventario_escoria_est_kg_prev,pd,753.2210139371782,-204.85287278277175,
Reducción_feo_kg_default,feo_inventario_escoria_est_kg_prev,pd,1506.4358703091864,-204.85287278277175,
Reducción_feo_kg_default,feo_inventario_escoria_est_kg_prev,pd,2259.6507266811946,-204.85287278277175,
Reducción_feo_kg_default,feo_inventario_escoria_est_kg_prev,pd,3012.865583053203,-204.85287278277175,
Reducción_feo_kg_default,feo_inventario_escoria_est_kg_prev,pd,3766.0804394252114,-204.85287278277175,
Reducción_feo_kg_default,feo_inventario_escoria_est_kg_prev,pd,4519.295295797219,-204.85287278277175,
Reducción_feo_kg_default,feo_inventario_escoria_est_kg_prev,pd,5272.510152169228,-204.85287278277175,
Reducción_feo_kg_default,feo_inventario_escoria_est_kg_prev,pd,6025.725008541236,-204.85287278277175,
Reducción_feo_kg_default,feo_inventario_escoria_est_kg_prev,pd,6778.9398649132445,-191.07356189534053,
Reducción_feo_kg_default,feo_inventario_escoria_est_kg_prev,pd,7532.154721285253,-191.07356189534053,
Reducción_feo_kg_default,feo_inventario_escoria_est_kg_prev,pd,8285.369577657262,-191.07356189534053,
Reducción_feo_kg_default,feo_inventario_escoria_est_kg_prev,pd,9038.58443402927,-92.7724584631146,
Reducción_feo_kg_default,feo_inventario_escoria_est_kg_prev,pd,9791.799290401279,-141.53534178158176,
Reducción_feo_kg_default,feo_inventario_escoria_est_kg_prev,pd,10545.014146773286,-26.82202344643779,
Reducción_feo_kg_default,feo_inventario_escoria_est_kg_prev,pd,11298.229003145296,31.530662671276044,
Reducción_feo_kg_default,feo_inventario_escoria_est_kg_prev,pd,12051.443859517303,283.55302020392367,
Reducción_feo_kg_default,feo_inventario_escoria_est_kg_prev,pd,12804.65871588931,206.059177829299,
Reducción_feo_kg_default,feo_inventario_escoria_est_kg_prev,pd,13557.87357226132,533.3481008797811,
Reducción_feo_kg_default,feo_inventario_escoria_est_kg_prev,pd,14311.088428633328,533.3481008797811,
Reducción_feo_kg_default,feo_inventario_escoria_est_kg_prev,ale,3675.8798861440987,-136.52965157800335,
Reducción_feo_kg_default,feo_inventario_escoria_est_kg_prev,ale,7965.443035992232,-155.15735098461553,
Reducción_feo_kg_default,feo_inventario_escoria_est_kg_prev,ale,8832.41148414071,-108.593670456648,
Reducción_feo_kg_default,feo_inventario_escoria_est_kg_prev,ale,9252.885670512474,-52.483302846809295,
Reducción_feo_kg_default,feo_inventario_escoria_est_kg_prev,ale,9556.838569721382,-76.47307107562845,
Reducción_feo_kg_default,feo_inventario_escoria_est_kg_prev,ale,9812.135956583488,-103.5170960990691,
Reducción_feo_kg_default,feo_inventario_escoria_est_kg_prev,ale,10027.678706354307,-45.67758422639699,
Reducción_feo_kg_default,feo_inventario_escoria_est_kg_prev,ale,10237.712755084744,0.40940549217370403,
Reducción_feo_kg_default,feo_inventario_escoria_est_kg_prev,ale,10448.002496338817,-38.78035575097236,
Reducción_feo_kg_default,feo_inventario_escoria_est_kg_prev,ale,10635.558583784006,-33.552597247234715,
Reducción_feo_kg_default,feo_inventario_escoria_est_kg_prev,ale,10820.724262906773,-12.851935271067902,
Reducción_feo_kg_default,feo_inventario_escoria_est_kg_prev,ale,11024.14711195853,4.993003422345993,
Reducción_feo_kg_default,feo_inventario_escoria_est_kg_prev,ale,11228.359631107016,17.0255256661504,
Reducción_feo_kg_default,feo_inventario_escoria_est_kg_prev,ale,11435.482472534339,-12.693888509214048,
Reducción_feo_kg_default,feo_inventario_escoria_est_kg_prev,ale,11644.889915860687,-63.0697444602655,
Reducción_feo_kg_default,feo_inventario_escoria_est_kg_prev,ale,11855.05054513839,88.52026780773093,
Reducción_feo_kg_default,feo_inventario_escoria_est_kg_prev,ale,12147.627803353695,177.7810513823707,
Reducción_feo_kg_default,feo_inventario_escoria_est_kg_prev,ale,12505.67591320405,153.2367754682824,
Reducción_feo_kg_default,feo_inventario_escoria_est_kg_prev,ale,12904.803685962295,169.66109351051543,
Reducción_feo_kg_default,feo_inventario_escoria_est_kg_prev,ale,22289.47725498558,226.72062666639565,
Reducción_feo_kg_default,feo_inventario_escoria_est_kg_prev,shap_decil,7297.8593805660275,-239.21046288848638,0.0
Reducción_feo_kg_default,feo_inventario_escoria_est_kg_prev,shap_decil,9084.389229107992,-112.61986932990288,0.009345794392523364
Reducción_feo_kg_default,feo_inventario_escoria_est_kg_prev,shap_decil,9693.356121220095,-119.61499205061419,0.0
Reducción_feo_kg_default,feo_inventario_escoria_est_kg_prev,shap_decil,10124.301191415034,-53.624637209866954,0.3925233644859813
Reducción_feo_kg_default,feo_inventario_escoria_est_kg_prev,shap_decil,10545.149524093511,-28.031149122274705,0.04672897196261682
Reducción_feo_kg_default,feo_inventario_escoria_est_kg_prev,shap_decil,10915.655576703386,5.216433965525337,0.5700934579439252
Reducción_feo_kg_default,feo_inventario_escoria_est_kg_prev,shap_decil,11324.359280333192,-1.3300302648304667,0.616822429906542
Reducción_feo_kg_default,feo_inventario_escoria_est_kg_prev,shap_decil,11742.96507310517,1.7319275544818333,0.40186915887850466
Reducción_feo_kg_default,feo_inventario_escoria_est_kg_prev,shap_decil,12329.539869591794,166.62154603515762,1.0
Reducción_feo_kg_default,feo_inventario_escoria_est_kg_prev,shap_decil,13134.676355857013,235.19777498905526,0.9626168224299065
Reducción_feo_kg_default,masa_escoria_est_kg_prev,pd,0.03519491062635883,-159.43315900450537,
Reducción_feo_kg_default,masa_escoria_est_kg_prev,pd,3936.0106789088863,-159.43315900450537,
Reducción_feo_kg_default,masa_escoria_est_kg_prev,pd,7871.9861629071465,-159.43315900450537,
Reducción_feo_kg_default,masa_escoria_est_kg_prev,pd,11807.961646905407,-159.43315900450537,
Reducción_feo_kg_default,masa_escoria_est_kg_prev,pd,15743.937130903667,-159.43315900450537,
Reducción_feo_kg_default,masa_escoria_est_kg_prev,pd,19679.91261490193,-159.43315900450537,
Reducción_feo_kg_default,masa_escoria_est_kg_prev,pd,23615.88809890019,-159.43315900450537,
Reducción_feo_kg_default,masa_escoria_est_kg_prev,pd,27551.863582898448,-159.43315900450537,
Reducción_feo_kg_default,masa_escoria_est_kg_prev,pd,31487.839066896708,-159.43315900450537,
Reducción_feo_kg_default,masa_escoria_est_kg_prev,pd,35423.81455089497,-159.43315900450537,
Reducción_feo_kg_default,masa_escoria_est_kg_prev,pd,39359.79003489323,-159.43315900450537,
Reducción_feo_kg_default,masa_escoria_est_kg_prev,pd,43295.76551889149,-159.43315900450537,
Reducción_feo_kg_default,masa_escoria_est_kg_prev,pd,47231.74100288975,-161.15714644093774,
Reducción_feo_kg_default,masa_escoria_est_kg_prev,pd,51167.716486888006,-251.1588100172157,
Reducción_feo_kg_default,masa_escoria_est_kg_prev,pd,55103.69197088627,-59.28451507804583,
Reducción_feo_kg_default,masa_escoria_est_kg_prev,pd,59039.667454884526,28.047183154746655,
Reducción_feo_kg_default,masa_escoria_est_kg_prev,pd,62975.64293888279,47.111910908655496,
Reducción_feo_kg_default,masa_escoria_est_kg_prev,pd,66911.61842288105,264.72458525738745,
Reducción_feo_kg_default,masa_escoria_est_kg_prev,pd,70847.59390687931,38.85482620084294,
Reducción_feo_kg_default,masa_escoria_est_kg_prev,pd,74783.56939087757,-74.4915912591787,
Reducción_feo_kg_default,masa_escoria_est_kg_prev,ale,21522.6293553306,-153.7928339932506,
Reducción_feo_kg_default,masa_escoria_est_kg_prev,ale,46128.397155645296,-188.64688846149588,
Reducción_feo_kg_default,masa_escoria_est_kg_prev,ale,50357.66363182514,-181.50990811679537,
Reducción_feo_kg_default,masa_escoria_est_kg_prev,ale,52016.68219807961,-137.3604373830583,
Reducción_feo_kg_default,masa_escoria_est_kg_prev,ale,53006.32931287723,-124.90999398701952,
Reducción_feo_kg_default,masa_escoria_est_kg_prev,ale,53849.476848908525,-94.7704849499616,
Reducción_feo_kg_default,masa_escoria_est_kg_prev,ale,54483.29166075804,-71.91885275649224,
Reducción_feo_kg_default,masa_escoria_est_kg_prev,ale,55012.097842914234,-74.27622823591724,
Reducción_feo_kg_default,masa_escoria_est_kg_prev,ale,55573.49075734347,-69.99570172983404,
Reducción_feo_kg_default,masa_escoria_est_kg_prev,ale,56182.56925984812,-51.070200954224404,
Reducción_feo_kg_default,masa_escoria_est_kg_prev,ale,56923.43943057944,-40.00249437792371,
Reducción_feo_kg_default,masa_escoria_est_kg_prev,ale,57744.20181227802,15.883078885304627,
Reducción_feo_kg_default,masa_escoria_est_kg_prev,ale,58688.15845998509,64.03096783698993,
Reducción_feo_kg_default,masa_escoria_est_kg_prev,ale,59769.26010491964,71.09595700942651,
Reducción_feo_kg_default,masa_escoria_est_kg_prev,ale,60886.87542919418,84.60717646954532,
Reducción_feo_kg_default,masa_escoria_est_kg_prev,ale,62268.39981783245,75.21603128695591,
Reducción_feo_kg_default,masa_escoria_est_kg_prev,ale,64065.68167788224,120.75161500471722,
Reducción_feo_kg_default,masa_escoria_est_kg_prev,ale,66339.86596487463,255.1890578159477,
Reducción_feo_kg_default,masa_escoria_est_kg_prev,ale,69686.11909433064,285.78779525169205,
Reducción_feo_kg_default,masa_escoria_est_kg_prev,ale,118153.18588979988,215.11921242614125,
Reducción_feo_kg_default,masa_escoria_est_kg_prev,shap_decil,42845.51645830794,-189.65753844980011,0.0
Reducción_feo_kg_default,masa_escoria_est_kg_prev,shap_decil,51503.74897754705,-150.64200284463772,0.0
Reducción_feo_kg_default,masa_escoria_est_kg_prev,shap_decil,53473.695559070766,-74.07482754251414,0.04672897196261682
Reducción_feo_kg_default,masa_escoria_est_kg_prev,shap_decil,54749.44676218719,-27.68147917551132,0.1308411214953271
Reducción_feo_kg_default,masa_escoria_est_kg_prev,shap_decil,55873.08499048627,-23.896039812702096,0.19626168224299065
Reducción_feo_kg_default,masa_escoria_est_kg_prev,shap_decil,57356.6846262095,24.180904074345598,0.5327102803738317
Reducción_feo_kg_default,masa_escoria_est_kg_prev,shap_decil,59244.94353926827,62.33163310533347,0.9813084112149533
Reducción_feo_kg_default,masa_escoria_est_kg_prev,shap_decil,61496.94216250077,57.9598280004247,0.8411214953271028
Reducción_feo_kg_default,masa_escoria_est_kg_prev,shap_decil,65100.8923078642,135.87169947585028,0.9906542056074766
Reducción_feo_kg_default,masa_escoria_est_kg_prev,shap_decil,71854.39212445806,156.6976725105568,0.8878504672897196
Reducción_feo_kg_default,ley_feo_escoria_pct_prev,pd,15.831908431093202,67.30209110464764,
Reducción_feo_kg_default,ley_feo_escoria_pct_prev,pd,16.14730327624185,155.6805531099881,
Reducción_feo_kg_default,ley_feo_escoria_pct_prev,pd,16.4626981213905,4.25090788575706,
Reducción_feo_kg_default,ley_feo_escoria_pct_prev,pd,16.77809296653915,-1.4456030903992203,
Reducción_feo_kg_default,ley_feo_escoria_pct_prev,pd,17.093487811687798,139.457496020611,
Reducción_feo_kg_default,ley_feo_escoria_pct_prev,pd,17.408882656836447,-9.957676713422636,
Reducción_feo_kg_default,ley_feo_escoria_pct_prev,pd,17.724277501985096,8.787863731024832,
Reducción_feo_kg_default,ley_feo_escoria_pct_prev,pd,18.039672347133745,8.465771044710213,
Reducción_feo_kg_default,ley_feo_escoria_pct_prev,pd,18.355067192282394,3.010769012500348,
Reducción_feo_kg_default,ley_feo_escoria_pct_prev,pd,18.670462037431044,16.52578653251358,
Reducción_feo_kg_default,ley_feo_escoria_pct_prev,pd,18.985856882579693,-26.118000329363174,
Reducción_feo_kg_default,ley_feo_escoria_pct_prev,pd,19.301251727728342,-41.50502006949591,
Reducción_feo_kg_default,ley_feo_escoria_pct_prev,pd,19.61664657287699,-41.17811438359316,
Reducción_feo_kg_default,ley_feo_escoria_pct_prev,pd,19.93204141802564,-54.79951012836118,
Reducción_feo_kg_default,ley_feo_escoria_pct_prev,pd,20.24743626317429,-29.448738902872467,
Reducción_feo_kg_default,ley_feo_escoria_pct_prev,pd,20.56283110832294,-152.37262962955296,
Reducción_feo_kg_default,ley_feo_escoria_pct_prev,pd,20.87822595347159,-62.85895212988015,
Reducción_feo_kg_default,ley_feo_escoria_pct_prev,pd,21.193620798620238,-37.75921739810572,
Reducción_feo_kg_default,ley_feo_escoria_pct_prev,pd,21.509015643768887,-70.86404012362166,
Reducción_feo_kg_default,ley_feo_escoria_pct_prev,pd,21.824410488917536,-70.86404012362166,
Reducción_feo_kg_default,ley_feo_escoria_pct_prev,ale,14.230975175396186,4.879453902506086,
Reducción_feo_kg_default,ley_feo_escoria_pct_prev,ale,16.52177537308622,82.65621905506327,
Reducción_feo_kg_default,ley_feo_escoria_pct_prev,ale,16.93157370346495,152.57052539513012,
Reducción_feo_kg_default,ley_feo_escoria_pct_prev,ale,17.242453864625304,154.1632128639027,
Reducción_feo_kg_default,ley_feo_escoria_pct_prev,ale,17.461469034649475,57.77238996484792,
Reducción_feo_kg_default,ley_feo_escoria_pct_prev,ale,17.707535860327695,27.394155617194983,
Reducción_feo_kg_default,ley_feo_escoria_pct_prev,ale,17.935363482675264,17.260135311825323,
Reducción_feo_kg_default,ley_feo_escoria_pct_prev,ale,18.13600436798281,15.150148580061284,
Reducción_feo_kg_default,ley_feo_escoria_pct_prev,ale,18.330293211925863,9.858675318809873,
Reducción_feo_kg_default,ley_feo_escoria_pct_prev,ale,18.49967240504969,15.35438212749159,
Reducción_feo_kg_default,ley_feo_escoria_pct_prev,ale,18.677294778941715,17.359591338847522,
Reducción_feo_kg_default,ley_feo_escoria_pct_prev,ale,18.86518655439162,-6.429728096764592,
Reducción_feo_kg_default,ley_feo_escoria_pct_prev,ale,19.03010484555466,-51.38891328368399,
Reducción_feo_kg_default,ley_feo_escoria_pct_prev,ale,19.196402896588772,-69.67039874355979,
Reducción_feo_kg_default,ley_feo_escoria_pct_prev,ale,19.402385929089444,-62.78090054326723,
Reducción_feo_kg_default,ley_feo_escoria_pct_prev,ale,19.6432874998657,-67.68456655926487,
Reducción_feo_kg_default,ley_feo_escoria_pct_prev,ale,19.92119172172979,-77.73744722307441,
Reducción_feo_kg_default,ley_feo_escoria_pct_prev,ale,20.271792242814932,-69.7972518777163,
Reducción_feo_kg_default,ley_feo_escoria_pct_prev,ale,20.706445548213804,-75.54846746060765,
Reducción_feo_kg_default,ley_feo_escoria_pct_prev,ale,26.152740489927474,-72.5548827049278,
Reducción_feo_kg_default,ley_feo_escoria_pct_prev,shap_decil,16.32310603276927,28.39709488077192,0.616822429906542
Reducción_feo_kg_default,ley_feo_escoria_pct_prev,shap_decil,17.14067004029009,98.42333419806279,0.8411214953271028
Reducción_feo_kg_default,ley_feo_escoria_pct_prev,shap_decil,17.580649411764703,9.741865907159418,0.5233644859813084
Reducción_feo_kg_default,ley_feo_escoria_pct_prev,shap_decil,18.035423411227505,2.5118373473483953,0.42990654205607476
Reducción_feo_kg_default,ley_feo_escoria_pct_prev,shap_decil,18.425101047542302,-0.9253382102684666,0.5233644859813084
Reducción_feo_kg_default,ley_feo_escoria_pct_prev,shap_decil,18.780429417136716,12.501727104945305,0.7009345794392523
Reducción_feo_kg_default,ley_feo_escoria_pct_prev,shap_decil,19.11041394574268,-36.74131469230126,0.028037383177570093
Reducción_feo_kg_default,ley_feo_escoria_pct_prev,shap_decil,19.52376298683857,-38.75915731986848,0.037383177570093455
Reducción_feo_kg_default,ley_feo_escoria_pct_prev,shap_decil,20.081327488584474,-30.638792795302155,0.1308411214953271
Reducción_feo_kg_default,ley_feo_escoria_pct_prev,shap_decil,20.948807284448023,-73.98734497643997,0.16822429906542055
Reducción_feo_kg_default,ley_cao_escoria_pct_prev,pd,16.6575208,779.2912012061126,
Reducción_feo_kg_default,ley_cao_escoria_pct_prev,pd,17.157249831578948,774.5885393698593,
Reducción_feo_kg_default,ley_cao_escoria_pct_prev,pd,17.656978863157896,944.0508198773299,
Reducción_feo_kg_default,ley_cao_escoria_pct_prev,pd,18.156707894736844,654.1433660296411,
Reducción_feo_kg_default,ley_cao_escoria_pct_prev,pd,18.65643692631579,480.08138054474796,
Reducción_feo_kg_default,ley_cao_escoria_pct_prev,pd,19.156165957894736,463.43008051688264,
Reducción_feo_kg_default,ley_cao_escoria_pct_prev,pd,19.655894989473683,232.66411893488788,
Reducción_feo_kg_default,ley_cao_escoria_pct_prev,pd,20.15562402105263,234.4278074061637,
Reducción_feo_kg_default,ley_cao_escoria_pct_prev,pd,20.65535305263158,-124.54761754879979,
Reducción_feo_kg_default,ley_cao_escoria_pct_prev,pd,21.155082084210527,-96.91001599166071,
Reducción_feo_kg_default,ley_cao_escoria_pct_prev,pd,21.654811115789474,-108.68965075968217,
Reducción_feo_kg_default,ley_cao_escoria_pct_prev,pd,22.154540147368422,28.40437960813168,
Reducción_feo_kg_default,ley_cao_escoria_pct_prev,pd,22.65426917894737,-173.85937400498233,
Reducción_feo_kg_default,ley_cao_escoria_pct_prev,pd,23.153998210526318,-190.87401436986323,
Reducción_feo_kg_default,ley_cao_escoria_pct_prev,pd,23.653727242105262,-195.4875313055762,
Reducción_feo_kg_default,ley_cao_escoria_pct_prev,pd,24.15345627368421,-269.21443448499514,
Reducción_feo_kg_default,ley_cao_escoria_pct_prev,pd,24.653185305263158,-347.9933072526854,
Reducción_feo_kg_default,ley_cao_escoria_pct_prev,pd,25.152914336842105,-440.22271213294545,
Reducción_feo_kg_default,ley_cao_escoria_pct_prev,pd,25.652643368421053,-424.28929615490597,
Reducción_feo_kg_default,ley_cao_escoria_pct_prev,pd,26.1523724,-425.2737785222403,
Reducción_feo_kg_default,ley_cao_escoria_pct_prev,ale,12.8809275,803.5970548262135,
Reducción_feo_kg_default,ley_cao_escoria_pct_prev,ale,18.0549275,731.1225930901023,
Reducción_feo_kg_default,ley_cao_escoria_pct_prev,ale,18.834335000000003,439.37718986615016,
Reducción_feo_kg_default,ley_cao_escoria_pct_prev,ale,19.446815,258.3982775009898,
Reducción_feo_kg_default,ley_cao_escoria_pct_prev,ale,20.0762175,96.34461344943406,
Reducción_feo_kg_default,ley_cao_escoria_pct_prev,ale,20.645377500000002,-47.824124921480234,
Reducción_feo_kg_default,ley_cao_escoria_pct_prev,ale,21.003565000000002,-113.56768210609198,
Reducción_feo_kg_default,ley_cao_escoria_pct_prev,ale,21.337175000000002,-128.03784145385157,
Reducción_feo_kg_default,ley_cao_escoria_pct_prev,ale,21.640932499999998,-86.57114010833448,
Reducción_feo_kg_default,ley_cao_escoria_pct_prev,ale,21.875932499999998,-10.841602519508342,
Reducción_feo_kg_default,ley_cao_escoria_pct_prev,ale,22.07093,21.464562661451623,
Reducción_feo_kg_default,ley_cao_escoria_pct_prev,ale,22.28792,22.064127142394227,
Reducción_feo_kg_default,ley_cao_escoria_pct_prev,ale,22.513955,-89.82990868692923,
Reducción_feo_kg_default,ley_cao_escoria_pct_prev,ale,22.754424999999998,-185.32359862491376,
Reducción_feo_kg_default,ley_cao_escoria_pct_prev,ale,23.020072499999998,-182.86791943035826,
Reducción_feo_kg_default,ley_cao_escoria_pct_prev,ale,23.262192499999998,-195.12679470966452,
Reducción_feo_kg_default,ley_cao_escoria_pct_prev,ale,23.5432175,-199.5100475619911,
Reducción_feo_kg_default,ley_cao_escoria_pct_prev,ale,23.943787500000003,-220.68375094541307,
Reducción_feo_kg_default,ley_cao_escoria_pct_prev,ale,24.50249,-343.19426213853444,
Reducción_feo_kg_default,ley_cao_escoria_pct_prev,ale,27.43434,-568.8253059492961,
Reducción_feo_kg_default,ley_cao_escoria_pct_prev,shap_decil,17.634,730.891472876578,1.0
Reducción_feo_kg_default,ley_cao_escoria_pct_prev,shap_decil,19.2037,382.69060899747757,1.0
Reducción_feo_kg_default,ley_cao_escoria_pct_prev,shap_decil,20.4625,55.28610626091754,0.5514018691588785
Reducción_feo_kg_default,ley_cao_escoria_pct_prev,shap_decil,21.1786,-73.79596260282092,0.0
Reducción_feo_kg_default,ley_cao_escoria_pct_prev,shap_decil,21.787,-32.37704126503861,0.29906542056074764
Reducción_feo_kg_default,ley_cao_escoria_pct_prev,shap_decil,22.1772,42.921869914479515,0.8504672897196262
Reducción_feo_kg_default,ley_cao_escoria_pct_prev,shap_decil,22.6313,-83.16942866514535,0.32710280373831774
Reducción_feo_kg_default,ley_cao_escoria_pct_prev,shap_decil,23.1629,-165.2104824202198,0.0
Reducción_feo_kg_default,ley_cao_escoria_pct_prev,shap_decil,23.7238,-175.53135934382396,0.0
Reducción_feo_kg_default,ley_cao_escoria_pct_prev,shap_decil,24.8434,-400.29111151494413,0.0
Reducción_feo_kg_default,ley_sn_escoria_pct_prev,pd,1.1546912,12.843132406452709,
Reducción_feo_kg_default,ley_sn_escoria_pct_prev,pd,2.1978956,25.549327423397855,
Reducción_feo_kg_default,ley_sn_escoria_pct_prev,pd,3.2410999999999994,82.34439345906549,
Reducción_feo_kg_default,ley_sn_escoria_pct_prev,pd,4.2843044,-40.20365571236225,
Reducción_feo_kg_default,ley_sn_escoria_pct_prev,pd,5.3275087999999995,16.11205339080682,
Reducción_feo_kg_default,ley_sn_escoria_pct_prev,pd,6.370713199999999,15.38865301426811,
Reducción_feo_kg_default,ley_sn_escoria_pct_prev,pd,7.4139175999999996,87.20720394667617,
Reducción_feo_kg_default,ley_sn_escoria_pct_prev,pd,8.457121999999998,91.45300736779677,
Reducción_feo_kg_default,ley_sn_escoria_pct_prev,pd,9.500326399999999,91.45300736779677,
Reducción_feo_kg_default,ley_sn_escoria_pct_prev,pd,10.5435308,106.64890880562254,
Reducción_feo_kg_default,ley_sn_escoria_pct_prev,pd,11.586735199999998,109.76740594330764,
Reducción_feo_kg_default,ley_sn_escoria_pct_prev,pd,12.629939599999998,94.55145129938073,
Reducción_feo_kg_default,ley_sn_escoria_pct_prev,pd,13.673143999999999,92.43566711244715,
Reducción_feo_kg_default,ley_sn_escoria_pct_prev,pd,14.716348399999998,107.94255746733639,
Reducción_feo_kg_default,ley_sn_escoria_pct_prev,pd,15.759552799999998,-78.99498437740334,
Reducción_feo_kg_default,ley_sn_escoria_pct_prev,pd,16.802757199999995,-111.25108985029718,
Reducción_feo_kg_default,ley_sn_escoria_pct_prev,pd,17.845961599999995,-17.079791082521318,
Reducción_feo_kg_default,ley_sn_escoria_pct_prev,pd,18.889165999999996,-68.22662758635835,
Reducción_feo_kg_default,ley_sn_escoria_pct_prev,pd,19.932370399999996,-108.24604897790753,
Reducción_feo_kg_default,ley_sn_escoria_pct_prev,pd,20.975574799999997,-35.407964833817715,
Reducción_feo_kg_default,ley_sn_escoria_pct_prev,ale,0.9462825,71.31813726707206,
Reducción_feo_kg_default,ley_sn_escoria_pct_prev,ale,1.4794225,34.27351308697006,
Reducción_feo_kg_default,ley_sn_escoria_pct_prev,ale,1.658125,7.796258778206763,
Reducción_feo_kg_default,ley_sn_escoria_pct_prev,ale,1.7928250000000001,10.56420009313409,
Reducción_feo_kg_default,ley_sn_escoria_pct_prev,ale,1.9235275,8.301743651319285,
Reducción_feo_kg_default,ley_sn_escoria_pct_prev,ale,2.0684575,20.556208232814157,
Reducción_feo_kg_default,ley_sn_escoria_pct_prev,ale,2.1908725000000002,42.05058929724827,
Reducción_feo_kg_default,ley_sn_escoria_pct_prev,ale,2.3165725,40.00361837289961,
Reducción_feo_kg_default,ley_sn_escoria_pct_prev,ale,2.4717724999999997,20.01081310074376,
Reducción_feo_kg_default,ley_sn_escoria_pct_prev,ale,2.6443775,27.974787098894218,
Reducción_feo_kg_default,ley_sn_escoria_pct_prev,ale,2.8949875,52.59451872384098,
Reducción_feo_kg_default,ley_sn_escoria_pct_prev,ale,3.2760025000000015,19.64399637331394,
Reducción_feo_kg_default,ley_sn_escoria_pct_prev,ale,3.8907025000000015,19.959916774688047,
Reducción_feo_kg_default,ley_sn_escoria_pct_prev,ale,5.333712500000004,74.6875586425144,
Reducción_feo_kg_default,ley_sn_escoria_pct_prev,ale,8.281400000000005,112.54455314145798,
Reducción_feo_kg_default,ley_sn_escoria_pct_prev,ale,11.75123,110.28164743318304,
Reducción_feo_kg_default,ley_sn_escoria_pct_prev,ale,14.254405,82.1879609599208,
Reducción_feo_kg_default,ley_sn_escoria_pct_prev,ale,16.017795,-135.4987972853914,
Reducción_feo_kg_default,ley_sn_escoria_pct_prev,ale,17.884845000000002,-340.39622612161133,
Reducción_feo_kg_default,ley_sn_escoria_pct_prev,ale,24.001375000000003,-277.739015207089,
Reducción_feo_kg_default,ley_sn_escoria_pct_prev,shap_decil,1.3834,22.084044678329473,0.6261682242990654
Reducción_feo_kg_default,ley_sn_escoria_pct_prev,shap_decil,1.7415,-9.613768294376184,0.38317757009345793
Reducción_feo_kg_default,ley_sn_escoria_pct_prev,shap_decil,2.0025,-7.287613577348344,0.40186915887850466
Reducción_feo_kg_default,ley_sn_escoria_pct_prev,shap_decil,2.2477,23.632020870812195,0.8037383177570093
Reducción_feo_kg_default,ley_sn_escoria_pct_prev,shap_decil,2.5582,19.11129983919469,0.7476635514018691
Reducción_feo_kg_default,ley_sn_escoria_pct_prev,shap_decil,3.06,31.271394830530365,0.822429906542056
Reducción_feo_kg_default,ley_sn_escoria_pct_prev,shap_decil,4.294,6.827907027283336,0.616822429906542
Reducción_feo_kg_default,ley_sn_escoria_pct_prev,shap_decil,10.1941,149.0306292685462,0.9906542056074766
Reducción_feo_kg_default,ley_sn_escoria_pct_prev,shap_decil,15.193,42.22929765700926,0.6635514018691588
Reducción_feo_kg_default,ley_sn_escoria_pct_prev,shap_decil,18.9404,-90.25164136396292,0.17757009345794392
Reducción_feo_kg_default,sn_inventario_escoria_est_kg_prev,pd,0.000612919368558039,-82.30917665518497,
Reducción_feo_kg_default,sn_inventario_escoria_est_kg_prev,pd,743.9236783039096,-32.436238775910304,
Reducción_feo_kg_default,sn_inventario_escoria_est_kg_prev,pd,1487.8467436884505,-14.820588912043199,
Reducción_feo_kg_default,sn_inventario_escoria_est_kg_prev,pd,2231.7698090729914,-102.14974080790095,
Reducción_feo_kg_default,sn_inventario_escoria_est_kg_prev,pd,2975.6928744575325,-72.727406301134,
Reducción_feo_kg_default,sn_inventario_escoria_est_kg_prev,pd,3719.6159398420737,-70.28969045259403,
Reducción_feo_kg_default,sn_inventario_escoria_est_kg_prev,pd,4463.539005226615,-70.28969045259403,
Reducción_feo_kg_default,sn_inventario_escoria_est_kg_prev,pd,5207.462070611156,-70.28969045259403,
Reducción_feo_kg_default,sn_inventario_escoria_est_kg_prev,pd,5951.385135995697,-13.562895536393139,
Reducción_feo_kg_default,sn_inventario_escoria_est_kg_prev,pd,6695.308201380238,8.89158797855309,
Reducción_feo_kg_default,sn_inventario_escoria_est_kg_prev,pd,7439.231266764779,32.827797352998886,
Reducción_feo_kg_default,sn_inventario_escoria_est_kg_prev,pd,8183.15433214932,-84.21311999115396,
Reducción_feo_kg_default,sn_inventario_escoria_est_kg_prev,pd,8927.07739753386,-133.94257089443377,
Reducción_feo_kg_default,sn_inventario_escoria_est_kg_prev,pd,9671.0004629184,-33.81753159538078,
Reducción_feo_kg_default,sn_inventario_escoria_est_kg_prev,pd,10414.923528302943,-10.898665966957712,
Reducción_feo_kg_default,sn_inventario_escoria_est_kg_prev,pd,11158.846593687484,120.72874251863115,
Reducción_feo_kg_default,sn_inventario_escoria_est_kg_prev,pd,11902.769659072024,-82.90516747051305,
Reducción_feo_kg_default,sn_inventario_escoria_est_kg_prev,pd,12646.692724456565,4.81216108747783,
Reducción_feo_kg_default,sn_inventario_escoria_est_kg_prev,pd,13390.615789841106,13.57985158193431,
Reducción_feo_kg_default,sn_inventario_escoria_est_kg_prev,pd,14134.538855225648,10.75915888122488,
Reducción_feo_kg_default,sn_inventario_escoria_est_kg_prev,ale,270.9199962119002,-56.658601946259964,
Reducción_feo_kg_default,sn_inventario_escoria_est_kg_prev,ale,658.7464088678283,-13.17232409678364,
Reducción_feo_kg_default,sn_inventario_escoria_est_kg_prev,ale,834.7357908506098,-12.585903662519343,
Reducción_feo_kg_default,sn_inventario_escoria_est_kg_prev,ale,931.6916903426865,5.123562004941263,
Reducción_feo_kg_default,sn_inventario_escoria_est_kg_prev,ale,1008.2661748491423,23.637075748750405,
Reducción_feo_kg_default,sn_inventario_escoria_est_kg_prev,ale,1085.3601152699407,25.629528721648327,
Reducción_feo_kg_default,sn_inventario_escoria_est_kg_prev,ale,1160.4934224680246,-6.705139045131418,
Reducción_feo_kg_default,sn_inventario_escoria_est_kg_prev,ale,1235.9848700592777,-23.43182745411768,
Reducción_feo_kg_default,sn_inventario_escoria_est_kg_prev,ale,1325.7264978461578,-2.80176284173632,
Reducción_feo_kg_default,sn_inventario_escoria_est_kg_prev,ale,1436.7794511385741,-0.44381783382799256,
Reducción_feo_kg_default,sn_inventario_escoria_est_kg_prev,ale,1561.7476389443314,-2.2093457252993005,
Reducción_feo_kg_default,sn_inventario_escoria_est_kg_prev,ale,1729.3700073555835,-9.020931597117325,
Reducción_feo_kg_default,sn_inventario_escoria_est_kg_prev,ale,2023.6625545283937,-62.42685564545494,
Reducción_feo_kg_default,sn_inventario_escoria_est_kg_prev,ale,2674.4520000937164,-86.49484648099357,
Reducción_feo_kg_default,sn_inventario_escoria_est_kg_prev,ale,4392.841649769327,-62.5517087917137,
Reducción_feo_kg_default,sn_inventario_escoria_est_kg_prev,ale,6871.620216658996,-9.641207487361939,
Reducción_feo_kg_default,sn_inventario_escoria_est_kg_prev,ale,8874.849566056579,18.719222874374807,
Reducción_feo_kg_default,sn_inventario_escoria_est_kg_prev,ale,10317.468733665453,86.65060296789717,
Reducción_feo_kg_default,sn_inventario_escoria_est_kg_prev,ale,11745.450775079391,103.76011203246354,
Reducción_feo_kg_default,sn_inventario_escoria_est_kg_prev,ale,19991.192917535875,84.42040059317189,
Reducción_feo_kg_default,sn_inventario_escoria_est_kg_prev,shap_decil,539.5945533917037,-50.70717904256884,0.14953271028037382
Reducción_feo_kg_default,sn_inventario_escoria_est_kg_prev,shap_decil,893.3860144596896,-11.086743515143581,0.2803738317757009
Reducción_feo_kg_default,sn_inventario_escoria_est_kg_prev,shap_decil,1046.8469920419982,14.74072872408904,0.8785046728971962
Reducción_feo_kg_default,sn_inventario_escoria_est_kg_prev,shap_decil,1196.9295514162948,-26.016365183018603,0.08411214953271028
Reducción_feo_kg_default,sn_inventario_escoria_est_kg_prev,shap_decil,1376.5904911317764,-12.058739420328353,0.18691588785046728
Reducción_feo_kg_default,sn_inventario_escoria_est_kg_prev,shap_decil,1626.686774193778,-6.595807228721669,0.37383177570093457
Reducción_feo_kg_default,sn_inventario_escoria_est_kg_prev,shap_decil,2216.255704002792,-46.73525280696539,0.102803738317757
Reducción_feo_kg_default,sn_inventario_escoria_est_kg_prev,shap_decil,5656.361802225249,14.168407593973502,0.4766355140186916
Reducción_feo_kg_default,sn_inventario_escoria_est_kg_prev,shap_decil,9672.65424923925,-15.368793466456196,0.4205607476635514
Reducción_feo_kg_default,sn_inventario_escoria_est_kg_prev,shap_decil,12529.575373584144,47.85894954405938,0.7289719626168224
Reducción_feo_kg_default,tasa_feed_Carbon_kg_min,pd,4.220625513476384,-82.6916499221331,
Reducción_feo_kg_default,tasa_feed_Carbon_kg_min,pd,7.476179721925012,-46.094680952133544,
Reducción_feo_kg_default,tasa_feed_Carbon_kg_min,pd,10.731733930373641,-39.1587927364618,
Reducción_feo_kg_default,tasa_feed_Carbon_kg_min,pd,13.987288138822269,-35.02528966016435,
Reducción_feo_kg_default,tasa_feed_Carbon_kg_min,pd,17.242842347270898,-35.02528966016435,
Reducción_feo_kg_default,tasa_feed_Carbon_kg_min,pd,20.498396555719527,-35.02528966016435,
Reducción_feo_kg_default,tasa_feed_Carbon_kg_min,pd,23.753950764168156,-35.02528966016435,
Reducción_feo_kg_default,tasa_feed_Carbon_kg_min,pd,27.009504972616785,-34.13177378090323,
Reducción_feo_kg_default,tasa_feed_Carbon_kg_min,pd,30.265059181065414,-34.13177378090323,
Reducción_feo_kg_default,tasa_feed_Carbon_kg_min,pd,33.52061338951404,-34.13177378090323,
Reducción_feo_kg_default,tasa_feed_Carbon_kg_min,pd,36.77616759796267,-33.068530260452185,
Reducción_feo_kg_default,tasa_feed_Carbon_kg_min,pd,40.0317218064113,-26.097547832597108,
Reducción_feo_kg_default,tasa_feed_Carbon_kg_min,pd,43.28727601485993,-26.097547832597108,
Reducción_feo_kg_default,tasa_feed_Carbon_kg_min,pd,46.542830223308556,-26.097547832597108,
Reducción_feo_kg_default,tasa_feed_Carbon_kg_min,pd,49.798384431757185,-26.097547832597108,
Reducción_feo_kg_default,tasa_feed_Carbon_kg_min,pd,53.053938640205814,-26.097547832597108,
Reducción_feo_kg_default,tasa_feed_Carbon_kg_min,pd,56.30949284865444,-26.097547832597108,
Reducción_feo_kg_default,tasa_feed_Carbon_kg_min,pd,59.56504705710307,-26.097547832597108,
Reducción_feo_kg_default,tasa_feed_Carbon_kg_min,pd,62.8206012655517,75.69846306300315,
Reducción_feo_kg_default,tasa_feed_Carbon_kg_min,pd,66.07615547400033,86.73250229590431,
Reducción_feo_kg_default,tasa_feed_Carbon_kg_min,ale,3.2403933183799403,-84.79695833722084,
Reducción_feo_kg_default,tasa_feed_Carbon_kg_min,ale,5.170234696915373,-62.631499690739375,
Reducción_feo_kg_default,tasa_feed_Carbon_kg_min,ale,5.981736639174266,-62.631499690739375,
Reducción_feo_kg_default,tasa_feed_Carbon_kg_min,ale,7.356824162856153,-62.631499690739375,
Reducción_feo_kg_default,tasa_feed_Carbon_kg_min,ale,8.854194429185654,-58.99242063744889,
Reducción_feo_kg_default,tasa_feed_Carbon_kg_min,ale,10.166181937323675,-54.550562451832185,
Reducción_feo_kg_default,tasa_feed_Carbon_kg_min,ale,11.996847288062472,-51.52224363881355,
Reducción_feo_kg_default,tasa_feed_Carbon_kg_min,ale,14.364125655362354,-49.29670395812112,
Reducción_feo_kg_default,tasa_feed_Carbon_kg_min,ale,17.359254479973018,-49.29670395812112,
Reducción_feo_kg_default,tasa_feed_Carbon_kg_min,ale,22.603988160819217,-49.29670395812112,
Reducción_feo_kg_default,tasa_feed_Carbon_kg_min,ale,26.73930223709498,-48.109933860294106,
Reducción_feo_kg_default,tasa_feed_Carbon_kg_min,ale,28.490695102398213,-46.92316376246709,
Reducción_feo_kg_default,tasa_feed_Carbon_kg_min,ale,31.524381465422806,-46.92316376246709,
Reducción_feo_kg_default,tasa_feed_Carbon_kg_min,ale,36.576598207522665,-29.90419402455298,
Reducción_feo_kg_default,tasa_feed_Carbon_kg_min,ale,47.17465862290001,-12.88522428663886,
Reducción_feo_kg_default,tasa_feed_Carbon_kg_min,ale,57.11382090929642,-12.88522428663886,
Reducción_feo_kg_default,tasa_feed_Carbon_kg_min,ale,60.81020085511241,35.318154548880216,
Reducción_feo_kg_default,tasa_feed_Carbon_kg_min,ale,62.8898787019495,177.5207771869103,
Reducción_feo_kg_default,tasa_feed_Carbon_kg_min,ale,64.42855072625593,274.02000107582126,
Reducción_feo_kg_default,tasa_feed_Carbon_kg_min,ale,65.92791124099884,294.9930794790064,
Reducción_feo_kg_default,tasa_feed_Carbon_kg_min,shap_decil,4.894285190466678,-44.89319079028076,0.0
Reducción_feo_kg_default,tasa_feed_Carbon_kg_min,shap_decil,6.519704414136482,-29.646925955790866,0.0
Reducción_feo_kg_default,tasa_feed_Carbon_kg_min,shap_decil,9.514349316793773,-24.85925903549121,0.0
Reducción_feo_kg_default,tasa_feed_Carbon_kg_min,shap_decil,13.16770293439428,-21.224507158085494,0.0
Reducción_feo_kg_default,tasa_feed_Carbon_kg_min,shap_decil,19.166991121806795,-21.439184358813396,0.0
Reducción_feo_kg_default,tasa_feed_Carbon_kg_min,shap_decil,27.440223341721754,-25.268716265529928,0.0
Reducción_feo_kg_default,tasa_feed_Carbon_kg_min,shap_decil,33.50589224008414,-22.17835096694466,0.0
Reducción_feo_kg_default,tasa_feed_Carbon_kg_min,shap_decil,54.74468849756531,-38.644805143336775,0.14018691588785046
Reducción_feo_kg_default,tasa_feed_Carbon_kg_min,shap_decil,62.09994828419019,30.79224173109593,0.6542056074766355
Reducción_feo_kg_default,tasa_feed_Carbon_kg_min,shap_decil,65.175197609522,124.07127004150422,1.0
Reducción_feo_kg_default,interaccion_C_x_FeO_prev,pd,75.12238086176819,-38.743295960268384,
Reducción_feo_kg_default,interaccion_C_x_FeO_prev,pd,137.08950257255,-25.039853195404433,
Reducción_feo_kg_default,interaccion_C_x_FeO_prev,pd,199.05662428333181,-14.696995880055486,
Reducción_feo_kg_default,interaccion_C_x_FeO_prev,pd,261.0237459941136,-14.696995880055486,
Reducción_feo_kg_default,interaccion_C_x_FeO_prev,pd,322.99086770489544,-14.696995880055486,
Reducción_feo_kg_default,interaccion_C_x_FeO_prev,pd,384.9579894156772,-9.242313687536797,
Reducción_feo_kg_default,interaccion_C_x_FeO_prev,pd,446.925111126459,-3.2202061338048913,
Reducción_feo_kg_default,interaccion_C_x_FeO_prev,pd,508.89223283724084,-1.9670559474147356,
Reducción_feo_kg_default,interaccion_C_x_FeO_prev,pd,570.8593545480226,-0.865850462247888,
Reducción_feo_kg_default,interaccion_C_x_FeO_prev,pd,632.8264762588044,0.02361776769672405,
Reducción_feo_kg_default,interaccion_C_x_FeO_prev,pd,694.7935979695862,9.837170760192112,
Reducción_feo_kg_default,interaccion_C_x_FeO_prev,pd,756.7607196803681,9.837170760192112,
Reducción_feo_kg_default,interaccion_C_x_FeO_prev,pd,818.7278413911498,9.837170760192112,
Reducción_feo_kg_default,interaccion_C_x_FeO_prev,pd,880.6949631019316,9.837170760192112,
Reducción_feo_kg_default,interaccion_C_x_FeO_prev,pd,942.6620848127135,9.837170760192112,
Reducción_feo_kg_default,interaccion_C_x_FeO_prev,pd,1004.6292065234952,9.837170760192112,
Reducción_feo_kg_default,interaccion_C_x_FeO_prev,pd,1066.596328234277,12.246497808992117,
Reducción_feo_kg_default,interaccion_C_x_FeO_prev,pd,1128.563449945059,31.830654178169294,
Reducción_feo_kg_default,interaccion_C_x_FeO_prev,pd,1190.5305716558405,50.19716578290906,
Reducción_feo_kg_default,interaccion_C_x_FeO_prev,pd,1252.4976933666226,50.942473270037375,
Reducción_feo_kg_default,interaccion_C_x_FeO_prev,ale,57.675487190137936,-102.28367381959697,
Reducción_feo_kg_default,interaccion_C_x_FeO_prev,ale,93.87772610635606,-78.91045543632563,
Reducción_feo_kg_default,interaccion_C_x_FeO_prev,ale,110.55497322244678,-68.55877706716682,
Reducción_feo_kg_default,interaccion_C_x_FeO_prev,ale,135.2624465928857,-57.63054699334808,
Reducción_feo_kg_default,interaccion_C_x_FeO_prev,ale,162.77045731301064,-55.82010495423225,
Reducción_feo_kg_default,interaccion_C_x_FeO_prev,ale,190.4553116781952,-48.07806894190534,
Reducción_feo_kg_default,interaccion_C_x_FeO_prev,ale,223.68210774535748,-41.56992326403436,
Reducción_feo_kg_default,interaccion_C_x_FeO_prev,ale,268.24643772905915,-41.56992326403436,
Reducción_feo_kg_default,interaccion_C_x_FeO_prev,ale,328.4693212184403,-41.56992326403436,
Reducción_feo_kg_default,interaccion_C_x_FeO_prev,ale,425.11071219234907,-28.86406840694511,
Reducción_feo_kg_default,interaccion_C_x_FeO_prev,ale,509.3774651687595,-13.887819802162156,
Reducción_feo_kg_default,interaccion_C_x_FeO_prev,ale,552.7745583772326,-11.617426054468453,
Reducción_feo_kg_default,interaccion_C_x_FeO_prev,ale,606.9560904512712,-10.719566614807391,
Reducción_feo_kg_default,interaccion_C_x_FeO_prev,ale,684.326995053228,6.9536995673957875,
Reducción_feo_kg_default,interaccion_C_x_FeO_prev,ale,835.072995166193,23.729106309937876,
Reducción_feo_kg_default,interaccion_C_x_FeO_prev,ale,1002.0046233000787,29.365289735808446,
Reducción_feo_kg_default,interaccion_C_x_FeO_prev,ale,1090.0589820140053,81.92392565209865,
Reducción_feo_kg_default,interaccion_C_x_FeO_prev,ale,1138.8505397970016,134.76988466245768,
Reducción_feo_kg_default,interaccion_C_x_FeO_prev,ale,1182.76210572644,154.8925949810034,
Reducción_feo_kg_default,interaccion_C_x_FeO_prev,ale,1337.094053183479,169.09179877960975,
Reducción_feo_kg_default,interaccion_C_x_FeO_prev,shap_decil,87.77966987964672,-41.22103867053757,0.0
Reducción_feo_kg_default,interaccion_C_x_FeO_prev,shap_decil,120.13124514890619,-24.648727759227146,0.0
Reducción_feo_kg_default,interaccion_C_x_FeO_prev,shap_decil,176.10767567298885,-15.516896651994678,0.037383177570093455
Reducción_feo_kg_default,interaccion_C_x_FeO_prev,shap_decil,242.51836735570907,-7.333216188636119,0.08411214953271028
Reducción_feo_kg_default,interaccion_C_x_FeO_prev,shap_decil,363.0505865026116,-9.675457669132422,0.1588785046728972
Reducción_feo_kg_default,interaccion_C_x_FeO_prev,shap_decil,531.6444181673318,-0.0026442985065605034,0.38317757009345793
Reducción_feo_kg_default,interaccion_C_x_FeO_prev,shap_decil,641.0507989221619,11.00144740603985,0.6822429906542056
Reducción_feo_kg_default,interaccion_C_x_FeO_prev,shap_decil,941.8371651744166,4.585085009537283,0.5327102803738317
Reducción_feo_kg_default,interaccion_C_x_FeO_prev,shap_decil,1117.7343101265994,32.95977465143212,0.9439252336448598
Reducción_feo_kg_default,interaccion_C_x_FeO_prev,shap_decil,1205.5003420592845,46.778980780724986,1.0
Reducción_feo_kg_default,tasa_gn_nm3_min,pd,12.589236453451317,-1.3926854893509375,
Reducción_feo_kg_default,tasa_gn_nm3_min,pd,13.474818090619758,3.1404717506386226,
Reducción_feo_kg_default,tasa_gn_nm3_min,pd,14.360399727788199,-3.8184899053578474,
Reducción_feo_kg_default,tasa_gn_nm3_min,pd,15.245981364956638,10.575478256407932,
Reducción_feo_kg_default,tasa_gn_nm3_min,pd,16.131563002125077,-14.595688450002958,
Reducción_feo_kg_default,tasa_gn_nm3_min,pd,17.01714463929352,62.80633204683357,
Reducción_feo_kg_default,tasa_gn_nm3_min,pd,17.90272627646196,57.87479592311853,
Reducción_feo_kg_default,tasa_gn_nm3_min,pd,18.788307913630398,59.422866066583325,
Reducción_feo_kg_default,tasa_gn_nm3_min,pd,19.67388955079884,57.98063158790856,
Reducción_feo_kg_default,tasa_gn_nm3_min,pd,20.559471187967283,42.4598220396839,
Reducción_feo_kg_default,tasa_gn_nm3_min,pd,21.445052825135722,39.52192236702324,
Reducción_feo_kg_default,tasa_gn_nm3_min,pd,22.33063446230416,-97.27364696994222,
Reducción_feo_kg_default,tasa_gn_nm3_min,pd,23.216216099472604,-71.31394572306806,
Reducción_feo_kg_default,tasa_gn_nm3_min,pd,24.101797736641043,-153.20670612010693,
Reducción_feo_kg_default,tasa_gn_nm3_min,pd,24.987379373809482,-160.8595743147466,
Reducción_feo_kg_default,tasa_gn_nm3_min,pd,25.872961010977924,-115.83682608702361,
Reducción_feo_kg_default,tasa_gn_nm3_min,pd,26.758542648146364,-40.029878259231644,
Reducción_feo_kg_default,tasa_gn_nm3_min,pd,27.644124285314803,-106.3607085490518,
Reducción_feo_kg_default,tasa_gn_nm3_min,pd,28.529705922483245,-23.457756267949833,
Reducción_feo_kg_default,tasa_gn_nm3_min,pd,29.415287559651684,5.401383320969606,
Reducción_feo_kg_default,tasa_gn_nm3_min,ale,11.036429151735774,172.7372358098965,
Reducción_feo_kg_default,tasa_gn_nm3_min,ale,15.611834252884371,128.44032140403345,
Reducción_feo_kg_default,tasa_gn_nm3_min,ale,16.566336492805668,124.36814658775637,
Reducción_feo_kg_default,tasa_gn_nm3_min,ale,17.094551617995553,162.45061881295862,
Reducción_feo_kg_default,tasa_gn_nm3_min,ale,17.689680518965787,181.70220266586858,
Reducción_feo_kg_default,tasa_gn_nm3_min,ale,18.33356659989567,181.28672278079048,
Reducción_feo_kg_default,tasa_gn_nm3_min,ale,19.083724795741418,182.76675324074242,
Reducción_feo_kg_default,tasa_gn_nm3_min,ale,19.822246731440224,171.6838312812106,
Reducción_feo_kg_default,tasa_gn_nm3_min,ale,20.773920860400942,153.1529324091835,
Reducción_feo_kg_default,tasa_gn_nm3_min,ale,22.022888246999884,82.03971871230121,
Reducción_feo_kg_default,tasa_gn_nm3_min,ale,23.122441824397335,-126.62534605784955,
Reducción_feo_kg_default,tasa_gn_nm3_min,ale,24.003835182698566,-235.61502770342096,
Reducción_feo_kg_default,tasa_gn_nm3_min,ale,24.79812281172011,-173.2736791782988,
Reducción_feo_kg_default,tasa_gn_nm3_min,ale,25.555842900424537,-151.60934102664677,
Reducción_feo_kg_default,tasa_gn_nm3_min,ale,26.32103111651385,-119.68902088672141,
Reducción_feo_kg_default,tasa_gn_nm3_min,ale,27.0848016611735,-106.82304570388837,
Reducción_feo_kg_default,tasa_gn_nm3_min,ale,27.746549784907586,-136.0244280822386,
Reducción_feo_kg_default,tasa_gn_nm3_min,ale,28.24073690061216,-123.38848390150369,
Reducción_feo_kg_default,tasa_gn_nm3_min,ale,28.817237594604492,-160.61481196491772,
Reducción_feo_kg_default,tasa_gn_nm3_min,ale,29.763670273957423,-206.78615240626934,
Reducción_feo_kg_default,tasa_gn_nm3_min,shap_decil,14.87167462511635,37.42150874194642,0.7476635514018691
Reducción_feo_kg_default,tasa_gn_nm3_min,shap_decil,16.783672417534724,54.676120948760094,0.822429906542056
Reducción_feo_kg_default,tasa_gn_nm3_min,shap_decil,17.97170687320727,94.3103194226129,0.9719626168224299
Reducción_feo_kg_default,tasa_gn_nm3_min,shap_decil,19.473116641574435,80.07623397007502,0.9439252336448598
Reducción_feo_kg_default,tasa_gn_nm3_min,shap_decil,21.37860715208935,44.81401455080404,0.6822429906542056
Reducción_feo_kg_default,tasa_gn_nm3_min,shap_decil,23.581612684461803,-137.27889340718602,0.11214953271028037
Reducción_feo_kg_default,tasa_gn_nm3_min,shap_decil,25.169059407552087,-129.8303691017994,0.018691588785046728
Reducción_feo_kg_default,tasa_gn_nm3_min,shap_decil,26.700240851508244,-75.1915159005977,0.09345794392523364
Reducción_feo_kg_default,tasa_gn_nm3_min,shap_decil,28.022808091905382,-79.70691686553535,0.04672897196261682
Reducción_feo_kg_default,tasa_gn_nm3_min,shap_decil,29.17542695222077,-57.92275928196782,0.2897196261682243
Reducción_feo_kg_default,exceso_o2_combustion_pct,pd,-7.347789690332376,42.98875376548677,
Reducción_feo_kg_default,exceso_o2_combustion_pct,pd,-5.33650087938184,44.07744885506013,
Reducción_feo_kg_default,exceso_o2_combustion_pct,pd,-3.3252120684313047,14.546236904919754,
Reducción_feo_kg_default,exceso_o2_combustion_pct,pd,-1.313923257480769,-56.0899665931825,
Reducción_feo_kg_default,exceso_o2_combustion_pct,pd,0.6973655534697665,-29.182760575240607,
Reducción_feo_kg_default,exceso_o2_combustion_pct,pd,2.708654364420302,-111.17859410862437,
Reducción_feo_kg_default,exceso_o2_combustion_pct,pd,4.719943175370838,-18.787455006057677,
Reducción_feo_kg_default,exceso_o2_combustion_pct,pd,6.731231986321373,-22.0435367927628,
Reducción_feo_kg_default,exceso_o2_combustion_pct,pd,8.742520797271908,-43.03658139738841,
Reducción_feo_kg_default,exceso_o2_combustion_pct,pd,10.753809608222443,-168.38833893884907,
Reducción_feo_kg_default,exceso_o2_combustion_pct,pd,12.765098419172979,-120.54102232749428,
Reducción_feo_kg_default,exceso_o2_combustion_pct,pd,14.776387230123515,-218.39869649857397,
Reducción_feo_kg_default,exceso_o2_combustion_pct,pd,16.78767604107405,-432.4048590898091,
Reducción_feo_kg_default,exceso_o2_combustion_pct,pd,18.798964852024586,-432.4048590898091,
Reducción_feo_kg_default,exceso_o2_combustion_pct,pd,20.81025366297512,-399.7800544074438,
Reducción_feo_kg_default,exceso_o2_combustion_pct,pd,22.821542473925657,-385.5342179669827,
Reducción_feo_kg_default,exceso_o2_combustion_pct,pd,24.832831284876193,-385.5342179669827,
Reducción_feo_kg_default,exceso_o2_combustion_pct,pd,26.844120095826725,-385.5342179669827,
Reducción_feo_kg_default,exceso_o2_combustion_pct,pd,28.855408906777264,-264.2107959185019,
Reducción_feo_kg_default,exceso_o2_combustion_pct,pd,30.8666977177278,-264.2107959185019,
Reducción_feo_kg_default,exceso_o2_combustion_pct,ale,-30.118364054460027,101.07800644067173,
Reducción_feo_kg_default,exceso_o2_combustion_pct,ale,-6.779296013277476,136.44130795249148,
Reducción_feo_kg_default,exceso_o2_combustion_pct,ale,-6.522640981381038,221.95173469043237,
Reducción_feo_kg_default,exceso_o2_combustion_pct,ale,-6.303925609854824,232.51843010993406,
Reducción_feo_kg_default,exceso_o2_combustion_pct,ale,-6.071537263114557,202.6653378603068,
Reducción_feo_kg_default,exceso_o2_combustion_pct,ale,-5.874691981428926,141.84092435443858,
Reducción_feo_kg_default,exceso_o2_combustion_pct,ale,-5.70725726635359,62.01699776547917,
Reducción_feo_kg_default,exceso_o2_combustion_pct,ale,-5.540307319724517,31.957863519369567,
Reducción_feo_kg_default,exceso_o2_combustion_pct,ale,-5.378442287778067,26.54046183034751,
Reducción_feo_kg_default,exceso_o2_combustion_pct,ale,-5.2010336322568165,8.974569692720578,
Reducción_feo_kg_default,exceso_o2_combustion_pct,ale,-5.003318439068899,-42.81501693649247,
Reducción_feo_kg_default,exceso_o2_combustion_pct,ale,-4.7841820084552005,-97.28361492460763,
Reducción_feo_kg_default,exceso_o2_combustion_pct,ale,-4.497183422135357,-51.60200164545836,
Reducción_feo_kg_default,exceso_o2_combustion_pct,ale,-3.992164169625158,17.087534745421777,
Reducción_feo_kg_default,exceso_o2_combustion_pct,ale,-3.2077560809088776,-20.29600702662205,
Reducción_feo_kg_default,exceso_o2_combustion_pct,ale,-2.0053516400928273,-55.121869894510496,
Reducción_feo_kg_default,exceso_o2_combustion_pct,ale,0.17612321076635062,-88.78159214053935,
Reducción_feo_kg_default,exceso_o2_combustion_pct,ale,4.196980619685334,-69.60078658063483,
Reducción_feo_kg_default,exceso_o2_combustion_pct,ale,12.137472528057872,-289.43211884935033,
Reducción_feo_kg_default,exceso_o2_combustion_pct,ale,64.22592872823415,-467.05115431468516,
Reducción_feo_kg_default,exceso_o2_combustion_pct,shap_decil,-6.9396559764372885,49.34673937059359,0.8878504672897196
Reducción_feo_kg_default,exceso_o2_combustion_pct,shap_decil,-6.424540226661167,184.80016124078196,1.0
Reducción_feo_kg_default,exceso_o2_combustion_pct,shap_decil,-5.95746966808297,145.18449296203252,1.0
Reducción_feo_kg_default,exceso_o2_combustion_pct,shap_decil,-5.622292423483955,26.323418884936476,0.719626168224299
Reducción_feo_kg_default,exceso_o2_combustion_pct,shap_decil,-5.297425130458631,20.409990445231088,0.6915887850467289
Reducción_feo_kg_default,exceso_o2_combustion_pct,shap_decil,-4.901645776977421,-58.318048075429594,0.1588785046728972
Reducción_feo_kg_default,exceso_o2_combustion_pct,shap_decil,-4.327538861181245,-3.4521724884577885,0.514018691588785
Reducción_feo_kg_default,exceso_o2_combustion_pct,shap_decil,-2.752563669261895,-19.610247077549932,0.34579439252336447
Reducción_feo_kg_default,exceso_o2_combustion_pct,shap_decil,1.610329838979289,-55.024164082881626,0.17757009345794392
Reducción_feo_kg_default,exceso_o2_combustion_pct,shap_decil,17.568789219184847,-228.94574470203972,0.06542056074766354
Reducción_feo_kg_default,duracion_plan_min,pd,13.0,11.51044235952902,
Reducción_feo_kg_default,duracion_plan_min,pd,15.0,12.358507900164046,
Reducción_feo_kg_default,duracion_plan_min,pd,20.0,11.856090619320938,
Reducción_feo_kg_default,duracion_plan_min,pd,25.0,-11.293843002193107,
Reducción_feo_kg_default,duracion_plan_min,pd,30.0,-11.293843002193107,
Reducción_feo_kg_default,duracion_plan_min,ale,16.5,10.6352117257579,
Reducción_feo_kg_default,duracion_plan_min,ale,22.5,-2.420031800789557,
Reducción_feo_kg_default,duracion_plan_min,ale,27.5,-15.550066602301255,
Reducción_feo_kg_default,duracion_plan_min,shap_decil,20.0,12.415340642001212,0.9959100204498977
Reducción_feo_kg_default,duracion_plan_min,shap_decil,25.0,-11.426111357255367,0.0
Reducción_feo_kg_default,duracion_plan_min,shap_decil,30.0,-5.136565955551185,0.0
Reducción_feo_kg_pool_amplio,feo_inventario_escoria_est_kg_prev,pd,0.006157565169910675,-253.06978910718047,
Reducción_feo_kg_pool_amplio,feo_inventario_escoria_est_kg_prev,pd,753.2210139371782,-253.06978910718047,
Reducción_feo_kg_pool_amplio,feo_inventario_escoria_est_kg_prev,pd,1506.4358703091864,-253.06978910718047,
Reducción_feo_kg_pool_amplio,feo_inventario_escoria_est_kg_prev,pd,2259.6507266811946,-253.06978910718047,
Reducción_feo_kg_pool_amplio,feo_inventario_escoria_est_kg_prev,pd,3012.865583053203,-253.06978910718047,
Reducción_feo_kg_pool_amplio,feo_inventario_escoria_est_kg_prev,pd,3766.0804394252114,-253.06978910718047,
Reducción_feo_kg_pool_amplio,feo_inventario_escoria_est_kg_prev,pd,4519.295295797219,-253.06978910718047,
Reducción_feo_kg_pool_amplio,feo_inventario_escoria_est_kg_prev,pd,5272.510152169228,-253.06978910718047,
Reducción_feo_kg_pool_amplio,feo_inventario_escoria_est_kg_prev,pd,6025.725008541236,-253.06978910718047,
Reducción_feo_kg_pool_amplio,feo_inventario_escoria_est_kg_prev,pd,6778.9398649132445,-247.30532630481846,
Reducción_feo_kg_pool_amplio,feo_inventario_escoria_est_kg_prev,pd,7532.154721285253,-247.30532630481846,
Reducción_feo_kg_pool_amplio,feo_inventario_escoria_est_kg_prev,pd,8285.369577657262,-247.30532630481846,
Reducción_feo_kg_pool_amplio,feo_inventario_escoria_est_kg_prev,pd,9038.58443402927,-125.45430653117825,
Reducción_feo_kg_pool_amplio,feo_inventario_escoria_est_kg_prev,pd,9791.799290401279,-126.13942686302688,
Reducción_feo_kg_pool_amplio,feo_inventario_escoria_est_kg_prev,pd,10545.014146773286,-27.753841577317782,
Reducción_feo_kg_pool_amplio,feo_inventario_escoria_est_kg_prev,pd,11298.229003145296,10.599164994188744,
Reducción_feo_kg_pool_amplio,feo_inventario_escoria_est_kg_prev,pd,12051.443859517303,229.98587417778447,
Reducción_feo_kg_pool_amplio,feo_inventario_escoria_est_kg_prev,pd,12804.65871588931,173.16686651395233,
Reducción_feo_kg_pool_amplio,feo_inventario_escoria_est_kg_prev,pd,13557.87357226132,386.7613892936759,
Reducción_feo_kg_pool_amplio,feo_inventario_escoria_est_kg_prev,pd,14311.088428633328,386.7613892936759,
Reducción_feo_kg_pool_amplio,feo_inventario_escoria_est_kg_prev,ale,3675.8798861440987,-240.3994082413029,
Reducción_feo_kg_pool_amplio,feo_inventario_escoria_est_kg_prev,ale,7965.443035992232,-206.40802833442072,
Reducción_feo_kg_pool_amplio,feo_inventario_escoria_est_kg_prev,ale,8832.41148414071,-138.7902577870524,
Reducción_feo_kg_pool_amplio,feo_inventario_escoria_est_kg_prev,ale,9252.885670512474,-103.27123010631541,
Reducción_feo_kg_pool_amplio,feo_inventario_escoria_est_kg_prev,ale,9556.838569721382,-105.22015552810868,
Reducción_feo_kg_pool_amplio,feo_inventario_escoria_est_kg_prev,ale,9812.135956583488,-101.12768336773155,
Reducción_feo_kg_pool_amplio,feo_inventario_escoria_est_kg_prev,ale,10027.678706354307,-31.43704391858512,
Reducción_feo_kg_pool_amplio,feo_inventario_escoria_est_kg_prev,ale,10237.712755084744,5.036600541057311,
Reducción_feo_kg_pool_amplio,feo_inventario_escoria_est_kg_prev,ale,10448.002496338817,-25.388934866185565,
Reducción_feo_kg_pool_amplio,feo_inventario_escoria_est_kg_prev,ale,10635.558583784006,-28.30459986508501,
Reducción_feo_kg_pool_amplio,feo_inventario_escoria_est_kg_prev,ale,10820.724262906773,-6.218675161614954,
Reducción_feo_kg_pool_amplio,feo_inventario_escoria_est_kg_prev,ale,11024.14711195853,17.916095592076402,
Reducción_feo_kg_pool_amplio,feo_inventario_escoria_est_kg_prev,ale,11228.359631107016,21.804677626174936,
Reducción_feo_kg_pool_amplio,feo_inventario_escoria_est_kg_prev,ale,11435.482472534339,21.771196790679454,
Reducción_feo_kg_pool_amplio,feo_inventario_escoria_est_kg_prev,ale,11644.889915860687,13.118312444843383,
Reducción_feo_kg_pool_amplio,feo_inventario_escoria_est_kg_prev,ale,11855.05054513839,125.62135894073421,
Reducción_feo_kg_pool_amplio,feo_inventario_escoria_est_kg_prev,ale,12147.627803353695,203.29402357842665,
Reducción_feo_kg_pool_amplio,feo_inventario_escoria_est_kg_prev,ale,12505.67591320405,172.50974459026568,
Reducción_feo_kg_pool_amplio,feo_inventario_escoria_est_kg_prev,ale,12904.803685962295,169.4004172554473,
Reducción_feo_kg_pool_amplio,feo_inventario_escoria_est_kg_prev,ale,22289.47725498558,235.48847527245127,
Reducción_feo_kg_pool_amplio,feo_inventario_escoria_est_kg_prev,shap_decil,7297.8593805660275,-253.3352386144403,0.0
Reducción_feo_kg_pool_amplio,feo_inventario_escoria_est_kg_prev,shap_decil,9084.389229107992,-110.394148097886,0.0
Reducción_feo_kg_pool_amplio,feo_inventario_escoria_est_kg_prev,shap_decil,9693.356121220095,-109.89439856309356,0.0
Reducción_feo_kg_pool_amplio,feo_inventario_escoria_est_kg_prev,shap_decil,10124.301191415034,-43.5757713901635,0.40186915887850466
Reducción_feo_kg_pool_amplio,feo_inventario_escoria_est_kg_prev,shap_decil,10545.149524093511,-24.018656864507303,0.037383177570093455
Reducción_feo_kg_pool_amplio,feo_inventario_escoria_est_kg_prev,shap_decil,10915.655576703386,5.080988989089421,0.6261682242990654
Reducción_feo_kg_pool_amplio,feo_inventario_escoria_est_kg_prev,shap_decil,11324.359280333192,16.365775218252434,0.794392523364486
Reducción_feo_kg_pool_amplio,feo_inventario_escoria_est_kg_prev,shap_decil,11742.96507310517,44.69143858677828,0.6448598130841121
Reducción_feo_kg_pool_amplio,feo_inventario_escoria_est_kg_prev,shap_decil,12329.539869591794,169.06474349952646,1.0
Reducción_feo_kg_pool_amplio,feo_inventario_escoria_est_kg_prev,shap_decil,13134.676355857013,209.25906338020786,0.9813084112149533
Reducción_feo_kg_pool_amplio,masa_escoria_est_kg_prev,pd,0.03519491062635883,-176.54369382820113,
Reducción_feo_kg_pool_amplio,masa_escoria_est_kg_prev,pd,3936.0106789088863,-176.54369382820113,
Reducción_feo_kg_pool_amplio,masa_escoria_est_kg_prev,pd,7871.9861629071465,-176.54369382820113,
Reducción_feo_kg_pool_amplio,masa_escoria_est_kg_prev,pd,11807.961646905407,-176.54369382820113,
Reducción_feo_kg_pool_amplio,masa_escoria_est_kg_prev,pd,15743.937130903667,-176.54369382820113,
Reducción_feo_kg_pool_amplio,masa_escoria_est_kg_prev,pd,19679.91261490193,-176.54369382820113,
Reducción_feo_kg_pool_amplio,masa_escoria_est_kg_prev,pd,23615.88809890019,-176.54369382820113,
Reducción_feo_kg_pool_amplio,masa_escoria_est_kg_prev,pd,27551.863582898448,-176.54369382820113,
Reducción_feo_kg_pool_amplio,masa_escoria_est_kg_prev,pd,31487.839066896708,-176.54369382820113,
Reducción_feo_kg_pool_amplio,masa_escoria_est_kg_prev,pd,35423.81455089497,-176.54369382820113,
Reducción_feo_kg_pool_amplio,masa_escoria_est_kg_prev,pd,39359.79003489323,-176.54369382820113,
Reducción_feo_kg_pool_amplio,masa_escoria_est_kg_prev,pd,43295.76551889149,-176.54369382820113,
Reducción_feo_kg_pool_amplio,masa_escoria_est_kg_prev,pd,47231.74100288975,-187.9553518544883,
Reducción_feo_kg_pool_amplio,masa_escoria_est_kg_prev,pd,51167.716486888006,-219.21455181227805,
Reducción_feo_kg_pool_amplio,masa_escoria_est_kg_prev,pd,55103.69197088627,-78.30435649139469,
Reducción_feo_kg_pool_amplio,masa_escoria_est_kg_prev,pd,59039.667454884526,7.45579808045593,
Reducción_feo_kg_pool_amplio,masa_escoria_est_kg_prev,pd,62975.64293888279,36.77137946427598,
Reducción_feo_kg_pool_amplio,masa_escoria_est_kg_prev,pd,66911.61842288105,292.3193257923938,
Reducción_feo_kg_pool_amplio,masa_escoria_est_kg_prev,pd,70847.59390687931,234.6585952013011,
Reducción_feo_kg_pool_amplio,masa_escoria_est_kg_prev,pd,74783.56939087757,237.74716852731072,
Reducción_feo_kg_pool_amplio,masa_escoria_est_kg_prev,ale,21522.6293553306,-140.88857464532822,
Reducción_feo_kg_pool_amplio,masa_escoria_est_kg_prev,ale,46128.397155645296,-180.49803655687703,
Reducción_feo_kg_pool_amplio,masa_escoria_est_kg_prev,ale,50357.66363182514,-188.05657297231818,
Reducción_feo_kg_pool_amplio,masa_escoria_est_kg_prev,ale,52016.68219807961,-156.3018710315798,
Reducción_feo_kg_pool_amplio,masa_escoria_est_kg_prev,ale,53006.32931287723,-136.78372231818312,
Reducción_feo_kg_pool_amplio,masa_escoria_est_kg_prev,ale,53849.476848908525,-105.73459896469919,
Reducción_feo_kg_pool_amplio,masa_escoria_est_kg_prev,ale,54483.29166075804,-88.44395641418186,
Reducción_feo_kg_pool_amplio,masa_escoria_est_kg_prev,ale,55012.097842914234,-89.7155649134799,
Reducción_feo_kg_pool_amplio,masa_escoria_est_kg_prev,ale,55573.49075734347,-91.41115439631739,
Reducción_feo_kg_pool_amplio,masa_escoria_est_kg_prev,ale,56182.56925984812,-78.93877565872248,
Reducción_feo_kg_pool_amplio,masa_escoria_est_kg_prev,ale,56923.43943057944,-65.4934468376263,
Reducción_feo_kg_pool_amplio,masa_escoria_est_kg_prev,ale,57744.20181227802,-20.95417991844694,
Reducción_feo_kg_pool_amplio,masa_escoria_est_kg_prev,ale,58688.15845998509,21.725916006036925,
Reducción_feo_kg_pool_amplio,masa_escoria_est_kg_prev,ale,59769.26010491964,36.53258455048547,
Reducción_feo_kg_pool_amplio,masa_escoria_est_kg_prev,ale,60886.87542919418,46.52712812659766,
Reducción_feo_kg_pool_amplio,masa_escoria_est_kg_prev,ale,62268.39981783245,52.83411191255797,
Reducción_feo_kg_pool_amplio,masa_escoria_est_kg_prev,ale,64065.68167788224,100.02127960743118,
Reducción_feo_kg_pool_amplio,masa_escoria_est_kg_prev,ale,66339.86596487463,269.2564183562161,
Reducción_feo_kg_pool_amplio,masa_escoria_est_kg_prev,ale,69686.11909433064,398.6825374823007,
Reducción_feo_kg_pool_amplio,masa_escoria_est_kg_prev,ale,118153.18588979988,415.6085261279747,
Reducción_feo_kg_pool_amplio,masa_escoria_est_kg_prev,shap_decil,42845.51645830794,-188.44873321943703,0.0
Reducción_feo_kg_pool_amplio,masa_escoria_est_kg_prev,shap_decil,51503.74897754705,-171.76280651532875,0.0
Reducción_feo_kg_pool_amplio,masa_escoria_est_kg_prev,shap_decil,53473.695559070766,-101.24561337534281,0.0
Reducción_feo_kg_pool_amplio,masa_escoria_est_kg_prev,shap_decil,54749.44676218719,-55.48273825268322,0.0
Reducción_feo_kg_pool_amplio,masa_escoria_est_kg_prev,shap_decil,55873.08499048627,-60.493531645210936,0.009345794392523364
Reducción_feo_kg_pool_amplio,masa_escoria_est_kg_prev,shap_decil,57356.6846262095,-21.281048644314332,0.2803738317757009
Reducción_feo_kg_pool_amplio,masa_escoria_est_kg_prev,shap_decil,59244.94353926827,26.356635986776208,0.9158878504672897
Reducción_feo_kg_pool_amplio,masa_escoria_est_kg_prev,shap_decil,61496.94216250077,28.471174691978852,0.7383177570093458
Reducción_feo_kg_pool_amplio,masa_escoria_est_kg_prev,shap_decil,65100.8923078642,124.42907852014073,0.9813084112149533
Reducción_feo_kg_pool_amplio,masa_escoria_est_kg_prev,shap_decil,71854.39212445806,295.24279358203796,1.0
Reducción_feo_kg_pool_amplio,ley_feo_escoria_pct_prev,pd,15.831908431093202,-32.49231403300288,
Reducción_feo_kg_pool_amplio,ley_feo_escoria_pct_prev,pd,16.14730327624185,3.967622473184598,
Reducción_feo_kg_pool_amplio,ley_feo_escoria_pct_prev,pd,16.4626981213905,-3.0685803535876155,
Reducción_feo_kg_pool_amplio,ley_feo_escoria_pct_prev,pd,16.77809296653915,-14.121834541552566,
Reducción_feo_kg_pool_amplio,ley_feo_escoria_pct_prev,pd,17.093487811687798,69.79187675700646,
Reducción_feo_kg_pool_amplio,ley_feo_escoria_pct_prev,pd,17.408882656836447,-90.07555786771927,
Reducción_feo_kg_pool_amplio,ley_feo_escoria_pct_prev,pd,17.724277501985096,-19.436125550268883,
Reducción_feo_kg_pool_amplio,ley_feo_escoria_pct_prev,pd,18.039672347133745,-18.983616707743053,
Reducción_feo_kg_pool_amplio,ley_feo_escoria_pct_prev,pd,18.355067192282394,-3.2533563483234937,
Reducción_feo_kg_pool_amplio,ley_feo_escoria_pct_prev,pd,18.670462037431044,14.731464716354552,
Reducción_feo_kg_pool_amplio,ley_feo_escoria_pct_prev,pd,18.985856882579693,-2.442516140117271,
Reducción_feo_kg_pool_amplio,ley_feo_escoria_pct_prev,pd,19.301251727728342,-13.516438366184023,
Reducción_feo_kg_pool_amplio,ley_feo_escoria_pct_prev,pd,19.61664657287699,-27.78954119051929,
Reducción_feo_kg_pool_amplio,ley_feo_escoria_pct_prev,pd,19.93204141802564,-31.782121771303263,
Reducción_feo_kg_pool_amplio,ley_feo_escoria_pct_prev,pd,20.24743626317429,36.32722417921386,
Reducción_feo_kg_pool_amplio,ley_feo_escoria_pct_prev,pd,20.56283110832294,-148.52754306184116,
Reducción_feo_kg_pool_amplio,ley_feo_escoria_pct_prev,pd,20.87822595347159,-11.407260801662847,
Reducción_feo_kg_pool_amplio,ley_feo_escoria_pct_prev,pd,21.193620798620238,-11.407260801662847,
Reducción_feo_kg_pool_amplio,ley_feo_escoria_pct_prev,pd,21.509015643768887,-11.407260801662847,
Reducción_feo_kg_pool_amplio,ley_feo_escoria_pct_prev,pd,21.824410488917536,61.44323968403494,
Reducción_feo_kg_pool_amplio,ley_feo_escoria_pct_prev,ale,14.230975175396186,3.1385642450852913,
Reducción_feo_kg_pool_amplio,ley_feo_escoria_pct_prev,ale,16.52177537308622,82.91798101082539,
Reducción_feo_kg_pool_amplio,ley_feo_escoria_pct_prev,ale,16.93157370346495,105.87540844629716,
Reducción_feo_kg_pool_amplio,ley_feo_escoria_pct_prev,ale,17.242453864625304,90.25169057669596,
Reducción_feo_kg_pool_amplio,ley_feo_escoria_pct_prev,ale,17.461469034649475,6.497272199040722,
Reducción_feo_kg_pool_amplio,ley_feo_escoria_pct_prev,ale,17.707535860327695,-29.731374939404148,
Reducción_feo_kg_pool_amplio,ley_feo_escoria_pct_prev,ale,17.935363482675264,-34.09526910651043,
Reducción_feo_kg_pool_amplio,ley_feo_escoria_pct_prev,ale,18.13600436798281,-26.220623839006024,
Reducción_feo_kg_pool_amplio,ley_feo_escoria_pct_prev,ale,18.330293211925863,-17.902234991176186,
Reducción_feo_kg_pool_amplio,ley_feo_escoria_pct_prev,ale,18.49967240504969,-10.507011485896115,
Reducción_feo_kg_pool_amplio,ley_feo_escoria_pct_prev,ale,18.677294778941715,-1.6135496022146896,
Reducción_feo_kg_pool_amplio,ley_feo_escoria_pct_prev,ale,18.86518655439162,-4.48856657522181,
Reducción_feo_kg_pool_amplio,ley_feo_escoria_pct_prev,ale,19.03010484555466,-27.34740420581739,
Reducción_feo_kg_pool_amplio,ley_feo_escoria_pct_prev,ale,19.196402896588772,-40.70732663340536,
Reducción_feo_kg_pool_amplio,ley_feo_escoria_pct_prev,ale,19.402385929089444,-47.052801988776665,
Reducción_feo_kg_pool_amplio,ley_feo_escoria_pct_prev,ale,19.6432874998657,-23.190503179334428,
Reducción_feo_kg_pool_amplio,ley_feo_escoria_pct_prev,ale,19.92119172172979,-20.122704083459297,
Reducción_feo_kg_pool_amplio,ley_feo_escoria_pct_prev,ale,20.271792242814932,-10.32304765219736,
Reducción_feo_kg_pool_amplio,ley_feo_escoria_pct_prev,ale,20.706445548213804,1.7409629273926157,
Reducción_feo_kg_pool_amplio,ley_feo_escoria_pct_prev,ale,26.152740489927474,3.10859747653366,
Reducción_feo_kg_pool_amplio,ley_feo_escoria_pct_prev,shap_decil,16.32310603276927,-13.06476124816423,0.5233644859813084
Reducción_feo_kg_pool_amplio,ley_feo_escoria_pct_prev,shap_decil,17.14067004029009,53.725155499609784,0.822429906542056
Reducción_feo_kg_pool_amplio,ley_feo_escoria_pct_prev,shap_decil,17.580649411764703,-42.19752151938109,0.028037383177570093
Reducción_feo_kg_pool_amplio,ley_feo_escoria_pct_prev,shap_decil,18.035423411227505,-19.51282200401154,0.12149532710280374
Reducción_feo_kg_pool_amplio,ley_feo_escoria_pct_prev,shap_decil,18.425101047542302,3.0197942452518647,0.4672897196261682
Reducción_feo_kg_pool_amplio,ley_feo_escoria_pct_prev,shap_decil,18.780429417136716,13.861127952718995,0.794392523364486
Reducción_feo_kg_pool_amplio,ley_feo_escoria_pct_prev,shap_decil,19.11041394574268,-14.262917580225691,0.2897196261682243
Reducción_feo_kg_pool_amplio,ley_feo_escoria_pct_prev,shap_decil,19.52376298683857,-25.892866677069403,0.18691588785046728
Reducción_feo_kg_pool_amplio,ley_feo_escoria_pct_prev,shap_decil,20.081327488584474,3.675406293492491,0.514018691588785
Reducción_feo_kg_pool_amplio,ley_feo_escoria_pct_prev,shap_decil,20.948807284448023,-35.821572165044,0.40186915887850466
Reducción_feo_kg_pool_amplio,ley_cao_escoria_pct_prev,pd,16.6575208,621.3346809764804,
Reducción_feo_kg_pool_amplio,ley_cao_escoria_pct_prev,pd,17.157249831578948,628.0621255164252,
Reducción_feo_kg_pool_amplio,ley_cao_escoria_pct_prev,pd,17.656978863157896,628.0621255164252,
Reducción_feo_kg_pool_amplio,ley_cao_escoria_pct_prev,pd,18.156707894736844,612.5828871603579,
Reducción_feo_kg_pool_amplio,ley_cao_escoria_pct_prev,pd,18.65643692631579,391.37043550213696,
Reducción_feo_kg_pool_amplio,ley_cao_escoria_pct_prev,pd,19.156165957894736,385.17155173867377,
Reducción_feo_kg_pool_amplio,ley_cao_escoria_pct_prev,pd,19.655894989473683,226.11840895349764,
Reducción_feo_kg_pool_amplio,ley_cao_escoria_pct_prev,pd,20.15562402105263,227.04524559532172,
Reducción_feo_kg_pool_amplio,ley_cao_escoria_pct_prev,pd,20.65535305263158,-141.65196470199558,
Reducción_feo_kg_pool_amplio,ley_cao_escoria_pct_prev,pd,21.155082084210527,-144.51177150980632,
Reducción_feo_kg_pool_amplio,ley_cao_escoria_pct_prev,pd,21.654811115789474,-150.2870135141913,
Reducción_feo_kg_pool_amplio,ley_cao_escoria_pct_prev,pd,22.154540147368422,-54.49548071636081,
Reducción_feo_kg_pool_amplio,ley_cao_escoria_pct_prev,pd,22.65426917894737,-174.56345126685954,
Reducción_feo_kg_pool_amplio,ley_cao_escoria_pct_prev,pd,23.153998210526318,-175.10671235361048,
Reducción_feo_kg_pool_amplio,ley_cao_escoria_pct_prev,pd,23.653727242105262,-176.69726187086093,
Reducción_feo_kg_pool_amplio,ley_cao_escoria_pct_prev,pd,24.15345627368421,-194.2290673104759,
Reducción_feo_kg_pool_amplio,ley_cao_escoria_pct_prev,pd,24.653185305263158,-257.05255070290366,
Reducción_feo_kg_pool_amplio,ley_cao_escoria_pct_prev,pd,25.152914336842105,-276.93505020856185,
Reducción_feo_kg_pool_amplio,ley_cao_escoria_pct_prev,pd,25.652643368421053,-276.93505020856185,
Reducción_feo_kg_pool_amplio,ley_cao_escoria_pct_prev,pd,26.1523724,-276.93505020856185,
Reducción_feo_kg_pool_amplio,ley_cao_escoria_pct_prev,ale,12.8809275,469.4188307727782,
Reducción_feo_kg_pool_amplio,ley_cao_escoria_pct_prev,ale,18.0549275,439.6673853025534,
Reducción_feo_kg_pool_amplio,ley_cao_escoria_pct_prev,ale,18.834335000000003,304.67491504786,
Reducción_feo_kg_pool_amplio,ley_cao_escoria_pct_prev,ale,19.446815,158.7908355542313,
Reducción_feo_kg_pool_amplio,ley_cao_escoria_pct_prev,ale,20.0762175,12.780864795295827,
Reducción_feo_kg_pool_amplio,ley_cao_escoria_pct_prev,ale,20.645377500000002,-93.36809773459032,
Reducción_feo_kg_pool_amplio,ley_cao_escoria_pct_prev,ale,21.003565000000002,-122.76208145773938,
Reducción_feo_kg_pool_amplio,ley_cao_escoria_pct_prev,ale,21.337175000000002,-132.1758600149546,
Reducción_feo_kg_pool_amplio,ley_cao_escoria_pct_prev,ale,21.640932499999998,-95.20344518932592,
Reducción_feo_kg_pool_amplio,ley_cao_escoria_pct_prev,ale,21.875932499999998,-37.622016163456294,
Reducción_feo_kg_pool_amplio,ley_cao_escoria_pct_prev,ale,22.07093,-15.735120673174777,
Reducción_feo_kg_pool_amplio,ley_cao_escoria_pct_prev,ale,22.28792,-10.672031815388436,
Reducción_feo_kg_pool_amplio,ley_cao_escoria_pct_prev,ale,22.513955,-60.960995865878374,
Reducción_feo_kg_pool_amplio,ley_cao_escoria_pct_prev,ale,22.754424999999998,-107.87009310245543,
Reducción_feo_kg_pool_amplio,ley_cao_escoria_pct_prev,ale,23.020072499999998,-107.5944359442621,
Reducción_feo_kg_pool_amplio,ley_cao_escoria_pct_prev,ale,23.262192499999998,-108.84195857593835,
Reducción_feo_kg_pool_amplio,ley_cao_escoria_pct_prev,ale,23.5432175,-108.3776906520082,
Reducción_feo_kg_pool_amplio,ley_cao_escoria_pct_prev,ale,23.943787500000003,-106.45057262660458,
Reducción_feo_kg_pool_amplio,ley_cao_escoria_pct_prev,ale,24.50249,-128.60049708494643,
Reducción_feo_kg_pool_amplio,ley_cao_escoria_pct_prev,ale,27.43434,-150.69009185489216,
Reducción_feo_kg_pool_amplio,ley_cao_escoria_pct_prev,shap_decil,17.634,577.4694147463476,1.0
Reducción_feo_kg_pool_amplio,ley_cao_escoria_pct_prev,shap_decil,19.2037,326.0764148954592,1.0
Reducción_feo_kg_pool_amplio,ley_cao_escoria_pct_prev,shap_decil,20.4625,12.780064489418766,0.40186915887850466
Reducción_feo_kg_pool_amplio,ley_cao_escoria_pct_prev,shap_decil,21.1786,-109.31928280987692,0.0
Reducción_feo_kg_pool_amplio,ley_cao_escoria_pct_prev,shap_decil,21.787,-79.00319142935275,0.028037383177570093
Reducción_feo_kg_pool_amplio,ley_cao_escoria_pct_prev,shap_decil,22.1772,-24.09335396952948,0.21495327102803738
Reducción_feo_kg_pool_amplio,ley_cao_escoria_pct_prev,shap_decil,22.6313,-93.65554734522988,0.056074766355140186
Reducción_feo_kg_pool_amplio,ley_cao_escoria_pct_prev,shap_decil,23.1629,-135.37055153894218,0.0
Reducción_feo_kg_pool_amplio,ley_cao_escoria_pct_prev,shap_decil,23.7238,-124.84543144086086,0.0
Reducción_feo_kg_pool_amplio,ley_cao_escoria_pct_prev,shap_decil,24.8434,-196.99721438625906,0.0
Reducción_feo_kg_pool_amplio,ley_sn_escoria_pct_prev,pd,1.1546912,45.706708720746626,
Reducción_feo_kg_pool_amplio,ley_sn_escoria_pct_prev,pd,2.1978956,28.634582022612875,
Reducción_feo_kg_pool_amplio,ley_sn_escoria_pct_prev,pd,3.2410999999999994,25.092986802097343,
Reducción_feo_kg_pool_amplio,ley_sn_escoria_pct_prev,pd,4.2843044,12.3232255351396,
Reducción_feo_kg_pool_amplio,ley_sn_escoria_pct_prev,pd,5.3275087999999995,18.716826444635835,
Reducción_feo_kg_pool_amplio,ley_sn_escoria_pct_prev,pd,6.370713199999999,34.76988913389637,
Reducción_feo_kg_pool_amplio,ley_sn_escoria_pct_prev,pd,7.4139175999999996,34.76988913389637,
Reducción_feo_kg_pool_amplio,ley_sn_escoria_pct_prev,pd,8.457121999999998,34.76988913389637,
Reducción_feo_kg_pool_amplio,ley_sn_escoria_pct_prev,pd,9.500326399999999,34.76988913389637,
Reducción_feo_kg_pool_amplio,ley_sn_escoria_pct_prev,pd,10.5435308,52.25691964510939,
Reducción_feo_kg_pool_amplio,ley_sn_escoria_pct_prev,pd,11.586735199999998,52.25691964510939,
Reducción_feo_kg_pool_amplio,ley_sn_escoria_pct_prev,pd,12.629939599999998,44.61586014973878,
Reducción_feo_kg_pool_amplio,ley_sn_escoria_pct_prev,pd,13.673143999999999,38.6894438815107,
Reducción_feo_kg_pool_amplio,ley_sn_escoria_pct_prev,pd,14.716348399999998,38.291153887329514,
Reducción_feo_kg_pool_amplio,ley_sn_escoria_pct_prev,pd,15.759552799999998,-103.78251874320092,
Reducción_feo_kg_pool_amplio,ley_sn_escoria_pct_prev,pd,16.802757199999995,-122.55368201138837,
Reducción_feo_kg_pool_amplio,ley_sn_escoria_pct_prev,pd,17.845961599999995,-136.03793140399407,
Reducción_feo_kg_pool_amplio,ley_sn_escoria_pct_prev,pd,18.889165999999996,-136.03793140399407,
Reducción_feo_kg_pool_amplio,ley_sn_escoria_pct_prev,pd,19.932370399999996,-115.73055949558191,
Reducción_feo_kg_pool_amplio,ley_sn_escoria_pct_prev,pd,20.975574799999997,-115.73055949558191,
Reducción_feo_kg_pool_amplio,ley_sn_escoria_pct_prev,ale,0.9462825,82.7035631973497,
Reducción_feo_kg_pool_amplio,ley_sn_escoria_pct_prev,ale,1.4794225,34.725176607925974,
Reducción_feo_kg_pool_amplio,ley_sn_escoria_pct_prev,ale,1.658125,5.4025722074429865,
Reducción_feo_kg_pool_amplio,ley_sn_escoria_pct_prev,ale,1.7928250000000001,21.024361588044712,
Reducción_feo_kg_pool_amplio,ley_sn_escoria_pct_prev,ale,1.9235275,18.69401393569443,
Reducción_feo_kg_pool_amplio,ley_sn_escoria_pct_prev,ale,2.0684575,20.916031030188776,
Reducción_feo_kg_pool_amplio,ley_sn_escoria_pct_prev,ale,2.1908725000000002,29.483225465572183,
Reducción_feo_kg_pool_amplio,ley_sn_escoria_pct_prev,ale,2.3165725,35.489686865626894,
Reducción_feo_kg_pool_amplio,ley_sn_escoria_pct_prev,ale,2.4717724999999997,32.900337450327385,
Reducción_feo_kg_pool_amplio,ley_sn_escoria_pct_prev,ale,2.6443775,32.180456794045874,
Reducción_feo_kg_pool_amplio,ley_sn_escoria_pct_prev,ale,2.8949875,33.0075644562408,
Reducción_feo_kg_pool_amplio,ley_sn_escoria_pct_prev,ale,3.2760025000000015,21.323682060828716,
Reducción_feo_kg_pool_amplio,ley_sn_escoria_pct_prev,ale,3.8907025000000015,22.76631579358626,
Reducción_feo_kg_pool_amplio,ley_sn_escoria_pct_prev,ale,5.333712500000004,49.48285814441613,
Reducción_feo_kg_pool_amplio,ley_sn_escoria_pct_prev,ale,8.281400000000005,75.8952622132636,
Reducción_feo_kg_pool_amplio,ley_sn_escoria_pct_prev,ale,11.75123,56.89390296250241,
Reducción_feo_kg_pool_amplio,ley_sn_escoria_pct_prev,ale,14.254405,27.30477589886607,
Reducción_feo_kg_pool_amplio,ley_sn_escoria_pct_prev,ale,16.017795,-101.78418790555429,
Reducción_feo_kg_pool_amplio,ley_sn_escoria_pct_prev,ale,17.884845000000002,-251.5746426382167,
Reducción_feo_kg_pool_amplio,ley_sn_escoria_pct_prev,ale,24.001375000000003,-245.87690078353052,
Reducción_feo_kg_pool_amplio,ley_sn_escoria_pct_prev,shap_decil,1.3834,27.260574334628842,0.6915887850467289
Reducción_feo_kg_pool_amplio,ley_sn_escoria_pct_prev,shap_decil,1.7415,-2.892404137990363,0.4485981308411215
Reducción_feo_kg_pool_amplio,ley_sn_escoria_pct_prev,shap_decil,2.0025,-7.060364282265797,0.37383177570093457
Reducción_feo_kg_pool_amplio,ley_sn_escoria_pct_prev,shap_decil,2.2477,19.72846357743743,0.9345794392523364
Reducción_feo_kg_pool_amplio,ley_sn_escoria_pct_prev,shap_decil,2.5582,21.856416584738977,0.9158878504672897
Reducción_feo_kg_pool_amplio,ley_sn_escoria_pct_prev,shap_decil,3.06,17.08932114260002,0.8317757009345794
Reducción_feo_kg_pool_amplio,ley_sn_escoria_pct_prev,shap_decil,4.294,15.571021708196241,0.6822429906542056
Reducción_feo_kg_pool_amplio,ley_sn_escoria_pct_prev,shap_decil,10.1941,72.93475043504455,1.0
Reducción_feo_kg_pool_amplio,ley_sn_escoria_pct_prev,shap_decil,15.193,-10.224993846917467,0.6355140186915887
Reducción_feo_kg_pool_amplio,ley_sn_escoria_pct_prev,shap_decil,18.9404,-109.7666423671643,0.009345794392523364
Reducción_feo_kg_pool_amplio,sn_inventario_escoria_est_kg_prev,pd,0.000612919368558039,-19.114233522355022,
Reducción_feo_kg_pool_amplio,sn_inventario_escoria_est_kg_prev,pd,743.9236783039096,-16.225410271487476,
Reducción_feo_kg_pool_amplio,sn_inventario_escoria_est_kg_prev,pd,1487.8467436884505,-23.298825089600765,
Reducción_feo_kg_pool_amplio,sn_inventario_escoria_est_kg_prev,pd,2231.7698090729914,-30.475778028536393,
Reducción_feo_kg_pool_amplio,sn_inventario_escoria_est_kg_prev,pd,2975.6928744575325,-2.8239924972889625,
Reducción_feo_kg_pool_amplio,sn_inventario_escoria_est_kg_prev,pd,3719.6159398420737,0.5109918076728115,
Reducción_feo_kg_pool_amplio,sn_inventario_escoria_est_kg_prev,pd,4463.539005226615,0.5109918076728115,
Reducción_feo_kg_pool_amplio,sn_inventario_escoria_est_kg_prev,pd,5207.462070611156,0.5109918076728115,
Reducción_feo_kg_pool_amplio,sn_inventario_escoria_est_kg_prev,pd,5951.385135995697,82.74660559563056,
Reducción_feo_kg_pool_amplio,sn_inventario_escoria_est_kg_prev,pd,6695.308201380238,94.39156144267656,
Reducción_feo_kg_pool_amplio,sn_inventario_escoria_est_kg_prev,pd,7439.231266764779,99.77150228156952,
Reducción_feo_kg_pool_amplio,sn_inventario_escoria_est_kg_prev,pd,8183.15433214932,39.61970268670917,
Reducción_feo_kg_pool_amplio,sn_inventario_escoria_est_kg_prev,pd,8927.07739753386,39.15487644808183,
Reducción_feo_kg_pool_amplio,sn_inventario_escoria_est_kg_prev,pd,9671.0004629184,39.15487644808183,
Reducción_feo_kg_pool_amplio,sn_inventario_escoria_est_kg_prev,pd,10414.923528302943,34.102536257195005,
Reducción_feo_kg_pool_amplio,sn_inventario_escoria_est_kg_prev,pd,11158.846593687484,80.20613223583847,
Reducción_feo_kg_pool_amplio,sn_inventario_escoria_est_kg_prev,pd,11902.769659072024,20.01495926538765,
Reducción_feo_kg_pool_amplio,sn_inventario_escoria_est_kg_prev,pd,12646.692724456565,20.01495926538765,
Reducción_feo_kg_pool_amplio,sn_inventario_escoria_est_kg_prev,pd,13390.615789841106,20.01495926538765,
Reducción_feo_kg_pool_amplio,sn_inventario_escoria_est_kg_prev,pd,14134.538855225648,20.01495926538765,
Reducción_feo_kg_pool_amplio,sn_inventario_escoria_est_kg_prev,ale,270.9199962119002,-28.884999072097045,
Reducción_feo_kg_pool_amplio,sn_inventario_escoria_est_kg_prev,ale,658.7464088678283,-17.752454798376796,
Reducción_feo_kg_pool_amplio,sn_inventario_escoria_est_kg_prev,ale,834.7357908506098,-26.390500268623565,
Reducción_feo_kg_pool_amplio,sn_inventario_escoria_est_kg_prev,ale,931.6916903426865,-18.38215897766894,
Reducción_feo_kg_pool_amplio,sn_inventario_escoria_est_kg_prev,ale,1008.2661748491423,-6.7668510958716865,
Reducción_feo_kg_pool_amplio,sn_inventario_escoria_est_kg_prev,ale,1085.3601152699407,-0.06527723299059573,
Reducción_feo_kg_pool_amplio,sn_inventario_escoria_est_kg_prev,ale,1160.4934224680246,-11.557730779722199,
Reducción_feo_kg_pool_amplio,sn_inventario_escoria_est_kg_prev,ale,1235.9848700592777,-25.60448372706845,
Reducción_feo_kg_pool_amplio,sn_inventario_escoria_est_kg_prev,ale,1325.7264978461578,-24.6669081319192,
Reducción_feo_kg_pool_amplio,sn_inventario_escoria_est_kg_prev,ale,1436.7794511385741,-25.54869000262714,
Reducción_feo_kg_pool_amplio,sn_inventario_escoria_est_kg_prev,ale,1561.7476389443314,-21.424408333440375,
Reducción_feo_kg_pool_amplio,sn_inventario_escoria_est_kg_prev,ale,1729.3700073555835,-20.136507944539936,
Reducción_feo_kg_pool_amplio,sn_inventario_escoria_est_kg_prev,ale,2023.6625545283937,-29.805021760786506,
Reducción_feo_kg_pool_amplio,sn_inventario_escoria_est_kg_prev,ale,2674.4520000937164,-7.499319837701364,
Reducción_feo_kg_pool_amplio,sn_inventario_escoria_est_kg_prev,ale,4392.841649769327,22.621786053197994,
Reducción_feo_kg_pool_amplio,sn_inventario_escoria_est_kg_prev,ale,6871.620216658996,74.0703731842132,
Reducción_feo_kg_pool_amplio,sn_inventario_escoria_est_kg_prev,ale,8874.849566056579,69.88806241664314,
Reducción_feo_kg_pool_amplio,sn_inventario_escoria_est_kg_prev,ale,10317.468733665453,50.24640390222906,
Reducción_feo_kg_pool_amplio,sn_inventario_escoria_est_kg_prev,ale,11745.450775079391,44.62249165893546,
Reducción_feo_kg_pool_amplio,sn_inventario_escoria_est_kg_prev,ale,19991.192917535875,3.009340031470657,
Reducción_feo_kg_pool_amplio,sn_inventario_escoria_est_kg_prev,shap_decil,539.5945533917037,-19.477741860490482,0.21495327102803738
Reducción_feo_kg_pool_amplio,sn_inventario_escoria_est_kg_prev,shap_decil,893.3860144596896,-27.26077199085771,0.06542056074766354
Reducción_feo_kg_pool_amplio,sn_inventario_escoria_est_kg_prev,shap_decil,1046.8469920419982,-10.036163224403039,0.19626168224299065
Reducción_feo_kg_pool_amplio,sn_inventario_escoria_est_kg_prev,shap_decil,1196.9295514162948,-23.19562057719984,0.028037383177570093
Reducción_feo_kg_pool_amplio,sn_inventario_escoria_est_kg_prev,shap_decil,1376.5904911317764,-21.954769931116655,0.04672897196261682
Reducción_feo_kg_pool_amplio,sn_inventario_escoria_est_kg_prev,shap_decil,1626.686774193778,-18.708274014922395,0.06542056074766354
Reducción_feo_kg_pool_amplio,sn_inventario_escoria_est_kg_prev,shap_decil,2216.255704002792,-12.949653934244505,0.3364485981308411
Reducción_feo_kg_pool_amplio,sn_inventario_escoria_est_kg_prev,shap_decil,5656.361802225249,56.15949713697778,0.794392523364486
Reducción_feo_kg_pool_amplio,sn_inventario_escoria_est_kg_prev,shap_decil,9672.65424923925,34.00032885380132,0.7850467289719626
Reducción_feo_kg_pool_amplio,sn_inventario_escoria_est_kg_prev,shap_decil,12529.575373584144,38.8257492511589,0.794392523364486
Reducción_feo_kg_pool_amplio,tasa_feed_Carbon_kg_min,pd,4.220625513476384,-72.73650720559496,
Reducción_feo_kg_pool_amplio,tasa_feed_Carbon_kg_min,pd,7.476179721925012,-36.61440987658504,
Reducción_feo_kg_pool_amplio,tasa_feed_Carbon_kg_min,pd,10.731733930373641,-23.629119843536362,
Reducción_feo_kg_pool_amplio,tasa_feed_Carbon_kg_min,pd,13.987288138822269,-20.812317650890606,
Reducción_feo_kg_pool_amplio,tasa_feed_Carbon_kg_min,pd,17.242842347270898,-20.812317650890606,
Reducción_feo_kg_pool_amplio,tasa_feed_Carbon_kg_min,pd,20.498396555719527,-20.812317650890606,
Reducción_feo_kg_pool_amplio,tasa_feed_Carbon_kg_min,pd,23.753950764168156,-20.21313057051359,
Reducción_feo_kg_pool_amplio,tasa_feed_Carbon_kg_min,pd,27.009504972616785,-20.21313057051359,
Reducción_feo_kg_pool_amplio,tasa_feed_Carbon_kg_min,pd,30.265059181065414,-19.517415398018933,
Reducción_feo_kg_pool_amplio,tasa_feed_Carbon_kg_min,pd,33.52061338951404,-19.517415398018933,
Reducción_feo_kg_pool_amplio,tasa_feed_Carbon_kg_min,pd,36.77616759796267,-18.577390545945704,
Reducción_feo_kg_pool_amplio,tasa_feed_Carbon_kg_min,pd,40.0317218064113,-11.611916433949006,
Reducción_feo_kg_pool_amplio,tasa_feed_Carbon_kg_min,pd,43.28727601485993,-11.611916433949006,
Reducción_feo_kg_pool_amplio,tasa_feed_Carbon_kg_min,pd,46.542830223308556,-11.611916433949006,
Reducción_feo_kg_pool_amplio,tasa_feed_Carbon_kg_min,pd,49.798384431757185,-11.611916433949006,
Reducción_feo_kg_pool_amplio,tasa_feed_Carbon_kg_min,pd,53.053938640205814,-11.611916433949006,
Reducción_feo_kg_pool_amplio,tasa_feed_Carbon_kg_min,pd,56.30949284865444,-11.611916433949006,
Reducción_feo_kg_pool_amplio,tasa_feed_Carbon_kg_min,pd,59.56504705710307,-8.02068178970156,
Reducción_feo_kg_pool_amplio,tasa_feed_Carbon_kg_min,pd,62.8206012655517,86.65516629858251,
Reducción_feo_kg_pool_amplio,tasa_feed_Carbon_kg_min,pd,66.07615547400033,119.01255340807165,
Reducción_feo_kg_pool_amplio,tasa_feed_Carbon_kg_min,ale,3.2403933183799403,-74.89993714383695,
Reducción_feo_kg_pool_amplio,tasa_feed_Carbon_kg_min,ale,5.170234696915373,-52.03807028222486,
Reducción_feo_kg_pool_amplio,tasa_feed_Carbon_kg_min,ale,5.981736639174266,-48.745086923819045,
Reducción_feo_kg_pool_amplio,tasa_feed_Carbon_kg_min,ale,7.356824162856153,-46.326737560491324,
Reducción_feo_kg_pool_amplio,tasa_feed_Carbon_kg_min,ale,8.854194429185654,-44.895943203717,
Reducción_feo_kg_pool_amplio,tasa_feed_Carbon_kg_min,ale,10.166181937323675,-39.377335869937,
Reducción_feo_kg_pool_amplio,tasa_feed_Carbon_kg_min,ale,11.996847288062472,-34.334583625083496,
Reducción_feo_kg_pool_amplio,tasa_feed_Carbon_kg_min,ale,14.364125655362354,-32.440292349050054,
Reducción_feo_kg_pool_amplio,tasa_feed_Carbon_kg_min,ale,17.359254479973018,-31.500940340864446,
Reducción_feo_kg_pool_amplio,tasa_feed_Carbon_kg_min,ale,22.603988160819217,-31.048146573615327,
Reducción_feo_kg_pool_amplio,tasa_feed_Carbon_kg_min,ale,26.73930223709498,-30.595352806366208,
Reducción_feo_kg_pool_amplio,tasa_feed_Carbon_kg_min,ale,28.490695102398213,-30.041262756331648,
Reducción_feo_kg_pool_amplio,tasa_feed_Carbon_kg_min,ale,31.524381465422806,-29.487172706297088,
Reducción_feo_kg_pool_amplio,tasa_feed_Carbon_kg_min,ale,36.576598207522665,-24.460782208225226,
Reducción_feo_kg_pool_amplio,tasa_feed_Carbon_kg_min,ale,47.17465862290001,-19.43439171015335,
Reducción_feo_kg_pool_amplio,tasa_feed_Carbon_kg_min,ale,57.11382090929642,-19.43439171015335,
Reducción_feo_kg_pool_amplio,tasa_feed_Carbon_kg_min,ale,60.81020085511241,59.136630076909626,
Reducción_feo_kg_pool_amplio,tasa_feed_Carbon_kg_min,ale,62.8898787019495,157.59625668196344,
Reducción_feo_kg_pool_amplio,tasa_feed_Carbon_kg_min,ale,64.42855072625593,179.93230729436291,
Reducción_feo_kg_pool_amplio,tasa_feed_Carbon_kg_min,ale,65.92791124099884,191.623408485692,
Reducción_feo_kg_pool_amplio,tasa_feed_Carbon_kg_min,shap_decil,4.894285190466678,-52.12592095551831,0.0
Reducción_feo_kg_pool_amplio,tasa_feed_Carbon_kg_min,shap_decil,6.519704414136482,-35.48879253829241,0.0
Reducción_feo_kg_pool_amplio,tasa_feed_Carbon_kg_min,shap_decil,9.514349316793773,-31.377346442678796,0.0
Reducción_feo_kg_pool_amplio,tasa_feed_Carbon_kg_min,shap_decil,13.16770293439428,-20.77259442895701,0.0
Reducción_feo_kg_pool_amplio,tasa_feed_Carbon_kg_min,shap_decil,19.166991121806795,-16.40661280715355,0.0
Reducción_feo_kg_pool_amplio,tasa_feed_Carbon_kg_min,shap_decil,27.440223341721754,-17.799677582889114,0.0
Reducción_feo_kg_pool_amplio,tasa_feed_Carbon_kg_min,shap_decil,33.50589224008414,-14.562929944934188,0.037383177570093455
Reducción_feo_kg_pool_amplio,tasa_feed_Carbon_kg_min,shap_decil,54.74468849756531,-23.543923179500176,0.07476635514018691
Reducción_feo_kg_pool_amplio,tasa_feed_Carbon_kg_min,shap_decil,62.09994828419019,60.97997203353611,0.8504672897196262
Reducción_feo_kg_pool_amplio,tasa_feed_Carbon_kg_min,shap_decil,65.175197609522,120.03734844827135,1.0
Reducción_feo_kg_pool_amplio,interaccion_C_x_FeO_prev,pd,75.12238086176819,-11.931052933054179,
Reducción_feo_kg_pool_amplio,interaccion_C_x_FeO_prev,pd,137.08950257255,-9.828389359096985,
Reducción_feo_kg_pool_amplio,interaccion_C_x_FeO_prev,pd,199.05662428333181,-6.262143370954388,
Reducción_feo_kg_pool_amplio,interaccion_C_x_FeO_prev,pd,261.0237459941136,-6.262143370954388,
Reducción_feo_kg_pool_amplio,interaccion_C_x_FeO_prev,pd,322.99086770489544,-5.1325022164829415,
Reducción_feo_kg_pool_amplio,interaccion_C_x_FeO_prev,pd,384.9579894156772,-5.1325022164829415,
Reducción_feo_kg_pool_amplio,interaccion_C_x_FeO_prev,pd,446.925111126459,-4.328210012605504,
Reducción_feo_kg_pool_amplio,interaccion_C_x_FeO_prev,pd,508.89223283724084,-3.6325594228338733,
Reducción_feo_kg_pool_amplio,interaccion_C_x_FeO_prev,pd,570.8593545480226,-2.972434563188105,
Reducción_feo_kg_pool_amplio,interaccion_C_x_FeO_prev,pd,632.8264762588044,-2.139034785544629,
Reducción_feo_kg_pool_amplio,interaccion_C_x_FeO_prev,pd,694.7935979695862,0.10258480755916141,
Reducción_feo_kg_pool_amplio,interaccion_C_x_FeO_prev,pd,756.7607196803681,0.10258480755916141,
Reducción_feo_kg_pool_amplio,interaccion_C_x_FeO_prev,pd,818.7278413911498,0.10258480755916141,
Reducción_feo_kg_pool_amplio,interaccion_C_x_FeO_prev,pd,880.6949631019316,0.10258480755916141,
Reducción_feo_kg_pool_amplio,interaccion_C_x_FeO_prev,pd,942.6620848127135,0.10258480755916141,
Reducción_feo_kg_pool_amplio,interaccion_C_x_FeO_prev,pd,1004.6292065234952,0.10258480755916141,
Reducción_feo_kg_pool_amplio,interaccion_C_x_FeO_prev,pd,1066.596328234277,0.10258480755916141,
Reducción_feo_kg_pool_amplio,interaccion_C_x_FeO_prev,pd,1128.563449945059,27.129986778879054,
Reducción_feo_kg_pool_amplio,interaccion_C_x_FeO_prev,pd,1190.5305716558405,28.680774561930523,
Reducción_feo_kg_pool_amplio,interaccion_C_x_FeO_prev,pd,1252.4976933666226,28.680774561930523,
Reducción_feo_kg_pool_amplio,interaccion_C_x_FeO_prev,ale,57.675487190137936,-60.66159605096891,
Reducción_feo_kg_pool_amplio,interaccion_C_x_FeO_prev,ale,93.87772610635606,-25.497424146546464,
Reducción_feo_kg_pool_amplio,interaccion_C_x_FeO_prev,ale,110.55497322244678,-23.57612572179805,
Reducción_feo_kg_pool_amplio,interaccion_C_x_FeO_prev,ale,135.2624465928857,-21.65482729704965,
Reducción_feo_kg_pool_amplio,interaccion_C_x_FeO_prev,ale,162.77045731301064,-21.65482729704965,
Reducción_feo_kg_pool_amplio,interaccion_C_x_FeO_prev,ale,190.4553116781952,-19.341366476493263,
Reducción_feo_kg_pool_amplio,interaccion_C_x_FeO_prev,ale,223.68210774535748,-17.027905655936863,
Reducción_feo_kg_pool_amplio,interaccion_C_x_FeO_prev,ale,268.24643772905915,-16.154095617404224,
Reducción_feo_kg_pool_amplio,interaccion_C_x_FeO_prev,ale,328.4693212184403,-15.280285578871585,
Reducción_feo_kg_pool_amplio,interaccion_C_x_FeO_prev,ale,425.11071219234907,-13.367978808944983,
Reducción_feo_kg_pool_amplio,interaccion_C_x_FeO_prev,ale,509.3774651687595,-11.455672039018381,
Reducción_feo_kg_pool_amplio,interaccion_C_x_FeO_prev,ale,552.7745583772326,-10.980026517253421,
Reducción_feo_kg_pool_amplio,interaccion_C_x_FeO_prev,ale,606.9560904512712,-9.407082682840567,
Reducción_feo_kg_pool_amplio,interaccion_C_x_FeO_prev,ale,684.326995053228,-6.618771281768346,
Reducción_feo_kg_pool_amplio,interaccion_C_x_FeO_prev,ale,835.072995166193,-4.927758193344019,
Reducción_feo_kg_pool_amplio,interaccion_C_x_FeO_prev,ale,1002.0046233000787,-4.927758193344019,
Reducción_feo_kg_pool_amplio,interaccion_C_x_FeO_prev,ale,1090.0589820140053,35.24971773739732,
Reducción_feo_kg_pool_amplio,interaccion_C_x_FeO_prev,ale,1138.8505397970016,79.6174535869899,
Reducción_feo_kg_pool_amplio,interaccion_C_x_FeO_prev,ale,1182.76210572644,83.80771350584111,
Reducción_feo_kg_pool_amplio,interaccion_C_x_FeO_prev,ale,1337.094053183479,83.80771350584111,
Reducción_feo_kg_pool_amplio,interaccion_C_x_FeO_prev,shap_decil,87.77966987964672,-25.301082460908937,0.0
Reducción_feo_kg_pool_amplio,interaccion_C_x_FeO_prev,shap_decil,120.13124514890619,-8.96261262532156,0.009345794392523364
Reducción_feo_kg_pool_amplio,interaccion_C_x_FeO_prev,shap_decil,176.10767567298885,-6.742071446796606,0.018691588785046728
Reducción_feo_kg_pool_amplio,interaccion_C_x_FeO_prev,shap_decil,242.51836735570907,-3.4831122056632053,0.07476635514018691
Reducción_feo_kg_pool_amplio,interaccion_C_x_FeO_prev,shap_decil,363.0505865026116,-3.158011873880705,0.17757009345794392
Reducción_feo_kg_pool_amplio,interaccion_C_x_FeO_prev,shap_decil,531.6444181673318,-1.874910975236538,0.14018691588785046
Reducción_feo_kg_pool_amplio,interaccion_C_x_FeO_prev,shap_decil,641.0507989221619,-0.7397995643227295,0.5887850467289719
Reducción_feo_kg_pool_amplio,interaccion_C_x_FeO_prev,shap_decil,941.8371651744166,-5.190896272525368,0.40186915887850466
Reducción_feo_kg_pool_amplio,interaccion_C_x_FeO_prev,shap_decil,1117.7343101265994,31.48029865612421,0.9439252336448598
Reducción_feo_kg_pool_amplio,interaccion_C_x_FeO_prev,shap_decil,1205.5003420592845,26.498740769554175,1.0
Reducción_feo_kg_pool_amplio,tasa_gn_nm3_min,pd,12.589236453451317,-8.32276023479114,
Reducción_feo_kg_pool_amplio,tasa_gn_nm3_min,pd,13.474818090619758,-8.32276023479114,
Reducción_feo_kg_pool_amplio,tasa_gn_nm3_min,pd,14.360399727788199,-8.32276023479114,
Reducción_feo_kg_pool_amplio,tasa_gn_nm3_min,pd,15.245981364956638,-5.3062695572107,
Reducción_feo_kg_pool_amplio,tasa_gn_nm3_min,pd,16.131563002125077,-12.68385769771373,
Reducción_feo_kg_pool_amplio,tasa_gn_nm3_min,pd,17.01714463929352,11.784788221005869,
Reducción_feo_kg_pool_amplio,tasa_gn_nm3_min,pd,17.90272627646196,11.46549474141283,
Reducción_feo_kg_pool_amplio,tasa_gn_nm3_min,pd,18.788307913630398,8.154139143096115,
Reducción_feo_kg_pool_amplio,tasa_gn_nm3_min,pd,19.67388955079884,7.447063312600922,
Reducción_feo_kg_pool_amplio,tasa_gn_nm3_min,pd,20.559471187967283,5.637308874329839,
Reducción_feo_kg_pool_amplio,tasa_gn_nm3_min,pd,21.445052825135722,-5.559822475944027,
Reducción_feo_kg_pool_amplio,tasa_gn_nm3_min,pd,22.33063446230416,-37.3801320998056,
Reducción_feo_kg_pool_amplio,tasa_gn_nm3_min,pd,23.216216099472604,-32.777289222491184,
Reducción_feo_kg_pool_amplio,tasa_gn_nm3_min,pd,24.101797736641043,-39.4796236292354,
Reducción_feo_kg_pool_amplio,tasa_gn_nm3_min,pd,24.987379373809482,-42.877631872554836,
Reducción_feo_kg_pool_amplio,tasa_gn_nm3_min,pd,25.872961010977924,-21.778532189647898,
Reducción_feo_kg_pool_amplio,tasa_gn_nm3_min,pd,26.758542648146364,-25.914151430276064,
Reducción_feo_kg_pool_amplio,tasa_gn_nm3_min,pd,27.644124285314803,-29.019640174842404,
Reducción_feo_kg_pool_amplio,tasa_gn_nm3_min,pd,28.529705922483245,21.24144689936276,
Reducción_feo_kg_pool_amplio,tasa_gn_nm3_min,pd,29.415287559651684,64.32879583446578,
Reducción_feo_kg_pool_amplio,tasa_gn_nm3_min,ale,11.036429151735774,49.85552690741527,
Reducción_feo_kg_pool_amplio,tasa_gn_nm3_min,ale,15.611834252884371,47.87250104537582,
Reducción_feo_kg_pool_amplio,tasa_gn_nm3_min,ale,16.566336492805668,48.92518906531822,
Reducción_feo_kg_pool_amplio,tasa_gn_nm3_min,ale,17.094551617995553,48.543498220177526,
Reducción_feo_kg_pool_amplio,tasa_gn_nm3_min,ale,17.689680518965787,46.84998104806502,
Reducción_feo_kg_pool_amplio,tasa_gn_nm3_min,ale,18.33356659989567,47.62747039598885,
Reducción_feo_kg_pool_amplio,tasa_gn_nm3_min,ale,19.083724795741418,44.949001496786536,
Reducción_feo_kg_pool_amplio,tasa_gn_nm3_min,ale,19.822246731440224,38.62634389936488,
Reducción_feo_kg_pool_amplio,tasa_gn_nm3_min,ale,20.773920860400942,23.500812864427427,
Reducción_feo_kg_pool_amplio,tasa_gn_nm3_min,ale,22.022888246999884,-10.097300079946912,
Reducción_feo_kg_pool_amplio,tasa_gn_nm3_min,ale,23.122441824397335,-58.91065083036797,
Reducción_feo_kg_pool_amplio,tasa_gn_nm3_min,ale,24.003835182698566,-80.5793528560449,
Reducción_feo_kg_pool_amplio,tasa_gn_nm3_min,ale,24.79812281172011,-59.08695133938696,
Reducción_feo_kg_pool_amplio,tasa_gn_nm3_min,ale,25.555842900424537,-42.17691234416763,
Reducción_feo_kg_pool_amplio,tasa_gn_nm3_min,ale,26.32103111651385,-43.728023090079105,
Reducción_feo_kg_pool_amplio,tasa_gn_nm3_min,ale,27.0848016611735,-48.14350130789309,
Reducción_feo_kg_pool_amplio,tasa_gn_nm3_min,ale,27.746549784907586,-42.24691851715012,
Reducción_feo_kg_pool_amplio,tasa_gn_nm3_min,ale,28.24073690061216,-20.47378045537603,
Reducción_feo_kg_pool_amplio,tasa_gn_nm3_min,ale,28.817237594604492,-24.61645374229063,
Reducción_feo_kg_pool_amplio,tasa_gn_nm3_min,ale,29.763670273957423,32.27217732277806,
Reducción_feo_kg_pool_amplio,tasa_gn_nm3_min,shap_decil,14.87167462511635,2.385984357985382,0.5794392523364486
Reducción_feo_kg_pool_amplio,tasa_gn_nm3_min,shap_decil,16.783672417534724,22.893650541570484,0.9345794392523364
Reducción_feo_kg_pool_amplio,tasa_gn_nm3_min,shap_decil,17.97170687320727,24.362279999571196,0.9439252336448598
Reducción_feo_kg_pool_amplio,tasa_gn_nm3_min,shap_decil,19.473116641574435,22.04634870400078,0.9345794392523364
Reducción_feo_kg_pool_amplio,tasa_gn_nm3_min,shap_decil,21.37860715208935,-2.61160498930274,0.5607476635514018
Reducción_feo_kg_pool_amplio,tasa_gn_nm3_min,shap_decil,23.581612684461803,-43.609498952387995,0.037383177570093455
Reducción_feo_kg_pool_amplio,tasa_gn_nm3_min,shap_decil,25.169059407552087,-36.739459887662164,0.06542056074766354
Reducción_feo_kg_pool_amplio,tasa_gn_nm3_min,shap_decil,26.700240851508244,-25.542799883075382,0.04672897196261682
Reducción_feo_kg_pool_amplio,tasa_gn_nm3_min,shap_decil,28.022808091905382,-12.370127462738989,0.3177570093457944
Reducción_feo_kg_pool_amplio,tasa_gn_nm3_min,shap_decil,29.17542695222077,43.09850033226962,0.6728971962616822
Reducción_feo_kg_pool_amplio,exceso_o2_combustion_pct,pd,-7.347789690332376,54.11599532299807,
Reducción_feo_kg_pool_amplio,exceso_o2_combustion_pct,pd,-5.33650087938184,28.431535546154,
Reducción_feo_kg_pool_amplio,exceso_o2_combustion_pct,pd,-3.3252120684313047,0.12585892964075202,
Reducción_feo_kg_pool_amplio,exceso_o2_combustion_pct,pd,-1.313923257480769,-33.94858018931317,
Reducción_feo_kg_pool_amplio,exceso_o2_combustion_pct,pd,0.6973655534697665,-32.19856262553906,
Reducción_feo_kg_pool_amplio,exceso_o2_combustion_pct,pd,2.708654364420302,-33.628643767270965,
Reducción_feo_kg_pool_amplio,exceso_o2_combustion_pct,pd,4.719943175370838,4.527328948790751,
Reducción_feo_kg_pool_amplio,exceso_o2_combustion_pct,pd,6.731231986321373,0.6075972007338741,
Reducción_feo_kg_pool_amplio,exceso_o2_combustion_pct,pd,8.742520797271908,-22.877729744668013,
Reducción_feo_kg_pool_amplio,exceso_o2_combustion_pct,pd,10.753809608222443,-66.40214065337108,
Reducción_feo_kg_pool_amplio,exceso_o2_combustion_pct,pd,12.765098419172979,-87.6183765508759,
Reducción_feo_kg_pool_amplio,exceso_o2_combustion_pct,pd,14.776387230123515,-183.78351265291965,
Reducción_feo_kg_pool_amplio,exceso_o2_combustion_pct,pd,16.78767604107405,-307.44218505738314,
Reducción_feo_kg_pool_amplio,exceso_o2_combustion_pct,pd,18.798964852024586,-307.44218505738314,
Reducción_feo_kg_pool_amplio,exceso_o2_combustion_pct,pd,20.81025366297512,-277.55539330456287,
Reducción_feo_kg_pool_amplio,exceso_o2_combustion_pct,pd,22.821542473925657,-277.55539330456287,
Reducción_feo_kg_pool_amplio,exceso_o2_combustion_pct,pd,24.832831284876193,-277.55539330456287,
Reducción_feo_kg_pool_amplio,exceso_o2_combustion_pct,pd,26.844120095826725,-277.55539330456287,
Reducción_feo_kg_pool_amplio,exceso_o2_combustion_pct,pd,28.855408906777264,-125.76414214983959,
Reducción_feo_kg_pool_amplio,exceso_o2_combustion_pct,pd,30.8666977177278,-125.76414214983959,
Reducción_feo_kg_pool_amplio,exceso_o2_combustion_pct,ale,-30.118364054460027,95.18739758740455,
Reducción_feo_kg_pool_amplio,exceso_o2_combustion_pct,ale,-6.779296013277476,115.07400654192563,
Reducción_feo_kg_pool_amplio,exceso_o2_combustion_pct,ale,-6.522640981381038,146.68240071021947,
Reducción_feo_kg_pool_amplio,exceso_o2_combustion_pct,ale,-6.303925609854824,114.8816352324935,
Reducción_feo_kg_pool_amplio,exceso_o2_combustion_pct,ale,-6.071537263114557,89.5077513629378,
Reducción_feo_kg_pool_amplio,exceso_o2_combustion_pct,ale,-5.874691981428926,62.167360288515596,
Reducción_feo_kg_pool_amplio,exceso_o2_combustion_pct,ale,-5.70725726635359,22.363731826556403,
Reducción_feo_kg_pool_amplio,exceso_o2_combustion_pct,ale,-5.540307319724517,0.07796818109875403,
Reducción_feo_kg_pool_amplio,exceso_o2_combustion_pct,ale,-5.378442287778067,3.7177827232792993,
Reducción_feo_kg_pool_amplio,exceso_o2_combustion_pct,ale,-5.2010336322568165,11.132159295577324,
Reducción_feo_kg_pool_amplio,exceso_o2_combustion_pct,ale,-5.003318439068899,-14.296839996736253,
Reducción_feo_kg_pool_amplio,exceso_o2_combustion_pct,ale,-4.7841820084552005,-23.82797516333204,
Reducción_feo_kg_pool_amplio,exceso_o2_combustion_pct,ale,-4.497183422135357,-2.3416478051698846,
Reducción_feo_kg_pool_amplio,exceso_o2_combustion_pct,ale,-3.992164169625158,10.001475894409793,
Reducción_feo_kg_pool_amplio,exceso_o2_combustion_pct,ale,-3.2077560809088776,-9.491769208337587,
Reducción_feo_kg_pool_amplio,exceso_o2_combustion_pct,ale,-2.0053516400928273,-29.472639384444676,
Reducción_feo_kg_pool_amplio,exceso_o2_combustion_pct,ale,0.17612321076635062,-36.33101223066055,
Reducción_feo_kg_pool_amplio,exceso_o2_combustion_pct,ale,4.196980619685334,-22.954464246187825,
Reducción_feo_kg_pool_amplio,exceso_o2_combustion_pct,ale,12.137472528057872,-213.87781211148695,
Reducción_feo_kg_pool_amplio,exceso_o2_combustion_pct,ale,64.22592872823415,-317.6996197168175,
Reducción_feo_kg_pool_amplio,exceso_o2_combustion_pct,shap_decil,-6.9396559764372885,56.01674408497111,0.897196261682243
Reducción_feo_kg_pool_amplio,exceso_o2_combustion_pct,shap_decil,-6.424540226661167,113.32407490052972,1.0
Reducción_feo_kg_pool_amplio,exceso_o2_combustion_pct,shap_decil,-5.95746966808297,83.45999681341866,0.9906542056074766
Reducción_feo_kg_pool_amplio,exceso_o2_combustion_pct,shap_decil,-5.622292423483955,19.746385377679562,0.719626168224299
Reducción_feo_kg_pool_amplio,exceso_o2_combustion_pct,shap_decil,-5.297425130458631,18.618637435044686,0.7570093457943925
Reducción_feo_kg_pool_amplio,exceso_o2_combustion_pct,shap_decil,-4.901645776977421,-15.27875377008716,0.21495327102803738
Reducción_feo_kg_pool_amplio,exceso_o2_combustion_pct,shap_decil,-4.327538861181245,-5.007849796712235,0.38317757009345793
Reducción_feo_kg_pool_amplio,exceso_o2_combustion_pct,shap_decil,-2.752563669261895,-17.31206495072259,0.18691588785046728
Reducción_feo_kg_pool_amplio,exceso_o2_combustion_pct,shap_decil,1.610329838979289,-30.468323908657098,0.11214953271028037
Reducción_feo_kg_pool_amplio,exceso_o2_combustion_pct,shap_decil,17.568789219184847,-167.2467121234811,0.08411214953271028
Reducción_feo_kg_pool_amplio,duracion_plan_min,pd,13.0,-0.4986748703253012,
Reducción_feo_kg_pool_amplio,duracion_plan_min,pd,15.0,-0.7761205606543466,
Reducción_feo_kg_pool_amplio,duracion_plan_min,pd,20.0,-0.7761205606543466,
Reducción_feo_kg_pool_amplio,duracion_plan_min,pd,25.0,-0.7761205606543466,
Reducción_feo_kg_pool_amplio,duracion_plan_min,pd,30.0,2.522768604179772,
Reducción_feo_kg_pool_amplio,duracion_plan_min,ale,16.5,-0.17722715470128206,
Reducción_feo_kg_pool_amplio,duracion_plan_min,ale,22.5,-0.4727840075730656,
Reducción_feo_kg_pool_amplio,duracion_plan_min,ale,27.5,0.7775675047067894,
Reducción_feo_kg_pool_amplio,duracion_plan_min,shap_decil,20.0,-0.4627760077244537,0.05930470347648262
Reducción_feo_kg_pool_amplio,duracion_plan_min,shap_decil,25.0,-1.1514550866822861,0.0
Reducción_feo_kg_pool_amplio,duracion_plan_min,shap_decil,30.0,2.266680145934276,1.0
Reducción_feo_kg_pool_amplio,basicidad_B2_prev,pd,0.46540572268611735,46.0705266941252,
Reducción_feo_kg_pool_amplio,basicidad_B2_prev,pd,0.475524339638477,-12.32308702589864,
Reducción_feo_kg_pool_amplio,basicidad_B2_prev,pd,0.48564295659083667,-13.833242856224285,
Reducción_feo_kg_pool_amplio,basicidad_B2_prev,pd,0.4957615735431963,-37.91400590043718,
Reducción_feo_kg_pool_amplio,basicidad_B2_prev,pd,0.5058801904955559,11.494768122491994,
Reducción_feo_kg_pool_amplio,basicidad_B2_prev,pd,0.5159988074479156,104.5419447291577,
Reducción_feo_kg_pool_amplio,basicidad_B2_prev,pd,0.5261174244002752,108.994030236984,
Reducción_feo_kg_pool_amplio,basicidad_B2_prev,pd,0.5362360413526349,71.92159750526213,
Reducción_feo_kg_pool_amplio,basicidad_B2_prev,pd,0.5463546583049945,103.79970434267483,
Reducción_feo_kg_pool_amplio,basicidad_B2_prev,pd,0.5564732752573541,112.10126607281542,
Reducción_feo_kg_pool_amplio,basicidad_B2_prev,pd,0.5665918922097138,-49.87069189875721,
Reducción_feo_kg_pool_amplio,basicidad_B2_prev,pd,0.5767105091620734,-111.75212533330647,
Reducción_feo_kg_pool_amplio,basicidad_B2_prev,pd,0.5868291261144332,-147.74928849250517,
Reducción_feo_kg_pool_amplio,basicidad_B2_prev,pd,0.5969477430667928,-141.86423625457553,
Reducción_feo_kg_pool_amplio,basicidad_B2_prev,pd,0.6070663600191524,-238.37502532912714,
Reducción_feo_kg_pool_amplio,basicidad_B2_prev,pd,0.6171849769715121,-199.87378295253566,
Reducción_feo_kg_pool_amplio,basicidad_B2_prev,pd,0.6273035939238717,-199.87378295253566,
Reducción_feo_kg_pool_amplio,basicidad_B2_prev,pd,0.6374222108762313,-308.4306674042646,
Reducción_feo_kg_pool_amplio,basicidad_B2_prev,pd,0.647540827828591,-308.4306674042646,
Reducción_feo_kg_pool_amplio,basicidad_B2_prev,pd,0.6576594447809506,-308.4306674042646,
Reducción_feo_kg_pool_amplio,basicidad_B2_prev,ale,0.33739213488622305,43.791769666984514,
Reducción_feo_kg_pool_amplio,basicidad_B2_prev,ale,0.487655013815961,-28.448084486554023,
Reducción_feo_kg_pool_amplio,basicidad_B2_prev,ale,0.5015841610119623,-11.95235424470728,
Reducción_feo_kg_pool_amplio,basicidad_B2_prev,ale,0.5113054127656675,60.5358627715461,
Reducción_feo_kg_pool_amplio,basicidad_B2_prev,ale,0.5181404999805516,105.66634868128705,
Reducción_feo_kg_pool_amplio,basicidad_B2_prev,ale,0.5243522485193683,107.29050129428292,
Reducción_feo_kg_pool_amplio,basicidad_B2_prev,ale,0.529786184765388,108.32430087555005,
Reducción_feo_kg_pool_amplio,basicidad_B2_prev,ale,0.5343750913499085,89.29310624056008,
Reducción_feo_kg_pool_amplio,basicidad_B2_prev,ale,0.5386057701279059,71.40558366652282,
Reducción_feo_kg_pool_amplio,basicidad_B2_prev,ale,0.5429810518836218,83.52717701890292,
Reducción_feo_kg_pool_amplio,basicidad_B2_prev,ale,0.547895024482353,99.10167273184966,
Reducción_feo_kg_pool_amplio,basicidad_B2_prev,ale,0.5529776997715091,103.52956453068148,
Reducción_feo_kg_pool_amplio,basicidad_B2_prev,ale,0.5583518632078963,94.81422213057178,
Reducción_feo_kg_pool_amplio,basicidad_B2_prev,ale,0.5637154229827959,85.97936413491715,
Reducción_feo_kg_pool_amplio,basicidad_B2_prev,ale,0.568587187307539,15.569761013102621,
Reducción_feo_kg_pool_amplio,basicidad_B2_prev,ale,0.5747000239288194,-74.71487495209894,
Reducción_feo_kg_pool_amplio,basicidad_B2_prev,ale,0.5826830252124654,-115.69766685872293,
Reducción_feo_kg_pool_amplio,basicidad_B2_prev,ale,0.5939991874194882,-185.0465578595817,
Reducción_feo_kg_pool_amplio,basicidad_B2_prev,ale,0.6125653841659641,-222.10106370501944,
Reducción_feo_kg_pool_amplio,basicidad_B2_prev,ale,4.476229971747812,-427.4633458324724,
Reducción_feo_kg_pool_amplio,basicidad_B2_prev,shap_decil,0.4795755164090371,-23.468744880533567,0.35514018691588783
Reducción_feo_kg_pool_amplio,basicidad_B2_prev,shap_decil,0.5076882439106386,41.1394216973518,0.6915887850467289
Reducción_feo_kg_pool_amplio,basicidad_B2_prev,shap_decil,0.5213965243429806,98.97961467550925,1.0
Reducción_feo_kg_pool_amplio,basicidad_B2_prev,shap_decil,0.5322543175739993,102.64107684008998,1.0
Reducción_feo_kg_pool_amplio,basicidad_B2_prev,shap_decil,0.5407248997090185,81.87246415520505,1.0
Reducción_feo_kg_pool_amplio,basicidad_B2_prev,shap_decil,0.5505629685838414,109.09264201101382,1.0
Reducción_feo_kg_pool_amplio,basicidad_B2_prev,shap_decil,0.5613409981367242,92.09163455644982,0.9906542056074766
Reducción_feo_kg_pool_amplio,basicidad_B2_prev,shap_decil,0.5710508602490489,-74.5329948172241,0.08411214953271028
Reducción_feo_kg_pool_amplio,basicidad_B2_prev,shap_decil,0.5870272032652372,-132.24785591021578,0.0
Reducción_feo_kg_pool_amplio,basicidad_B2_prev,shap_decil,0.6242126620099325,-291.23812917658034,0.028037383177570093
Reducción_feo_kg_pool_amplio,temperatura_horno_celsius_prev,pd,933.0553078517023,-31.533599108330275,
Reducción_feo_kg_pool_amplio,temperatura_horno_celsius_prev,pd,947.171430250548,-111.03883574147459,
Reducción_feo_kg_pool_amplio,temperatura_horno_celsius_prev,pd,961.2875526493938,-136.4713368937346,
Reducción_feo_kg_pool_amplio,temperatura_horno_celsius_prev,pd,975.4036750482395,-14.831865317379805,
Reducción_feo_kg_pool_amplio,temperatura_horno_celsius_prev,pd,989.5197974470852,-19.203331422177143,
Reducción_feo_kg_pool_amplio,temperatura_horno_celsius_prev,pd,1003.635919845931,-22.954565312206086,
Reducción_feo_kg_pool_amplio,temperatura_horno_celsius_prev,pd,1017.7520422447767,26.752395053983687,
Reducción_feo_kg_pool_amplio,temperatura_horno_celsius_prev,pd,1031.8681646436223,22.696836977598924,
Reducción_feo_kg_pool_amplio,temperatura_horno_celsius_prev,pd,1045.9842870424682,23.168436704425535,
Reducción_feo_kg_pool_amplio,temperatura_horno_celsius_prev,pd,1060.1004094413138,44.263966549084145,
Reducción_feo_kg_pool_amplio,temperatura_horno_celsius_prev,pd,1074.2165318401596,28.442121878179723,
Reducción_feo_kg_pool_amplio,temperatura_horno_celsius_prev,pd,1088.3326542390053,40.59311531414039,
Reducción_feo_kg_pool_amplio,temperatura_horno_celsius_prev,pd,1102.448776637851,25.191328736592826,
Reducción_feo_kg_pool_amplio,temperatura_horno_celsius_prev,pd,1116.5648990366967,40.14851268430896,
Reducción_feo_kg_pool_amplio,temperatura_horno_celsius_prev,pd,1130.6810214355426,35.75205573887657,
Reducción_feo_kg_pool_amplio,temperatura_horno_celsius_prev,pd,1144.7971438343882,49.71817101873451,
Reducción_feo_kg_pool_amplio,temperatura_horno_celsius_prev,pd,1158.913266233234,15.98980117034219,
Reducción_feo_kg_pool_amplio,temperatura_horno_celsius_prev,pd,1173.0293886320796,-3.3500773874622243,
Reducción_feo_kg_pool_amplio,temperatura_horno_celsius_prev,pd,1187.1455110309255,-3.3500773874622243,
Reducción_feo_kg_pool_amplio,temperatura_horno_celsius_prev,pd,1201.261633429771,-3.3500773874622243,
Reducción_feo_kg_pool_amplio,temperatura_horno_celsius_prev,ale,926.3254239707239,-78.02106864034353,
Reducción_feo_kg_pool_amplio,temperatura_horno_celsius_prev,ale,959.1752466666853,-119.17054624493396,
Reducción_feo_kg_pool_amplio,temperatura_horno_celsius_prev,ale,977.3908593901167,-66.97813452768084,
Reducción_feo_kg_pool_amplio,temperatura_horno_celsius_prev,ale,993.1869033835201,-30.041247045356954,
Reducción_feo_kg_pool_amplio,temperatura_horno_celsius_prev,ale,1007.8876133658242,-6.721418185569309,
Reducción_feo_kg_pool_amplio,temperatura_horno_celsius_prev,ale,1021.4359889851125,22.593576204389127,
Reducción_feo_kg_pool_amplio,temperatura_horno_celsius_prev,ale,1035.120988933436,20.361125375725752,
Reducción_feo_kg_pool_amplio,temperatura_horno_celsius_prev,ale,1048.4431222952821,15.918273938289108,
Reducción_feo_kg_pool_amplio,temperatura_horno_celsius_prev,ale,1059.0265939329915,29.33521087360187,
Reducción_feo_kg_pool_amplio,temperatura_horno_celsius_prev,ale,1069.1228572950054,34.660106448570474,
Reducción_feo_kg_pool_amplio,temperatura_horno_celsius_prev,ale,1079.385668786556,28.914967754893315,
Reducción_feo_kg_pool_amplio,temperatura_horno_celsius_prev,ale,1087.7688475035943,37.0417621929348,
Reducción_feo_kg_pool_amplio,temperatura_horno_celsius_prev,ale,1095.7660104249094,30.572315207755704,
Reducción_feo_kg_pool_amplio,temperatura_horno_celsius_prev,ale,1106.253058132287,10.032526438542849,
Reducción_feo_kg_pool_amplio,temperatura_horno_celsius_prev,ale,1116.4202655863664,12.206542782324004,
Reducción_feo_kg_pool_amplio,temperatura_horno_celsius_prev,ale,1125.2818378935067,21.408559407865898,
Reducción_feo_kg_pool_amplio,temperatura_horno_celsius_prev,ale,1135.7011754306034,26.279582771071237,
Reducción_feo_kg_pool_amplio,temperatura_horno_celsius_prev,ale,1147.8690086797033,21.49576133441281,
Reducción_feo_kg_pool_amplio,temperatura_horno_celsius_prev,ale,1164.6417782415565,-0.23554420761340467,
Reducción_feo_kg_pool_amplio,temperatura_horno_celsius_prev,ale,1226.091578267365,-9.250536552779263,
Reducción_feo_kg_pool_amplio,temperatura_horno_celsius_prev,shap_decil,949.3286817865505,-108.30825747834545,0.06542056074766354
Reducción_feo_kg_pool_amplio,temperatura_horno_celsius_prev,shap_decil,985.6526006989611,-38.42659427512764,0.19626168224299065
Reducción_feo_kg_pool_amplio,temperatura_horno_celsius_prev,shap_decil,1015.1690470699974,15.02067687132309,0.7570093457943925
Reducción_feo_kg_pool_amplio,temperatura_horno_celsius_prev,shap_decil,1042.5524362435563,25.464351245961712,0.8317757009345794
Reducción_feo_kg_pool_amplio,temperatura_horno_celsius_prev,shap_decil,1063.7410710791742,33.53023493511727,0.8598130841121495
Reducción_feo_kg_pool_amplio,temperatura_horno_celsius_prev,shap_decil,1084.2801354221947,40.0397020400951,0.9719626168224299
Reducción_feo_kg_pool_amplio,temperatura_horno_celsius_prev,shap_decil,1100.2692213516302,23.7870539461289,0.8504672897196262
Reducción_feo_kg_pool_amplio,temperatura_horno_celsius_prev,shap_decil,1120.857868343016,26.956515787559642,0.9158878504672897
Reducción_feo_kg_pool_amplio,temperatura_horno_celsius_prev,shap_decil,1141.479730919494,33.700245784130246,0.8317757009345794
Reducción_feo_kg_pool_amplio,temperatura_horno_celsius_prev,shap_decil,1175.234938507204,-17.83034762942426,0.2803738317757009
Reducción_feo_kg_pool_amplio,posicion_vertical_lanza_mm_prev,pd,2160.6173748202855,141.7006816807228,
Reducción_feo_kg_pool_amplio,posicion_vertical_lanza_mm_prev,pd,2307.33540857148,128.82857201644208,
Reducción_feo_kg_pool_amplio,posicion_vertical_lanza_mm_prev,pd,2454.0534423226745,121.17751611485443,
Reducción_feo_kg_pool_amplio,posicion_vertical_lanza_mm_prev,pd,2600.771476073869,113.26475960824715,
Reducción_feo_kg_pool_amplio,posicion_vertical_lanza_mm_prev,pd,2747.489509825064,48.28340131063078,
Reducción_feo_kg_pool_amplio,posicion_vertical_lanza_mm_prev,pd,2894.2075435762586,40.295760828636666,
Reducción_feo_kg_pool_amplio,posicion_vertical_lanza_mm_prev,pd,3040.925577327453,34.831600624213834,
Reducción_feo_kg_pool_amplio,posicion_vertical_lanza_mm_prev,pd,3187.643611078648,-5.275905861401736,
Reducción_feo_kg_pool_amplio,posicion_vertical_lanza_mm_prev,pd,3334.3616448298426,-24.79640939470191,
Reducción_feo_kg_pool_amplio,posicion_vertical_lanza_mm_prev,pd,3481.079678581037,-34.6186639374951,
Reducción_feo_kg_pool_amplio,posicion_vertical_lanza_mm_prev,pd,3627.7977123322316,-23.55522273213733,
Reducción_feo_kg_pool_amplio,posicion_vertical_lanza_mm_prev,pd,3774.515746083426,-2.4737292316542643,
Reducción_feo_kg_pool_amplio,posicion_vertical_lanza_mm_prev,pd,3921.2337798346207,-23.986553428435265,
Reducción_feo_kg_pool_amplio,posicion_vertical_lanza_mm_prev,pd,4067.951813585815,-21.16881004171808,
Reducción_feo_kg_pool_amplio,posicion_vertical_lanza_mm_prev,pd,4214.669847337011,-40.786016291770714,
Reducción_feo_kg_pool_amplio,posicion_vertical_lanza_mm_prev,pd,4361.387881088205,268.8256780973702,
Reducción_feo_kg_pool_amplio,posicion_vertical_lanza_mm_prev,pd,4508.1059148394,30.988765793917274,
Reducción_feo_kg_pool_amplio,posicion_vertical_lanza_mm_prev,pd,4654.823948590594,146.8481490922123,
Reducción_feo_kg_pool_amplio,posicion_vertical_lanza_mm_prev,pd,4801.541982341789,-11.819282963158617,
Reducción_feo_kg_pool_amplio,posicion_vertical_lanza_mm_prev,pd,4948.260016092983,-11.819282963158617,
Reducción_feo_kg_pool_amplio,posicion_vertical_lanza_mm_prev,ale,2038.0528977338006,122.59536068487516,
Reducción_feo_kg_pool_amplio,posicion_vertical_lanza_mm_prev,ale,2434.870638458042,120.29768168924262,
Reducción_feo_kg_pool_amplio,posicion_vertical_lanza_mm_prev,ale,2598.3349864778575,85.86184092268047,
Reducción_feo_kg_pool_amplio,posicion_vertical_lanza_mm_prev,ale,2701.7558902306127,45.22184354357614,
Reducción_feo_kg_pool_amplio,posicion_vertical_lanza_mm_prev,ale,2786.5348508160523,28.74782785727801,
Reducción_feo_kg_pool_amplio,posicion_vertical_lanza_mm_prev,ale,2890.790852547446,26.309491287530932,
Reducción_feo_kg_pool_amplio,posicion_vertical_lanza_mm_prev,ale,2992.062241286708,20.729130311668115,
Reducción_feo_kg_pool_amplio,posicion_vertical_lanza_mm_prev,ale,3087.106527428113,4.809173705264925,
Reducción_feo_kg_pool_amplio,posicion_vertical_lanza_mm_prev,ale,3187.4002504154673,-8.743458109238759,
Reducción_feo_kg_pool_amplio,posicion_vertical_lanza_mm_prev,ale,3301.472853099852,-24.29008008123793,
Reducción_feo_kg_pool_amplio,posicion_vertical_lanza_mm_prev,ale,3418.725725043999,-40.582987111498426,
Reducción_feo_kg_pool_amplio,posicion_vertical_lanza_mm_prev,ale,3544.705467250774,-35.70973143946668,
Reducción_feo_kg_pool_amplio,posicion_vertical_lanza_mm_prev,ale,3677.438457879761,-5.885894573969665,
Reducción_feo_kg_pool_amplio,posicion_vertical_lanza_mm_prev,ale,3798.1399024485254,-26.099486670521003,
Reducción_feo_kg_pool_amplio,posicion_vertical_lanza_mm_prev,ale,3922.793388972186,-73.56440353383843,
Reducción_feo_kg_pool_amplio,posicion_vertical_lanza_mm_prev,ale,4046.3978449180718,-87.06234673186168,
Reducción_feo_kg_pool_amplio,posicion_vertical_lanza_mm_prev,ale,4174.884532872958,-105.76199495007677,
Reducción_feo_kg_pool_amplio,posicion_vertical_lanza_mm_prev,ale,4307.266788279541,27.90946610681999,
Reducción_feo_kg_pool_amplio,posicion_vertical_lanza_mm_prev,ale,4494.986141752216,102.7723722787347,
Reducción_feo_kg_pool_amplio,posicion_vertical_lanza_mm_prev,ale,6474.447897554872,-176.64037551459626,
Reducción_feo_kg_pool_amplio,posicion_vertical_lanza_mm_prev,shap_decil,2334.1276611328126,97.1290478502087,1.0
Reducción_feo_kg_pool_amplio,posicion_vertical_lanza_mm_prev,shap_decil,2662.2479055304275,54.594182992541434,0.9158878504672897
Reducción_feo_kg_pool_amplio,posicion_vertical_lanza_mm_prev,shap_decil,2833.1441594904118,10.775218251729335,0.6074766355140186
Reducción_feo_kg_pool_amplio,posicion_vertical_lanza_mm_prev,shap_decil,3035.625115645559,5.551557495216501,0.3177570093457944
Reducción_feo_kg_pool_amplio,posicion_vertical_lanza_mm_prev,shap_decil,3236.8705008370534,-25.343158392259305,0.11214953271028037
Reducción_feo_kg_pool_amplio,posicion_vertical_lanza_mm_prev,shap_decil,3471.5342145647323,-45.77181939294226,0.102803738317757
Reducción_feo_kg_pool_amplio,posicion_vertical_lanza_mm_prev,shap_decil,3737.0672144396553,-6.439392619921028,0.35514018691588783
Reducción_feo_kg_pool_amplio,posicion_vertical_lanza_mm_prev,shap_decil,3986.7944557883525,-32.191913330802805,0.08411214953271028
Reducción_feo_kg_pool_amplio,posicion_vertical_lanza_mm_prev,shap_decil,4244.082902496936,-37.642573435252864,0.07476635514018691
Reducción_feo_kg_pool_amplio,posicion_vertical_lanza_mm_prev,shap_decil,4619.098478618421,4.392076289682922,0.5607476635514018
Reducción_feo_kg_pool_amplio,tasa_feed_CaO_kg_min,pd,2.2324579550210084e-25,50.633780835095486,
Reducción_feo_kg_pool_amplio,tasa_feed_CaO_kg_min,pd,0.07921859060820365,-71.87898499983172,
Reducción_feo_kg_pool_amplio,tasa_feed_CaO_kg_min,pd,0.1584371812164073,-50.42153222648823,
Reducción_feo_kg_pool_amplio,tasa_feed_CaO_kg_min,pd,0.23765577182461095,-50.42153222648823,
Reducción_feo_kg_pool_amplio,tasa_feed_CaO_kg_min,pd,0.3168743624328146,-45.84814597392468,
Reducción_feo_kg_pool_amplio,tasa_feed_CaO_kg_min,pd,0.3960929530410182,-49.9426806787531,
Reducción_feo_kg_pool_amplio,tasa_feed_CaO_kg_min,pd,0.4753115436492219,-49.9426806787531,
Reducción_feo_kg_pool_amplio,tasa_feed_CaO_kg_min,pd,0.5545301342574255,-49.9426806787531,
Reducción_feo_kg_pool_amplio,tasa_feed_CaO_kg_min,pd,0.6337487248656292,-49.9426806787531,
Reducción_feo_kg_pool_amplio,tasa_feed_CaO_kg_min,pd,0.7129673154738329,-42.37804971376615,
Reducción_feo_kg_pool_amplio,tasa_feed_CaO_kg_min,pd,0.7921859060820364,-42.37804971376615,
Reducción_feo_kg_pool_amplio,tasa_feed_CaO_kg_min,pd,0.8714044966902401,-35.7531214327792,
Reducción_feo_kg_pool_amplio,tasa_feed_CaO_kg_min,pd,0.9506230872984438,-35.7531214327792,
Reducción_feo_kg_pool_amplio,tasa_feed_CaO_kg_min,pd,1.0298416779066475,-35.7531214327792,
Reducción_feo_kg_pool_amplio,tasa_feed_CaO_kg_min,pd,1.109060268514851,-35.7531214327792,
Reducción_feo_kg_pool_amplio,tasa_feed_CaO_kg_min,pd,1.1882788591230546,-35.7531214327792,
Reducción_feo_kg_pool_amplio,tasa_feed_CaO_kg_min,pd,1.2674974497312583,-35.7531214327792,
Reducción_feo_kg_pool_amplio,tasa_feed_CaO_kg_min,pd,1.346716040339462,-35.7531214327792,
Reducción_feo_kg_pool_amplio,tasa_feed_CaO_kg_min,pd,1.4259346309476657,-35.7531214327792,
Reducción_feo_kg_pool_amplio,tasa_feed_CaO_kg_min,pd,1.5051532215558692,-35.7531214327792,
Reducción_feo_kg_pool_amplio,tasa_feed_CaO_kg_min,ale,2.9199042983862633e-25,55.46648797658767,
Reducción_feo_kg_pool_amplio,tasa_feed_CaO_kg_min,ale,2.027026883320915e-24,55.46648797658767,
Reducción_feo_kg_pool_amplio,tasa_feed_CaO_kg_min,ale,9.408439005069615e-24,52.77981882880495,
Reducción_feo_kg_pool_amplio,tasa_feed_CaO_kg_min,ale,2.5400891292550265e-23,49.32360655046744,
Reducción_feo_kg_pool_amplio,tasa_feed_CaO_kg_min,ale,9.687332512961957e-23,44.01311132748981,
Reducción_feo_kg_pool_amplio,tasa_feed_CaO_kg_min,ale,4.094754664310068e-22,24.535135377782833,
Reducción_feo_kg_pool_amplio,tasa_feed_CaO_kg_min,ale,1.7525683510372224e-21,9.879707282440336,
Reducción_feo_kg_pool_amplio,tasa_feed_CaO_kg_min,ale,6.460761641264138e-21,8.269121398704215,
Reducción_feo_kg_pool_amplio,tasa_feed_CaO_kg_min,ale,2.4521110358077828e-20,8.306779297965946,
Reducción_feo_kg_pool_amplio,tasa_feed_CaO_kg_min,ale,9.876300896655545e-20,6.082512104835459,
Reducción_feo_kg_pool_amplio,tasa_feed_CaO_kg_min,ale,2.663341419376507e-19,-5.875861896929585,
Reducción_feo_kg_pool_amplio,tasa_feed_CaO_kg_min,ale,8.893114941001025e-19,-7.520992736489347,
Reducción_feo_kg_pool_amplio,tasa_feed_CaO_kg_min,ale,1.5797350420442375e-09,-2.3022064720437925,
Reducción_feo_kg_pool_amplio,tasa_feed_CaO_kg_min,ale,0.00010369556078831053,-9.584284085763741,
Reducción_feo_kg_pool_amplio,tasa_feed_CaO_kg_min,ale,0.0030016834948070805,-12.312876239048364,
Reducción_feo_kg_pool_amplio,tasa_feed_CaO_kg_min,ale,0.010666901005099892,-40.33422596463376,
Reducción_feo_kg_pool_amplio,tasa_feed_CaO_kg_min,ale,0.03389035551995431,-67.94161943610693,
Reducción_feo_kg_pool_amplio,tasa_feed_CaO_kg_min,ale,0.09097659606309737,-69.23050420373292,
Reducción_feo_kg_pool_amplio,tasa_feed_CaO_kg_min,ale,0.2575326595409603,-65.72791680379251,
Reducción_feo_kg_pool_amplio,tasa_feed_CaO_kg_min,ale,32.84926256797289,-33.81874893523657,
Reducción_feo_kg_pool_amplio,tasa_feed_CaO_kg_min,shap_decil,5.551282032078108e-25,45.434220301663366,0.9813084112149533
Reducción_feo_kg_pool_amplio,tasa_feed_CaO_kg_min,shap_decil,1.5299872690872485e-23,42.296304416473326,0.9719626168224299
Reducción_feo_kg_pool_amplio,tasa_feed_CaO_kg_min,shap_decil,1.5909549500234767e-22,33.16940967812334,0.9814814814814815
Reducción_feo_kg_pool_amplio,tasa_feed_CaO_kg_min,shap_decil,2.844468193063195e-21,19.404982966334877,0.9716981132075472
Reducción_feo_kg_pool_amplio,tasa_feed_CaO_kg_min,shap_decil,3.8934371243448867e-20,5.606706068370181,0.6635514018691588
Reducción_feo_kg_pool_amplio,tasa_feed_CaO_kg_min,shap_decil,3.741074315688811e-19,-0.9928725228261759,0.5233644859813084
Reducción_feo_kg_pool_amplio,tasa_feed_CaO_kg_min,shap_decil,3.209987149966214e-09,-2.26495768294571,0.5514018691588785
Reducción_feo_kg_pool_amplio,tasa_feed_CaO_kg_min,shap_decil,0.005858245451120279,-31.759283416091016,0.19626168224299065
Reducción_feo_kg_pool_amplio,tasa_feed_CaO_kg_min,shap_decil,0.05288462282966833,-69.95241609970856,0.04672897196261682
Reducción_feo_kg_pool_amplio,tasa_feed_CaO_kg_min,shap_decil,0.39187637128420827,-40.01859279578552,0.1308411214953271
Reducción_feo_kg_pool_amplio,tasa_o2_nm3_min,pd,3.9687457704247366,1.5514304280764757,
Reducción_feo_kg_pool_amplio,tasa_o2_nm3_min,pd,5.3680846422391,1.5514304280764757,
Reducción_feo_kg_pool_amplio,tasa_o2_nm3_min,pd,6.767423514053463,6.928935559595338,
Reducción_feo_kg_pool_amplio,tasa_o2_nm3_min,pd,8.166762385867827,6.928935559595338,
Reducción_feo_kg_pool_amplio,tasa_o2_nm3_min,pd,9.566101257682188,24.778094697099753,
Reducción_feo_kg_pool_amplio,tasa_o2_nm3_min,pd,10.965440129496553,24.778094697099753,
Reducción_feo_kg_pool_amplio,tasa_o2_nm3_min,pd,12.364779001310914,22.22204079147489,
Reducción_feo_kg_pool_amplio,tasa_o2_nm3_min,pd,13.76411787312528,29.08744748206894,
Reducción_feo_kg_pool_amplio,tasa_o2_nm3_min,pd,15.16345674493964,29.08744748206894,
Reducción_feo_kg_pool_amplio,tasa_o2_nm3_min,pd,16.562795616754006,55.2326745497116,
Reducción_feo_kg_pool_amplio,tasa_o2_nm3_min,pd,17.962134488568367,49.42471464263341,
Reducción_feo_kg_pool_amplio,tasa_o2_nm3_min,pd,19.361473360382732,2.3248261501113197,
Reducción_feo_kg_pool_amplio,tasa_o2_nm3_min,pd,20.760812232197093,9.498721432861593,
Reducción_feo_kg_pool_amplio,tasa_o2_nm3_min,pd,22.160151104011458,9.390878282932604,
Reducción_feo_kg_pool_amplio,tasa_o2_nm3_min,pd,23.55948997582582,14.021975908785112,
Reducción_feo_kg_pool_amplio,tasa_o2_nm3_min,pd,24.95882884764018,22.24290229706609,
Reducción_feo_kg_pool_amplio,tasa_o2_nm3_min,pd,26.358167719454546,13.052810669345028,
Reducción_feo_kg_pool_amplio,tasa_o2_nm3_min,pd,27.75750659126891,24.083015240946107,
Reducción_feo_kg_pool_amplio,tasa_o2_nm3_min,pd,29.156845463083272,-121.64005175586358,
Reducción_feo_kg_pool_amplio,tasa_o2_nm3_min,pd,30.556184334897633,-164.29352048410436,
Reducción_feo_kg_pool_amplio,tasa_o2_nm3_min,ale,3.744430318294409,-40.04878871410526,
Reducción_feo_kg_pool_amplio,tasa_o2_nm3_min,ale,6.1125815198693045,-46.741987967677694,
Reducción_feo_kg_pool_amplio,tasa_o2_nm3_min,ale,7.057146615477383,-39.88068337082001,
Reducción_feo_kg_pool_amplio,tasa_o2_nm3_min,ale,8.213419441147117,-25.64875885464296,
Reducción_feo_kg_pool_amplio,tasa_o2_nm3_min,ale,9.229542746337001,-0.943909768377587,
Reducción_feo_kg_pool_amplio,tasa_o2_nm3_min,ale,10.494163540703912,24.483287535126948,
Reducción_feo_kg_pool_amplio,tasa_o2_nm3_min,ale,12.250918846299918,27.78939585830301,
Reducción_feo_kg_pool_amplio,tasa_o2_nm3_min,ale,14.39061068656916,59.848009595192366,
Reducción_feo_kg_pool_amplio,tasa_o2_nm3_min,ale,16.7172740037123,83.86744775202519,
Reducción_feo_kg_pool_amplio,tasa_o2_nm3_min,ale,18.836928963364166,48.133445357893095,
Reducción_feo_kg_pool_amplio,tasa_o2_nm3_min,ale,20.609118714442843,24.588128420579352,
Reducción_feo_kg_pool_amplio,tasa_o2_nm3_min,ale,21.942536703537897,34.25139847612316,
Reducción_feo_kg_pool_amplio,tasa_o2_nm3_min,ale,23.04940095971754,49.82833489918258,
Reducción_feo_kg_pool_amplio,tasa_o2_nm3_min,ale,24.2892457501409,63.80510351421468,
Reducción_feo_kg_pool_amplio,tasa_o2_nm3_min,ale,25.569410313359015,53.26270726357872,
Reducción_feo_kg_pool_amplio,tasa_o2_nm3_min,ale,26.727117205019347,38.67764763875732,
Reducción_feo_kg_pool_amplio,tasa_o2_nm3_min,ale,27.725183933794938,10.02303595490529,
Reducción_feo_kg_pool_amplio,tasa_o2_nm3_min,ale,28.56878517857304,-70.49374922444169,
Reducción_feo_kg_pool_amplio,tasa_o2_nm3_min,ale,29.52843535667276,-136.78700187647374,
Reducción_feo_kg_pool_amplio,tasa_o2_nm3_min,ale,31.35684949976303,-156.88363285364508,
Reducción_feo_kg_pool_amplio,tasa_o2_nm3_min,shap_decil,5.809288024902344,-9.168024742641638,0.3644859813084112
Reducción_feo_kg_pool_amplio,tasa_o2_nm3_min,shap_decil,7.679123280843098,2.7982383183172654,0.5514018691588785
Reducción_feo_kg_pool_amplio,tasa_o2_nm3_min,shap_decil,9.720351435343424,27.375790373569004,0.9626168224299065
Reducción_feo_kg_pool_amplio,tasa_o2_nm3_min,shap_decil,13.233076361762153,32.40234872275736,0.9813084112149533
Reducción_feo_kg_pool_amplio,tasa_o2_nm3_min,shap_decil,17.897907562597222,35.23829048580418,0.8130841121495327
Reducción_feo_kg_pool_amplio,tasa_o2_nm3_min,shap_decil,21.442452141655817,-5.635875046843498,0.4953271028037383
Reducción_feo_kg_pool_amplio,tasa_o2_nm3_min,shap_decil,23.656905436197917,11.654156555500357,0.6728971962616822
Reducción_feo_kg_pool_amplio,tasa_o2_nm3_min,shap_decil,26.223318345811627,13.706106983281197,0.794392523364486
Reducción_feo_kg_pool_amplio,tasa_o2_nm3_min,shap_decil,28.214934644911022,-35.689395408250995,0.35514018691588783
Reducción_feo_kg_pool_amplio,tasa_o2_nm3_min,shap_decil,30.139080358434605,-109.33669094546525,0.0
Reducción_feo_kg_pool_amplio,tasa_aire_nm3_min,pd,81.84800075086588,2.4868164699469686,
Reducción_feo_kg_pool_amplio,tasa_aire_nm3_min,pd,84.23136333364538,2.4868164699469686,
Reducción_feo_kg_pool_amplio,tasa_aire_nm3_min,pd,86.61472591642486,2.4868164699469686,
Reducción_feo_kg_pool_amplio,tasa_aire_nm3_min,pd,88.99808849920436,2.4868164699469686,
Reducción_feo_kg_pool_amplio,tasa_aire_nm3_min,pd,91.38145108198384,-24.01304598295372,
Reducción_feo_kg_pool_amplio,tasa_aire_nm3_min,pd,93.76481366476334,-24.01304598295372,
Reducción_feo_kg_pool_amplio,tasa_aire_nm3_min,pd,96.14817624754282,-24.01304598295372,
Reducción_feo_kg_pool_amplio,tasa_aire_nm3_min,pd,98.53153883032232,-24.01304598295372,
Reducción_feo_kg_pool_amplio,tasa_aire_nm3_min,pd,100.9149014131018,-24.01304598295372,
Reducción_feo_kg_pool_amplio,tasa_aire_nm3_min,pd,103.2982639958813,-24.01304598295372,
Reducción_feo_kg_pool_amplio,tasa_aire_nm3_min,pd,105.68162657866078,-24.01304598295372,
Reducción_feo_kg_pool_amplio,tasa_aire_nm3_min,pd,108.06498916144028,-24.01304598295372,
Reducción_feo_kg_pool_amplio,tasa_aire_nm3_min,pd,110.44835174421976,-24.01304598295372,
Reducción_feo_kg_pool_amplio,tasa_aire_nm3_min,pd,112.83171432699926,-59.35996270441562,
Reducción_feo_kg_pool_amplio,tasa_aire_nm3_min,pd,115.21507690977876,-59.35996270441562,
Reducción_feo_kg_pool_amplio,tasa_aire_nm3_min,pd,117.59843949255824,-43.44331447873347,
Reducción_feo_kg_pool_amplio,tasa_aire_nm3_min,pd,119.98180207533773,31.989340691373812,
Reducción_feo_kg_pool_amplio,tasa_aire_nm3_min,pd,122.36516465811722,-4.7561422307695365,
Reducción_feo_kg_pool_amplio,tasa_aire_nm3_min,pd,124.74852724089672,-17.653241220604723,
Reducción_feo_kg_pool_amplio,tasa_aire_nm3_min,pd,127.1318898236762,-20.80091687651944,
Reducción_feo_kg_pool_amplio,tasa_aire_nm3_min,ale,60.55589920262689,-14.344416442318812,
Reducción_feo_kg_pool_amplio,tasa_aire_nm3_min,ale,114.3787091267726,-24.676424162736232,
Reducción_feo_kg_pool_amplio,tasa_aire_nm3_min,ale,118.22148854132757,25.209661781917465,
Reducción_feo_kg_pool_amplio,tasa_aire_nm3_min,ale,118.7072853086553,46.5034333801091,
Reducción_feo_kg_pool_amplio,tasa_aire_nm3_min,ale,119.00325545351728,11.730621251748811,
Reducción_feo_kg_pool_amplio,tasa_aire_nm3_min,ale,119.20463067218313,13.321643159699242,
Reducción_feo_kg_pool_amplio,tasa_aire_nm3_min,ale,119.38069714061596,9.007251762644074,
Reducción_feo_kg_pool_amplio,tasa_aire_nm3_min,ale,119.54111621365018,5.291637014007328,
Reducción_feo_kg_pool_amplio,tasa_aire_nm3_min,ale,119.71016188270575,-6.169545395773271,
Reducción_feo_kg_pool_amplio,tasa_aire_nm3_min,ale,119.8849923903374,6.310376651520276,
Reducción_feo_kg_pool_amplio,tasa_aire_nm3_min,ale,120.0571719281232,28.91413925031745,
Reducción_feo_kg_pool_amplio,tasa_aire_nm3_min,ale,120.27398872273764,24.744680949758557,
Reducción_feo_kg_pool_amplio,tasa_aire_nm3_min,ale,120.54523290066189,3.1248996114290257,
Reducción_feo_kg_pool_amplio,tasa_aire_nm3_min,ale,120.87186170728376,-9.63782293134481,
Reducción_feo_kg_pool_amplio,tasa_aire_nm3_min,ale,121.31668155383804,-5.098268109407179,
Reducción_feo_kg_pool_amplio,tasa_aire_nm3_min,ale,121.88882250665037,-6.509122577326458,
Reducción_feo_kg_pool_amplio,tasa_aire_nm3_min,ale,122.58427380369145,-10.307776799097415,
Reducción_feo_kg_pool_amplio,tasa_aire_nm3_min,ale,123.57450018480088,-13.40738921942292,
Reducción_feo_kg_pool_amplio,tasa_aire_nm3_min,ale,124.77582324388291,-19.05479002150627,
Reducción_feo_kg_pool_amplio,tasa_aire_nm3_min,ale,128.5737615746392,-64.13188415469331,
Reducción_feo_kg_pool_amplio,tasa_aire_nm3_min,shap_decil,110.21935554499096,-27.42907929511925,0.308411214953271
Reducción_feo_kg_pool_amplio,tasa_aire_nm3_min,shap_decil,118.51695549858941,17.87901994381921,0.7009345794392523
Reducción_feo_kg_pool_amplio,tasa_aire_nm3_min,shap_decil,119.11098262080439,15.455079927934994,0.822429906542056
Reducción_feo_kg_pool_amplio,tasa_aire_nm3_min,shap_decil,119.46322162543403,11.983217725275063,0.794392523364486
Reducción_feo_kg_pool_amplio,tasa_aire_nm3_min,shap_decil,119.80131682219329,9.77812425513373,0.6074766355140186
Reducción_feo_kg_pool_amplio,tasa_aire_nm3_min,shap_decil,120.14601137514468,34.567661339104035,0.9906542056074766
Reducción_feo_kg_pool_amplio,tasa_aire_nm3_min,shap_decil,120.68856119791667,3.93214493487088,0.5794392523364486
Reducción_feo_kg_pool_amplio,tasa_aire_nm3_min,shap_decil,121.57804906401023,-4.975691173447231,0.40186915887850466
Reducción_feo_kg_pool_amplio,tasa_aire_nm3_min,shap_decil,122.97182590060763,-11.89658130158214,0.27102803738317754
Reducción_feo_kg_pool_amplio,tasa_aire_nm3_min,shap_decil,125.38595452202689,-32.74401368328684,0.1308411214953271
Reducción_feo_kg_pool_amplio,oxygen_enrichment_pct,pd,23.47031212856162,24.0310940480812,
Reducción_feo_kg_pool_amplio,oxygen_enrichment_pct,pd,24.207317397544816,24.0310940480812,
Reducción_feo_kg_pool_amplio,oxygen_enrichment_pct,pd,24.944322666528016,24.0310940480812,
Reducción_feo_kg_pool_amplio,oxygen_enrichment_pct,pd,25.681327935511213,11.100075729235897,
Reducción_feo_kg_pool_amplio,oxygen_enrichment_pct,pd,26.41833320449441,8.03952263647279,
Reducción_feo_kg_pool_amplio,oxygen_enrichment_pct,pd,27.15533847347761,8.03952263647279,
Reducción_feo_kg_pool_amplio,oxygen_enrichment_pct,pd,27.892343742460806,8.03952263647279,
Reducción_feo_kg_pool_amplio,oxygen_enrichment_pct,pd,28.629349011444006,8.03952263647279,
Reducción_feo_kg_pool_amplio,oxygen_enrichment_pct,pd,29.366354280427203,8.03952263647279,
Reducción_feo_kg_pool_amplio,oxygen_enrichment_pct,pd,30.1033595494104,20.09615619687755,
Reducción_feo_kg_pool_amplio,oxygen_enrichment_pct,pd,30.8403648183936,-11.695773546983261,
Reducción_feo_kg_pool_amplio,oxygen_enrichment_pct,pd,31.577370087376796,-13.707181223315828,
Reducción_feo_kg_pool_amplio,oxygen_enrichment_pct,pd,32.314375356359996,-43.99940688624174,
Reducción_feo_kg_pool_amplio,oxygen_enrichment_pct,pd,33.05138062534319,-43.99940688624174,
Reducción_feo_kg_pool_amplio,oxygen_enrichment_pct,pd,33.78838589432639,-38.701265507727804,
Reducción_feo_kg_pool_amplio,oxygen_enrichment_pct,pd,34.525391163309585,71.61488928990815,
Reducción_feo_kg_pool_amplio,oxygen_enrichment_pct,pd,35.26239643229279,-3.0396406131367275,
Reducción_feo_kg_pool_amplio,oxygen_enrichment_pct,pd,35.999401701275985,7.590025604396178,
Reducción_feo_kg_pool_amplio,oxygen_enrichment_pct,pd,36.73640697025918,19.95432288421034,
Reducción_feo_kg_pool_amplio,oxygen_enrichment_pct,pd,37.47341223924238,139.79192764660763,
Reducción_feo_kg_pool_amplio,oxygen_enrichment_pct,ale,23.363357222271443,47.9132787041848,
Reducción_feo_kg_pool_amplio,oxygen_enrichment_pct,ale,24.84544683398795,47.9132787041848,
Reducción_feo_kg_pool_amplio,oxygen_enrichment_pct,ale,25.39732757818924,42.07099813908941,
Reducción_feo_kg_pool_amplio,oxygen_enrichment_pct,ale,26.053885647515425,28.469151853693255,
Reducción_feo_kg_pool_amplio,oxygen_enrichment_pct,ale,26.60064532139684,20.709586133392477,
Reducción_feo_kg_pool_amplio,oxygen_enrichment_pct,ale,27.32095799188844,20.709586133392477,
Reducción_feo_kg_pool_amplio,oxygen_enrichment_pct,ale,28.379158238181518,20.709586133392477,
Reducción_feo_kg_pool_amplio,oxygen_enrichment_pct,ale,29.620238379251926,29.81933569836498,
Reducción_feo_kg_pool_amplio,oxygen_enrichment_pct,ale,30.851064401965864,7.906996163925179,
Reducción_feo_kg_pool_amplio,oxygen_enrichment_pct,ale,31.90724145218522,-47.78394300757291,
Reducción_feo_kg_pool_amplio,oxygen_enrichment_pct,ale,32.75428125005715,-72.4527930796587,
Reducción_feo_kg_pool_amplio,oxygen_enrichment_pct,ale,33.412927387674216,-70.61276667697578,
Reducción_feo_kg_pool_amplio,oxygen_enrichment_pct,ale,33.89582078793593,-89.6727414291943,
Reducción_feo_kg_pool_amplio,oxygen_enrichment_pct,ale,34.40753232474303,-68.29461169014576,
Reducción_feo_kg_pool_amplio,oxygen_enrichment_pct,ale,35.007312492934815,-18.398166078826897,
Reducción_feo_kg_pool_amplio,oxygen_enrichment_pct,ale,35.53466631298399,-23.190483703264157,
Reducción_feo_kg_pool_amplio,oxygen_enrichment_pct,ale,35.93913428535806,-13.057490605765558,
Reducción_feo_kg_pool_amplio,oxygen_enrichment_pct,ale,36.35983126925137,29.04194417446745,
Reducción_feo_kg_pool_amplio,oxygen_enrichment_pct,ale,36.752945204569826,31.70453270150315,
Reducción_feo_kg_pool_amplio,oxygen_enrichment_pct,ale,52.93547361455923,74.96232822977917,
Reducción_feo_kg_pool_amplio,oxygen_enrichment_pct,shap_decil,24.675829844405158,21.485008833218146,0.9813084112149533
Reducción_feo_kg_pool_amplio,oxygen_enrichment_pct,shap_decil,25.780452648441354,15.820230680702798,0.9532710280373832
Reducción_feo_kg_pool_amplio,oxygen_enrichment_pct,shap_decil,26.874242237985584,19.56949590501711,0.8878504672897196
Reducción_feo_kg_pool_amplio,oxygen_enrichment_pct,shap_decil,28.990260375108118,24.269596617270665,0.794392523364486
Reducción_feo_kg_pool_amplio,oxygen_enrichment_pct,shap_decil,31.452334103360467,-32.10829994915192,0.11214953271028037
Reducción_feo_kg_pool_amplio,oxygen_enrichment_pct,shap_decil,33.14649136592739,-47.823139108476674,0.0
Reducción_feo_kg_pool_amplio,oxygen_enrichment_pct,shap_decil,34.112813108963365,-17.413344590075262,0.32710280373831774
Reducción_feo_kg_pool_amplio,oxygen_enrichment_pct,shap_decil,35.314436432544134,-4.70404258758038,0.40186915887850466
Reducción_feo_kg_pool_amplio,oxygen_enrichment_pct,shap_decil,36.12250145913624,21.683096200244428,0.8411214953271028
Reducción_feo_kg_pool_amplio,oxygen_enrichment_pct,shap_decil,36.90708640977745,48.15075105047473,0.7102803738317757
Reducción_feo_kg_pool_amplio,avance_reduccion_sn_prev,pd,0.7092815619915958,177.98311681502634,
Reducción_feo_kg_pool_amplio,avance_reduccion_sn_prev,pd,0.7245825317557791,125.8463302958246,
Reducción_feo_kg_pool_amplio,avance_reduccion_sn_prev,pd,0.7398835015199624,63.05492006288951,
Reducción_feo_kg_pool_amplio,avance_reduccion_sn_prev,pd,0.7551844712841458,-26.189180082702503,
Reducción_feo_kg_pool_amplio,avance_reduccion_sn_prev,pd,0.7704854410483291,-35.43265094074521,
Reducción_feo_kg_pool_amplio,avance_reduccion_sn_prev,pd,0.7857864108125124,-49.683887362624375,
Reducción_feo_kg_pool_amplio,avance_reduccion_sn_prev,pd,0.8010873805766958,-34.64298053406851,
Reducción_feo_kg_pool_amplio,avance_reduccion_sn_prev,pd,0.8163883503408791,-18.573612019008454,
Reducción_feo_kg_pool_amplio,avance_reduccion_sn_prev,pd,0.8316893201050625,-17.60816082853199,
Reducción_feo_kg_pool_amplio,avance_reduccion_sn_prev,pd,0.8469902898692458,-17.60816082853199,
Reducción_feo_kg_pool_amplio,avance_reduccion_sn_prev,pd,0.8622912596334291,-30.739461603667674,
Reducción_feo_kg_pool_amplio,avance_reduccion_sn_prev,pd,0.8775922293976125,-30.739461603667674,
Reducción_feo_kg_pool_amplio,avance_reduccion_sn_prev,pd,0.8928931991617959,-29.82614838662727,
Reducción_feo_kg_pool_amplio,avance_reduccion_sn_prev,pd,0.9081941689259792,-31.005653208208575,
Reducción_feo_kg_pool_amplio,avance_reduccion_sn_prev,pd,0.9234951386901625,-31.005653208208575,
Reducción_feo_kg_pool_amplio,avance_reduccion_sn_prev,pd,0.9387961084543459,-31.005653208208575,
Reducción_feo_kg_pool_amplio,avance_reduccion_sn_prev,pd,0.9540970782185292,-33.919080702728664,
Reducción_feo_kg_pool_amplio,avance_reduccion_sn_prev,pd,0.9693980479827125,6.550172199839486,
Reducción_feo_kg_pool_amplio,avance_reduccion_sn_prev,pd,0.9846990177468958,-1.578111101598475,
Reducción_feo_kg_pool_amplio,avance_reduccion_sn_prev,pd,0.9999999875110792,-28.97285058136569,
Reducción_feo_kg_pool_amplio,avance_reduccion_sn_prev,ale,0.5952543590473989,122.28160821474007,
Reducción_feo_kg_pool_amplio,avance_reduccion_sn_prev,ale,0.7615523457325286,8.76344468124924,
Reducción_feo_kg_pool_amplio,avance_reduccion_sn_prev,ale,0.790675386062255,-33.35781174169708,
Reducción_feo_kg_pool_amplio,avance_reduccion_sn_prev,ale,0.8212644568093161,-20.8339472717648,
Reducción_feo_kg_pool_amplio,avance_reduccion_sn_prev,ale,0.86186881358101,-21.01470587477465,
Reducción_feo_kg_pool_amplio,avance_reduccion_sn_prev,ale,0.9124426958144352,-23.091579011017586,
Reducción_feo_kg_pool_amplio,avance_reduccion_sn_prev,ale,0.9479342477735082,-25.08574256925843,
Reducción_feo_kg_pool_amplio,avance_reduccion_sn_prev,ale,0.9604931905202727,-27.411355527009675,
Reducción_feo_kg_pool_amplio,avance_reduccion_sn_prev,ale,0.9656891007917908,-6.469717849258785,
Reducción_feo_kg_pool_amplio,avance_reduccion_sn_prev,ale,0.9689452345400036,16.524910384193703,
Reducción_feo_kg_pool_amplio,avance_reduccion_sn_prev,ale,0.9716362582688607,17.307397569778544,
Reducción_feo_kg_pool_amplio,avance_reduccion_sn_prev,ale,0.9737998338625458,14.184727727246894,
Reducción_feo_kg_pool_amplio,avance_reduccion_sn_prev,ale,0.9755925285252836,-6.32264624674238,
Reducción_feo_kg_pool_amplio,avance_reduccion_sn_prev,ale,0.9769944579433736,-9.601142422491108,
Reducción_feo_kg_pool_amplio,avance_reduccion_sn_prev,ale,0.9784790733034263,5.775568903334602,
Reducción_feo_kg_pool_amplio,avance_reduccion_sn_prev,ale,0.9799809337786156,4.860812140849902,
Reducción_feo_kg_pool_amplio,avance_reduccion_sn_prev,ale,0.9814862203792846,3.624336822926608,
Reducción_feo_kg_pool_amplio,avance_reduccion_sn_prev,ale,0.9835330147985555,3.302618267488043,
Reducción_feo_kg_pool_amplio,avance_reduccion_sn_prev,ale,0.9872366293803869,3.302618267488043,
Reducción_feo_kg_pool_amplio,avance_reduccion_sn_prev,ale,0.9948595304063357,-27.15349171393973,
Reducción_feo_kg_pool_amplio,avance_reduccion_sn_prev,shap_decil,0.7459384724749267,73.00499124189022,0.7476635514018691
Reducción_feo_kg_pool_amplio,avance_reduccion_sn_prev,shap_decil,0.8046361733918457,-13.636951308027836,0.14018691588785046
Reducción_feo_kg_pool_amplio,avance_reduccion_sn_prev,shap_decil,0.885932288028236,-14.778252186159138,0.102803738317757
Reducción_feo_kg_pool_amplio,avance_reduccion_sn_prev,shap_decil,0.9569704425193846,-30.258130941157923,0.018691588785046728
Reducción_feo_kg_pool_amplio,avance_reduccion_sn_prev,shap_decil,0.9673580924117581,-9.031505230228776,0.4205607476635514
Reducción_feo_kg_pool_amplio,avance_reduccion_sn_prev,shap_decil,0.9727469774748474,5.289677025137011,0.7289719626168224
Reducción_feo_kg_pool_amplio,avance_reduccion_sn_prev,shap_decil,0.976335298933701,-9.547519429249949,0.411214953271028
Reducción_feo_kg_pool_amplio,avance_reduccion_sn_prev,shap_decil,0.9793157618301015,3.386864610820906,0.6728971962616822
Reducción_feo_kg_pool_amplio,avance_reduccion_sn_prev,shap_decil,0.9823127515323031,1.6570852741612694,0.6542056074766355
Reducción_feo_kg_pool_amplio,avance_reduccion_sn_prev,shap_decil,0.9897356157429918,-16.872998676214603,0.3925233644859813
