Batch,fase,orden_escalon_fase,avance_reduccion_sn_prev,ley_sn_escoria_pct_prev,sn_extraido_real_kg,feo_extraido_real_kg,temperatura_real,pred_sn_kg_historico,pred_sn_kg_recomendado,pred_feo_reducido_kg_historico,pred_feo_reducido_kg_recomendado,pred_T_historico,pred_T_recomendado,support_historico,support_recomendado,J_historico,J_recomendado,uplift_J_kgSn,J_sn_hist,J_sn_rec,J_feo_hist,J_feo_rec,J_costo_hist,J_costo_rec,J_temperatura_hist,J_temperatura_rec,J_soporte_hist,J_soporte_rec,hist__duracion_plan_min,rec__duracion_plan_min,hist__tasa_feed_conc_kg_min,rec__tasa_feed_conc_kg_min,hist__tasa_feed_reciclo_kg_min,rec__tasa_feed_reciclo_kg_min,hist__tasa_feed_Fe_kg_min,rec__tasa_feed_Fe_kg_min,hist__tasa_feed_dross_Fe_kg_min,rec__tasa_feed_dross_Fe_kg_min,hist__tasa_feed_pellets_kg_min,rec__tasa_feed_pellets_kg_min,hist__tasa_feed_CaO_kg_min,rec__tasa_feed_CaO_kg_min,hist__tasa_feed_Carbon_kg_min,rec__tasa_feed_Carbon_kg_min,hist__tasa_gn_nm3_min,rec__tasa_gn_nm3_min,hist__tasa_o2_nm3_min,rec__tasa_o2_nm3_min,hist__tasa_aire_nm3_min,rec__tasa_aire_nm3_min,hist_derivada__exceso_o2_combustion_pct,rec_derivada__exceso_o2_combustion_pct,hist_derivada__relacion_C_Sn_carga,rec_derivada__relacion_C_Sn_carga,fold,es_lockbox
AP0007,Fusión,1,0.6561813002146002,21.4004,2583.714577036105,-1363.0510998571094,1230.3118980188292,3120.6251074851075,3120.6251074851075,,,1228.9135123730573,1228.9135123730573,0.20937869684813235,0.20937869684813235,-934.9819431707165,-934.9819431707165,0.0,-192.15960530687136,-192.15960530687136,-202.36626567935613,-202.36626567935613,-96.66504778261539,-96.66504778261539,-39.23005492701168,-39.23005492701168,-395.31065157593383,-395.31065157593383,35.0,35.0,292.2298158998843,292.2298158998843,1.278554116600844e-22,1.278554116600844e-22,55.16607010452829,55.16607010452829,2.6015134870283592e-23,2.6015134870283592e-23,0.004872745165118464,0.004872745165118464,50.77022117332176,50.77022117332176,33.441975120261866,33.441975120261866,25.104977794828873,25.104977794828873,33.661041821676584,33.661041821676584,122.47715750558037,122.47715750558037,18.26587815202095,18.26587815202095,0.21769753794524074,0.21769753794524074,1,False
AP0007,Fusión,2,0.5595586262681238,24.6101,4109.784472427545,-1134.8267707415716,1227.395208797906,3589.220362070899,3589.220362070899,,,1227.7033075290656,1227.7033075290656,0.28520971202607553,0.28520971202607553,-817.1279106611669,-817.1279106611669,0.0,-92.57683416692257,-92.57683416692257,-200.8443012938054,-200.8443012938054,-120.25166807552017,-120.25166807552017,-36.809645239028214,-36.809645239028214,-357.39514398696224,-357.39514398696224,40.0,40.0,292.4856294461382,292.4856294461382,1.278554116600844e-22,1.278554116600844e-22,55.149918024326745,55.149918024326745,2.601513487028359e-23,2.601513487028359e-23,0.005646661093564537,0.005646661093564537,50.85531035632622,50.85531035632622,37.78863793349847,37.78863793349847,25.59228071424696,25.59228071424696,34.909138378567164,34.909138378567164,122.9395784166124,122.9395784166124,18.64212206036404,18.64212206036404,0.24583867428083603,0.24583867428083603,1,False
AP0007,Fusión,3,0.6015973736732223,23.9874,3890.4042873993276,-1419.6308627254502,1215.276891449091,4652.906567960146,4652.906567960146,,,1221.2158377158914,1221.2158377158914,0.26828007091153966,0.26828007091153966,-689.8001331752866,-689.8001331752866,0.0,49.28041869096078,49.28041869096078,-192.68560150260365,-192.68560150260365,-147.44996230780538,-147.44996230780538,-23.834705612679954,-23.834705612679954,-365.8599645442302,-365.8599645442302,45.0,45.0,292.6270875792573,292.6270875792573,1.278554116600844e-22,1.278554116600844e-22,47.64421194113689,47.64421194113689,0.17233765868042256,0.17233765868042256,0.0007344095173470702,0.0007344095173470702,50.89063844542572,50.89063844542572,42.701589744678444,42.701589744678444,25.981009852753253,25.981009852753253,36.21560462458217,36.21560462458217,123.19701380014716,123.19701380014716,19.48530460226434,19.48530460226434,0.2859261738268821,0.2859261738268821,1,False
AP0007,Fusión,4,0.5948559188917892,23.794,6228.872250630451,-1034.9752796130279,1202.7180665871617,6322.128477282093,6322.128477282093,,,1204.3576344239066,1204.3576344239066,0.20240261523294803,0.20240261523294803,-622.1294473460031,-622.1294473460031,0.0,125.27120127277996,125.27120127277996,-171.4845749638677,-171.4845749638677,-167.86706337246116,-167.86706337246116,-0.0,-0.0,-398.798692383526,-398.798692383526,50.0,50.0,274.8250789365708,274.8250789365708,1.2785541166008437e-22,1.2785541166008437e-22,50.3694972463682,50.3694972463682,5.492949661964755e-23,5.492949661964755e-23,0.0021763902154977107,0.0021763902154977107,47.81639184847236,47.81639184847236,44.1354297177453,44.1354297177453,26.22049474419488,26.22049474419488,36.39549392361111,36.39549392361111,122.78469479709202,122.78469479709202,18.571904225352032,18.571904225352032,0.30740044039331715,0.30740044039331715,1,False
AP0007,Fusión,5,0.6605316393472083,22.4163,5596.289930627234,-2018.7041292965314,1191.0921081963083,6540.639858557447,6540.639858557447,,,1194.6171432831363,1194.6171432831363,0.20202468328442832,0.20202468328442832,-660.2941142914386,-660.2941142914386,0.0,97.93825803942832,97.93825803942832,-159.23484659133254,-159.23484659133254,-190.75954948282035,-190.75954948282035,-0.0,-0.0,-398.98765835778585,-398.98765835778585,55.0,55.0,292.2188552129836,292.2188552129836,1.278554116600844e-22,1.278554116600844e-22,54.605794924781456,54.605794924781456,9.217011436665913e-23,9.217011436665913e-23,0.007521881815046073,0.007521881815046073,50.85042397635324,50.85042397635324,45.93490738641649,45.93490738641649,26.609183373108216,26.609183373108216,37.333457462811715,37.333457462811715,122.3930823370423,122.3930823370423,18.44783785679058,18.44783785679058,0.29967641270079726,0.29967641270079726,1,False
AP0007,Fusión,6,0.6612553394855298,21.6705,10771.634653529825,-3106.415930860374,1174.2077339153514,9457.614290173717,9457.614290173717,,,1191.6633596652919,1191.6633596652919,0.014353118757926905,0.014353118757926905,-584.4820989712453,-584.4820989712453,0.0,281.0139109466916,281.0139109466916,-155.5201420177213,-155.5201420177213,-207.90210938025083,-207.90210938025083,-0.0,-0.0,-492.8234406210366,-492.8234406210366,64.0,64.0,257.01049448732323,257.01049448732323,1.278554116600844e-22,1.278554116600844e-22,51.378683268797566,51.378683268797566,9.190474523283662e-23,9.190474523283662e-23,0.0028314833068544295,0.0028314833068544295,41.16548617217368,41.16548617217368,48.06979458684222,48.06979458684222,17.901718727068342,17.901718727068342,30.79291679122578,30.79291679122578,120.59202249641093,120.59202249641093,56.7370216542947,56.7370216542947,0.3514118369033544,0.3514118369033544,1,False
AP0007,Reducción,0,0.7372198763455029,17.6383,10737.97756298263,2259.3675709311083,1167.4799583187819,11282.024399962487,11282.024399962487,487.9434039041032,487.9434039041032,1157.1151666879325,1157.1151666879325,0.009562007297185562,0.009562007297185562,10200.86910741185,10200.86910741185,0.0,11282.024399962487,11282.024399962487,-292.7660423424619,-292.7660423424619,-70.51867857994893,-70.51867857994893,-0.0,-0.0,-495.2189963514072,-495.2189963514072,30.0,30.0,,,,,,,2.3765913919606245e-23,2.3765913919606245e-23,4.312302015962139e-05,4.312302015962139e-05,,,38.302771783644154,38.302771783644154,8.672174584424052,8.672174584424052,17.531879261670156,17.531879261670156,90.75695643720805,90.75695643720805,110.96692506170278,110.96692506170278,,,1,False
AP0007,Reducción,1,0.9542096235656329,4.2122,549.8289390213948,-1282.9906195573567,1170.3022616733442,1077.222585312705,1057.3360069345301,0.0,0.0,1170.8406826510786,1170.3767170778951,0.2442783942006695,0.28444105545079595,380.1413400700317,400.34444343830734,20.203103368275663,1077.222585312705,1057.3360069345301,-0.0,-0.0,-96.56886706618789,-76.56051594480064,-0.0,-0.0,-377.86080289966526,-357.779472274602,25.0,25.0,,,,,,,1.8528169194075503e-23,1.8528169194075503e-23,8.285359824525547e-22,8.285359824525547e-22,,,58.04535435267857,41.333467937984295,24.86888135827106,26.845242555596457,21.44205242654552,19.038996422491692,118.26853628849638,118.32802469789488,-6.955113138335515,-18.25761768000815,,,1,False
AP0010,Fusión,1,1.0,17.365,5834.549909626093,-7.64970948339243e-22,1254.7033587194155,4875.9420932247685,4875.9420932247685,,,1235.7904376167833,1235.7904376167833,0.1331620436844122,0.1331620436844122,-943.77094877573,-943.77094877573,0.0,-142.84246553764967,-142.84246553764967,-211.01474808711404,-211.01474808711404,-94.26053367978051,-94.26053367978051,-52.98390541446361,-52.98390541446361,-433.4189781577939,-433.4189781577939,30.0,30.0,169.62277922453706,169.62277922453706,40.04197851110388,40.04197851110388,0.012360408998749886,0.012360408998749886,88.46197645399305,88.46197645399305,132.61807092737268,132.61807092737268,3.58245373437211e-23,3.58245373437211e-23,38.61373291015625,38.61373291015625,27.313966141958083,27.313966141958083,39.19121595594618,39.19121595594618,121.9742966812376,121.9742966812376,18.63128540577497,18.63128540577497,0.23163408879676176,0.23163408879676176,1,False
AP0010,Fusión,2,1.0,8.6234,5985.483549991019,-5.457124296687316e-22,1226.6156305358516,4771.494753897534,4771.494753897534,,,1242.6982187883298,1242.6982187883298,0.11318518760140317,0.11318518760140317,-899.7128377285275,-899.7128377285275,0.0,-49.07578831732985,-49.07578831732985,-219.70203518439135,-219.70203518439135,-111.47782237102302,-111.47782237102302,-66.79946775755661,-66.79946775755661,-443.4074061992984,-443.4074061992984,35.0,35.0,151.97594008421248,151.97594008421248,36.17608707191096,36.17608707191096,0.01227942682136365,0.01227942682136365,79.46448588851317,79.46448588851317,119.26399148191425,119.26399148191425,3.5824537343721096e-23,3.5824537343721096e-23,38.62606903238617,38.62606903238617,28.14806918674045,28.14806918674045,40.93351119505643,40.93351119505643,122.6502621799045,122.6502621799045,18.462949999163143,18.462949999163143,0.2581316527547327,0.2581316527547327,1,False
AP0010,Fusión,3,1.0,16.8441,5313.302265307462,-7.744900696519155e-22,1235.501477431811,4693.584063299575,4693.584063299575,,,1208.9141378025586,1208.9141378025586,0.04774368696660705,0.04774368696660705,-780.0267542503251,-780.0267542503251,0.0,-5.286334266370699,-5.286334266370699,-177.21487417674822,-177.21487417674822,-112.14707139158142,-112.14707139158142,-0.0,-0.0,-476.1281565166965,-476.1281565166965,40.0,40.0,121.70854328333576,121.70854328333576,28.43104166020996,28.43104166020996,0.015322832096422068,0.015322832096422068,61.407970130521264,61.407970130521264,93.61659412191086,93.61659412191086,3.5824537343721096e-23,3.5824537343721096e-23,31.93957438300674,31.93957438300674,26.68330268758138,26.68330268758138,40.619898501175705,40.619898501175705,109.68461426515711,109.68461426515711,19.27621599571258,19.27621599571258,0.27050613262110973,0.27050613262110973,1,False
AP0010,Fusión,4,1.0,23.3321,8348.381458060821,-1.2535332336697828e-21,1216.7797440784489,7562.204913971343,7562.204913971343,,,1221.9617313394774,1221.9617313394774,0.10977277810426425,0.10977277810426425,-822.5018313562346,-822.5018313562346,0.0,10.89640994600784,10.89640994600784,-193.62364396388054,-193.62364396388054,-160.0841756317139,-160.0841756317139,-25.326492859851896,-25.326492859851896,-445.11361094786787,-445.11361094786787,45.0,45.0,169.4245675679126,169.4245675679126,38.33749258003983,38.33749258003983,0.01619061031957078,0.01619061031957078,88.30601144429126,88.30601144429126,133.5797297857945,133.5797297857945,3.58245373437211e-23,3.58245373437211e-23,45.92932535807292,45.92932535807292,28.230032599555123,28.230032599555123,41.405887925889765,41.405887925889765,122.64283699544272,122.64283699544272,18.952897872302003,18.952897872302003,0.27507922097717297,0.27507922097717297,1,False
AP0010,Fusión,5,1.0,16.7934,7506.955614824374,-9.321196602369313e-22,1211.0871707677527,6487.912217532703,6487.912217532703,,,1202.629934606326,1202.629934606326,0.1213792555544485,0.1213792555544485,-655.1779855017993,-655.1779855017993,0.0,128.87565728699926,128.87565728699926,-169.31180429257623,-169.31180429257623,-166.18114837451836,-166.18114837451836,-0.0,-0.0,-439.31037222277575,-439.31037222277575,50.0,50.0,139.11998945647085,139.11998945647085,31.699404970740687,31.699404970740687,0.014175204187631602,0.014175204187631602,71.60756537819434,71.60756537819434,109.15318093321066,109.15318093321066,3.58245373437211e-23,3.58245373437211e-23,42.096144222213034,42.096144222213034,27.45217205625592,27.45217205625592,39.52505946920377,39.52505946920377,123.43541121665879,123.43541121665879,19.200942808071677,19.200942808071677,0.3084190251038114,0.3084190251038114,1,False
AP0010,Fusión,6,1.0,19.7644,13633.706592616089,-9.469516056730965e-22,1198.4509608726373,10435.551375475718,10435.551375475718,,,1197.9469289456006,1197.9469289456006,0.12221145263298239,0.12221145263298239,-681.8365970346686,-681.8365970346686,0.0,177.89033425502137,177.89033425502137,-163.42241468358415,-163.42241468358415,-248.15992502366876,-248.15992502366876,-0.0,-0.0,-438.8942736835088,-438.8942736835088,65.0,65.0,169.1051991780599,169.1051991780599,31.448753861919656,31.448753861919656,0.016860363463109197,0.016860363463109197,80.60512088428844,80.60512088428844,117.70403173042067,117.70403173042067,3.5824537343721096e-23,3.5824537343721096e-23,50.50271294333718,50.50271294333718,28.78462255874965,28.78462255874965,42.91706764347862,42.91706764347862,122.80098105244251,122.80098105244251,19.34371125461784,19.34371125461784,0.3222701028676932,0.3222701028676932,1,False
AP0010,Reducción,0,1.0,19.0033,155.88412513116964,-1.9073088902103405e-21,1184.70585553848,269.1100917986134,269.1100917986134,0.0,0.0,1189.437997897404,1189.437997897404,0.0317914202700578,0.0317914202700578,-575.8259807113797,-575.8259807113797,0.0,269.1100917986134,269.1100917986134,-0.0,-0.0,-118.9742730954625,-118.9742730954625,-19.20593427273934,-19.20593427273934,-484.1042898649711,-484.1042898649711,30.0,30.0,,,,,,,3.2418545482558367,3.2418545482558367,4.574962078735141,4.574962078735141,,,58.87048772996471,58.87048772996471,26.10916004322193,26.10916004322193,23.900991538718895,23.900991538718895,120.14329160337095,120.14329160337095,-5.912172788987389,-5.912172788987389,17.577932185251715,17.577932185251715,1,False
AP0010,Reducción,1,1.0,8.2639,0.01236050901432307,-3.0016024314032106e-22,1175.234938507204,133.67986981036498,133.67986981036498,0.0,0.0,1180.8008189502957,1180.8008189502957,0.13030447592992514,0.13030447592992514,-594.2150113261094,-594.2150113261094,0.0,133.67986981036498,133.67986981036498,-0.0,-0.0,-68.46396744609434,-68.46396744609434,-1.93157637852255,-1.93157637852255,-434.8477620350374,-434.8477620350374,25.0,25.0,,,,,,,0.00010537315725732533,0.00010537315725732533,0.0010249522493053723,0.0010249522493053723,,,38.72728467109876,38.72728467109876,21.577197074463438,21.577197074463438,15.48785520549322,15.48785520549322,119.36273130549147,119.36273130549147,-6.025725584992622,-6.025725584992622,,,1,False
AP0010,Reducción,2,1.0,1.7043,0.007729083681722232,1.0720980712206315e-21,1169.426160665857,126.78284813318521,126.78284813318521,0.0,0.0,1170.9976802927922,1170.9976802927922,0.20646119798547513,0.20646119798547513,-524.4350303384264,-524.4350303384264,0.0,126.78284813318521,126.78284813318521,-0.0,-0.0,-31.796902187529064,-31.796902187529064,-0.0,-0.0,-396.76940100726245,-396.76940100726245,20.0,20.0,,,,,,,1.2630740992129293e-22,1.2630740992129293e-22,0.0008807415851712411,0.0008807415851712411,,,19.01069597516741,19.01069597516741,18.287518819173176,18.287518819173176,9.068474604288737,9.068474604288737,119.40955973307291,119.40955973307291,-6.645394364718406,-6.645394364718406,,,1,False
AP0010,Reducción,3,1.0,0.5084,0.06747818083105109,2.9672443905822964e-22,1171.6253561047088,186.59281152864884,186.59281152864884,0.0,0.0,1165.9142824566723,1165.9142824566723,0.05832259333560217,0.05832259333560217,-525.3496619696507,-525.3496619696507,0.0,186.59281152864884,186.59281152864884,-0.0,-0.0,-18.45219488928053,-18.45219488928053,-0.0,-0.0,-470.8387033321989,-470.8387033321989,15.0,15.0,,,,,,,1.2630740992129293e-22,1.2630740992129293e-22,0.010384967620643693,0.010384967620643693,,,13.406272824605304,13.406272824605304,16.668680510344327,16.668680510344327,5.977226941144025,5.977226941144025,119.26969482421875,119.26969482421875,-6.939655976437282,-6.939655976437282,,,1,False
AP0019,Fusión,1,1.0,20.6684,4615.490860154196,-6.309579230549116e-22,1251.3449503272718,4672.044909378376,5140.175711417945,,,1216.5995978299832,1213.1725591768966,0.32018431646245427,0.3548037975426976,-702.4568413461866,-496.9256499706783,205.53119137550829,-55.999512126838496,137.80656614336522,-186.88017712639837,-182.57030280735356,-95.81676658438525,-112.56534564442035,-14.602225840863412,-7.748148534690245,-339.90784176877287,-322.59810122865116,30.0,30.0,159.2574465515793,159.2574465515793,41.01866560084845,41.01866560084845,0.012709085647297167,0.012709085647297167,95.0149148920531,95.0149148920531,140.61190119917674,140.61190119917674,2.0311371810206232e-23,2.0311371810206232e-23,39.41245720976143,47.83845725052063,27.58164982548466,29.93340678718908,39.5819864226897,46.22531220056407,122.52357453522859,122.12978608582581,18.397444475459437,20.054105083266972,0.2561750747900608,0.3109428143180578,1,False
AP0019,Fusión,2,1.0,24.9827,5394.4003050866,-5.000891079075391e-22,1219.004413407779,4648.959512059895,4648.959512059895,,,1255.8179836880654,1255.8179836880654,0.2643614607665529,0.2643614607665529,-781.0396026104052,-781.0396026104052,0.0,45.32850336409511,45.32850336409511,-236.20156831990155,-236.20156831990155,-120.05795258191907,-120.05795258191907,-93.03899755702787,-93.03899755702787,-367.8192696167235,-367.8192696167235,35.0,35.0,158.9817916304977,158.9817916304977,41.039632839626734,41.039632839626734,0.015376128297713057,0.015376128297713057,94.40760837131077,94.40760837131077,142.09413926866318,142.09413926866318,2.0311371810206232e-23,2.0311371810206232e-23,43.89645476164641,43.89645476164641,27.76950599307106,27.76950599307106,40.231929875180676,40.231929875180676,122.8105548967634,122.8105548967634,18.87526270718423,18.87526270718423,0.2848094004460353,0.2848094004460353,1,False
AP0019,Fusión,3,1.0,25.2515,5447.171381969453,-1.0239996394391793e-21,1195.9823941140098,5069.80446445077,5144.1547614313085,,,1204.818117171618,1204.4414080618235,0.31419192696335985,0.2961674635032619,-451.52666282436326,-295.5458489269926,155.98081389737064,213.13145376643547,391.1393446184074,-172.06368216679851,-171.58992943669975,-140.44008000675188,-153.92867796140297,-0.0,-0.0,-342.9040365183201,-351.9162682483691,40.0,40.0,157.71076005144818,157.71076005144818,40.95228033298399,40.95228033298399,0.018302945332313948,0.018302945332313948,68.9363147700465,68.9363147700465,125.11834004926683,125.11834004926683,2.0311371810206232e-23,2.0311371810206232e-23,45.24269463763973,52.09296520621354,28.032144885592988,27.85145554405824,40.790292171902124,40.802502240264985,123.00963911268445,122.55709778584382,18.831999223516664,19.45424660128321,0.33222890535367733,0.38253222858854913,1,False
AP0019,Fusión,4,1.0,24.3534,6668.908542378556,-7.842947970207241e-22,1169.7240375484046,6223.132911669402,6436.198956777224,,,1180.4383654611454,1179.900600625775,0.3877667619461543,0.30267385498564525,-509.82470072927003,-206.39572488353386,303.4289758457362,103.97552498937438,485.04201143759127,-141.40348937702063,-140.7271915326527,-157.0297994157727,-192.79715438236678,-0.0,-0.0,-306.1166190269229,-348.6630725071774,45.0,45.0,156.18390794836955,156.18390794836955,41.040054100147195,41.040054100147195,0.016840569426616023,0.016840569426616023,83.44955417798913,83.44955417798913,140.9672557886096,140.9672557886096,2.0311371810206232e-23,2.0311371810206232e-23,44.66427196557971,60.62307909925697,28.18342359001254,27.963865304015975,41.08347921489198,41.43112944137121,122.73322322892555,124.5304345583865,18.611310438272756,20.839018433060915,0.30138248645620674,0.4090682219033059,1,False
AP0019,Fusión,5,1.0,24.4307,4935.290443801283,-1.0153405356394296e-21,1146.7768028695955,4901.530595302642,4901.530595302642,,,1155.3077469145717,1155.3077469145717,0.05937717357241231,0.05937717357241231,-620.9663606913963,-620.9663606913963,0.0,101.47480974707572,101.47480974707572,-109.79899976963327,-109.79899976963327,-133.08043955611666,-133.08043955611666,-0.0,-0.0,-470.31141321379386,-470.31141321379386,50.0,50.0,112.14674157661184,112.14674157661184,29.196760465371163,29.196760465371163,0.01804242018196318,0.01804242018196318,44.28299274622484,44.28299274622484,98.04505395187888,98.04505395187888,2.031137181020623e-23,2.031137181020623e-23,29.67844886822878,29.67844886822878,26.27529973094643,26.27529973094643,38.942735578250115,38.942735578250115,104.77584724902043,104.77584724902043,15.975201281460624,15.975201281460624,0.30067580830531326,0.30067580830531326,1,False
AP0019,Fusión,6,1.0,18.1048,12357.405959118767,-1.0296487391547756e-21,1123.0269252417545,7792.5123774808035,7792.5123774808035,,,1131.9632702595509,1131.9632702595509,0.24879389558547632,0.24879389558547632,-583.074656048268,-583.074656048268,0.0,79.76812358830115,79.76812358830115,-80.44077810604067,-80.44077810604067,-197.5486314243385,-197.5486314243385,-0.0,-0.0,-375.60305220726184,-375.60305220726184,59.0,59.0,151.45591247787192,151.45591247787192,37.54165600903573,37.54165600903573,0.02021066210466375,0.02021066210466375,80.13124935442782,80.13124935442782,129.62543332674977,129.62543332674977,2.0311371810206235e-23,2.0311371810206235e-23,41.36103913953687,41.36103913953687,28.60298928540162,28.60298928540162,42.214025300921804,42.214025300921804,122.75899636625037,122.75899636625037,18.85718282693066,18.85718282693066,0.29454170691814063,0.29454170691814063,1,False
AP0019,Reducción,0,1.0,15.0086,582.2428977528418,-2.270986074282732e-22,1107.3974261693793,362.6268765619601,351.156165580385,37.386187891338786,7.894480350199497,1113.1685561024267,1111.7646166238842,0.27751330784928047,0.29044127865985064,-371.9959574359613,-348.7574496676607,23.23850776830062,362.6268765619601,351.156165580385,-22.43171273480327,-4.736688210119698,-128.29619991093824,-117.74599109103123,-0.0,-0.0,-361.2433460753598,-354.77936067007465,30.0,30.0,,,,,,,28.456108615822373,28.456108615822373,16.486848206737534,16.486848206737534,,,65.175197609522,58.41764314547115,25.969668432165076,25.312764969359304,23.869006359022197,24.460126334670385,119.9332034866898,119.85860045356132,-5.553320368023332,-1.9656041329441853,3.52104566672841,3.1559733886836208,1,False
AP0019,Reducción,1,1.0,4.4467,5.572294717955064,-2.6674149118494105e-22,1107.1720094790444,78.94265709532374,78.94265709532374,0.0,0.0,1102.126204870772,1102.126204870772,0.24754621146517874,0.24754621146517874,-593.2374113655069,-593.2374113655069,0.0,78.94265709532374,78.94265709532374,-0.0,-0.0,-73.3015989165999,-73.3015989165999,-0.0,-0.0,-376.2268942674106,-376.2268942674106,25.0,25.0,,,,,,,0.5452439660340538,0.5452439660340538,0.0013336996174427317,0.0013336996174427317,,,39.69471654647436,39.69471654647436,24.558116550021705,24.558116550021705,21.058463283962674,21.058463283962674,119.42518695746529,119.42518695746529,-6.064146957170451,-6.064146957170451,,,1,False
AP0019,Reducción,2,1.0,2.2571,6.943117380845246e-06,-5.420369118165967e-23,1105.6880294692237,131.1409261786437,114.61113850794928,62.715683424695676,23.945033411380876,1109.9520021810763,1109.453099299981,0.31901293843079387,0.3234862499722623,-494.32831681980485,-483.2661107944056,11.062206025399234,131.1409261786437,114.61113850794928,-37.629410054817406,-14.367020046828525,-24.69472688220796,-22.601778964837404,-0.0,-0.0,-340.4935307846031,-338.25687501386886,20.0,20.0,,,,,,,2.179685709891878e-20,2.179685709891878e-20,6.872059223915166e-25,6.872059223915166e-25,,,10.047183106437561,8.57660430268068,20.187249789767794,19.218329043362687,12.675969509548612,12.470886180695565,120.74823872884113,120.72743556429474,-5.799204847896394,-1.5948588353981545,,,1,False
AP0019,Reducción,3,1.0,1.1844,10.386267008103776,1.0992659348335714e-22,1105.5116445944404,134.08692561597263,122.06321331611214,225.998187421919,173.858597114764,1106.5263473899136,1106.2228532897814,0.2896084211866145,0.29447125028458626,-594.3175021996815,-575.3597442156763,18.957757984005184,134.08692561597263,122.06321331611214,-135.5989124531514,-104.3151582688584,-14.958150678989934,-17.691849128403046,-0.0,-0.0,-355.1957894066927,-352.76437485770685,15.0,15.0,,,,,,,2.179685709891878e-20,2.179685709891878e-20,1.5495498058842676,1.5495498058842676,,,7.054910996380974,10.8504926188486,18.40552438100179,17.801489395904213,9.229876401689317,10.288729574064655,119.02057944403755,121.21391433561415,-7.027375649608036,0.3951152333567337,,,1,False
AP0020,Fusión,1,1.0,13.9483,4614.029562570398,-7.242639522445963e-22,1162.0971280320957,4712.4178634021255,5093.077425248238,,,1177.9675571233633,1175.2750668468448,0.3377047790395965,0.3139076889348726,-630.884166969606,-378.51844102469806,252.36572594490792,-55.400694197904585,226.61510115840025,-138.2961788152627,-134.91007907384486,-96.78936557730869,-117.92698967776158,-0.0,-0.0,-331.14761048020176,-343.04615553256366,30.0,30.0,159.57161405829967,159.57161405829967,40.80793982064852,40.80793982064852,0.01850305367862023,0.01850305367862023,94.66183478242607,94.66183478242607,140.5746587281586,140.5746587281586,2.0311371810206232e-23,2.0311371810206232e-23,39.42600517683132,51.683168531853106,28.150828998359664,29.716050558931943,41.04870571179336,45.52597125647725,122.44769757306133,122.08597329651319,18.580383913430186,19.740046725951604,0.2563442949953777,0.3360392548269323,1,False
AP0020,Fusión,2,1.0,20.6448,5053.768164589545,-8.418429028634776e-22,1152.2947310325276,4999.74641813664,5558.935967734868,,,1148.565227378058,1144.854410682013,0.34451977563782443,0.3087620123115958,-563.2167806426319,-60.897006278084916,502.31977436454696,-13.298826360704233,545.5565327784522,-101.31954717580089,-96.65279106362148,-111.6079770261107,-154.9314362497852,-0.0,-0.0,-327.7401121810878,-345.6189938442021,35.0,35.0,156.9598876953125,156.9598876953125,40.83988195348669,40.83988195348669,0.019155288156535884,0.019155288156535884,77.62214937739901,77.62214937739901,136.90397180627895,136.90397180627895,2.0311371810206232e-23,2.0311371810206232e-23,38.73235055428964,61.53598727188943,28.119858524383062,29.46251852108035,40.8586060157189,46.59375450526953,122.93571041046627,121.2406164502655,18.555193199322172,22.281270537463797,0.26824187917813574,0.4261690454277207,1,False
AP0020,Fusión,3,1.0,22.1809,5923.967316445108,-6.308108454052595e-22,1134.552335878024,5861.55406455175,6240.376798077598,,,1140.987587376949,1138.0203705448253,0.3284217561577309,0.2944385322945346,-535.2950998170757,-122.46650534005911,412.8285944770165,36.87107608993941,504.3617749926115,-91.7898396511041,-88.05824134762716,-135.33689643584813,-176.73898723338255,-0.0,-0.0,-335.78912192113455,-352.7807338527327,40.0,40.0,156.13131391323682,156.13131391323682,40.84869444312119,40.84869444312119,0.0210114622261466,0.0210114622261466,94.6280136480564,94.6280136480564,129.89496048097686,129.89496048097686,2.0311371810206232e-23,2.0311371810206232e-23,41.826084242409806,61.39122874766522,28.8421666208903,29.50881127833587,42.685320014900405,46.364890510122706,122.85302293565537,119.52912908966881,18.722798691872438,21.09265762159064,0.2824194125872327,0.4145278018482065,1,False
AP0020,Fusión,4,1.0,21.2999,6688.593996546508,-7.186850312907393e-22,1126.581631615902,6458.372394790416,6653.041745053662,,,1124.5371460805031,1124.4148541569448,0.3142252367245322,0.29430733433099787,-527.160998806301,-199.08831811279254,328.07268069350846,50.76939276935041,422.94900078160646,-71.1016182280248,-70.94782281626426,-154.6910738109644,-188.99284534470544,-0.0,-0.0,-342.88738163773394,-352.8463328345011,45.0,45.0,157.45644425101904,157.45644425101904,40.81281225232111,40.81281225232111,0.021611322926870288,0.021611322926870288,86.1830790091252,86.1830790091252,138.27880770918253,138.27880770918253,2.0311371810206232e-23,2.0311371810206232e-23,42.561298845816346,58.19393852511181,29.060775010850694,28.41542492976791,43.76912254050926,43.768133351149345,122.32128466194058,124.5304345583865,19.502305588173602,23.03093263821482,0.2863469436253169,0.39152133243281734,1,False
AP0020,Fusión,5,1.0,21.5005,4787.691494093146,-1.0475575139845663e-21,1114.765572170204,5181.100420443836,5181.100420443836,,,1120.145375216914,1120.145375216914,0.10689123847958729,0.10689123847958729,-414.75456104923614,-414.75456104923614,0.0,253.139151952497,253.139151952497,-65.57848809260477,-65.57848809260477,-146.51052624999377,-146.51052624999377,-0.0,-0.0,-446.55438076020636,-446.55438076020636,50.0,50.0,110.953138355284,110.953138355284,28.396250391398343,28.396250391398343,0.020359098882067397,0.020359098882067397,42.210409693181504,42.210409693181504,94.02130843278968,94.02130843278968,2.031137181020623e-23,2.031137181020623e-23,32.89476296107065,32.89476296107065,28.603822065565318,28.603822065565318,42.735771497938366,42.735771497938366,125.2853502061632,125.2853502061632,20.693127797689005,20.693127797689005,0.34353469727168967,0.34353469727168967,1,False
AP0020,Fusión,6,1.0,19.0595,11824.942629759384,-1.523743768428202e-21,1099.8574921459258,7997.082901392399,7997.082901392399,,,1104.0537893722733,1104.0537893722733,0.2677167865382204,0.2677167865382204,-408.4370003830564,-408.4370003830564,0.0,225.15527908835318,225.15527908835318,-45.341566480396004,-45.341566480396004,-212.85878836119554,-212.85878836119554,-0.0,-0.0,-366.1416067308898,-366.1416067308898,58.0,58.0,158.765628973269,158.765628973269,40.939543540805,40.939543540805,0.01574482206912607,0.01574482206912607,93.24229882333793,93.24229882333793,111.53684692682005,111.53684692682005,2.0311371810206232e-23,2.0311371810206232e-23,47.24722316367953,47.24722316367953,29.13664854746017,29.13664854746017,43.35184950680034,43.35184950680034,123.09859304276722,123.09859304276722,18.755171743686727,18.755171743686727,0.33562672310654895,0.33562672310654895,1,False
AP0020,Reducción,0,1.0,17.8629,159.03168371843898,6.222896343420791e-23,1102.467665508792,678.4796793293999,678.4796793293999,320.03524051498624,320.03524051498624,1093.1153159758342,1093.1153159758342,0.2521258505957074,0.2521258505957074,-239.24330091113112,-239.24330091113112,0.0,678.4796793293999,678.4796793293999,-192.02114430899175,-192.02114430899175,-129.11318595257282,-129.11318595257282,-0.0,-0.0,-373.93707470214633,-373.93707470214633,30.0,30.0,,,,,,,11.649080380450666,11.649080380450666,0.04315315413292879,0.04315315413292879,,,65.93965381909442,65.93965381909442,25.797008938259545,25.797008938259545,23.287990598325376,23.287990598325376,118.92936496310764,118.92936496310764,-6.455904721188641,-6.455904721188641,13.82907031255244,13.82907031255244,1,False
AP0020,Reducción,1,1.0,2.422,0.025676951394673932,-3.9199499682200863e-22,1108.2786016819941,60.115940766935786,60.115940766935786,13.377637491705096,13.377637491705096,1106.2637476194332,1106.2637476194332,0.24841248448720563,0.24841248448720563,-616.9121196337254,-616.9121196337254,0.0,60.115940766935786,60.115940766935786,-8.026582495023057,-8.026582495023057,-70.55614487242087,-70.55614487242087,-0.0,-0.0,-375.79375775639716,-375.79375775639716,25.0,25.0,,,,,,,2.4262395327594694e-25,2.4262395327594694e-25,0.0024516794780313858,0.0024516794780313858,,,37.951493013822116,37.951493013822116,24.121208577473958,24.121208577473958,20.103488688151042,20.103488688151042,119.58589963107639,119.58589963107639,-6.2722593989270825,-6.2722593989270825,,,1,False
AP0020,Reducción,2,1.0,2.6177,2.3390250538906405e-07,-3.277009964330749e-22,1115.647457953594,105.63413209334561,114.502975378002,0.0,5.22749195378002,1114.0389408446097,1113.664785862533,0.3317576078277861,0.32278449343155513,-482.12975327865144,-476.0372182038035,6.0925350748479445,105.63413209334561,114.502975378002,-0.0,-3.136495172268012,-30.99111400907002,-26.144369848494918,-0.0,-0.0,-334.1211960861069,-338.60775328422244,20.0,20.0,,,,,,,2.4262395327594694e-25,2.4262395327594694e-25,6.74967523587824e-19,6.74967523587824e-19,,,16.57661898173983,11.494628053200106,19.901022016737198,20.406608743362288,12.369409086439344,12.028882746387195,120.1471316189236,120.73161502583355,-5.531719188113535,-8.40584446944975,,,1,False
AP0020,Reducción,3,1.0,1.9277,1.4679860349826412e-07,2.3654274841317485e-23,1122.4365788417497,127.21715461594545,107.04741247943508,210.10435766538424,110.90580848208388,1120.2730282880264,1119.1111510739565,0.3012065177564564,0.3230585966179057,-583.2219276702009,-536.2063304774593,47.01559719274155,127.21715461594545,107.04741247943508,-126.06261459923054,-66.54348508925032,-12.328151288323932,-15.587980899776836,-0.0,-0.0,-349.39674112177175,-338.47070169104717,15.0,15.0,,,,,,,2.4262395327594694e-25,2.4262395327594694e-25,6.74967523587824e-19,6.74967523587824e-19,,,5.256278983751932,9.534443692059167,16.66065759729456,15.736495643643364,5.924307544849537,9.03816727395299,119.2515988498264,120.68928823791683,-7.065062941027973,9.245789477291382,,,1,False
AP0027,Fusión,1,0.6914132888144361,20.1708,2920.491813073247,-1240.607455900258,1189.8804019021097,3104.057398421453,3499.4650083259667,,,1209.739580166221,1207.165535098273,0.3647984196880217,0.2957641998399887,-717.5768277272385,-270.7187220928064,446.85810563443215,-114.89937691930365,398.4636856635652,-178.25295784172127,-175.01581584905034,-96.69119439795709,-132.79837392838732,-0.8821905133390828,-0.0,-317.6007901559892,-352.11790008000565,30.0,30.0,164.35821625084003,164.35821625084003,2.5443466285746553e-19,2.5443466285746553e-19,33.1366468203965,33.1366468203965,86.59971359417001,86.59971359417001,123.7071989982359,123.7071989982359,43.03319853095598,43.03319853095598,38.324677104334675,61.53598727188943,29.113177501537177,29.46251852108035,43.341063300238716,46.59375450526953,122.81477095992477,121.2406164502655,18.730023883811263,22.281270537463797,0.23953053772507485,0.3846020171429419,1,False
AP0027,Fusión,2,0.6458900279897826,22.8515,3523.1683736182435,-1612.3654259612254,1182.751011883994,3690.727406252419,3914.6907148007053,,,1178.0232874848566,1177.0379220711009,0.45335270251538035,0.31861563385553476,-503.4505417703841,-163.53735574735788,339.91318602302624,42.1327889752029,481.73151360433644,-138.36626581401148,-137.1270614975396,-124.64309829033746,-158.19930688299397,-0.0,-0.0,-273.32364874230984,-340.6921830722326,35.0,35.0,163.4351246021412,163.4351246021412,2.5443466285746553e-19,2.5443466285746553e-19,33.160735914442284,33.160735914442284,86.5525621202257,86.5525621202257,116.36957883481625,116.36957883481625,43.07225748697917,43.07225748697917,44.50088195800781,63.97274028535954,29.667714921254966,28.95797177246123,44.615583418588784,45.26040292151563,122.2531820436508,121.6030791847727,18.460002454382124,22.241036262155014,0.28390632219988915,0.40813270695631376,1,False
AP0027,Fusión,3,0.6444687573997522,22.3666,4759.780792938932,-1225.9037735255074,1169.9114345452772,4105.423085146815,4296.2948452004475,,,1171.8024948899165,1170.9669910885925,0.4694069665595376,0.37812869396812254,-556.6302638834838,-135.4349700978816,421.19529378560225,-14.041929171184453,495.0424133312492,-130.54294166653233,-129.49220464798503,-137.49855842660767,-180.7992078662788,-0.0,-0.0,-265.2965167202312,-310.9356530159387,40.0,40.0,162.84684046303354,162.84684046303354,2.544346628574655e-19,2.544346628574655e-19,32.92658899818975,32.92658899818975,86.64433157075712,86.64433157075712,113.51914092273246,113.51914092273246,42.79794514973959,42.79794514973959,41.628973041317316,63.97274028535954,30.003088285658094,28.95797177246123,45.59226600295829,45.26040292151563,122.8067771742079,121.6030791847727,18.95723621835192,22.241036262155014,0.2680318854486813,0.4118942395957105,1,False
AP0027,Fusión,4,0.6814412871524959,21.592,4449.96745453996,-1779.4554485299368,1154.8689728827608,4814.095624235464,5145.946035740205,,,1157.6880389439211,1155.7121898232085,0.4232301975288202,0.320019521567046,-448.75347424069696,-33.692542416523054,415.0609318241739,117.83886730606716,629.2547543204997,-112.79247621609255,-110.3076307720539,-156.16464619615343,-203.39910884956365,-0.0,-0.0,-288.3849012355899,-339.990239216477,45.0,45.0,162.90991175554802,162.90991175554802,2.5443466285746553e-19,2.5443466285746553e-19,32.94754638671867,32.94754638671867,72.20380540930707,72.20380540930707,95.44916010317594,95.44916010317594,42.84699052451313,42.84699052451313,43.41920572916667,63.97274028535954,28.940730545609085,28.95797177246123,43.11432681990259,45.26040292151563,123.1703581331983,121.6030791847727,19.174776737520823,22.241036262155014,0.30530013407471707,0.4498213603462472,1,False
AP0027,Fusión,5,0.6847514818441456,21.0041,7277.95791093827,-1051.904607776507,1144.7184518854601,6458.533317418939,6748.592608367209,,,1140.5868234575344,1139.1226715824519,0.4620134562672209,0.3203550088653943,-390.22446001771965,-77.31809812397353,312.9063618937461,160.07237505817437,585.3385740466565,-91.28583537828116,-89.44450494568858,-180.76740993229512,-224.13935375871037,-0.0,-0.0,-268.99327186638953,-339.82249556730284,50.0,50.0,164.4752699908088,164.4752699908088,2.5443466285746553e-19,2.5443466285746553e-19,33.186017763225,33.186017763225,72.80215765510509,72.80215765510509,96.1395574435404,96.1395574435404,43.26341584648182,43.26341584648182,45.495456271701386,62.730219782961285,29.72892988416884,29.228426753898972,44.8707488535768,46.942328340917435,123.40170250108507,121.9084224753949,19.050881842368206,24.096821343751195,0.3172349184352789,0.43741106886432013,1,False
AP0027,Fusión,6,0.7543579151594326,17.9625,8516.577695704136,-2229.40720097384,1133.6560015142163,6975.230799750931,7142.805362937955,,,1132.4344686476618,1131.539410955681,0.4392637951172133,0.3013177950794162,-468.80761237020437,-306.7362147738224,162.07139759638198,100.66678014838077,361.94678260005793,-81.03336139373293,-79.9077288721221,-198.82261078453067,-230.18384814253804,-0.0,-0.0,-280.3681024413933,-349.34110246029195,52.0,52.0,159.87234177809495,159.87234177809495,2.5443466285746553e-19,2.5443466285746553e-19,27.93850020971047,27.93850020971047,91.39316393729969,91.39316393729969,140.84210687099358,140.84210687099358,35.77052945958128,35.77052945958128,49.39670460236378,61.53598727188943,29.97999700440301,29.46251852108035,45.42766056060791,46.59375450526953,122.4268625471327,121.2406164502655,18.641275522906504,22.281270537463797,0.30044746688802015,0.3742826904572073,1,False
AP0027,Reducción,0,0.767357895629307,17.8673,8370.17945606436,1139.8493612008751,1125.8253635482301,8568.92166045281,8590.968488656968,869.2971977030918,854.8813867737515,1125.3057516294857,1124.453051724852,0.4579436154638466,0.45924838040777016,7424.51334540407,7452.8309442175105,28.31759881344078,8568.92166045281,8590.968488656968,-521.578318621855,-512.9288320642509,-129.15022888198808,-132.18132730227126,-0.0,-0.0,-271.02819226807674,-270.37580979611494,30.0,30.0,,,,,,,6.057303478300161,6.057303478300161,10.08175647563446,10.08175647563446,,,64.89498231949344,66.22090998298891,26.807486380117908,27.038537671649213,25.603392202139343,28.384261411011945,119.87654360170718,119.60935225713114,-5.292376841124573,-1.0630196892853652,9.975840374813771,10.179665728436024,1,False
AP0027,Reducción,1,0.9506508188281657,4.5063,756.6977766311052,-315.23111754918136,1128.1899000976525,955.5417785115262,990.2662854488611,0.0,0.0,1127.3904242764552,1127.828536161286,0.48909393225281933,0.46094336703394506,404.67467155733806,415.56864116325244,10.893969605914378,955.5417785115262,990.2662854488611,-0.0,-0.0,-72.76249780377772,-82.5177525257612,-0.0,-0.0,-255.4530338735903,-269.5283164830274,25.0,25.0,,,,,,,0.5518202818777214,0.5518202818777214,0.5445522182931795,0.5445522182931795,,,40.00149520482773,46.86380615251558,23.772216417100694,24.605805664163256,19.72586593967014,21.93456234797714,118.75801236979167,117.2786310099526,-6.056196541277698,-5.381934053305035,,,1,False
AP0027,Reducción,2,0.9673151541527937,2.8427,121.57261817984676,208.5540131919879,1134.2694041640536,421.3291345991668,391.26129430525447,241.88433324232048,208.47311197034782,1131.2876165209677,1131.4856646708495,0.5428070928636567,0.5930119991559886,-199.57934252272915,-180.4350322050583,19.144310317670858,421.3291345991668,391.26129430525447,-145.13059994539228,-125.08386718220868,-24.529848331511968,-20.46688362927826,-0.0,-0.0,-228.59645356817165,-203.4940004220057,20.0,20.0,,,,,,,2.587917035453377e-26,2.587917035453377e-26,1.8349754656221555e-21,1.8349754656221555e-21,,,10.52515362936353,7.996563192542442,19.578598480224606,17.99465194667877,11.287678070068358,8.36764634364279,120.34241183810764,120.76655410488019,-6.633805803316248,-6.281536298642201,,,1,False
AP0027,Reducción,3,0.9700275897653637,2.6047,425.79537714000355,697.921412878708,1140.3095520938236,310.6943078816366,313.169236337138,0.3449678506578837,2.128497591379131,1139.1280199381192,1138.1810208219174,0.49175610795493746,0.5333354168034617,-179.95975835775675,-155.64794978713059,24.31180857062617,310.6943078816366,313.169236337138,-0.20698071039473023,-1.2770985548274785,-13.673564229647319,-11.556220694351861,-0.0,-0.0,-254.12194602253123,-233.33229159826914,15.0,15.0,,,,,,,2.587917035453377e-26,2.587917035453377e-26,1.8349754656221555e-21,1.8349754656221555e-21,,,8.339028771718343,4.787619900610421,15.320569864908855,15.971497251559018,3.5002414109971784,5.188880037949913,119.13527036313658,119.79350390567332,-6.926934054272117,-5.001029708785728,,,1,False
AP0032,Fusión,1,0.7731944652071414,16.8978,3288.0751893974266,-1430.6431306829932,1132.6538710728726,3166.1512158628198,3330.477053902125,,,1161.11779156738,1160.1257990864315,0.3803895125231122,0.32055592761762775,-631.9253319582184,-427.79562748046686,204.12970447775155,-95.59559493613483,154.96194136067712,-117.10576364843845,-115.85822507326803,-100.168411736273,-117.92698967776158,-0.0,-0.0,-309.8052437384439,-339.72203619118613,30.0,30.0,166.6940188172043,166.6940188172043,2.5443466285746553e-19,2.5443466285746553e-19,33.676962706863335,33.676962706863335,85.68160045992941,85.68160045992941,122.34532588835685,122.34532588835685,48.343882177209345,48.343882177209345,40.095005224084346,51.683168531853106,29.629676457157835,29.716050558931943,44.530650295681426,45.52597125647725,122.34828803168402,122.08597329651319,18.502459660457497,19.740046725951604,0.24498560143099976,0.3157907588706371,1,False
AP0032,Fusión,2,0.7152890862106434,19.3397,3160.0912105741813,-1583.3806249166328,1129.353205167149,3618.891635430767,3971.31791707968,,,1124.2225772789984,1121.1982862583116,0.40546992932410814,0.322408914245061,-552.6311618825393,-148.5951015711208,404.0360603114185,-54.912740474609535,426.9953899473294,-70.70601370283019,-66.90263839171814,-120.49705446822554,-160.64199235033436,-0.0,-0.0,-297.2650353379459,-338.7955428774695,35.0,35.0,166.59625018084492,166.59625018084492,2.5443466285746553e-19,2.5443466285746553e-19,33.69120229085286,33.69120229085286,86.23474889684607,86.23474889684607,122.68121134440106,122.68121134440106,48.17325789840133,48.17325789840133,42.06250621654369,64.39615156631953,29.719050418914307,29.534760146195797,44.80761614118303,48.39208273077026,122.6082396685888,117.12726554456253,18.703904527653805,23.56424791303014,0.25648218603913475,0.3926648032147205,1,False
AP0032,Fusión,3,0.650149080225366,22.4192,6005.452573993032,-1500.76926454147,1122.096103008286,4282.681440653638,4452.454201581527,,,1119.1900579827166,1118.4664513278078,0.45104429142070285,0.355165588364234,-469.74364325644535,-107.04233020761234,362.701313048833,20.379468256531016,468.8914598386638,-64.37707263424669,-63.46705846318612,-142.01786669015286,-180.7992078662788,-0.0,-0.0,-274.4778542896486,-322.41720581788303,40.0,40.0,166.68678980881603,166.68678980881603,2.544346628574655e-19,2.544346628574655e-19,33.71763469416925,33.71763469416925,80.8356333662824,80.8356333662824,113.54760255891134,113.54760255891134,44.60433786283663,44.60433786283663,43.92786458333333,63.97274028535954,29.96120758904351,28.95797177246123,45.52172104158494,45.26040292151563,122.69616119384764,121.6030791847727,18.96702541182313,22.241036262155014,0.2777590423332165,0.40450423087114473,1,False
AP0032,Fusión,4,0.7409524948296939,17.7624,4642.413779077871,-836.3849477340318,1117.1346236080974,4151.372980003749,4311.883392187564,,,1110.4652900053704,1109.714904649502,0.31939392181676574,0.3084385631621503,-462.0896690949779,-94.05186548236881,368.0378036126091,98.23033895946824,507.87173075766617,-53.404726754423685,-52.461035450640985,-157.36192430947716,-194.4315244715409,-0.0,-0.0,-340.3030390916171,-345.7807184189249,45.0,45.0,166.59873931442482,166.59873931442482,2.5443466285746553e-19,2.5443466285746553e-19,33.739096467391334,33.739096467391334,68.90274675125731,68.90274675125731,85.47090749276896,85.47090749276896,38.92081006920856,38.92081006920856,42.54634894771853,58.97687210315068,30.276848121925635,30.551686653366147,46.13087602780189,45.53063390535016,122.84138210720486,123.94001446469731,18.783114379443955,17.109797823637376,0.2997589519683611,0.4155196816943447,1,False
AP0032,Fusión,5,0.7376431611865661,19.7665,5265.825905312198,-1863.0781788810673,1112.1849869690798,6359.721192691145,6544.276824131348,,,1106.7249951404767,1105.7292790648091,0.4063087296349125,0.3001263025340649,-416.5061578387691,-181.92066475514787,234.58549308362126,124.70059242158773,446.04580232436183,-48.70089863467315,-47.44867723363504,-186.40989854421179,-221.3306232139789,-0.0,-0.0,-296.84563518254373,-349.9368487329675,50.0,50.0,165.72888965482022,165.72888965482022,2.5443466285746553e-19,2.5443466285746553e-19,33.626354102839,33.626354102839,83.2263431723601,83.2263431723601,103.22908680236418,103.22908680236418,31.120812509574144,31.120812509574144,47.49742319942299,61.53598727188943,29.91024287245009,29.46251852108035,45.601952473958335,46.59375450526953,122.39216210937501,121.2406164502655,19.197137283369386,22.281270537463797,0.30723919180290454,0.39804826709923097,1,False
AP0032,Fusión,6,0.7251731441476952,20.2757,9530.38308320222,-1968.1064022643877,1105.108090275734,8001.349647444502,8105.108393840679,,,1101.2748325222976,1101.5904507108337,0.4602637006165906,0.2925809694875503,-371.95210958989685,-241.63467167214134,130.3174379177555,151.47831499467037,392.57038694050317,-41.846725606437175,-42.24364985010448,-202.46523138749717,-229.00157560738697,-0.0,-0.0,-269.8681496917047,-353.70951525622485,51.0,51.0,157.96914433877933,157.96914433877933,2.544346628574655e-19,2.544346628574655e-19,35.14707266994258,35.14707266994258,81.01363422151596,81.01363422151596,135.15085533182454,135.15085533182454,22.06633195826616,22.06633195826616,51.784008530712626,62.99109120636427,30.436893597127717,29.196016849232066,46.75992633445994,46.47919068986865,123.09147076350385,124.13843487362047,19.27816313299424,24.24342400534881,0.31480631946022647,0.3829366274280985,1,False
AP0032,Reducción,0,0.7724420441865094,18.082,7976.801446422175,1459.0962573515408,1098.003381856883,8620.476659403032,8609.62315708656,977.8048866718559,939.2700436243076,1101.774710479716,1101.064668279018,0.39796345133022554,0.43139912863313346,7378.874683478416,7407.783671031063,28.908987552646977,8620.476659403032,8609.62315708656,-586.6829320031135,-563.5620261745845,-131.2491943097952,-131.32544892065906,-0.0,-0.0,-301.0182743348873,-284.30043568343325,30.0,30.0,,,,,,,0.029382199801852638,0.029382199801852638,28.00744277601791,28.00744277601791,,,65.82665057438676,66.22090998298891,27.52687238905165,26.56200796281767,25.783444326895257,26.960922598799304,125.25121536820023,123.54930271970981,-5.390269519079635,-0.4098706618900462,5.847022447043588,5.882042360588329,1,False
AP0032,Reducción,1,0.9300178641726005,6.981,2110.941862878592,-131.02849364800204,1102.845360835329,1929.9140827601625,2015.8003423765322,204.6307767334127,193.67228532259023,1098.9076408606384,1099.580461879513,0.3336895977835678,0.30891039957233396,1178.9742784010884,1235.4118203501682,56.43754194907979,1929.9140827601625,2015.8003423765322,-122.7784660400476,-116.20337119355413,-72.35456193399023,-95.98877534215683,-0.0,-0.0,-333.15520110821603,-345.54480021383307,25.0,25.0,,,,,,,1.115827808870995e-26,1.115827808870995e-26,0.0011329281652940843,0.0011329281652940843,,,38.9260716364934,56.54844866165512,24.3472021077474,24.715923224069538,21.746283230251734,27.06508838814305,125.40943364800349,119.80493062450168,-1.257105265018409,5.64874179660437,,,1,False
AP0032,Reducción,2,0.9758199716465891,2.3179,796.2625472311164,1618.596170844783,1108.5074787414326,248.6779217399652,242.89568468345232,347.82534451655516,297.14288754722753,1107.7867525262855,1107.4832584261533,0.526779755861635,0.5228561716474988,-442.3624073023103,-423.34189355017884,19.020513752131478,248.6779217399652,242.89568468345232,-208.6952067099331,-178.28573252833652,-23.083424986339754,-26.728356252223897,-0.0,-0.0,-236.61012206918252,-238.57191417625063,20.0,20.0,,,,,,,1.1158278088709948e-26,1.1158278088709948e-26,2.5945076881004828e-19,2.5945076881004828e-19,,,9.442501080225384,13.23808270269301,19.122904756334094,18.518869771236517,10.835905261569554,11.894758433944892,119.52349758572048,121.71683247729707,-6.039798313936081,1.1273736379765131,,,1,False
AP0032,Reducción,3,0.9930941260478764,0.7061,,,1114.5138630271813,158.86969109025242,134.23848073527603,167.2962363957448,67.13953589959839,1113.5642954760096,1112.137264402519,0.5387241970968742,0.48189539539328924,-408.79932353349045,-402.4447422004281,6.354581333062356,158.86969109025242,134.23848073527603,-100.37774183744689,-40.28372153975903,-14.001796057913037,-14.695623815769569,-0.0,-0.0,-230.63790145156287,-259.0523023033554,15.0,15.0,,,,,,,1.1158278088709948e-26,1.1158278088709948e-26,2.594507688100483e-19,2.594507688100483e-19,,,6.647569052378335,7.828073145991147,17.520201551649304,16.253810294558477,7.54685713591399,10.069028824832627,119.18527271412037,119.91819833121795,-7.033705320551306,8.441804830803795,,,1,False
AP0036,Fusión,1,0.722799641366239,20.3658,3306.838905316202,-1160.6541758818414,1175.6713633696281,3682.958454536735,3943.127032161176,,,1189.220504002457,1188.4491803512435,0.43222993768509815,0.29677004417965575,-573.9936459330318,-292.1969888871171,281.7966570459147,-20.427147773373083,354.8530776012124,-152.44798498882312,-151.4779614984133,-107.98316411445644,-134.70680918081584,-0.0,-0.0,-283.8850311574509,-351.6149779101722,30.0,30.0,173.44014616935482,173.44014616935482,4.1358617037345106e-21,4.1358617037345106e-21,33.872628160702334,33.872628160702334,84.18328601467994,84.18328601467994,120.39627199890792,120.39627199890792,39.7858882780998,39.7858882780998,45.04686344926075,62.99109120636427,29.875146563494642,29.196016849232066,45.0841234447338,46.47919068986865,123.06371622721353,124.13843487362047,18.70653705698825,24.24342400534881,0.26622748389246986,0.3722780774381896,1,False
AP0036,Fusión,2,0.6833492458811976,23.4987,6109.7028087511535,-1116.0265844298738,1155.146083839678,4338.041299490385,4397.393752581012,,,1160.0903562911635,1160.0141520894997,0.46221725264503677,0.3248107227075114,-490.4159253812741,-242.29267398355069,248.12325139772344,34.98339073510461,378.4694062606144,-115.81365189841254,-115.71781681599865,-131.44397264155634,-158.19930688299397,-0.0,-0.0,-268.8913736774816,-337.5946386462443,35.0,35.0,173.65798204210068,173.65798204210068,4.1358617037345106e-21,4.1358617037345106e-21,33.825909084744005,33.825909084744005,83.88607172082972,83.88607172082972,119.58772922092014,119.58772922092014,39.80023894133391,39.80023894133391,47.58657113534433,63.97274028535954,30.34001148042225,28.95797177246123,46.60131742931548,45.26040292151563,122.84036481584823,121.6030791847727,19.31075584358353,22.241036262155014,0.281885970804874,0.3789518254865992,1,False
AP0036,Fusión,3,0.8206723283900077,15.3868,2109.507583923131,-2012.00768748188,1149.8375168309344,3788.0970551466285,3852.6630284669927,,,1139.4878726117968,1139.1111635020022,0.3221439410114385,0.3015859114104437,-300.8523626417475,-163.9246373871767,136.92772525457082,301.8416380924681,462.06322337208854,-89.90378501136418,-89.43003228126541,-164.61186832964245,-178.1004662842935,-0.0,-0.0,-338.92802949428074,-349.2070442947781,40.0,40.0,162.33778530544706,162.33778530544706,4.1358617037345106e-21,4.1358617037345106e-21,33.066454036061245,33.066454036061245,68.74843439551873,68.74843439551873,103.60031862336446,103.60031862336446,39.114646700727256,39.114646700727256,54.0579185920033,60.90818916057711,31.01987565782335,30.8391863162886,48.180450890619554,48.192660958982415,122.88294274224174,122.4304014154011,19.255585809917264,19.82003107712124,0.3572975529008152,0.40257463671406374,1,False
AP0036,Fusión,4,0.6855292193142164,22.0351,7155.886168359617,-1274.9037906341482,1139.517272630814,5632.325041317815,5769.318474994599,,,1138.0353213848293,1136.9026661676494,0.4877786973108736,0.38139155958413823,-400.9148962041761,-163.16233440493147,237.75256179924463,126.84002609284333,448.3220919112967,-88.07704365711488,-86.65260637262165,-174.3169093964131,-206.2772818367474,-0.0,-0.0,-256.1106513445632,-309.30422020793094,45.0,45.0,173.65871015908058,173.65871015908058,4.1358617037345106e-21,4.1358617037345106e-21,33.80163401728089,33.80163401728089,75.00889104207357,75.00889104207357,112.2995262477709,112.2995262477709,39.802896516219434,39.802896516219434,49.93001514379529,64.66485752608135,30.347505108868635,29.211888618652985,46.67831872422456,47.434006150850735,123.20313407238618,119.13952518117422,19.53367602897882,24.01338952222509,0.30784377524574885,0.3986915247116869,1,False
AP0036,Fusión,5,0.7612128034670376,18.3797,3339.0168009247636,-2445.4585891188117,1131.6913366900642,6251.217337421793,6164.3361931664385,,,1128.3708785982267,1127.1106416742612,0.2648639308830912,0.3211010039795784,-442.00107657713414,-194.696449735838,247.30462684129614,207.74170328896537,454.3404452032123,-75.92295437179497,-74.3380691970628,-197.0014730369219,-225.99900983284851,-0.0,-0.0,-367.5680345584544,-339.4494980102108,50.0,50.0,173.75990604575162,173.75990604575162,4.1358617037345106e-21,4.1358617037345106e-21,33.8581366644966,33.8581366644966,66.82400988472833,66.82400988472833,114.5327396567351,114.5327396567351,39.74639373978758,39.74639373978758,52.838577489915245,63.97274028535954,27.377904537624786,28.95797177246123,47.67634501139323,45.26040292151563,123.225333984375,121.6030791847727,34.330341182666054,22.241036262155014,0.3307058135450735,0.40039225364867903,1,False
AP0036,Fusión,6,0.6859388643743833,22.0433,15622.05696028561,-1161.8008865515385,1119.7338723415303,6909.51987443144,6909.51987443144,,,1121.484486188249,1121.484486188249,0.12952939709666889,0.12952939709666889,-653.1315507414538,-653.1315507414538,0.0,18.62678663491535,18.62678663491535,-67.26256597147838,-67.26256597147838,-160.01015205429698,-160.01015205429698,-0.0,-0.0,-435.2353014516656,-435.2353014516656,54.0,54.0,136.2698707750194,136.2698707750194,1.1562550191687044,1.1562550191687044,18.841738374105105,18.841738374105105,61.64035366179389,61.64035366179389,80.14747934388545,80.14747934388545,23.01777538050491,23.01777538050491,33.55647439037199,33.55647439037199,27.951406717331896,27.951406717331896,44.678504292990645,44.678504292990645,106.27253503724624,106.27253503724624,19.843228872753194,19.843228872753194,0.27726375131146475,0.27726375131146475,1,False
AP0036,Reducción,0,0.8494864899094089,12.9943,5727.799463316103,2006.1598452079306,1117.1392816229159,6958.83614226619,7046.172217048894,684.9382878992218,609.4707669257467,1116.9437015134822,1114.3828359196343,0.28296314433136593,0.3145360180917633,5855.8411060256085,5988.780097565073,132.93899153946495,6958.83614226619,7046.172217048894,-410.9629727395331,-365.68246015544804,-110.86206038991182,-126.32609309743364,-0.0,-0.0,-358.51842783431704,-342.7319909541183,30.0,30.0,,,,,,,0.43864898005347397,0.43864898005347397,0.09493417530723952,0.09493417530723952,,,56.143193989415316,64.27680871595363,23.142168872974537,23.69944168951681,19.397724733705868,28.604608343126856,118.70138911494502,120.32539484352706,-4.233227466404095,13.658671723261834,,,1,False
AP0036,Reducción,1,0.9671588102137335,3.6275,644.8862169658336,-378.5935169213408,1124.4657912224204,411.4819048549564,531.6731520961373,0.0,0.0,1127.9543749218951,1128.3468266091893,0.3070569308729292,0.4090988057688234,-226.56852706322366,-71.32532461029518,155.24320245292847,411.4819048549564,531.6731520961373,-0.0,-0.0,-68.92732207782453,-84.89630431402405,-0.0,-0.0,-346.4715345635354,-295.4505971155883,25.0,25.0,,,,,,,0.07365369841837137,0.07365369841837137,0.03221721292654529,0.03221721292654529,,,40.56694101186899,47.83526698950482,20.080324123806424,26.553661349172085,12.633610880533857,20.74789826105584,121.6739554578993,119.17386703873186,-4.919011039712392,-13.807723655749781,,,1,False
AP0036,Reducción,2,0.9805763817094013,1.899,449.99220438690986,527.6316352275835,1131.9442178120405,212.5439846928834,257.4282548889091,96.52356944662178,144.19612134429784,1136.34427966397,1134.3644491985983,0.47378257263589735,0.5184792705194794,-358.51722097478796,-319.7319683474162,38.78525262737173,212.5439846928834,257.4282548889091,-57.91414166797306,-86.5176728065787,-27.386775040826876,-27.230610412666273,-0.0,-0.0,-263.10871368205136,-240.76036474026031,20.0,20.0,,,,,,,8.54712466225522e-27,8.54712466225522e-27,3.7092565131995484e-07,3.7092565131995484e-07,,,16.118248930431548,12.690629154244187,16.733449915610773,19.98109251152778,6.142280805144322,12.756628757527075,119.3646952140231,121.16116607153972,-6.747063643540216,-4.4084461084616775,,,1,False
AP0036,Reducción,3,0.989963961300201,0.9965,,,1134.6641967597416,156.05009163820088,194.9497679539336,312.53133110077624,392.22522396516615,1140.9161208807639,1140.4512185288866,0.44259442610403266,0.5321556615340681,-544.3913543479357,-508.1562630859642,36.23509126197149,156.05009163820088,194.9497679539336,-187.51879866046573,-235.33513437909969,-11.568285100867023,-11.197152151012073,-0.0,-0.0,-278.70278694798367,-233.92216923296593,15.0,15.0,,,,,,,8.54712466225522e-27,8.54712466225522e-27,1.0333836422361321e-20,1.0333836422361321e-20,,,5.9049782435099285,3.328984888250178,14.850040057146991,17.337999011509915,3.0468892834562085,5.988759530966518,118.87985070756068,117.43532026036347,-5.684907837798827,-11.609820818147536,,,1,False
AP0040,Fusión,1,0.8084176917047581,13.6665,3618.921378591701,-1446.9321193944952,1208.1236790235166,3330.6636403317007,3231.7248070442806,,,1164.4700147925519,1165.0370088323666,0.43035740264623656,0.3126265876900899,-572.2574225204899,-441.0330744931827,131.22434802730714,-52.64974472222696,149.69988895947523,-121.3215494192997,-122.03460617138745,-104.21451180315319,-115.76133322738721,-0.0,-0.0,-284.8212986768817,-343.68670615495506,30.0,30.0,180.699311155914,180.699311155914,3.384164122427979e-21,3.384164122427979e-21,36.40998062626,36.40998062626,66.79865708710045,66.79865708710045,115.73844794816868,115.73844794816868,43.79863766906081,43.79863766906081,42.0553970829133,51.408223505020196,30.328104078504772,28.43591232667636,46.120408360429764,43.52225625282727,122.68223858868633,119.61199674762909,18.510010183923587,20.693816293412787,0.257121686941406,0.3143037533140317,1,False
AP0040,Fusión,2,0.7676389040406283,15.7768,3604.0162782797697,-1496.834616108758,1230.367828813235,3839.291195957605,3829.1524959856815,,,1214.3554408106368,1214.7027900349365,0.3573136354892121,0.2959783132780236,-480.43850222222443,-363.50076138761864,116.93774083460579,183.72076869492884,344.2882639136644,-184.05790528044938,-184.4947347571759,-139.39395368021118,-151.22451903342073,-10.113911802170605,-10.808610250770016,-321.3431822553939,-352.0108433609882,35.0,35.0,181.16142804181135,181.16142804181135,3.3841641224279792e-21,3.3841641224279792e-21,36.29563621238429,36.29563621238429,52.00036715666454,52.00036715666454,121.05911277488426,121.05911277488426,43.666468076352714,43.666468076352714,51.73040658456308,58.97687210315068,30.805161462208577,30.551686653366147,47.2009217768765,45.53063390535016,122.70089409722223,123.94001446469731,18.434875965200867,17.109797823637376,0.3239177277388529,0.36929256238434927,1,False
AP0040,Fusión,3,0.7190026789562409,18.7473,3705.9222666039504,-1955.1737350836656,1204.0890437585938,5033.040977465,5096.17250222526,,,1217.2586383938942,1218.0639705446242,0.3925688713799245,0.3120769880472797,-577.1291106529702,-332.3521677938857,244.7769428590845,93.13154467552154,406.7214915480885,-187.70899240662607,-188.7217852887858,-153.66547374421407,-179.60907890775448,-15.920306968685509,-17.53097127014553,-303.7155643100378,-343.9615059763602,40.0,40.0,180.77990385226116,180.77990385226116,3.384164122427979e-21,3.384164122427979e-21,36.315521686833,36.315521686833,65.681994612624,65.681994612624,115.02378554925686,115.02378554925686,43.69877264751651,43.69877264751651,48.56462362646088,62.99109120636427,31.11712072584364,29.196016849232066,47.98920405069986,46.47919068986865,123.06668535020614,124.13843487362047,18.63759604358671,24.24342400534881,0.2983180815903913,0.38693559391098215,1,False
AP0040,Fusión,4,0.6716944441042438,20.8238,6083.96635627921,-1315.7817776846086,1165.9660892655727,6055.088519699047,5994.962192855304,,,1178.500360969103,1179.5286884599484,0.4414796793543012,0.3324531214189719,-470.3936586873215,-264.7775687625635,205.616089924758,135.12785881900982,421.9047687584348,-138.96623767490624,-140.25947148199236,-178.04480160964746,-203.39910884956365,-0.0,-0.0,-279.2601603228494,-333.77343929051403,45.0,45.0,180.39741564764492,180.39741564764492,0.01149229488638639,0.01149229488638639,36.16123046875,36.16123046875,67.79918670999831,67.79918670999831,115.21395745761153,115.21395745761153,43.59023897475091,43.59023897475091,50.721132317142214,63.97274028535954,31.278176653826677,28.95797177246123,48.21492314091435,45.26040292151563,122.72426694516783,121.6030791847727,18.272589892716425,22.241036262155014,0.3101858373113434,0.3912262424750497,1,False
AP0040,Fusión,5,0.7124730351633402,19.9212,6706.756241708368,-2058.88425737947,1136.3420287882727,6472.90132265535,6420.951585030636,,,1139.7606652557893,1140.812031336786,0.4698557485602484,0.3065775136779178,-364.39066835891055,-166.41987256540833,197.97079579350222,197.4692467026464,507.1097571395318,-90.24685146896267,-91.56905881212228,-197.2906199737902,-225.99900983284851,-0.0,-0.0,-265.0721257198758,-346.71124316104107,50.0,50.0,179.58182636335783,179.58182636335783,1.738902476441956e-22,1.738902476441956e-22,36.1140210120506,36.1140210120506,66.68978407429714,66.68978407429714,93.66750061434078,93.66750061434078,43.43767010059232,43.43767010059232,50.49417501212724,63.97274028535954,31.278954928927952,28.95797177246123,48.273500100160255,45.26040292151563,122.60589002821182,121.6030791847727,18.323545614414993,22.241036262155014,0.3278029158049531,0.4153043552555784,1,False
AP0040,Fusión,6,0.7466358047617172,17.7086,7700.88659510839,-2615.869293719177,1109.3121199060163,8586.356897516285,8534.029536094047,,,1112.5386555006098,1113.2991875652842,0.44641344570526315,0.31453309662901074,-570.8962902297712,-443.3796166977332,127.51667353203806,-3.7967579490557566,220.49414652590465,-56.01220965919854,-56.96866155430576,-225.04372757522034,-254.92133208490924,-0.0,-0.0,-276.7932771473684,-342.73345168549463,59.0,59.0,175.2647943215292,175.2647943215292,8.193944855559399e-21,8.193944855559399e-21,35.180480469250334,35.180480469250334,87.2811391528187,87.2811391528187,133.44155373495133,133.44155373495133,43.379893914728214,43.379893914728214,47.79532078393821,58.97687210315068,31.33444250601309,30.551686653366147,48.450115299931284,45.53063390535016,122.4353545916522,123.94001446469731,18.33869351584382,17.109797823637376,0.27092707260649057,0.33430953173482253,1,False
AP0040,Reducción,0,0.7422679453823273,17.9378,4491.63793896764,-204.28239750638568,1093.0842773199352,10667.198456690388,10677.216801990782,1374.5643959366587,1361.479157878366,1092.740321631502,1092.7336077869434,0.5175301894122855,0.5096289177509962,9247.911901009478,9260.710794708724,12.798893699246037,10667.198456690388,10677.216801990782,-824.7386375619952,-816.8874947270197,-130.66143754823747,-131.78139615371566,-0.0,-0.0,-241.23490529385728,-245.18554112450192,30.0,30.0,,,,,,,39.748559704485345,39.748559704485345,14.100941880182898,14.100941880182898,,,65.19922938193045,66.22090998298891,27.436864556206594,26.971781192765288,27.231384582519528,27.25142701914502,120.17173963758681,119.35029440162356,-4.385120612216786,-3.0190322441171396,2.9463167127371572,2.992485887718421,1,False
AP0040,Reducción,1,0.8272134193557097,12.6349,6391.160177004961,3082.813381355785,1087.2330561842114,6942.8287644224065,6942.8287644224065,1278.6326398396106,1278.6326398396106,1087.8016202202307,1087.8016202202307,0.21007302797470823,0.21007302797470823,5485.900887706393,5485.900887706393,0.0,6942.8287644224065,6942.8287644224065,-767.1795839037663,-767.1795839037663,-72.1332315227802,-72.1332315227802,-0.0,-0.0,-394.96348601264583,-394.96348601264583,25.0,25.0,,,,,,,0.00694390679298905,0.00694390679298905,0.0035896486483323266,0.0035896486483323266,,,38.05272733248198,38.05272733248198,25.326395412868923,25.326395412868923,22.290103190104166,22.290103190104166,119.34462038845486,119.34462038845486,-6.515568639470092,-6.515568639470092,,,1,False
AP0040,Reducción,2,0.9632902336781786,3.3971,431.6072834791883,-1078.3340052370786,1087.7034550699095,502.71532404143386,693.2766364586524,0.0,0.0,1088.5261561513303,1093.2605787895343,0.52970159463781,0.2811966190137957,17.035385990241537,44.916078774571304,27.880692784329767,502.71532404143386,693.2766364586524,-0.0,-0.0,-27.87916009327722,-66.30729191415892,-0.0,-0.0,-235.149202681095,-359.40169049310214,20.0,20.0,,,,,,,8.36580934601078e-05,8.36580934601078e-05,0.004280450770106997,0.004280450770106997,,,12.752906871977306,45.97842723923887,20.53911800808377,27.156199304703343,14.013912082248263,20.175725460490238,120.67826056586371,117.96167702346884,-4.191731150310834,-17.242326271272546,,,1,False
AP0040,Reducción,3,0.9724779068869011,2.4453,-342.81848599634174,123.26486962567651,1088.1513026762793,391.45943054926545,379.06423112445395,249.14693717248997,146.71076401988412,1099.4474326332931,1098.2855554192236,0.5499157784035846,0.49270013750335806,-216.61141031749608,-199.41255591231027,17.198854405185813,391.45943054926545,379.06423112445395,-149.48816230349397,-88.02645841193048,-10.888992488239776,-14.14882209969268,-0.0,-0.0,-225.0421107982077,-253.64993124832097,15.0,15.0,,,,,,,1.8668746088871736e-20,1.8668746088871736e-20,1.589673053156122e-25,1.589673053156122e-25,,,3.987987388335283,8.266152096642516,15.988034079731372,15.063872126080177,4.689244074061297,7.80310380316475,119.47728271484375,120.91497210293419,-6.869495975333728,10.181657368525412,,,1,False
AP0046,Fusión,1,0.7332733438053227,20.4152,3513.5408583997796,-1291.656226993412,1207.5343391758456,3586.914802670343,3643.2470304115072,,,1201.1826560530458,1200.805946943251,0.35668999433562115,0.3357891746171938,-566.1860547166527,-444.74401602530213,121.4420386913506,47.629225177887996,189.1643694643416,-167.49169389969543,-167.01794116959638,-115.41826526372775,-125.53471372971605,-0.0,-0.0,-321.6550028321894,-332.1054126914031,30.0,30.0,185.96424573672715,185.96424573672715,2.0021110042448966,2.0021110042448966,31.878185444493436,31.878185444493436,81.76060541624662,81.76060541624662,116.81657084803427,116.81657084803427,40.14128549227151,40.14128549227151,48.89118980489751,55.74146037347132,30.88465840657552,30.703969065040774,47.61762663487837,47.62983670324123,122.26752350983796,121.81498218299733,18.657304877847817,19.220715091567666,0.28545956237154785,0.3254560371236491,1,False
AP0046,Fusión,2,0.7063034770539545,21.708,4102.486389246966,-1427.7712982603844,1176.2423713079834,4662.814110259338,4685.92568293837,,,1187.779014168306,1187.5088405647782,0.40111712763204094,0.35126075363102577,-355.01236741226296,-268.8379993318214,86.17436808044158,257.46208598058496,377.7331976139561,-150.6351545406531,-150.29538181165873,-153.1475447692871,-162.6558740507034,-0.0,-0.0,-299.44143618397953,-324.3696231844871,35.0,35.0,185.82548285590278,185.82548285590278,2.0027083149662723,2.0027083149662723,31.885912577311142,31.885912577311142,81.7174962926794,81.7174962926794,115.67309412073207,115.67309412073207,40.111936781141495,40.111936781141495,58.862004597981766,64.66485752608135,31.411905556330606,30.842715056138193,49.01867396763392,48.87863591747414,123.46302963014634,121.89069130846947,19.295389538792897,20.73463856326565,0.3447563169802158,0.37874377998174036,1,False
AP0046,Fusión,3,0.6986279764945454,21.785,3908.3535022977567,-1710.292608881965,1160.4157965407362,5460.92229263858,5421.015898841143,,,1157.5718955708116,1157.6102180687647,0.40616729887580993,0.4166688640902998,-284.73134405383087,-225.0284411912115,59.70290286261937,314.6974146908586,373.7394090494861,-112.64641327611346,-112.69460799070198,-180.6156770075527,-185.15735639621732,-0.0,-0.0,-296.91635056209503,-291.6655679548501,40.0,40.0,185.8662033949441,185.8662033949441,2.0012904655642627,2.0012904655642627,31.865722805116253,31.865722805116253,81.74618029090448,81.74618029090448,116.87629533473068,116.87629533473068,40.14586251111534,40.14586251111534,61.80767931434197,64.66485752608135,31.238826141357418,30.488267650943808,48.784317523099716,48.10430040730519,122.87266933865017,120.8252088818199,19.382811867999337,20.50142552165105,0.3609304721077616,0.3776151736254225,1,False
AP0046,Fusión,4,0.6592039592984477,23.9485,5435.197827639222,-2043.8979618725616,1141.0120330617535,6210.906401973036,6132.820522577613,,,1141.650405702567,1142.2868139761897,0.3578339171591265,0.3545756686546703,-301.90585805403924,-258.07566804543944,43.8301900085998,325.7392214253726,376.30876584802047,-92.62340587808563,-93.42375858856462,-204.6883142819612,-208.9981917333022,-0.0,-0.0,-321.08304142043676,-322.71216567266487,45.0,45.0,185.83496058367302,185.83496058367302,2.0015242949776026,2.0015242949776026,31.843445222274223,31.843445222274223,81.73921588400137,81.73921588400137,116.13733953945878,116.13733953945878,40.12961505392324,40.12961505392324,62.222377080502724,64.66485752608135,31.36362400384597,31.156985794451295,49.660163212528936,47.64518106024424,123.50631016107252,124.5304345583865,20.516188335066335,18.42700831902639,0.3640507808233181,0.3783412492219806,1,False
AP0046,Fusión,5,0.6713982706211885,22.8116,6999.048739133477,-1994.8607907376918,1118.3318578211429,7691.678649731723,7570.256845852622,,,1123.078842757909,1123.9503916668668,0.38326660796476536,0.2947732186783027,-526.457659877162,-262.38869729697365,264.0689625801883,50.95195405904244,395.83773174955564,-69.26764298710769,-70.36371065390401,-190.52495703255119,-225.99900983284851,-0.0,-0.0,-308.36669601761736,-352.6133906608486,50.0,50.0,185.88735957924837,185.88735957924837,1.9967858582540277,1.9967858582540277,31.8614784789242,31.8614784789242,74.57970962025762,74.57970962025762,112.9958078022876,112.9958078022876,40.111461205575985,40.111461205575985,47.73016596775429,63.97274028535954,30.901130533854165,28.95797177246123,49.69569262476842,45.26040292151563,123.37138913302951,121.6030791847727,22.331583078936127,22.241036262155014,0.28639853369540647,0.3838599477441974,1,False
AP0046,Fusión,6,0.7080932469132304,20.2796,11861.114953903247,-1084.5793460853529,1094.386783498578,11839.948647032224,11676.037918416552,,,1098.1482971430423,1099.491564370661,0.3789031005318257,0.2913194124756308,-566.5938829384203,-393.4787505828873,173.11513235553298,46.838712667412636,299.2028692171753,-37.91476687976766,-39.604071703544435,-255.7190610930499,-289.48693643540537,-0.0,-0.0,-310.5484497340871,-354.34029376218456,67.0,67.0,184.2254509420956,184.2254509420956,1.0677448320435792,1.0677448320435792,31.59291953292552,31.59291953292552,80.00769381055645,80.00769381055645,106.30627965857,106.30627965857,37.42657767612564,37.42657767612564,47.18061794206208,58.97687210315068,31.739218721658634,30.551686653366147,50.54949456210161,45.53063390535016,122.97446734426823,123.94001446469731,20.31507986093043,17.109797823637376,0.2852361711154337,0.3565518621168805,1,False
AP0046,Reducción,0,0.7894174560101362,17.1726,8037.7858483786185,786.7538009214659,1077.807434607863,8566.327265195067,8536.044741950373,1530.5045432044349,1448.1455194653495,1084.7667370513502,1083.4277877859777,0.4675803740710433,0.44574506041682754,7026.088385900404,7035.306758632226,9.218372731821546,8566.327265195067,8536.044741950373,-918.3027259226609,-868.8873116792097,-133.07476513070273,-132.0716265705316,-0.0,-0.0,-266.2098129644783,-277.1274697915862,30.0,30.0,,,,,,,30.859254734981583,30.859254734981583,2.069425286222573,2.069425286222573,,,65.97427414104502,66.1569425921943,28.44784471299913,26.537228970445465,28.367645591453265,29.842355362797463,120.58356011284722,120.50636717302756,-5.633987817330748,3.9081596095666176,4.781590483701363,4.79482967032463,1,False
AP0046,Reducción,1,0.9436679137575742,5.4073,1791.7960919229758,782.496620660173,1083.1279117962072,1532.2432771635747,1539.695076902107,728.2322141572864,634.8538885968301,1077.2285791695833,1078.2708119138747,0.4171760975051739,0.3513202283660129,504.737961246073,522.0722743571584,17.334313111085464,1532.2432771635747,1539.695076902107,-436.93932849437186,-380.912333158098,-76.50246089889659,-89.71900829303692,-0.0,-0.0,-291.411951247413,-324.33988581699356,25.0,25.0,,,,,,,0.004806602880796898,0.004806602880796898,0.003725377539505047,0.003725377539505047,,,38.942903332832536,51.36743835058205,27.864268459743926,25.261004193664547,27.702521552191843,26.25582883824384,118.62266102430556,121.37931638397271,-5.5900562340125886,2.421671130270941,,,1,False
AP0046,Reducción,2,0.979565412625966,1.9995,260.04255630229085,1079.3604110631932,1092.992692496703,253.3015572077421,224.85303288583435,374.8798211422351,341.3022540353245,1090.5185931587735,1090.7166413086552,0.5166167610140397,0.5638662175934623,-465.26410707201126,-445.8783981378276,19.38570893418364,253.3015572077421,224.85303288583435,-224.92789268534105,-204.7813524211947,-29.29457682461209,-25.231612122378383,-0.0,-0.0,-241.69161949298012,-218.06689120326882,20.0,20.0,,,,,,,2.9110657104848996e-20,2.9110657104848996e-20,2.5107551976548625e-25,2.5107551976548625e-25,,,13.165426974826389,10.636836538005301,21.691283043755426,20.10733651020959,15.571900117662215,12.651868391236647,121.04709682888453,121.47123909565708,-5.510913372344642,-5.107201587966884,,,1,False
AP0046,Reducción,3,0.984784426449168,1.5318,-266.49700515866533,-155.08915546830485,1085.6922893417727,146.8803756493689,146.8803756493689,179.52628664904876,179.52628664904876,1103.4360440330524,1103.4360440330524,0.6277019411155342,0.6277019411155342,-382.4765448599518,-382.4765448599518,0.0,146.8803756493689,146.8803756493689,-107.71577198942926,-107.71577198942926,-12.84054380083841,-12.84054380083841,-0.0,-0.0,-186.1490294422329,-186.1490294422329,13.0,13.0,,,,,,,2.9110657104848996e-20,2.9110657104848996e-20,2.510755197654862e-25,2.510755197654862e-25,,,7.681267656598772,7.681267656598772,17.541571227505674,17.541571227505674,7.7423618870922635,7.7423618870922635,119.10356194911857,119.10356194911857,-6.638608732358579,-6.638608732358579,,,1,False
AP0047,Fusión,1,0.7514687890071948,19.8427,3306.8288794053083,-1202.6328575971602,1172.0679998961105,3692.1296594157193,3756.787093530932,,,1172.4671081333972,1172.4574791318605,0.42202495505995896,0.29127647942598556,-572.1356185609286,-324.0488656587217,248.0867529022069,-32.4784327647105,303.72824213574427,-131.37876519819716,-131.3666556801432,-110.04058022907216,-132.79837392838732,-0.0,-0.0,-288.9875224700205,-354.3617602870072,30.0,30.0,184.9847703503024,184.9847703503024,1.7147213515414985,1.7147213515414985,31.7322517641129,31.7322517641129,83.35794192078292,83.35794192078292,118.00464891003024,118.00464891003024,40.08189552881384,40.08189552881384,45.19736840032762,61.53598727188943,31.025453016493053,29.46251852108035,47.73873304578993,46.59375450526953,122.43475744176794,121.2406164502655,18.37060375801016,22.281270537463797,0.2628219063003005,0.35783068911489496,1,False
AP0047,Fusión,2,0.6907440884347948,22.1877,3641.1393773174204,-1222.0854363275917,1141.1574579408234,4478.843764080885,4286.244607680682,,,1155.2042898012091,1157.0148089021989,0.37773422462525835,0.3348789858281906,-429.3698233775689,-258.8254032861888,170.54442009138006,145.8615385859435,353.1305447038869,-109.6688911828503,-111.94581612224887,-145.17926519436307,-158.19930688299397,-0.0,-0.0,-311.1328876873708,-332.5605070859047,35.0,35.0,185.02525634765624,185.02525634765624,1.7115273758217142,1.7115273758217142,31.717761908637144,31.717761908637144,83.30616839373553,83.30616839373553,118.27273310908565,118.27273310908565,40.11988118489584,40.11988118489584,53.89443495008681,63.97274028535954,31.838319721524677,28.95797177246123,49.81076664031498,45.26040292151563,123.19215297154018,121.6030791847727,18.85225009718917,22.241036262155014,0.3132190723001489,0.37179130615685957,1,False
AP0047,Fusión,3,0.6570813952367416,24.1932,4510.819974442554,-1618.5970281229856,1128.0677115280664,5070.545521975459,4902.192345435007,,,1126.2091021423107,1127.9562083682872,0.35931767901697376,0.3551287351672345,-433.24868854739736,-235.92622061594398,197.3224679314534,134.1686951142853,351.96039896470205,-73.20428505580212,-75.40146139905627,-164.6216202154392,-180.7992078662788,-0.0,-0.0,-320.3411604915131,-322.43563241638276,40.0,40.0,185.06162744537602,185.06162744537602,1.7146037621226735,1.7146037621226735,31.716399600641502,31.716399600641502,83.35035450012704,83.35035450012704,118.56841931847052,118.56841931847052,40.17744736089939,40.17744736089939,53.37334927194486,63.97274028535954,31.70139002482096,28.95797177246123,49.5831341044108,45.26040292151563,122.67074330647786,121.6030791847727,18.833890469439556,22.241036262155014,0.3099147868447434,0.3714606341901934,1,False
AP0047,Fusión,4,0.6563787793583533,23.4472,7888.520087419054,-1483.7104306547753,1116.2597938485392,5687.676494097798,5649.409954395086,,,1112.5038631603968,1112.4539034955042,0.3244565851231912,0.31104905933140053,-365.1450670036526,-92.94453986058087,272.2005271430718,218.78862083892588,523.226577606157,-55.968454502410765,-55.90562478308007,-180.9432080028351,-206.5397044504299,-0.0,-0.0,-337.7717074384044,-344.4754703342997,45.0,45.0,172.4024613848335,172.4024613848335,1.753302460822506,1.753302460822506,29.010788562602222,29.010788562602222,69.71828082540762,69.71828082540762,101.98063398720561,101.98063398720561,36.89626300645911,36.89626300645911,51.201046267108644,64.39615156631953,32.00282691484616,29.534760146195797,50.08230570399628,48.39208273077026,122.94783718532985,117.12726554456253,18.585385776818363,23.56424791303014,0.33382756652807327,0.4198588141931613,1,False
AP0047,Fusión,5,0.7713848023396387,17.8743,7095.840331032456,-1170.4822753848448,1098.1776022419033,6463.691332439919,6414.279560825116,,,1102.3948659727944,1102.4487330340012,0.42829654076669216,0.3217476066316416,-498.56522634982275,-247.37200566203612,251.19322068778663,33.32719816721188,373.81610276205504,-43.2552896447854,-43.32303334050605,-193.53508735666713,-229.48856050047766,-0.0,-0.0,-285.8517296166539,-339.1261966841792,50.0,50.0,184.80156792534726,184.80156792534726,1.7500410242018358,1.7500410242018358,31.7176391601562,31.7176391601562,81.98327433268229,81.98327433268229,116.07573290058211,116.07573290058211,40.12130055147059,40.12130055147059,47.98851836958742,64.39615156631953,32.1666671210395,29.534760146195797,50.627581502278645,48.39208273077026,122.57957082790799,117.12726554456253,18.708741394889273,23.56424791303014,0.281417946664578,0.3776368465332637,1,False
AP0047,Fusión,6,0.7851378237101059,18.1328,7474.3625037383945,-3225.4066767178338,1075.1909895054866,10587.30417464138,10560.456421250636,,,1082.6128843470747,1082.949181038149,0.4450032224085117,0.3023101711443353,-452.2024587600027,-362.37062928838907,89.83182947161362,115.0337923279462,304.0117626311789,-18.377293444853986,-18.80022315740197,-262.1102509484225,-289.48693643540537,-0.0,-0.0,-277.4983887957442,-348.8449144278324,67.0,67.0,185.35552181435503,185.35552181435503,1.753069439543981,1.753069439543981,30.60853357815847,30.60853357815847,78.56958244010194,78.56958244010194,106.354613090759,106.354613090759,39.79455847892588,39.79455847892588,50.17701694714968,58.97687210315068,30.898130482803158,30.551686653366147,47.62985358960701,45.53063390535016,123.10429199595511,123.94001446469731,18.909710329650867,17.109797823637376,0.30450744678064756,0.35791080928854174,1,False
AP0047,Reducción,0,0.7480204802583644,19.6197,10361.447903492157,1531.4991014723419,1060.4183215773614,10883.481982839943,10867.406157417752,1596.862441272333,1524.7624550000044,1067.1642003651343,1065.4455000588034,0.4105028743280856,0.40402020142475353,9279.600564081018,9303.269179863291,23.668615782273264,10883.481982839943,10867.406157417752,-958.1174647633998,-914.8574730000026,-128.36381588274776,-128.63802999001732,-0.0,-0.0,-294.74856283595716,-297.9898992876232,30.0,30.0,,,,,,,0.08763319500372266,0.08763319500372266,0.13008525759195025,0.13008525759195025,,,66.10637535177251,66.22090998298891,25.069713858145253,24.145551904494056,22.13836794252749,25.252227671630944,120.09114416051793,121.52883354860836,-5.548367077094486,5.1400334887118415,,,1,False
AP0047,Reducción,1,0.9546253036332831,4.4539,1209.248353898528,757.7975490393292,1056.4694334759672,1040.532942706618,1040.328726219932,417.2120672509211,425.2770715242255,1063.5542812653844,1062.594611120774,0.48125886549440866,0.5082831842129063,237.8300793326597,250.02606039317655,12.195981060516857,1040.532942706618,1040.328726219932,-250.32724035055264,-255.1662429145353,-70.35348049379007,-66.62643974185312,-0.0,-0.0,-259.3705672527957,-245.85840789354685,25.0,25.0,,,,,,,0.00026801258515502115,0.00026801258515502115,0.013489496124849154,0.013489496124849154,,,36.681150622245596,32.87910274452227,25.095813110351564,25.906463461015345,22.72072953287761,24.390854861755113,118.82948377821181,120.3050397779833,-5.014193171057177,-4.165010230258793,,,1,False
AP0047,Reducción,2,0.9789420647194056,2.1044,135.58500794705498,754.0595363566727,1065.300317638459,260.87798733497755,226.6441364077621,290.0520453027483,187.98250553827495,1062.6837063427922,1061.3447570774197,0.47755383367147963,0.45393673225118125,-421.45030676311285,-405.58222550167943,15.868081261433417,260.87798733497755,226.6441364077621,-174.03122718164897,-112.78950332296496,-24.422408475361173,-23.75364943524709,-0.0,-0.0,-261.2230831642602,-273.03163387440935,20.0,20.0,,,,,,,1.0710680054547765e-26,1.0710680054547765e-26,0.0005896256714993551,0.0005896256714993551,,,9.532642158629404,9.715310609778681,20.44201227823893,18.531396535685264,13.12279474894206,14.597504520286256,120.85801215277777,120.78081921295811,-5.823906235461843,7.8210065767440575,,,1,False
AP0047,Reducción,3,0.981623592227095,1.9061,311.3689578174149,786.2280096517907,1069.8219301472645,231.75205483611938,211.38452315630977,168.60608919105002,131.83206285773528,1073.3539727496266,1073.4888414060345,0.46889686994588936,0.5193884513012751,-370.371716539413,-342.3546942315797,28.017022307833315,231.75205483611938,211.38452315630977,-101.16365351463001,-79.09923771464116,-12.7569775570269,-11.68263004706573,-0.0,-0.0,-265.55156502705535,-240.30577434936245,13.0,13.0,,,,,,,1.0710680054547765e-26,1.0710680054547765e-26,3.7924431220514965e-24,3.7924431220514965e-24,,,5.796201419830322,5.270691240302384,19.318803258825234,18.094620185629044,11.193179716887297,9.229068219029639,118.49553484881365,120.26681576975471,-6.626612549984632,-4.708971017621604,,,1,False
AP0060,Fusión,1,0.7683936977220744,19.9899,3810.7745481144166,-1462.6944972470064,1128.1663637005822,3302.9714978266834,3518.2209836929874,,,1125.0316019361278,1123.9856022533595,0.4356567604437024,0.3145672492159535,-543.2070346710335,-296.6654330239377,246.54160164709583,-66.9517236358225,264.7749299720156,-71.72345031391,-70.40799180093647,-113.10992304422399,-139.06567790406532,-0.0,-0.0,-282.1716197781488,-342.7163753920233,32.0,32.0,175.36730241871845,175.36730241871845,1.6004957406044852e-20,1.6004957406044852e-20,41.93298722084125,41.93298722084125,84.06966121172664,84.06966121172664,120.21617024739584,120.21617024739584,44.21331885752052,44.21331885752052,43.41632339015152,59.498056951431856,30.203156481848826,30.04911419600303,45.777423116895896,46.94261610503572,122.93254093594021,123.25133751137265,18.519494405276316,21.17727748545548,0.25308008482621,0.34682285657745776,1,False
AP0060,Fusión,2,0.7278801116643614,20.8548,5094.177584840307,-1052.346927387157,1136.8266436443466,4476.095492893706,4560.239633414184,,,1133.3170126740742,1132.1567370766406,0.48950241256163,0.34509503893760846,-385.7230940585139,-218.86712292519823,166.85597113331565,108.85279677607822,368.34129397281407,-82.14325661812315,-80.6840836975348,-147.9335225983558,-169.82153477035348,-0.0,-0.0,-255.24879371918496,-327.4524805311958,37.0,37.0,174.62080806263705,174.62080806263705,1.600495740604485e-20,1.600495740604485e-20,41.81049997430108,41.81049997430108,84.10790437397203,84.10790437397203,120.28550489994518,120.28550489994518,43.07693845514665,43.07693845514665,51.840363191303446,64.39615156631953,30.992652191986906,29.534760146195797,47.64055881442967,48.39208273077026,122.99755635762718,117.12726554456253,18.528167893496573,23.56424791303014,0.3027607567003888,0.37608971806128305,1,False
AP0060,Fusión,3,0.7573334599081657,20.692,4718.130652533983,-1783.0114346408664,1136.3536659411986,5020.650553798435,5199.149958326333,,,1134.4199694493304,1132.4519720603303,0.3863714904523377,0.30237768328254805,-378.30668168898455,-191.41024351670936,186.8964381722752,189.72063906228448,440.4769974026736,-83.53034487766519,-81.05537384132747,-168.43240320084448,-192.77039082040125,-0.0,-0.0,-306.8142547738312,-348.811158358726,42.0,42.0,174.04081312076067,174.04081312076067,1.600495740604485e-20,1.600495740604485e-20,41.62707405977476,41.62707405977476,79.79504828785741,79.79504828785741,102.41121263134387,102.41121263134387,41.26671085801235,41.26671085801235,52.88671808760296,64.39615156631953,30.222609997300246,29.534760146195797,45.92811100066655,48.39208273077026,123.18715371429603,117.12726554456253,18.780961153061057,23.56424791303014,0.32561323357857663,0.3964745762214452,1,False
AP0060,Fusión,4,0.7380267394101738,20.5748,5197.519916303482,-1630.3657342028164,1115.6296340494478,5579.2397191021155,5628.717554113761,,,1128.713804275872,1128.8281711240838,0.540315014642262,0.3691434781700903,-339.6471308990934,-162.74570160637066,176.90142929272272,159.84374127480112,450.8699959737112,-76.35422075686871,-76.49804952332116,-184.04384083922855,-212.43906924287762,-0.0,-0.0,-229.84249267886904,-315.4282609149549,47.0,47.0,174.077640109592,174.077640109592,1.6004957406044852e-20,1.6004957406044852e-20,41.69204135470915,41.69204135470915,57.03375555690793,57.03375555690793,119.7868633058336,119.7868633058336,41.34727079603408,41.34727079603408,50.80036968655056,63.97274028535954,30.396476099902575,28.95797177246123,46.39136335100447,45.26040292151563,122.70992154601619,121.6030791847727,18.698704807922056,22.241036262155014,0.31717030872021296,0.39941153797070394,1,False
AP0060,Fusión,5,0.7263732234593031,21.0589,6052.27970263584,-1899.304817153963,1102.7339787154083,6513.393191741221,6685.901380518001,,,1100.661723887582,1099.7947621561577,0.5026398299896471,0.31291613501151616,-500.8071364780765,-220.91631543848146,279.89082103959504,-16.78512339249228,406.9002811186289,-41.07567472927073,-39.98537593777778,-185.01593545220874,-235.03897022616246,-0.0,-0.0,-248.68008500517647,-343.5419324942419,52.0,52.0,174.0872091809159,174.0872091809159,1.600495740604485e-20,1.600495740604485e-20,41.681722926493656,41.681722926493656,81.76959923318347,81.76959923318347,107.86140544579463,107.86140544579463,41.383748986586085,41.383748986586085,44.18024756473565,63.97274028535954,29.88926636919714,28.95797177246123,45.23083893836247,45.26040292151563,122.96344361790761,121.6030791847727,18.860665933487137,22.241036262155014,0.26725668506318134,0.3869861181294023,1,False
AP0060,Fusión,6,0.7214996116101188,21.3701,9119.253953215839,-1337.4240929809694,1092.593329870191,10287.958375614771,10489.17847906617,,,1089.1063451617767,1086.3247252151878,0.3985593061588603,0.29389255150704807,-698.9656836553161,-448.8317592973199,250.1339243579962,-153.1538597834449,201.93291788499857,-26.54352757291164,-23.045337564943893,-209.29763147946147,-265.41529747197035,-0.0,-0.0,-300.7203469205698,-353.05372424647595,61.0,61.0,169.79314619700114,169.79314619700114,1.600495740604485e-20,1.600495740604485e-20,38.92363847115873,38.92363847115873,102.51350571314492,102.51350571314492,124.30549482504527,124.30549482504527,32.93939671669274,32.93939671669274,40.37028650442759,58.08153826637837,31.0858228088056,31.59276618765968,48.00197032925094,49.92105514114609,122.45988082751184,116.85922046987231,18.572613883243204,17.845792605688896,0.22872018764740332,0.32906430648390206,1,False
AP0060,Reducción,0,0.7432267928170924,21.4865,10577.695172789046,1570.6196564847905,1085.2669870334423,11112.222593116203,12022.426998345687,950.3850973479434,882.6478923920007,1084.8409792413431,1086.4431316174087,0.019831819210014957,0.35095861555271163,9777.662052049398,10819.339902312588,1041.6778502631896,11112.222593116203,12022.426998345687,-570.231058408766,-529.5887354352004,-51.59381698622525,-126.32609309743364,-0.0,-0.0,-490.08409039499253,-324.52069222364423,30.0,30.0,,,,,,,19.389572452188705,19.389572452188705,10.88246816175296,10.88246816175296,,,18.613122340171564,64.27680871595363,20.012428302466205,23.69944168951681,18.87649334582772,28.604608343126856,88.1126183520423,120.32539484352706,-6.607677402271791,13.658671723261834,1.589021018695411,5.48737595969475,1,False
AP0060,Reducción,1,0.9459577231164006,5.9807,1708.4329764726672,-758.13615422355,1099.695648756495,1572.8204344135795,1728.9878177686405,7.789541323289512,0.0,1096.3482845016836,1094.7596401269047,0.017171138904126755,0.34896291203377144,798.4948185671643,1088.9923930947205,290.49757452755614,1572.8204344135795,1728.9878177686405,-4.673724793973707,-0.0,-55.58588522768499,-91.82530541398562,-0.0,-0.0,-491.4144305479366,-325.5185439831143,25.0,25.0,,,,,,,2.590561014454091e-16,2.590561014454091e-16,2.292205835495332e-20,2.292205835495332e-20,,,25.983834640490706,51.31273350880549,24.16010398864746,28.317119594381406,19.94405574234404,25.786195328770756,51.03705369338945,119.59653138823688,-36.54448459252607,-10.122449512131508,,,1,False
AP0060,Reducción,2,0.9795710625043846,2.0891,-97.28554694363243,69.06656184133317,1078.0441111572143,,217.16394963554558,,0.0,1116.915085760908,1112.3189902929928,0.00015558213475163555,0.4541244181960196,-499.9222089326242,-307.3043643093022,192.61784462332201,,217.16394963554558,-0.0,-0.0,-0.0,-28.87894776603744,-0.0,-0.0,-499.9222089326242,-272.93779090199024,20.0,20.0,,,,,,,4.29726272025265e-25,4.29726272025265e-25,3.494157009840912e-20,3.494157009840912e-20,,,0.0,11.853441403680787,0.0,22.205791628528136,0.0,18.510156926198878,0.0,120.80355399011067,,-1.1994168049604987,,,1,False
AP0060,Reducción,3,0.9776569738910206,2.356,421.7097417297099,146.5477684490179,1089.0988258716345,274.1713003443766,236.12590005914683,0.0,0.0,1078.3606072974162,1077.4035883803176,0.10944169457653262,0.47594864360440287,-415.200573815912,-263.4047296315281,151.7958441843839,274.1713003443766,236.12590005914683,-0.0,-0.0,-21.441146171734825,-14.85337621605632,-0.0,-0.0,-445.2791527117337,-262.0256781977985,13.0,13.0,,,,,,,0.2179777571777005,0.2179777571777005,0.035271602711168484,0.035271602711168484,,,18.177447097515934,10.389743758872669,19.77530281390055,18.33704088720314,14.718749699448095,7.296898667537396,80.793839275377,119.22691326622076,-19.886293915548105,-11.832692492906405,,,1,False
AP0066,Fusión,1,0.8150121903813836,15.2586,4540.9042965689505,-1454.2505817511478,1153.426391814951,3460.813750584555,3519.6862460757857,,,1149.02176395252,1148.6450548427254,0.4248993413287553,0.33752266362004646,-518.3428869777861,-426.9812996564074,91.36158732137869,-4.9788597446058604,140.38819206474938,-101.89369163612272,-101.41993890602399,-114.66968836250692,-125.46056672622778,-0.0,-0.0,-287.55032933562234,-331.23866818997675,32.0,32.0,185.47666804766413,185.47666804766413,37.141475176570395,37.141475176570395,0.0,0.0,80.44930549390388,80.44930549390388,103.40556088441893,103.40556088441893,40.53193963561395,40.53193963561395,45.123306181936556,51.97357675051037,29.51274825202095,29.3320589104862,44.188000467088486,44.20021053545135,122.50960371229382,122.0570623854532,18.448842259010238,19.037319967047264,0.2705930219729289,0.31167235705109825,1,False
AP0066,Fusión,2,0.8341398467247714,13.2214,5159.972395790585,-1214.5398623647775,1154.4146181724514,3550.533239002441,3550.533239002441,,,1159.9426710416892,1159.9426710416892,0.2723098774101125,0.2723098774101125,-432.343148623752,-432.343148623752,0.0,204.61042662540592,204.61042662540592,-115.62792161391818,-115.62792161391818,-148.2302744413677,-148.2302744413677,-0.0,-0.0,-363.8450612949438,-363.8450612949438,37.0,37.0,185.4491570723684,185.4491570723684,37.16109469229714,37.16109469229714,0.0,0.0,64.8720369840923,64.8720369840923,106.3400444407212,106.3400444407212,40.501856646621434,40.501856646621434,53.35837327388295,53.35837327388295,29.71920366716814,29.71920366716814,44.67288598412866,44.67288598412866,122.80240771777638,122.80240771777638,18.54522145676282,18.54522145676282,0.32982094478228463,0.32982094478228463,1,False
AP0066,Fusión,3,0.8445640995981232,12.9252,6665.947397711195,-1296.7625075427095,1151.9433864146074,4894.980482626937,5042.512821046446,,,1155.7514219335849,1154.9575634957255,0.2900363831232861,0.29341760441806025,-430.43361633746593,-321.4141448473666,109.01947149009936,217.6225740322877,336.55398818639765,-110.35696942332378,-109.35860598461387,-173.46709460914474,-186.06801135925232,-0.0,-0.0,-354.9818084383569,-353.2911977909698,42.0,42.0,184.8685035882994,184.8685035882994,37.164106028948645,37.164106028948645,0.0,0.0,65.5768621873486,65.5768621873486,119.59682011567347,119.59682011567347,40.47093770818192,40.47093770818192,55.645230552022774,61.25298061819833,29.89189797860605,29.981663618509042,45.115045230603094,46.80918071836776,122.5977139589017,122.45051592268328,18.52804598203855,20.946906057205936,0.33349805288044465,0.3671069302192007,1,False
AP0066,Fusión,4,0.8770281424020405,10.9054,7136.96418809338,-1500.9356213488654,1158.50762365696,5326.483727115049,5326.483727115049,,,1146.2267242756307,1146.2267242756307,0.25573434211443613,0.25573434211443613,-480.8194731376612,-480.8194731376612,0.0,188.51971336415704,188.51971336415704,-98.37862485586136,-98.37862485586136,-189.5774148042467,-189.5774148042467,-0.0,-0.0,-372.13282894278194,-372.13282894278194,47.0,47.0,185.3378143310547,185.3378143310547,37.1716047498915,37.1716047498915,0.0,0.0,59.64769191212124,59.64769191212124,118.82269236246745,118.82269236246745,40.607337612575954,40.607337612575954,53.48700095282661,53.48700095282661,30.091007761132353,30.091007761132353,45.64817366363308,45.64817366363308,123.0705115640699,123.0705115640699,18.79459415186667,18.79459415186667,0.3252738634906281,0.3252738634906281,1,False
AP0066,Fusión,5,0.8886971314863298,10.0076,5868.926426932256,-2391.7197534513034,1186.3699479136185,5715.87454162607,5715.87454162607,,,1160.576886313444,1160.576886313444,0.21772328406285985,0.21772328406285985,-717.5839818722375,-717.5839818722375,0.0,-18.155424627704626,-18.155424627704626,-116.42551638572505,-116.42551638572505,-182.61436499130946,-182.61436499130946,-0.0,-0.0,-391.1383579685701,-391.1383579685701,52.0,52.0,184.73926579697323,184.73926579697323,37.022326353061125,37.022326353061125,0.0,0.0,55.066978816866126,55.066978816866126,117.96192911016115,117.96192911016115,40.59512033522504,40.59512033522504,43.23096455508058,43.23096455508058,29.9309409318374,29.9309409318374,45.23382556621844,45.23382556621844,122.92754498343182,122.92754498343182,18.68756510953026,18.68756510953026,0.26686945107240645,0.26686945107240645,1,False
AP0066,Fusión,6,0.8474163551878633,12.2127,9399.21238682128,-713.1770500163148,1207.5015304507308,9135.323457252562,9250.05825340084,,,1178.5250774504143,1177.7905337189998,0.31104179838918977,0.29632538020534555,-869.032841193876,-719.3832047378055,149.64963645607054,-165.30712540113979,19.91737970587903,-138.99732134183975,-138.07355260599908,-210.9989757465633,-240.13940404143005,-0.0,-0.0,-344.4791008054051,-351.8373098973272,64.0,64.0,174.8296011836151,174.8296011836151,36.553519627305334,36.553519627305334,0.0,0.0,90.48001649783606,90.48001649783606,120.00770701928828,120.00770701928828,34.15773560153322,34.15773560153322,38.8192358798668,47.83845725052063,30.024094210024227,29.93340678718908,45.51743757459852,46.22531220056407,122.69490607367622,122.12978608582581,18.710272075869895,20.054105083266972,0.22528579130800425,0.277628460539256,1,False
AP0066,Reducción,0,0.8603031536312646,12.5977,6166.019586865667,-230.48429122269954,1214.093710961493,5367.318386404316,5392.077874319363,332.3723385425622,265.34676717986775,1204.9142238670977,1203.7471178609114,0.30652393364556846,0.28741235593922165,4423.190320956701,4474.482562859649,51.29224190294826,5367.318386404316,5392.077874319363,-199.4234031255373,-159.20806030792065,-125.1566676559153,-131.6176796448296,-50.158386212126516,-47.824174199754,-346.73803317721575,-356.29382203038915,30.0,30.0,,,,,,,59.403260523919805,59.403260523919805,0.001544397684176017,0.001544397684176017,,,61.98184343067603,66.22090998298891,27.027890297218605,26.103728343567408,26.19600414134838,29.30986387045183,119.53067785192418,120.96836724001462,-5.102755105655824,4.799629138681191,2.6684046734980504,2.85090239175505,1,False
AP0066,Reducción,1,0.9705303500342476,2.7882,516.3949756315993,633.7237138365181,1217.3779013883857,461.58413704839955,368.0402293685829,508.2203975182592,260.1396887431994,1204.595503029968,1201.706479053693,0.344550935334878,0.28282042836361265,-513.0822116031145,-478.962884604676,34.11932699843851,461.58413704839955,368.0402293685829,-304.9322385109555,-156.08381324591963,-69.83705799331014,-65.93504304700816,-49.52094453786731,-43.74289658531734,-327.724532332561,-358.58978581819366,25.0,25.0,,,,,,,1.0197202836724148e-08,1.0197202836724148e-08,9.273374223057634e-24,9.273374223057634e-24,,,36.411946145082126,36.15711546982329,25.121101671006944,19.811826194265404,21.92519623480903,23.519116256120007,119.67394232855902,120.94415682653585,-6.340245861677179,23.455023050454155,,,1,False
AP0066,Reducción,2,0.9808083975571394,1.9469,458.73768158610807,365.1768563963742,1208.4304372969946,317.93255341277774,283.1398351055173,330.0366632718822,220.79332073060522,1216.2628618952842,1214.9239126299117,0.3371745922030834,0.31537643046320246,-531.3943522000293,-508.1934882816048,23.20086391842449,317.93255341277774,283.1398351055173,-198.02199796312934,-132.47599243836314,-24.384966205899673,-23.71620716578559,-72.8556622684996,-70.1777637377545,-331.41270389845835,-342.31178476839875,20.0,20.0,,,,,,,2.3832839291703154e-05,2.3832839291703154e-05,9.273374223057633e-24,9.273374223057633e-24,,,11.23042733328683,11.413095784436107,18.634669248792857,16.72405350623919,9.868686616685656,11.343396388029852,120.53557881673177,120.4583858769121,-5.602944440566501,9.541796815324558,,,1,False
AP0066,Reducción,3,0.989938861676507,1.0303,,,1205.622290152391,179.8539984525492,155.5244754100385,370.35585588616027,269.94514207165867,1205.1128487120272,1203.6858176385363,0.3944930265251448,0.36481371912816796,-629.9111360314612,-606.5811397269197,23.32999630454151,179.8539984525492,155.5244754100385,-222.21351353169615,-161.96708524299518,-11.59092303608082,-12.19224042622315,-50.555635901985625,-47.701573755003665,-302.75348673742764,-317.59314043591604,13.0,13.0,,,,,,,0.2485049029590868,0.2485049029590868,9.273374223057634e-24,9.273374223057634e-24,,,5.766107138609275,6.946611232222087,17.52772622285066,16.261334965759833,7.747232069792571,10.269403758711206,119.63265086986401,120.36557648696159,-6.2340193629572935,9.296607246021985,,,1,False
AP0067,Fusión,1,0.7788133473768837,16.9279,4494.67858437523,-1006.8319910855068,1130.2022550340043,3373.2912913785253,3859.830702406512,,,1133.9934960347898,1130.3653001069167,0.2949562573862894,0.31818257353855106,-695.0698717723758,-338.25554711206286,356.81432466031293,-146.0437448006118,228.59705803586766,-82.99400811489522,-78.43115661629317,-104.25992965108517,-138.26241740198466,-0.0,-0.0,-352.5218713068553,-340.90871323072446,32.0,32.0,184.5657862807765,184.5657862807765,36.657180323745266,36.657180323745266,0.0,0.0,64.05372696693497,64.05372696693497,144.23787938127612,144.23787938127612,40.467122642440025,40.467122642440025,40.426997514204544,58.97687210315068,27.79737145105998,30.551686653366147,40.28517823543848,45.53063390535016,122.8342840830485,123.94001446469731,18.860839071096514,17.109797823637376,0.23072943797055884,0.3365993368377221,1,False
AP0067,Fusión,2,0.7920784908903402,17.1438,3743.4096724521573,-1305.0067569854543,1156.4788315768135,3891.878141093139,4525.634856554517,,,1145.8071141695464,1142.0131975552204,0.21416573440769796,0.2955129311339175,-596.7587966690778,-306.5527814260489,290.2060152430289,38.51289216323112,314.15912503729993,-97.8509194509061,-93.07965614170642,-135.25331868632355,-166.1383979896729,-0.0,-0.0,-392.917132796151,-352.24353443304125,37.0,37.0,184.51933122601426,184.51933122601426,36.58368283991228,36.58368283991228,0.0,0.0,76.73298762806675,76.73298762806675,129.71337505139803,129.71337505139803,40.60447205660636,40.60447205660636,49.39080210903234,62.99109120636427,26.856847081456454,29.196016849232066,38.02495817350554,46.47919068986865,122.66877331432995,124.13843487362047,18.750723746638183,24.24342400534881,0.2828833740679947,0.36077835661272734,1,False
AP0067,Fusión,3,0.7068149619897766,21.7637,5521.081108277615,-1748.7049464509319,1173.2715228034624,3749.245801775121,4140.895873970099,,,1164.3601433419744,1162.5437242343914,0.2589962679731006,0.29560572455704215,-297.2380357119582,-112.14867125149155,185.08936446046667,373.1179684495544,556.7873464867754,-121.18337410493218,-118.8990292647176,-169.42044614420257,-188.5895328531422,-0.0,-0.0,-370.50186601344967,-352.19713772147895,42.0,42.0,184.3453870669816,184.3453870669816,36.6857983019925,36.6857983019925,0.0,0.0,76.14237250986025,76.14237250986025,56.927769878240895,56.927769878240895,40.59054768880208,40.59054768880208,55.376104310501454,62.99109120636427,28.342062224534455,29.196016849232066,41.47530640294312,46.47919068986865,122.69449495184357,124.13843487362047,18.62430794577575,24.24342400534881,0.3774395604701853,0.4293427657018979,1,False
AP0067,Fusión,4,0.7591547602634039,18.1104,6604.474603435809,-1649.8621562504595,1218.652117987189,5430.75928113964,5635.077089538781,,,1175.5804898492343,1174.452243017981,0.4336816405817398,0.3360779735577722,-433.04879965747773,-291.6838711397562,141.36492851772152,182.72316276112497,395.84181772470936,-135.29418176065246,-133.87528850154578,-188.06828304989196,-212.43906924287762,-0.0,-0.0,-283.15917970913006,-331.96101322111394,47.0,47.0,184.54241536458335,184.54241536458335,36.67296023898655,36.67296023898655,0.0,0.0,69.39643975628746,69.39643975628746,116.19937591552736,116.19937591552736,40.60760557386611,40.60760557386611,53.935837046305345,63.97274028535954,29.081023677586096,28.95797177246123,43.22302682059152,45.26040292151563,122.40203832805089,121.6030791847727,18.509333841998387,22.241036262155014,0.3236358138668949,0.3838611024016,1,False
AP0067,Fusión,5,0.7810172142483398,16.8396,9682.451564642437,-426.9388310727145,1228.9066149362461,6492.83168332722,6718.9037135012995,,,1219.5396858110898,1218.1898175060915,0.3933487140683627,0.3062956466570419,-712.9999811553118,-452.0691841240631,260.93079703124874,-1.4757972780474562,340.8798753298312,-190.57765794532392,-188.880051547869,-187.88816326411683,-230.18384814253804,-20.482401803076755,-17.782665193079993,-303.32564296581864,-346.85217667147907,52.0,52.0,184.5075735799921,184.5075735799921,36.70883589450668,36.70883589450668,0.0,0.0,55.37676267803839,55.37676267803839,131.70779898781444,131.70779898781444,40.65808773400648,40.65808773400648,45.372772024862414,61.53598727188943,29.82120884673516,29.46251852108035,44.99590422801482,46.59375450526953,122.6145793686565,121.2406164502655,18.615188034501617,22.281270537463797,0.27158295383900427,0.36832938444980934,1,False
AP0067,Fusión,6,0.8557075932881046,13.2607,12224.508912977726,-2408.509145509447,1205.5074673434128,9441.342996169837,9441.342996169837,,,1208.917876553075,1208.917876553075,0.25049865477186833,0.25049865477186833,-891.6108723753958,-891.6108723753958,0.0,-106.32482801327212,-106.32482801327212,-177.21957606268168,-177.21957606268168,-224.06547778644799,-224.06547778644799,-0.0,-0.0,-374.7506726140658,-374.7506726140658,64.0,64.0,169.65008821033294,169.65008821033294,36.854602922712054,36.854602922712054,0.0,0.0,94.79698343648538,94.79698343648538,130.2241760754291,130.2241760754291,32.05035307188917,32.05035307188917,42.56574665416371,42.56574665416371,30.342409087063977,30.342409087063977,46.246348509314466,46.246348509314466,123.0531090987356,123.0531090987356,18.790009740496085,18.790009740496085,0.24195362303409637,0.24195362303409637,1,False
AP0067,Reducción,0,0.8707267860104233,12.0132,5755.619690119111,425.9399296376414,1191.1363693161031,5760.6488698164885,5760.6488698164885,809.2922747358821,809.2922747358821,1185.7398716367256,1185.7398716367256,0.2689621279595907,0.2689621279595907,4550.479366599723,4550.479366599723,0.0,5760.6488698164885,5760.6488698164885,-485.5753648415292,-485.5753648415292,-124.61394532682904,-124.61394532682904,-11.809681751382413,-11.809681751382413,-365.5189360202047,-365.5189360202047,30.0,30.0,,,,,,,34.11029563565156,34.11029563565156,5.994351742072506,5.994351742072506,,,61.576198782972114,61.576198782972114,27.044224073621958,27.044224073621958,26.366151620370367,26.366151620370367,119.37542286060474,119.37542286060474,-4.90577529405743,-4.90577529405743,3.9437557351106767,3.9437557351106767,1,False
AP0067,Reducción,1,0.9721931508312959,2.8848,882.3600335656,1118.5028877031364,1204.8578097843133,489.13482751835386,455.70114480935985,247.86286342509692,155.00700709927838,1176.223457315976,1174.8845080506032,0.40145301318044335,0.38058304247379965,-247.6865970638998,-235.0058025305819,12.680794533317908,489.13482751835386,455.70114480935985,-148.71771805505816,-93.00420425956703,-66.17863784059705,-65.34268904045445,-0.0,-0.0,-299.2734934097783,-309.7084787631002,25.0,25.0,,,,,,,9.702121173493988e-21,9.702121173493988e-21,2.540341971502415e-19,2.540341971502415e-19,,,34.95384325858875,35.13651170973802,23.54299986436632,21.632384121812652,19.316335476345486,20.791045247689684,119.94257389322918,119.86538095340951,-5.482996537575086,6.236037112432484,,,1,False
AP0067,Reducción,2,0.9889559747286564,1.1979,,,1206.9563537935999,218.63279015844768,183.9969328404907,127.35871979568502,15.241190327235593,1206.7840784219484,1204.1491357405107,0.38197888958487297,0.3331765843676458,-468.5606006102985,-448.91675559312665,19.643845017171827,218.63279015844768,183.9969328404907,-76.415231877411,-9.144714196341356,-25.217933085123697,-19.077481185326228,-53.898095321827896,-48.62820995895254,-309.01055520756347,-333.4117078161771,20.0,20.0,,,,,,,9.702121173493987e-21,9.702121173493987e-21,2.540341971502415e-19,2.540341971502415e-19,,,11.651098632812499,5.835171686496988,19.037301025390622,17.51291945368629,10.722269185384116,13.672789133087344,119.46475321451821,120.09464137948882,-5.948150652573494,11.039920915622913,,,1,False
AP0068,Fusión,1,0.8307065926009969,15.0879,3548.0679664060376,-1251.616463407399,1203.3686553936955,3676.048684023521,3858.5375197443955,,,1189.678154053411,1187.516950658977,0.47685511904505823,0.32984223992791933,-806.2988440003179,-505.189630237709,301.1092137626089,-286.86832273581985,118.21760207178816,-153.02352976709398,-150.30558113832265,-95.58423312100498,-128.77245323620602,-0.0,-0.0,-261.5724404774709,-335.07888003604035,32.0,32.0,185.9490046953914,185.9490046953914,37.13692491319444,37.13692491319444,0.0,0.0,83.17471664891099,83.17471664891099,118.8285587811711,118.8285587811711,40.97966234611742,40.97966234611742,33.19752819947522,53.10094299440428,29.508430502149796,30.849286995444675,44.18779599931505,44.361340404788336,122.4985402001275,121.25824694599783,18.46189080820215,13.172100661124833,0.19093376245648827,0.30540716088824293,1,False
AP0068,Fusión,2,0.7250266866870313,21.9868,5183.0680353037715,-1187.4325362056315,1214.280307565989,4268.937501484931,4428.465213240243,,,1201.0388296055933,1200.4058230818725,0.4437730995129524,0.30352445281053647,-701.5965176567219,-325.3796336129584,376.21688404376346,-121.37309806525425,365.8624669964673,-167.31081647897634,-166.51474183945786,-125.54883497003924,-167.23926727630788,-0.0,-0.0,-278.1134502435238,-348.2377735947317,37.0,37.0,185.26778328878837,185.26778328878837,37.132166491056736,37.132166491056736,0.0,0.0,86.74545191714637,86.74545191714637,106.79926436829118,106.79926436829118,44.67453324167352,44.67453324167352,40.50833477890283,63.97274028535954,30.26340544646208,28.95797177246123,45.989285360800245,45.26040292151563,122.6574960336313,121.6030791847727,18.53814610320132,22.241036262155014,0.23770112619854886,0.3753892253244853,1,False
AP0068,Fusión,3,0.7621600703246801,20.2369,4741.404780601304,-2271.4940704370642,1217.1296798309547,5440.880788883002,5605.4793065623435,,,1201.227460734224,1199.9125881079667,0.3599155195713399,0.3063634413913123,-503.56209283279213,-418.61737241925624,84.94472041353589,167.66357017714552,290.9518300372519,-167.54804066561508,-165.89444514529103,-174.3850642310643,-187.60616010794507,-0.0,-0.0,-320.04224021433004,-346.81827930434383,42.0,42.0,184.99973390564438,184.99973390564438,37.152053052325584,37.152053052325584,0.0,0.0,83.35091827156009,83.35091827156009,119.42760605922965,119.42760605922965,43.098398513202525,43.098398513202525,55.50377831274225,61.558494872795976,30.413681740735576,29.929758945668596,46.44259709756841,49.09958238935968,123.01206590763475,119.65978253406166,18.820094775581893,24.00390002515347,0.3193801173923641,0.3542201975546818,1,False
AP0068,Fusión,4,0.7275887465797688,20.2477,7415.399401310107,-1459.470585853458,1221.8894179648496,6363.570828204569,6421.0757926026,,,1206.596815255593,1206.2201061457984,0.46711632225143146,0.4010487967531761,-429.33572350483627,-334.2875328385717,95.04819066626459,217.92256942564086,361.3798727076493,-174.30058871191528,-173.82683598181652,-197.2655474453493,-213.1146500420643,-0.0,-0.0,-266.4418388742843,-299.47560162341193,47.0,47.0,185.3003455268012,185.3003455268012,37.15492028130426,37.15492028130426,0.0,0.0,73.04760004679363,73.04760004679363,117.04508022732207,117.04508022732207,40.2790892706977,40.2790892706977,56.36783142089845,63.21810198947226,30.448290698184472,30.267601356649724,46.529901535740095,46.542111604102956,123.23954134460884,122.78700001776821,18.906847572933742,19.479870168080105,0.33358282870228373,0.37412248715708174,1,False
AP0068,Fusión,5,0.779215188968889,17.6434,5930.845889266674,-2781.4083880617745,1212.368049137353,6953.621275584585,7031.416482077925,,,1207.4682587450282,1206.9776711317195,0.4514341313781892,0.31502185398601856,-563.5087409654277,-438.81687802516524,124.69186294026247,99.72935283764437,317.8859174755612,-175.39652380218135,-174.77955645226947,-204.30831779105705,-230.18384814253804,-0.0,-0.0,-274.2829343109054,-342.48907300699074,52.0,52.0,184.67485689367138,184.67485689367138,37.17978807365369,37.17978807365369,1.4854588954087347,1.4854588954087347,76.00428466796875,76.00428466796875,117.51138493759825,117.51138493759825,40.41986490885416,40.41986490885416,51.05146868243906,61.53598727188943,30.393864734356217,29.46251852108035,46.46167352138421,46.59375450526953,123.3138690655048,121.2406164502655,19.03321057974836,22.281270537463797,0.30018255891795503,0.3618315124237078,1,False
AP0068,Fusión,6,0.755537043665633,18.0464,12165.598856782894,-1756.8230797639026,1180.267043291067,10574.318840332196,10611.003244581238,,,1195.899167136822,1195.6555597968743,0.41980409745336966,0.2928290320159057,-600.0832231399795,-488.55189449430037,111.53132864567914,106.92096461908372,311.3495106440693,-160.84713120283698,-160.54076844342498,-246.80878738398275,-276.5248348039693,-0.0,-0.0,-290.0979512733152,-353.58548399204716,64.0,64.0,180.90192051560666,180.90192051560666,35.803208323796106,35.803208323796106,0.015124979975372429,0.015124979975372429,74.20569071881647,74.20569071881647,108.97508077845328,108.97508077845328,32.62754299970685,32.62754299970685,49.512386096363336,58.97687210315068,30.50090351891896,30.551686653366147,46.57408924889943,45.53063390535016,123.49467515733507,123.94001446469731,18.862005164805844,17.109797823637376,0.30221483945501443,0.35998438652347126,1,False
AP0068,Reducción,0,0.8228376649712674,14.0639,8215.110851105017,1432.5160263799025,1153.069486228125,8311.16143446562,8336.767713095867,1396.5928762743436,1381.9844101864219,1161.6450543570334,1160.8500666431564,0.4448604601160062,0.4388804034632918,6844.820091324793,6872.52301077068,27.702919445887346,8311.16143446562,8336.767713095867,-837.9557257646061,-829.1906461118531,-128.16427215740245,-131.8426826681594,-0.0,-0.0,-277.56976994199687,-280.5597982683541,30.0,30.0,,,,,,,40.87222997369534,40.87222997369534,57.36297106782617,57.36297106782617,,,64.46344092584425,66.22090998298891,26.57132746943721,26.802378760968516,25.183053487141926,27.963922696014528,119.26433421947337,118.99714287489732,-5.483525934101193,-1.2152556084736905,1.7071023716303397,1.753643163626998,1,False
AP0068,Reducción,1,0.9596943465939366,3.8704,-6.500451522362164,3.417540661710518,1166.9664401370371,878.5248304619191,825.6729360727037,508.3828646868523,453.70351829658523,1147.7653646334684,1147.5784528897766,0.4840743094823018,0.5434427943464208,19.90729915627685,38.68679396462167,18.779494808344822,878.5248304619191,825.6729360727037,-305.02971881211135,-272.2221109779511,-72.97339195786175,-63.8338530265213,-0.0,-0.0,-257.9628452588491,-228.27860282678958,25.0,25.0,,,,,,,0.009165175348825992,0.009165175348825992,0.025355876273002093,0.025355876273002093,,,38.18248744866787,32.9696339786551,25.826687947591143,23.50906844611334,23.5010667453342,19.96003687446965,120.44798795572916,120.66048592900486,-5.53348475217774,-3.656882399673014,,,1,False
AP0068,Reducción,2,0.959566106977658,3.8701,1434.9155552980094,1358.367568262147,1176.3850705137088,776.5818621386401,776.519964515073,488.6043637446411,438.1718153142177,1173.1458982466613,1172.8424041465294,0.5190902581109168,0.5132249305870344,-0.3568141856337661,23.263222221227863,23.62003640686163,776.5818621386401,776.519964515073,-293.16261824678463,-262.9030891885306,-20.669611856127542,-24.31454312201169,-0.0,-0.0,-240.4548709445416,-243.38753470648277,20.0,20.0,,,,,,,0.0009997505340801345,0.0009997505340801345,0.15936319729051618,0.15936319729051618,,,7.021368190220424,10.816949812688051,19.13725658840603,18.53322160330845,10.829448564317492,11.88830173669283,118.92640150282118,121.11973639439778,-6.454739961000568,0.6933580636989213,,,1,False
AP0068,Reducción,3,0.9865350895818495,1.3533,376.7779061882132,431.31277380124084,1178.2939459302295,195.703499112381,171.7445092691883,316.10659534495926,215.83282995437554,1182.8518274870264,1181.4247964135354,0.513659949537711,0.4582521839402269,-476.75410713854154,-465.9999757892864,10.754131349255147,195.703499112381,171.7445092691883,-189.66395720697554,-129.4996979726253,-10.938455083998424,-11.53977247414075,-6.033593451983961,-3.1795313050020013,-243.1700252311445,-270.87390802988654,13.0,13.0,,,,,,,1.3541750647048464e-18,1.3541750647048464e-18,2.217270125822226e-21,2.217270125822226e-21,,,4.786649305555556,5.967153399168367,17.51071486700149,16.244323609910662,7.676571055821009,10.198742744739645,118.90297057136658,119.63589618846416,-6.7822326964819055,8.721919707284675,,,1,False
AP0070,Fusión,1,0.771918688977671,19.0506,3753.4456834463485,-854.3887481123998,1115.811862359952,3476.228503911364,3729.6766597652254,,,1147.5168042901546,1144.640779111635,0.31286879874165907,0.3259882346709489,-729.8649553699734,-429.941523637724,299.92343173224936,-172.24448188949108,145.49539542444447,-100.00104096695542,-96.3841260988772,-104.80351398542815,-132.79659239983744,-0.0,-0.0,-343.5656006291705,-337.0058826645256,33.0,33.0,182.37807569316786,182.37807569316786,0.0,0.0,40.46418720320151,40.46418720320151,84.03802107268689,84.03802107268689,110.3918777149857,110.3918777149857,41.74473051183363,41.74473051183363,37.87351098154105,53.10094299440428,28.652889839968697,30.849286995444675,42.26018158883759,44.361340404788336,122.77647335168085,121.25824694599783,18.737135019754966,13.172100661124833,0.223325360879,0.31311560375324926,1,False
AP0070,Fusión,2,0.7174090862162583,22.4202,4662.330035546958,-908.4166843620715,1125.0495634462263,4110.103342465365,4446.459143634919,,,1121.2818921813655,1118.8367296715735,0.2879078824930084,0.30398131585794097,-459.7064625967545,-274.70971050672586,184.99675209002862,120.17884380757927,314.69394691053344,-67.00778194484546,-63.93272380467763,-147.58114780706424,-168.21127364262395,-0.0,-0.0,-356.0460587534958,-348.0093420710295,38.0,38.0,182.61803927951388,182.61803927951388,0.0,0.0,40.239210549378946,40.239210549378946,87.7854483840812,87.7854483840812,108.95037086055243,108.95037086055243,41.58974849342282,41.58974849342282,52.164305075621,61.53598727188943,28.53501213029114,29.46251852108035,41.94487982855903,46.59375450526953,122.87717906215732,121.2406164502655,18.712210673451064,22.281270537463797,0.3059613889986095,0.3609294921462904,1,False
AP0070,Fusión,3,0.7182640232955899,22.102,3915.285251874063,-2064.9546511883414,1184.064142099974,4581.299298449211,5013.627060556628,,,1136.4016102063647,1133.8516162460548,0.21711768231306214,0.2931133790997112,-500.0454669074664,-329.3513320589243,170.6941348485421,151.2918021574588,300.73882185734374,-86.0224739351015,-82.81557882950925,-164.62331838742654,-184.5809467376861,-0.0,-0.0,-391.44115884346894,-353.44331045014445,43.0,43.0,182.45829597241953,182.45829597241953,0.0,0.0,40.492849823922796,40.492849823922796,88.50747393983784,88.50747393983784,93.41584837449113,93.41584837449113,41.62596269087358,41.62596269087358,51.90819212017638,58.873011547208534,27.751507489502586,29.629667428231336,40.04944341299761,46.00395564830072,122.57281150325015,124.16067330414984,18.533621738505683,21.630958593710204,0.31475361272069485,0.3569859076064487,1,False
AP0070,Fusión,4,0.6690966580926871,23.09,6061.885136738506,-2000.058744214586,1197.731493209792,5666.609265801223,5991.652629373209,,,1195.9687930417779,1193.6975473411615,0.29479888673342936,0.3056760247662129,-593.4252283401804,-390.40781819502536,203.01741014515505,113.39214274132001,336.5602401542956,-160.93469336074833,-158.07835454807946,-184.03180318853853,-212.47739828541972,-0.0,-0.0,-352.60055663328535,-347.16198761689355,48.0,48.0,182.28660382121598,182.28660382121598,0.0,0.0,40.409088010204165,40.409088010204165,71.44824811455344,71.44824811455344,118.3696139588648,118.3696139588648,41.64729385894983,41.64729385894983,50.96479351017751,61.53598727188943,28.72903022766113,29.46251852108035,42.38853174225101,46.59375450526953,122.71553607516819,121.2406164502655,18.62355564722664,22.281270537463797,0.304043532347421,0.3671086969653855,1,False
AP0070,Fusión,5,0.6902898734442997,21.9544,7550.89829112012,-2114.043060621494,1153.8695318576279,7194.985755269941,7262.323690509726,,,1185.810011813469,1185.1747168417053,0.3180233166199492,0.30439531971638295,-731.1562741508426,-449.4794133086807,281.6768608421619,-44.070070673082995,283.9303405922754,-148.15891965033222,-147.35996703818225,-188.6886242384737,-228.9971288220371,-0.0,-0.0,-340.9883416900254,-347.80234014180854,53.0,53.0,182.37958050009644,182.37958050009644,0.0,0.0,40.41022029923811,40.41022029923811,71.3876811651536,71.3876811651536,117.83957745587385,117.83957745587385,41.63532760054977,41.63532760054977,43.45729739342207,58.97687210315068,30.650370863985692,30.551686653366147,46.778672588996166,45.53063390535016,124.45275469446082,123.94001446469731,18.944321095486117,17.109797823637376,0.2595462205667318,0.35223599195879274,1,False
AP0070,Fusión,6,0.7251498065915309,20.1396,13253.568912537088,-668.2895780956351,1116.792337470271,9117.367720786811,9305.163990435289,,,1132.2824415271236,1129.661630791729,0.3971127800393114,0.29879297979476316,-705.9028027230587,-525.6976646589646,180.20513806409406,-99.56584212683696,170.84836227721962,-80.84217073353551,-77.54621582115634,-214.80086198341363,-259.14598311348124,-0.0,-0.0,-301.4436099803443,-350.60351010261843,62.0,62.0,180.73685671488442,180.73685671488442,0.0,0.0,40.736874643961585,40.736874643961585,82.56764545440673,82.56764545440673,119.51267525640093,119.51267525640093,39.55686973367794,39.55686973367794,41.93574299812317,55.07661544772406,30.23548756755849,31.566817319799753,46.06782550576292,47.893862920498535,123.01890020891891,119.2610840149786,18.90298509157124,15.53063748034945,0.24386364764119664,0.32028010910441196,1,False
AP0070,Reducción,0,0.8295149123417239,15.411,6657.760394009919,480.2969399346366,1096.4149047977112,7653.91313509485,7741.874787276744,915.429049382162,901.5527751048522,1109.140729118681,1109.0077784499897,0.33717950779550887,0.35306370915811147,6432.183790641663,6525.309350582122,93.12555994045852,7653.91313509485,7741.874787276744,-549.2574296292972,-540.9316650629113,-118.41009344482423,-129.51405093394715,-0.0,-0.0,-331.41024610224554,-323.46814542094427,30.0,30.0,,,,,,,41.8498664838315,41.8498664838315,0.024170173622757918,0.024170173622757918,,,59.51307627360026,66.22090998298891,25.04732311107494,25.278374402606246,21.99296078152127,24.77382999039387,119.79072003399885,119.5235286894228,-5.880137810388227,-1.3509131939461645,3.6200872915460436,4.028114318304428,1,False
AP0070,Reducción,1,0.9482952742302017,5.3037,1482.2371485866338,-125.02953124699161,1102.2116322751388,1030.7448133006646,1180.9672362326687,139.2459070231393,170.28511735993314,1092.492568301436,1093.2669760833348,0.38300008529866175,0.3605740715142718,363.53793232280367,446.7126180039878,83.17468568118414,1030.7448133006646,1180.9672362326687,-83.54754421388357,-102.17107041595987,-52.507804136488176,-89.71900829303692,-0.0,-0.0,-308.49995735066915,-319.71296424286413,25.0,25.0,,,,,,,0.00111028011312159,0.00111028011312159,0.000620224808576448,0.000620224808576448,,,25.504102579752608,51.36743835058205,21.965251831054687,25.261004193664547,16.61494815402561,26.25582883824384,120.50919140625,121.37931638397271,-4.57227927141598,2.421671130270941,,,1,False
AP0070,Reducción,2,0.9766575762248092,2.2553,537.9347269347933,728.5037281039986,1127.6091425219704,334.74772265948155,322.4195566509539,371.05195042084205,275.4881187542885,1113.8445478747956,1112.6826706607258,0.5072029581795688,0.4832662994415252,-380.0372677297945,-351.34190358934904,28.695364140445463,334.74772265948155,322.4195566509539,-222.63117025250523,-165.2928712525731,-23.103723949735123,-27.45016343167233,-0.0,-0.0,-246.39852091021558,-258.3668502792374,20.0,20.0,,,,,,,0.0003651997933430265,0.0003651997933430265,4.557148895991733e-24,4.557148895991733e-24,,,11.14380352686322,15.421968235170453,17.402623070610893,16.478461116959696,7.5917329025268545,10.705592631630306,118.70973171657985,120.14742110467029,-6.563578286284659,9.040980248528864,,,1,False
AP0070,Reducción,3,0.98695090277483,1.3074,,,1133.0344147517603,207.80146617324044,213.7287498970546,346.871671369958,349.4072082884781,1142.7599220766892,1141.8129229604874,0.5254172032502056,0.5641892102168561,-471.7756281551152,-446.1486320351652,25.626996119950036,207.80146617324044,213.7287498970546,-208.12300282197478,-209.64432497308687,-11.51111785466358,-9.676086790740847,-0.0,-0.0,-237.2913983748972,-217.90539489157194,13.0,13.0,,,,,,,3.677635094476339e-21,3.677635094476339e-21,7.635041207978219,7.635041207978219,,,7.180566082578716,3.6291572114707935,15.883330349392361,16.534257736042523,4.994238959418402,6.682877586371136,119.29046427408852,119.94869781662526,-5.418965053111771,-3.6179771820496973,2.4661534272108296,1.2464279824218834,1,False
AP0073,Fusión,1,0.7768555735052391,18.3006,3704.3556947459256,-1039.7686702520941,1182.3414216320982,3296.1981381018477,4003.270879903325,,,1185.8720947369748,1180.609062570003,0.28638920469991785,0.31076762694024457,-861.0865875912802,-329.16213051242113,531.9244570788592,-250.97899122856435,312.4007448183475,-148.23699568762117,-141.6181595807367,-95.81488512612546,-146.07821132122604,-0.0,-0.0,-356.8053976500411,-344.61618652987767,33.0,33.0,181.99543792126227,181.99543792126227,0.0,0.0,40.26663064395667,40.26663064395667,83.28156355315564,83.28156355315564,115.01608695235905,115.01608695235905,42.805976418887866,42.805976418887866,34.343689383712466,61.53598727188943,26.757668491967195,29.46251852108035,38.356684351370816,46.59375450526953,122.67527217158563,121.2406164502655,19.813300487395868,22.281270537463797,0.20107574343751253,0.3602814552220057,1,False
AP0073,Fusión,2,0.711647062726325,22.1761,4652.304990720424,-1200.5636386832002,1198.4133276774535,4570.283965967908,4658.607804349185,,,1174.9860351568252,1174.8359420134884,0.46939244429431987,0.31594846335923277,-531.2654844290065,-290.1694416559633,241.09604277304322,19.62238735439174,367.2237238104575,-134.54659024739598,-134.35783177414407,-141.78718578423394,-171.7592474729649,-0.0,-0.0,-265.3037778528401,-342.02576832038363,38.0,38.0,181.7487350594284,181.7487350594284,0.0,0.0,40.13892290164263,40.13892290164263,82.74694386017627,82.74694386017627,114.53821593716614,114.53821593716614,42.78933554103232,42.78933554103232,47.25000949435764,63.97274028535954,30.20947278117576,28.95797177246123,46.24570730108964,45.26040292151563,122.29048551146748,121.6030791847727,19.046614582623654,22.241036262155014,0.2775450985290796,0.3757739034485397,1,False
AP0073,Fusión,3,0.7145324537671496,21.8583,4687.354085342895,-2345.5544921793057,1203.4491081306044,5340.394907797518,5404.852688602682,,,1189.0727346714007,1188.9659755681218,0.43384202318762255,0.30983789908457005,-471.7700946123931,-313.2685982432073,158.50149636918582,144.1111014793799,387.54980633357104,-152.26214896258278,-152.1278877638854,-171.28974082407328,-194.35914845624973,-0.0,-0.0,-283.0789884061887,-345.081050457715,43.0,43.0,182.18188735499524,182.18188735499524,0.0,0.0,40.11574586810489,40.11574586810489,74.14165113044508,74.14165113044508,116.24715483694368,116.24715483694368,42.78964362866951,42.78964362866951,52.43748705314868,63.97274028535954,30.134923141440066,28.95797177246123,45.756029784525396,45.26040292151563,122.81496443243299,121.6030791847727,18.711390069796078,22.241036262155014,0.31272441555683067,0.38151785948534894,1,False
AP0073,Fusión,4,0.6951911529338284,21.1707,4909.4640538621725,-1860.668732918909,1190.7593600677208,6144.038071475722,6221.323423579,,,1193.213177134394,1192.9422973286703,0.3860292177725412,0.2968242694480287,-458.23540757565024,-226.7624492965901,231.47295827906015,202.6087835944988,508.16332872667925,-157.4692062639838,-157.1285454088209,-187.13927589350763,-216.9590494395346,-0.0,-0.0,-306.9853911137294,-351.5878652759856,48.0,48.0,182.30653167517005,182.30653167517005,0.0,0.0,40.16794068213229,40.16794068213229,56.23884890290345,56.23884890290345,98.41581512243572,98.41581512243572,42.78828540205145,42.78828540205145,50.681564310294426,63.97274028535954,30.200960406550653,28.95797177246123,45.86278867368345,45.26040292151563,123.4947474444354,121.6030791847727,18.864904742304212,22.241036262155014,0.32925529965328143,0.41560208448457886,1,False
AP0073,Fusión,5,0.687964450506805,20.9538,1761.3339932089093,-1501.9751605703286,1159.35475009274,6893.550784520951,7020.590946016898,,,1175.937133357453,1175.3642211668678,0.3946635999589871,0.3055620155120641,-624.4939604980136,-358.1358732421049,266.35808725590874,16.517687791191033,367.9660978480036,-135.74269981157707,-135.02220034039462,-193.35043055819287,-234.6104606068176,-0.0,-0.0,-302.66820002050645,-347.218992243968,53.0,53.0,181.9409276138117,181.9409276138117,0.0,0.0,40.204404929832265,40.204404929832265,79.43017751434704,79.43017751434704,100.41735078788099,100.41735078788099,42.69843840422454,42.69843840422454,45.28127931194541,61.53598727188943,30.56324079661499,29.46251852108035,46.71601417909378,46.59375450526953,122.81099482442346,121.2406164502655,18.6168763560131,22.281270537463797,0.2766677402000338,0.3759836912337504,1,False
AP0073,Fusión,6,0.583024991082576,25.5935,,-1792.1619690874377,1132.7304960576735,12071.834039955242,12071.834039955242,,,1127.5601123177544,1127.5601123177544,0.22475372855060835,0.22475372855060835,-700.3265602263687,-700.3265602263687,0.0,4.32189942254902,4.32189942254902,-74.90332747969443,-74.90332747969443,-232.87167854559917,-232.87167854559917,-0.0,-0.0,-387.6231357246958,-387.6231357246958,62.0,62.0,179.4591150292523,179.4591150292523,0.0,0.0,39.413325427329724,39.413325427329724,86.21812120637937,86.21812120637937,121.37158203125,121.37158203125,36.0960689255736,36.0960689255736,47.24384461842716,47.24384461842716,30.705937694031515,30.705937694031515,47.26244535092954,47.26244535092954,122.63929262514469,122.63929262514469,18.89670579316421,18.89670579316421,0.2732213273389205,0.2732213273389205,1,False
AP0073,Reducción,0,0.8640470200718302,11.9862,5738.005601469934,857.790224213446,1113.8846060732656,6077.757279327377,6130.6655398098965,989.0837339179252,974.6074608006733,1122.5113050061075,1122.13680076481,0.40937630173661177,0.41846570643323244,4844.119738683645,4901.863823657147,57.74408497350214,6077.757279327377,6130.6655398098965,-593.450240350755,-584.7644764804039,-122.22387588446286,-130.61851761214268,-0.0,-0.0,-295.3118491316941,-290.7671467833838,30.0,30.0,,,,,,,0.018153196910741076,0.018153196910741076,22.789403507722266,22.789403507722266,,,61.319286781228996,66.22090998298891,25.60780771891276,25.838859010444065,23.99306255199291,26.773931760865512,120.93874448423033,120.67155313965428,-3.564179652122421,0.8460897966277183,7.049867045760241,7.613405757554248,1,False
AP0073,Reducción,1,0.9661485012930113,3.2702,578.9948099310552,462.4164304754122,1111.2362206102991,509.66445444040744,564.6639527866524,76.10400695545896,115.5914393945017,1107.3702895209478,1107.6030437834313,0.4345136655244202,0.5053650080575518,-94.23204415564823,-41.73882241930028,52.49322173634795,509.66445444040744,564.6639527866524,-45.66240417327537,-69.35486363670103,-52.83935190817026,-67.07884032120751,-0.0,-0.0,-282.7431672377899,-247.3174959712241,25.0,25.0,,,,,,,0.015802342228069356,0.015802342228069356,0.004945381292206245,0.004945381292206245,,,26.56615717961238,35.845468558435506,20.50189778306749,22.499427617912307,17.020928385416664,21.589735638915638,122.5655738389757,121.52973633196314,4.282294605226196,4.693730588776786,,,1,False
AP0073,Reducción,2,0.9770856405597809,2.2998,323.9057214540518,352.7585439496579,1117.95812078976,232.00251852639414,284.9219318869236,23.038157324605766,85.65561965510078,1115.8136397264884,1115.766004925245,0.3759750730774577,0.5491223188932562,-339.1782492389708,-241.79246614899512,97.38578308997569,232.00251852639414,284.9219318869236,-13.822894394763459,-51.39337179306047,-22.69383463251023,-27.230610412666273,-0.0,-0.0,-312.0124634612711,-225.43884055337188,20.0,20.0,,,,,,,0.003659596897981008,0.003659596897981008,0.0360182922232193,0.0360182922232193,,,10.500037153940353,12.690629154244187,16.922397757636176,19.98109251152778,10.201794119940864,12.756628757527075,112.8044544813368,121.16116607153972,0.13571967284750458,-4.4084461084616775,,,1,False
AP0073,Reducción,3,0.9832006068785016,1.6631,437.2525312971778,788.7789734921153,1124.7230247303305,217.653230364134,243.08793020344157,193.45493053617378,206.79749209701092,1127.0950322289225,1126.92870565551,0.2718246014218978,0.3530765319810787,-496.85259611470383,-446.9624285764944,49.890167538209425,217.653230364134,243.08793020344157,-116.07295832170426,-124.07849525820654,-11.693593591262353,-19.858554235448647,-0.0,-0.0,-364.0876992890511,-323.46173400946066,13.0,13.0,,,,,,,1.1986223615401375e-20,1.1986223615401375e-20,0.0009930946353909676,0.0009930946353909676,,,6.280947829737807,17.008671782155222,16.45892369588216,17.34562247077458,9.169209696451823,15.67788318035129,131.77597100151908,120.30851398020417,11.921545684024062,18.02018401235803,,,1,False
AP0075,Fusión,1,0.8408598411962817,13.294,4127.567518514023,-1196.6630312953366,1170.9393354223957,3646.6321120802836,3832.7421142631665,,,1152.7739518246392,1151.4756404788764,0.3965962727859347,0.3152232841273549,-691.1059843418607,-470.7713125847652,220.33467175709546,-166.67739572703096,115.56676049712115,-106.61247650763667,-104.97970860109784,-106.8639306012322,-129.71968864553773,-0.0,-0.0,-301.70186360703264,-342.38835793632256,33.0,33.0,182.8780603745404,182.8780603745404,0.0,0.0,40.35317717907485,40.35317717907485,81.66891611136641,81.66891611136641,112.59028846890318,112.59028846890318,42.915066109451594,42.915066109451594,38.15251285328584,51.683168531853106,29.601669332073996,29.716050558931943,44.262520468355426,45.52597125647725,122.98028552122788,122.08597329651319,18.38585797570397,19.740046725951604,0.22489856605190717,0.30465805847521676,1,False
AP0075,Fusión,2,0.7846316712799135,18.7041,4836.669659515635,-1319.3126505643709,1183.817287935416,4753.022010860428,5046.771734068286,,,1180.1960595792063,1177.2624040215392,0.36311068716967165,0.3161401451497506,-574.912745394262,-372.9631443683417,201.94960102592023,35.27909133363049,282.46515212480864,-141.09876334278638,-137.40937199684248,-141.39809907101363,-166.8386791722549,-0.0,-0.0,-318.44465641516416,-341.92992742512473,38.0,38.0,182.98497846554486,182.98497846554486,0.0,0.0,40.430586542635,40.430586542635,81.66884077023238,81.66884077023238,110.25726140992255,110.25726140992255,42.836012098524314,42.836012098524314,47.60666712573451,59.400283384110665,29.74461557488692,31.128475027100713,44.83307835986043,48.66231371460479,122.64151090209246,119.46420082448715,18.656426188436626,18.460341895226,0.2819695329588729,0.351821943745951,1,False
AP0075,Fusión,3,0.7728329785838541,19.3605,4666.083490282235,-2293.4077501664674,1180.66024924988,5082.547690630375,5145.46819570075,,,1173.6732034639858,1173.0971541366055,0.3613218902012141,0.32222600631869963,-482.287223901928,-386.84740635023854,95.43981755168943,151.0528443589338,279.2511484340201,-132.89556142310752,-132.17111666076335,-171.85513403943307,-185.7901233839169,-0.0,-0.0,-319.339054899393,-338.88699684065017,43.0,43.0,182.8256355054451,182.8256355054451,0.0,0.0,40.51268042362093,40.51268042362093,81.67670713482481,81.67670713482481,108.29069047407671,108.29069047407671,42.844034368341624,42.844034368341624,52.88822058475379,58.97687210315068,29.8671714218674,30.551686653366147,45.62048522791506,45.53063390535016,123.20682830416263,123.94001446469731,19.68645802100393,17.109797823637376,0.31468608553793254,0.3509136971184447,1,False
AP0075,Fusión,4,0.7344636909455615,19.7301,5368.518942793985,-2466.862313879785,1172.802402968951,6414.862839322973,6480.825537578906,,,1170.7566356903385,1170.3207552847468,0.5137499543810443,0.3411900455129966,-448.3982770194552,-298.65060047469643,149.74767654475875,121.4379948876483,385.64323685527694,-129.22765982646956,-128.67949274800884,-188.23327137222785,-216.9590494395346,-0.0,-0.0,-243.12502280947785,-329.4049772435017,48.0,48.0,183.07889296343538,183.07889296343538,0.0,0.0,40.3734820930325,40.3734820930325,77.52433426007121,77.52433426007121,112.08930980137416,112.08930980137416,42.82471874003508,42.82471874003508,51.435767681095875,63.97274028535954,29.711064005393055,28.95797177246123,45.84061827048277,45.26040292151563,123.1040394253201,121.6030791847727,20.649443144793814,22.241036262155014,0.3063172130212362,0.3809790812307595,1,False
AP0075,Fusión,5,0.7172440725583711,19.7651,8253.038482293201,-281.4457744777301,1151.8147817044178,7816.849025659439,7954.97239217113,,,1155.3225140448128,1155.489617939041,0.4894563851985004,0.29890012043720865,-485.79988721124516,-362.4276000632491,123.37228714799608,96.39916022877442,345.38240955894685,-109.81757104408764,-110.0277223890973,-207.85935109625387,-237.98202955277466,-0.0,-0.0,-255.27180740074985,-350.5499397813957,53.0,53.0,182.92720751350305,182.92720751350305,0.0,0.0,40.458960488401885,40.458960488401885,79.98974978600019,79.98974978600019,116.18770691671489,116.18770691671489,42.83738840362172,42.83738840362172,50.999614800347224,62.99109120636427,30.290992481701007,29.196016849232066,46.31640345175309,46.47919068986865,122.6489610032203,124.13843487362047,18.96719017372729,24.24342400534881,0.2992414784162054,0.3696017574531591,1,False
AP0075,Fusión,6,0.7604719069258128,20.1616,13343.778732187355,-2562.186798657909,1137.2062251223447,9366.04104856829,9470.520533955214,,,1131.3822699359305,1130.6668372782888,0.42952030124406393,0.30914764916607645,-692.1812467346326,-428.3094030573785,263.8718436772541,-105.88734015342895,273.0608964222767,-79.71010692674918,-78.81037244741994,-212.09363237755827,-267.8834337163453,-0.0,-0.0,-285.239849377968,-345.42617541696177,62.0,62.0,175.33679546281405,175.33679546281405,0.0,0.0,36.99197960180388,36.99197960180388,83.78187058392693,83.78187058392693,120.9894843606388,120.9894843606388,40.34995316221449,40.34995316221449,40.888932381424254,58.97687210315068,30.264444733931253,30.551686653366147,46.84850772585639,45.53063390535016,123.008349973764,123.94001446469731,20.075325781313133,17.109797823637376,0.24207725290870302,0.3491643912513751,1,False
AP0075,Reducción,0,0.850948135318021,12.9179,7093.129247609386,1437.0621926352505,1131.4577022803996,6944.9682110402,6938.991123813593,887.6303466198472,849.0711093549315,1126.4742638822415,1126.3715094161673,0.4545962402528724,0.4711932793335486,5785.365588522133,5809.828878538874,24.463290016740757,6944.9682110402,6938.991123813593,-532.5782079719082,-509.4426656129589,-131.6709593957746,-132.66464405171422,-0.0,-0.0,-272.7018798735638,-264.4033603332257,30.0,30.0,,,,,,,43.154645802771576,43.154645802771576,34.96948759863205,34.96948759863205,,,64.63344293512795,66.22090998298891,28.88375256573712,27.418690874661014,29.084725613064233,28.85485763345315,122.71550166377315,119.86142017539063,-5.041803627123883,-1.4800595016498588,2.1346354451413925,2.1870643932907146,1,False
AP0075,Reducción,1,0.9694437296901971,3.1445,546.1321925456883,-210.77029089248754,1151.8045199007797,421.55479934269624,457.99393231231454,0.0,0.0,1131.829539021186,1134.6624693037018,0.4467055946307455,0.4984820891802522,-140.6009774121331,-93.97850789751618,46.62246951461691,421.55479934269624,457.99393231231454,-0.0,-0.0,-62.85699879338192,-78.56190952313669,-0.0,-0.0,-276.6472026846273,-250.75895540987392,25.0,25.0,,,,,,,3.233353296915882e-05,3.233353296915882e-05,1.5679006779619532e-19,1.5679006779619532e-19,,,30.52169385078626,43.39428099985825,25.15127951388889,25.398448103989583,23.36568737792969,21.080888781286692,122.11822922092013,120.87874777139834,-2.5685443015759484,-8.527037512221936,,,1,False
AP0075,Reducción,2,0.9796939604316083,1.9426,592.0224617391768,583.5520383467629,1161.5600330269556,278.44652598331476,337.131679379403,603.8653931536338,463.32563301173315,1162.2490968474701,1160.707729770187,0.09253278283216397,0.520654518578485,-776.5804398780521,-430.4186268278807,346.16181305017136,278.44652598331476,337.131679379403,-362.3192358921803,-277.99537980703985,-16.32254610844837,-27.230610412666273,-0.0,-0.0,-453.73360858391806,-239.6727407107575,20.0,20.0,,,,,,,8.481014372100907e-06,8.481014372100907e-06,0.01717297019009233,0.01717297019009233,,,4.2080546922190845,12.690629154244187,16.61125659529781,19.98109251152778,10.738687295253015,12.756628757527075,69.53650046237173,121.16116607153972,-23.722349820529182,-4.4084461084616775,,,1,False
AP0075,Reducción,3,0.990803181360686,0.908,,,1164.9612651342154,187.4707620246863,150.12210665140057,443.3020879029548,386.8624031630988,1168.8982879983394,1169.2999675890205,0.4289019632454552,0.5996855513876073,-598.6954778573253,-514.8967326499325,83.79874520739281,187.4707620246863,150.12210665140057,-265.98125274177283,-232.11744189785927,-11.984393486146253,-10.09259782045729,-0.0,-0.0,-285.54901837727243,-200.15722430619635,13.0,13.0,,,,,,,1.5701239734158485e-22,1.5701239734158485e-22,7.074728541017011e-19,7.074728541017011e-19,,,4.140662083481297,3.328984888250178,19.833041280110674,17.51542177863287,11.9852079433865,8.444178072521954,118.57918497721353,118.79168295048923,-7.0066051201313675,-4.682764953859674,,,1,False
AP0078,Fusión,1,0.8138570208481531,15.9383,4019.371375046453,-1853.7778579099763,1092.0628669936996,3547.3765524563746,3965.734655245395,,,1109.869660843732,1106.2368541516485,0.4847037722224742,0.3254112466234089,-649.1789800742438,-242.65528477506498,406.5236952991788,-228.194179553303,296.8626393800793,-52.65565821820863,-48.087008181488656,-101.43071051504097,-144.88622138643188,-0.0,-0.0,-257.6481138887629,-337.29437668829553,33.0,33.0,184.20260416666667,184.20260416666667,0.0,0.0,40.453667614506664,40.453667614506664,80.76769636565564,80.76769636565564,106.38848487286299,106.38848487286299,44.87390328201593,44.87390328201593,34.635427557253365,59.400283384110665,29.793595315952487,31.128475027100713,44.80786570539378,48.66231371460479,122.52894578927292,119.46420082448715,18.37937579049444,18.460341895226,0.20751451275869656,0.35589053560278106,1,False
AP0078,Fusión,2,0.768592133346941,16.7968,3259.7417958479596,-1987.7736562186074,1115.7059999057449,4518.017837403668,4711.697493315403,,,1105.3041259566864,1103.2990021946412,0.4400116138969636,0.3042773203213488,-424.1560814178529,-165.2427265725309,258.913354845322,55.009207793789585,410.6725765524625,-46.91400089997019,-44.39233940637653,-143.0067773612259,-174.41130598036304,-0.0,-0.0,-279.9941930515182,-347.8613398393256,38.0,38.0,184.11323325654382,184.11323325654382,0.0,0.0,40.340310121193944,40.340310121193944,79.464697787293,79.464697787293,105.47035361911752,105.47035361911752,45.05284726395566,45.05284726395566,47.71729016426282,64.39615156631953,30.423094105859946,29.534760146195797,46.47789149591101,48.39208273077026,123.09299851802356,117.12726554456253,18.869272357745846,23.56424791303014,0.2875450747003476,0.38805213265065386,1,False
AP0078,Fusión,3,0.6726471364069384,21.0157,5560.487017478266,-1769.5321789041118,1148.6945573459027,5228.666645081082,5336.9067451413475,,,1122.491226803667,1121.591984777097,0.48609916383637153,0.527245285396213,-226.3237269875659,-122.87631353372046,103.44741345384543,295.8909519388034,388.11984014370927,-68.52865193185141,-67.3977571538106,-187.48529101377545,-197.97072132279743,-0.0,-0.0,-256.95041808181423,-236.3773573018935,43.0,43.0,183.94703147194602,183.94703147194602,0.0,0.0,40.24725055116605,40.24725055116605,80.76618041992187,80.76618041992187,113.28754989161638,113.28754989161638,44.9916318026456,44.9916318026456,60.220130041873816,64.63364759697751,29.854581477044476,30.17843888412885,45.34791004269623,46.69347169481299,123.02809314185643,122.21308908050861,19.217564073407143,19.88396861670291,0.3556159460483078,0.38167894557467313,1,False
AP0078,Fusión,4,0.7004578800631139,20.1933,7022.3432598653035,-1106.296657250622,1174.8595407958792,6412.476646050164,6530.743539324416,,,1148.252359887614,1147.5362660795233,0.43140319468086497,0.38885881230871383,-305.36148847781396,-219.88577837057204,85.47571010724192,296.1128677885947,416.14566492641785,-100.92608223454205,-100.02551628652247,-206.99955347337092,-221.1850152658961,-0.0,-0.0,-284.2984026595675,-305.5705938456431,48.0,48.0,184.07126880048892,184.07126880048892,0.0,0.0,40.28726756816,40.28726756816,75.94630176777743,75.94630176777743,109.2875025742719,109.2875025742719,44.9933398603582,44.9933398603582,59.03486145434736,64.66485752608135,29.869558906555174,29.92691464179126,46.466085744787144,47.69708358150303,124.93339535748517,124.5304345583865,21.69931768544432,23.381370453135403,0.3556786573397543,0.3895987749497699,1,False
AP0078,Fusión,5,0.7458138342397949,19.024,4949.2003244810885,-2572.045505329279,1179.7117418783696,7048.684525493426,7135.2734075290255,,,1173.550400931434,1173.3239625206402,0.512736585645582,0.3033101685338443,-544.6394901302616,-306.02127767438833,238.61821245587328,35.97152132459632,423.5892592841051,-132.74112386493124,-132.45635290366795,-194.98786251378942,-239.5589504228194,-0.0,-0.0,-243.631707177209,-348.34491573307787,53.0,53.0,184.18231517650463,184.18231517650463,0.0,0.0,40.34293280707472,40.34293280707472,70.5481130340953,70.5481130340953,107.71391925576292,107.71391925576292,44.95220193745177,44.95220193745177,46.0831687644676,63.97274028535954,30.35328253340171,28.95797177246123,46.42593596196524,45.26040292151563,123.00676689227922,121.6030791847727,19.027253361855674,22.241036262155014,0.28216520703537795,0.391702263346896,1,False
AP0078,Fusión,6,0.7085652369353275,20.5686,14351.502422179941,-1456.240520167381,1171.6092187376255,8492.08393864985,8896.914281120371,,,1173.2756658127978,1170.991181817679,0.23120189592143423,0.3720318503120561,-790.7064910327063,-486.9686038861305,303.73788714657576,-67.03547816597268,202.17564183429252,-132.39561453392798,-129.52262712424016,-197.62602839459456,-236.3872258532827,-0.0,-0.0,-384.3990520392829,-313.98407484397194,63.0,63.0,159.22388934337403,159.22388934337403,0.0,0.0,31.70470362435852,31.70470362435852,69.12378191483567,69.12378191483567,99.81788555753259,99.81788555753259,32.562109083715804,32.562109083715804,36.78097401698748,47.83845725052063,29.596903834715793,29.93340678718908,40.99652697376369,46.22531220056407,123.43960649152844,122.12978608582581,13.050413500502657,20.054105083266972,0.2530564165990187,0.32913289794476225,1,False
AP0078,Reducción,0,0.8236492529586346,14.5099,6685.4866861535265,-204.69006808845734,1157.2639479173051,8338.693843731875,8333.488719670093,1002.5472538188629,962.6060514630574,1165.0664274714213,1164.3145428980936,0.47645842694498247,0.452530312596392,7120.988732546862,7127.346117840797,6.357385293935295,8338.693843731875,8333.488719670093,-601.5283522913178,-577.5636308778344,-131.75439708936682,-132.1925519728384,-0.0,-0.0,-261.77078652750873,-273.734843701804,30.0,30.0,,,,,,,22.230644698748222,22.230644698748222,31.80460569436399,31.80460569436399,,,65.77815637075771,66.22090998298891,27.639309025517218,27.03527404041964,27.372614700882522,28.43146787325786,120.18510773835358,122.37844262993018,-4.82488676297101,0.11169249591037952,3.140360283710252,3.161498088964068,1,False
AP0078,Reducción,1,0.9393749576984117,5.3193,2348.7207656597743,907.8690086696097,1144.1405288924525,1837.5123048072617,1879.9006590371182,950.0767309662971,931.406075223744,1155.2412127782743,1155.3772455985948,0.3496653832815835,0.29148233247016114,654.5648849439169,667.2966630702854,12.731778126368454,1837.5123048072617,1879.9006590371182,-570.0460385797783,-558.8436451342463,-65.08249764753815,-76.84994179084704,-0.0,-0.0,-325.1673083592083,-354.2588337649194,25.0,25.0,,,,,,,0.004745995390786551,0.004745995390786551,0.012197891705209957,0.012197891705209957,,,35.197173446264024,43.916324144217825,21.106833238389758,21.337884529921062,21.023623643663196,23.804492852535798,122.19022124565973,121.92302990108368,10.588759521589969,15.776072043319253,,,1,False
AP0078,Reducción,2,0.9837692828334169,1.5009,229.41762932234715,183.85643639593582,1136.6985497361952,210.83347762682212,203.48330092746443,707.949252977661,655.0937196390867,1140.616728421268,1140.3132343211357,0.49520551484943204,0.5184987256424464,-706.7453291589887,-674.3805117245789,32.364817434409815,210.83347762682212,203.48330092746443,-424.7695517865966,-393.056231783452,-17.76043714711023,-21.40536841299437,-0.0,-0.0,-252.39724257528394,-240.75063717877683,20.0,20.0,,,,,,,5.93434260696568e-20,5.93434260696568e-20,4.9806705691168093e-20,4.9806705691168093e-20,,,5.161701953221881,8.957283575689507,18.086908628675673,17.482873643578095,8.732950083414712,9.79180325579005,120.93707126193576,123.13040615351235,-5.650722992234732,1.9546021861300238,,,1,False
AP0078,Reducción,3,0.9881059018692729,1.1086,,,1133.7712054755418,181.16522540514111,189.0810230769003,819.523543596073,777.6803791884781,1134.6064114063668,1134.8240149705841,0.48497910521060134,0.5354176355999047,-799.7243288858589,-747.7347233164006,51.98960556945826,181.16522540514111,189.0810230769003,-491.71412615764376,-466.60822751308683,-9.013405461836822,-15.264761403346363,-0.0,-0.0,-257.5104473946993,-232.29118220004764,13.0,13.0,,,,,,,5.93434260696568e-20,5.93434260696568e-20,4.9806705691168093e-20,4.9806705691168093e-20,,,2.6544126523263527,11.779176515381774,16.54694463869946,16.694574808966685,6.420990990245409,8.441634560393862,116.53064171742585,120.31133053762973,-6.652175294481181,0.9519989547502705,,,1,False
AP0082,Fusión,1,0.8107318869634322,16.9846,4115.679008419871,-1181.5530113258358,1183.0613499415226,3730.8552859105976,4116.658171180286,,,1140.1204197201816,1137.610318490494,0.4475739677543729,0.29547266493569124,-728.1948832264977,-311.1989928616615,416.9958903648362,-250.5631044920517,283.93576012429327,-90.69928188606637,-87.54255623364617,-101.4691628266378,-146.07821132122604,-0.0,-0.0,-276.21301612281354,-352.2636675321544,33.0,33.0,182.58919558057596,182.58919558057596,1.6534258001555314e-22,1.6534258001555314e-22,49.79978996725636,49.79978996725636,79.97149323108148,79.97149323108148,115.07471229702817,115.07471229702817,46.844474523207715,46.844474523207715,35.14851660634957,61.53598727188943,29.346995097458965,29.46251852108035,43.69874327174742,46.59375450526953,122.64905574297663,121.2406164502655,18.334168024899977,22.281270537463797,0.20119326904177515,0.3522375234665791,1,False
AP0082,Fusión,2,0.7587616957792721,19.5628,4144.729093456839,-1261.4426556127064,1192.5167216984441,4405.120540811343,4596.261608652557,,,1205.790942789344,1204.6675611560759,0.4540686906104749,0.3212940807774565,-617.9461525133661,-356.8822944803026,261.06385803306347,-23.981885937315127,335.3545720842027,-173.2871163241488,-171.87434158134042,-138.46117765821148,-171.7592474729649,-0.0,-0.0,-272.9656546947625,-339.3529596112718,38.0,38.0,182.00714768629808,182.00714768629808,1.6534258001555314e-22,1.6534258001555314e-22,49.73423216730105,49.73423216730105,79.84562466613248,79.84562466613248,115.1777356270032,115.1777356270032,44.726299370659724,44.726299370659724,46.26095909705529,63.97274028535954,29.544498251753243,28.95797177246123,44.43322991265191,45.26040292151563,122.93882785373262,121.6030791847727,18.889112895608104,22.241036262155014,0.2652229489697747,0.36676798672858885,1,False
AP0082,Fusión,3,0.7078475244701536,23.2218,4987.42376060458,-1772.2121935403047,1185.5715979624401,5067.632063126953,5213.656781538594,,,1186.3769520866601,1185.6692239032664,0.422502890617878,0.2950817521976809,-607.9810112771212,-370.55987386494695,237.42113741217423,-1.2387148344839112,333.49057991249947,-148.87190878503554,-147.98186352110895,-159.8715150676125,-194.35914845624973,-0.0,-0.0,-288.748554691061,-352.4591239011595,43.0,43.0,182.21273748224434,182.21273748224434,1.6534258001555314e-22,1.6534258001555314e-22,49.69649343779581,49.69649343779581,79.80224664861505,79.80224664861505,115.71410263523912,115.71410263523912,42.294052493933485,42.294052493933485,47.450122625177556,63.97274028535954,29.82536579299651,28.95797177246123,45.06751058259363,45.26040292151563,122.71305057811492,121.6030791847727,18.75336533279254,22.241036262155014,0.2716499510644352,0.3662412404126155,1,False
AP0082,Fusión,4,0.69461674007677,23.2042,8362.069651448535,-1846.6885021539465,1169.8231950892753,6191.283760116207,6247.299919008442,,,1173.5996672488159,1173.2525955675658,0.46182771136565726,0.31347444186324075,-542.5161684203342,-335.68975958493394,206.8264088354003,51.50105974168044,366.1489880100518,-132.80308162425985,-132.3666011881433,-182.87768432165527,-216.9590494395346,-0.0,-0.0,-269.0861443171714,-343.26277906837964,48.0,48.0,182.08070126488096,182.08070126488096,0.005804168808941342,0.005804168808941342,49.58854440702063,49.58854440702063,77.91502307710194,77.91502307710194,106.73206131085247,106.73206131085247,42.28219425953976,42.28219425953976,48.82311862244898,63.97274028535954,30.21524700736335,28.95797177246123,46.233841535780165,45.26040292151563,123.84398083157011,121.6030791847727,19.54407900886099,22.241036262155014,0.28655370569655564,0.37547019341579263,1,False
AP0082,Fusión,5,0.7757223018668333,17.5156,5155.396108990581,-1930.9052324049035,1152.4208524773624,6600.991028448534,6741.010439723728,,,1146.380674351041,1145.9830556327904,0.4586505368682128,0.30315436821808617,-534.6629034111957,-309.7801695772997,224.88273383389594,41.38137529197163,383.5528641982043,-98.57223384122511,-98.07218500138589,-197.54699539712033,-237.587714984233,-0.0,-0.0,-270.67473156589364,-348.42281589095694,53.0,53.0,181.78728027343752,181.78728027343752,0.0031791013983890623,0.0031791013983890623,49.53596161265433,49.53596161265433,70.58764446001061,70.58764446001061,100.37314113289814,100.37314113289814,42.25667219750675,42.25667219750675,46.78425390926408,62.730219782961285,30.662079593170613,29.228426753898972,46.822671668734436,46.942328340917435,123.33236723765887,121.9084224753949,18.586980650915027,24.096821343751195,0.28369397989747897,0.38038836196013176,1,False
AP0082,Fusión,6,0.7368552896672323,19.7502,10777.224768714073,-2662.493206748317,1137.1769695971066,11174.583680098702,11302.162304118587,,,1129.356157885546,1127.1386385096932,0.4259792882201655,0.30484967122332784,-677.5192223711383,-537.2108366200549,140.3083857510834,-65.57260737138985,174.03277665315815,-77.16205037489374,-74.37327826654165,-238.5238908360093,-280.0448527194071,-0.0,-0.0,-287.01035588991726,-347.5751643883361,67.0,67.0,174.34822175996794,174.34822175996794,0.0070765796312038595,0.0070765796312038595,49.717473100541916,49.717473100541916,88.9914101952905,88.9914101952905,106.10901582047745,106.10901582047745,33.72057614599718,33.72057614599718,43.465531797666806,55.07661544772406,30.63324189672369,31.566817319799753,46.77842253941923,47.893862920498535,123.41650580140555,119.2610840149786,18.6552324478093,15.53063748034945,0.253469809859725,0.32117999407524067,1,False
AP0082,Reducción,0,0.765448518374994,18.4846,12089.505939702336,1636.707990168663,1121.3007266016539,11658.733334966339,11709.323093845385,1599.5608273502216,1563.1587136172307,1123.1945833110055,1122.917743588426,0.4205757655413358,0.44165674035293884,10059.650094242856,10137.686463893906,78.03636965105034,11658.733334966339,11709.323093845385,-959.736496410133,-937.8952281703383,-126.98305180719939,-131.9181966807901,-0.0,-0.0,-289.7121172293321,-279.1716298235306,30.0,30.0,,,,,,,39.14467204945741,39.14467204945741,1.3087062684488633,1.3087062684488633,,,62.58739039923555,66.22090998298891,27.859019643545594,26.894155217311614,26.76282843051676,27.940306702420806,123.85598608262045,122.15407343413003,-5.2863557600214115,-0.3637376029368208,3.9276467807536646,4.155666856441444,1,False
AP0082,Reducción,1,0.9581287564323664,4.245,1042.3753075569955,14.443272220109066,1126.838105100639,812.0735984281201,973.6488909204372,0.0,34.625291425391815,1117.292164809343,1119.9423173922792,0.328962558787441,0.4843883738738675,198.57263040152736,393.85441820217915,195.28178780065178,812.0735984281201,973.6488909204372,-0.0,-20.77517485523509,-55.33067214349304,-78.56190952313669,-0.0,-0.0,-335.51872060627954,-257.8058130630663,25.0,25.0,,,,,,,0.17281058422266982,0.17281058422266982,0.033189817888365995,0.033189817888365995,,,29.967253518715882,43.39428099985825,18.43876751200358,25.398448103989583,16.17011844438201,21.080888781286692,122.2076195203993,120.87874777139834,13.439573757932163,-8.527037512221936,,,1,False
AP0082,Reducción,2,0.9766992415197651,2.3421,79.59800018961221,674.2887271934378,1141.3685029891187,413.8906315731002,394.4823413343504,435.46181476352956,395.43362036290415,1130.2094085435801,1129.7105056624846,0.575092126723288,0.6023228286082569,-310.27066001074536,-289.95373474926487,20.316925261480492,413.8906315731002,394.4823413343504,-261.27708885811774,-237.26017221774248,-27.778690810551723,-25.685742893181168,-0.0,-0.0,-212.453936638356,-198.83858569587153,20.0,20.0,,,,,,,2.1884913709665122e-24,2.1884913709665122e-24,0.0043499792538012234,0.0043499792538012234,,,14.218535117497519,12.747956313740637,19.06376130845812,18.094840562053015,10.609494539896648,10.404411211043602,119.94889329698348,119.92809013243709,-6.107820085902582,-1.6589562731757073,,,1,False
AP0082,Reducción,3,0.9781195106073654,2.2816,648.1486872945031,836.5092193463897,1158.1831308194744,229.18527335287573,221.5480555865108,115.36400540887739,31.670302369695015,1146.2262804765637,1145.9227863764318,0.3338301811603091,0.28570176827883464,-407.6207932297291,-391.4752009361465,16.14559229358258,229.18527335287573,221.5480555865108,-69.21840324532643,-19.00218142181701,-11.851178640612849,-14.220383963437545,-0.0,-0.0,-333.0849094198455,-357.1491158605827,13.0,13.0,,,,,,,2.1884913709665122e-24,2.1884913709665122e-24,2.555497834595197,2.555497834595197,,,9.085023107284155,12.88060472975178,12.102376665892423,11.498341680794846,9.430667086000796,10.489520258376134,118.72110482675059,120.91443971832719,41.96426060866027,56.02925010984912,,,1,False
AP0083,Fusión,1,0.8048897752472943,17.4085,3461.5665766404895,-896.8976528021511,1169.056730618488,4067.190156628717,4370.618417197849,,,1176.7213164992395,1174.7554088863524,0.443937045653372,0.3441904281453659,-782.708557333005,-376.868958732244,405.83959860076106,-257.56796382197564,237.12581563631642,-136.72889551181228,-134.2565525965184,-101.12990292697484,-142.58311794579666,-0.0,-0.0,-278.031477173314,-327.9047859273171,33.0,33.0,181.5177495021446,181.5177495021446,2.4800351343664016e-23,2.4800351343664016e-23,49.909638647939694,49.909638647939694,79.99436681410843,79.99436681410843,114.10930175781249,114.10930175781249,42.409706265318626,42.409706265318626,34.6568613688151,58.97687210315068,29.6058302034834,30.551686653366147,44.35245383933738,45.53063390535016,122.69117846761888,123.94001446469731,18.418569645933058,17.109797823637376,0.19921376295695223,0.3390094819628279,1,False
AP0083,Fusión,2,0.6953337424638114,24.3209,3969.2895238130627,-1814.070465386572,1185.6322867582103,4558.792394645444,4726.141849711947,,,1172.2440503566754,1171.709490811444,0.4245489145200635,0.30451542515950697,-547.0104405726795,-342.2444588837849,204.7659816888946,25.276998220550755,315.5200342014942,-131.09824575243871,-130.42597890948443,-144.21333240189512,-170.3459088566199,-0.0,-0.0,-287.72554273996826,-347.7422874202465,38.0,38.0,181.57153904580662,181.57153904580662,2.4800351343664013e-23,2.4800351343664013e-23,49.8305971846621,49.8305971846621,79.94805125701122,79.94805125701122,113.4810279780983,113.4810279780983,42.406431018796745,42.406431018796745,48.48422225560897,62.730219782961285,30.32863724022581,29.228426753898972,46.10174647994906,46.942328340917435,122.67542260599413,121.9084224753949,18.474800990881526,24.096821343751195,0.2791430373440749,0.36116293649428266,1,False
AP0083,Fusión,3,0.6592456983191585,25.1633,5476.8996078411565,-2033.7822263116664,1196.7186143498081,5200.493401715957,5190.573376962243,,,1177.3719274331872,1177.7566751589786,0.444798969019983,0.32805274107569615,-448.99565665224577,-339.3629310174664,109.63272563477938,152.67698235342723,338.251136579357,-137.54710961435404,-138.03097177949354,-177.27469600238217,-194.35914845624973,-0.0,-0.0,-277.60051549000855,-335.9736294621519,43.0,43.0,181.79551964962118,181.79551964962118,2.4800351343664016e-23,2.4800351343664016e-23,49.87164306640628,49.87164306640628,79.58633136171284,79.58633136171284,114.4641065192945,114.4641065192945,42.33799836129853,42.33799836129853,54.84611372514203,63.97274028535954,30.49379775567264,28.95797177246123,46.554772996532826,45.26040292151563,123.00051253759891,121.6030791847727,18.687874185764738,22.241036262155014,0.3151450513631216,0.36758652808298065,1,False
AP0083,Fusión,4,0.6812785878290872,23.0364,6444.6577248008225,-1527.6461156697642,1198.880543577651,6223.357846818584,6279.3900871995575,,,1188.7521624185017,1188.3754533087072,0.4168733261340293,0.33826323156497634,-454.179664814598,-369.8565456148787,84.32311919971932,200.6407850918692,339.98151639159755,-151.85899444346956,-151.3852417133708,-202.1478006310841,-218.3341181766654,-0.0,-0.0,-291.56333693298535,-330.86838421751185,48.0,48.0,181.72761213860542,181.72761213860542,2.4800351343664016e-23,2.4800351343664016e-23,49.83768601190479,49.83768601190479,79.97161690848213,79.97161690848213,114.01409505208333,114.01409505208333,42.388154031143706,42.388154031143706,57.18351062593005,64.03378119450386,29.95282118055555,29.7721318390208,45.36523464344166,45.37744471180452,123.26393966408972,122.81139833724909,18.938148669538748,19.520897508170375,0.32869916214538947,0.3680755168272303,1,False
AP0083,Fusión,5,0.7041655246001731,22.433,7307.102621237349,-1620.494057325387,1168.3531761173383,6877.706068467691,7003.495046212231,,,1180.8166866420054,1181.1336185391547,0.4388879100822098,0.2954657220823838,-561.0163678139188,-320.2888909437396,240.7274768701792,68.98426265379383,421.4884413041285,-141.87926946204263,-142.27784583735712,-198.31499814784672,-237.98202955277466,-0.0,-0.0,-280.5560449588951,-352.2671389588081,53.0,53.0,182.0575370129244,182.0575370129244,2.480035134366402e-23,2.480035134366402e-23,49.75297309027774,49.75297309027774,67.28662881733459,67.28662881733459,93.13219060073665,93.13219060073665,42.27466016227817,42.27466016227817,46.94743057062596,62.99109120636427,30.744052053647472,29.196016849232066,47.20993277431784,46.47919068986865,123.09040934244791,124.13843487362047,18.81797267443183,24.24342400534881,0.2914942912125103,0.3911085923281642,1,False
AP0083,Fusión,6,0.7353627817792028,20.707,11116.601707120844,-2106.2066196018295,1126.0484342331627,9904.179841554891,10193.211737125042,,,1139.694508048775,1136.2482805377124,0.3506009646207258,0.2997859845782113,-688.6698415672337,-582.9192437267213,105.75059784051234,-19.08505626161761,142.31257978130822,-90.1636515764627,-85.8296451787999,-245.471298140588,-280.0448527194071,-0.0,-0.0,-324.6995176896371,-350.1070077108943,67.0,67.0,176.26106810393156,176.26106810393156,0.17595434501785223,0.17595434501785223,49.79637937192563,49.79637937192563,95.10499471028645,95.10499471028645,110.56382860960785,110.56382860960785,38.203199430678154,38.203199430678154,47.030867117422595,55.07661544772406,29.22075885420487,31.566817319799753,43.55845970189628,47.893862920498535,122.80648006146689,119.2610840149786,18.66190892031739,15.53063748034945,0.26660674608586754,0.312216170568982,1,False
AP0083,Reducción,0,0.7706154553264608,19.2877,7816.667306518215,922.6069818503074,1098.378184048659,11195.495965331942,11243.287930976065,1109.1205239803555,1094.8612192024987,1110.1449394540118,1109.4542100954855,0.4603888481381729,0.48315592707352445,9911.23675012276,9974.120043911498,62.88329378873823,11195.495965331942,11243.287930976065,-665.4723143882132,-656.9167315214992,-126.3297496132359,-131.17754380300642,-0.0,-0.0,-269.80557593091356,-258.4220364632378,30.0,30.0,,,,,,,89.51611087057121,89.51611087057121,0.23098783085101865,0.23098783085101865,,,63.68385180650189,66.22090998298891,26.192858468514896,26.4239097600462,24.10133093939887,26.882200148271473,119.26390358253761,118.99671223796156,-6.182918617285357,-1.8473984560097352,1.799861348839927,1.8715648156071663,1,False
AP0083,Reducción,1,0.8946297710571665,10.6516,4597.951094790746,48.76462016237929,1097.5228142694236,4173.427316191066,4251.112509508857,0.0,0.0,1094.0863170481255,1094.3039206123428,0.2766796377049232,0.30704553589216177,3534.1298612205183,3614.9761652828715,80.84630406235328,4173.427316191066,4251.112509508857,-0.0,-0.0,-54.985698546189525,-67.00753689524633,-0.0,-0.0,-361.6601811475384,-346.4772320539191,25.0,25.0,,,,,,,0.006597137240494777,0.006597137240494777,1.3520198180461527e-20,1.3520198180461527e-20,,,26.225894086788863,35.35065794984428,23.210610602484813,23.358240772752037,19.181491943359376,21.20213551350783,117.62109429253472,121.4017831127386,-5.470126365193755,-0.0427506046269495,,,1,False
AP0083,Reducción,2,0.9777470173543422,2.2484,735.0902313056886,1550.7217815241675,1126.1905076882404,353.0086694664002,334.8385217512333,386.6966290209691,364.9344426582684,1102.2607153269366,1102.1641603135472,0.47735036929909835,0.5376806573026259,-391.1429625554681,-364.39816458386,26.74479797160808,353.0086694664002,334.8385217512333,-232.01797741258144,-218.96066559496103,-28.15726398201594,-26.46477411462519,-0.0,-0.0,-261.3248153504508,-231.15967134868703,20.0,20.0,,,,,,,0.010680125586795711,0.010680125586795711,8.39737488927237e-05,8.39737488927237e-05,,,13.862211390904017,12.89622553346503,19.735492850409614,18.719455358148956,12.268784404330782,11.684376831353926,124.58339050292969,121.35974263343361,-2.6340596071094162,-0.7184715761664329,,,1,False
AP0083,Reducción,3,0.9910336712611455,0.894,292.78938468575905,-154.8527647161627,1132.6827902658467,169.8137231120878,152.7156541078404,495.09195018515004,395.80672737239246,1131.686826989788,1130.5249497757184,0.44234096286292535,0.4199678540099512,-637.7386749188347,-609.2773503251738,28.461324593660947,169.8137231120878,152.7156541078404,-297.05517011109004,-237.48403642343547,-9.016134074475092,-11.841319737734276,-0.0,-0.0,-278.8295185685373,-290.0160729950244,13.0,13.0,,,,,,,6.524528529320234,6.524528529320234,0.0004466430303578278,0.0004466430303578278,,,2.721694240976179,6.9998589492834125,16.61793559799846,15.693773644347266,5.892599497085962,9.006459226189415,118.87267628205129,120.31036567014172,-7.160966732735598,9.188640009674991,1.0579362084007073,2.720880297519602,1,False
AP0100,Fusión,1,0.8649291190201034,10.9563,3127.4148223930897,-1295.3653762911586,1050.8631807140127,2882.735934436548,3085.1009150030754,,,1049.7287935031015,1048.3806567644083,0.3806423634775318,0.34255348526196544,-697.9757012224262,-359.9867412171259,337.9889600053003,-316.34389694105664,65.8787189826081,22.97803194837739,24.67346071263187,-85.68070006958465,-112.56534564442035,-0.0,-0.0,-309.6788182612341,-328.7232573690173,30.0,30.0,191.30952515961022,191.30952515961022,2.9264568705804496e-21,2.9264568705804496e-21,22.325583837365603,22.325583837365603,86.69051500546036,86.69051500546036,124.62370106686826,124.62370106686826,43.60374191448253,43.60374191448253,30.058512369791664,47.83845725052063,29.95802512839988,29.93340678718908,45.43569633112418,46.22531220056407,123.00038045247396,122.12978608582581,18.942713881671295,20.054105083266972,0.1826042477946215,0.29061669434664117,1,False
AP0100,Fusión,2,0.735769770205419,19.0925,3026.40200358322,-1621.2968294357024,1065.6311587129285,4039.7307819124326,4184.64684420532,,,1068.825011123285,1067.4929466251317,0.5204523684936101,0.33123651953515937,-296.54672492496735,-76.36285334090746,220.1838715840599,87.52270490533937,427.27352230254104,-1.0375413332354153,0.6376748382343533,-134.00775484494812,-160.64199235033436,-0.0,-0.0,-239.77381575319495,-334.38174023242027,35.0,35.0,190.93812617549193,190.93812617549193,2.9264568705804496e-21,2.9264568705804496e-21,22.49848220260054,22.49848220260054,86.6628675672743,86.6628675672743,123.16909021448207,123.16909021448207,43.74087592230902,43.74087592230902,48.65382379602504,64.39615156631953,30.719926050579733,29.534760146195797,47.45040242513021,48.39208273077026,121.8731322467138,117.12726554456253,18.886614630313616,23.56424791303014,0.29673307724827086,0.3927434007516012,1,False
AP0100,Fusión,3,0.6538231247507189,22.7957,5936.367820545614,-1251.2034963984602,1117.0998980076668,4248.256250303467,4307.402704903429,,,1084.3968649502801,1083.3844277805385,0.5228208430439224,0.4217150569821344,-189.54001082669328,-3.0477445318866785,186.4922662948066,241.33994749583752,498.05022206623954,-20.620843333182336,-19.34759333537863,-162.41921861238146,-183.35758385488657,-0.0,-0.0,-238.5895784780388,-289.1424715089328,40.0,40.0,191.07111478976117,191.07111478976117,2.9264568705804496e-21,2.9264568705804496e-21,22.437100046049302,22.437100046049302,71.20344152683165,71.20344152683165,119.43334127286585,119.43334127286585,43.722281702553346,43.722281702553346,53.299371784489324,64.66485752608135,30.84183875189887,29.211888618652985,47.025671352810335,47.434006150850735,125.53421742757159,119.13952518117422,18.97451640765423,24.01338952222509,0.3402003552217001,0.4127442175056825,1,False
AP0100,Fusión,4,0.7419732571330097,18.5765,4320.289010534371,-2061.538790716928,1139.4705989596682,4347.78500452022,4441.367282081394,,,1137.7757419392601,1137.536300256767,0.4200076890470715,0.3318304368211686,-380.94659131415125,-43.42214611214803,337.5244452020032,173.25963264771224,590.7615324697296,-87.75059423548286,-87.44947024397003,-167.2091563509881,-203.39910884956365,-0.0,-0.0,-289.9961554764643,-334.0847815894157,45.0,45.0,191.3125530740489,191.3125530740489,2.92645687058045e-21,2.92645687058045e-21,22.356659864342667,22.356659864342667,54.23317684228869,54.23317684228869,107.46701284215071,107.46701284215071,43.689483907948365,43.689483907948365,46.777740832342616,63.97274028535954,30.420293594171973,28.95797177246123,46.42631805796682,45.26040292151563,123.49569525824653,121.6030791847727,18.93444393985344,22.241036262155014,0.32096151099212056,0.43894354491995724,1,False
AP0100,Fusión,5,0.7220654092427581,18.7537,7942.924633389068,-1310.622862836818,1148.905538485346,5962.581049890269,6248.5962263645715,,,1145.809681898924,1143.1837853826933,0.4143509755419428,0.30129459308751017,-438.7551651336523,-47.66980443612772,391.0853606975246,140.43928243168347,634.973575234119,-97.8541486502305,-94.55179781459593,-179.2654687871485,-229.48856050047766,-0.0,-0.0,-292.8245122290286,-349.3527034562449,50.0,50.0,190.6422146267361,190.6422146267361,2.9264568705804504e-21,2.9264568705804504e-21,19.51265505622416,19.51265505622416,82.04136151083156,82.04136151083156,74.23757786470301,74.23757786470301,43.81961270999286,43.81961270999286,44.46115475324245,64.39615156631953,30.13881227620443,29.534760146195797,45.8087269794715,48.39208273077026,123.73435489908854,117.12726554456253,19.103800193484982,23.56424791303014,0.31168679469894506,0.45143744430501603,1,False
AP0100,Fusión,6,0.8028959157818489,14.4892,9531.372101959876,-2395.5144939656075,1118.7157493682046,9194.176376036641,9638.610270327612,,,1140.9416531107304,1137.2822812934976,0.39404632239197557,0.2938333700714989,-717.3847667592153,-423.16873122354787,294.2160355356674,-91.82501685153855,315.82316954261404,-91.7320723089816,-87.13001373438006,-221.60052089575464,-289.5282541686031,-0.0,-0.0,-302.97683880401223,-353.0833149642506,67.0,67.0,183.4415371981534,183.4415371981534,2.92645687058045e-21,2.92645687058045e-21,18.73690417566342,18.73690417566342,89.46357195305102,89.46357195305102,116.12327869299686,116.12327869299686,36.8853600010593,36.8853600010593,38.8914789109003,57.09988918738309,30.08186899038462,31.830811264430515,46.044044587411285,51.139842909499116,121.80492100408898,119.39457615872008,19.046921621066147,19.715302368046395,0.2460511306458226,0.36124859963525513,1,False
AP0100,Reducción,0,0.8004558774097448,15.5103,9053.63596444449,696.2121440467745,1088.7164382110595,7931.38709016923,7954.832147190589,451.80178536819193,469.63640068804443,1108.628479116841,1108.2544112226267,0.46269506616813805,0.4886315915831314,7038.899164623088,7062.014989007421,23.115824384332882,7931.38709016923,7954.832147190589,-271.08107122091513,-281.7818404128266,-130.1028121324765,-132.699538285087,-0.0,-0.0,-268.652466915931,-255.6842042084343,30.0,30.0,,,,,,,53.0134684092816,53.0134684092816,94.37080114001624,94.37080114001624,,,65.43165204448084,66.22090998298891,26.41819849084925,27.251787737911812,27.263184746636284,29.471881154943283,123.30913619429977,121.8297548344607,0.6088726410549357,1.0137943970327274,1.1734837122390291,1.1876386557053038,1,False
AP0100,Reducción,1,0.9596193546886926,3.7787,566.2925832793117,-477.32819824163926,1077.7266646522635,473.1161276304941,739.6217230346979,0.0,0.0,1082.5777206499602,1085.1749416527537,0.3418331721714285,0.3741482237784023,-124.49311145906586,122.68468859037898,247.17780004944484,473.1161276304941,739.6217230346979,-0.0,-0.0,-45.87424989845407,-81.35957105670005,-0.0,-0.0,-329.08341391428576,-312.92588811079884,25.0,25.0,,,,,,,0.02331409216031263,0.02331409216031263,0.00019323484624729842,0.00019323484624729842,,,23.431983126126806,41.54922885269701,16.566130232916937,29.64218394142433,16.638693264431428,28.76558813904215,119.46248296440972,120.89276557287909,25.93712019735357,-8.65539965550754,,,1,False
AP0100,Reducción,2,0.971130773044975,2.5364,434.7555202563506,1290.6795744461997,1095.6836596653031,439.7176294122791,392.1143608346394,224.34192730164432,164.120153493555,1071.434409128147,1071.2474973844553,0.43001634418608525,0.49568192924922416,-230.3956735221778,-201.7214541383221,28.6742193838557,439.7176294122791,392.1143608346394,-134.60515638098659,-98.472092096133,-27.864743369692846,-20.553112224620477,-0.0,-0.0,-284.9918279069574,-252.15903537538793,20.0,20.0,,,,,,,7.312602540740365e-26,7.312602540740365e-26,2.1104937103212744e-22,2.1104937103212744e-22,,,11.810189674014136,6.597336204001359,21.203629642062715,18.88601014058491,16.661879552205402,13.120849681340854,123.461720445421,123.6742184186967,0.4281850906746816,3.495749653495741,,,1,False
AP0100,Reducción,3,0.9801342576652455,1.871,237.42383604370318,-248.525752525391,1107.1785028649633,245.0041381713436,227.17064184113292,75.99237583243426,53.63472121470418,1096.7755667889019,1096.6790117755124,0.5071736537780577,0.552029382887669,-281.23149669076753,-262.1224172817305,19.109079409037008,245.0041381713436,227.17064184113292,-45.59542549946055,-32.18083272882251,-11.575460974859308,-10.475342561055317,-0.0,-0.0,-246.41317311097117,-223.9853085561655,13.0,13.0,,,,,,,7.312602540740366e-26,7.312602540740366e-26,2.1104937103212747e-22,2.1104937103212747e-22,,,5.1579580465952555,4.191972189156268,18.218689055266204,17.202651563005546,8.596150100142866,8.01174252716601,126.73918041087964,123.51553254138356,-3.364677119154281,-1.3233389151869528,,,1,False
AP0101,Fusión,1,0.8596587072928653,12.6475,2869.493127036934,-868.2910835764891,1124.5336148588492,2462.262601563578,2651.217773577985,,,1104.4720828951054,1103.5277308599987,0.3984609834659652,0.3137344326401218,-771.1870029686028,-338.6204522621413,432.56655070646144,-331.2622851866503,176.36962960665542,-45.8676161385325,-44.6799906121678,-84.03727547747431,-117.92698967776158,-0.0,-0.0,-300.76950826701744,-343.1327836799391,30.0,30.0,190.79713646673383,190.79713646673383,2.9264568705804496e-21,2.9264568705804496e-21,22.419814177482365,22.419814177482365,86.81089182207661,86.81089182207661,114.24748610629828,114.24748610629828,43.7635744812668,43.7635744812668,28.646750107631885,51.683168531853106,30.2916623489945,29.716050558931943,46.015514006438075,45.52597125647725,122.43721449110242,122.08597329651319,18.39450774141899,19.740046725951604,0.17838845431226705,0.3218403663144123,1,False
AP0101,Fusión,2,0.7164474941760419,22.3112,3971.0948835867107,-1355.1672515187272,1148.0626140356228,3625.053348192255,3845.2063494132553,,,1133.9537199742988,1131.970967400676,0.43816755512961564,0.29459048300798174,-382.1450240667758,-140.5421037578541,241.6029203089217,124.56439304183756,462.5054230866604,-82.94398538711867,-80.45045809924282,-133.59889138737432,-160.64199235033436,-0.0,-0.0,-280.9162224351922,-352.7047584960091,35.0,35.0,190.7621609157986,190.7621609157986,2.9264568705804496e-21,2.9264568705804496e-21,22.491520916974114,22.491520916974114,86.48767361111112,86.48767361111112,112.74985333901864,112.74985333901864,43.772148867006656,43.772148867006656,49.124814464427814,64.39615156631953,29.961361519949776,29.534760146195797,46.202961367652534,48.39208273077026,121.65785392640129,117.12726554456253,19.73940277116799,23.56424791303014,0.3072007031640517,0.40269959811364,1,False
AP0101,Fusión,3,0.7137689005582113,21.5033,4594.737269079088,-1932.8043440391548,1127.9793048658682,4693.4765761505905,4612.42911320723,,,1146.264892948718,1146.7726316910785,0.4718908153808769,0.3450309929889465,-273.20214507061485,-163.22154997917272,109.98059509144213,265.4750798757821,453.3776421729844,-98.42662611892935,-99.06516288142335,-166.94568861897787,-180.7992078662788,-0.0,-0.0,-264.05459230956154,-327.48450350552673,40.0,40.0,190.8664058530234,190.8664058530234,2.9264568705804496e-21,2.9264568705804496e-21,22.4647709544112,22.4647709544112,81.13406640029537,81.13406640029537,118.0514835016514,118.0514835016514,43.712568180735516,43.712568180735516,55.48299560546875,63.97274028535954,30.83115546332465,28.95797177246123,47.45577713012695,45.26040292151563,124.69425045437283,121.6030791847727,19.427197292598922,22.241036262155014,0.34702071222730263,0.4001201747435852,1,False
AP0101,Fusión,4,0.7152028960946094,19.7034,5475.920312044517,-1305.221029847412,1104.2078824256248,5173.2171996189645,5213.780739885564,,,1109.9092642455105,1109.8565245732455,0.4766449925494694,0.3448677944388639,-387.5434954279155,-159.8660396888347,227.6774557390808,108.68913410954606,432.9886277677255,-52.705463808851285,-52.63913792750028,-172.5993441044167,-203.39910884956365,-0.0,-0.0,-261.67750372526535,-327.5661027805681,45.0,45.0,190.9171903306159,190.9171903306159,2.92645687058045e-21,2.92645687058045e-21,22.418270608653113,22.418270608653113,82.23459278051403,82.23459278051403,123.13720880038497,123.13720880038497,43.645069155485736,43.645069155485736,49.106282109799594,63.97274028535954,30.4685038399402,28.95797177246123,46.61717594099634,45.26040292151563,123.59341606987847,121.6030791847727,19.093135811510937,22.241036262155014,0.3027145072000063,0.3943584347602656,1,False
AP0101,Fusión,5,0.7242544031099417,20.5615,4609.750974042087,-2322.2943026269386,1081.4573918120025,5697.9761573911,5693.554053040745,,,1086.9928819177508,1087.4608911714038,0.5383099732550507,0.3082513426225751,-346.7170593928938,-109.77350158744426,236.94355780544956,104.47233651107145,495.8243448191479,-23.88561738229594,-24.47418998610295,-187.2084472502665,-225.99900983284851,-0.0,-0.0,-230.84501337247465,-345.87432868871247,50.0,50.0,183.37742007339705,183.37742007339705,2.9264568705804504e-21,2.9264568705804504e-21,21.5399799709944,21.5399799709944,78.84525573202987,78.84525573202987,116.85976498516557,116.85976498516557,41.951919350982486,41.951919350982486,46.80546763301674,63.97274028535954,30.769635084364154,28.95797177246123,48.08065108235678,45.26040292151563,122.82911607530383,121.6030791847727,20.044916450293982,22.241036262155014,0.3015228806288646,0.41211520593711837,1,False
AP0101,Fusión,6,0.6961051830553231,21.6289,13316.23434924631,-3198.6277104880683,1066.7800829681821,7766.759445373217,7898.06729174722,,,1059.8921674762294,1059.109746042719,0.35623498592380376,0.29962376281043485,-623.0918041845141,-136.03301457029332,487.0587896142208,-90.55600093353075,501.7118958374088,10.196482361190535,11.180462521414052,-211.5994606751475,-289.48693643540537,-0.0,-0.0,-321.88250703809814,-350.1881185947826,67.0,67.0,167.8893404913464,167.8893404913464,2.92645687058045e-21,2.92645687058045e-21,16.799444416146066,16.799444416146066,69.75819485699056,69.75819485699056,113.29791128564962,113.29791128564962,36.652795177502384,36.652795177502384,35.12134947741011,58.97687210315068,30.83710197229659,30.551686653366147,47.702037255981296,45.53063390535016,124.40436824269958,123.94001446469731,19.70475476792988,17.109797823637376,0.24640974237706786,0.41377897140569336,1,False
AP0101,Reducción,0,0.7883674637779878,15.2752,8882.199890693499,1091.7992762423692,1093.1201740483552,8824.49673195317,8830.541553092264,885.2431750547689,846.3701885962894,1057.8196142504871,1057.161614729782,0.4828426833156412,0.45333518669367734,7680.449319534679,7693.572994824259,13.123675289580206,8824.49673195317,8830.541553092264,-531.1459050328614,-507.82211315777363,-131.67127376663043,-133.16246318024943,-0.0,-0.0,-258.57865834217944,-273.33240665316134,30.0,30.0,,,,,,,0.24570656115698258,0.24570656115698258,5.597659393078696,5.597659393078696,,,65.07613335065943,66.22090998298891,28.369608504683878,27.7655735195863,28.414753621419266,29.473606793794602,120.60456972475406,122.79790461633065,-5.282948732364867,-0.48617810065784073,29.62421875565602,30.14534857140203,1,False
AP0101,Reducción,1,0.9695733849901278,2.5661,268.6630208214156,751.3415178071464,1102.391639074316,332.63227708251355,313.2237030800985,641.6546856260034,606.636057965937,1093.8084976087353,1093.30959472764,0.4971939581803381,0.5021019317559872,-587.3065594733557,-580.6337851951934,6.672774278162365,332.63227708251355,313.2237030800985,-384.992811375602,-363.98163477956217,-60.89142899361636,-58.275244096903165,-0.0,-0.0,-251.4030209098309,-248.94903412200642,25.0,25.0,,,,,,,0.00018761087218584167,0.00018761087218584167,0.06116022764051823,0.06116022764051823,,,29.245845481676934,27.77526667792005,25.05501230197483,24.086091555569723,22.171451660156254,21.966368331303208,121.6404318576389,121.61962869309251,-4.777651323484962,-1.3819028146409098,,,1,False
AP0101,Reducción,2,0.9750791107047758,2.2029,213.79694221722949,460.13699744764926,1104.22409088649,283.1175966081749,277.79946991322123,286.3667002804592,234.57582350933066,1099.9723901196087,1099.6688960194767,0.5682255152664207,0.550171011110709,-345.2421204038737,-332.1579043798903,13.084216023983402,283.1175966081749,277.79946991322123,-171.82002016827553,-140.7454941055984,-18.000879200163343,-21.64581046604749,-0.0,-0.0,-215.88724236678962,-224.9144944446455,20.0,20.0,,,,,,,4.491442936560164e-19,4.491442936560164e-19,7.764022005633641e-19,7.764022005633641e-19,,,5.0050017341734865,8.800583356641113,18.502281765407986,17.89824678031041,9.472542033725315,10.531395206100653,119.66606174045137,121.85939663202797,-6.491492676559888,0.9089575705360293,,,1,False
AP0101,Reducción,3,0.9794695913810793,1.7902,351.13147366461163,243.51169254513843,1105.6776792118096,273.6070663929565,273.6070663929565,485.58220605378114,485.58220605378114,1101.9227586679212,1101.9227586679212,0.6525063491964886,0.6525063491964886,-424.6666368919471,-424.6666368919471,0.0,273.6070663929565,273.6070663929565,-291.3493236322687,-291.3493236322687,-10.525978974059132,-10.525978974059132,-0.0,-0.0,-173.74682540175567,-173.74682540175567,13.0,13.0,,,,,,,4.491442936560164e-19,4.491442936560164e-19,7.764022005633641e-19,7.764022005633641e-19,,,4.90337388009736,4.90337388009736,16.783672417534724,16.783672417534724,6.101182378133139,6.101182378133139,119.56618123372395,119.56618123372395,-7.02249287048623,-7.02249287048623,,,1,False
AP0106,Fusión,1,0.8610793250263806,12.2035,2841.8032847194963,-996.3269291676164,1048.767956798777,1021.3489534097873,1021.3489534097873,,,1077.6784736357151,1077.6784736357151,0.03239734404836989,0.03239734404836989,-999.0029920958908,-999.0029920958908,0.0,-440.44205254660744,-440.44205254660744,-12.171734606072228,-12.171734606072228,-53.33755906846788,-53.33755906846788,-0.0,-0.0,-483.80132797581507,-483.80132797581507,30.0,30.0,133.50462213331653,133.50462213331653,2.9264568705804496e-21,2.9264568705804496e-21,41.513640635500664,41.513640635500664,45.806693259618605,45.806693259618605,71.26445745652723,71.26445745652723,31.393201405514954,31.393201405514954,16.41319376627604,16.41319376627604,22.654463229709204,22.654463229709204,27.762505041051792,27.762505041051792,122.82297358760128,122.82297358760128,18.200393784248366,18.200393784248366,0.14753529885983171,0.14753529885983171,1,False
AP0106,Fusión,2,0.856047876575928,11.3631,562.6102931527266,-610.9619505871435,1057.3165504592362,555.415429715884,555.415429715884,,,1063.733144924779,1063.733144924779,0.003396192239094247,0.003396192239094247,-755.9000263250755,-755.9000263250755,0.0,-205.96136641645353,-205.96136641645353,5.366034927916048,5.366034927916048,-47.75247305715689,-47.75247305715689,-0.0,-0.0,-498.30190388045287,-498.30190388045287,35.0,35.0,70.40890232734547,70.40890232734547,2.9264568705804496e-21,2.9264568705804496e-21,18.43748935171817,18.43748935171817,24.224426441925672,24.224426441925672,37.674913748072704,37.674913748072704,16.248717920714384,16.248717920714384,12.29723635098538,12.29723635098538,16.9697261368019,16.9697261368019,24.040277140829943,24.040277140829943,67.84759370205674,67.84759370205674,12.813464134895103,12.813464134895103,0.2137972925854261,0.2137972925854261,1,False
AP0106,Fusión,3,0.7175208815223248,19.8928,3904.130990623995,-1819.3033609481636,1082.933470946233,4279.7155133037895,4554.054182755839,,,1075.519716585925,1073.0579851955242,0.4462629269842931,0.34413845470811094,-383.5360821666428,-65.56938834136162,317.9666938252812,58.51096342679938,461.563517814072,-9.456862522103131,-6.36096721017872,-146.47132866455738,-183.59084840038213,-0.0,-0.0,-276.8685365078535,-327.9307726459445,40.0,40.0,193.19524580792682,193.19524580792682,2.9264568705804496e-21,2.9264568705804496e-21,59.960496855944996,59.960496855944996,64.77541335191184,64.77541335191184,102.18070614202236,102.18070614202236,48.60613070852388,48.60613070852388,46.17041998142149,64.39615156631953,29.909179060194226,29.534760146195797,45.59868457370334,48.39208273077026,122.41273793538411,117.12726554456253,19.203137265364575,23.56424791303014,0.28853463726779194,0.4024334247144897,1,False
AP0106,Fusión,4,0.6709377750165133,21.7012,4752.06740773028,-1971.7451345277186,1120.749720607081,5404.155897204103,5624.940572181897,,,1100.9989724965874,1098.7770510867288,0.4402765170431599,0.35517380614445015,-449.96011367493077,-125.65198384758716,324.3081298273436,45.51689709313291,451.2566288663226,-41.49980158228331,-38.70549343677678,-164.86514980843216,-206.5397044504299,-0.0,-0.0,-279.86174147842,-322.4130969277749,45.0,45.0,195.2441009963768,195.2441009963768,2.92645687058045e-21,2.92645687058045e-21,60.88071864031355,60.88071864031355,65.85938561480978,65.85938561480978,101.15831900334013,101.15831900334013,44.26828905188519,44.26828905188519,45.91515087182971,64.39615156631953,30.10346250934365,29.534760146195797,46.480857687114195,48.39208273077026,122.74103361906829,117.12726554456253,20.013561105622376,23.56424791303014,0.28486263870756323,0.3995207967191627,1,False
AP0106,Fusión,5,0.665744827619561,22.1702,6911.546363666002,-1811.004151925572,1138.9956960329719,6185.564977717081,6116.495370383474,,,1135.6807726387262,1134.7799646563362,0.2573037878241377,0.3176604191096416,-414.39901442720975,-72.78156375864182,341.6174506685679,241.42102996717102,587.6206324731369,-85.11594219284362,-83.9830780548227,-190.10567821467782,-225.99900983284851,-0.0,-0.0,-371.3481060879311,-341.1697904451792,50.0,50.0,195.5697801776961,195.5697801776961,6.387856224592108e-21,6.387856224592108e-21,25.533827159607398,25.533827159607398,65.87049903620304,65.87049903620304,93.41994130253013,93.41994130253013,43.798528853273076,43.798528853273076,49.685467010697515,63.97274028535954,27.785459784613717,28.95797177246123,48.42764202202691,45.26040292151563,122.49392716471355,121.6030791847727,33.4355582045799,22.241036262155014,0.3402232683506892,0.4380559566955206,1,False
AP0106,Fusión,6,0.7356393316360299,18.3586,13030.09912591672,-4473.134665952296,1152.421270383363,7616.70059491935,7663.440544952062,,,1132.6869665348277,1132.1592483243298,0.38104770527379367,0.3034564506538607,-546.1276145692264,-340.36589282768995,205.7617217415364,75.43176395751375,357.0854742380141,-81.35090498447393,-80.68724186498491,-221.4820082802348,-259.24203262872123,-0.0,-0.0,-309.4761473631031,-348.2717746730697,60.0,60.0,195.82932942708334,195.82932942708334,0.01904442296727672,0.01904442296727672,59.45141970316564,59.45141970316564,64.1776884590099,64.1776884590099,95.47285081452014,95.47285081452014,34.23820122841329,34.23820122841329,46.389013671875006,58.97687210315068,30.043842972859302,30.551686653366147,47.060083189105036,45.53063390535016,123.2905784816763,123.94001446469731,21.407745234454314,17.109797823637376,0.29331629326301484,0.3729089313237786,1,False
AP0106,Reducción,0,0.7638759698202566,16.7492,7515.77281295094,2182.941616610875,1148.5507472672564,9302.794682619575,9341.974257069,921.5654707090328,883.2935443478617,1151.2619103415711,1150.8833453539687,0.42603564036807184,0.4057597353226364,8112.806328543299,8160.185720277866,47.379391734566525,9302.794682619575,9341.974257069,-552.9392824254196,-529.976126608717,-127.4153165580722,-132.04070256691392,-0.0,-0.0,-286.98217981596406,-297.12013233868186,30.0,30.0,,,,,,,3.0813073878126107,3.0813073878126107,0.25479576418372013,0.25479576418372013,,,62.98666895384429,66.22090998298891,27.56511615894459,26.961081173847013,27.089028614185473,28.14788178656081,119.36318987811053,121.55652476968713,-5.39619316702056,-0.4588287055396659,49.271832793379076,51.80184407748548,1,False
AP0106,Reducción,1,0.9154048844791767,7.799,2995.101444458288,-32.8970735399962,1130.6909694321805,2794.565500016061,2847.11989667516,0.0,0.0,1149.5837981828802,1150.8648708543083,0.3198453650924532,0.3227852976402919,2171.4292638028223,2212.4835905002055,41.0543266973832,2794.565500016061,2847.11989667516,-0.0,-0.0,-60.407343482645146,-73.37737971828037,-0.0,-0.0,-340.0773174537734,-338.60735117985405,25.0,25.0,,,,,,,7.739876720081204e-06,7.739876720081204e-06,3.7939880104192494e-22,3.7939880104192494e-22,,,28.10189201159355,38.752962530841415,25.685184665256074,25.22010130181477,24.06435987684462,24.08440231347011,120.71494335937501,119.89349812341176,-3.807392031026453,-2.335767152842836,,,1,False
AP0106,Reducción,2,0.980489219695949,1.8001,531.0953417463741,949.2794868993569,1099.067381109748,237.9750788874818,225.72946367725208,199.91839064051013,161.90818279718493,1119.2549991492594,1119.8120936560383,0.4142184896521099,0.44259766503711556,-422.4427673265383,-400.52254652831624,21.920220798222033,237.9750788874818,225.72946367725208,-119.95103438430607,-97.14490967831095,-24.92448137894888,-27.75435776899503,-0.0,-0.0,-292.890755173945,-278.70116748144227,20.0,20.0,,,,,,,1.0451101902696808e-23,1.0451101902696808e-23,3.7939880104192484e-22,3.7939880104192484e-22,,,10.163032434857081,13.92690390593787,20.22785608079698,19.180854943792543,13.123676478068035,11.594704483908163,121.31934421115452,123.80201923014911,-4.585195266799587,-2.0035117506436935,,,1,False
AP0106,Reducción,3,0.9920300485497086,0.7385,,,1096.5647726562624,127.8747613924722,117.6394238292228,143.1903891541693,87.97755338231244,1091.842855422917,1091.5393613227848,0.5309929428801773,0.5217326630996778,-425.6338618594824,-409.74084317269217,15.893018686790242,127.8747613924722,117.6394238292228,-85.91423349250158,-52.78653202938746,-10.43928592272158,-12.808491245546278,-0.0,-0.0,-234.50352855991136,-239.1336684501611,13.0,13.0,,,,,,,1.0451101902696808e-23,1.0451101902696808e-23,3.7939880104192484e-22,3.7939880104192484e-22,,,4.549661137507512,8.34524275997514,16.97702690407082,16.37299191897324,6.622813005800599,7.681666178175937,119.2809006302445,121.4742355218211,-6.72158818763033,1.3597752995159589,,,1,False
AP0108,Fusión,1,0.6942529503029733,21.8264,3226.187575956148,-1393.0589299775888,1029.2955087672717,3456.2547897595405,3822.9000655710583,,,1029.8309872179118,1027.5174808052425,0.49653160906422933,0.2955208869757385,-532.6902553438397,-63.124724540486625,469.56553080335306,-227.7072341455003,381.45837341612935,48.001690271177594,50.91117653154663,-92.00019810270345,-134.0044000771036,-0.0,-0.0,-251.73419546788534,-352.2395565121308,30.0,30.0,195.7209462155578,195.7209462155578,1.523757968995742e-22,1.523757968995742e-22,61.002193459131334,61.002193459131334,64.64490363008233,64.64490363008233,104.21335107946906,104.21335107946906,43.13474869266632,43.13474869266632,33.65684676631804,61.558494872795976,30.545145953143084,29.929758945668596,46.74765531799203,49.09958238935968,122.44268907335069,119.65978253406166,18.612332274581107,24.00390002515347,0.2076521188621631,0.37979647894686247,1,False
AP0108,Fusión,2,0.6770753968194299,22.1801,3520.14916667106,-1572.8172806819261,1040.8168271816594,3587.0667887803843,3679.208908120756,,,1052.988980402349,1052.8394190461488,0.5190247382616178,0.3475954429167361,-269.48179688468304,14.911744670012695,284.39354155469573,90.72880951774938,489.4975664202078,18.87799188034441,19.066081573359085,-129.35064951465748,-158.19930688299397,-0.0,-0.0,-240.48763086919112,-326.202278541632,35.0,35.0,195.64422697844327,195.64422697844327,1.523757968995742e-22,1.523757968995742e-22,61.059017944336006,61.059017944336006,51.950133062292025,51.950133062292025,100.74402522334346,100.74402522334346,42.93670473451968,42.93670473451968,46.40390105070891,63.97274028535954,30.36344026111421,28.95797177246123,46.4634582907056,45.26040292151563,122.76853721013146,121.6030791847727,18.966840521947695,22.241036262155014,0.29763909167196284,0.4103273190220268,1,False
AP0108,Fusión,3,0.6647595055483972,21.8307,5106.0604996461,-1385.4058421701156,1045.969652352542,4253.964128750844,4345.980782704865,,,1059.2036944543822,1058.5257906006605,0.5344349457665942,0.4220207999895525,-232.06256428661735,29.73764807531586,261.8002123619332,153.7927314222974,499.4202997503934,11.062312162538612,11.91485008396111,-154.88476285582226,-183.35758385488657,-0.0,-0.0,-232.78252711670288,-288.9896000052238,40.0,40.0,195.5835739011687,195.5835739011687,1.523757968995742e-22,1.523757968995742e-22,60.985299161585246,60.985299161585246,63.32747328843527,63.32747328843527,90.77861443179806,90.77861443179806,43.038736482945886,43.038736482945886,49.377024481548524,64.66485752608135,30.919668600382998,29.211888618652985,47.567778930664055,47.434006150850735,123.43429965549043,119.13952518117422,18.83856649324946,24.01338952222509,0.3154603513523061,0.41313138832307167,1,False
AP0108,Fusión,4,0.7109742659244185,19.805,3667.925336464101,-2069.046409750201,1056.6755123449059,5228.778169777509,5220.272508347592,,,1066.6004847780923,1067.440247030083,0.47317836330278185,0.35604833445080075,-262.0975739938281,27.01596469151798,289.1135386853461,180.29850435421616,560.937273896488,1.7600428021375558,0.7039503181214422,-171.49498490264452,-203.39910884956365,-0.0,-0.0,-263.4108183486091,-321.9758327745996,45.0,45.0,195.68270352128621,195.68270352128621,1.523757968995742e-22,1.523757968995742e-22,58.488404503421556,58.488404503421556,57.036678493891486,57.036678493891486,78.20102292439452,78.20102292439452,43.10025475543478,43.10025475543478,47.98906639209692,63.97274028535954,30.977455655321663,28.95797177246123,48.22226752387152,45.26040292151563,121.99525254991319,121.6030791847727,19.18549957905918,22.241036262155014,0.3229506286484581,0.4305154953988394,1,False
AP0108,Fusión,5,0.6709129238451854,21.2828,6543.280750978691,-1938.7691005197785,1078.605022601876,6791.340526252248,6889.581735203223,,,1076.555235977713,1075.1007420425424,0.4517841871432427,0.3201883792227588,-418.3697922528975,-67.54958618918477,350.82020606371276,57.837510996913394,520.0250590053014,-10.759140927840015,-8.929956406459635,-182.089937994664,-229.48856050047766,-0.0,-0.0,-274.10790642837867,-339.90581038862064,50.0,50.0,195.74694074244283,195.74694074244283,1.523757968995742e-22,1.523757968995742e-22,58.568955006319,58.568955006319,64.72821659262664,64.72821659262664,83.85974514531154,83.85974514531154,43.06819836984274,43.06819836984274,44.32052368961908,64.39615156631953,31.312270602756076,29.534760146195797,48.64044573296441,48.39208273077026,124.49663373480904,117.12726554456253,19.41762347105518,23.56424791303014,0.2883443260680933,0.4189540957323644,1,False
AP0108,Fusión,6,0.7107724132907586,19.8334,8497.638846871885,-2779.05051955029,1087.8043882032127,8497.300501722175,8705.424085575012,,,1094.2800243957615,1092.9457569121291,0.4512472711588869,0.29554260547900896,-597.6795431321543,-257.9693443510711,339.71019878108325,-71.73400484847346,408.48275594133406,-33.0499926358148,-31.372005970194728,-209.26886332838131,-273.6010791627867,-0.0,-0.0,-274.37636442055657,-352.22869726049555,60.0,60.0,187.01715039305427,187.01715039305427,1.523757968995742e-22,1.523757968995742e-22,48.30426975269227,48.30426975269227,73.23628646319186,73.23628646319186,120.84211328610851,120.84211328610851,30.96785114989416,30.96785114989416,41.20256876020289,63.41450248732425,31.33262033173532,29.772805222966632,48.77073408441511,49.61087049912329,123.68687719479954,119.6626212334103,19.276615718630747,25.517263822498794,0.25172865800749616,0.38743331034170586,1,False
AP0108,Reducción,0,0.7287391432552371,19.0304,10350.909233302807,1123.9379121073453,1082.3037507432664,10462.359224884833,10542.321690214872,928.099396385512,917.9909696326381,1081.9904206501171,1082.4986357635273,0.4669865296116577,0.4517008708895192,9290.308565059431,9361.797746795592,71.48918173616039,10462.359224884833,10542.321690214872,-556.8596378313072,-550.7945817795828,-126.0327115231039,-132.92822180763952,-0.0,-0.0,-266.50673519417114,-274.14956455524043,30.0,30.0,,,,,,,10.065676561197431,10.065676561197431,11.301399992416409,11.301399992416409,,,61.34886159589214,66.22090998298891,28.453272388599533,27.988189025158228,28.004913265086987,28.02495570171248,120.89359786422165,120.0721526282584,-6.17499441300378,-4.888258926310161,7.605114006301112,8.209077673502517,1,False
AP0108,Reducción,1,0.9503980895873068,4.3023,949.2201360307579,-110.53084629750447,1053.8682525976324,1091.6787517456803,1126.208034046878,410.2127837467981,356.45677882410035,1070.5459585439737,1071.8164247074662,0.4635924392594846,0.4347597496730273,307.59032592470476,339.9834259909038,32.393100066199054,1091.6787517456803,1126.208034046878,-246.12767024807886,-213.87406729446022,-47.105399925818816,-67.07884032120751,-0.0,-0.0,-268.20378037025773,-282.62012516348636,25.0,25.0,,,,,,,0.004348618495734468,0.004348618495734468,0.006970247122571367,0.006970247122571367,,,19.45498712001703,35.845468558435506,23.599825398763024,22.499427617912307,20.34718790690104,21.589735638915638,121.97393153211806,121.52973633196314,-2.622767855191637,4.693730588776786,,,1,False
AP0108,Reducción,2,0.9710951547191603,2.4975,397.35748832171487,841.4729514811697,997.5902343342532,422.86860584026164,425.5392466064608,681.7690821381362,685.0516734579725,1040.8347091476269,1039.8877100314253,0.5030803593049931,0.5342157924078164,-485.14085929699775,-466.04893205756144,19.091927239436302,422.86860584026164,425.5392466064608,-409.0614492828817,-411.0310040747835,-27.83662023005409,-25.013495516326817,-0.0,-0.0,-248.45982034750347,-232.89210379609182,20.0,20.0,,,,,,,8.072051162592478e-22,8.072051162592478e-22,5.7588137608415144e-21,5.7588137608415144e-21,,,16.084584941561257,12.533176070453335,17.264957707722978,17.91588509437314,6.965303319295248,8.653941946247983,124.50415798611111,125.16239152864785,-4.108723991929468,-2.4942279345242953,,,1,False
AP0108,Reducción,3,0.9797601743010214,1.8283,47.12976777895119,-305.2149343644596,993.3470568142238,196.47895453784452,210.89696595630645,368.786888859046,416.30204112523654,989.3600727186652,989.7734197802934,0.5125494092127888,0.600085440712621,-501.22506078534957,-472.3491025556725,28.875958229677053,196.47895453784452,210.89696595630645,-221.27213331542757,-249.7812246751419,-10.055011337340822,-10.855988916327451,-0.0,-0.0,-243.7252953936056,-199.95727964368947,13.0,13.0,,,,,,,8.072051162592479e-22,8.072051162592479e-22,5.758813760841514e-21,5.758813760841514e-21,,,5.627287401471819,6.3501430545361846,14.66006426688952,15.394382309237542,5.229611248440213,5.573744848279164,123.03967086922407,120.39253388822206,5.961138932882264,0.21895112443147904,,,1,False
AP0109,Fusión,1,0.797372617237992,15.5729,1944.2724980417051,-1589.9355074231962,1015.9378057040838,3303.537462805649,3678.328816332892,,,1034.1291698330572,1030.12734349543,0.5091402779644102,0.2918936528991458,-531.8426566218042,-143.1687052469411,388.67395137486307,-227.9265154996941,303.0379097349355,42.59625755016183,47.62898997828381,-91.83221975554873,-130.5321135108051,-0.0,-0.0,-245.4298610177949,-354.0531735504271,30.0,30.0,195.50966744371638,195.50966744371638,1.523757968995742e-22,1.523757968995742e-22,60.83010844569067,60.83010844569067,66.00684013776882,66.00684013776882,104.0568587764617,104.0568587764617,44.44172875189012,44.44172875189012,33.71352040280578,58.08153826637837,30.420052863226996,31.59276618765968,46.279638581452545,49.92105514114609,122.80270331488715,116.85922046987231,18.455097040113685,17.845792605688896,0.2075901520539132,0.35763560779725684,1,False
AP0109,Fusión,2,0.5787338945915836,25.4934,3492.7776145703456,-1534.450548583542,1034.3895277529953,4013.288818319824,4142.844258742508,,,1036.1635900246338,1035.7192650151221,0.445383041123685,0.32253366673010897,-314.25797532389845,-17.193626458569895,297.06434886532855,61.06977462435625,448.3926252647894,40.037752605980586,40.59653969350845,-128.80670521714956,-158.19930688299397,-0.0,-0.0,-277.3084794381575,-338.7331666349455,35.0,35.0,195.62500632957176,195.62500632957176,1.523757968995742e-22,1.523757968995742e-22,60.83235236273857,60.83235236273857,65.95614533600984,65.95614533600984,98.723110848886,98.723110848886,42.27887098524306,42.27887098524306,46.41103108723959,63.97274028535954,30.063150993226067,28.95797177246123,45.77454934740824,45.26040292151563,122.58262536427333,121.6030791847727,18.944452446152557,22.241036262155014,0.2892577327786238,0.39871145676111797,1,False
AP0109,Fusión,3,0.5954868921468,24.8314,4315.565252144969,-1762.6249919899437,1052.4615360229388,4218.744706505381,4282.395447091232,,,1055.593673040484,1056.3509982506112,0.41476931184118704,0.34674485291214946,-213.14320985567196,36.748505018934054,249.891714874606,229.84885509163092,538.7757160237774,15.60230723056884,14.649888304288949,-156.728710199537,-180.7992078662788,-0.0,-0.0,-292.6153440794065,-326.6275735439252,40.0,40.0,195.8339950933689,195.8339950933689,1.523757968995742e-22,1.523757968995742e-22,60.861088450362004,60.861088450362004,57.96120861659914,57.96120861659914,80.74707198340995,80.74707198340995,42.36884120537983,42.36884120537983,50.80887957317073,63.97274028535954,30.2766749827067,28.95797177246123,46.947352684868704,45.26040292151563,119.57499172634547,121.6030791847727,18.99936335241417,22.241036262155014,0.3369530826835896,0.4242528516265679,1,False
AP0109,Fusión,4,0.6307564854706658,22.5968,5624.152130176158,-1388.3916896088813,1088.839838425973,6035.345622968016,6093.599151956277,,,1073.7803977064939,1072.8093496663685,0.4875508286923432,0.3674586132265252,-280.7552008666915,-54.41243145142096,226.34276941527054,169.33356339798988,483.6965652399302,-7.269479615190738,-6.048280955255563,-177.34438109673394,-206.5397044504299,-0.0,-0.0,-256.22458565382846,-316.27069338673743,45.0,45.0,195.78206698652627,195.78206698652627,1.523757968995742e-22,1.523757968995742e-22,60.86353317481888,60.86353317481888,63.19343443055084,63.19343443055084,93.63156017358753,93.63156017358753,43.52307155443274,43.52307155443274,50.39844563802083,64.39615156631953,31.213860300323105,29.534760146195797,48.46481556833526,48.39208273077026,123.24120605468751,117.12726554456253,19.090474751452092,23.56424791303014,0.3198520414648651,0.40868801170783564,1,False
AP0109,Fusión,5,0.6724651920892828,21.4901,6283.607378242864,-1974.7799898297526,1132.7008096587326,6946.78460224432,6966.960851027637,,,1109.9736900305193,1109.2550810105547,0.5024333807870835,0.32104041073314815,-322.42587972359115,-134.1225600606043,188.30331966298687,186.77622248922742,495.9788701209872,-52.78648624962346,-51.88275714875971,-198.38198845780863,-229.48856050047766,-0.0,-0.0,-248.78330960645823,-339.4797946334259,50.0,50.0,195.6811287275327,195.6811287275327,1.523757968995742e-22,1.523757968995742e-22,60.8097210254544,60.8097210254544,63.43988475924225,63.43988475924225,89.96431570614088,89.96431570614088,42.19491836448121,42.19491836448121,50.74416392207925,64.39615156631953,31.302634738498263,29.534760146195797,49.13525308972618,48.39208273077026,123.09930645073786,117.12726554456253,19.77603174750934,23.56424791303014,0.3247811696857699,0.4121588733058467,1,False
AP0109,Fusión,6,0.7015477064098671,20.1428,9840.636204791073,-1635.578315619232,1141.8046060003649,7735.4627416180565,7735.4627416180565,,,1147.737785604272,1147.737785604272,0.052360624286074395,0.052360624286074395,-702.8110366902353,-702.8110366902353,0.0,40.29638548082229,40.29638548082229,-100.27894903485695,-100.27894903485695,-159.75846738030953,-159.75846738030953,-0.0,-0.0,-473.81968785696284,-473.81968785696284,60.0,60.0,145.13008749309503,145.13008749309503,0.0010115962103397276,0.0010115962103397276,48.04670687060716,48.04670687060716,48.42862175265761,48.42862175265761,71.12298684737537,71.12298684737537,30.09312819164237,30.09312819164237,33.74482268610008,33.74482268610008,21.063296034676693,21.063296034676693,34.350110765985384,34.350110765985384,112.17046115383022,112.17046115383022,37.456900175923835,37.456900175923835,0.28338737217961,0.28338737217961,1,False
AP0109,Reducción,0,0.7842563958109486,16.5585,6036.347920668971,-1291.1677543190854,1138.7379462014408,8075.233909677259,8089.987977804538,279.93028479276376,297.16814647083754,1139.5555593189633,1139.0951627310162,0.3651117302817525,0.41192450357406,7238.38703568429,7264.576328115116,26.189292430825844,8075.233909677259,8089.987977804538,-167.95817087565825,-178.3008878825025,-128.79299298136723,-130.42143831713045,-0.0,-0.0,-317.4441348591238,-294.03774821297003,30.0,30.0,,,,,,,32.10722562777212,32.10722562777212,51.267078182876546,51.267078182876546,,,66.0771725890457,66.22090998298891,25.03703443739149,25.870623684454053,23.8130103471544,26.0217067554614,123.5806877983941,122.10130643855503,-0.6173137053008393,-0.15126473622122713,2.105236701838877,2.109816214328582,1,False
AP0109,Reducción,1,0.9014679070890131,7.6122,3381.332744060086,1819.9818390610162,1133.0513926955234,3038.5018907376652,3099.7288168964596,1296.2053780308036,1284.5469841597483,1132.3457691582746,1133.6268418297025,0.29803765591834197,0.2930786293978243,1627.5392148508201,1680.3116278363536,52.77241298553349,3038.5018907376652,3099.7288168964596,-777.7232268184821,-770.7281904958489,-59.60670175071402,-72.57673798634924,-0.0,-0.0,-350.981172040829,-353.4606853010879,25.0,25.0,,,,,,,0.0036053907192894973,0.0036053907192894973,1.64389656913791e-07,1.64389656913791e-07,,,26.776216399363985,37.427286918611856,26.416893466839994,25.95181010339869,25.29504460551618,25.31508704214167,120.87920423090853,120.05775899494527,-4.077143745870392,-2.6518454208651607,,,1,False
AP0109,Reducción,2,0.9748453156881023,2.2048,240.95701979712555,172.32910327592072,1097.484795955223,275.7960414439509,251.18621224300423,499.0194591371895,411.2433367581146,1123.4381617940503,1124.3468540436197,0.3950068011626832,0.4488903834642427,-571.973547341524,-522.1177043699327,49.8558429715913,275.7960414439509,251.18621224300423,-299.4116754823137,-246.74600205486874,-23.209738607682656,-28.351531013369385,-0.0,-0.0,-302.4965994186584,-275.5548082678786,20.0,20.0,,,,,,,4.141413119620507e-20,4.141413119620507e-20,7.214443389753284e-23,7.214443389753284e-23,,,7.810545760866195,14.853576568686691,20.712377331303617,18.530512091120645,14.858832240171457,11.898235950051529,119.75781359418765,125.7834397663769,-3.420132669935289,3.3774946763322027,,,1,False
AP0109,Reducción,3,0.9801703945708803,1.6841,72.0397917887963,490.4800518766733,1076.6294144590486,235.2123569975527,227.85828437847132,502.87800207564993,447.1569199472967,1086.4373604658465,1086.1338663657145,0.5370756168664852,0.5452008419982863,-531.2105217922193,-503.43853789121295,27.771983901006365,235.2123569975527,227.85828437847132,-301.72680124538994,-268.294151968378,-10.582310700804571,-12.951516023629267,-0.0,-0.0,-231.4621915667574,-227.39957900085685,13.0,13.0,,,,,,,4.141413119620507e-20,4.141413119620507e-20,7.214443389753284e-23,7.214443389753284e-23,,,5.002582711884469,8.798164334352096,16.676536601749273,16.072501616651696,6.359866641518847,7.418719813894185,116.99274942366802,119.18608431524461,-7.2698823530153085,0.9419637776811632,,,1,False
AP0110,Fusión,1,0.8304721120166609,14.5615,2640.2589038776237,-1439.4394386856206,1093.1811744833708,3164.744890268533,3434.686130680597,,,1062.2650907395468,1059.2377773909045,0.5268040730640969,0.29473971696413775,-575.8121775578533,-309.70526385099714,266.1069137068561,-243.69673436514134,166.54896404327,7.212272940492847,11.019449158147717,-93.47943476632506,-125.39321763555544,-0.0,-0.0,-236.59796346795153,-352.6301415179312,30.0,30.0,187.75726331485214,187.75726331485214,34.177667170698925,34.177667170698925,44.237463510164666,44.237463510164666,63.44376561974966,63.44376561974966,100.32728652133734,100.32728652133734,40.83545853809644,40.83545853809644,35.06466838877688,55.07661544772406,30.154538167317707,31.566817319799753,45.811159441912615,47.893862920498535,122.52296142578125,119.2610840149786,18.623904873570066,15.53063748034945,0.20313363940564552,0.31906514038565076,1,False
AP0110,Fusión,2,0.6530478697088355,23.8059,5146.602364106697,-1451.5978199493297,1139.2717014062387,3905.6180380432857,4023.9358801722224,,,1126.7658452425953,1125.3176925815983,0.4659606718815571,0.31563907803684593,-417.6262945946662,-225.09325529931536,192.53303929535085,69.36953726301155,359.0627563880759,-73.90445013507865,-72.0832404565516,-136.8213997644495,-160.64199235033436,-0.0,-0.0,-267.01966405922144,-342.1804609815771,35.0,35.0,188.28537959346062,188.28537959346062,34.165897906268086,34.165897906268086,44.233714350947714,44.233714350947714,63.367057856806994,63.367057856806994,99.3545021339699,99.3545021339699,40.821603054470486,40.821603054470486,50.28044478804977,64.39615156631953,30.73145581442212,29.534760146195797,47.321693657769096,48.39208273077026,122.87591103205607,117.12726554456253,18.975221050516215,23.56424791303014,0.29160316612310505,0.37346769230142435,1,False
AP0110,Fusión,3,0.7313599396091489,19.5644,5152.776059618592,-1705.483710223442,1138.741461173536,4944.682269919491,5087.208736477198,,,1152.0287879069417,1150.9123919375231,0.5094506906630909,0.4085561296380057,-381.8352248184487,-200.94494883042987,180.89027598801883,138.31300330901954,391.6562503256013,-105.67535173098126,-104.27136222121928,-159.94790382910418,-183.35758385488657,-0.0,-0.0,-245.27465466845456,-295.72193518099715,40.0,40.0,188.63591566628557,188.63591566628557,34.183588440437624,34.183588440437624,44.307844258130004,44.307844258130004,63.35842275231835,63.35842275231835,89.60794155038494,89.60794155038494,40.874102832825194,40.874102832825194,52.567201195693585,64.66485752608135,30.318511369493272,29.211888618652985,46.07821948581271,47.434006150850735,123.0847708468967,119.13952518117422,18.61733659528145,24.01338952222509,0.3110859286054084,0.3826783011853676,1,False
AP0110,Fusión,4,0.7408115839352087,18.9064,5493.516725640581,-2372.1532626125118,1120.5957879926568,5492.893404115037,5646.725125606408,,,1123.2474513454918,1121.4031316450921,0.47904313398199433,0.3691367275119463,-451.45514475952314,-233.6629801446899,217.79216461483324,61.6575081878549,364.7189322224472,-69.47968664787567,-67.16025377375219,-173.90421539157126,-206.5397044504299,-0.0,-0.0,-260.47843300900286,-315.43163624402683,45.0,45.0,188.26249681555706,188.26249681555706,34.19180682638417,34.19180682638417,44.24743590424022,44.24743590424022,63.26007150843523,63.26007150843523,97.45795969202898,97.45795969202898,40.89742413949275,40.89742413949275,49.691991745216264,64.39615156631953,30.410099611635562,29.534760146195797,46.7635544202814,48.39208273077026,123.15515278380593,117.12726554456253,19.41121113114065,23.56424791303014,0.2894238206485444,0.3750660733614317,1,False
AP0110,Fusión,5,0.7331096086910256,18.3944,9528.350074190086,-1274.343000565741,1076.3560999986262,7635.729432277333,7780.670406777578,,,1096.2605077471685,1094.6517056528241,0.4429965556056918,0.3102922815028264,-483.09818122763375,-180.85989812063596,302.23828310699776,23.882752985131702,436.25026182091455,-35.540666129630544,-33.51742229355786,-183.68822798705256,-229.48856050047766,-0.0,-0.0,-278.5017221971541,-344.8538592485868,50.0,50.0,188.326726536969,188.326726536969,34.1419668958078,34.1419668958078,33.7425712286258,33.7425712286258,63.39584817325367,63.39584817325367,84.95844854217728,84.95844854217728,40.913715357562296,40.913715357562296,45.41175577001634,64.39615156631953,30.860049262152778,29.534760146195797,47.737529337565114,48.39208273077026,123.15502031792535,117.12726554456253,19.248162857914934,23.56424791303014,0.278749037008414,0.3952801412715116,1,False
AP0110,Fusión,6,0.8266473949707037,13.505,10595.318761236838,-2849.574222404546,1047.9707759308699,11148.240611673433,11423.73946243162,,,1059.209682515867,1056.1292817455676,0.411170360879429,0.3037065784870868,-708.9944229403088,-402.1676126346939,306.8268103056149,-185.50519967746658,247.11421814003796,11.054781523107259,14.928720954844252,-230.8788673267358,-306.8135230741914,-0.0,-0.0,-294.4148195602855,-348.14671075645657,71.0,71.0,186.0752533934432,186.0752533934432,33.76868648441959,33.76868648441959,48.284433708016806,48.284433708016806,51.48870042774776,51.48870042774776,95.74513499638806,95.74513499638806,38.236055178688375,38.236055178688375,36.67847364591137,57.09988918738309,31.039843135409885,31.830811264430515,48.669605641306184,51.139842909499116,124.21453066225406,119.39457615872008,20.417259768784564,19.715302368046395,0.21957800917440812,0.34183210874268527,1,False
AP0110,Reducción,0,0.8396997366593969,12.5864,6763.605084027697,2318.0046496557134,1055.342695746444,6269.57272157738,6373.36120046044,1146.406142403192,1135.0278927209931,1043.2793491555024,1043.4149407813711,0.44945595315293074,0.4880857460109833,4964.826797911259,5080.641138590614,115.81434067935515,6269.57272157738,6373.36120046044,-687.8436854419152,-681.0167356325959,-118.9786395238514,-133.09462396590246,-0.0,-0.0,-275.2720234235346,-255.95712699450834,30.0,30.0,,,,,,,0.13373771529164385,0.13373771529164385,23.72718175609148,23.72718175609148,,,57.50505830498152,66.22090998298891,27.481403548629192,27.712454840160497,26.625962908709486,29.406832117582088,120.09371401186341,119.82652266728736,-5.671406557786733,-1.5417396393375777,6.483419751591461,7.466090260704561,1,False
AP0110,Reducción,1,0.9686183383772604,2.9813,616.2119833242765,12.086720152521593,1086.084822292704,378.1724148778463,395.9752755110126,264.8084398981322,252.47927462660093,1058.2680890620925,1060.0860510495022,0.4812527941545722,0.536620544381954,-312.5250346292058,-272.34354357219127,40.18149105701451,378.1724148778463,395.9752755110126,-158.8850639388793,-151.48756477596055,-49.787207368638775,-62.48995122140019,-0.0,-0.0,-259.37360292271387,-231.68972780902303,25.0,25.0,,,,,,,0.02553689191848211,0.02553689191848211,0.005187763567291052,0.005187763567291052,,,19.326026407877603,30.130345159086662,25.778531528049047,25.312221743034215,25.183102851019967,23.371413861064802,120.03147900390626,122.97805832076482,-2.264189511702109,-2.8200554501619246,,,1,False
AP0110,Reducción,2,0.9808457601425895,1.8441,407.0607065538244,316.97728263135286,1077.4744313965277,298.7886861325822,277.2934133083793,359.45408040518595,322.36471217010177,1092.6499669206194,1091.2460274420769,0.5656675644055655,0.5899510768904924,-386.3217579135648,-366.3881810076491,19.933576905915686,298.7886861325822,277.2934133083793,-215.67244824311157,-193.41882730206106,-29.620202728998095,-22.58673018239342,-0.0,-0.0,-217.16621779721723,-205.0244615547538,20.0,20.0,,,,,,,1.4587139065087365e-19,1.4587139065087365e-19,0.00848838967258019,0.00848838967258019,,,16.68593270438058,9.928378240329735,18.427358008490664,17.770454545684892,9.389276097615559,9.980396073263746,120.86563774956596,120.79103471643748,-5.653702475951363,-0.5469632956050982,,,1,False
AP0110,Reducción,3,0.9889255065588048,1.0764,,,1081.4504085834244,223.499588976655,205.81343849529057,503.2301336340303,463.74160973715686,1081.2034607211945,1079.799521242652,0.5239964061054493,0.581723035196299,-555.1659784665942,-515.7239429091167,39.44203555747754,223.499588976655,205.81343849529057,-301.9380801804182,-278.2449658422941,-16.074115038735528,-11.502357883442489,-0.0,-0.0,-238.00179694727535,-209.13848240185052,13.0,13.0,,,,,,,2.8943395359410757e-26,2.8943395359410757e-26,0.047553257412380645,0.047553257412380645,,,13.567463921440972,6.809909457390126,16.618705083453467,15.961801620647693,5.953603901938787,6.544723877586975,119.14272761269221,119.06812457956373,-6.811100669199502,-1.1733424926027545,,,1,False
AP0116,Fusión,1,0.844898052347941,12.2869,3390.9192209072644,-1769.4491462640995,1023.0323884538855,3411.0383280347573,3508.6612424294244,,,1014.4100776770357,1013.9738610025862,0.3764952565883886,0.29342328182104704,-605.3457242824948,-400.1873404310917,205.15838385140307,-251.93226895151346,14.477285211725581,67.39516339313253,67.94375336630245,-99.80592911937983,-120.06970202071503,-0.0,-0.0,-311.75237170580573,-353.2883590894765,32.0,32.0,185.95141700205178,185.95141700205178,27.177398681640625,27.177398681640625,43.50406136560906,43.50406136560906,69.17181495127052,69.17181495127052,98.65475926254734,98.65475926254734,42.44550497652305,42.44550497652305,34.79382287227746,47.83845725052063,30.486225922902427,29.93340678718908,46.465736367967395,46.22531220056407,122.43859566582573,122.12978608582581,18.377790744455563,20.054105083266972,0.2008063562929281,0.2760911419942303,1,False
AP0116,Fusión,2,0.7153101931047414,19.6808,4596.934698133346,-1301.0335374796982,1040.5412925214187,4816.103250453567,4910.334729992865,,,1042.9104553210127,1041.6780600153133,0.48938808554044444,0.3159545448956848,-289.596664668139,-130.79755776720455,158.79910690093445,90.33963272165597,357.19431640063766,31.552834745854053,33.10270605359704,-146.932857006943,-169.82153477035348,-0.0,-0.0,-255.3059572297778,-342.02272755215756,37.0,37.0,186.1732888740406,186.1732888740406,27.186178749486018,27.186178749486018,43.49955658494378,43.49955658494378,69.20218998423793,69.20218998423793,96.78802897135417,96.78802897135417,42.41316903097588,42.41316903097588,51.37487503854852,64.39615156631953,30.892946123002883,29.534760146195797,47.56261618674338,48.39208273077026,122.84237364806214,117.12726554456253,18.73182046275111,23.56424791303014,0.29752911404077076,0.37293968907536945,1,False
AP0116,Fusión,3,0.7169545164315663,21.1518,5014.3491549028,-2699.1603058589662,1043.163988813428,5485.438348675879,5511.594999800688,,,1057.9070015236557,1057.6272506594878,0.45843064735478406,0.39455914125987734,-176.9667553768884,-94.68005229332931,82.28670308355908,272.56458999095236,398.19700276753235,12.693044735919953,13.044861913156039,-182.18939588222455,-193.95116970502815,-0.0,-0.0,-270.78467632260794,-302.7204293700613,42.0,42.0,186.05417196584304,186.05417196584304,27.14833563279736,27.14833563279736,29.397928885526433,29.397928885526433,69.06410139216935,69.06410139216935,99.628099639656,99.628099639656,42.31621339783187,42.31621339783187,58.69449093840843,64.66485752608135,30.87767808702257,30.308487586830157,47.678786956948585,47.538748906788804,122.96739501953124,121.39505669785437,19.02115778249194,20.48062544214915,0.3490241398124138,0.384526655113449,1,False
AP0116,Fusión,4,0.7148413329844951,19.0714,7581.715529402101,-1958.9958070671973,1060.7196019201442,6730.855989951156,6745.928176204503,,,1056.6972112941849,1056.479343401955,0.46292693217996556,0.39238439093839467,-206.75003384976245,-152.13142437739714,54.61860947236531,263.27590103088846,363.5101786204048,14.214487698558187,14.488480299376997,-206.4535707702637,-217.07196086744804,-0.0,-0.0,-268.53653391001717,-303.8078045308027,47.0,47.0,185.80782877604167,185.80782877604167,27.148899671766493,27.148899671766493,47.67628397411765,47.67628397411765,69.20671429104276,69.20671429104276,92.68085132175021,92.68085132175021,42.43807042439779,42.43807042439779,59.77687174479168,64.66485752608135,30.88688329241236,30.317692792219948,47.71790793128047,47.57786988112069,123.22196111295806,121.64962279128119,19.135555161502516,20.596727410033523,0.3463992453712183,0.37472449118288986,1,False
AP0116,Fusión,5,0.771390612907304,16.2234,9200.98307778389,-1176.7696970904435,1081.9203312610907,7310.5494090739785,7346.818075195885,,,1080.4363539621636,1080.5986078976773,0.4175458392730594,0.3086276062309288,-365.9658409156876,-156.76720197711143,209.19863893857615,149.9863577982845,444.1972823990558,-15.640069456411272,-15.844121450165328,-199.83473099516223,-230.18384814253804,-0.0,-0.0,-291.22708036347035,-345.6861968845356,52.0,52.0,185.87575545400944,185.87575545400944,27.162189910696732,27.162189910696732,40.631831551797696,40.631831551797696,60.22546443616861,60.22546443616861,62.39929766924876,62.39929766924876,42.3822215722042,42.3822215722042,48.66594514666863,61.53598727188943,31.039644851032484,29.46251852108035,47.84889931964059,46.59375450526953,122.75975344405214,121.2406164502655,18.603882061560384,22.281270537463797,0.3143847066612478,0.3975258930917433,1,False
AP0116,Fusión,6,0.8469470842061031,12.1751,11802.194099673085,-1673.4319138101037,1071.8450745106522,8795.714952020062,8829.968231459208,,,1099.6187661636704,1098.0602772502134,0.3527009307741489,0.29631864744228326,-657.989137644737,-433.12026891764754,224.86886872708942,-64.87012428251133,229.10055457376174,-39.76404181083626,-37.80407227895632,-220.45511903953553,-263.32575703466637,-0.0,-0.0,-323.64953461292555,-351.8406762788584,63.0,63.0,184.40174779647435,184.40174779647435,25.230798213247414,25.230798213247414,37.26269365359578,37.26269365359578,68.28810543744993,68.28810543744993,84.76962981395233,84.76962981395233,41.950667818509615,41.950667818509615,41.489355468750006,55.07661544772406,31.2329447110494,31.566817319799753,48.78314890331691,47.893862920498535,123.59492568969726,119.2610840149786,19.646232511199884,15.53063748034945,0.2536683248453122,0.33674162013186204,1,False
AP0116,Reducción,0,0.90560537015862,8.138,4488.567957464791,-950.1098161026566,1062.8416483601902,4250.961844345135,4313.223712197602,1164.6782709463164,1155.0638790523665,1048.0554889823736,1048.3136035548753,0.34316013165951553,0.3363116622069814,2880.5271448358485,2931.1019005905364,50.574755754687885,4250.961844345135,4313.223712197602,-698.8069625677898,-693.0383274314198,-120.55622749443464,-134.58774000231642,-0.0,-0.0,-328.41993417024224,-331.8441688965093,30.0,30.0,,,,,,,14.07393924940432,14.07393924940432,99.85140547395773,99.85140547395773,,,57.4495134251092,66.168664123063,28.631792930320454,28.86284422185176,28.711145731608067,31.193946726851102,119.36424913194445,119.0970577873684,-6.08754718890301,-2.635498376063103,1.3228947408409584,1.523671351733567,1,False
AP0116,Reducción,1,0.9645354014737133,3.0647,888.4679613479402,837.9467825257761,1049.1277747610293,480.9706887566703,564.2731748156659,1127.940525978025,1251.7953399624828,1056.978954125308,1058.4973835932137,0.35616452803830984,0.5022046653176813,-782.7880629128292,-714.3913762732136,68.39668663961561,480.9706887566703,564.2731748156659,-676.7643155868151,-751.0772039774896,-42.42512482501936,-56.038104493410486,-0.0,-0.0,-321.91773598084507,-248.89766734115938,25.0,25.0,,,,,,,0.00011594265135684987,0.00011594265135684987,0.007668729655124532,0.007668729655124532,,,18.194139216496396,26.404638598875728,19.862006226159576,23.55490441525873,19.143784539116755,21.464511733487097,117.88790456814236,119.60058142566737,10.513117352181471,-1.1232798662885302,,,1,False
AP0116,Reducción,2,0.98173299693771,1.6578,169.2045201170725,999.3636658008636,1051.0763122564788,230.10140990823814,318.4509095902433,1074.821455758574,968.5907414651838,1045.626204712241,1043.0021840858353,0.10566994575821492,0.49345486241768644,-1101.4273539768915,-766.9792103702132,334.4481436066783,230.10140990823814,318.4509095902433,-644.8928734551445,-581.1544448791102,-16.819288032272425,-28.351531013369385,-0.0,-0.0,-447.16502712089255,-253.27256879115677,20.0,20.0,,,,,,,9.914386764831396e-26,9.914386764831396e-26,0.010760863184606121,0.010760863184606121,,,7.956180584619915,14.853576568686691,12.948003927308912,18.530512091120645,5.471525456335814,11.898235950051529,74.96790781074101,125.7834397663769,-18.077001614716593,3.3774946763322027,,,1,False
AP0116,Reducción,3,0.9849798035028072,1.4274,162.05481383318175,185.42843140918012,1040.9033265091377,194.22591654415686,266.5680835734989,880.1732255752615,662.7378148581195,1057.9220265261795,1052.3076533859569,0.11455602342360816,0.28601469315987826,-1010.7815896164956,-729.9085957063726,280.872993910123,194.22591654415686,266.5680835734989,-528.1039353451569,-397.64268891487166,-11.530007250479597,-19.189761668118788,-0.0,-0.0,-442.7219882881959,-356.9926534200609,13.0,13.0,,,,,,,9.914386764831396e-26,9.914386764831396e-26,1.5528758305421498e-22,1.5528758305421498e-22,,,8.121338471912201,14.250503092383958,14.136160071321237,19.323750020894117,5.677190891702944,18.389785768619305,72.8805755352974,126.20082995807181,-25.785674298203176,16.157474639431328,,,1,False
AP0118,Fusión,1,0.7774771181111078,16.1403,3852.812840658192,-1280.2163788534242,1147.5865513328058,3501.326976062685,3810.3091240946173,,,1141.6140315450584,1138.8251676955117,0.4499345586436844,0.31799339746800376,-769.3713897736002,-329.457063276134,439.91432649746616,-295.8791580876041,250.3626471270289,-92.57766141378497,-89.07036140896933,-96.63153169512509,-140.49572982926728,-0.0,-0.0,-275.0327206781578,-341.0033012659981,32.0,32.0,185.76143367266414,185.76143367266414,27.157360038372,27.157360038372,43.72321469085375,43.72321469085375,69.82970772174873,69.82970772174873,98.0509282275884,98.0509282275884,44.158157502761995,44.158157502761995,32.64846515077534,59.400283384110665,30.627306196424694,31.128475027100713,46.84929220411513,48.66231371460479,122.46144799126519,119.46420082448715,18.466501456063263,18.460341895226,0.18838738678096303,0.3427500836288324,1,False
AP0118,Fusión,2,0.7315254088060343,19.6601,4221.665841475312,-1675.065871407241,1155.05739504495,4571.605705860108,4616.002407220011,,,1153.2114423810194,1153.3591971778421,0.44691114940573823,0.343210535107849,-563.7774859177539,-276.3200141005992,287.45747181715467,-34.825920241053026,335.91278979463453,-107.16266852606329,-107.34848627392216,-135.99415395457842,-167.23926727630788,-0.0,-0.0,-276.5444252971309,-328.3947324460755,37.0,37.0,186.375469435307,186.375469435307,27.18828349866365,27.18828349866365,43.6599296703673,43.6599296703673,70.05492543003015,70.05492543003015,99.92300040261787,99.92300040261787,42.36651043808251,42.36651043808251,45.70679551509388,63.97274028535954,30.636859396628072,28.95797177246123,47.10721167945289,45.26040292151563,122.58882030223582,121.6030791847727,18.89414479432651,22.241036262155014,0.2621585288469354,0.36692573370142745,1,False
AP0118,Fusión,3,0.7012700818192279,20.8708,5133.916434704613,-1562.1067680564815,1169.729757274822,5091.998168300577,5247.282224087104,,,1157.028687280509,1156.0659777725139,0.4933452223293413,0.4042276941705562,-459.65040729935055,-259.2466522502515,200.40375504909906,80.17980656194196,351.1678392576973,-111.96326969436288,-110.75255764666774,-165.28923743267205,-192.52546304763092,-0.0,-0.0,-253.32738883532934,-297.8861529147219,42.0,42.0,185.91778365734012,185.91778365734012,27.171403278676113,27.171403278676113,43.715821921178566,43.715821921178566,70.05749398164971,70.05749398164971,99.96059683866281,99.96059683866281,42.39299089298692,42.39299089298692,51.3258045285247,64.66485752608135,30.216484715698886,29.211888618652985,46.26732662140377,47.434006150850735,121.79922036468666,119.13952518117422,18.884052155578864,24.01338952222509,0.2946580445793209,0.3712366644159683,1,False
AP0118,Fusión,4,0.7014177065904981,22.0492,6046.618866194958,-1630.7571882806114,1176.5878157264162,6351.563433312785,6353.561823505802,,,1171.8486968835882,1172.2221979812166,0.4923622930865229,0.3350634646348214,-495.5127752103695,-340.3361977180366,155.1765774923329,83.64139665893359,344.8922211168814,-130.60104570508324,-131.0707640105228,-185.4839548085531,-212.43906924287762,-0.0,-0.0,-253.81885345673854,-332.4682676825893,47.0,47.0,186.1819430881077,186.1819430881077,27.154464594523112,27.154464594523112,43.72183685302745,43.72183685302745,69.87504001193575,69.87504001193575,97.1420558505588,97.1420558505588,42.307483249240455,42.307483249240455,51.189562818739155,63.97274028535954,30.570426980598043,28.95797177246123,46.98761732313369,45.26040292151563,122.71029690501258,121.6030791847727,18.998631781234945,22.241036262155014,0.29563625675138916,0.36946323489930377,1,False
AP0118,Fusión,5,0.7120297613773628,22.0853,11935.238736105588,-2305.5162786873034,1168.8168145735451,7897.899304676629,7960.007729583193,,,1175.1297596529184,1175.6173369984808,0.4928603620163278,0.30981663162535394,-554.2802170903396,-379.86503015665755,174.4151869336821,42.37849536311429,343.3092955732481,-134.72733945317805,-135.3405210635736,-199.11123610951165,-233.49180258008084,-0.0,-0.0,-253.56981899183606,-345.09168418732304,52.0,52.0,186.12451233294024,186.12451233294024,27.172235107421873,27.172235107421873,43.86917038443692,43.86917038443692,70.05886337952043,70.05886337952043,90.34472471992923,90.34472471992923,42.339106952019456,42.339106952019456,48.474718931186125,62.99109120636427,30.923652759780225,29.196016849232066,47.761670352251095,46.47919068986865,123.88180781959467,124.13843487362047,19.28870526304912,24.24342400534881,0.28397575646930734,0.3690159153175874,1,False
AP0118,Fusión,6,0.8497611849694857,12.0077,9047.25065208039,-2463.6196563608755,1155.0109534135331,9572.115794952844,9629.727659729642,,,1157.9281176965956,1157.5514085868008,0.3507778214476593,0.3075360528774156,-684.9572599799972,-583.1581834683508,101.79907651164638,-6.347883574446642,137.84286627079794,-113.09440139273683,-112.62064866263778,-231.65356783771514,-252.89810961629058,-0.0,-0.0,-324.61108927617033,-346.2319735612922,63.0,63.0,184.72911987304687,184.72911987304687,26.95562976201375,26.95562976201375,42.86777406533556,42.86777406533556,62.18958691358566,62.18958691358566,94.8062861363093,94.8062861363093,37.437866837532766,37.437866837532766,45.42638006210327,52.27665063067708,30.932240825565614,30.751551484030866,47.77545314566799,47.78766321403085,124.16651027888005,123.71396895203942,19.374507525486397,19.941260089375135,0.2702061489646644,0.3109530723860287,1,False
AP0118,Reducción,0,0.8506780331640974,11.9669,6609.278701612857,2584.400117742891,1140.9398285202296,6715.668027277318,6826.780244431165,1337.007715837606,1327.5259560696295,1129.121368323242,1130.40244099467,0.4252179233971997,0.48131548151954745,5288.628956082346,5417.9149646753895,129.28600859304333,6715.668027277318,6826.780244431165,-802.2046295025635,-796.5155736417777,-114.79182811418863,-130.35587159695092,-0.0,-0.0,-287.3910383014001,-259.34225924022627,30.0,30.0,,,,,,,0.0998764917430368,0.0998764917430368,0.15155968652206417,0.15155968652206417,,,53.04045155574454,63.691522074992406,29.203013090910737,28.73792972746943,29.828129995840566,29.848172432466058,120.27918434425638,119.45773910829313,-5.683090753947187,-4.42196399294183,,,1,False
AP0118,Reducción,1,0.9783618057144637,2.2485,382.57737969891394,429.953940074447,1127.8528807099497,276.70136101518585,286.6380101967263,0.0,0.0,1125.4478376741902,1125.2585322422276,0.41016731773380194,0.41603163097792983,-325.16888338018714,-308.3760265369448,16.79285684324236,276.70136101518585,286.6380101967263,-0.0,-0.0,-84.30232798545381,-80.37827694581594,-0.0,-0.0,-294.9163411330991,-291.9841845110351,25.0,25.0,,,,,,,0.062137415988945434,0.062137415988945434,0.00026093817387635895,0.00026093817387635895,,,46.74068509615385,43.036942539553316,26.3044104546441,27.267428704638505,24.59265509711372,24.52610897158164,118.2693550889757,119.98747577267461,-6.043855742313777,-8.822574687094042,,,1,False
AP0118,Reducción,2,0.9857911358677811,1.3675,-54.90525738287402,-58.75186189681153,1121.0781913724013,185.7206697290081,171.05223549030828,707.1033730792161,665.8312508485191,1104.0340743459326,1105.3450698582676,0.36996645334283507,0.5286190876160703,-799.380367343491,-714.0191569002543,85.3612104432367,185.7206697290081,171.05223549030828,-424.26202384752963,-399.4987505091114,-23.1706646195669,-27.230610412666273,-0.0,-0.0,-315.0167733285825,-235.6904561919648,20.0,20.0,,,,,,,0.0024531767117076594,0.0024531767117076594,0.0018263065616768819,0.0018263065616768819,,,7.122219727531312,12.690629154244187,21.29718627081977,19.98109251152778,16.35066564771864,12.756628757527075,115.03547851562499,121.16116607153972,-4.897962526857658,-4.4084461084616775,,,1,False
AP0118,Reducción,3,0.9847225501472573,1.5132,212.43774236098528,615.7897186244409,1120.7298258099459,185.0361955093132,193.21828149439958,665.5178883337524,525.1159478228587,1109.4829750159358,1107.7028158562707,0.3121867107790333,0.33576109227344586,-791.8140223379667,-696.4808705748615,95.3331517631052,185.0361955093132,193.21828149439958,-399.3107330002514,-315.0695686937152,-10.9812649597249,-19.858554235448647,-0.0,-0.0,-343.9066446104834,-332.11945386327704,13.0,13.0,,,,,,,0.004119377089741532,0.004119377089741532,0.001972642544286827,0.001972642544286827,,,4.8576153325099565,17.008671782155222,17.129836813608804,17.34562247077458,8.793681817584568,15.67788318035129,109.45932261149089,120.30851398020417,-7.2374713437143905,18.02018401235803,,,1,False
AP0126,Fusión,1,0.7544573062879458,17.7469,3417.110710328727,-1118.7506508981305,1048.3725467198776,3388.8203848413887,3659.961253327088,,,1052.083390790371,1049.017165917385,0.4579750037526499,0.29686630816246723,-703.057510203822,-333.7262640625242,369.33124614129775,-349.7575515018856,136.97068409771708,20.016869438303274,23.872981135379195,-93.05401211763635,-133.7527654779258,-0.0,-0.0,-271.0124981236751,-351.56684591876643,32.0,32.0,192.55817106613006,192.55817106613006,21.005300810842805,21.005300810842805,45.31917502663344,45.31917502663344,65.17547693734218,65.17547693734218,116.34669768978851,116.34669768978851,45.313970885613955,45.313970885613955,30.695098291262234,55.07661544772406,30.319823243882926,31.566817319799753,46.35882667965359,47.893862920498535,122.57609113057454,119.2610840149786,18.898789806798256,15.53063748034945,0.17316186938214168,0.3107066020663019,1,False
AP0126,Fusión,2,0.6694682737712931,23.7436,3777.847040932257,-1685.1200529603143,1069.7142338872168,4080.321345781975,4136.814165260451,,,1065.455621838334,1065.0789127285393,0.31155461694536263,0.29807941464783666,-487.5458276195284,-365.337695025999,122.2081325935294,0.5180769634120013,141.4670110836576,3.1998326272234734,3.6735853573225223,-137.790727783917,-150.26768089196923,-0.0,-0.0,-344.22269152731866,-350.9602926760816,37.0,37.0,191.7245978104441,191.7245978104441,21.006054580420773,21.006054580420773,45.29200503700648,45.29200503700648,64.62092103121573,64.62092103121573,103.76334528337445,103.76334528337445,43.37024525424891,43.37024525424891,46.80487676252399,53.6551473310978,30.474671335764477,30.29398199422973,46.95897456905147,46.97118463741433,122.99229875627582,122.53975742943518,19.42271092264018,19.99831139967697,0.27214640358259584,0.31197722096224473,1,False
AP0126,Fusión,3,0.640260833125156,24.4556,5529.57360483037,-1411.0484716037622,1070.388279656738,5202.7640047561945,5286.139965492802,,,1088.0763751790385,1086.8483012825118,0.41399434340517743,0.3062815399782647,-379.03848947190534,-202.26990459161064,176.7685848802947,116.84173589417097,370.3138256268889,-25.248228153398887,-23.70379148830246,-168.3788510163379,-192.77039082040125,-0.0,-0.0,-293.0028282974113,-346.85923001086763,42.0,42.0,192.90946962814925,192.90946962814925,21.007360887157827,21.007360887157827,45.312869901435235,45.312869901435235,64.54000509099443,64.54000509099443,99.80953662487889,99.80953662487889,41.9354991824128,41.9354991824128,52.14962830062985,64.39615156631953,30.841832010582017,29.534760146195797,47.62838869448061,48.39208273077026,122.98624529157364,117.12726554456253,19.08420385097107,23.56424791303014,0.3050183542981005,0.3766471365943101,1,False
AP0126,Fusión,4,0.6795972997446766,22.7282,5218.656448973147,-2859.473939032365,1074.9571911776427,5888.262286401618,5948.000249706264,,,1083.9517149141116,1083.575005804317,0.3594652253725517,0.32892927172149977,-399.0618866943578,-280.6536694382339,118.40821725612386,135.98240657292652,285.03395052119265,-20.061018684786013,-19.58726595468725,-185.46556936984595,-201.31467196656095,-0.0,-0.0,-320.26738731372416,-335.53536413925013,47.0,47.0,192.24385104709205,192.24385104709205,21.002892091539174,21.002892091539174,45.358978949652766,45.358978949652766,55.55026460876049,55.55026460876049,87.40507231728571,87.40507231728571,41.434606424967455,41.434606424967455,50.4863257514106,57.33659631998441,31.118942361745997,30.93825302021125,48.81913856163657,48.83134862999943,122.95896783923428,122.50642651239365,19.927793400250863,20.494357177981676,0.3104273243132913,0.3525478615434153,1,False
AP0126,Fusión,5,0.680360709634304,21.9774,7930.790795330815,-1720.227743183099,1096.957744953907,7597.644491130401,7774.818759484218,,,1093.1862512493549,1091.9884979522733,0.49833872688768155,0.30746728565680814,-452.832523867292,-257.92015242673835,194.91237144055367,36.19539831766523,364.88560649856356,-31.674453789670434,-30.16814858036272,-197.27251394019936,-237.1209352744151,-0.0,-0.0,-250.83063655615922,-346.2663571715959,52.0,52.0,192.33208222779086,192.33208222779086,20.974720121179736,20.974720121179736,45.423181843307695,45.423181843307695,60.83238318101414,60.83238318101414,99.03952437106918,99.03952437106918,41.43213151655856,41.43213151655856,47.71194246879913,63.41450248732425,30.817240671011117,29.772805222966632,48.358784758738985,49.61087049912329,122.87559238009982,119.6626212334103,20.32657295681019,25.517263822498794,0.2822284725271115,0.3751131739138077,1,False
AP0126,Fusión,6,0.7289529721558776,19.7733,7720.3824502572825,-1997.7791791503623,1089.0911762654212,8252.546731667038,8280.931943027426,,,1111.702905888376,1111.3906148032022,0.27433471555418015,0.33501935540795885,-680.5343854921458,-392.6374866323787,287.89689885976713,-84.92523813762537,202.53702099218242,-54.961163506662835,-54.56842345780303,-168.56502372601946,-198.86544397180927,-0.0,-0.0,-362.8326422229099,-332.4903222960206,53.0,53.0,165.2641169881263,165.2641169881263,18.436468201527145,18.436468201527145,32.202227311603444,32.202227311603444,59.51040558528239,59.51040558528239,84.33981655981881,84.33981655981881,27.417655627015513,27.417655627015513,36.03499546180964,47.83845725052063,30.001644096999872,29.93340678718908,47.86730497734732,46.22531220056407,122.44977538173099,122.12978608582581,22.629542517086442,20.054105083266972,0.24800094195606215,0.3292350202299187,1,False
AP0126,Reducción,0,0.7546594860364857,17.7437,11062.517954541276,2074.7767141950644,1094.1128158563167,11193.062893666283,11199.133209359945,1074.6119569137322,1088.7024363499042,1077.4977858408233,1077.320210225998,0.4806316362104309,0.49463850099407497,9934.050561981518,9938.062894930043,4.012332948525,11193.062893666283,11199.133209359945,-644.7671741482393,-653.2214618099425,-131.90940036492023,-132.5165278401759,-0.0,-0.0,-259.68418189478456,-252.6807495029625,30.0,30.0,,,,,,,16.182853580896786,16.182853580896786,23.079875421350174,23.079875421350174,,,66.34413130565356,66.22090998298891,26.940629939326534,27.46326243728221,27.155454870153356,28.227422240461813,121.50199548791957,120.38896180250654,-2.2463950523104597,-2.580575885354475,4.476321551786746,4.468007654966811,1,False
AP0126,Reducción,1,0.9698353396078071,2.9429,838.0557375269809,837.5060502971683,1036.827585777852,431.8161329570727,459.4843742166276,0.0,0.0,1080.6977920725694,1081.1359039574002,0.44726316047851217,0.47274301165297516,-125.50136545881327,-94.8484533340104,30.652912124802867,431.8161329570727,459.4843742166276,-0.0,-0.0,-58.29750337832198,-68.05275810030547,-0.0,-0.0,-276.3684197607439,-263.6284941735124,25.0,25.0,,,,,,,0.0020477002791390937,0.0020477002791390937,0.005681012849146294,0.005681012849146294,,,26.27457259740585,33.1368835450937,25.54172989908854,26.375319146151103,25.191960828993057,27.400657237300056,121.3789908311632,119.89960947132413,-0.7867730498827673,-0.3242862485875271,,,1,False
AP0126,Reducción,2,0.9867548958783068,1.3199,233.08065300233568,517.3653352001929,988.9499849168121,236.34290896041907,189.4176065875524,277.00979812667487,70.38383215398895,1019.4958924294165,1017.3760441510664,0.4577142269683376,0.3844796702577626,-443.6970424841393,-409.30931463061563,34.38772785352364,236.34290896041907,189.4176065875524,-166.2058788760049,-42.23029929239337,-20.03961077590216,-26.084881777835918,-0.0,-0.0,-271.1428865158312,-307.76016487111866,20.0,20.0,,,,,,,6.328231663537553e-25,6.328231663537553e-25,1.902334532044685e-18,1.902334532044685e-18,,,5.436599586123512,12.356951867204712,20.107717810736762,17.33846639302042,12.69190251668294,16.62425037409477,119.74942898220486,125.03259244281111,-5.908559690595,23.658845641465856,,,1,False
AP0126,Reducción,3,0.991460970870686,0.8795,,,990.1912894918928,234.10599791515358,196.72526146291324,499.95793345741106,441.84641264762,988.3696168613387,988.7743346781391,0.4197202195872328,0.4660524580458948,-589.7041963463813,-567.1748722842376,22.5293240621437,234.10599791515358,196.72526146291324,-299.97476007444664,-265.107847588572,-11.043968703884547,-9.166939904706151,-0.0,-0.0,-290.1398902063836,-266.9737709770526,13.0,13.0,,,,,,,6.328231663537553e-25,6.328231663537553e-25,1.902334532044685e-18,1.902334532044685e-18,,,4.117943827311198,3.328984888250178,18.360579274495443,16.04295977301764,9.28214845445421,5.741118583589663,120.06253892686632,120.27503690014203,-6.061565069972208,-3.387913542126022,,,1,False
AP0130,Fusión,1,0.7492903090699674,18.9455,3461.872456730197,-1847.4968931729172,1045.6129614644599,3874.832848082706,4333.313995174278,,,1053.1910154526195,1050.0274178378304,0.4149535944128474,0.2957270795050545,-742.4241699074678,-175.44721261653493,566.9769572909329,-368.0953163817702,309.2576617568079,18.62391080252417,22.602479326544376,-91.17924363571719,-145.92057555348623,-0.0,-0.0,-292.5232027935763,-352.13646024747277,32.0,32.0,188.70537651909723,188.70537651909723,27.502600220959597,27.502600220959597,45.538497277462184,45.538497277462184,65.09261375966699,65.09261375966699,103.12661083491162,103.12661083491162,39.54082277856692,39.54082277856692,29.63983043323864,63.41450248732425,30.229386212147553,29.772805222966632,46.04782555898031,49.61087049912329,123.21471218532986,119.6626212334103,18.9619177398277,25.517263822498794,0.16797979284754014,0.3593932500843461,1,False
AP0130,Fusión,2,0.6747290472687852,21.5962,5281.117704274315,-1813.1861227719792,1050.6448708229418,4873.40831866816,4896.595900722889,,,1062.3149671408833,1062.249544018019,0.5184847406966413,0.3759042571068813,-280.2583848691043,-158.70761181774932,121.55077305135498,111.65763598583695,322.5980201681564,7.149547934151718,7.231824635889746,-149.0576212384854,-167.23926727630788,-0.0,-0.0,-240.75762965167934,-312.0478714465593,37.0,37.0,188.76241904810857,188.76241904810857,27.521496421412415,27.521496421412415,45.47471709669676,45.47471709669676,65.02401711982593,65.02401711982593,102.41647863555372,102.41647863555372,39.431109726219844,39.431109726219844,53.47223044947574,63.97274028535954,29.722839777032892,28.95797177246123,46.328764201212934,45.26040292151563,122.38279552746106,121.6030791847727,21.16801725930196,22.241036262155014,0.3035533773685797,0.3631631074655177,1,False
AP0130,Fusión,3,0.7272207059780955,19.3114,5435.003247177836,-2442.436292363098,1051.886154770048,5350.7603365264,5444.434656373841,,,1067.1259977032912,1064.9601873692154,0.4314080611792536,0.34288752700680397,-354.7224300371382,-185.6130307027773,169.10939933436092,105.82108102066053,341.14101908699945,1.0991530690728597,3.822895426150764,-168.0963768175702,-192.77039082040125,-0.0,-0.0,-284.2959694103732,-328.55623649659805,42.0,42.0,188.79555474806205,188.79555474806205,27.50668637771015,27.50668637771015,45.53249757751929,45.53249757751929,65.08027514080669,65.08027514080669,98.79009217254874,98.79009217254874,39.192141889232076,39.192141889232076,52.77222947704699,64.39615156631953,29.765754086126094,29.534760146195797,47.07105896964905,48.39208273077026,124.2762949141245,117.12726554456253,22.90815930599842,23.56424791303014,0.30190402289566187,0.36840318117176774,1,False
AP0130,Fusión,4,0.7311964642481961,18.1845,7667.4404137856245,-881.9362680139957,1052.2889999808174,6640.105166732946,6821.608302008837,,,1066.7753855699254,1064.6645304601616,0.4040349677355378,0.3059213562120767,-367.2926056792375,-147.70301077231585,219.58959490692166,121.52836973758487,420.1111597039854,1.5400860092886415,4.194716187037609,-183.12822739495175,-215.71924687044898,-0.0,-0.0,-297.98251613223107,-347.03932189396164,47.0,47.0,189.31453280978732,189.31453280978732,27.506300820244686,27.506300820244686,40.19884968863596,40.19884968863596,65.02725270589194,65.02725270589194,78.00595849355062,78.00595849355062,39.32275110880534,39.32275110880534,50.48967369927301,64.39615156631953,30.3639988098866,29.534760146195797,46.09416144621288,48.39208273077026,123.85752758269615,117.12726554456253,18.733113332723722,23.56424791303014,0.30634275208732425,0.3907193857531868,1,False
AP0130,Fusión,5,0.7939639052676954,16.2918,8715.623615297478,-2126.97831687249,1078.0362239394015,6979.533304727001,7118.333632164115,,,1066.7578982447205,1066.0229407843906,0.4380947397674993,0.3113187002856238,-469.2931544312537,-188.96980128013277,280.32335315112095,8.374770051173412,397.17376943199235,1.562078225145778,2.486367270153652,-189.0270546923943,-235.03897022616246,-0.0,-0.0,-280.95263011625036,-344.3406498571881,52.0,52.0,188.9198497076454,188.9198497076454,27.537085651901528,27.537085651901528,30.066066847507308,30.066066847507308,64.91470294688483,64.91470294688483,93.15456896128146,93.15456896128146,39.19213882542256,39.19213882542256,45.680042118096495,63.97274028535954,29.85669980497441,28.95797177246123,45.543256710737175,45.26040292151563,123.008839064378,121.6030791847727,19.5294747585679,22.241036262155014,0.2743666297200961,0.38423749918347305,1,False
AP0130,Fusión,6,0.8393556602275418,13.1311,12027.378145371455,-1361.585116176715,1079.5509988451995,8822.918997308647,9323.877888380204,,,1096.925697620363,1092.2149524947483,0.3043159903146936,0.29178081396476174,-792.5419719266831,-438.39170295351715,354.15026897316596,-215.81317084520282,206.05754692303157,-36.37721483595686,-30.452939828971832,-183.2592635039421,-250.63639913102952,-0.0,-0.0,-347.8420048426532,-354.10959301761915,58.0,58.0,184.86593486130838,184.86593486130838,26.682215160170962,26.682215160170962,45.737059013289695,45.737059013289695,54.68626268945559,54.68626268945559,109.72839071871054,109.72839071871054,32.24051503940609,32.24051503940609,36.486201399986186,57.09988918738309,29.578670367379473,31.830811264430515,44.797229318520465,51.139842909499116,123.64292922843215,119.39457615872008,19.617013844088504,19.715302368046395,0.21101326711186869,0.3302298871035649,1,False
AP0130,Reducción,0,0.8894142963047713,10.1941,4886.591691630666,738.2901754988088,1074.483861799771,4847.770466518614,4860.25301067269,866.6543901777876,800.0771204993589,1061.5119928977938,1060.264149572339,0.3478766431123179,0.3204319397953193,3652.451607110583,3685.6027162071573,33.151109096574146,4847.770466518614,4860.25301067269,-519.9926341066725,-480.04627229961534,-126.61297158069678,-132.16841678675667,-0.0,-0.0,-326.06167844384106,-339.78403010234035,30.0,30.0,,,,,,,0.298754687665271,0.298754687665271,17.50930680558789,17.50930680558789,,,62.58555461924563,66.22090998298891,27.479958077889897,26.5557961242387,26.675591272424764,29.789451001528217,119.57638088650174,121.01407027459217,-5.773816845344572,3.9366424959234987,9.052794919726757,9.578637133133881,1,False
AP0130,Reducción,1,0.9740253233421191,2.6805,446.42801027634954,131.73397060746356,1008.376788864666,372.0373044250483,454.7613334667973,172.0466666544663,335.13634588787716,1052.8742542241487,1053.6451684017268,0.34298108604385524,0.4828646916723135,-331.23449148145824,-283.57780800000285,47.65668348145539,372.0373044250483,454.7613334667973,-103.22799999267977,-201.0818075327263,-48.882763658934316,-56.038104493410486,-0.0,-0.0,-328.50945697807236,-258.56765416384326,25.0,25.0,,,,,,,0.03320951964761317,0.03320951964761317,0.0034033028948167844,0.0034033028948167844,,,24.162601255759217,26.404638598875728,18.86141117242006,23.55490441525873,18.13381483968099,21.464511733487097,118.92374169921875,119.60058142566737,14.275120250681312,-1.1232798662885302,,,1,False
AP0130,Reducción,2,0.9825494313557075,1.7499,349.0489295849368,382.4962453564531,982.7611877076731,327.29488258157016,320.3480045921144,748.2489169924445,696.7704961913964,992.5378372178992,992.2343431177671,0.5167385296986216,0.532965033072643,-606.5855229875981,-578.1770280752983,28.40849491229983,327.29488258157016,320.3480045921144,-448.9493501954667,-418.0622977148378,-20.64874494619218,-24.293676212076328,-0.0,-0.0,-241.63073515068922,-233.5174834636785,20.0,20.0,,,,,,,4.2079323995426075e-21,4.2079323995426075e-21,0.004810122969296215,0.004810122969296215,,,7.464771452404203,11.26035307487183,18.74175176832411,18.137716783226534,9.694612163967555,10.753465336342893,121.65899759928384,123.85233249086043,-5.977301120319467,1.3425658774783154,,,1,False
AP0130,Reducción,3,0.9892138410792526,1.0938,96.95956895340333,267.5710519963086,982.6215188830887,211.51743393603152,194.223608125231,546.5252919099806,438.9561072110349,982.1710854219222,981.0092082078525,0.5387830059465505,0.5202150869010472,-579.0706661311893,-543.9321263086333,35.13853982255603,211.51743393603152,194.223608125231,-327.91517514598837,-263.37366432662094,-9.41285261768765,-12.238038280946835,-0.0,-0.0,-230.60849702672476,-239.89245654947638,13.0,13.0,,,,,,,4.2079323995426075e-21,4.2079323995426075e-21,3.703536618230142e-21,3.703536618230142e-21,,,4.777615053225786,9.055779761533021,15.150547069973415,14.22638511632222,3.0668421215481225,6.180701850651575,120.46353601526333,121.90122540335376,-6.392209622027883,11.69372586748714,,,1,False
AP0136,Fusión,1,0.7530687604843846,17.1861,3316.7130014897093,-2134.2621289350136,1018.3209849771517,3683.6011919560333,3828.2870829641056,,,1032.604479608034,1031.6146868167993,0.3152042423036871,0.3360952418140056,-785.5873610657484,-425.50349922543563,360.08386184031275,-388.25656661362837,-9.989593989176212,44.5137215505775,45.75849377638108,-90.1963192556128,-120.06970202071503,-0.0,-0.0,-342.39787884815644,-331.95237909299726,32.0,32.0,184.0953948666351,184.0953948666351,30.010370427911937,30.010370427911937,44.10328159524938,44.10328159524938,73.41079348169193,73.41079348169193,99.65446777343752,99.65446777343752,39.1049850309738,39.1049850309738,28.841020618785514,47.83845725052063,30.443667369418677,29.93340678718908,46.3273924716064,46.22531220056407,123.28738712734646,122.12978608582581,18.608810975404097,20.054105083266972,0.162282416835846,0.26917703651777697,1,False
AP0136,Fusión,2,0.6602684588371907,21.3376,5035.496267352227,-2058.5336761372823,1036.5584123564086,4923.524726462038,4978.513205750156,,,1033.194100974479,1032.8173918646844,0.3639095482904751,0.3093100324207815,-254.28539842539635,-155.7949940849775,98.49040434041885,185.78118109070593,323.57454374392506,43.772208471081626,44.245961201180386,-156.54324423349323,-169.02019734154544,-0.0,-0.0,-318.04522585476246,-345.3449837896093,37.0,37.0,184.05896124588816,184.05896124588816,29.99756641053317,29.99756641053317,44.197927695826486,44.197927695826486,73.36085397820723,73.36085397820723,95.03267136958607,95.03267136958607,39.09340477658991,39.09340477658991,57.08692878589296,63.93719935446677,30.431365994290186,30.250676652755438,46.361107367376036,46.3733174357389,123.24936955998967,122.79682823314904,18.69903406328992,19.27113596999047,0.3244999805268942,0.3634390636652303,1,False
AP0136,Fusión,3,0.7038709714930413,19.3617,5460.592853299726,-2171.2533564228306,1052.362930051953,5586.205067219429,5591.304774924212,,,1051.9945064687838,1051.8415217023069,0.3865088537986073,0.3423205562601628,-190.73480328046523,-142.4940929479094,48.240710332555835,291.1795420373353,368.4275830724417,20.128651152416403,20.32104615667182,-186.04710547059233,-193.15268240817605,-0.0,-0.0,-306.7455731006964,-328.8397218699186,42.0,42.0,184.11751794149708,184.11751794149708,29.998584836028343,29.998584836028343,44.14816288911096,44.14816288911096,73.26744753815407,73.26744753815407,84.82932591401331,84.82932591401331,39.06538852425509,39.06538852425509,60.91172755041788,64.66485752608135,30.54982931230806,29.980638812115647,46.7611730504919,46.62113500033212,121.93796926024098,120.36563093856411,18.44280021228545,19.90724738722963,0.354284546782628,0.3761141025335075,1,False
AP0136,Fusión,4,0.7195267787943265,18.7116,6379.054606564608,-1279.5085933267192,1070.7882720760504,6745.523824079332,6810.097653470754,,,1063.088264479724,1061.9016467139836,0.4183731511060891,0.307656425284875,-354.27023385221906,-242.63601197790604,111.63422187431303,134.64348736727308,320.83599676646264,6.177042316611001,7.669343382571022,-195.02702119021944,-215.71924687044898,-0.0,-0.0,-290.8134244469555,-346.1717873575625,47.0,47.0,184.14031134711374,184.14031134711374,29.99315380520291,29.99315380520291,44.152344343397445,44.152344343397445,73.48566470675998,73.48566470675998,99.0912314520942,99.0912314520942,39.077639261881515,39.077639261881515,55.053423987494575,64.39615156631953,30.756310010689088,29.534760146195797,47.41505894582041,48.39208273077026,123.1305905317302,117.12726554456253,19.11780530892449,23.56424791303014,0.3100489585831823,0.36266517654628383,1,False
AP0136,Fusión,5,0.7310472681289103,19.9228,7522.506954846671,-3166.420476143043,1077.0266687056512,7852.842533072978,8074.9481237620785,,,1084.9429633342522,1083.4946306355298,0.4484079000512328,0.3055049040368695,-439.79423478317347,-286.81899592915966,152.9752388540138,71.47569114850772,326.28599065263626,-21.307621522460536,-19.486185426887275,-204.9159365359089,-237.1209352744151,-0.0,-0.0,-275.79604997438355,-347.2475479815653,52.0,52.0,184.14261712608095,184.14261712608095,29.998716572695564,29.998716572695564,44.21035102508346,44.21035102508346,69.98054061025942,69.98054061025942,93.97188590187695,93.97188590187695,39.088304819550906,39.088304819550906,50.876835277245476,63.41450248732425,30.968980677564804,29.772805222966632,46.777990303979934,49.61087049912329,123.67373525736032,119.6626212334103,17.45539103379062,25.517263822498794,0.29219834501757663,0.3642052925645802,1,False
AP0136,Fusión,6,0.7527981629755944,17.3776,14539.768145036634,-2749.440884764159,1066.3745458134892,12130.07810785832,12109.000062285926,,,1094.237538682927,1094.5986759749155,0.3302846560640584,0.30682594004080305,-714.4895554004702,-515.7486995268494,198.74085587362083,-121.82132990631533,121.18314046792982,-32.99656222512852,-33.450731698527726,-215.5636734021273,-247.64376041772476,-0.0,-0.0,-334.85767196797076,-346.58702997959847,66.0,66.0,167.03339923246617,167.03339923246617,26.81974743950245,26.81974743950245,34.301819702318234,34.301819702318234,61.125860695021146,61.125860695021146,89.77094476738503,89.77094476738503,29.52184437589763,29.52184437589763,37.11142540139173,47.83845725052063,30.899659276226767,29.93340678718908,48.35552153122059,46.22531220056407,122.48555170994177,122.12978608582581,19.86780619180042,20.054105083266972,0.23757446017786213,0.30624519360573965,1,False
AP0136,Reducción,0,0.8356958915645343,12.8596,8100.965926827449,2736.134498425219,999.0453003486191,7714.646276640594,7697.798905129738,1692.7575315255463,1625.6337800321987,1045.0012789070574,1043.2767976813973,0.31869989758054995,0.2978878315887482,6003.314911546762,6016.12638383788,12.811472291117752,7714.646276640594,7697.798905129738,-1015.6545189153277,-975.3802680193191,-132.37521969195865,-132.58459379009267,-0.0,-0.0,-340.650051209725,-351.0560842056259,30.0,30.0,,,,,,,24.07168093391285,24.07168093391285,7.610525709881838,7.610525709881838,,,66.14960202452956,66.22090998298891,27.731135118272565,26.80697316462137,27.30931682906337,30.423176558166823,120.30572487160012,121.74341425969055,-5.2084979070010835,4.43046517947423,5.026132294404835,5.031550365291003,1,False
AP0136,Reducción,1,0.9763134908927934,2.3364,59.36385581115693,-432.28532523346985,988.5379851334135,372.53418492665634,362.48605735434836,542.8662976371988,470.4458366252249,973.553476879415,972.3915996653453,0.3655397300711765,0.3700378343652573,-549.7908837696131,-519.5707319401178,30.220151829495308,372.53418492665634,362.48605735434836,-325.7197785823193,-282.2675019751349,-56.72357987271823,-62.15662922513973,-0.0,-0.0,-317.2301349644118,-314.9810828173714,25.0,25.0,,,,,,,0.02541166677705823,0.02541166677705823,7.616420936407885e-19,7.616420936407885e-19,,,26.060361265524843,30.338525973832077,24.875572109646267,23.95141015599507,21.9657968343099,25.07965656341335,118.62206081814236,120.05975020623279,-5.778187935741954,4.987981457396636,,,1,False
AP0136,Reducción,2,0.9773651729394913,2.1777,328.94669206276814,1068.726867293426,995.504572750037,355.224708032304,314.4685989855639,853.4162564316397,734.8988505033005,972.7314799670838,970.0965372856461,0.38187584573631095,0.36271757247690506,-714.7436119691749,-687.8279621888171,26.915649780357853,355.224708032304,314.4685989855639,-512.0497538589838,-440.9393103019803,-26.204913733830526,-20.06446183403306,-0.0,-0.0,-309.06207713184455,-318.6412137615475,20.0,20.0,,,,,,,0.005918475272349564,0.005918475272349564,0.09866376292006304,0.09866376292006304,,,13.859716554672,8.043789608356489,17.85320651584201,16.32882494413768,8.166366348266601,11.11688629596983,122.30489101833766,122.93477918330827,-5.198000616638746,13.092001570278931,,,1,False
AP0136,Reducción,3,0.9832714052747232,1.658,293.81918951196843,57.22427999114552,997.2154858889671,264.0116776596228,240.1248690371388,669.9410900730185,565.8719667394765,994.5425809649139,993.1155498914229,0.4976635706814642,0.48212542110670925,-623.6034163624537,-593.4191431623324,30.18427320012131,264.0116776596228,240.1248690371388,-401.9646540438111,-339.5231800436859,-11.83065004217745,-12.431967432319777,-0.0,-0.0,-251.16821465926787,-258.9372894466454,13.0,13.0,,,,,,,2.8526152810318675e-18,2.8526152810318675e-18,1.5286724167667165e-23,1.5286724167667165e-23,,,7.0198747422960075,8.200378835908818,16.680970702508482,15.414579445417655,5.862714505436443,8.38488619435508,119.42178523516412,120.1547108522617,-7.255728828275083,9.04408904689122,,,1,False
AP0140,Fusión,1,0.6706610361127767,21.5176,2924.49460370222,-1817.8108237899182,1004.9505196147622,3494.5109015152448,3722.3816684014755,,,1026.1937796032107,1024.4152172440108,0.4089689242815268,0.3390541925716973,-719.3606364416823,-129.57477664651154,589.7858597951708,-380.01539536600916,292.30854926864777,52.57587494736032,54.812610803791806,-87.1552602648687,-136.9727151058715,-0.0,-0.0,-295.5155378592366,-330.4729037141514,31.0,31.0,184.58739839804295,184.58739839804295,30.197593241990216,30.197593241990216,45.0323478929925,45.0323478929925,65.07181618430397,65.07181618430397,102.10829584911617,102.10829584911617,40.931799316406256,40.931799316406256,28.498553651751898,61.39122874766522,30.619934823777946,29.50881127833587,46.793428124321835,46.364890510122706,122.8928796980116,119.52912908966881,18.55174297191176,21.09265762159064,0.16461129281498818,0.3546035934014009,1,False
AP0140,Fusión,2,0.5918571957602592,24.5477,4849.428495366163,-1634.163310777441,1019.9274067970805,4365.402134174593,4434.856131249351,,,1022.3330334556298,1021.1211007384352,0.4351984464182125,0.3249153932463441,-248.92622667931246,-78.64633062589104,170.27989605342142,130.55348384451625,374.4227331634104,57.43118367252569,58.95532104679863,-145.25979950653243,-165.2317635603439,-0.0,-0.0,-282.40077679089376,-337.54230337682793,36.0,36.0,184.60319652891997,184.60319652891997,30.20630327191269,30.20630327191269,44.98051029673784,44.98051029673784,60.31727434124863,60.31727434124863,99.9672239069353,99.9672239069353,40.83016999897204,40.83016999897204,52.649802224677906,64.39615156631953,30.82921239240137,29.534760146195797,47.76279477310756,48.39208273077026,123.18489634886407,117.12726554456253,19.41859245245812,23.56424791303014,0.30889316280215096,0.3778082744683818,1,False
AP0140,Fusión,3,0.6601918369180071,22.2394,5348.90192833455,-2069.613380105031,1040.3672990852465,5376.645461491539,5390.417150041693,,,1035.521737223631,1034.69811692808,0.5170072540549167,0.3818029219743168,-206.02630553098209,-109.12411030527099,96.9021952257111,175.99379544675443,355.52462159843304,40.844952402562335,41.88074461845747,-172.11836250882897,-188.18061961039172,-0.0,-0.0,-241.49637297254168,-309.09853901284157,41.0,41.0,184.55117225351262,184.55117225351262,30.203783611918603,30.203783611918603,45.03191107225047,45.03191107225047,64.25369040319163,64.25369040319163,102.36164986070737,102.36164986070737,40.73715659444646,40.73715659444646,55.624778664758956,64.39615156631953,31.179224763093174,29.534760146195797,48.13931655480118,48.39208273077026,123.54345160590277,117.12726554456253,18.80257119114339,23.56424791303014,0.3217341591842805,0.37246784933311483,1,False
AP0140,Fusión,4,0.6837026770780049,20.9263,7201.534344640793,-2329.022613771205,1046.8919564972937,6535.640929110696,6592.037511667101,,,1056.705352167936,1056.3286430581416,0.4926374971580592,0.4132411442753514,-230.7252862712128,-143.2145136836204,87.51077258759241,213.7855589380954,356.03264288479164,14.20424966325518,14.678002393353943,-195.78352555266474,-211.29541320051348,-0.0,-0.0,-253.68125142097043,-293.3794278623243,46.0,46.0,184.52418077256945,184.52418077256945,30.20556933085124,30.20556933085124,45.02667143079979,45.02667143079979,64.85414538913304,64.85414538913304,95.24553502400715,95.24553502400715,40.724666171603744,40.724666171603744,56.64817318386501,63.498443752438824,31.307902840688723,31.127213499153974,48.451785455706,48.463995524068864,123.296440943364,122.84389961652337,18.73046628532496,19.286640363033406,0.33241374920370065,0.3726114112777881,1,False
AP0140,Fusión,5,0.7382789222068749,17.8437,8747.175726100766,-1849.102625135587,1047.5564046596521,7592.853846539604,7610.933481636942,,,1056.6678768849633,1056.011803834233,0.45205416323704867,0.2961796244320724,-385.8443918530962,-226.2259785491953,159.61841330390092,87.06981900093515,353.936396622208,14.251378912742279,15.076462221975886,-203.94235348636977,-234.07833171048722,-0.0,-0.0,-273.97291838147567,-351.91018778396375,51.0,51.0,184.62220850530656,184.62220850530656,30.204095996400845,30.204095996400845,45.042606838394235,45.042606838394235,65.08698031827339,65.08698031827339,101.96365298864976,101.96365298864976,40.84430292477397,40.84430292477397,51.3420687309601,64.39615156631953,31.44867851061699,29.534760146195797,48.83058843368138,48.39208273077026,123.0050092126569,117.12726554456253,18.70393909100785,23.56424791303014,0.296605096033906,0.3720190321825584,1,False
AP0140,Fusión,6,0.7900272315963948,15.4266,8778.74138261293,-2131.7027339022225,1045.5870917786942,10242.456469284287,10200.108626482144,,,1058.4742578833004,1058.8159198389192,0.42582228718352416,0.2977534642950489,-603.3399456559167,-306.93461304436426,296.40533261155247,-93.35029924410895,324.4055991641575,11.979658088078766,11.549980971075827,-225.63013019272037,-282.5166074281938,-0.0,-0.0,-287.0888564082379,-351.1232678524756,67.0,67.0,183.77719132357802,183.77719132357802,30.198986784112513,30.198986784112513,38.97215061894177,38.97215061894177,38.09319312686012,38.09319312686012,98.02868335865162,98.02868335865162,38.163190998038644,38.163190998038644,38.89368134352265,57.58737667581539,31.111154420914186,29.423950707171663,48.95951836698799,45.4578427504436,122.51669593728998,120.5972897194129,20.03415801184567,20.281729493021306,0.24562010046592045,0.3636739119589209,1,False
AP0140,Reducción,0,0.8103022135866271,14.4858,8544.457319206567,1825.1576057437705,1017.9277775461495,8433.113681848408,8541.316712313459,1494.6384876295376,1514.6320498166356,1032.87420172835,1033.312313613181,0.4556333497517933,0.5342652022806758,6920.992306445709,7044.808820196561,123.81651375085221,8433.113681848408,8541.316712313459,-896.7830925777225,-908.7792298899814,-120.50338242405398,-132.20968809043416,-0.0,-0.0,-272.18332512410336,-232.86739885966213,30.0,30.0,,,,,,,0.3153306923463227,0.3153306923463227,0.32930919877804254,0.32930919877804254,,,58.63584181262601,65.49815276031387,27.307289937337238,28.1408791843998,26.57686253837145,28.78555894667845,123.18778550889758,121.70840414905851,-3.970152996526114,-3.442384543360148,,,1,False
AP0140,Reducción,1,0.9777468884394119,1.9572,104.72457414120781,-256.025085506104,989.5107370119317,348.5502087731082,363.97127333882213,675.0354768437625,645.8974757905778,989.230741884558,989.4483454487754,0.5257940114076488,0.5687414320618326,-570.3920616920025,-528.0363245163426,42.3557371756599,348.5502087731082,363.97127333882213,-405.0212861062575,-387.53848547434666,-54.16641478585745,-66.18825313491426,-0.0,-0.0,-237.1029942961756,-215.6292839690837,25.0,25.0,,,,,,,0.0001340460253115266,0.0001340460253115266,0.0012309944297943939,0.0012309944297943939,,,23.626122733874197,32.75088659692962,25.20964141167535,25.357271581942573,22.906121239032792,24.926764809181247,118.33278537326389,122.11347419346777,-5.282258109984555,-0.2838412121952889,,,1,False
AP0140,Reducción,2,0.9798189297154651,1.8159,144.33570432599126,248.91778367691404,986.1005964136581,312.8824477484741,278.0340680325338,598.5022499247865,488.3183793057391,974.0102225487243,972.6712732833518,0.5395373446245828,0.5296819162052178,-525.9911399215107,-498.9881524355909,27.00298748591979,312.8824477484741,278.0340680325338,-359.10134995487186,-292.99102758344344,-26.88933475058419,-26.220575710470108,-0.0,-0.0,-230.23132768770859,-235.15904189739112,20.0,20.0,,,,,,,1.4903083144465843e-22,1.4903083144465843e-22,0.009559321517543158,0.009559321517543158,,,13.972586350213913,14.15525480136319,18.517700475056962,16.607084732503296,9.0306405766805,10.505350348024697,124.85568305121528,124.77849011139561,-4.819893633884713,10.521605274800114,,,1,False
AP0140,Reducción,3,0.9826736384639216,1.5679,29.497863121029354,36.14192712075601,988.6425006974056,257.24061027261456,238.5903979561744,780.4641416997023,738.3139031345903,982.6777712434198,982.1788683623244,0.5774712315654168,0.6062277866188974,-658.1461605562099,-635.7675360605517,22.378624495658187,257.24061027261456,238.5903979561744,-468.27848501982135,-442.98834188075415,-13.19232631489147,-11.831910168600606,-0.0,-0.0,-211.2643842172916,-196.8861066905513,13.0,13.0,,,,,,,1.4903083144465843e-22,1.4903083144465843e-22,5.75384733828612e-22,5.75384733828612e-22,,,8.294535920114228,6.823957116357346,17.442543436686197,16.47362269028109,7.679123280843098,7.4740399519900516,119.7055950249566,119.6847918604102,-5.927428659685354,-1.0301290258584663,,,1,False
AP0141,Fusión,1,0.7289289932006189,18.793,3545.959076484895,-1696.2026448854747,1006.5657410102376,3318.9693955718476,3788.759757136017,,,1024.9137175967874,1021.8796217853403,0.5586933459625618,0.2976403979576879,-538.1636326238438,-111.42916287634228,426.7344697475015,-267.71822094884124,332.3601153856408,54.18569232228259,58.00139822554098,-94.72745907963784,-141.36055756743977,-0.0,-0.0,-220.6533270187191,-351.1798010211561,31.0,31.0,185.0441041272096,185.0441041272096,30.68322451813053,30.68322451813053,45.1172775114425,45.1172775114425,64.6204694651594,64.6204694651594,101.81028201941288,101.81028201941288,46.24675416272096,46.24675416272096,34.02679566662721,63.41450248732425,30.000195927090118,29.772805222966632,45.4378825295866,49.61087049912329,122.40459946526421,119.6626212334103,18.57063965547344,25.517263822498794,0.1963453976124385,0.36592178197609365,1,False
AP0141,Fusión,2,0.6802313740424836,21.0681,4569.666145589019,-2046.372965905467,1014.8574733974899,4206.968052081926,4395.691647059609,,,1022.0416893504499,1020.1437189930161,0.5511420165537587,0.3503885026133027,-250.19243496455556,-73.2724836017442,176.91995136281136,64.75908942179132,365.83086151998026,57.79758061286626,60.18448503089634,-139.06979537716427,-165.2317635603439,-0.0,-0.0,-224.42899172312065,-324.8057486933487,36.0,36.0,184.7257542660362,184.7257542660362,30.671867665073325,30.671867665073325,45.07559118438189,45.07559118438189,63.79072254917077,63.79072254917077,98.45166079872534,98.45166079872534,41.96398679499041,41.96398679499041,49.80075480143229,64.39615156631953,30.353505214198574,29.534760146195797,46.240697509032465,48.39208273077026,122.64695839638466,117.12726554456253,18.596778632662076,23.56424791303014,0.29030029776763827,0.3753802939198599,1,False
AP0141,Fusión,3,0.6954676266124749,19.4304,4379.065600894503,-1428.6646323308996,1025.4893381377722,5126.311648524798,5202.403877266319,,,1029.450756173321,1028.2679215663989,0.525559317948288,0.36068636757766204,-169.62372620429161,-52.9857287073865,116.63799749690511,196.89391411567772,414.13460946352177,48.47987221782986,49.96741554958067,-168.526853613015,-188.18061961039172,-0.0,-0.0,-237.220341025856,-319.656816211169,41.0,41.0,185.1618781038033,185.1618781038033,33.014823263005695,33.014823263005695,46.82949871684238,46.82949871684238,72.8041615567466,72.8041615567466,67.940595051369,67.940595051369,40.27378875968993,40.27378875968993,54.23425188877785,64.39615156631953,30.802230713859434,29.534760146195797,47.46315478773975,48.39208273077026,123.05713523582175,117.12726554456253,18.99325387865289,23.56424791303014,0.3276403323321007,0.389030469957732,1,False
AP0141,Fusión,4,0.6760576989584498,22.3019,5971.887227193281,-2548.1013278024175,1030.7986458056544,6713.008868144825,6774.51452786776,,,1038.8973806117197,1038.0165779931058,0.5025743931649915,0.3229766527410171,-310.30619067551055,-164.39821162247858,145.90797905303197,94.81946177036421,356.78583712561976,36.5997132263208,37.707418440760776,-183.7622443557631,-211.12947566043945,-0.0,-0.0,-248.71280341750423,-338.51167362949144,46.0,46.0,185.2058759901259,185.2058759901259,30.676528040568037,30.676528040568037,45.12060843573681,45.12060843573681,63.779770151774095,63.779770151774095,100.98788231743706,100.98788231743706,40.3613390604655,40.3613390604655,51.60944417317709,64.39615156631953,31.08281048713847,29.534760146195797,48.18748757653203,48.39208273077026,122.37962493535757,117.12726554456253,18.855418244000752,23.56424791303014,0.29879507077783213,0.37282425674870334,1,False
AP0141,Fusión,5,0.6913558116328378,20.5472,9363.502044617695,-2016.3304738910865,1038.3783459296938,7910.01565930037,8087.7769460778345,,,1042.5152242239399,1041.2027171003388,0.42263253578641896,0.3021743612479452,-341.0138423131845,-81.54420039611648,259.46964191706803,114.65629437194326,470.7259154747459,32.04988089204443,33.70050153516937,-189.78596757145343,-227.80748013107615,-0.0,-0.0,-288.68373210679056,-348.91281937602736,51.0,51.0,163.35687766195664,163.35687766195664,27.48501439505944,27.48501439505944,39.08744978096692,39.08744978096692,57.71407123501082,57.71407123501082,86.78413692512892,86.78413692512892,36.111728166759015,36.111728166759015,46.26520050636072,61.558494872795976,30.987488699366903,29.929758945668596,47.84087954941616,49.09958238935968,123.65155976124296,119.65978253406166,19.09275355505838,24.00390002515347,0.3044007694776896,0.40502263044534453,1,False
AP0141,Fusión,6,0.7900398099303401,14.6182,6338.9401749340595,-3139.3757125406846,1075.8427300829517,11286.847212022773,11560.912118760432,,,1050.0686965547075,1046.6570022858323,0.4216067170557888,0.3016199244840405,-632.9296812813097,-383.0460780050786,249.88360327623116,-129.4884660246897,240.07485389638276,22.550566844719484,26.841143929577964,-227.5448227303057,-291.5217201741314,-0.0,-0.0,-289.1966414721056,-349.1900377579797,67.0,67.0,182.4122624715169,182.4122624715169,32.30295277348271,32.30295277348271,40.558768667998166,40.558768667998166,69.3560807969835,69.3560807969835,96.02592811584474,96.02592811584474,35.07762927711893,35.07762927711893,40.23285211633753,58.08153826637837,30.543731971227317,31.59276618765968,46.82368190807169,49.92105514114609,122.68981547706377,116.85922046987231,18.827233074587358,17.845792605688896,0.23540780102245945,0.3398428519000712,1,False
AP0141,Reducción,0,0.7271593016408555,18.7628,12338.483061422969,1184.4022190111846,1114.563975045481,12927.884418296255,13089.307370316486,1621.145399219731,1599.577130446456,1067.4764492683144,1067.5227712623243,0.3649122348594792,0.3445956207243426,11293.563907387614,11445.264437762831,151.70053037521757,12927.884418296255,13089.307370316486,-972.6872395318385,-959.7462782678735,-121.43781352972215,-133.94288937113168,-0.0,-0.0,-317.5438825702604,-327.7021896378287,30.0,30.0,,,,,,,22.13835224153503,22.13835224153503,25.16978777362915,25.16978777362915,,,58.37689957157257,66.22090998298891,28.2383656028465,28.385995773113724,28.193117099338103,30.213760669486557,119.93098004376446,123.71166886396834,-5.485636705638625,-1.0194823178543255,3.207846429239442,3.638879611437287,1,False
AP0141,Reducción,1,0.9551698791579972,3.7538,411.3029104915264,586.8135303957843,1048.940107133983,1061.9403728062455,1007.2475025069174,1341.868188438118,1282.6965275417879,1092.3990358911065,1092.2121241474147,0.4011710953257188,0.4502005319429951,-332.2678063890646,-317.80342291061595,14.464383478448667,1061.9403728062455,1007.2475025069174,-805.1209130628708,-769.6179165250727,-67.02123851847854,-57.88169958713807,-0.0,-0.0,-299.4144523371406,-274.89973402850245,25.0,25.0,,,,,,,0.0001475440744702381,0.0001475440744702381,0.005742928047791542,0.005742928047791542,,,33.50466895470253,28.291815484689753,24.91860577392578,22.600986272447976,25.805791978624132,22.264762107759584,121.00348871527778,121.21598668855349,2.7676369085307835,5.570878051746014,,,1,False
AP0141,Reducción,2,0.9630425756710486,3.274,993.5376192689179,989.4431281935831,995.7529542608969,617.1677965616647,623.730616152599,963.4899155602495,913.3327736605495,1020.621128830506,1021.0113138018651,0.508156936036323,0.49502166184347307,-451.231486167792,-429.41977478091565,21.811711386876368,617.1677965616647,623.730616152599,-578.0939493361496,-547.9996641963297,-21.732226134648396,-30.009982382101416,-0.0,-0.0,-245.9215319818385,-252.48916907826347,20.0,20.0,,,,,,,8.908910757664656e-22,8.908910757664656e-22,2.1930322259930974e-21,2.1930322259930974e-21,,,8.590837872217572,17.21201712103017,18.727368842230902,17.762504415996922,9.524834785461426,10.702313057365473,124.37875956217447,122.67684691368405,-4.833469683315326,2.644452761963039,,,1,False
AP0141,Reducción,3,0.9820622209369796,1.6549,-66.80748000035996,292.84096354179565,993.5396444402654,296.9259705916794,289.80225797970166,911.2342391950319,855.6416943647876,994.0292164962726,993.7257223961406,0.5990207962021379,0.5879640016101698,-685.2075669834434,-666.8733553160832,18.334211667360137,296.9259705916794,289.80225797970166,-546.7405435170191,-513.3850166188726,-12.251816882352474,-14.621022205177173,-0.0,-0.0,-200.48960189893106,-206.0179991949151,13.0,13.0,,,,,,,8.908910757664656e-22,8.908910757664656e-22,2.1930322259930974e-21,2.1930322259930974e-21,,,7.474033482869467,11.269615105337094,16.77402756302445,16.169992577926873,6.5524951454445155,7.6113483178198535,117.73924018012153,119.93257507169812,-6.767365602115158,1.4137419198535222,,,1,False
AP0142,Fusión,1,0.782065426147984,16.9547,3189.8397501832824,-1824.6613349972106,1023.9020473887974,3463.5415009750022,3822.272033147484,,,1040.389918693515,1038.0007111971752,0.49633385752171905,0.3045861663391654,-628.7622903134778,-163.46277925561463,465.2995110578632,-309.8718076924106,294.23829622216203,34.7226840474603,37.727372664575924,-92.5297775304588,-138.47121341300706,-0.0,-0.0,-251.83307123914045,-347.7069168304173,31.0,31.0,185.19873244160354,185.19873244160354,30.651882657137786,30.651882657137786,45.23855276396781,45.23855276396781,65.0474563752762,65.0474563752762,101.19944143584281,101.19944143584281,40.84803072226168,40.84803072226168,31.968082682291666,61.558494872795976,30.611694558461508,29.929758945668596,46.80765623721777,49.09958238935968,122.60780940585666,119.65978253406166,18.509114341715456,24.00390002515347,0.1844331981626157,0.3551489213882645,1,False
AP0142,Fusión,2,0.6685369818114265,21.761,5369.028304785941,-1224.0147646423256,1046.1273358435997,4091.889150795025,4254.049934154927,,,1038.9074596399741,1037.4368682013853,0.48848216871099415,0.3412035114172762,-244.94243902984758,-115.1047470945368,129.83769193531077,129.1530880822412,350.3391120204511,36.587037750660244,38.43646663564605,-145.67333131931787,-165.2317635603439,-0.0,-0.0,-255.75891564450293,-329.3982442913619,36.0,36.0,185.57956457305372,185.57956457305372,30.683047860128834,30.683047860128834,45.28875068530703,45.28875068530703,64.9773731967859,64.9773731967859,101.40118044133773,101.40118044133773,41.029955090974504,41.029955090974504,53.546939140453674,64.39615156631953,30.164573362424925,29.534760146195797,46.419726764117634,48.39208273077026,121.1467340509455,117.12726554456253,19.114134404318538,23.56424791303014,0.30849742438657113,0.3710024740444673,1,False
AP0142,Fusión,3,0.7335873523744088,19.9912,4090.004161218226,-3131.9552280135367,1064.1295665617138,5506.498379875383,5456.0540314672,,,1062.8268667952682,1062.1793495830427,0.4536593757816957,0.45085836944592406,-133.72986405371805,-62.32601522731596,71.40384882640208,324.1713537956533,402.9188694447581,6.5057783716536415,7.320101782215866,-181.98636621294463,-188.74385327832377,-0.0,-0.0,-273.1703121091522,-274.570815277038,41.0,41.0,185.77679490673452,185.77679490673452,30.661903842659886,30.661903842659886,45.32096013505333,45.32096013505333,64.94731861676357,64.94731861676357,85.4205713553022,85.4205713553022,40.93622649436774,40.93622649436774,60.93551981134932,64.66485752608135,30.72011982751271,30.15895805720466,47.03122734594598,46.54969985242748,123.94954775855653,119.29001119541803,18.913325835744764,18.7053645349008,0.3636077164637002,0.38586100936369955,1,False
AP0142,Fusión,4,0.6880501401010216,19.4479,9653.422302080293,-1023.6947994957991,1076.4643103180322,6682.14512994915,6805.03204163749,,,1079.9095302263152,1078.6981785865519,0.5215133724899647,0.3497846445771369,-347.47543487283866,-204.35757074039554,143.11786413244312,99.33087391463802,354.5840251604857,-14.977531236204312,-13.454124630082003,-183.33514589732647,-211.12947566043945,-0.0,-0.0,-239.24331375501768,-325.10767771143156,46.0,46.0,185.26806572808164,185.26806572808164,30.665394761827258,30.665394761827258,46.15077569749617,46.15077569749617,65.02105933295356,65.02105933295356,99.36324208577474,99.36324208577474,40.975125800238715,40.975125800238715,51.916292148166235,64.39615156631953,30.56868880612349,29.534760146195797,47.267137834986336,48.39208273077026,121.53828563645096,117.12726554456253,19.060026225363952,23.56424791303014,0.3000699525948851,0.37220204579808513,1,False
AP0142,Fusión,5,0.8160594312175425,13.9127,6017.718483528837,-2066.452608575917,1082.3368214705188,5628.768494444985,5899.203580529874,,,1088.5451427237035,1085.5281422536273,0.28055818309180525,0.30033126725042997,-402.8391885650527,-219.07996424700957,183.75922431804315,180.82683058694266,375.2167377481206,-25.837754390733288,-22.04354774097266,-188.85703840823652,-213.16846998044426,-0.0,-0.0,-359.72090845409735,-349.834366374785,51.0,51.0,160.86282690925674,160.86282690925674,26.609560267653304,26.609560267653304,36.666983815905574,36.666983815905574,57.0505380163287,57.0505380163287,77.21491348347581,77.21491348347581,35.985367452233234,35.985367452233234,47.07331601461011,55.07661544772406,30.405506760034804,31.566817319799753,43.72481809436765,47.893862920498535,124.30724109095385,119.2610840149786,14.830085343705065,15.53063748034945,0.3230999285762933,0.37803265255119306,1,False
AP0142,Fusión,6,0.8118647936538737,14.1682,12171.74982858511,-2168.0744310197624,1106.1377927819838,10439.398576462532,10702.671285764423,,,1097.0511604613428,1094.2216880008864,0.44209255576887835,0.30656740786841585,-637.4760789132797,-454.13955521716446,183.33652369611525,-76.45254399768994,224.33194118244387,-36.53499802169533,-32.97662826628498,-236.28449687940537,-289.5282541686031,-0.0,-0.0,-278.9537221155608,-346.71629606579205,67.0,67.0,179.2976355079713,179.2976355079713,31.15180579904861,31.15180579904861,42.64350921506803,42.64350921506803,57.71312921844897,57.71312921844897,109.07275574226692,109.07275574226692,34.194556983396865,34.194556983396865,42.62908196177909,57.09988918738309,30.407550337677627,31.830811264430515,48.29536735628858,51.139842909499116,122.30464930488577,119.39457615872008,21.646339295289575,19.715302368046395,0.2503952440847571,0.3353940557084114,1,False
AP0142,Reducción,0,0.830257718043784,13.9039,7980.015231612585,1102.0600030112964,1082.0558406527202,7603.973114493108,7784.469505441049,1237.2637116109263,1085.2802588340076,1088.4482845538744,1089.5541707262664,0.2270404716959884,0.38550004060435716,6152.129626478823,6477.073702068568,324.9440755897449,7603.973114493108,7784.469505441049,-742.3582269665558,-651.1681553004045,-100.35392161890307,-126.32609309743364,-0.0,-0.0,-386.4797641520058,-307.2499796978214,30.0,30.0,,,,,,,7.055240487453179,7.055240487453179,11.109455292221181,11.109455292221181,,,43.982617853176414,64.27680871595363,28.80297059235749,23.69944168951681,28.1910710200557,28.604608343126856,130.05234994393808,120.32539484352706,-3.6521869674625216,13.658671723261834,6.309834576326288,9.221279903022975,1,False
AP0142,Reducción,1,0.9763071981819377,2.1962,451.4469359098038,584.123832048117,1015.9301305998013,405.0888564413213,337.05161787773034,773.1820448541739,701.4727194511352,1044.2311006767368,1042.5311289473766,0.3876867803843297,0.48705330659566864,-665.9677939544636,-621.7909331610472,44.17686079341638,405.0888564413213,337.05161787773034,-463.9092269125043,-420.8836316706811,-78.3392383986253,-58.833997389110536,-0.0,-0.0,-306.15660980783514,-256.4733467021657,25.0,25.0,,,,,,,2.860528766302384e-20,2.860528766302384e-20,0.02524765633735737,0.02524765633735737,,,41.912098889473164,28.44150364858331,26.243389838324656,23.561866208425535,25.06628963216146,22.442872688248997,124.00832796223958,122.40154743227075,-2.6268351400322727,2.1718679308364863,,,1,False
AP0142,Reducción,2,0.9847716330871776,1.4519,359.91992246626944,582.7992189119104,997.6241719187209,250.292116425958,208.61639116060513,912.6646684227123,802.9247201635108,994.9458938461622,994.5227777499109,0.3998255287263613,0.5403832659351033,-851.180828940037,-753.9499142601392,97.23091467989786,250.292116425958,208.61639116060513,-547.5988010536274,-481.7548320981064,-31.13533339872814,-28.351531013369385,-0.0,-0.0,-300.0872356368194,-229.80836703244833,20.0,20.0,,,,,,,2.8605287663023835e-20,2.8605287663023835e-20,2.2059986698357783e-20,2.2059986698357783e-20,,,15.621316746303012,14.853576568686691,20.94432268778483,18.530512091120645,14.737115198771159,11.898235950051529,117.42261962890625,125.7834397663769,-5.950968412509296,3.3774946763322027,,,1,False
AP0142,Reducción,3,0.9915235084641953,0.817,,,1002.0625159203706,178.1671110228925,164.33117389578803,727.7370886154833,688.5022112950903,989.8168826310587,988.9807487773663,0.6484625808975139,0.6352665841236391,-668.0844004367985,-663.1653909931375,4.919009443661025,178.1671110228925,164.33117389578803,-436.64225316929,-413.10132677705417,-11.188973462337918,-9.376954896870897,-0.0,-0.0,-175.76870955124306,-182.36670793818044,13.0,13.0,,,,,,,2.8605287663023835e-20,2.8605287663023835e-20,2.2059986698357783e-20,2.2059986698357783e-20,,,5.8407876756456165,3.328984888250178,16.838370530870225,16.181467068064453,6.349976662529839,6.941096638178026,120.13383456759982,120.05923153447134,-6.231776216609342,-0.6470330373355483,,,1,False
AP0147,Fusión,1,0.8096723910812492,16.5111,4254.627863547202,-1678.1145217105354,1007.1019758768293,3305.932597471001,3655.726392421829,,,1027.1971302739114,1024.3968168338974,0.5767733516545642,0.32249057845001156,-644.0142530238624,-268.1473402289352,375.86691279492715,-388.35213687495894,154.59492867836934,51.31405221164224,54.83575132335848,-86.11252628889949,-129.57299155674062,-0.0,-0.0,-211.61332417271788,-338.7547107749942,31.0,31.0,185.45599204940027,185.45599204940027,30.834464025015784,30.834464025015784,45.3610118519175,45.3610118519175,65.28815720683397,65.28815720683397,103.29706809303977,103.29706809303977,41.09287318990688,41.09287318990688,28.308031486742422,55.07661544772406,30.038898351457387,31.566817319799753,46.1254903793335,47.893862920498535,119.25335108439127,119.2610840149786,18.46089239754494,15.53063748034945,0.16225540959631102,0.3156870446054938,1,False
AP0147,Fusión,2,0.7835390929317556,17.4722,4864.896166025538,-1568.7989342509104,1029.5108590848788,4064.1516919382325,4164.529757734124,,,1022.7887490880199,1021.9404186532753,0.3635811772968748,0.3260229535149321,-100.53509918329806,-50.985835868169886,49.54926331512817,329.32335489143816,403.7604927205206,56.8580716362618,57.92493954318694,-159.2567964605072,-166.43242699041528,-0.0,-0.0,-318.2094113515626,-336.9885232425339,36.0,36.0,185.3812281558388,185.3812281558388,30.84377751935992,30.84377751935992,27.49350765295189,27.49350765295189,65.28142668071546,65.28142668071546,103.22076758669132,103.22076758669132,41.086276726973686,41.086276726973686,61.14182289525082,64.66485752608135,30.18117524568025,30.505032652764623,46.127349954780584,47.47291160689735,121.53761869779936,120.72261463645154,18.700231680960716,19.364993818408824,0.36506362257655445,0.3860988440320395,1,False
AP0147,Fusión,3,0.7841144832133714,17.4974,5546.109144471711,-1690.7712855243326,1052.821284097792,5021.9035426266455,5128.4000600693735,,,1045.8530691358824,1044.9755852948444,0.36785792419833024,0.33648672160926807,-115.00350343203436,-50.680504662954036,64.32299876908033,362.32366732010723,450.4463085774588,27.852177415902155,28.95570890611749,-179.85799236828063,-189.0755650522361,-0.0,-0.0,-316.0710379008349,-331.75663919536595,41.0,41.0,185.16671473776645,185.16671473776645,30.833481095188343,30.833481095188343,13.500432456556215,13.500432456556215,65.35275547707727,65.35275547707727,103.10463526526163,103.10463526526163,41.09404628073522,41.09404628073522,60.63190738175267,64.66485752608135,29.994376409621466,30.31823381670584,45.535364028910394,46.88092568102716,122.44882231212796,121.63381825078014,18.771625289736175,19.43972058455492,0.3743891944655644,0.39929180797479075,1,False
AP0147,Fusión,4,0.7932951888592541,16.5021,5130.916540503739,-2728.6610393067604,1070.6579433329582,5318.181197779384,5677.258697789563,,,1070.0601210781028,1066.5160363745247,0.3310280398233965,0.3273970588721394,-369.890179431319,-193.72562437638845,176.16455505493053,160.82240264785932,361.08939388065056,-2.59082660787662,1.8662458662590353,-184.3854574840717,-211.12947566043945,-0.0,-0.0,-334.48598008830174,-336.30147056393037,46.0,46.0,185.26540798611111,185.26540798611111,30.830201466878258,30.830201466878258,39.70175086657213,39.70175086657213,65.29786885579428,65.29786885579428,103.2141082763672,103.2141082763672,41.09949256049263,41.09949256049263,54.65280397203234,64.39615156631953,28.32150808203587,29.534760146195797,42.6094069460605,48.39208273077026,122.29035823452277,117.12726554456253,20.562757423617544,23.56424791303014,0.3174468690409426,0.37404040062565064,1,False
AP0147,Fusión,5,0.7520831727830661,17.8767,8321.782732666645,-1321.7929564588248,1105.6948605950713,6389.8313168342665,6827.240334459137,,,1088.9469342249317,1084.0470350354967,0.09821693959563163,0.29787968322966696,-399.61043936718545,-194.26088870594447,205.34955066124098,272.26028161336234,399.3989516766139,-26.343050959592915,-20.180894118019346,-185.3858219198425,-213.16846998044426,-0.0,-0.0,-450.8915302021842,-351.0601583851665,51.0,51.0,172.98985058384648,172.98985058384648,28.80075158895384,28.80075158895384,25.753055865127692,25.753055865127692,48.105597213119225,48.105597213119225,74.6420202089828,74.6420202089828,38.42174626382129,38.42174626382129,49.93508478306524,55.07661544772406,24.21821209811425,31.566817319799753,41.17155139786533,47.893862920498535,113.35731757628356,119.2610840149786,34.14819356946725,15.53063748034945,0.3489381451825818,0.38486631435100277,1,False
AP0147,Fusión,6,0.822502472738485,13.6514,8030.7329931204085,-3154.009564025784,1141.0012693242243,10990.526651287442,11343.48503727554,,,1111.2081080470086,1109.9604392725596,0.26226496802444293,0.30636859902056796,-813.2777916876075,-470.6883085999289,342.5894830876786,-166.57133240445077,218.19238448657202,-54.338901336462975,-52.76982197844962,-214.24972405998693,-280.0448527194071,-0.0,-0.0,-368.8675159877786,-346.815700489716,67.0,67.0,170.716026362456,170.716026362456,21.900314497968004,21.900314497968004,66.44744075393814,66.44744075393814,61.41994594541166,61.41994594541166,88.77884215395987,88.77884215395987,33.949555790089754,33.949555790089754,37.128624744331105,55.07661544772406,29.20955498243015,31.566817319799753,46.50391888327331,47.893862920498535,111.5456093510531,119.2610840149786,19.70140744879061,15.53063748034945,0.22492853852994496,0.333659075851546,1,False
AP0147,Reducción,0,0.7535841333577546,18.5248,11494.886115733443,1437.7891524327442,1144.2165289073148,11912.7132738304,11952.612874451881,1506.3036438087126,1491.2483484038873,1123.63758591149,1122.8750807326298,0.37707748041754946,0.40078864056661523,10348.716522430483,10405.462138902389,56.74561647190603,11912.7132738304,11952.612874451881,-903.7821862852276,-894.7490090423324,-126.10173004664485,-130.1444715136455,-0.0,-0.0,-311.4612597912253,-299.6056797166924,30.0,30.0,,,,,,,6.074174603711115,6.074174603711115,0.18652104161040842,0.18652104161040842,,,64.22055362168177,66.22090998298891,25.434263124819154,25.66531441635046,22.933542672616465,25.714411881489067,119.65057978877316,119.38338844419711,-5.520824030948697,-1.0631184350167235,26.263228544209635,27.08128154008316,1,False
AP0147,Reducción,1,0.9672438919561929,3.1371,805.3176300816866,1456.7397253488434,1124.1318008645621,524.0931081987627,589.5393144975218,249.24281001741707,290.7760974481841,1102.1110314656933,1102.6453459808256,0.3763501575207437,0.4154812087970863,-210.0962865733174,-166.91615517087308,43.18013140244432,524.0931081987627,589.5393144975218,-149.54568601045023,-174.46565846891045,-50.16721224518164,-67.07884032120751,-0.0,-0.0,-311.8249212396281,-292.25939560145684,25.0,25.0,,,,,,,8.56207380649359e-25,8.56207380649359e-25,6.481081384378884e-20,6.481081384378884e-20,,,24.592974853515624,35.845468558435506,20.12065664543135,22.499427617912307,17.342004776854377,21.589735638915638,118.5883203015765,121.52973633196314,4.980550050233656,4.693730588776786,,,1,False
AP0147,Reducción,2,0.9824114393613994,1.7749,563.9812840053141,989.8585070913123,1100.6541196718,299.77158582403047,264.9520135131461,291.1447519941025,181.6496855328822,1081.5424619357746,1080.203512670402,0.5428246574657332,0.5193011525279054,-347.01827442142553,-327.2338002843776,19.784474137047937,299.77158582403047,264.9520135131461,-174.68685119646148,-108.98981131972931,-20.863762505041027,-20.19500346492694,-0.0,-0.0,-228.58767126713343,-240.3494237360473,20.0,20.0,,,,,,,8.56207380649359e-25,8.56207380649359e-25,8.529773428629772e-20,8.529773428629772e-20,,,7.857935272701202,8.04060372385048,18.564711330613484,16.654095588059818,9.335002169858654,10.80971194120285,122.2763016797951,122.19910873997543,-5.700053992009499,9.497164177279048,,,1,False
AP0147,Reducción,3,0.9930335995392813,0.6978,,,1084.1797570230187,168.5997177490882,176.6546598066168,526.3753776244849,529.1392276564168,1077.9497643715101,1077.1276266755035,0.5910750541531532,0.5812612909865069,-585.4738239020983,-582.7559135809696,2.71791032112867,168.5997177490882,176.6546598066168,-315.82522657469093,-317.48353659385003,-11.134266876252049,-9.90610701016975,-0.0,-0.0,-204.4624729234234,-209.36935450674653,13.0,13.0,,,,,,,8.56207380649359e-25,8.56207380649359e-25,8.529773428629772e-20,8.529773428629772e-20,,,5.946745762680516,3.328984888250178,16.612590363066072,17.263517749716236,6.076706837799589,7.765345464752324,119.14689720714159,119.80513074967833,-6.4036535794052325,-4.641616501579001,,,1,False
AP0153,Fusión,1,0.7858515946455792,17.2082,3882.8752964262935,-1648.9988780150356,1013.3985842343748,2863.204840037917,3304.597874059548,,,1044.4472388412182,1042.235836644428,0.596108678040898,0.3015419408376779,-553.6931048366945,-144.3910483747634,409.3020564619311,-276.0141089116021,324.6250846549735,29.620162109757665,32.40124119926298,-96.10317915637084,-142.93802674891052,-0.0,-0.0,-201.94566097955104,-349.2290295811611,32.0,32.0,178.50696959832703,178.50696959832703,27.351240863222063,27.351240863222063,46.794449993095,46.794449993095,67.5724700619476,67.5724700619476,106.21223810369318,106.21223810369318,42.86544275765468,42.86544275765468,32.83264591717961,61.558494872795976,30.0263350698683,29.929758945668596,46.08020006815593,49.09958238935968,119.2180529422993,119.65978253406166,18.422696310686828,24.00390002515347,0.19400105921421507,0.363735936454223,1,False
AP0153,Fusión,2,0.7417557519327204,18.1916,4038.3359519655764,-1937.5596672030115,1017.9925305762513,3694.1299461990147,3901.63755785368,,,1026.2728605291918,1025.0324247115182,0.4810863460469697,0.3148193717768651,-207.18124173596564,-17.455671049357136,189.7255706866085,153.96947348310607,450.170090533475,52.47642207083522,54.036405198017036,-144.91999241446354,-169.82153477035348,-0.0,-0.0,-259.4568269765152,-342.59031411156747,37.0,37.0,178.75784333881577,178.75784333881577,27.33917097125137,27.33917097125137,28.172999338518107,28.172999338518107,66.08005906489856,66.08005906489856,106.35023685923794,106.35023685923794,48.24375513980263,48.24375513980263,50.894160916512476,64.39615156631953,30.2145196836998,29.534760146195797,46.561291540564,48.39208273077026,119.41314777912679,117.12726554456253,18.549050794324042,23.56424791303014,0.3155102969641074,0.39921375140390886,1,False
AP0153,Fusión,3,0.7148122033348265,18.3224,6578.0944126918075,-1270.3338991353903,1028.690589297472,4824.523957690986,4978.598622495772,,,1029.3606882207253,1028.4015237474682,0.49988966047303496,0.35208967253446466,-176.98614628731565,-24.73898876729362,152.24715752002203,203.27027220605225,451.4374874275179,48.59314247683664,49.79939625728567,-169.5440733077938,-192.77039082040125,-0.0,-0.0,-250.05516976348252,-323.9551637327677,42.0,42.0,178.64369322311046,178.64369322311046,27.336393938877784,27.336393938877784,48.54859357730357,48.54859357730357,55.989146517967995,55.989146517967995,94.79207700980727,94.79207700980727,42.58912826656371,42.58912826656371,53.093852387657456,64.39615156631953,30.38323038091105,29.534760146195797,47.05741193753631,48.39208273077026,119.71109183175224,117.12726554456253,18.8101796897204,23.56424791303014,0.32944222999262707,0.3995719056145047,1,False
AP0153,Fusión,4,0.7968832345118315,14.735,4271.2591554323535,-2505.3672109454483,1034.1620354127078,5570.36923655557,5668.89732040362,,,1040.9363947655231,1040.2022235894995,0.41713866003175515,0.30041275070791096,-183.39281354144308,-75.8406872004673,107.55212634097578,280.23812777258007,463.9637711337443,34.03543087434569,34.958731081210146,-196.98538430531823,-215.71924687044898,-0.0,-0.0,-291.4306699841224,-349.7936246460445,47.0,47.0,178.68289693196618,178.68289693196618,27.344592709011504,27.344592709011504,39.131508419248725,39.131508419248725,61.85158061981201,61.85158061981201,94.98220806121827,94.98220806121827,42.17852257622613,42.17852257622613,56.102196163601356,64.39615156631953,30.370920182176235,29.534760146195797,47.494097582950104,48.39208273077026,119.93841593135899,117.12726554456253,19.655849234343993,23.56424791303014,0.35119260801647345,0.4031117132892667,1,False
AP0153,Fusión,5,0.7372471421687062,17.2306,7392.856655467781,-1996.7038409501874,1049.5782095797658,7281.257902097706,7648.050471849098,,,1047.4813482875202,1044.4283494051151,0.40317142859132993,0.2915249665278742,-458.33726615458113,-173.25894178859005,285.0783243659911,11.685340083579906,399.25307813413525,25.80443905918437,29.643917632762545,-188.16244169408213,-238.66810292049675,-0.0,-0.0,-298.41428570433504,-354.2375167360629,52.0,52.0,175.05208783419627,175.05208783419627,26.822724092831397,26.822724092831397,50.31642754512769,50.31642754512769,68.59928473946434,68.59928473946434,100.67346483146618,100.67346483146618,41.392011558484725,41.392011558484725,46.06872140656477,64.39615156631953,29.130119555220645,29.534760146195797,44.11688371321066,48.39208273077026,121.34122371836604,117.12726554456253,19.461474509455318,23.56424791303014,0.27530216506987626,0.38482509188651765,1,False
AP0153,Fusión,6,0.7633820047288675,16.3313,9629.919181154002,-2650.923061677893,1086.1507409410046,9987.593317359824,10459.812729023672,,,1061.8967326232896,1057.6664041589513,0.3152286997169299,0.3484481418551929,-703.4154514590758,-340.05517350993955,363.3602779491363,-160.63910490877674,249.79543632476296,7.675523386775076,12.995622123669994,-198.81590189661085,-267.81998498704075,-0.0,-0.0,-342.38565014153505,-325.7759290724035,61.0,61.0,178.45480789811646,178.45480789811646,28.291967240896668,28.291967240896668,57.499562567445274,57.499562567445274,68.43352036846284,68.43352036846284,103.59615612988058,103.59615612988058,37.10912069145718,37.10912069145718,39.290128288094856,59.400283384110665,28.782216851505236,31.128475027100713,43.13041603224091,48.66231371460479,122.00874375708311,119.46420082448715,19.435296759694857,18.460341895226,0.2266049291426838,0.34258979529446626,1,False
AP0153,Reducción,0,0.7653867113301847,17.0088,10115.977541152755,1404.0568978105312,1123.625003465182,10754.350937474577,10816.645308175099,1292.8483639160427,1278.564453477802,1087.8511710821717,1087.2950392904531,0.42352041480086494,0.44431453612853355,9344.03187379683,9418.936182567704,74.9043087708742,10754.350937474577,10816.645308175099,-775.7090183496256,-767.1386720866813,-123.7186774517319,-130.07614630816047,-0.0,-0.0,-288.2397925995676,-277.84273193573324,30.0,30.0,,,,,,,2.457314357181943,2.457314357181943,13.09959822680662,13.09959822680662,,,62.67740202872983,66.22090998298891,25.365793174461082,25.596844465992387,22.9112018387406,25.6920710476132,119.58330783420139,119.31611648962534,-5.3376802498840155,-0.8697037287970787,10.60812069198206,11.207857739706988,1,False
AP0153,Reducción,1,0.9633505278439065,3.2777,972.022420274038,1318.4954163198126,1060.5090738626432,583.0956259013446,652.1597838234352,444.9960169362331,574.3428806671503,1085.5923231921863,1087.0308433224434,0.4655667562855591,0.5436215549601032,-227.33556467907786,-203.29993377008677,24.035630908991095,583.0956259013446,652.1597838234352,-266.99761016173983,-344.60572840029016,-53.56538328464215,-60.01319139646334,-0.0,-0.0,-267.21662185722045,-228.18922251994837,25.0,25.0,,,,,,,3.3814208727075587e-19,3.3814208727075587e-19,8.287672806772238e-22,8.287672806772238e-22,,,25.32275766225962,28.206055539404165,21.458059419420028,25.095101122581926,23.273566569010416,23.73718452108675,117.81755783420138,121.23807733955898,11.881630989281868,-1.9785165995528475,,,1,False
AP0153,Reducción,2,0.9827370933347747,1.5666,350.3034645363189,306.6884813432589,1016.8218889526026,266.45384857760143,246.1004003626961,663.089114727865,626.0143329973528,1025.1393933336403,1025.2742619900482,0.5464034446794476,0.5600070394664122,-606.0143553114114,-595.66829477151,10.346060539901373,266.45384857760143,246.1004003626961,-397.85346883671895,-375.60859979841166,-25.164882115197557,-23.512039792180378,-0.0,-0.0,-226.79827766027623,-219.99648026679392,20.0,20.0,,,,,,,3.3814208727075587e-19,3.3814208727075587e-19,8.287672806772236e-22,8.287672806772236e-22,,,10.689460052005828,10.16394987247789,19.899667358398435,18.675484285202245,12.678108240763347,10.713996742905689,120.14165011935764,121.9129310402987,-4.7525416302251555,-2.7716986966072152,,,1,False
AP0153,Reducción,3,0.9897237439547059,0.9423,,,1015.3255091378473,144.16686244394344,129.17087726436404,524.7617178447123,484.7806457183633,1007.2453534749259,1006.2533919310591,0.595805381404203,0.5742849894107032,-607.3054959110987,-606.503636891453,0.8018590196456898,144.16686244394344,129.17087726436404,-314.85703070682735,-290.868387431018,-11.866443073496193,-9.297046153330449,-0.0,-0.0,-202.09730929789848,-212.85750529464843,13.0,13.0,,,,,,,3.3814208727075587e-19,3.3814208727075587e-19,8.287672806772236e-22,8.287672806772236e-22,,,7.005985144412878,3.328984888250178,16.569146338568792,15.912242875763019,6.5429665968153214,7.134086572463509,119.12554009331598,119.0509370601875,-4.76476768465278,0.9750278637635689,,,1,False
AP0154,Fusión,1,0.7683531987495271,17.5209,4077.969167093111,-1602.1954764224893,1066.7586970510185,3289.1460673688593,3669.0289361781593,,,1071.3080633980949,1070.0797712352678,0.4996881940226321,0.3111340903162629,-718.1305869378848,-218.77204116465282,499.358545773232,-365.10197619606515,276.5924483006704,-4.160249979200064,-2.6155388204611447,-89.46213987500741,-139.06567790406532,-0.0,-0.0,-250.15590298868395,-344.43295484186854,32.0,32.0,178.77077414772725,178.77077414772725,27.34264698991872,27.34264698991872,48.653403912168436,48.653403912168436,67.10630770596592,67.10630770596592,106.2444883404356,106.2444883404356,42.382980562460546,42.382980562460546,28.686120482165407,59.498056951431856,30.02187676959568,30.04911419600303,46.07295438978407,46.94261610503572,119.18807500203451,123.25133751137265,18.417730320276867,21.17727748545548,0.168825682084207,0.35016237395208183,1,False
AP0154,Fusión,2,0.7582656959688805,17.0001,4155.922965189199,-1964.4027531242268,1077.0878726203646,4292.768269367823,4489.3898324208585,,,1081.338010393347,1080.1066469049244,0.42515161801951057,0.30727371324843367,-359.6492029372535,-166.98767766016263,192.66152527709087,99.2227194531095,373.67274531094023,-16.774000611188104,-15.225426926037995,-145.4234128900019,-169.82153477035348,-0.0,-0.0,-287.42419099024477,-346.3631433757832,37.0,37.0,178.45693230879934,178.45693230879934,27.341590426260964,27.341590426260964,48.58727149294135,48.58727149294135,67.56286203484785,67.56286203484785,107.82520216557018,107.82520216557018,42.30157128049616,42.30157128049616,51.16941078587582,64.39615156631953,30.20286883563251,29.534760146195797,46.58059061778256,48.39208273077026,119.43815085837792,117.12726554456253,18.635422826947416,23.56424791303014,0.3000393891810301,0.37759633509207396,1,False
AP0154,Fusión,3,0.7194597093855378,18.268,5801.075444854735,-1425.1200782651958,1082.3053796030679,5743.187034543339,5797.0552996824445,,,1088.5935691253774,1088.2368475428113,0.41479877617968736,0.3725679697972755,-260.56236852234747,-159.44059370648236,101.12177481586511,247.32191196326517,382.539347392787,-25.898655864590292,-25.450039626671394,-180.13469481193783,-193.5635684723075,-0.0,-0.0,-292.6006119101563,-313.71601510136225,42.0,42.0,178.57513437197193,178.57513437197193,27.348404285519617,27.348404285519617,48.64670362842167,48.64670362842167,67.54869564559108,67.54869564559108,106.54180974442828,106.54180974442828,42.34530388883842,42.34530388883842,58.164184191799905,64.66485752608135,30.37933222049128,30.19864287895653,46.933212884140524,46.945422952503385,119.60010824859458,119.14756692175395,18.582652004027896,19.15504331524188,0.34189080102578395,0.38010195182840745,1,False
AP0154,Fusión,4,0.7477422449106852,17.9536,7769.303506302191,-2499.659790212234,1110.0637620693458,5795.717981923639,5942.9665524671,,,1093.9129285843896,1092.9882812911183,0.48035489901276146,0.36821224232698163,-374.5843222692417,-162.14069942529585,212.44362284394583,110.73663116385949,410.1482291883717,-32.588329675393965,-31.425485007781162,-183.65975536515975,-215.71924687044898,-0.0,-0.0,-259.82255049361925,-315.8938788365092,47.0,47.0,178.71239386664496,178.71239386664496,27.324324671427412,27.324324671427412,48.60359497070319,48.60359497070319,67.53047069973417,67.53047069973417,95.6156060324775,95.6156060324775,42.30567788018121,42.30567788018121,50.349857838948566,64.39615156631953,30.476180431465163,29.534760146195797,47.58760645801013,48.39208273077026,119.62796304761379,117.12726554456253,19.289027805695834,23.56424791303014,0.30329311023638084,0.3879039571129461,1,False
AP0154,Fusión,5,0.8098605543847847,13.4338,6177.186498876193,-3092.7590898193193,1131.507314716327,6783.220229670933,6979.420749847228,,,1126.1846490864468,1125.4697512693629,0.5551919870373734,0.3123385206771634,-451.4943615732227,-294.3533999030584,157.1409616701643,48.32968310369767,363.27642194024173,-73.17353267505642,-72.27447081597398,-194.99618762162245,-232.2742934669796,-0.0,-0.0,-222.4040064813133,-343.8307396614183,52.0,52.0,178.61639765133643,178.61639765133643,27.341998828432093,27.341998828432093,34.546683929251344,34.546683929251344,67.40875059883548,67.40875059883548,106.26849572523585,106.26849572523585,42.235235787637585,42.235235787637585,46.935140050732116,61.558494872795976,30.792257723033934,29.929758945668596,47.94019508035773,49.09958238935968,120.16069894122262,119.65978253406166,18.818734430241555,24.00390002515347,0.28565750506546883,0.37465843378630886,1,False
AP0154,Fusión,6,0.7911635460570036,13.8177,8449.593910407828,-2840.210831526756,1123.8466992185386,10156.333556479693,10326.847266095605,,,1140.6735386724395,1139.1562825866959,0.43307743571872453,0.29572741830437954,-716.6648791130184,-485.00164626646995,231.66323284654845,-129.02450907133345,220.83794611640954,-91.39488920452072,-89.48677444384496,-203.53388079759827,-254.96620919229605,-0.0,-0.0,-283.4612821406377,-352.13629084781024,61.0,61.0,176.03398001534597,176.03398001534597,26.9287906283424,26.9287906283424,47.75339386349629,47.75339386349629,63.37316711075196,63.37316711075196,100.64607479761517,100.64607479761517,41.71179229494125,41.71179229494125,38.793141850466455,55.07661544772406,30.66365462545853,31.566817319799753,47.705426539486034,47.893862920498535,119.44965133393536,119.2610840149786,18.69076633021201,15.53063748034945,0.23553891080911016,0.3344066862027869,1,False
AP0154,Reducción,0,0.7985920883429507,13.4755,8333.934011408997,3568.7079545162196,1116.2877106546732,8749.978184512212,8786.236506504138,2381.7277139838243,2314.6716803855043,1096.735656742971,1095.4972668114365,0.40947690492089966,0.38772970192954664,6677.819463702805,6737.776327894111,59.95686419130652,8749.978184512212,8786.236506504138,-1429.0366283902945,-1388.8030082313026,-125.20896960274207,-130.87044606667746,-0.0,-0.0,-295.2615475395501,-306.1351490352267,30.0,30.0,,,,,,,0.008533017034076225,0.008533017034076225,0.12276151990031602,0.12276151990031602,,,62.514867113995294,66.22090998298891,26.661344807942704,25.737182854291508,24.804862015335644,27.918721744439097,119.44185280128762,120.87954218937806,-6.441982835119456,3.553341299979314,,,1,False
AP0154,Reducción,1,0.9651672352180461,2.9734,486.29682179564196,-637.9825608554365,1098.110035058336,540.1151783308856,636.5068378219987,639.5182250014707,736.4809911465765,1077.5121882374065,1078.9186000258983,0.34051912302150456,0.4685058359179486,-439.58052478128195,-360.8592545050004,78.72127027628153,540.1151783308856,636.5068378219987,-383.7109350008824,-441.88859468794584,-43.59275434521733,-67.07884032120751,-0.0,-0.0,-329.7404384892477,-265.7470820410257,25.0,25.0,,,,,,,2.457087070029565e-19,2.457087070029565e-19,0.007956101140489589,0.007956101140489589,,,20.189402888371397,35.845468558435506,18.973250475565592,22.499427617912307,16.504251512315538,21.589735638915638,121.29148453776041,121.52973633196314,10.617480434632633,4.693730588776786,,,1,False
AP0154,Reducción,2,0.974905766977956,2.0587,550.137886003104,1129.7419483631038,1076.7342664141497,381.82693644649396,357.40069421373045,735.0640459175863,696.5284612842125,1064.968316839195,1063.5643773606525,0.5257379396947748,0.5652505259279278,-547.8622147504743,-522.3773405400325,25.48487421044183,381.82693644649396,357.40069421373045,-441.0384275505518,-417.9170767705275,-28.868118216983852,-21.83464567037918,-0.0,-0.0,-237.1310301526126,-217.3747370360361,20.0,20.0,,,,,,,2.457087070029565e-19,2.457087070029565e-19,0.017151942705397143,0.017151942705397143,,,16.757448129805304,9.99989366575446,17.572946912977432,16.91604345017166,7.834509696960448,8.425629672608636,121.5778665500217,121.50326351689321,-5.064694505437014,0.3228536008867293,,,1,False
AP0154,Reducción,3,0.9859218573170361,1.164,,,1066.9309015500387,120.13682076089172,129.56972240370735,715.8337276756313,707.7747411922898,1061.2154765463042,1059.8510353651714,0.42762554042199324,0.5377739666695853,-829.1169207264322,-758.1068967675212,71.010023958911,120.13682076089172,129.56972240370735,-429.50023660537875,-424.6648447153738,-10.914699816121782,-9.247182513827235,-0.0,-0.0,-286.18722978900337,-231.11301666520734,13.0,13.0,,,,,,,2.457087070029565e-19,2.457087070029565e-19,2.5552400457882366e-19,2.5552400457882366e-19,,,8.700032829515862,4.996290272915331,13.446686435275605,14.409704685270011,0.11900590137682028,2.9216077628997286,117.98573988172743,119.70386056542634,-7.4269657570500724,-2.637080028703316,,,1,False
AP0161,Fusión,1,0.6937871754638173,21.1254,3410.1838830550114,-1708.4468833947963,1014.3798949729749,3565.426868094905,3900.886564501042,,,1081.3434845513243,1079.482124055732,0.44097954564739933,0.3156363975327325,-753.6660962722002,-110.2836692338482,643.382427038352,-357.5727441131384,402.4611500501508,-16.7808849609935,-14.440021431131354,-90.55192212283973,-146.87267872030571,-0.0,-0.0,-279.51022717630036,-342.18180123363373,32.0,32.0,178.59903034248737,178.59903034248737,27.50833795720881,27.50833795720881,46.725412203085625,46.725412203085625,67.497304835464,67.497304835464,100.22585473879421,100.22585473879421,40.97432109177715,40.97432109177715,28.539889927103065,64.39615156631953,30.80130252838135,29.534760146195797,47.87139941321479,48.39208273077026,119.29655884636772,117.12726554456253,18.377585986433022,23.56424791303014,0.17095337088140075,0.38573166225134625,1,False
AP0161,Fusión,2,0.6632447745666076,21.7219,3628.7674533487457,-1857.0144191283407,1034.6951000375707,4267.512893704421,4458.1944991852415,,,1030.1300255887909,1028.8766377573907,0.5430765553430091,0.35044640942574784,-184.46814586587558,-64.27614663851045,120.19199922736513,154.51507549845803,390.37061266915265,47.625616953796126,49.201888648744735,-148.89679809070608,-169.82153477035348,-0.0,-0.0,-228.46172232849543,-324.7767952871261,37.0,37.0,178.7711365816886,178.7711365816886,27.49119878400836,27.49119878400836,46.711300284402434,46.711300284402434,64.83029506750275,64.83029506750275,106.78702456825657,106.78702456825657,40.99346388432017,40.99346388432017,53.169710928933654,64.39615156631953,30.064278450814097,29.534760146195797,46.382388626419385,48.39208273077026,119.50435138507648,117.12726554456253,18.87579895560394,23.56424791303014,0.3156644788624743,0.3823149923102063,1,False
AP0161,Fusión,3,0.6315632555197829,23.0688,5927.5682694836705,-1811.8264158850861,1076.9509620754534,5493.661111591474,5537.479448828756,,,1051.4540725695294,1051.1735730471714,0.4902038365400585,0.4545010880187228,-94.5330257467883,-10.210012696266574,84.32301305052172,332.21048683870106,444.6613058720862,20.808305635285993,21.16106433172682,-183.40341859187637,-194.03260901051274,-0.0,-0.0,-254.89808172997076,-272.7494559906386,42.0,42.0,178.6235113099564,178.6235113099564,27.439962697583578,27.439962697583578,46.80140986479524,46.80140986479524,53.849752393619035,53.849752393619035,102.8132052162821,102.8132052162821,40.9823009402253,40.9823009402253,59.49736668786337,64.66485752608135,30.57613486638145,30.395445524846703,47.459568132673,47.47177820103586,120.2517219341621,119.79918060732147,18.9038936029723,19.47448848743215,0.3658794983833504,0.39765702167621614,1,False
AP0161,Fusión,4,0.7024814889623645,19.889,7464.710103804272,-1177.1920869807018,1094.8581913974215,6428.797887994834,6462.897689160622,,,1101.1921724211745,1100.9658594113923,0.4736964455822469,0.4021146526462633,-190.2038602357334,-145.04373800107962,45.160122234653784,331.4542378269722,421.78796855373673,-41.742771527390154,-41.458158271555554,-207.51323142751062,-217.1805567074643,-0.0,-0.0,-263.1517772088766,-298.9426736768683,47.0,47.0,178.78093126085068,178.78093126085068,27.338500256008572,27.338500256008572,46.74754536946617,46.74754536946617,56.544141652848985,56.544141652848985,107.19335945977106,107.19335945977106,40.938697560628256,40.938697560628256,60.44513049655491,64.66485752608135,30.583963214702926,30.403273873168178,47.53997154867113,47.552181617033995,119.81297849831009,119.36043717146946,18.854277522747825,19.42443061556289,0.36566578966346736,0.39119323585706944,1,False
AP0161,Fusión,5,0.7682219173278737,17.3676,8090.09374144917,-1615.7119434658125,1104.6401959879615,7237.9602053008175,7430.359032185334,,,1109.3772125173007,1109.0756564583003,0.45463917106605706,0.29629448407452846,-378.20396879055977,-252.46057481991707,125.7433939706427,165.63877198555073,397.42054755069455,-52.03635081890891,-51.65711123453256,-209.87565759130194,-237.1209352744151,-0.0,-0.0,-272.68041446697146,-351.8527579627357,52.0,52.0,178.60574544270833,178.60574544270833,27.33064145262136,27.33064145262136,46.73797192843461,46.73797192843461,63.072008701540376,63.072008701540376,99.89668414037932,99.89668414037932,40.968359375000006,40.968359375000006,52.60646765367039,63.41450248732425,30.830571029532663,29.772805222966632,48.08298247247679,49.61087049912329,119.23620428101627,119.6626212334103,18.58778953760853,25.517263822498794,0.3188079288369597,0.3843072363137371,1,False
AP0161,Fusión,6,0.8065333700228126,15.5364,7670.952140658129,-3020.749833026277,1109.162055987695,8751.394074325533,9000.201396141914,,,1116.5332180958965,1114.2465866582227,0.3241430266373458,0.3014685233690944,-844.196021886323,-446.82606779587707,397.36995409044596,-246.6860180764739,227.7649746577281,-61.0358071402883,-58.160119087725825,-189.2953920893055,-257.9148671514983,-0.0,-0.0,-337.9284866813271,-349.26573831545284,61.0,61.0,176.31503079732258,176.31503079732258,24.495195301446433,24.495195301446433,42.667611908112384,42.667611908112384,60.675485388437906,60.675485388437906,111.08970909118652,111.08970909118652,40.6391658983407,40.6391658983407,33.22358296712239,55.24388157285482,31.614541658270298,31.98776498713248,49.35877509007798,50.62855479973551,122.21066177610365,119.39173745937144,18.65269924518087,18.32777266035188,0.2022888964897433,0.3363641980529829,1,False
AP0161,Reducción,0,0.7929000921219637,15.7259,9340.817879107311,532.8700762270291,1089.831155685467,8392.980358213008,8496.288373704625,993.8120677450146,981.9649008443971,1102.1595807043625,1102.0386755243935,0.5426489574990735,0.5341380143227978,7224.634623706193,7319.556405521638,94.92178181544477,8392.980358213008,8496.288373704625,-596.2872406470087,-589.1789405066382,-120.73139733252302,-131.9704595609274,-0.0,-0.0,-228.67552125046325,-232.93099283860107,30.0,30.0,,,,,,,0.5524801075874352,0.5524801075874352,36.38123303747634,36.38123303747634,,,59.423006447412625,66.22090998298891,26.693812380190245,26.92486367172155,25.241521730776185,28.022390939648787,120.79582496925636,120.52863362468031,-5.205288301424462,-0.9588225754950257,4.257601228907187,4.744664475575386,1,False
AP0161,Reducción,1,0.9727401960196864,2.3063,274.6779714173684,34.415957625304145,1061.6857666734784,449.9761362343082,440.1343171994981,1001.7332553470142,927.7257423086027,1061.2299518634038,1060.0680746493342,0.519777862911612,0.48261425413189424,-666.7346992003866,-656.1868641544302,10.54783504595639,449.9761362343082,440.1343171994981,-601.0399532082084,-556.6354453851616,-52.908238405472204,-58.34128775789371,-0.0,-0.0,-240.111068544194,-258.69287293405284,25.0,25.0,,,,,,,5.035447945537714e-05,5.035447945537714e-05,0.0005922835814747186,0.0005922835814747186,,,23.4876457801232,27.765810488430432,24.286533216688373,23.362371263037176,21.335125071207685,24.448984800311138,120.3517728949653,121.78946228305573,-4.043535231444127,7.062702061625992,,,1,False
AP0161,Reducción,2,0.9782420892702087,1.8824,95.99071491960346,755.0499908652109,1058.3357145253187,274.84216508037383,324.0712497058106,639.0928590222655,655.9186000427195,1045.6896379318262,1043.0420780796094,0.4332383632203098,0.48399840620956824,-641.194645527988,-578.4838135052264,62.710832022761565,274.84216508037383,324.0712497058106,-383.4557154133593,-393.5511600256317,-26.548701528337265,-28.351531013369385,-0.0,-0.0,-283.3808183898451,-258.0007968952159,20.0,20.0,,,,,,,0.0003984393436635478,0.0003984393436635478,0.006147676760973558,0.006147676760973558,,,16.839435153537327,14.853576568686691,14.973931698269315,18.530512091120645,3.6245367791917587,11.898235950051529,119.07048238118489,125.7834397663769,-4.402735847427572,3.3774946763322027,,,1,False
AP0161,Reducción,3,0.9801553980573323,1.7845,230.41056325491436,156.62286627055255,1058.3973091505272,299.7436345847336,256.00923869152183,528.7623848963901,341.1981218693486,1051.265389329975,1048.6304466485374,0.38626105166065733,0.3274387066674311,-562.4357572646766,-519.0514741034083,43.384283161268286,299.7436345847336,256.00923869152183,-317.25743093783404,-204.71887312160916,-15.400911465084743,-11.409617730216393,-0.0,-0.0,-306.8694741696714,-336.28064666628444,13.0,13.0,,,,,,,7.215735590195877e-22,7.215735590195877e-22,1.9184381769596666e-08,1.9184381769596666e-08,,,15.19137939453125,9.37545244821574,12.192698306129094,10.668316734424762,5.933557840377566,8.884077788080795,120.36361229306176,120.99350045803237,27.986093144910182,60.722228904261435,,,1,False
AP0162,Fusión,1,0.7417838756169935,19.102,3028.293628391356,-1729.8556731272351,1072.6621232288514,3315.5728812904117,3734.2624975848257,,,1103.7182443941313,1101.154288203209,0.5287941615287516,0.29377422237959633,-709.9949598915125,-168.72406474377394,541.2708951477385,-328.0273104539347,382.2069486832776,-44.91958212872367,-41.6951279976157,-92.19483017430161,-146.87267872030571,-0.0,-0.0,-235.6029192356242,-353.11288881020187,32.0,32.0,178.72490135732323,178.72490135732323,27.30478540285669,27.30478540285669,46.908304357047186,46.908304357047186,67.31211726641413,67.31211726641413,107.04366714015151,107.04366714015151,43.83800270774148,43.83800270774148,30.38461972631589,64.39615156631953,30.020654487609868,29.534760146195797,46.12378220028347,48.39208273077026,119.08803460862902,117.12726554456253,18.4722163493359,23.56424791303014,0.17930262715515388,0.380008019140102,1,False
AP0162,Fusión,2,0.6414146857620212,22.762,4364.6980611938825,-1681.1610873577647,1081.2072924211739,4023.0081458264417,4131.183646649528,,,1086.869642826812,1086.751492260446,0.5940846949406673,0.4237947322585534,-229.12514848252314,-101.08546070874615,128.039687773777,157.13939460360436,389.45529972699376,-23.730630804405674,-23.582043600318308,-150.32594185312726,-169.6057650657701,-0.0,-0.0,-202.95765252966635,-288.1026338707233,37.0,37.0,178.51285250479714,178.51285250479714,27.32049801475123,27.32049801475123,46.92411745305649,46.92411745305649,67.50180000171326,67.50180000171326,106.4825116073876,106.4825116073876,43.817342550712716,43.817342550712716,53.553239896004655,64.66485752608135,30.4375585057714,29.211888618652985,47.20745433543895,47.434006150850735,119.78032611468892,119.13952518117422,18.868474299282042,24.01338952222509,0.3164060862799084,0.3820563336486711,1,False
AP0162,Fusión,3,0.662931908894213,21.9141,5333.486643257485,-1538.1745054598377,1091.7918582029438,5199.888627171061,5255.140366659363,,,1094.083061806812,1093.72758702645,0.5580765629419384,0.5593982309516129,-163.35155566822922,-37.263034731068615,126.08852093716061,280.10573522336995,418.46945175442306,-32.80229073050915,-32.355242482141456,-180.442963733131,-193.82604158022843,-0.0,-0.0,-220.9617185290308,-220.30088452419355,42.0,42.0,178.80572311046512,178.80572311046512,27.33480276654857,27.33480276654857,46.85171863644619,46.85171863644619,64.50320056057714,64.50320056057714,99.91419309867446,99.91419309867446,43.738523876574604,43.738523876574604,58.18599172192952,64.66485752608135,30.457007465665303,30.276318124130555,47.32512311985883,47.33733318822169,119.36896859628182,118.91642726944119,18.843925501688588,19.416407600058644,0.35115519515143173,0.39025545482715407,1,False
AP0162,Fusión,4,0.6940603717752671,21.07,6785.649514843258,-2269.1777415231727,1095.8954812001257,6128.414559783637,6188.757833733753,,,1105.902644915717,1105.5259358059225,0.5201950062305852,0.44657016936226496,-203.3181553234866,-105.13742872200461,98.18072660148198,293.95834007862123,444.32683498087965,-47.66670367111169,-47.19295094101293,-200.45697694736054,-216.3060795440756,-0.0,-0.0,-239.90249688470738,-276.7149153188675,47.0,47.0,178.83277960883245,178.83277960883245,27.324843555026586,27.324843555026586,46.93075849745,46.93075849745,53.87783331341213,53.87783331341213,98.88103586832682,98.88103586832682,43.21274091932509,43.21274091932509,57.240997823079425,64.09126839165324,30.77091187822058,30.590222536685832,47.98648152092106,47.99869158928392,120.14935423938942,119.6968129125488,18.97249941919316,19.539866395562782,0.3550698084662883,0.39756250340923094,1,False
AP0162,Fusión,5,0.7437876159955492,17.4523,7623.940448602055,-1549.982169232002,1099.3816463423923,7169.195658404914,7322.227610057487,,,1109.968525066047,1109.0798302554313,0.5156309010040455,0.30852766611471855,-484.5106651957037,-270.1812239424698,214.32944125323394,14.914487343639781,375.1357240585573,-52.77999074432254,-51.66236023896137,-195.21029439811556,-238.66810292049675,-0.0,-0.0,-242.18454949797723,-345.73616694264075,52.0,52.0,178.7818503709709,178.7818503709709,27.34012151754127,27.34012151754127,46.871397467079426,46.871397467079426,68.41717490909983,68.41717490909983,108.20686081220518,108.20686081220518,40.23180952731918,40.23180952731918,47.054772258254715,64.39615156631953,30.731648260915374,29.534760146195797,47.93560623004872,48.39208273077026,119.63033092531381,117.12726554456253,18.864395271112144,23.56424791303014,0.27621469112486374,0.37800975885927274,1,False
AP0162,Fusión,6,0.7699511888835492,16.8538,7880.930892849599,-2816.195341103936,1092.1922322157243,9596.878918180359,9923.330644617057,,,1102.0293355317647,1099.2152216152863,0.45719265509128887,0.35456052896994295,-687.622350039671,-359.65556238143324,327.96678765823776,-164.70660655330866,279.3910166138312,-42.79559530804246,-39.256540594266966,-199.46615782503602,-267.81998498704075,-0.0,-0.0,-271.4036724543556,-322.7197355150285,61.0,61.0,178.06770413716632,178.06770413716632,27.075233379999798,27.075233379999798,45.965421422322535,45.965421422322535,67.32209059397378,67.32209059397378,108.49598280588786,108.49598280588786,30.62527241336059,30.62527241336059,38.15927384694417,59.400283384110665,30.068985162967095,31.128475027100713,45.99037662889591,48.66231371460479,121.5214097118882,119.46420082448715,18.909687641310647,18.460341895226,0.22545549217669328,0.35095322252501876,1,False
AP0162,Reducción,0,0.763399409555734,17.1345,7848.0559295736,238.202173081605,1100.2591534174958,10150.22182248124,10174.833432968557,1693.985010775913,1678.9851741385141,1086.1995744997255,1085.3443610690965,0.4420901070771736,0.454139611528922,8504.232907942747,8540.866266455212,36.63335851246484,10150.22182248124,10174.833432968557,-1016.3910064655478,-1007.3911044831084,-127.9913863347098,-130.99429251787728,-0.0,-0.0,-278.95494646141316,-272.930194235539,30.0,30.0,,,,,,,4.554351987464705,4.554351987464705,7.659262908576176,7.659262908576176,,,64.91377714423723,66.22090998298891,26.059995964898,26.291047256429305,23.889080833152487,26.66995004202509,120.61160667136863,120.34441532679259,-5.568829902287091,-1.2167968167388572,13.9139655471056,14.194143378130116,1,False
AP0162,Reducción,1,0.9121828205331303,7.1405,3184.3443071878364,953.6617112213662,1059.8084631349145,2915.763974595671,2948.3249063749563,1179.9329009249623,1062.7597116187903,1084.9611751966604,1086.0030076379774,0.3445699856849188,0.3162398674649554,1599.5530600032575,1674.7046653382674,75.15160533500989,2915.763974595671,2948.3249063749563,-707.9597405549773,-637.6558269712742,-57.884591603075336,-71.43277252107247,-0.0,-0.0,-327.7150071575406,-341.8800662675223,25.0,25.0,,,,,,,4.2970608268214727e-10,4.2970608268214727e-10,9.102811439870258e-05,9.102811439870258e-05,,,25.618172278771034,38.71903035476897,26.234257636176217,23.112842009610088,24.744732109917535,22.79741228161477,118.58283865017361,122.7711138133843,-5.377295376576305,5.091676225335386,,,1,False
AP0162,Reducción,2,0.9750685282851995,2.1917,183.59013119733868,375.4273502131018,1038.2802351643156,347.0643090209138,359.39591576203304,630.6103108844811,645.3424707307964,1036.2352939582133,1036.3707348828461,0.5060585794382025,0.5526313605989657,-521.901532673754,-497.86815587931073,24.033376794443257,347.0643090209138,359.39591576203304,-378.36618653068865,-387.2054824384779,-20.977369606260268,-23.72269422552865,-0.0,-0.0,-246.97071028089874,-223.68431970051716,20.0,20.0,,,,,,,5.076627054942976e-25,5.076627054942976e-25,1.3214734166589235e-19,1.3214734166589235e-19,,,9.403480457124257,11.620832103557538,17.15161257425944,17.674245072215115,6.414608022901746,7.486575393210201,124.65653889973957,123.54350521432654,-4.987122782959915,-5.425348150304612,,,1,False
AP0162,Reducción,3,0.9786941406768654,1.9147,-13.666299122290184,268.5140734034976,1039.6939432300346,317.22337875090346,303.11999259652777,548.5538033712762,440.9712459963851,1035.0442080771802,1033.8823308631104,0.5283789799795064,0.49719494102983336,-479.9945414611007,-447.9655983286375,32.02894313246321,317.22337875090346,303.11999259652777,-329.1322820227657,-264.58274759783103,-9.623552902171587,-12.44873856543077,-0.0,-0.0,-235.8105100102468,-251.40252948508333,13.0,13.0,,,,,,,5.076627054942976e-25,5.076627054942976e-25,1.3214734166589235e-19,1.3214734166589235e-19,,,5.144426380504261,9.422591088811494,15.102675221761066,14.178513268109871,2.9971724489000104,6.111032178003463,119.61684095594617,121.0545303440366,-6.9148060300732554,11.198131122723584,,,1,False
AP0163,Fusión,1,0.7615603374467936,17.5039,2569.2731457830982,-1757.8547168339837,1058.2116893265547,3439.909116482908,3693.4038602798964,,,1066.4597489401708,1065.212654663152,0.5895478271193026,0.3292525899205945,-635.0669682149052,-161.6066302208641,473.4603379940411,-329.9612491962354,320.9031921947457,1.9370334447965993,3.5053903097271855,-92.56634812418943,-141.39118978670604,-0.0,-0.0,-205.22608644034867,-335.37370503970277,32.0,32.0,178.9535738241793,178.9535738241793,27.335981395991165,27.335981395991165,46.50249664614906,46.50249664614906,68.23745832346907,68.23745832346907,105.73806793521149,105.73806793521149,40.72124898891257,40.72124898891257,30.257889842023758,61.39122874766522,30.385582945081925,29.50881127833587,46.82363984272742,46.364890510122706,119.89019728766547,119.52912908966881,18.47819639213282,21.09265762159064,0.17875611460896965,0.3626841653300543,1,False
AP0163,Fusión,2,0.6037047189675151,24.4557,4079.9357795071023,-2218.1254110469204,1081.3611173216073,4414.415365882966,4464.72120412821,,,1071.451220966784,1071.1204209539355,0.47009234502039804,0.42795448564518357,-171.28259120457378,-76.12863387570823,95.15395732886554,266.55806303369826,393.3563630554507,-4.340286212031615,-3.9242691709542163,-159.29622263751116,-170.28765268386826,-0.0,-0.0,-264.95382748980103,-286.0227571774082,37.0,37.0,178.78426363760963,178.78426363760963,27.33527644642612,27.33527644642612,46.490908974095404,46.490908974095404,68.4160510682223,68.4160510682223,104.4135054738898,104.4135054738898,41.04477635433799,41.04477635433799,58.61757239626164,64.66485752608135,30.255091633381426,30.074402291846678,46.67719457128026,46.68940463964312,120.11929370777027,119.66675238092964,18.826687291503568,19.40290939565731,0.34732675288420745,0.3831587367423309,1,False
AP0163,Fusión,3,0.6229687907725389,21.8924,5651.349582665522,-1572.4135004539394,1098.3696959122904,5700.503861318607,5712.157633164441,,,1096.1000999226721,1096.1986470565837,0.5392778245437206,0.5391307990370683,-69.46360167907065,-59.17464561230517,10.28895606676548,397.89465802900963,409.5927279874597,-35.33893582152677,-35.4628695744415,-192.4079182594856,-193.61958564492926,-0.0,-0.0,-230.3610877281397,-230.43460048146585,42.0,42.0,178.62373538941375,178.62373538941375,27.351222122547235,27.351222122547235,46.545563643108096,46.545563643108096,68.29721282249272,68.29721282249272,99.33196576732074,99.33196576732074,41.07715742717418,41.07715742717418,64.11355302204458,64.66485752608135,30.1826171632797,30.245660700105088,46.998474493951285,46.937743709585696,118.89507543170264,119.71294977447133,19.2183566211142,19.15339505540086,0.3844412153891903,0.3877469777996522,1,False
AP0163,Fusión,4,0.6787084282562669,20.4006,688.1323470192528,-2727.783896853144,1100.2488487858614,6556.6071206735605,6907.422937472194,,,1108.662211032995,1106.3749789192032,0.31546768698522054,0.30885791933162227,-323.6184821402892,46.89122462211509,370.5097067624043,254.67251122449943,665.6925448444907,-51.13715858700549,-48.260715118809564,-175.63736037146515,-215.71924687044898,-0.0,-0.0,-342.2661565073897,-345.57104033418887,47.0,47.0,148.67443881947037,148.67443881947037,23.649313869419974,23.649313869419974,38.141482356924044,38.141482356924044,52.72148465762764,52.72148465762764,89.32689713784465,89.32689713784465,33.53241539124365,33.53241539124365,48.14026007451864,64.39615156631953,29.35020208935721,29.534760146195797,44.94460478798435,48.39208273077026,119.55517148137376,117.12726554456253,19.336811695198467,23.56424791303014,0.3439680099002791,0.46011833058683677,1,False
AP0163,Fusión,5,0.5514837594716466,24.0541,11277.797386658334,-814.784176800802,1105.5825593591187,8078.61424101306,8078.61424101306,,,1108.2065359120497,1108.2065359120497,0.24951062060236842,0.24951062060236842,-587.6745485024665,-587.6745485024665,0.0,42.47161976297637,42.47161976297637,-50.564097498295375,-50.564097498295375,-195.08706316940336,-195.08706316940336,-0.0,-0.0,-375.2446896988158,-375.2446896988158,52.0,52.0,178.57926677967765,178.57926677967765,27.346856612679343,27.346856612679343,46.49108756203327,46.49108756203327,64.52534634572154,64.52534634572154,101.82119777847385,101.82119777847385,41.042132606746264,41.042132606746264,47.20162852545204,47.20162852545204,30.296606960459652,30.296606960459652,48.269465663290426,48.269465663290426,118.33362948425814,118.33362948425814,20.67280001092784,20.67280001092784,0.28400207253184195,0.28400207253184195,1,False
AP0163,Fusión,6,0.7213884457478208,18.3201,9009.973537431028,-3002.730049802485,1140.1679200654482,8572.474539900926,8904.768640745811,,,1113.431394131672,1114.6057244324888,0.20681765617386566,0.2990790460890314,-821.9868864757366,-268.29148003969067,553.6954064360459,-172.6500085680582,413.5938219370919,-57.13492570915292,-58.61177394983677,-186.36046238653012,-263.5627331725333,-0.0,-0.0,-396.5911719130671,-350.4604769554843,61.0,61.0,162.45912931777352,162.45912931777352,25.434351109791063,25.434351109791063,38.424756961120956,38.424756961120956,59.7754677608746,59.7754677608746,96.05965807907526,96.05965807907526,39.3930697826034,39.3930697826034,33.85196517476668,58.97687210315068,29.632396835186164,30.551686653366147,47.35193835262466,45.53063390535016,109.33447356987915,123.94001446469731,18.640719806386095,17.109797823637376,0.22321076292778172,0.3888776485877737,1,False
AP0163,Reducción,0,0.7178622595757332,18.9448,13099.579356313108,1895.3405551490705,1076.5587182459994,12621.566044616038,12632.753058917224,2170.6510787686825,2126.324758963219,1127.2036983268497,1127.3889144974034,0.4005178078467659,0.4434820528265757,10666.510368021092,10724.814449107835,58.30408108674237,12621.566044616038,12632.753058917224,-1302.3906472612096,-1275.7948553779315,-130.2723579802988,-131.23320556792467,-0.0,-0.0,-299.74109607661705,-278.25897358671216,30.0,30.0,,,,,,,2.962174242066247,2.962174242066247,5.106743915045408,5.106743915045408,,,64.19796454316825,66.22090998298891,28.25211946569119,26.320227610775877,28.495012154747872,27.3787858124767,122.91663265974162,119.2001176403771,-3.8877329553211832,-0.4362513652842484,20.832401552075076,21.48885245390928,1,False
AP0163,Reducción,1,0.9718904901480798,2.4117,925.5847312215205,1550.2233851626734,1059.8515631840207,369.44058331532045,348.37222290432857,803.717475582762,725.5190528535005,1057.4801445245862,1056.0531134510952,0.5050633159316261,0.47421159347557895,-640.5815988117608,-631.3131464096471,9.26845240211378,369.44058331532045,348.37222290432857,-482.23048534965716,-435.3114317121003,-57.67177946641711,-58.828159062844655,-0.0,-0.0,-247.46834203418695,-262.8942032622105,25.0,25.0,,,,,,,1.450914025158552e-22,1.450914025158552e-22,0.16101639153652772,0.16101639153652772,,,27.389716593424478,28.57022068703729,24.43386189778646,23.167470640695633,20.436949205186632,22.95912089410527,120.73246158854168,121.46538720563926,-6.296502922182939,4.601086926928837,,,1,False
AP0163,Reducción,2,0.9899403216891242,0.8834,33.96115074994912,-74.81430320983236,1063.534259904945,137.8839200311247,141.707228119768,965.5681470149856,857.1575169787654,1039.6295553094367,1037.0356342543755,0.4212848384631484,0.38120626164842647,-974.3849475125296,-935.1873484207883,39.19759909174127,137.8839200311247,141.707228119768,-579.3408882089914,-514.2945101872592,-20.918823289417084,-30.55162190069023,-0.0,-0.0,-289.35758076842575,-309.3968691757868,20.0,20.0,,,,,,,5.677093671319463e-24,5.677093671319463e-24,0.05772474306056954,0.05772474306056954,,,9.47471202063182,17.008671782155222,16.902679502699108,17.34562247077458,6.512517835828993,15.67788318035129,119.90947726779514,120.30851398020417,-6.2470892351565075,18.02018401235803,,,1,False
AP0163,Reducción,3,0.9905952214775687,0.845,,,1070.2562709697575,148.82961912764887,157.36640680534111,755.6192611060129,757.4871124217319,1063.265982268458,1062.6294524264408,0.596599534515314,0.6101857137545396,-738.1813703119562,-723.6461645490176,14.53520576293863,148.82961912764887,157.36640680534111,-453.37155666360775,-454.4922674530391,-9.28762475683424,-8.961585501769342,-0.0,-0.0,-201.700232742343,-194.90714312273022,13.0,13.0,,,,,,,4.423844670368866e-06,4.423844670368866e-06,8.658889093954217e-09,8.658889093954217e-09,,,4.558867899576823,3.328984888250178,15.175677490234374,15.826604876884538,3.121895391676161,4.810534018628895,119.6514914279514,120.30972497048813,-6.927685404081156,-4.984118525767569,,,1,False
AP0166,Fusión,1,0.6388963897111626,24.3984,3789.1915432955993,-1970.9673244251392,1051.505350057807,3381.8551794570153,3630.2858881887996,,,1044.760707489722,1043.52540309312,0.4153327565416244,0.2938871016618768,-690.0767795574126,-143.51567532384004,546.5611042335726,-325.0476335904693,329.4028105777247,29.225941146770918,30.779470953131046,-92.67114748559817,-141.39118978670604,-0.0,-0.0,-292.3336217291878,-353.0564491690616,32.0,32.0,182.55306926688763,182.55306926688763,27.32573988172743,27.32573988172743,46.150751163983436,46.150751163983436,65.86350036004578,65.86350036004578,101.50999422940342,101.50999422940342,41.14054201684817,41.14054201684817,30.292313146109535,61.39122874766522,30.40765268537733,29.50881127833587,46.91281210581462,46.364890510122706,120.01668035719129,119.52912908966881,18.582509026592273,21.09265762159064,0.18014465526795823,0.36508607599168674,1,False
AP0166,Fusión,2,0.6747938040209069,20.9876,4697.675794742113,-1527.7847369472247,1067.4127396149843,4080.129270230997,4429.574468149919,,,1071.2391409151098,1068.6450320423626,0.3821530809902823,0.3696580394073179,-206.7324919556192,-101.95539153632811,104.77710041929109,271.5485231688291,393.0986394681133,-4.073572451021468,-0.8111980388186338,-156.03366526963973,-169.82153477035348,-0.0,-0.0,-308.9234595048589,-315.17098029634104,37.0,37.0,182.28822428385413,182.28822428385413,27.32622011418928,27.32622011418928,46.260145970394866,46.260145970394866,65.82849859940377,65.82849859940377,101.54844649465461,101.54844649465461,41.031329238623904,41.031329238623904,58.62215474446614,64.39615156631953,28.596692416904204,29.534760146195797,42.811757863820844,48.39208273077026,119.47307110577374,117.12726554456253,18.72195183645666,23.56424791303014,0.34873700907041766,0.3830859065275745,1,False
AP0166,Fusión,3,0.7060757362672616,20.2813,5382.847611000253,-1955.1496177058307,1078.015940031204,5614.309244128738,5624.2566688515135,,,1082.4771651310364,1082.3973505462768,0.45870354852383655,0.433665938255504,-113.55185118787645,-94.03810810967676,19.513743078199695,375.2925623472986,410.48264401995635,-18.206611750535327,-18.106236218199083,-190.73925814762976,-193.99716714025777,-0.0,-0.0,-270.64822573808175,-283.16703087224806,42.0,42.0,182.38679672359498,182.38679672359498,27.321789834665694,27.321789834665694,46.259078624636665,46.259078624636665,65.79939144637234,65.79939144637234,97.69305741657584,97.69305741657584,41.068651681352954,41.068651681352954,63.00750070024831,64.66485752608135,30.52111754240813,30.340428200873383,47.540234699223944,47.552444767586806,119.10369843982514,118.6511571129845,18.855430622385455,19.426771569472184,0.37805407985592293,0.38799845953801965,1,False
AP0166,Fusión,4,0.7252202627010839,19.0129,8163.9127550298435,-2030.4383520695155,1076.114521659727,6362.848175202324,6362.848175202324,,,1090.3098946760153,1090.3098946760153,0.4004129117105171,0.4004129117105171,-147.48427431708419,-147.48427431708419,0.0,407.6583160537562,407.6583160537562,-28.057122156516353,-28.057122156516353,-218.04160617065435,-218.04160617065435,-0.0,-0.0,-299.7935441447415,-299.7935441447415,47.0,47.0,182.3046847873264,182.3046847873264,27.33378020392524,27.33378020392524,46.17888336181638,46.17888336181638,64.40113300747342,64.40113300747342,101.00768746270076,101.00768746270076,41.06073345608181,41.06073345608181,64.78422512478299,64.78422512478299,30.71275996214955,30.71275996214955,47.85890549102856,47.85890549102856,119.40761672576835,119.40761672576835,18.736487852808565,18.736487852808565,0.3872003315341145,0.3872003315341145,1,False
AP0166,Fusión,5,0.8049406672609352,14.0647,8026.774773855221,-1459.6236680972215,1085.0548208448317,6305.884328474949,6517.165049748449,,,1079.3911195023188,1078.7335310449448,0.4521072389020985,0.2986764439415324,-346.87764742077445,-138.99750034790114,207.8801470728733,147.7472341101381,466.68747324371975,-14.325573294598682,-13.498584196479245,-197.10260978843488,-232.2742934669796,-0.0,-0.0,-273.94638054895074,-350.6617780292338,52.0,52.0,174.1027693309391,174.1027693309391,26.075161230614192,26.075161230614192,43.94897406844057,43.94897406844057,54.78918962572392,54.78918962572392,84.12162484535565,84.12162484535565,39.19350657000203,39.19350657000203,47.821211021093816,61.558494872795976,30.710594640226443,29.929758945668596,47.80564133622639,49.09958238935968,119.70692318647335,119.65978253406166,18.760473478165032,24.00390002515347,0.31375195177544696,0.4038814053909923,1,False
AP0166,Fusión,6,0.8473957470155992,11.8362,2561.5078861605252,-2912.730976108498,1118.117100357948,6965.234533479502,7181.129606204589,,,1097.6930509515917,1095.795601097287,0.3671764296387321,0.2998358328244462,-773.478868835688,-389.1015213383291,384.37734749735887,-223.598466309708,260.15308472861943,-37.3422452166084,-34.95599538794736,-186.87605422980937,-254.96620919229605,-0.0,-0.0,-316.41178518063396,-350.08208358777694,61.0,61.0,176.50014710014216,176.50014710014216,21.82975307892744,21.82975307892744,38.251892441941216,38.251892441941216,62.22119546289071,62.22119546289071,104.64538460559174,104.64538460559174,36.31472527244339,36.31472527244339,33.28557786942062,55.07661544772406,30.704903359624833,31.566817319799753,47.811587836004946,47.893862920498535,120.06194503830004,119.2610840149786,18.913574549905704,15.53063748034945,0.20881321725814814,0.3455167674254131,1,False
AP0166,Reducción,0,0.7004480619679008,20.4573,13853.498195282918,3097.5992664505593,1100.3194688999079,13399.994668344838,13430.178476877016,2212.2727208006168,2173.455821170127,1111.5763052957386,1111.0159911907704,0.48701132504504324,0.46067483773699747,11464.207375625738,11501.926230665065,37.718855039327536,13399.994668344838,13430.178476877016,-1327.36363248037,-1304.073492702076,-129.27774748443275,-131.86459710155478,-0.0,-0.0,-256.4943374774784,-269.66258113150127,30.0,30.0,,,,,,,2.3940829379227306,2.3940829379227306,1.7485806286473755,1.7485806286473755,,,64.34569321499075,66.22090998298891,27.468722466362845,26.864687481265268,26.791191474066842,27.85004464644218,119.54372025101273,121.73705514258933,-5.537338348500522,-0.5854315937305292,40.312774330946915,41.48760339273572,1,False
AP0166,Reducción,1,0.9724366804340384,2.7243,-21.15595024269863,-1063.5024491382483,1077.4348358924158,345.46703436582015,460.31359373862534,0.0,0.0,1061.4964445211958,1062.0144318218324,0.4963328245537494,0.37871614364018896,-186.5483416809898,-154.3394807748004,32.208860906189415,345.46703436582015,460.31359373862534,-0.0,-0.0,-57.53021304686457,-81.35957105670005,-0.0,-0.0,-251.8335877231253,-310.64192817990556,25.0,25.0,,,,,,,0.0030162299844665036,0.0030162299844665036,0.012368777552679743,0.012368777552679743,,,27.487358054136617,41.54922885269701,24.13908672417535,29.64218394142433,20.26680174424913,28.76558813904215,119.55830154079862,120.89276557287909,-6.015406493455635,-8.65539965550754,,,1,False
AP0166,Reducción,2,0.9720164201022626,2.6019,185.35004646261612,83.98725255928366,1050.3001925836809,429.17544056422895,417.904758876012,555.0489117791479,457.1642727600864,1051.1924476188103,1050.0305704047405,0.5560364919415758,0.5212954748941467,-369.0134244452241,-343.2702707276558,25.743153717568248,429.17544056422895,417.904758876012,-333.02934706748874,-274.29856365605184,-20.526188635932073,-24.872628117869283,-0.0,-0.0,-221.9817540292121,-239.35226255292662,20.0,20.0,,,,,,,1.9886224980286138e-20,1.9886224980286138e-20,8.688916257642497e-21,8.688916257642497e-21,,,9.112936231825087,13.39110094013232,16.89679077996148,15.972628826310286,6.375889680650499,9.489749409753951,120.04755235460068,121.48524174269112,-6.532914781144481,9.567593901837842,,,1,False
AP0166,Reducción,3,0.9756731143187408,2.2742,44.642526898375515,312.6939927840449,1033.5612355504702,267.8693268256302,230.58711021363817,259.30121326948046,115.84841063910402,1040.037127894026,1038.6981786286535,0.5244416890498595,0.4321589108091913,-359.89077110221166,-356.80800188023784,3.0827692219738196,267.8693268256302,230.58711021363817,-155.58072796168827,-69.5090463834624,-11.748639214263298,-11.313945838189143,-0.0,-0.0,-237.7791554750702,-283.9205445954044,13.0,13.0,,,,,,,1.9886224980286138e-20,1.9886224980286138e-20,8.688916257642497e-21,8.688916257642497e-21,,,8.363594841234612,8.54626329238389,14.329237518310546,12.418621775756879,5.568461040920681,7.0431708122648775,119.18620673285591,119.10901379303624,6.76619888434913,29.064498008068075,,,1,False
AP0179,Fusión,1,0.6479937821901448,22.4264,2927.375925268367,-1880.5468035173167,1121.8929625410851,3085.0014659404974,3562.749536817866,,,1148.7152222969512,1146.1954796445648,0.4020744633673721,0.31040246041894365,-737.4427739092716,-240.135444553049,497.3073293562226,-229.9364017202823,355.1910012149981,-101.50818212111825,-98.33933132968023,-97.78510385262886,-142.93802674891052,-0.0,-0.0,-298.96276831631394,-344.7987697905281,32.0,32.0,183.2442629419192,183.2442629419192,29.171657616201077,29.171657616201077,46.57433502505531,46.57433502505531,65.7522616299716,65.7522616299716,103.87635954269254,103.87635954269254,46.12917887369792,46.12917887369792,34.22362549136383,61.558494872795976,29.718466917673748,29.929758945668596,45.30492132962478,49.09958238935968,119.40117653740776,119.65978253406166,18.409823423000176,24.00390002515347,0.20702217747854093,0.3723735714114713,1,False
AP0179,Fusión,2,0.5957842743556598,23.5427,3817.656901167486,-1566.6931071814079,1128.0838125685243,3876.6417628561157,4121.840537250133,,,1122.0241481310713,1120.5408938512933,0.5089425516525701,0.3789618065255732,-362.36982744788224,-133.44017750073616,228.9296499471461,102.32944382893369,422.2266677540303,-67.94124963506667,-66.07589584827139,-141.97897956910606,-169.82153477035348,-0.0,-0.0,-245.52872417371498,-310.5190967372134,37.0,37.0,183.09138312088814,183.09138312088814,29.01206547251919,29.01206547251919,46.34322456226027,46.34322456226027,65.04299305698328,65.04299305698328,103.17347112287554,103.17347112287554,45.751241904810854,45.751241904810854,49.51971681829084,64.39615156631953,29.98946611100847,29.534760146195797,46.15998938391515,48.39208273077026,119.11096535989114,117.12726554456253,18.663819899358188,23.56424791303014,0.30091731970270963,0.3913172080448732,1,False
AP0179,Fusión,3,0.6079071565489131,24.0768,3949.1403203224572,-2395.0867307600747,1131.4349580508697,5244.581051879972,5375.921159324701,,,1139.470192897186,1139.2416568255653,0.4488764970844378,0.41326886700266985,-252.9001528702326,-144.42855329985807,108.47159957037454,301.38893627542086,440.30693599205034,-89.88155084487755,-89.59414184668417,-179.5954689440666,-192.52546304763092,-0.0,-0.0,-275.5617514577811,-293.3655664986651,42.0,42.0,182.9294672056686,182.9294672056686,28.982842781007754,28.982842781007754,46.30809117989953,46.30809117989953,58.136175300539,58.136175300539,106.56290136529493,106.56290136529493,44.005365605317344,44.005365605317344,58.261296235313715,64.66485752608135,30.034280435874983,29.211888618652985,46.198936906441176,47.434006150850735,119.33440674473998,119.13952518117422,18.629714593927467,24.01338952222509,0.35716962370777244,0.396426518497333,1,False
AP0179,Fusión,4,0.5983345867048039,23.4675,7202.359980949564,-1799.4247238121834,1133.8979725427591,6555.788112283174,6617.913465046114,,,1133.8536408073633,1133.487111255525,0.4388070062805899,0.371970637444186,-199.8171246573096,-94.44985610351029,105.3672685537993,373.862834940948,527.6180261698,-82.8181249358342,-82.35717410844386,-201.01501990379015,-216.4457089880312,-0.0,-0.0,-280.59649685970504,-314.014681277907,47.0,47.0,178.69364318847659,178.69364318847659,28.99719217088488,28.99719217088488,46.297180684407444,46.297180684407444,52.14192361037404,52.14192361037404,91.25834581739886,91.25834581739886,41.269637722439235,41.269637722439235,57.99263526068794,64.66485752608135,30.281066815171123,30.100377473636375,46.8851549612387,46.89736502960156,119.56036527015921,119.10782394331858,18.87433178527083,19.450342642183383,0.3776500525989559,0.4210997954525255,1,False
AP0179,Fusión,5,0.6952920412244705,18.9686,3619.3898509278915,-2149.9061765466686,1139.0126525305834,6837.058066068778,6987.351460734326,,,1135.2962129257387,1134.6542990941123,0.4889571663446389,0.30615837682532193,-504.66867213643764,-235.04471089909492,269.6239612373427,37.20466514443473,443.6195614327118,-84.63231647428,-83.82503992504276,-192.4692860799836,-238.66810292049675,-0.0,-0.0,-255.52141682768053,-346.920811587339,52.0,52.0,183.29241505748817,183.29241505748817,29.007013131387573,29.007013131387573,46.37324587264153,46.37324587264153,58.764909238035564,58.764909238035564,102.58514603908705,102.58514603908705,42.57633586379716,42.57633586379716,45.78385654665389,64.39615156631953,30.927253534039874,29.534760146195797,48.43219912611786,48.39208273077026,119.12439478686731,117.12726554456253,18.743686616917973,23.56424791303014,0.28251368165561824,0.397362634685779,1,False
AP0179,Fusión,6,0.6366125254170861,22.8113,9411.930980151465,-2620.3418154489445,1141.5290353414869,9282.323155602848,9282.323155602848,,,1142.6143134309975,1142.6143134309975,0.08503641926915434,0.08503641926915434,-961.20935080825,-961.20935080825,0.0,-250.4686528558302,-250.4686528558302,-93.83562481846727,-93.83562481846727,-150.17296486960143,-150.17296486960143,-0.0,-0.0,-457.4817903654228,-457.4817903654228,60.0,60.0,130.67127939468628,130.67127939468628,22.296874475653603,22.296874475653603,24.840876678739303,24.840876678739303,53.97566777447946,53.97566777447946,80.42015566911182,80.42015566911182,28.922100937274028,28.922100937274028,24.2236854449113,24.2236854449113,28.27272692776987,28.27272692776987,44.35166677480295,44.35166677480295,101.58261453204557,101.58261453204557,16.161444197334838,16.161444197334838,0.20121996016857954,0.20121996016857954,1,False
AP0179,Reducción,0,0.6947494171987635,19.3953,13020.088914118027,1856.7137125549725,1173.0330646276157,12185.678903021226,12156.587776894596,1377.8738282089198,1295.7953538726729,1127.8895808554892,1126.5506315901166,0.3986583227967643,0.3865047785435983,10702.407919525813,10717.490244434519,15.082324908706141,12185.678903021226,12156.587776894596,-826.7242969253518,-777.4772123236037,-133.22427269162415,-132.22113413145303,-0.0,-0.0,-300.67083860161785,-306.7476107282008,30.0,30.0,,,,,,,32.947097827634785,32.947097827634785,10.9044197197326,10.9044197197326,,,65.89203497773858,66.07470342888786,28.62011153609664,26.709495793542974,28.760399475097653,30.23510924644185,120.7257159197772,120.64852297995753,-5.463681107598074,4.02910541963002,3.9962955261417656,4.007374211362851,1,False
AP0179,Reducción,1,0.951637472576312,3.9636,851.4982954630292,217.7681373560481,1100.3863881873408,1061.4369475130084,1084.653159746484,593.4484128064678,593.0481753916708,1157.3493273475613,1158.6212120047583,0.36055665859762137,0.4221629597804319,106.41957085921683,150.17531880367005,43.75574794445322,1061.4369475130084,1084.653159746484,-356.0690476838807,-355.8289052350025,-56.57508299190163,-67.07884032120751,-0.0,-0.0,-319.7216707011893,-288.918520109784,25.0,25.0,,,,,,,0.001744991982890032,0.001744991982890032,0.011674278999434358,0.011674278999434358,,,27.14410893366887,35.845468558435506,22.93885405137804,22.499427617912307,21.76322514512804,21.589735638915638,124.96755777994792,121.52973633196314,4.639953180296602,4.693730588776786,,,1,False
AP0179,Reducción,2,0.9689745335707253,2.5474,296.1451329203876,-25.39228088976415,1079.38951932879,411.9349299867859,393.60491526573173,826.7192085265713,713.3146277085825,1076.3380262516248,1075.0652948615548,0.33543588914950295,0.38827066175199393,-661.1313443658585,-593.451727660931,67.67961670492741,411.9349299867859,393.60491526573173,-496.0315251159427,-427.9887766251495,-22.101118534633095,-30.55162190069023,-0.0,-0.0,-332.28205542524853,-305.864669124003,20.0,20.0,,,,,,,8.192071851762883e-24,8.192071851762883e-24,3.257446799071312e-11,3.257446799071312e-11,,,8.510652717711434,17.008671782155222,19.26547549777561,17.34562247077458,10.155902591281466,15.67788318035129,130.32496846516926,120.30851398020417,-2.612977361239944,18.02018401235803,,,1,False
AP0179,Reducción,3,0.9750050816412745,2.0586,81.33493006384042,268.01472796188864,1076.4252770683097,294.2458821336332,250.64910380694863,970.9082383188289,732.1378369876062,1074.8398302517817,1072.7199819734315,0.45775580715914943,0.31233417285296783,-793.1035051787487,-770.0782860110473,23.02521916770138,294.2458821336332,250.64910380694863,-582.5449429912974,-439.2827021925637,-11.030772623839201,-14.960198775096146,-0.0,-0.0,-271.1220964204253,-343.83291357351607,13.0,13.0,,,,,,,8.192071851762883e-24,8.192071851762883e-24,1.4846272832023518e-24,1.4846272832023518e-24,,,5.0121877425756205,11.93254002365682,17.237674253958243,14.4684228362419,8.078135631702564,12.010483489114396,123.71909880461517,129.00226226522142,-1.207245597964488,35.12515844804815,,,1,False
AP0183,Fusión,1,0.7314117801168016,21.3107,2622.736755825792,-1768.283288365334,1152.6469969775312,3390.3972962366483,3396.376933920488,,,1141.8583416983759,1142.6678541003525,0.3530011538225488,0.29487243840561606,-608.9872076913005,-440.8595004250474,168.12770726625308,-71.9121684116257,139.88314871671304,-92.88490803754753,-93.90295804088944,-111.44039025447346,-125.0255924047508,-0.0,-0.0,-323.49942308872556,-352.56378079719195,32.0,32.0,184.1229433001894,184.1229433001894,22.664015459773516,22.664015459773516,47.39062956222375,47.39062956222375,67.11168508818656,67.11168508818656,105.22528507733587,105.22528507733587,45.2723007664536,45.2723007664536,41.666764816130055,51.575489630150955,30.71681478288439,28.856859994009085,47.76695111592611,46.256948132064245,119.8587976243761,119.74265019202194,18.725361227372805,23.719116853345568,0.2516783106927618,0.31152963664324274,1,False
AP0183,Fusión,2,0.6024387610263233,24.7771,4143.081009841005,-1528.797085478132,1151.755865227772,4310.490497422099,4288.600794941417,,,1159.1657427615066,1159.7643214632337,0.3621786520353999,0.36470641478303933,-235.80633901459115,-200.37665929597733,35.42967971861381,375.3793769417258,412.75276216319867,-114.65084969222194,-115.40362759631044,-168.37387438286675,-170.828683355457,-0.0,-0.0,-318.91067398230007,-317.6467926084803,37.0,37.0,184.64753760622258,184.64753760622258,22.66261714466831,22.66261714466831,49.189144415604325,49.189144415604325,67.02992114686128,67.02992114686128,105.11951004831413,105.11951004831413,45.13477943821956,45.13477943821956,62.90757853190103,64.66485752608135,30.814567937077697,30.407797966568232,48.08292888836102,47.15146267382636,119.65911282376126,121.0268400903178,18.79339462238438,19.323173569781,0.37807861282793936,0.3886399731596592,1,False
AP0183,Fusión,3,0.6298116110365465,23.6967,4396.613107993623,-1814.8989134822605,1170.913181820953,4938.720571106533,4917.355406230275,,,1144.075828512249,1144.6803866248,0.40644796505965286,0.4220071786066784,-123.91270290408386,-81.90514845942286,42.007554444661,469.33896407006927,506.8941218761763,-95.67363919566412,-96.43393686003583,-191.55169240938724,-194.11860487997433,-0.0,-0.0,-296.77601747017354,-288.9964106966608,42.0,42.0,184.2269421481347,184.2269421481347,22.664415936137353,22.664415936137353,47.088310300841904,47.088310300841904,64.83759794013444,64.83759794013444,81.41983474613161,81.41983474613161,45.169472485919336,45.169472485919336,63.01216302916061,64.66485752608135,30.824437031417926,30.41766706090846,48.54133187753183,47.60986566299717,120.47470257471477,121.84242984127131,19.7767526832026,20.3195100122153,0.404630691276319,0.4152434187976411,1,False
AP0183,Fusión,4,0.642187841250399,22.4682,4859.0257456901745,-2518.0366991941182,1178.8110231691385,6201.273974513101,6127.355949942936,,,1172.5366159574583,1173.3895453487603,0.3676190279531125,0.3877399732491954,-224.17347258113253,-180.90779430837537,43.26567827275716,448.11260197853176,485.02732723710386,-131.46617885652384,-132.5388304521574,-215.37909178076853,-218.0159598189913,-0.0,-0.0,-316.1904860234437,-306.1300133754023,47.0,47.0,184.22250773111983,184.22250773111983,22.665958404541016,22.665958404541016,44.257559839884465,44.257559839884465,56.3308098687066,56.3308098687066,99.34279401567248,99.34279401567248,45.13265635172526,45.13265635172526,63.015806664360895,64.66485752608135,31.323298922779994,31.11666071338532,49.20445667744811,47.18947452516341,119.33969065709036,121.28901287535601,18.547206503570067,16.754442094958257,0.39863232486525374,0.4090640722890386,1,False
AP0183,Fusión,5,0.6451281246655558,21.545,3371.2644226394204,-3003.9309988208333,1150.1424659195964,6880.956042909453,7037.353343662784,,,1184.538631621296,1185.0939734725648,0.41887144174068186,0.2948531482550525,-485.56408205415016,-302.68071592803335,182.8833661261168,163.27764791251838,439.8932538817896,-146.56002060230037,-147.25842345834016,-202.46711233578088,-233.49180258008084,-0.0,-0.0,-290.5642791296591,-352.57342587247376,52.0,52.0,184.18545474646223,184.18545474646223,22.663623545904578,22.663623545904578,42.874488341133464,42.874488341133464,58.828557601065,58.828557601065,100.59350151205962,100.59350151205962,45.196512090335105,45.196512090335105,50.56659971992924,62.99109120636427,29.905895265758545,29.196016849232066,46.80914701804136,46.47919068986865,119.86898861094416,124.13843487362047,20.346898139439226,24.24342400534881,0.31814069781211624,0.39630961589931146,1,False
AP0183,Fusión,6,0.5936642732194013,22.7054,9021.195634904001,-1527.9888479048514,1088.9018942455177,10581.349043675351,10810.38932591236,,,1141.7987013555116,1141.6827750528569,0.2737429534167102,0.2918404909774836,-941.3583539860605,-618.3892992772852,322.9690547087753,-311.43541650084404,49.783109952578194,-92.80990381141837,-92.66411386117557,-164.734192483225,-212.17822295850146,-0.0,-0.0,-363.1285232916449,-354.07975451125816,57.0,57.0,184.17203191121416,184.17203191121416,19.534549125035603,19.534549125035603,44.611496003468886,44.611496003468886,67.55323590171737,67.55323590171737,106.84952984602168,106.84952984602168,40.22508760615128,40.22508760615128,30.13702993392944,46.85680817152535,30.413655604354897,30.171451863959916,47.08123875101617,47.444099968917094,120.26736494330079,124.5304345583865,18.92254310059232,21.962130887855555,0.18399133730506007,0.2860682295576672,1,False
AP0183,Reducción,0,0.6534563191845677,21.4933,11277.305857850173,1504.3323730384254,1054.776251371473,11630.853491665108,11666.137255530539,2500.149875616267,2461.0880752015732,1058.0534133759263,1057.4969740711429,0.336976507351611,0.3154030682077847,9447.352954889346,9492.656769239336,45.303814349990716,11630.853491665108,11666.137255530539,-1500.08992536976,-1476.652845120944,-129.24728980498503,-131.87759999733385,-0.0,-0.0,-331.5117463241945,-342.2984658961077,30.0,30.0,,,,,,,26.535312637176013,26.535312637176013,0.6121442087842153,0.6121442087842153,,,64.31671949817289,66.22090998298891,27.216180905942565,26.612145920844988,27.59215914125796,28.651012313633295,119.94558602792246,122.13892091949906,-3.034278781566353,2.0214338750400995,6.229582035847849,6.414017917055679,1,False
AP0183,Reducción,1,0.8779078508918622,9.6135,4446.557067426084,1099.7386776175208,1029.5741736131326,4000.358539486148,4015.775678761772,744.1179987565673,745.7077166162787,1034.183703456441,1034.394788554262,0.2842156536839557,0.28855695992542774,2912.1255682303354,2926.8186716733353,14.693103442999927,4000.358539486148,4015.775678761772,-446.47079925394036,-447.42462996976724,-61.21842356703018,-63.159281804563506,-0.0,-0.0,-357.8921731580221,-355.72152003728615,25.0,25.0,,,,,,,2.7933942225474947e-18,2.7933942225474947e-18,0.00029952230708658997,0.00029952230708658997,,,29.734205118815108,31.20946710165509,23.73567134602865,23.897941571272387,24.9956546359592,24.8959669961614,119.118880859375,120.60347230470062,5.349073315332005,5.077452027334896,,,1,False
AP0183,Reducción,2,0.9688658925700594,2.7233,538.548061196145,-6.370570058528756,997.586893543774,366.04034568622194,399.77191461268535,238.25102748129606,331.5192372490405,1009.9965108487418,1012.5934587463485,0.3560745102921104,0.5350082449964201,-346.91395217788556,-282.63861152871834,64.27534064916722,366.04034568622194,399.77191461268535,-142.95061648877763,-198.91154234942428,-25.38936124456496,-28.351531013369385,-0.0,-0.0,-321.96274485394486,-232.49587750178995,20.0,20.0,,,,,,,2.7933942225474947e-18,2.7933942225474947e-18,5.48260966463714e-05,5.48260966463714e-05,,,11.616181582496278,14.853576568686691,17.23337576124403,18.530512091120645,17.165771026611328,11.898235950051529,117.51176140679254,125.7834397663769,21.40175407809136,3.3774946763322027,,,1,False
AP0183,Reducción,3,0.9798823412077549,1.728,-399.78750073430336,1189.939495745457,1005.7259319028949,314.1368074460607,265.57572482027075,597.5717465843568,473.8377660366986,992.751587685412,992.1065640269776,0.40019981638915375,0.429111196356034,-580.0788477746141,-537.1624975825755,42.916350192038635,314.1368074460607,265.57572482027075,-358.54304795061404,-284.3026596220192,-13.120940187817528,-10.339585682024016,-0.0,-0.0,-299.9000918054231,-285.444401821983,13.0,13.0,,,,,,,2.7933942225474943e-18,2.7933942225474943e-18,9.703324402325093,9.703324402325093,,,5.499296142941429,3.328984888250178,19.32095717731704,16.67662773613411,15.470956890399638,12.860466827454578,118.27377574953258,124.18978099415052,4.312766256539082,16.751184509120442,1.5182977729624891,0.9190976828086521,1,False
AP0185,Fusión,1,0.7736307923854153,16.8142,2175.0917811273694,-1209.6904406872204,1143.098799932742,3014.8163777863074,3113.8768409555223,,,1144.6945178312092,1144.0768325757429,0.4271512172460611,0.3270213282955962,-753.6448090277368,-389.60000167399033,364.0448073537464,-265.7988535858323,180.58700722819833,-96.451708391018,-95.67490191485258,-95.71953777498874,-128.77245323620602,-0.0,-0.0,-286.4243913769695,-336.48933585220186,32.0,32.0,184.25833481297352,184.25833481297352,22.48236595693261,22.48236595693261,46.80189689867437,46.80189689867437,65.43752120817551,65.43752120817551,104.49067382812501,104.49067382812501,49.63793883660827,49.63793883660827,32.3649742665917,53.10094299440428,30.22411798901028,30.849286995444675,46.626330246850465,44.361340404788336,119.1490665435791,121.25824694599783,18.52725404105043,13.172100661124833,0.1968877924265436,0.3230321567945119,1,False
AP0185,Fusión,2,0.5770128942813553,24.7988,3844.3756422734073,-1132.5617865376657,1144.5489220709883,3962.204512840208,3960.0361846237324,,,1145.662506519681,1146.909201874502,0.37910126440732045,0.3009103773200169,-414.18323541401554,-166.957745229376,247.22549018463954,147.35309486511267,458.3135660457531,-97.6690595830781,-99.23691475990142,-144.1675850007821,-167.23926727630788,-0.0,-0.0,-310.4493677963398,-349.54481133999155,37.0,37.0,183.87656978138705,183.87656978138705,22.3772814834327,22.3772814834327,46.818326180441346,46.818326180441346,65.41779528166118,65.41779528166118,91.48340822186385,91.48340822186385,45.63683921412417,45.63683921412417,49.97184630276863,63.97274028535954,30.51774397383223,28.95797177246123,48.22965818839554,45.26040292151563,119.02162030194258,121.6030791847727,19.96987476300734,22.241036262155014,0.3136405718037661,0.4015150195049395,1,False
AP0185,Fusión,3,0.6055251627859767,24.4277,3169.2478331871935,-2258.2079886118277,1141.6723423813414,3770.315039766376,3770.315039766376,,,1138.568430919995,1138.568430919995,0.05612292791594023,0.05612292791594023,-632.5262058221828,-632.5262058221828,0.0,75.21072781873987,75.21072781873987,-88.7474869545021,-88.7474869545021,-137.8005927454624,-137.8005927454624,-0.0,-0.0,-471.9385360420299,-471.9385360420299,42.0,42.0,157.45418753461928,157.45418753461928,18.668161726427066,18.668161726427066,35.92407243344619,35.92407243344619,55.41452088054174,55.41452088054174,85.14133364824578,85.14133364824578,36.99814672343616,36.99814672343616,40.144112660042126,40.144112660042126,26.636649321315808,26.636649321315808,47.46613812980009,47.46613812980009,96.94874188661575,96.94874188661575,27.315889299395806,27.315889299395806,0.2932538305694673,0.2932538305694673,1,False
AP0185,Fusión,4,0.5908538883180527,23.6416,6880.076730584764,-1824.4857176200048,1169.9479355048493,5929.422374444918,5756.854433161875,,,1134.233443784,1136.704205380005,0.3605137938097217,0.31800299803935256,-325.7530481047936,-198.20946379205034,127.54358431274326,287.2731318879333,450.88144464937886,-83.29576854041656,-86.40302031929971,-200.73699045824299,-212.43906924287762,-0.0,-0.0,-319.74310309513913,-340.9985009803237,47.0,47.0,181.45961278279623,181.45961278279623,22.3452067481147,22.3452067481147,46.81570103963213,46.81570103963213,65.30933939615886,65.30933939615886,96.40153118769328,96.40153118769328,44.36706856621637,44.36706856621637,56.567594401041674,63.97274028535954,31.435911637891092,28.95797177246123,49.95427277950771,45.26040292151563,119.40844121279102,121.6030791847727,19.338109704693277,22.241036262155014,0.3531806327286338,0.399414773256679,1,False
AP0185,Fusión,5,0.6752851098164312,20.5398,6958.941800454444,-668.0854197203307,1178.4291144669376,6730.045343345174,6844.436088412754,,,1179.9054228231244,1180.8739001966044,0.4318204927793153,0.30856219084224223,-616.4330311615797,-290.6335860126102,325.79944514896954,3.885485541130928,439.77866078292294,-140.7332559709684,-141.9512217376452,-186.24518922247162,-233.49180258008084,-0.0,-0.0,-284.08975361034237,-345.7189045788789,52.0,52.0,181.0274683538473,181.0274683538473,21.91044524570681,21.91044524570681,46.13155134668885,46.13155134668885,58.6669559310817,58.6669559310817,101.64402012855,101.64402012855,43.56674464963517,43.56674464963517,43.41087414243686,62.99109120636427,30.83518036695627,29.196016849232066,48.60391361477693,46.47919068986865,120.51172777485642,124.13843487362047,19.84910671497484,24.24342400534881,0.2730980009603196,0.39627723298827766,1,False
AP0185,Fusión,6,0.7124330368455041,20.4247,9299.48600354201,-3937.184389281727,1139.4518824546826,7585.256501677076,7553.904183165676,,,1175.584858667952,1176.6188531206362,0.26629646345251407,0.36708449608928095,-845.5760703509804,-541.7892850299841,303.7867853209964,-151.99358998998832,134.39297820341153,-135.29967602596489,-136.6000366547092,-182.18071816235587,-213.87415672439866,-0.0,-0.0,-366.851768273743,-316.4577519553595,57.0,57.0,181.31350107703187,181.31350107703187,19.88647205876339,19.88647205876339,39.914584259225876,39.914584259225876,54.012692662619756,54.012692662619756,102.71495694132989,102.71495694132989,36.534695881172674,36.534695881172674,35.34863874019418,47.83845725052063,31.1927269744873,29.93340678718908,49.29392039724415,46.22531220056407,120.37806767781576,122.12978608582581,19.536382103718232,20.054105083266972,0.22904806876649617,0.3099781670953291,1,False
AP0185,Reducción,0,0.7226231585086087,18.6228,12238.604866402333,2349.471259874872,1084.7377340698433,11870.178144263667,11849.719749299544,1316.4334608851254,1282.1063088526078,1102.604182050787,1102.633837718698,0.3933095028565392,0.40641043829843737,10420.38629293848,10428.745707468574,8.359414530094,11870.178144263667,11849.719749299544,-789.8600765310753,-769.2637853115647,-133.93495094556363,-132.26390039180404,-0.0,-0.0,-303.3452485717304,-296.7947808507813,30.0,30.0,,,,,,,0.2920285877531685,0.2920285877531685,0.38245313346834936,0.38245313346834936,,,66.40094860446068,66.22090998298891,28.526103447808158,27.47910231080372,28.86678311948423,27.337811125324357,119.61252549913193,122.09520051812653,-5.375415936013547,-3.6034681283927794,,,1,False
AP0185,Reducción,1,0.9696835060182802,2.6831,505.50861376092956,613.1869175708198,1068.4904045663272,463.55624954436547,485.0921980297842,0.0,0.0,1060.0532234720263,1060.3905328413143,0.42382363449157945,0.44321884769187414,-106.96112252108094,-84.23533982338643,22.725782697694513,463.55624954436547,485.0921980297842,-0.0,-0.0,-59.777614034416054,-68.28538642228754,-0.0,-0.0,-288.08818275421027,-278.39057615406296,25.0,25.0,,,,,,,0.007622486476887966,0.007622486476887966,0.002172570213119436,0.002172570213119436,,,26.76869358160557,33.00766369553652,26.7222594265408,27.27387892256926,25.100209950013987,26.281590443759786,118.6611554904514,122.43669155240322,-6.409387386364887,-4.682982905779908,,,1,False
AP0185,Reducción,2,0.9799044242064952,1.7276,-62.03601377378703,-537.4896058982176,1044.8490141420843,345.46019975542146,322.46578276330735,477.7533552883164,425.86824630869313,1046.5098973701506,1047.226798279921,0.3494053955493905,0.39864692074971003,-510.71956863345673,-482.5783813971753,28.14118723628144,345.46019975542146,322.46578276330735,-286.6520131729898,-255.52094778521587,-21.578877713763525,-26.195101473301698,-0.0,-0.0,-325.29730222530475,-300.676539625145,20.0,20.0,,,,,,,0.0006519258840295738,0.0006519258840295738,1.4187398752104361e-08,1.4187398752104361e-08,,,6.094332304454984,12.092936445396578,20.960392701890733,19.02850084697542,14.541548940870499,13.425322598599324,122.39665005154079,118.68013503217625,-3.9978734557206694,0.7650346807320317,,,1,False
AP0185,Reducción,3,0.9786497917449356,1.8216,-31.67516726531196,712.7902462655729,1038.7135465407555,272.69334682739526,249.984229384361,681.5908210598296,587.2770319612561,1043.3051402469428,1041.7685437145049,0.503897681935152,0.5094264910247474,-617.5161634082243,-579.5992295477315,37.916933860492804,272.69334682739526,249.984229384361,-408.9544926358978,-352.36621917675365,-10.552283290477714,-9.278909990892375,-0.0,-0.0,-248.05115903242398,-245.28675448762633,13.0,13.0,,,,,,,0.04950430565434295,0.04950430565434295,0.013949006815638505,0.013949006815638505,,,5.02122442072088,3.328984888250178,16.587206437852647,15.608797688620703,6.303668509589301,7.904913192059109,116.40720350477429,120.65623435999652,-7.310548762987968,6.487133316787595,,,1,False
AP0188,Fusión,1,0.7153596362838304,18.6919,1973.7326371117051,-1240.7153834414232,1134.4713098352875,2942.206639419705,3282.5362618217287,,,1138.3093538546025,1137.0447166787253,0.40382080300386713,0.3026940674452961,-755.795781353361,-223.8387803747222,531.9570009786388,-263.12795063152123,363.833780910412,-88.42166933065259,-86.83125035994345,-96.90624499419242,-142.93802674891052,-0.0,-0.0,-298.08959849806644,-348.652966277352,32.0,32.0,187.0752717605745,187.0752717605745,19.179854267775408,19.179854267775408,46.97029055200438,46.97029055200438,66.40310107915089,66.40310107915089,104.72456695864899,104.72456695864899,51.58649396800032,51.58649396800032,32.46014250167693,61.558494872795976,30.820552052391903,29.929758945668596,48.069646941290955,49.09958238935968,118.90815209282768,119.65978253406166,18.492943858733202,24.00390002515347,0.19764256399311092,0.37481593808738306,1,False
AP0188,Fusión,2,0.525473080173186,25.7427,4106.16161627806,-1046.7172641509687,1133.8713323829772,3595.55188119245,3631.9788667359812,,,1139.5572554137725,1140.9500921178508,0.3201344682848703,0.2914723356936518,-456.4061717985192,-225.43891005913852,230.9672617393807,128.6329635402503,395.6810470538733,-89.99104144080341,-91.74268527946376,-145.86501014147305,-165.86312178144567,-0.0,-0.0,-339.93276585756485,-354.2638321531741,37.0,37.0,181.31356308251097,181.31356308251097,23.40942811129386,23.40942811129386,46.83877766927081,46.83877766927081,65.63056629917078,65.63056629917078,104.30751053659539,104.30751053659539,46.80560752467105,46.80560752467105,50.3963035181949,62.730219782961285,31.084256595462648,29.228426753898972,48.995469761753945,46.942328340917435,118.79492528417089,121.9084224753949,18.938672128680032,24.096821343751195,0.30835044217790086,0.38381567015147305,1,False
AP0188,Fusión,3,0.5855620074304289,25.4699,5056.198482148463,-2650.488869295119,1127.175281065046,5246.497718084024,5078.14869478658,,,1127.1006717320067,1129.2828658462474,0.30346611275202917,0.2914134898558857,-425.7817707375638,-224.1511842894318,201.63058644813202,178.91813688811948,406.30143459494184,-74.32553090892706,-77.06987765379557,-172.85711519384262,-189.83916825959275,-0.0,-0.0,-348.2669436239854,-354.2932550720571,42.0,42.0,184.14660398498063,184.14660398498063,25.67619368678839,25.67619368678839,46.32413188135905,46.32413188135905,65.40210680111434,65.40210680111434,104.53828389958818,104.53828389958818,43.32946919285975,43.32946919285975,53.34586683169815,63.97274028535954,31.57175381776517,28.95797177246123,50.119964373553245,45.26040292151563,120.59428565615698,121.6030791847727,19.481427602691582,22.241036262155014,0.3225605500373492,0.38681688984348234,1,False
AP0188,Fusión,4,0.6297102600011438,22.4846,5059.924625011348,-1993.3261978745377,1152.1539514661183,5815.55795250669,5871.00617188196,,,1122.8002388324853,1122.4597518515404,0.4147475329964609,0.36047774944947325,-220.73873691985779,-121.6618651559439,99.07687176391389,355.07590931789895,495.2197266519921,-68.91726821024703,-68.48906875185403,-205.02082662681195,-219.38107988189046,-0.0,-0.0,-292.62623350176955,-319.76112527526334,47.0,47.0,182.8407626681858,182.8407626681858,25.662222459581166,25.662222459581166,46.507452901204466,46.507452901204466,57.55487025735235,57.55487025735235,91.20036382028073,91.20036382028073,42.975360785590276,42.975360785590276,58.448139868842226,64.66485752608135,31.45266344968676,31.271974108152012,49.615835044626365,49.62804511298923,120.33773144300385,119.88519011616322,19.04676811782529,19.60219520948555,0.37234104754483943,0.411944346640092,1,False
AP0188,Fusión,5,0.6436153589281511,21.7623,,,1159.8276687023892,6325.28177017102,6343.165937032593,,,1157.0579239520139,1158.765087002779,0.42307148691913604,0.2983244222142961,-534.6590868170197,-294.24333159101616,240.4157552260035,72.86281139471791,413.4835592240867,-112.00003799272432,-114.14698144324184,-197.80728577965309,-233.49180258008084,-0.0,-0.0,-288.46425654043196,-350.83778889285196,52.0,52.0,183.2235615664308,183.2235615664308,25.656890869140625,25.656890869140625,46.56876412637577,46.56876412637577,65.01965846415585,65.01965846415585,96.58384885008228,96.58384885008228,42.96521034480641,42.96521034480641,47.39809869730247,62.99109120636427,31.275209384494353,29.196016849232066,49.58250485933744,46.47919068986865,120.32246782351761,124.13843487362047,19.663824120367757,24.24342400534881,0.2925903318996007,0.38884648940226507,1,False
AP0188,Reducción,0,0.7371317130508993,18.5617,11786.584886611965,1524.5227505812072,1096.1620822576763,12287.639498987171,12280.429563882095,1495.3289685011187,1456.7679279611004,1096.3513996155982,1096.1534148495077,0.36828070016939796,0.42755201720976066,10720.093574591176,10765.730360782687,45.63678619151142,12287.639498987171,12280.429563882095,-897.1973811006711,-874.0607567766602,-131.83731810320234,-131.7628796508082,-0.0,-0.0,-315.859649915301,-286.2239913951197,30.0,30.0,,,,,,,3.478116176901561e-05,3.478116176901561e-05,9.067025523048624,9.067025523048624,,,65.34552500735046,66.22090998298891,28.478231924551505,27.0131702334754,27.295406200267653,27.06553822065657,124.98008264612268,122.12600115774016,-5.996229509959965,-2.4327799954779668,19.307218598398645,19.5658629214874,1,False
AP0188,Reducción,1,0.970016836455113,2.603,208.49008096806108,-271.9912804045016,1083.4308371922675,445.09022476555015,441.33389392419406,158.32931526583212,117.34961073851899,1063.5215273848173,1064.4517519728447,0.4138401502805547,0.45404650804378566,-225.17390351682837,-194.72239555790452,30.451507958923855,445.09022476555015,441.33389392419406,-94.99758915949927,-70.4097664431114,-59.535038986336474,-70.01820178405997,-0.0,-0.0,-293.07992485972267,-272.97674597810715,25.0,25.0,,,,,,,0.01567607191169063,0.01567607191169063,0.3540872009065123,0.3540872009065123,,,26.932808665740186,36.244349514486856,26.218132690429687,24.753070999353582,24.821714545355903,24.59184656574482,122.83615581597222,119.9820743275897,-3.468893333531094,0.5695054481095632,,,1,False
AP0188,Reducción,2,0.9740944946807117,2.1766,-323.7033374071138,96.12644376624485,1081.4198039675694,342.3857191695886,398.50449393811925,768.0407259340257,815.0238238255217,1067.5855223707792,1066.737416124583,0.4683180610842062,0.5136049260452306,-626.5269858095173,-583.5895230240649,42.93746278545245,342.3857191695886,398.50449393811925,-460.8244355604154,-489.014294295313,-19.595724683973522,-27.230610412666273,-0.0,-0.0,-265.8409694578969,-243.19753697738471,20.0,20.0,,,,,,,4.0926284131097525e-21,4.0926284131097525e-21,3.941569730213581e-20,3.941569730213581e-20,,,8.196586608886719,12.690629154244187,16.862101220024954,19.98109251152778,6.409386715359157,12.756628757527075,119.59680935329861,121.16116607153972,-6.521980065823574,-4.4084461084616775,,,1,False
AP0188,Reducción,3,0.9676554850225461,2.6596,278.45925313116993,1171.173934039056,1093.1146641587277,494.3618568000741,471.6787986128345,825.0722372355563,721.0285266879906,1083.3987738019416,1081.9717427284509,0.5254309107780767,0.473872643369642,-471.1154516726512,-457.75273462571107,13.362717046940134,494.3618568000741,471.6787986128345,-495.04334234133376,-432.6171160127944,-10.497846243609802,-11.09916363375213,-0.0,-0.0,-237.28454461096166,-263.06367831517895,13.0,13.0,,,,,,,1.2510378120341754e-25,1.2510378120341754e-25,3.941569730213581e-20,3.941569730213581e-20,,,4.999427101828835,6.179931195441647,16.648746626112192,15.382355369021365,5.809288024902344,8.33145971382098,118.8225466579861,119.55547227508367,-7.614598522294418,8.689820542469699,,,1,False
AP0196,Fusión,1,0.8579147418301623,12.201,3885.2200211400386,-1403.655166555416,1151.7897792616843,2759.310810259916,2759.310810259916,,,1122.4585474623555,1122.4585474623555,0.29000167151731227,0.29000167151731227,-688.9822691777777,-688.9822691777777,0.0,-150.84837963883444,-150.84837963883444,-68.48755410129304,-68.48755410129304,-105.39685329737807,-105.39685329737807,-0.0,-0.0,-354.99916424134386,-354.99916424134386,32.0,32.0,179.96463808001894,179.96463808001894,20.037810909386838,20.037810909386838,55.41587111347844,55.41587111347844,65.00647539851641,65.00647539851641,103.63683909406565,103.63683909406565,45.61722325797032,45.61722325797032,38.29453303789852,38.29453303789852,30.339130528767903,30.339130528767903,46.87510977851019,46.87510977851019,119.2460713704427,119.2460713704427,18.521499319354014,18.521499319354014,0.22937169423158255,0.22937169423158255,1,False
AP0196,Fusión,2,0.7851228472536858,16.1619,4549.862934980138,-1832.4192607428577,1161.44672405189,3913.3850548227724,3971.5714441846712,,,1176.5569635059783,1176.1802543961835,0.3494383769067836,0.29700510470104774,-380.71105886101896,-273.1915847878662,107.51947407315276,247.76285656345834,393.50216711743207,-136.5222037243483,-136.04845099424924,-157.42058225459255,-169.89753536264476,-0.0,-0.0,-325.2808115466082,-351.4974476494761,37.0,37.0,177.64323023745888,177.64323023745888,19.978635125411184,19.978635125411184,55.47167872378702,55.47167872378702,64.86290272495202,64.86290272495202,104.5748790004797,104.5748790004797,45.586079808285355,45.586079808285355,56.88781631202028,63.73808688059409,30.9005239217489,30.71983458021415,48.32037979517227,48.332589863535134,119.3871969870261,118.93465566018547,18.75476828208736,19.318460782647605,0.3420154077420707,0.3831999395722937,1,False
AP0196,Fusión,3,0.7672149292576905,15.9845,3546.4790252796233,-2323.088945327965,1168.1936992273106,5200.737334120902,5299.952871104478,,,1163.2867481217927,1163.1786611797988,0.3576997355277091,0.33465094139689266,-294.2863066669984,-237.3588327359355,56.927473931062934,342.7566778214109,419.1534772580459,-119.83346272022104,-119.69753161973466,-186.80907163311468,-194.88993117376484,-0.0,-0.0,-321.1501322361454,-332.67452930155366,42.0,42.0,180.36417908187983,180.36417908187983,20.018838098806928,20.018838098806928,55.34687358057786,55.34687358057786,65.0403933502907,65.0403933502907,99.65480550130208,99.65480550130208,45.452087780856345,45.452087780856345,61.0893567935441,64.66485752608135,30.569345020112536,30.783654478050586,47.62868486031022,48.348394587262504,119.93951228711971,122.01948794977821,19.099677131939565,20.14896917040813,0.36885975083935585,0.39044875387611727,1,False
AP0196,Fusión,4,0.6883589964813845,19.1715,7391.280656277145,-1400.6815108368673,1166.3953624438739,6026.964714216474,5963.52260278139,,,1165.7256996446963,1167.1893165941017,0.46325631847186405,0.34041544911591465,-289.2379897214912,-189.2536391499422,99.98435057154902,309.09615656914633,486.9693910071905,-122.90070986798526,-124.74136757328415,-197.8112777596561,-212.43906924287762,-0.0,-0.0,-268.37184076406794,-329.7922754420427,47.0,47.0,180.0757548014323,180.0757548014323,20.020871607462567,20.020871607462567,54.142136001587026,54.142136001587026,58.56160663270164,58.56160663270164,82.31241960012437,82.31241960012437,44.91091783311632,44.91091783311632,56.12238388061523,63.97274028535954,30.748826314941986,28.95797177246123,48.01666071519592,45.26040292151563,120.18277522728539,121.6030791847727,19.118438477322513,22.241036262155014,0.3593476102668067,0.4096128808901733,1,False
AP0196,Fusión,5,0.766197324222484,15.7945,9564.976663915768,-1506.7984227863617,1150.8422886646977,6809.066990002373,6778.949977433136,,,1160.707020389406,1162.059842669726,0.4096279987962998,0.30798773565588544,-607.1160481429924,-339.1665077373964,267.94954040559605,6.105869318948198,364.5642859774067,-116.5891741581624,-118.29049550127957,-192.19642480299996,-230.18384814253804,-0.0,-0.0,-295.1860006018501,-346.0061321720573,52.0,52.0,180.18631307733884,180.18631307733884,19.999860271717765,19.999860271717765,55.3903140661852,55.3903140661852,64.91668923815841,64.91668923815841,95.79233114374507,95.79233114374507,45.563650378341194,45.563650378341194,44.91456429343553,61.53598727188943,31.647866863539164,29.46251852108035,50.09208717874317,46.59375450526953,119.84317308452309,121.2406164502655,18.900831217154632,22.281270537463797,0.2737254601271376,0.3750223718153143,1,False
AP0196,Fusión,6,0.8446786080378018,11.6468,11814.125218562058,-2751.2631430884576,1116.935805554574,8650.878521315644,8623.34826185006,,,1137.705305085378,1138.9028696772525,0.3636165501131294,0.29795922353408566,-727.4334370478558,-598.1663126088129,129.26712443904296,-95.6682938369359,91.41187767744452,-87.66201222098267,-89.16808011294192,-216.6610881475737,-240.13940404143005,-0.0,-0.0,-318.1917249434353,-351.02038823295715,64.0,64.0,174.40031229654946,174.40031229654946,22.883357863653274,22.883357863653274,44.27352302187971,44.27352302187971,58.280012301490416,58.280012301490416,107.67950218563989,107.67950218563989,48.49789353143602,48.49789353143602,39.34683210100447,47.83845725052063,31.052563225328203,29.93340678718908,48.641100049576906,46.22531220056407,119.47988563026509,122.12978608582581,18.7210786705568,20.054105083266972,0.24496505741866237,0.297832120184711,1,False
AP0196,Reducción,0,0.8940687108231026,8.2439,3893.4458736627657,2398.264625671538,1099.4715067604209,3953.1290925906806,3953.4076456762714,1403.3238957976234,1370.110935338285,1093.2500280140123,1093.602986139666,0.33423201631525123,0.3520554313701848,2423.261632067224,2450.424491029459,27.162858962235077,3953.1290925906806,3953.4076456762714,-841.994337478574,-822.0665612029709,-132.33755592568838,-134.29273385211397,-0.0,-0.0,-332.88399184237437,-323.9722843149076,30.0,30.0,,,,,,,0.21077829178689694,0.21077829178689694,9.619178193718476,9.619178193718476,,,63.983462951003865,66.22090998298891,29.923326031720194,28.876324894715758,31.437893568781274,29.908921574621402,119.23096901222512,121.71364403121972,-5.631484612571481,-3.954559620348203,17.664953707063614,18.282682045279522,1,False
AP0196,Reducción,1,0.9698467270991176,2.7549,258.9966045886995,-64.98251303511825,1077.1131305043846,437.3103679577455,468.19377912673366,0.0,0.0,1071.6593191885952,1074.0375004731839,0.47765020692696514,0.5092092257684837,-105.04853304020412,-74.13842303298733,30.910110007216787,437.3103679577455,468.19377912673366,-0.0,-0.0,-58.53242918461204,-74.28523976714271,-0.0,-0.0,-261.17489653651745,-245.39538711575815,25.0,25.0,,,,,,,6.905767526189447e-19,6.905767526189447e-19,8.692152631029556e-26,8.692152631029556e-26,,,27.440223341721754,40.29662038516383,24.951775526258686,25.056218800549953,22.07327345106337,20.489200741101875,119.6614552951389,120.17398400040548,-5.413185900602491,-8.753715504385267,,,1,False
AP0196,Reducción,2,0.9750482539356372,2.2518,551.6377049506531,262.3581938965817,1070.5013573676529,369.35992230785996,359.07156031959886,348.6462914428732,311.6444656010552,1059.9034741605237,1060.4605686673026,0.5027648899725128,0.5247144738707912,-333.02828213794936,-312.97063306202665,20.05764907592271,369.35992230785996,359.07156031959886,-209.1877748657239,-186.9866793606331,-21.931299289521718,-24.761175679567867,-0.0,-0.0,-248.6175550137436,-237.64276306460442,20.0,20.0,,,,,,,6.905767526189446e-19,6.905767526189446e-19,1.1724277210588269e-11,1.1724277210588269e-11,,,6.010167875744047,9.774039346824836,21.479965938991967,20.43296480198753,15.165759251912434,13.636787257752562,121.31115648057725,123.79383149957185,-5.397656988228672,-3.015807405473864,,,1,False
AP0196,Reducción,3,0.9861270027539333,1.2175,,,1072.1018779106655,319.43363011904563,277.8973941372766,613.7129558684323,557.0277875501448,1067.9041370590076,1067.7820416316267,0.44699418347486686,0.5435119491587905,-562.6274204805184,-517.4561428841297,45.17127759638868,319.43363011904563,277.8973941372766,-368.2277735210594,-334.2166725300869,-14.678793539117885,-10.241263793894564,-0.0,-0.0,-276.50290826256656,-228.24402542060474,13.0,13.0,,,,,,,6.905767526189447e-19,6.905767526189447e-19,1.4349755007187546e-18,1.4349755007187546e-18,,,8.057176051995693,3.328984888250178,20.05648591783312,17.738866416355314,12.458458441275136,8.91742857041059,119.4139651828342,119.6264631561099,-6.4258033948611075,-4.055352145248792,,,1,False
AP0200,Fusión,1,0.8167207728842298,15.2134,3742.5062663296503,-1434.3728683558022,1042.5091684620973,3196.6394979727684,3300.6846592264733,,,1050.6242671501561,1050.9073950084812,0.41755925359924523,0.3142175988481919,-667.7916018662725,-420.7171025976045,247.07449926866798,-292.968483701489,29.9983056951316,21.851876317962773,21.495812202811216,-96.20430338344057,-120.06970202071503,-0.0,-0.0,-291.2203732003774,-342.89120057590407,32.0,32.0,178.4861239346591,178.4861239346591,31.838437968552718,31.838437968552718,55.5660732076625,55.5660732076625,62.975182858862055,62.975182858862055,102.23914609966856,102.23914609966856,42.58834956005366,42.58834956005366,32.27181877367424,47.83845725052063,30.619275252024337,29.93340678718908,47.421528448807564,46.22531220056407,119.38119655185275,122.12978608582581,18.375727589933707,20.054105083266972,0.18920991545525628,0.28047723356901955,1,False
AP0200,Fusión,2,0.7448402000826253,19.9377,3937.1898164000895,-1864.2174332924715,1044.1373805410567,4317.688801830094,4651.326638133406,,,1051.9532757537725,1050.653887343111,0.3180095638268377,0.2927727310071763,-652.4673578166426,-163.33177562796206,489.1355821886805,-202.3332375877261,346.43821655148486,20.18050326666765,21.814625699611568,-120.06908751007465,-168.72066548371845,-0.0,-0.0,-340.9952180865812,-353.6136344964118,37.0,37.0,179.33572376987388,179.33572376987388,31.82865081251713,31.82865081251713,55.16657479269459,55.16657479269459,64.6763472707648,64.6763472707648,102.45050348649946,102.45050348649946,42.5010378118147,42.5010378118147,36.8284991883395,63.41450248732425,30.79329793478389,29.772805222966632,47.98865757847691,49.61087049912329,119.52157858542137,119.6626212334103,18.675481327473364,25.517263822498794,0.21482256700632804,0.3699001183862901,1,False
AP0200,Fusión,3,0.6965059406745144,21.3684,5704.874512711441,-1809.1541537177682,1044.4921340541298,5182.6470036632945,5316.920077325607,,,1045.7359351066882,1045.0995755102351,0.5056410119571554,0.3523559832356042,-366.0226553706053,-108.8464954074876,257.1761599631177,20.088098122057655,388.19644398661,27.999486213792586,28.799777707429715,-157.68042778610504,-192.77039082040125,-0.0,-0.0,-247.1794940214223,-323.82200838219785,42.0,42.0,179.4107770106589,179.4107770106589,31.85882710301599,31.85882710301599,55.35522943541071,55.35522943541071,57.414097657314564,57.414097657314564,102.11494008145593,102.11494008145593,42.71526096550993,42.71526096550993,46.84643261340237,64.39615156631953,30.945734934327465,29.534760146195797,48.36022209692254,48.39208273077026,119.38803465505123,117.12726554456253,18.64592896293927,23.56424791303014,0.27767670392683885,0.38170059308620774,1,False
AP0200,Fusión,4,0.7294264421277565,19.4579,5828.055680043308,-2306.876440475291,1039.82362103666,6242.806947907844,6325.202686948718,,,1045.8902474440754,1045.6556060662515,0.5615264677297108,0.3388748457365293,-259.5351921770522,-112.83163741841861,146.70355475863357,127.62608925053081,414.5999957525256,27.80542164454187,28.10050873016831,-186.47961903805205,-215.71924687044898,-0.0,-0.0,-219.2367661351446,-330.56257713173534,47.0,47.0,179.3059143066406,179.3059143066406,31.847417704264323,31.847417704264323,54.50630260043681,54.50630260043681,54.834873205169096,54.834873205169096,97.05718697652709,97.05718697652709,42.13605088127984,42.13605088127984,50.97686776055231,64.39615156631953,31.07224775454113,29.534760146195797,48.66406482308751,48.39208273077026,119.26075704948842,117.12726554456253,18.608773310755595,23.56424791303014,0.30806590915742504,0.3891619836609324,1,False
AP0200,Fusión,5,0.7344050210753654,18.5393,8533.040896752142,-1333.9138445879871,1040.6117631386599,7218.6717086370645,7444.828767075183,,,1039.7065689274577,1038.8448735993798,0.41983175152825786,0.32129094305858275,-229.0352731554417,-124.4984220680808,104.5368510873609,253.33901242958882,426.10878070957403,35.582070796717716,36.66574651247872,-218.621914246949,-238.66810292049675,-0.0,-0.0,-290.08412423587106,-339.3545284707086,52.0,52.0,179.3461735947327,179.3461735947327,31.812610554245282,31.812610554245282,55.35988669725327,55.35988669725327,56.27333948027733,56.27333948027733,90.90017581424551,90.90017581424551,42.63311222484276,42.63311222484276,56.384163181136984,64.39615156631953,31.178997561462925,29.534760146195797,44.968949577135916,48.39208273077026,119.98162578354534,117.12726554456253,12.519799351092871,23.56424791303014,0.34359117592627575,0.3924142559448418,1,False
AP0200,Fusión,6,0.7915031734753569,16.1916,8334.20887157148,-2413.7394091520437,1056.0232609648442,10226.507849432652,10331.449712918606,,,1042.0911203718745,1041.4752421712187,0.4300941376209052,0.34285758751257095,-419.84366353738795,-325.2518496002562,94.59181393713175,105.25723622422552,268.98434573535104,32.58323767195072,33.35777157989922,-263.4808883450886,-289.77244277286377,-0.0,-0.0,-284.95293118954737,-328.57120624371447,66.0,66.0,179.0594930013021,179.0594930013021,31.757269908763742,31.757269908763742,54.58486805668577,54.58486805668577,64.11462095755118,64.11462095755118,102.0347845006872,102.0347845006872,41.93937644201149,41.93937644201149,51.503107339364504,59.400283384110665,31.244531054190812,31.128475027100713,47.96433733013314,48.66231371460479,119.82417374254204,119.46420082448715,17.02434209883656,18.460341895226,0.30174468576227065,0.3480123971127653,1,False
AP0200,Reducción,0,0.7672265204094073,19.0068,9182.483066877,-777.3398274525971,1047.7047108487457,10852.047668031651,10893.060445417776,824.6694236079117,787.5724333769751,1052.334123609449,1051.9199577892316,0.4573765502003023,0.4547091721301029,9733.197574815436,9790.908777735262,57.711202919825155,10852.047668031651,10893.060445417776,-494.801654164747,-472.5434600261851,-130.08513887479717,-134.31121844456007,-0.0,-0.0,-271.31172489984885,-272.6454139349486,30.0,30.0,,,,,,,41.8587053180496,41.8587053180496,18.858433248206556,18.858433248206556,,,63.25287324656349,66.22090998298891,29.162660545066547,28.55862555996897,29.86478171464007,30.923634887015407,119.64164003725405,121.83497492883065,-5.719291219185409,-1.0649523321611076,2.789815777373312,2.9207232807024686,1,False
AP0200,Reducción,1,0.9299320795560322,5.9501,2295.8410967539858,1949.101609048288,1029.280676648143,2507.7170729457293,2493.478997823626,903.7727691931145,671.514174188683,1032.2800706980913,1034.5072190525862,0.3029008794169613,0.29388561961335213,1332.8268131435684,1435.7442175254255,102.91740438185707,2507.7170729457293,2493.478997823626,-542.2636615158686,-402.9085045132098,-61.4254627179529,-79.11751031484663,-0.0,-0.0,-348.54956029151936,-353.05719019332395,25.0,25.0,,,,,,,0.00539771140154383,0.00539771140154383,0.022100340656782416,0.022100340656782416,,,26.02017564039964,45.86904517468262,28.693812513563373,21.341854439525807,29.519535129123266,23.099252067395998,118.5892092013889,120.47066203326543,-5.1654968546103435,13.38773589596531,,,1,False
AP0200,Reducción,2,0.9735606477470052,2.4449,360.6069255824893,50.1606228237506,1000.6505850677254,407.6181482716485,373.94504468915324,498.39648555909525,402.5988804103192,1013.2296358302483,1011.8906865648756,0.4392900166015934,0.4209850461518573,-424.86382344649473,-409.54209012447836,15.321733322016371,407.6181482716485,373.94504468915324,-299.0378913354571,-241.5593282461915,-30.437513406662713,-29.768754366548627,-0.0,-0.0,-280.3549916992033,-289.50747692407134,20.0,20.0,,,,,,,1.7576094440104618e-25,1.7576094440104618e-25,2.1702594353580944e-19,2.1702594353580944e-19,,,12.177295987568206,12.359964438717483,23.40360478719075,21.492989044637085,21.090272733900278,22.564982505244476,123.7543431939019,123.67715025408224,0.5799859310279365,12.913992460049919,,,1,False
AP0200,Reducción,3,0.9804140766761844,1.7652,270.6365816866667,1075.88358465099,998.981685363772,366.0457778016232,362.2806064104757,723.8428792197869,614.4639735310478,997.4303905858328,996.5918414898325,0.3936718048236487,0.33407990573205026,-607.2059904044556,-581.1991617870667,26.00682861738892,366.0457778016232,362.2806064104757,-434.30572753187215,-368.6783841186287,-13.130367809210883,-19.189761668118788,-0.0,-0.0,-303.16409758817565,-332.96004713397485,13.0,13.0,,,,,,,1.7576094440104618e-25,1.7576094440104618e-25,2.1702594353580944e-19,2.1702594353580944e-19,,,5.097918701171875,14.250503092383958,20.076510891384544,19.323750020894117,15.28370312160916,18.389785768619305,118.29942708333333,126.20082995807181,-0.06584553910528898,16.157474639431328,,,1,False
AP0203,Fusión,1,0.8559346093860352,13.637,3513.9006075978023,-1052.9370214646963,1018.3950184617486,3153.6042843251885,3153.6042843251885,,,1002.3999520195061,1002.3999520195061,0.2631326844355409,0.2631326844355409,-675.1923619255217,-675.1923619255217,0.0,-282.2805076426178,-282.2805076426178,82.49920433917444,82.49920433917444,-97.72708294092044,-97.72708294092044,-0.0,-0.0,-368.4336577822296,-368.4336577822296,32.0,32.0,178.13437105429293,178.13437105429293,31.669732049498897,31.669732049498897,45.64998466414625,45.64998466414625,63.42157007082544,63.42157007082544,103.1629249033302,103.1629249033302,41.739546958846276,41.739546958846276,32.031649287060056,32.031649287060056,31.710054874420166,31.710054874420166,50.108723131815594,50.108723131815594,119.31745007832845,119.31745007832845,18.51980065303972,18.51980065303972,0.19223023501436537,0.19223023501436537,1,False
AP0203,Fusión,2,0.748125513158235,19.597,4020.629986279115,-854.4171543888349,1040.3739947722297,3300.458599363174,3300.458599363174,,,1031.635721693228,1031.635721693228,0.20461322267922946,0.20461322267922946,-650.5297872183859,-650.5297872183859,0.0,-175.822788046049,-175.822788046049,45.73204012852305,45.73204012852305,-113.49533274154639,-113.49533274154639,-0.0,-0.0,-397.69338866038527,-397.69338866038527,37.0,37.0,155.00834630544483,155.00834630544483,27.11112877183048,27.11112877183048,40.02997965255973,40.02997965255973,55.82277897617985,55.82277897617985,85.32667088095826,85.32667088095826,36.19699803007823,36.19699803007823,31.900238756471794,31.900238756471794,32.03906214258692,32.03906214258692,51.12576233460022,51.12576233460022,119.86532367328267,119.86532367328267,19.069465838972764,19.069465838972764,0.22231416586755892,0.22231416586755892,1,False
AP0203,Fusión,3,0.7513605846587792,19.6508,4936.219807233787,-2136.645247169504,1032.4220118192786,4574.900791781897,4574.900791781897,,,1053.4862465665299,1053.4862465665299,0.2858684727051543,0.2858684727051543,-550.9804339325196,-550.9804339325196,0.0,-58.95998362176657,-58.95998362176657,18.2526255254003,18.2526255254003,-143.95699428980234,-143.95699428980234,-0.0,-0.0,-357.06576364742284,-357.06576364742284,42.0,42.0,173.79641749655553,173.79641749655553,30.921668959033582,30.921668959033582,48.16413017686952,48.16413017686952,55.00239246507382,55.00239246507382,83.37117199470097,83.37117199470097,40.641951938008155,40.641951938008155,39.605028034180634,39.605028034180634,31.58956899491567,31.58956899491567,49.960901153402986,49.960901153402986,119.73443151403356,119.73443151403356,18.876474356833068,18.876474356833068,0.25533847393026615,0.25533847393026615,1,False
AP0203,Fusión,4,0.7532830048090784,18.7595,4689.651966622744,-1453.6296220153663,1039.7524037664375,4753.685362442041,4945.788961004301,,,1027.9217493757762,1026.9778409812177,0.3203681129725015,0.31488308285935124,-420.60761087946855,29.26594768516003,449.8735585646286,38.47661788635388,535.8379949628107,50.40276477827645,51.589832378338315,-160.42073213142143,-206.35310318673635,-0.0,-0.0,-339.81594351374923,-342.55845857032443,47.0,47.0,155.92133179206118,155.92133179206118,27.873945911207052,27.873945911207052,31.95940912404383,31.95940912404383,49.806584364464236,49.806584364464236,89.97494441523904,89.97494441523904,36.74486002773308,36.74486002773308,39.683145204139876,59.400283384110665,31.26205038877807,31.128475027100713,49.118829475565164,48.66231371460479,119.45479721899011,119.46420082448715,18.681174089255702,18.460341895226,0.2828731233051429,0.4234226798212821,1,False
AP0203,Fusión,5,0.7434428595871974,19.4443,4846.083492880272,-2173.8172840474217,1041.5291763626728,5871.1003816252705,6062.929305345499,,,1042.6018693374301,1042.1853230585366,0.4088105026769552,0.2992290911457936,-375.4449442701258,-61.4254823422084,314.0194619279174,86.34360860433249,498.0198159162298,31.940915225968265,32.46476753457294,-188.88440153997593,-232.2742934669796,-0.0,-0.0,-295.59474866152243,-350.38545442710324,52.0,52.0,158.51022961880096,158.51022961880096,28.32637428815107,28.32637428815107,47.01687632678576,47.01687632678576,55.65765109773159,55.65765109773159,87.47771685427307,87.47771685427307,36.88011138334098,36.88011138334098,44.2073064141655,61.558494872795976,31.130613454182942,29.929758945668596,48.81086129734659,49.09958238935968,119.8313999795506,119.65978253406166,18.81464430812931,24.00390002515347,0.29639987593865075,0.41273562501922056,1,False
AP0203,Fusión,6,0.717830872648649,20.0523,15002.790918237488,-3570.092477449127,1050.8211556842832,6966.414843982586,7054.772833131457,,,1043.138845278073,1042.1498714109848,0.3310957259972827,0.30242925419379807,-281.63162117987986,-192.1361931919221,89.49542798795775,292.86470247542013,413.09964901682747,31.26560950263272,32.50935184213937,-262.0594782576459,-279.7095032488598,-0.0,-0.0,-334.45213700135866,-348.78537290310095,68.0,68.0,150.6668379385387,150.6668379385387,22.043632944272492,22.043632944272492,46.067952041932315,46.067952041932315,55.97875885781549,55.97875885781549,75.07456595878533,75.07456595878533,34.68803415682989,34.68803415682989,48.9626150332727,53.6520138486863,30.798493930271693,31.366685558684964,48.17302871583,48.97737885824857,119.83539899795775,118.67948906326949,19.0617675517521,17.80025566181209,0.3547607569652996,0.38873800005858206,1,False
AP0203,Reducción,0,0.7938796895455904,15.3922,10431.42769272719,1471.7045183800292,1063.8748962112722,9296.249737388107,9335.187093930093,1512.8080759414372,1475.6299108858866,1047.686315095156,1047.309259889449,0.4528681153932142,0.4393749573406017,7762.601077060888,7812.456433569231,49.85535650834299,9296.249737388107,9335.187093930093,-907.6848455648623,-885.377946531532,-129.74629718214467,-134.38861722281126,-0.0,-0.0,-273.56594230339294,-280.31252132969917,30.0,30.0,,,,,,,24.299168033713467,24.299168033713467,80.26130956203379,80.26130956203379,,,62.97537959929435,66.22090998298891,29.178250133373115,28.574215148275538,30.07600887722439,31.134862049599725,119.54446433738426,121.73779922896085,-5.442673676716431,-0.7850266517235276,1.617218218622908,1.7005639784897348,1,False
AP0203,Reducción,1,0.9660112659611017,3.204,623.0767595715309,-293.4388571142608,1057.9364549198597,589.3528867245819,595.9370437389275,0.0,0.0,1042.4258112536845,1042.8720003299597,0.5261394601852933,0.5395773500576615,68.46221524724567,82.3075208800968,13.845305632851137,589.3528867245819,595.9370437389275,-0.0,-0.0,-61.30882629316281,-60.76662261084139,-0.0,-0.0,-236.93026990735333,-230.21132497116926,25.0,25.0,,,,,,,0.0009289020530820252,0.0009289020530820252,0.0013519226334189466,0.0013519226334189466,,,26.4516607822516,25.8692360521578,28.011582234700523,28.46140793782038,28.942254557291665,28.3360863691154,121.14258376736112,119.59404290900648,-2.9290871668982876,-6.09945316693263,,,1,False
AP0203,Reducción,2,0.9777635024331627,2.0564,107.86918042950468,-75.90183203672132,1034.7262876338336,318.1750317864817,272.4107828466418,607.57536772401,550.2254438256217,1047.1936177258917,1047.0067059822,0.44045987297849354,0.5135467804918646,-576.1713691837269,-543.670578882776,32.50079030095094,318.1750317864817,272.4107828466418,-364.545220634406,-330.135266295373,-27.379541548229398,-20.067910403157025,-0.0,-0.0,-279.77006351075323,-243.22660975406768,20.0,20.0,,,,,,,8.467475605187114e-24,8.467475605187114e-24,6.515861520500644e-21,6.515861520500644e-21,,,11.178385344005767,5.9655318739929895,21.771117672390403,19.4534981709126,15.69242800394694,12.151398133082392,124.9360818142361,125.1485797875118,-3.7049778153790975,-1.2193088595105745,,,1,False
AP0203,Reducción,3,0.9797981570384059,1.842,54.593691507031124,632.0149954486642,1023.8169985923013,319.2512199380192,277.39343473241314,429.6984331388717,371.6084736629381,1029.581127051568,1029.664645402502,0.3890709247751423,0.5001841406156385,-481.1816393195659,-429.1906677387488,51.990971580817074,319.2512199380192,277.39343473241314,-257.819059883323,-222.96508419776285,-14.497686485013094,-11.059513304398262,-0.0,-0.0,-305.46453761242884,-249.90792969218074,13.0,13.0,,,,,,,8.467475605187114e-24,8.467475605187114e-24,6.515861520500644e-21,6.515861520500644e-21,,,6.519704414136482,3.328984888250178,21.117740359836155,18.80012085835835,15.568922119140623,12.027892248276075,120.87515502929686,121.08765300257257,-3.0372000567330093,-0.3828229057272147,,,1,False
AP0222,Fusión,1,0.767368037879546,18.0105,3214.4137371888382,-1319.742157265107,971.6900766905956,3762.8094394166455,3857.1293369454943,,,988.8393792008953,987.9218828692099,0.46908435513698227,0.31853131670849266,-456.8910830840556,-203.02580710497247,253.86527597908312,-171.9644401324346,184.1844388464414,99.55310143771747,100.70695299237897,-109.77160405890146,-137.93253939911096,-0.0,-0.0,-265.4578224315088,-340.73434164575366,33.0,33.0,193.42037513809973,193.42037513809973,27.325191983309658,27.325191983309658,45.79186062283,45.79186062283,65.00576936355745,65.00576936355745,102.25202686040089,102.25202686040089,45.301539195667615,45.301539195667615,37.970716996626415,55.07661544772406,31.242371273040774,31.566817319799753,49.06052561865912,47.893862920498535,119.42133471171061,119.2610840149786,18.651374539059606,15.53063748034945,0.2234044979945349,0.3240487564780524,1,False
AP0222,Fusión,2,0.6704311900338966,21.8191,2496.558130211812,-1826.1820695605174,973.4509524823067,4290.4682277023885,4380.969505359201,,,975.8687417838622,975.2396132018122,0.46214417336947833,0.3213866998175332,-302.6410094741545,-126.58774213207502,176.05326734207947,2.089791670192761,272.151616801405,115.86509052338614,116.6562882289365,-142.41766045354436,-166.8386791722549,-0.0,-0.0,-268.9279133152608,-339.3066500912334,38.0,38.0,193.6586695620888,193.6586695620888,27.33711376524808,27.33711376524808,45.83288681297973,45.83288681297973,65.10381673177083,65.10381673177083,102.60225722998905,102.60225722998905,45.145833440412545,45.145833440412545,46.407598341557026,59.400283384110665,31.209746727929097,31.128475027100713,49.116085091439096,48.66231371460479,119.66913886542794,119.46420082448715,18.947784005464026,18.460341895226,0.27259055508930596,0.34890743754858883,1,False
AP0222,Fusión,3,0.5638137027639537,24.4174,4715.562821251963,-1648.8484321564847,979.0086846720536,4819.681308451796,4867.567164535803,,,974.3080309657933,974.2591789272493,0.43674087326020933,0.2940351722538874,-208.52550056472796,-118.28274502674299,90.24275553798498,139.7648775820764,318.1336690882297,117.82785434228636,117.88929110086038,-175.23835122026716,-192.0729734438485,-0.0,-0.0,-281.6295633698953,-352.9824138730563,43.0,43.0,193.43801894077038,193.43801894077038,27.345647720218636,27.345647720218636,45.816171288305476,45.816171288305476,64.90962358814802,64.90962358814802,102.63395636506782,102.63395636506782,45.20998554081879,45.20998554081879,52.98468452867612,61.558494872795976,31.100692579481336,29.929758945668596,49.305548967633925,49.09958238935968,121.0899981463397,119.65978253406166,20.149170934655118,24.00390002515347,0.3114962143545649,0.36190152465403297,1,False
AP0222,Fusión,4,0.5932773718900846,23.4015,5185.0319011751335,-1923.0102452009378,999.6706097543229,6349.335967338107,6495.779737249938,,,983.592257124614,982.7983986867545,0.33690596603819195,0.30031348978542144,-221.9722889700529,-132.14298318449514,89.82930578555775,209.9113345990631,331.43956278670476,106.15192887291153,107.15029231162157,-197.23821756219527,-211.63926527660396,-0.0,-0.0,-331.54701698090406,-349.8432551072893,48.0,48.0,193.26754150390627,193.26754150390627,27.327733442518447,27.327733442518447,45.82838380601681,45.82838380601681,57.58034893512781,57.58034893512781,92.09110859433505,92.09110859433505,45.30753445095486,45.30753445095486,54.100379435221356,59.70812950139691,30.653338320035463,30.743103959938455,48.4510411183603,50.14517660612497,120.40294570381761,120.25574766759918,20.273457569819243,22.62731133878608,0.331318930551123,0.36566164263779044,1,False
AP0222,Fusión,5,0.613653088475711,23.9413,7414.418853045427,-2607.9747879963406,1004.4936595828399,6204.667035326903,6282.609783303312,,,1008.2085057327898,1007.761140387746,0.36510018316682036,0.2935946886199006,-234.08812674824864,-165.83171555019854,68.2564111980501,243.37390334379901,361.2981708885247,75.19431547918838,75.75692611974786,-225.95611925571797,-240.43383896949314,-0.0,-0.0,-317.44990841658984,-353.2026556900497,53.0,53.0,192.69506528842373,192.69506528842373,27.026585340199976,27.026585340199976,45.23193274923846,45.23193274923846,62.754165476673045,62.754165476673045,96.7421374434945,96.7421374434945,44.70068958210494,44.70068958210494,56.70070048398191,62.24543989471211,31.27700231177175,30.902143240149588,48.99779112726195,49.71512357861919,120.36019991361178,119.42260142938468,18.73489723976212,21.01728559334049,0.34077513164299117,0.3740993990063451,1,False
AP0222,Fusión,6,0.6667228374427574,20.1417,11362.334318289324,-3147.767718954645,988.2300424261716,8991.63342550749,9064.489049990108,,,1006.0438913341842,1006.1090753066086,0.3271701365895789,0.29461411688766764,-298.7288662095911,-269.49214564320897,29.236720566382132,204.3308831010409,256.85123571876096,77.9165538171723,77.83457787315655,-235.3110535236656,-242.23469978003212,-0.0,-0.0,-336.4149317052105,-352.69294155616615,57.0,57.0,182.23123471129173,182.23123471129173,26.40536466848834,26.40536466848834,41.22903388069955,41.22903388069955,63.30609486209635,63.30609486209635,106.90541968252144,106.90541968252144,37.970975704135384,37.970975704135384,54.23528720631319,56.676427843962976,30.77005532740756,30.53538194990025,49.33980767685279,49.984872439312625,120.38490874889872,121.59323602208086,21.255288169168953,23.658928072121753,0.32974194846253135,0.3445836965529888,1,False
AP0222,Reducción,0,0.7459384724749267,15.943,10765.408720627995,1652.9851511815905,965.3426495018954,11051.228263116845,11051.228263116845,2253.4809274398835,2253.4809274398835,975.8733303483396,975.8733303483396,0.15905190576892517,0.15905190576892517,8929.545349804615,8929.545349804615,0.0,11051.228263116845,11051.228263116845,-1352.08855646393,-1352.08855646393,-126.46873445594268,-126.46873445594268,-0.0,-0.0,-420.4740471155374,-420.4740471155374,30.0,30.0,,,,,,,0.04240524477739977,0.04240524477739977,46.64709852577456,46.64709852577456,,,66.05401178175403,66.05401178175403,22.649357898853445,22.649357898853445,23.34431558114511,23.34431558114511,119.19763007269965,119.19763007269965,6.792912435855227,6.792912435855227,3.7816281088427677,3.7816281088427677,1,False
AP0222,Reducción,1,0.9483887769839596,4.3236,1209.140114460513,1485.975530483045,920.7921094450452,997.6210323877439,1088.662505523414,475.23162832583046,546.3897564761528,949.5169531649325,948.6684484162442,0.3689934457393262,0.4804562126177138,118.71944200267313,209.15712439256072,90.43768238988758,997.6210323877439,1088.662505523414,-285.13897699549824,-327.83385388569167,-55.60776098241562,-69.24805827719844,-0.0,-0.0,-315.50327713033687,-259.7718936911431,25.0,25.0,,,,,,,0.0034494741643700953,0.0034494741643700953,0.32271088764663786,0.32271088764663786,,,26.278712033002805,33.14873611001104,22.856689995659725,27.026334265199075,22.46741377766927,30.169549763141337,118.01534038628473,122.54160282670477,3.3628125239514595,3.423730736458334,,,1,False
AP0222,Reducción,2,0.971938232262225,2.4888,369.60194366349845,1984.3063669891835,929.6333575741522,327.0588531342036,330.59664605179887,499.4794825692935,329.6333336832208,907.8706986114368,907.1837800315345,0.11763478818177128,0.32785362316925654,-727.8697455170015,-524.8960669308458,202.97367858615576,327.0588531342036,330.59664605179887,-299.6876895415761,-197.7800002099325,-23.315326261622992,-29.522710258644288,-68.09140166207158,-69.46523882187603,-441.18260590911433,-336.0731884153717,20.0,20.0,,,,,,,4.6102628744449004e-26,4.6102628744449004e-26,5.483693489106377e-21,5.483693489106377e-21,,,7.423974570773896,14.250503092383958,19.62946130075762,19.323750020894117,20.56837455197261,18.389785768619305,87.93276295930147,126.20082995807181,-0.5722720166565453,16.157474639431328,,,1,False
AP0222,Reducción,3,0.9791541428787075,2.1197,-118.53265386212088,-1480.4631916508115,942.8150184422353,289.3716634663833,260.65570494405034,0.0,0.0,930.1880880645532,930.3861362144348,0.24493673074264058,0.30271853942621707,-352.21506442884316,-349.0030952531728,3.21196917567039,289.3716634663833,260.65570494405034,-0.0,-0.0,-17.946895233887993,-15.305968177436082,-23.45662275583868,-23.060526456075422,-377.53163462867974,-348.6407302868915,13.0,13.0,,,,,,,4.610262874444901e-26,4.610262874444901e-26,0.013637013419678337,0.013637013419678337,,,8.118420329846835,5.589829893025747,24.644039879316168,23.06009334577033,23.528818973494168,20.6087872470686,119.51200651945894,119.93614878623148,-1.3425952467460254,-0.704264710669573,,,1,False
AP0231,Fusión,1,0.8620745043061405,12.0136,3394.338761401938,-1405.0348391003195,976.6347909093829,3344.7330368226662,3522.6295648887317,,,1002.9159072915268,1001.6062973074402,0.44289018048099954,0.29573690267623043,-649.416971427052,-268.4431199398049,380.9738514872471,-349.7704979864556,141.06943657937038,81.85033439583293,83.49731157051288,-93.69158017800072,-131.6280015288752,-0.0,-0.0,-278.5549097595003,-352.1315486618848,32.0,32.0,191.43408647017048,191.43408647017048,27.179600447837757,27.179600447837757,72.655940261995,72.655940261995,63.187515166311556,63.187515166311556,81.04363557449496,81.04363557449496,44.04567797111743,44.04567797111743,29.789462079905505,53.6520138486863,31.438838005065918,31.366685558684964,49.522363641526965,48.97737885824857,119.2908874935574,118.67948906326949,18.600836969797633,17.80025566181209,0.17315821082973165,0.31186487021923337,1,False
AP0231,Fusión,2,0.7280474773596085,20.4583,4053.0570864313922,-1577.953338457884,988.2014223263666,4347.589897935876,4379.955305219105,,,978.3784309123603,978.4547159186499,0.5388244692680036,0.2915815255304646,-228.87403786608195,-58.86871840597979,170.00531946010216,41.97013527304508,361.7994250680095,112.70888313309077,112.61294643006013,-143.7149730072914,-169.82153477035348,-0.0,-0.0,-230.58776536599817,-354.2092372347677,37.0,37.0,191.2872528611568,191.2872528611568,27.181093610797006,27.181093610797006,72.92531245716837,72.92531245716837,63.38124229029605,63.38124229029605,80.79628563596492,80.79628563596492,44.02665983501233,44.02665983501233,48.84422671669408,64.39615156631953,31.493554348415795,29.534760146195797,49.717049336934586,48.39208273077026,119.52945666613881,117.12726554456253,18.78340947024178,23.56424791303014,0.283860357823165,0.3742410486314981,1,False
AP0231,Fusión,3,0.6926590728962274,22.1478,4578.176856259714,-2039.7176897750255,989.4635077189575,5171.997271922098,5210.981071714163,,,993.0799892728569,992.9708356572507,0.58365225001642,0.32239381045417936,-269.13724895031925,-82.95898169212077,186.17826725819847,14.216133932578455,363.5074767818574,94.2200724595444,94.35734501826157,-160.14926245172387,-192.77039082040125,-0.0,-0.0,-208.17387499179003,-338.8030947729103,42.0,42.0,191.13861888323643,191.13861888323643,27.175340093568312,27.175340093568312,72.87683408278833,72.87683408278833,63.224935747486676,63.224935747486676,80.57753754844963,80.57753754844963,44.03465358527132,44.03465358527132,47.433491267714395,64.39615156631953,31.470266586384447,29.534760146195797,49.729511644474414,48.39208273077026,120.04086936668112,117.12726554456253,19.06174039831502,23.56424791303014,0.2760173431466328,0.3747237276692213,1,False
AP0231,Fusión,4,0.674862252391321,22.4219,6453.854765617292,-2135.5424336283377,988.6694114544171,6427.945832637111,6483.744483194695,,,990.0590661064871,989.6823569966924,0.6007436321195,0.45317400208517483,-131.60955696352303,-79.7280952988504,51.88146166467263,176.88419456635478,317.9258211148061,98.01921232708528,98.49296505718418,-197.6344620177849,-213.4835646144999,-0.0,-0.0,-199.62818394025,-273.4129989574126,47.0,47.0,190.92513156467015,190.92513156467015,27.046058485243055,27.046058485243055,72.98050079345701,72.98050079345701,63.21025034586589,63.21025034586589,80.93735080295139,80.93735080295139,43.923614501953125,43.923614501953125,55.34006737603083,62.19033794460464,31.41705506236841,31.23636572083366,49.54735328972976,49.559563358092625,119.27662243854353,118.8240811117029,18.71807184622932,19.272230734980614,0.32198577743843165,0.3618427888095668,1,False
AP0231,Fusión,5,0.7064363020319571,20.4166,11411.563724517422,-1052.1383897058422,983.7613811263334,7729.128216741691,7749.345093986142,,,982.7303418772261,981.9877691891302,0.34969212057449867,0.31663496506772587,-287.49096955963387,39.31425054189896,326.8052201015328,128.99102797497997,508.3330021412984,107.23588116115444,108.16974718439474,-189.3136210840894,-226.25566341872883,-0.0,-0.0,-325.1539397127506,-341.6825174661371,52.0,52.0,160.31841999181873,160.31841999181873,22.169042870870932,22.169042870870932,55.07589403842519,55.07589403842519,47.66785922743872,47.66785922743872,68.75900403330091,68.75900403330091,34.45189755693439,34.45189755693439,43.10199354533786,58.08153826637837,32.28013638227414,31.59276618765968,51.71427905742938,49.92105514114609,120.5946076482789,116.85922046987231,19.329029083458504,17.845792605688896,0.3084516277540734,0.41565003256474037,1,False
AP0231,Fusión,6,0.8673689824121418,10.7839,7663.907885253907,-4420.670881731045,988.6545344214213,8440.81796403249,8352.230157842456,,,984.4403291606477,984.8263758117168,0.31982453429993435,0.29195668070558045,-489.94271060669837,-322.1553001778544,167.787410428844,-3.285023847446192,208.20209201994726,105.08538593050558,104.59989022537322,-242.4050219407967,-271.6853048770368,-0.0,-0.0,-340.0877328500328,-354.0216596472098,65.0,65.0,187.582969870299,187.582969870299,25.713948635596612,25.713948635596612,72.71004712653883,72.71004712653883,60.46077606109056,60.46077606109056,74.96778146983225,74.96778146983225,44.0314277417732,44.0314277417732,45.12723742728625,55.07661544772406,32.077856481005576,31.566817319799753,51.06104640639308,47.893862920498535,119.6490076254683,119.2610840149786,18.753785890984684,15.53063748034945,0.2710716837571557,0.33083591498629294,1,False
AP0231,Reducción,0,0.8032968076915928,14.0498,8969.881577402975,1854.9768246634776,993.2456113058062,8795.612576337959,8945.329599403962,1989.4614231919277,1981.072267963587,984.4293002595352,985.7103729309632,0.4590977482160698,0.4600832534410953,6996.0789537217715,7135.758179054529,139.6792253327576,8795.612576337959,8945.329599403962,-1193.6768539151565,-1188.643360778152,-112.75406753224595,-128.31811101500824,-0.0,-0.0,-270.4511258919651,-269.95837327945236,30.0,30.0,,,,,,,40.70759987915758,40.70759987915758,1.1930556277115687,1.1930556277115687,,,52.47852460410726,63.129595123355124,28.33847400806568,27.873390644624376,28.438846729419843,28.458889166045335,119.7520773654514,118.93063212948815,-5.452243192571355,-4.148148686849629,3.2893904305382646,3.9570069404403,1,False
AP0231,Reducción,1,0.9665440429995268,2.8701,298.22071684687864,220.93278869155074,959.1123643301933,549.3260543587206,563.1652652789525,675.593929478621,689.6424561386984,976.4288347756296,976.5642757002627,0.5976455288014884,0.5993770526370096,-339.7540006293302,-336.9097995614697,2.8442010678605243,549.3260543587206,563.1652652789525,-405.3563576871726,-413.78547368321904,-59.89488642480234,-63.32654219888781,-0.0,-0.0,-201.17723559925582,-200.31147368149522,25.0,25.0,,,,,,,0.000686193179359173,0.000686193179359173,0.0022079464716789053,0.0022079464716789053,,,26.60646903296252,28.8238206793958,26.85100625271268,27.373638750668356,25.994181776258685,27.06614914656714,119.47902463107638,118.36599094566336,-4.873626582199736,-5.158741009744846,,,1,False
AP0231,Reducción,2,0.9722447784247612,2.4016,156.22562079643572,291.9826616716382,954.334661432391,500.6094976366998,400.73776316337353,579.9676979215982,467.19388885401474,950.3585106407584,950.6375984671718,0.38145668106016195,0.4884244576621023,-423.9014193143716,-386.3694476081737,37.53197170619791,500.6094976366998,400.73776316337353,-347.9806187529589,-280.31633331240886,-44.60706345137339,-28.351531013369385,-0.0,-0.0,-309.27165946991903,-255.78777116894886,20.0,20.0,,,,,,,0.00028742177791117395,0.00028742177791117395,0.06113104963729599,0.06113104963729599,,,26.274866836790057,14.853576568686691,23.3658586968316,18.530512091120645,21.563406982421878,11.898235950051529,122.25983540852863,125.7834397663769,1.0833221049529327,3.3774946763322027,,,1,False
AP0231,Reducción,3,0.9752187769323439,2.24,688.1415121068654,697.9628897762213,961.2712577519485,448.0886526564023,391.45291706389344,651.1800730060132,530.9580426312965,954.0405838985816,952.8718876412112,0.45563798930019245,0.5155550892255407,-452.775945479341,-401.99332209263264,50.78262338670834,448.0886526564023,391.45291706389344,-390.70804380360795,-318.5748255787779,-15.32397370541153,-9.997382913698415,-0.0,-0.0,-272.1810053499037,-242.22245538722964,13.0,13.0,,,,,,,0.0007201192479778661,0.0007201192479778661,0.02278599186700613,0.02278599186700613,,,11.092871454026962,5.0068120671517065,17.97170687320727,15.327377432024344,8.497242921101298,5.886752858156239,119.6211843886813,125.53718963329925,-6.470509785460132,5.202481064269583,,,1,False
AP0232,Fusión,1,0.6484596390903636,24.7187,3766.5780139823446,-1780.9057702310847,951.795687019442,3700.2707643998456,3919.95385389849,,,986.5984102460179,984.7664081324162,0.3408102307055181,0.3056285997338668,-711.2487294634519,-212.76699566750588,498.48173379594607,-381.8176861517311,176.926255650881,102.3713639454088,104.67530611271889,-92.9572047109604,-137.93253939911096,-0.0,-0.0,-329.594884647241,-347.1857001330666,33.0,33.0,187.26679292929293,187.26679292929293,30.15752557311395,30.15752557311395,73.01061469184032,73.01061469184032,63.5850524285827,63.5850524285827,82.0502838443024,82.0502838443024,42.356186498776836,42.356186498776836,28.069091242009943,55.07661544772406,30.986732048458524,31.566817319799753,48.3828467686971,47.893862920498535,119.67291937934029,119.2610840149786,18.621995574418133,15.53063748034945,0.16410198271910711,0.32199766349764175,1,False
AP0232,Fusión,2,0.670265811884549,22.2231,4690.690798547972,-1468.1057296729873,967.6215931143674,4566.299620898493,4625.819574129932,,,954.1915536305629,954.1512783020614,0.6304698679586795,0.2963058086679864,-184.90194164617054,-27.967906829533092,156.93403481663745,17.844788701346076,371.7165541856085,143.12651532431826,143.17716593598942,-144.5855050034165,-174.41130598036304,-7.272356748829907,-7.352907405832866,-184.76506602066024,-351.8470956660068,38.0,38.0,187.26139708401865,187.26139708401865,30.17904272246779,30.17904272246779,72.61317417077838,72.61317417077838,63.26568164490817,63.26568164490817,82.10198182223135,82.10198182223135,42.336975204735474,42.336975204735474,47.31678531044407,64.39615156631953,31.45545300549573,29.534760146195797,49.53788549291479,48.39208273077026,119.34562277120871,117.12726554456253,18.581134822370558,23.56424791303014,0.27704276619314744,0.37704353423579856,1,False
AP0232,Fusión,3,0.6982156874760137,21.5191,5547.055850590045,-1304.7872464874945,982.2179042450682,5491.387477574309,5497.772046623978,,,972.8884952147184,973.1496591404904,0.6025326700577717,0.32500645007582246,-146.90978915106393,-25.729013919747047,121.18077523131689,113.02364227638279,399.0936079095858,119.61307514013558,119.28463306209494,-171.56252369753992,-197.36016203041078,-0.0,-0.0,-198.73366497111417,-337.49677496208875,43.0,43.0,187.36595733406006,187.36595733406006,30.156845069116397,30.156845069116397,73.00694438135905,73.00694438135905,53.8036473946978,53.8036473946978,81.97698094567588,81.97698094567588,42.46848125605621,42.46848125605621,50.866796969628155,64.39615156631953,31.589659266579517,29.534760146195797,49.879650602213545,48.39208273077026,119.65225364816773,117.12726554456253,18.720216693952306,23.56424791303014,0.3039393976491713,0.3847800271300428,1,False
AP0232,Fusión,4,0.7256393027685114,21.19,4824.648636304012,-2199.6498513602746,987.8938619484336,6271.420026620227,6328.50686719395,,,985.7043458969588,985.3276367871642,0.47902079583396995,0.38698714395460865,-168.19942149010382,-86.21604644190046,81.98337504820336,199.60358731436563,343.31635311773215,103.49574723011817,103.96949996021694,-201.55883605264435,-217.74515359822564,-0.0,-0.0,-260.48960208301503,-306.5064280226957,48.0,48.0,188.37847357855904,188.37847357855904,30.419780476888022,30.419780476888022,73.21560346815319,73.21560346815319,55.436431815889144,55.436431815889144,82.2414771185981,82.2414771185981,43.25294316609701,43.25294316609701,55.39443249172634,62.244703060300154,31.26109899786911,31.08040965633436,49.15878232410331,49.170992392466175,119.67725985912567,119.22471853228504,18.823408766889013,19.38096071575104,0.3284060599980041,0.3690179097119916,1,False
AP0232,Fusión,5,0.6959298822519571,22.2437,6201.2267836633255,-2436.0187330607714,983.3094526820283,7692.988045286876,7750.771522374721,,,991.9698745458155,991.5931654360209,0.534049899701936,0.4284747719280297,-186.3484638703783,-110.8330224960315,75.5154413743468,179.1884344782592,324.8900792993728,95.61616262297454,96.08991535307347,-218.92769292365182,-236.80008521356447,-0.0,-0.0,-232.97505014903203,-285.7626140359851,53.0,53.0,188.5352459217767,188.5352459217767,30.838773715421084,30.838773715421084,73.54060089303269,73.54060089303269,55.916071365241,55.916071365241,74.52719687764767,74.52719687764767,43.32302537834119,43.32302537834119,53.67844537698997,60.52871594556378,31.566661893404444,31.385972551869695,49.97890615870809,49.991116227070954,119.38354580871058,118.93100448186995,18.874544023639988,19.42696222710773,0.3226369335447394,0.363810821399991,1,False
AP0232,Fusión,6,0.7004528355082803,21.4867,16089.967681829772,-2413.4723794979654,973.9295853534568,8975.16106843855,9257.309738536374,,,975.7552644347085,973.2535807088711,0.305972272815333,0.29750027925362854,-392.7879549679824,-34.94237520574768,357.8455797622347,41.74425983263281,450.06380791398965,116.00780064790445,119.15394037254626,-194.2758339572579,-243.65994522016953,-0.0,-0.0,-347.0138635923335,-351.24986037318575,56.0,56.0,173.26347660132714,173.26347660132714,24.225285739441745,24.225285739441745,55.46841866071277,55.46841866071277,51.697711309568675,51.697711309568675,66.89862630795967,66.89862630795967,32.0784783897885,32.0784783897885,41.29261334304212,58.08153826637837,31.009671046881028,31.59276618765968,47.42905221067829,49.92105514114609,120.27733193479938,116.85922046987231,17.201004498074322,17.845792605688896,0.2837965275893731,0.39918371695466826,1,False
AP0232,Reducción,0,0.8310085058003873,13.7126,8139.814225851458,311.3122469772752,982.2241961141899,7188.78083030265,7413.8404580776105,789.9085623962333,1059.1161943286288,964.8456926098013,966.8095799650083,0.04163980647506841,0.48552318166842057,5912.886776839573,6181.361586376936,268.4748095373634,7188.78083030265,7413.8404580776105,-473.94513743773996,-635.4697165971772,-100.11724398605132,-117.11917066088706,-0.0,-0.0,-479.18009676246584,-257.23840916578973,30.0,30.0,,,,,,,32.83231840852038,32.83231840852038,4.595189175970802,4.595189175970802,,,49.394533367526115,54.4585992180686,19.387603932767767,28.99662393400733,28.58866798423716,31.114367643925167,95.26183450206562,119.83884403243344,25.32145126902673,-2.953314463739669,3.4967642061749973,3.855262262470675,1,False
AP0232,Reducción,1,0.9710313721863023,2.6298,390.2091667749797,304.19465057415437,951.1880524608105,366.30691514049266,373.98988848547833,507.97231732298815,541.4599573042201,963.4030795330706,961.9311545756607,0.37364046718232014,0.44764060700168984,-534.6661132500371,-504.7507487279953,29.91536452204184,366.30691514049266,373.98988848547833,-304.7833903937929,-324.87597438253204,-60.35829631107689,-55.03339105496643,-0.0,-0.0,-313.17976640883995,-276.17969649915506,25.0,25.0,,,,,,,0.029617444299939483,0.029617444299939483,0.0008587713500469303,0.0008587713500469303,,,29.885934604742587,24.098945315923352,23.598899909125436,24.94293346504943,21.20681249321832,24.810037245100663,125.00034809027778,121.12093649382926,0.5489361260979586,0.7207792523878199,,,1,False
AP0232,Reducción,2,0.9782887804490984,2.0497,67.5931316671683,-421.19219890684326,931.397869798201,116.06439022191203,265.92969205339523,62.45465910666029,195.29074571026115,940.2510856558401,937.8661159854083,0.07302844176788584,0.30349582698707983,-629.8558297863224,-467.02197327386574,162.83385651245663,116.06439022191203,265.92969205339523,-37.47279546399617,-117.17444742615669,-18.9794425780963,-36.772989203695666,-3.330627573264792,-8.100566914128422,-463.4857791160571,-348.2520865064601,20.0,20.0,,,,,,,2.619476438340036e-13,2.619476438340036e-13,0.0011010776580810248,0.0011010776580810248,,,13.264012388199095,24.218616918679984,7.19521034620541,15.263572070764576,6.991519910869799,16.981145212784668,74.46658920694959,122.67384445687378,57.25394085430385,40.01523480403468,,,1,False
AP0232,Reducción,3,0.9795466184115339,1.8171,199.7546318125052,1073.0419312666254,935.840194726582,204.3696073738967,178.0183827547778,376.3269338191437,272.7569197597982,935.3734792714972,933.5987381318193,0.4043384493463931,0.4482186617587267,-570.6915738524608,-514.0793247715785,56.61224908088229,204.3696073738967,178.0183827547778,-225.7961602914862,-163.65415185587892,-15.696829989297049,-13.265988651714215,-13.085840341950643,-16.635322621306386,-297.83077532680346,-275.89066912063663,13.0,13.0,,,,,,,2.3147324660846688e-22,2.3147324660846688e-22,4.29916781933876e-24,4.29916781933876e-24,,,14.432268851143972,10.959309260215587,14.913208318639684,13.93479956940774,3.8438768598768447,5.445121542346652,118.82928150318288,123.07831235840511,-3.4479189177849787,12.278497375408199,,,1,False
AP0237,Fusión,1,0.9261445485664972,7.1242,2909.6851898892132,-1902.2195115873271,993.4765897280022,3594.2793507000947,3650.3374514069865,,,998.0239828652685,997.647273755474,0.39517189027645844,0.31605347118970284,-479.09509922280495,-387.77893311619084,91.3161661066141,-142.8433163815933,-1.3136001491129448,88.00246210424072,88.47621483433949,-112.58987218475342,-123.71796549734054,-0.0,-0.0,-302.41405486177075,-341.9732644051486,33.0,33.0,188.22543156171088,188.22543156171088,30.513785930595013,30.513785930595013,73.04016310566594,73.04016310566594,63.24866252860638,63.24866252860638,81.52673142558396,81.52673142558396,41.647256623855746,41.647256623855746,39.67388126874211,46.52415183731592,31.257303894890676,31.076614553355927,49.04011283450657,49.052322902869435,119.10424329969618,118.65170197285555,18.455520310482253,19.0110013273329,0.2316338483564211,0.2716287891925131,1,False
AP0237,Fusión,2,0.7080503823102042,20.095,4193.251168772731,-1556.3706443109668,992.3026886245142,4567.600626728389,4775.68083853854,,,999.9557399312486,998.7695708177367,0.4812580316270682,0.3377682336701217,-436.27089983885776,-23.243746069304166,413.0271537695536,-124.75958559497829,404.46895691724353,85.57306722075955,87.06480405768272,-128.46307937924496,-174.41130598036304,-0.0,-0.0,-259.3709841864659,-331.11588316493913,38.0,38.0,188.03390984786185,188.03390984786185,30.48340132863898,30.48340132863898,73.75665475945729,73.75665475945729,57.80160464827116,57.80160464827116,74.23719861136031,74.23719861136031,41.64593270285088,41.64593270285088,39.46530900921738,64.39615156631953,30.818924280115073,29.534760146195797,48.27741732210727,48.39208273077026,119.589288055145,117.12726554456253,19.068347659754338,23.56424791303014,0.23674413729191532,0.3862990492213573,1,False
AP0237,Fusión,3,0.6972476004948164,21.1337,5492.30905945559,-1338.4021010266115,985.4035995337891,4824.963541940423,5120.951442453088,,,987.3395965850675,988.4766170814861,0.2176543010521622,0.3092664916925392,-490.24614987378766,109.86302300709752,600.1091728808851,-51.13025791399998,558.8299292074602,101.43924140707104,100.00931430854577,-140.13196599401158,-194.35914845624973,-0.0,-0.0,-391.1728494739189,-345.3667541537304,43.0,43.0,167.24527726825931,167.24527726825931,27.659626374480965,27.659626374480965,55.892481336388336,55.892481336388336,58.658177559385955,58.658177559385955,69.95568998248079,69.95568998248079,36.147135094898225,36.147135094898225,38.32398836020121,63.97274028535954,29.02720713424155,28.95797177246123,47.186729805598546,45.26040292151563,110.17184571404621,121.6030791847727,21.132593088146077,22.241036262155014,0.25755107934474014,0.42991997999470705,1,False
AP0237,Fusión,4,0.7480169065019462,18.4533,6001.664875854746,-2406.9227470994565,975.5468169471856,6147.132232267,6186.350183734113,,,982.6561733791633,982.1034227284757,0.49669789655495594,0.3088748013091282,-166.7581810539793,-14.443450497058848,152.31473055692047,179.08279229749516,452.65418456404603,107.32915612459703,108.02430026371788,-192.26875985462132,-220.30901808045857,-0.0,-0.0,-251.651051722522,-345.5625993454359,48.0,48.0,187.9325378417969,187.9325378417969,30.486120775010853,30.486120775010853,66.45186843872064,66.45186843872064,54.71941161201259,54.71941161201259,70.1945756274088,70.1945756274088,41.59889899359809,41.59889899359809,51.94757978651259,64.39615156631953,30.555003396613664,29.534760146195797,49.157007241390495,48.39208273077026,120.33171591612185,117.12726554456253,21.791293258413788,23.56424791303014,0.32260708007734096,0.39991573255973045,1,False
AP0237,Fusión,5,0.7593997935052017,16.7874,7060.691173839101,-1917.6519887455497,976.7019319949363,7314.076369142554,7470.07105898281,,,973.4427471606109,973.3678793416033,0.5412764511353224,0.2994720450750647,-265.9575925679842,-129.13400353098112,136.82358903700307,60.04140634197207,353.05104769638785,118.91604295879992,119.01019739448837,-206.30294953748916,-241.68095326046154,-0.0,-0.0,-229.3617744323388,-350.2639774624676,53.0,53.0,188.24927034198112,188.24927034198112,30.376276863146128,30.376276863146128,71.14148551892941,71.14148551892941,63.63858788448309,63.63858788448309,81.46637047341784,81.46637047341784,41.639821869472286,41.639821869472286,49.290592678238006,63.41450248732425,31.226169775286287,29.772805222966632,49.119375466892855,49.61087049912329,119.49556470039563,119.6626212334103,18.832127968367733,25.517263822498794,0.288967125761903,0.37176884106474883,1,False
AP0237,Fusión,6,0.7677755403661216,16.8896,14285.581327482563,-2379.2094758983403,970.1982397517775,9115.889942510039,9121.012496782274,,,979.3354645277635,980.0447836228487,0.41861329970569866,0.3227756450931306,-407.19346279638137,-139.812994208824,267.3804685875574,-10.96145724176831,347.5777848243166,111.50530913844844,110.61326312981572,-207.79364664698258,-250.1415468105934,-0.0,-0.0,-290.6933501471507,-338.6121774534347,56.0,56.0,171.79063196316574,171.79063196316574,28.295928653165127,28.295928653165127,76.44579172626914,76.44579172626914,63.721274618037974,63.721274618037974,83.77798857353103,83.77798857353103,39.33039942122049,39.33039942122049,44.71160590659844,61.558494872795976,31.949266512431794,29.929758945668596,51.65425422789559,49.09958238935968,119.97640462239583,119.65978253406166,20.26770500145261,24.00390002515347,0.2689023972807114,0.3702221494541383,1,False
AP0237,Reducción,0,0.8738524604885801,10.0106,6054.227493940976,1237.4930631193347,960.0707553711167,5405.993544152382,5429.275139771292,778.1681787249931,732.1627702496332,963.8448416353868,963.5262798293633,0.43599375624326037,0.41608938200477175,4307.813217359057,4342.843909729238,35.03069237018099,5405.993544152382,5429.275139771292,-466.9009072349959,-439.2976621497799,-126.62472240314004,-132.52668361783975,-0.0,-0.0,-282.0031218783698,-291.9553089976141,30.0,30.0,,,,,,,62.89106007539176,62.89106007539176,23.72577618325385,23.72577618325385,,,60.837734690020156,65.11589939832739,29.2515514006438,28.327389446992605,30.139080358434605,31.193946726851102,119.81561993634259,121.25330932443302,-5.47448272461639,0.004170506077251233,1.8644830444628737,1.9955951840042359,1,False
AP0237,Reducción,1,0.9658915990607478,3.0843,489.74350118484523,-451.70843215379864,946.8222531240606,563.7547623478691,556.2577783209198,741.5043306734541,664.8883145302418,944.5291379470176,943.3672607329479,0.4302441051431187,0.4142370178212365,-447.41825526774903,-422.3822226221337,25.036032645615308,563.7547623478691,556.2577783209198,-444.9025984040724,-398.93298871814505,-58.74089650628506,-64.17394585870657,-0.0,-0.0,-284.8779474284406,-292.88149108938177,25.0,25.0,,,,,,,0.062280167342830844,0.062280167342830844,1.4816636631222943e-20,1.4816636631222943e-20,,,28.818462900015025,33.09662760832226,23.361384765624997,22.4372228119738,20.787117228190105,23.900976957293558,120.08363297526043,121.52132236335086,-1.536915267351424,10.130507388872623,,,1,False
AP0237,Reducción,2,0.9753184586594239,2.1697,460.60070408259867,807.8924251341232,939.6349794055284,425.603217480682,451.1810851376833,611.1662336811933,629.056207365405,938.923788680764,939.3619005655949,0.4698581068554807,0.4971599421666913,-458.5808274998392,-437.0140064056848,21.566821094154363,425.603217480682,451.1810851376833,-366.6997402087159,-377.433724419243,-23.77656139930846,-31.58076517689525,-5.985221523417067,-5.108997753755375,-265.0709465722597,-251.4200289166544,20.0,20.0,,,,,,,1.4773185542728517e-12,1.4773185542728517e-12,0.05308533872750557,0.05308533872750557,,,11.15655774313306,18.018868690820913,17.50461599561903,18.338205242681592,10.586170294019912,12.794866702326908,126.23344590928818,124.75406454944911,5.958319634816407,6.316893451916809,,,1,False
AP0237,Reducción,3,0.9839099824411225,1.4791,167.2752598155055,737.6796279554037,935.2719092967088,171.4138650147756,146.92551955022645,651.3665366412129,554.9297433877257,942.0839655498704,940.3092244101924,0.5296177586172192,0.5544820490091125,-688.844229329456,-643.8218623729435,45.02236695651243,171.4138650147756,146.92551955022645,-390.8199219847277,-332.9578460326354,-11.595476391293303,-9.16463505371047,-0.0,-3.2143500645602217,-235.1911206913904,-222.75897549544376,13.0,13.0,,,,,,,2.1972677030762147e-22,2.1972677030762147e-22,1.3765578037719572e-09,1.3765578037719572e-09,,,7.128894921505089,3.6559353305767037,16.146854688856337,15.168445939624393,5.110933566623264,6.712178249093071,119.26774332682291,123.51677418204514,-6.615993497269556,7.62704682234264,,,1,False
AP0240,Fusión,1,0.9277858607544389,6.563,3824.8299110907137,-2082.596720505088,968.306728881103,3402.8728623224433,3504.4275555826207,,,998.2905460977905,998.1574680804079,0.3347741761453013,0.29543181116876055,-492.3863985592693,-436.86442827282985,55.521970286439455,-127.96016257765119,-46.078143509991975,87.66722980996433,87.83458990934061,-110.2302359653049,-117.0864623576306,-0.0,-0.0,-332.61291192734933,-352.2840944156197,32.0,32.0,189.49563654119316,189.49563654119316,33.830584408538506,33.830584408538506,72.65912222814094,72.65912222814094,63.16102233270202,63.16102233270202,81.69559067234849,81.69559067234849,40.28509398181029,40.28509398181029,40.89764404296875,44.91025791801901,30.729973824818927,30.944283282756977,47.79134570227729,48.51105542922957,119.5158535003662,121.5958291630247,18.59703388111116,19.64436027950494,0.23583968492338875,0.2589787584362008,1,False
AP0240,Fusión,2,0.7957642564848052,14.7386,3564.5285138599784,-2309.02219531826,966.0283765571673,4499.525497281466,4651.432355248995,,,973.3604679030693,972.1938213367393,0.3916879602819385,0.3049327197225482,-329.1598830192093,-149.22653468857197,179.93334833063733,4.720701005513187,249.51890777081462,119.0195180855684,120.48670319335781,-139.49376435233197,-162.4481876150903,-0.0,-0.0,-304.1560198590307,-347.5336401387259,37.0,37.0,189.8000946580318,189.8000946580318,33.81216982122053,33.81216982122053,72.29729367975594,72.29729367975594,63.25057298091421,63.25057298091421,81.73571156284265,81.73571156284265,40.19927282500686,40.19927282500686,47.40311311420641,59.400283384110665,30.715946781742684,31.128475027100713,47.846768008961405,48.66231371460479,119.7806503891587,119.46420082448715,18.831929729211176,18.460341895226,0.2733340248426009,0.34251165097644554,1,False
AP0240,Fusión,3,0.7020033283888265,18.8718,6529.282749878626,-1306.882157831511,961.904334657977,5269.414248476539,5478.706631537747,,,968.2164858970078,967.8163303207895,0.4288853338890902,0.3024164587607573,-256.71808093725593,-88.10490806383586,168.61317287342007,78.28380871425021,335.4660610034026,125.48863565025813,125.99187486526169,-165.6828743473812,-191.52075541395064,-0.0,-0.0,-285.5573330554549,-348.79177061962133,42.0,42.0,189.2035629390746,189.2035629390746,33.861013344461604,33.861013344461604,72.68571815195,72.68571815195,62.074335000681316,62.074335000681316,81.61820153524708,81.61820153524708,40.189468927900926,40.189468927900926,50.84962432624758,63.41450248732425,30.722445646417203,29.772805222966632,48.06757558994192,49.61087049912329,118.8784309185371,119.6626212334103,18.857800129840214,25.517263822498794,0.29412225376618006,0.36679949242821136,1,False
AP0240,Fusión,4,0.7624103712936227,17.5097,6939.040270054791,-2486.6891900626415,962.2170043179593,6233.646009750408,6365.268323959931,,,961.8319424819197,961.6305280531301,0.4975562066187177,0.31900503083720144,-186.42043003877333,-65.95998885565092,120.46044118312241,130.0892058808942,364.3374641032054,133.51789428693337,133.77119486565414,-189.55531561703154,-214.32084534418289,-0.0,-0.0,-251.22189669064116,-340.4974845813993,47.0,47.0,189.7067613389757,189.7067613389757,33.834956868489584,33.834956868489584,72.46747792561851,72.46747792561851,51.79381022983128,51.79381022983128,81.63736894395616,81.63736894395616,40.18266626993815,40.18266626993815,52.219106970893016,63.41450248732425,31.100219300903614,29.772805222966632,48.912989406720975,49.61087049912329,120.44168002802712,119.6626212334103,19.30099510656927,25.517263822498794,0.30876196230107694,0.37495827412840793,1,False
AP0240,Fusión,5,0.7901730106772864,15.307,8149.604444950827,-2149.044078442037,954.1761383903711,6782.621886823217,6954.453514003204,,,965.7882593967676,965.2600170395925,0.4146668185083014,0.3095948649042084,-380.36372939659714,-142.92929471144723,237.4344346851499,-14.661996693537846,314.59116699729765,128.54239491404232,129.20671720505877,-192.32721897232406,-232.2742934669796,-0.0,-0.0,-292.6665907458493,-345.2025675478958,52.0,52.0,189.4918100800904,189.4918100800904,33.8298116432046,33.8298116432046,72.58127165020635,72.58127165020635,56.084712900605595,56.084712900605595,81.29279147933863,81.29279147933863,40.13167793705778,40.13167793705778,45.68809200262873,61.558494872795976,30.97341197087214,29.929758945668596,48.4993405594785,49.09958238935968,120.02221690120858,119.65978253406166,18.979475328783042,24.00390002515347,0.2678566603120028,0.36090044752825234,1,False
AP0240,Fusión,6,0.8183324353091408,13.5791,11973.145051799806,-1800.174195765203,938.4193081367958,8600.703164868255,8833.965312825501,,,958.5836320261811,956.4312935570262,0.32490910176010723,0.3206266382087545,-568.9975757883215,-264.8975424792475,304.100033309074,-153.7050616843252,209.8482917921714,137.60299843388054,140.3097984537019,-206.09974551900225,-263.32575703466637,-0.0,-2.7928768959034187,-337.5454491199464,-339.68668089562277,63.0,63.0,188.95429433186848,188.95429433186848,31.729609556385554,31.729609556385554,69.10042085827159,69.10042085827159,61.565706984202066,61.565706984202066,71.07513011246898,71.07513011246898,39.63517803407754,39.63517803407754,37.997321065266924,55.07661544772406,30.16317258158689,31.566817319799753,46.666330133670215,47.893862920498535,119.80522953955163,119.2610840149786,19.061461692563963,15.53063748034945,0.22856442327507717,0.3313011152583428,1,False
AP0240,Reducción,0,0.8850532421238873,9.4852,5866.39144128821,-82.30005037226329,926.4304674371582,4879.203513666774,4879.203513666774,1104.040710727496,1104.040710727496,927.615243162136,927.615243162136,0.22946663847066898,0.22946663847066898,3455.9949199999355,3455.9949199999355,0.0,4879.203513666774,4879.203513666774,-662.4244264364976,-662.4244264364976,-124.2635986281816,-124.2635986281816,-28.602312560673,-28.602312560673,-385.2666807646655,-385.2666807646655,30.0,30.0,,,,,,,90.93249574732864,90.93249574732864,60.19806298714722,60.19806298714722,,,59.348670221144154,59.348670221144154,29.09783558033131,29.09783558033131,30.17513758055726,30.17513758055726,120.31250990125868,120.31250990125868,-4.7338684233668875,-4.7338684233668875,1.0496572506396609,1.0496572506396609,1,False
AP0240,Reducción,1,0.9632423047077951,3.2828,796.1667888070276,1870.161243546152,923.0667797277822,704.3310020411715,704.3310020411715,789.1718469591327,789.1718469591327,913.2385591829716,913.2385591829716,0.24402035455233767,0.24402035455233767,-491.42178047524413,-491.42178047524413,0.0,704.3310020411715,704.3310020411715,-473.5031081754796,-473.5031081754796,-64.25259582128281,-64.25259582128281,-57.35568051900191,-57.35568051900191,-377.9898227238312,-377.9898227238312,25.0,25.0,,,,,,,2.8756487628146665,2.8756487628146665,1.335710035473509,1.335710035473509,,,31.81086840507312,31.81086840507312,25.284981268988716,25.284981268988716,22.101097452799483,22.101097452799483,120.53873046875,120.53873046875,-6.240328306295533,-6.240328306295533,20.169503398258485,20.169503398258485,1,False
AP0240,Reducción,2,0.9775485781053431,2.1466,-202.44660632763382,-380.64513414274916,905.6039287166818,265.3783472674046,254.87930472075016,242.20579214938422,203.8215807109583,913.7351364354788,916.0158103121887,0.28228830207216654,0.3922630634777172,-544.966428506486,-479.1868432200257,65.77958528646025,265.3783472674046,254.87930472075016,-145.32347528963052,-122.29294842657498,-27.151350229535783,-33.4519777156717,-56.36252601398746,-51.80117826056767,-358.85584896391674,-303.8684682611414,20.0,20.0,,,,,,,0.015802918544370482,0.015802918544370482,0.04476841661017396,0.04476841661017396,,,11.559182933020212,19.90057429076895,19.533440394931368,17.899042111517776,19.360515297783746,14.059890789960452,117.83940151638453,123.52649654820932,12.900719802717243,11.739094237184604,,,1,False
AP0240,Reducción,3,0.9737194771283497,2.4524,920.7905847427149,1761.0015516463955,880.7251648833105,524.440077935066,524.440077935066,438.81779642586116,438.81779642586116,898.9112886569529,898.9112886569529,0.20527926059617704,0.20527926059617704,-459.43391158172926,-459.43391158172926,0.0,524.440077935066,524.440077935066,-263.29067785551666,-263.29067785551666,-14.561145111507837,-14.561145111507837,-86.01022157103921,-86.01022157103921,-397.36036970191145,-397.36036970191145,13.0,13.0,,,,,,,7.754682447200741e-20,7.754682447200741e-20,0.021480235861189096,0.021480235861189096,,,5.634396284054486,5.634396284054486,21.532266701592338,21.532266701592338,19.240027025010853,19.240027025010853,126.15034326623989,126.15034326623989,6.193183803401699,6.193183803401699,,,1,False
AP0242,Fusión,1,0.9038194920186924,9.5022,4055.9829571513983,-1341.4411486906447,925.629135078528,3398.5576665820963,3454.4469924310424,,,932.9260374743205,932.5493283645259,0.43402152364036295,0.3492796890881532,-424.6897576608278,-337.2758782671634,87.41387939366439,-143.4485932369476,-2.593252713967086,169.87021775687626,170.34397048697514,-109.06843704069504,-119.8593154044159,-49.80338906131465,-50.55680728090397,-282.9892381798185,-325.3601554559234,32.0,32.0,188.21185734296088,188.21185734296088,33.85286347360322,33.85286347360322,72.52234293619782,72.52234293619782,62.901494066643,62.901494066643,79.89402274700126,79.89402274700126,39.94847202493687,39.94847202493687,39.83439198503591,46.68466255360972,31.055290921529135,30.874601579994387,48.50103306240506,48.51324313076792,119.4296284145779,118.97708708773727,18.468146402801985,19.02733583259749,0.23146280292042526,0.27126717164685205,1,False
AP0242,Fusión,2,0.8118910773767702,16.0984,4370.385694818746,-1458.8870947817186,939.6900774732164,4311.223137283709,4498.426898567443,,,933.2254217946459,931.1631651794925,0.4146063131930795,0.2934251637898359,-312.7966171021565,-170.58845565892113,142.20816144323538,7.856441464054782,234.18079901071192,169.4937093703914,172.08722164867424,-138.99498621355022,-160.98960666332627,-49.204620420664014,-53.32913365097079,-292.69684340346026,-353.287418105082,37.0,37.0,187.97894437020287,187.97894437020287,33.857289364463405,33.857289364463405,71.90222660533162,71.90222660533162,62.83676897015487,62.83676897015487,79.93485171669408,79.93485171669408,39.96353020918996,39.96353020918996,47.09698389956825,58.08153826637837,30.761061384871198,31.59276618765968,47.894021249032235,49.92105514114609,119.52774478580142,116.85922046987231,18.6481291083646,17.845792605688896,0.27422015503105335,0.3381772485009245,1,False
AP0242,Fusión,3,0.7637221364673873,19.2421,6622.185632365689,-1522.5803698332093,944.6291815051285,5197.548226752483,5361.449950712362,,,948.0513033882949,947.7676732375073,0.5246853643241648,0.30770886178287477,-203.7373417786414,-71.24979413237764,132.48754764626375,77.38239441182053,344.58172132932555,150.8485486920555,151.20524449467942,-165.50779191230558,-191.52075541395064,-19.552857233366012,-20.120117534941073,-237.65731783791762,-346.14556910856265,42.0,42.0,188.3149463269138,188.3149463269138,33.81244374356529,33.81244374356529,71.7170116808988,71.7170116808988,62.83245045270106,62.83245045270106,79.65831819282946,79.65831819282946,39.85199457212936,39.85199457212936,50.451270382903346,63.41450248732425,31.03108690857257,29.772805222966632,48.71655857954075,49.61087049912329,119.88187233253761,119.6626212334103,19.060850151788447,25.517263822498794,0.2938675227269737,0.369375490636378,1,False
AP0242,Fusión,4,0.8110026284378764,15.791,6347.001871581025,-1725.6628270861238,959.6650201163054,5617.956829496362,5710.504238686895,,,949.9427331897252,949.9762033341902,0.4315096986491814,0.30315386334475825,-194.66539330167575,-102.47340241427267,92.19199088740308,158.01387985089903,332.41549055747623,148.46986973548204,148.42777738383768,-191.88367668321402,-209.9402267874623,-15.769997630505259,-15.703057341575231,-284.2451506754093,-348.42306832762085,47.0,47.0,188.038469780816,188.038469780816,33.80131462944879,33.80131462944879,55.76522116075554,55.76522116075554,64.17212948269315,64.17212948269315,86.70146077473959,86.70146077473959,39.99936294555664,39.99936294555664,53.26783548990886,61.558494872795976,31.068292777419938,29.929758945668596,48.7190860973746,49.09958238935968,119.89388690344269,119.65978253406166,18.9263968839718,24.00390002515347,0.3166532074263264,0.36593743046872335,1,False
AP0242,Fusión,5,0.8089352709615764,15.8049,8109.1513728561995,-2237.5450628497247,986.9272679251463,6253.595921836385,6372.949263412457,,,966.0151670959492,965.965120417911,0.48716138509716694,0.2988997297683113,-307.8870185411909,-162.69703646474474,145.18998207644617,29.23832958373624,301.0577370976454,128.2570337715248,128.31997291936204,-199.71275654610722,-232.2742934669796,-0.0,-0.0,-256.4193074514165,-350.55013511584434,52.0,52.0,189.12880582989385,189.12880582989385,33.83478716004569,33.83478716004569,71.72046785174673,71.72046785174673,63.028134136079984,63.028134136079984,80.49759851611635,80.49759851611635,39.94075705090408,39.94075705090408,48.316141303680226,61.558494872795976,31.131398447150858,29.929758945668596,49.08809149804478,49.09958238935968,119.47241943881042,119.65978253406166,19.135829548613913,24.00390002515347,0.2802624716065058,0.35707602999563404,1,False
AP0242,Fusión,6,0.8301258228774033,14.0281,13155.69639165686,-2834.6786787090787,988.4672536199209,9551.753910024696,9662.545054830323,,,998.4708810858915,996.8581321346286,0.5009359899274559,0.3326507355039103,-400.74850304284587,-228.81651118804976,171.9319918547961,0.908088273470634,298.7572309696325,87.44043892351148,89.4686463619815,-230.31470730462772,-274.1174383726907,-0.0,-0.0,-249.53200503627204,-333.6746322480448,63.0,63.0,187.73460943760014,187.73460943760014,28.47188398463927,28.47188398463927,72.38341016198831,72.38341016198831,62.68258106801525,62.68258106801525,62.853228394885285,62.853228394885285,34.65395962557113,34.65395962557113,44.365692373422476,58.08153826637837,31.382874125250833,31.59276618765968,49.60181624067122,49.92105514114609,120.29773086613906,116.85922046987231,19.275786251718984,17.845792605688896,0.27225661703943327,0.35642592902085496,1,False
AP0242,Reducción,0,0.8818094610444442,10.2328,5368.089408377844,1706.5642601010168,969.8302560587217,5032.430067764678,5098.870441116923,573.7378180979498,580.7249545827952,980.1084338229823,980.9388348835608,0.4712288568436231,0.45014658461652485,4076.60439615414,4117.606843116492,41.002446962352224,5032.430067764678,5098.870441116923,-344.2426908587699,-348.4349727496771,-124.54583389676002,-135.25034228219553,-0.0,-0.0,-264.38557157818843,-274.92670769173753,30.0,30.0,,,,,,,17.554453443766704,17.554453443766704,0.00014185590548740793,0.00014185590548740793,,,59.32147453061996,66.22090998298891,29.28094125253183,29.511992544063133,30.702583245171436,31.193946726851102,120.38238932291667,120.11519797834062,-4.403884219153516,-4.414894693967131,8.98712698197872,10.032382566150012,1,False
AP0242,Reducción,1,0.9771878713315171,2.1671,275.86612236760135,190.17281907166216,956.9947365544236,269.35696485564284,274.9059447965109,440.020823039515,448.4146029153803,952.057076124089,951.0974059794787,0.4233662616539999,0.4612631407427521,-567.9815714700753,-544.7933791584135,23.18819231166185,269.35696485564284,274.9059447965109,-264.012493823709,-269.04876174922816,-62.35759805218902,-58.630557300252065,-0.0,-0.0,-288.31686917300004,-269.36842962862397,25.0,25.0,,,,,,,0.00817812499430241,0.00817812499430241,0.24809853847517907,0.24809853847517907,,,30.852318631685698,27.05027075396237,24.35014674380855,25.160797094472333,22.11835881890191,23.788484147779414,118.39111914062501,119.8666751403965,-3.531394835682519,-2.704819439088858,,,1,False
AP0242,Reducción,2,0.9823127515323031,1.7523,195.21475226199746,215.3311070411819,959.6572458285906,265.18732481753506,247.40421384274507,477.71299222482844,455.7335214113415,947.9209152823782,947.8243602689888,0.47210259361728135,0.509421181725848,-534.7422822894227,-518.9859268544466,15.756355434976172,265.18732481753506,247.40421384274507,-286.62779533489703,-273.4401128468049,-26.701533303881444,-25.009043436490693,-0.0,-0.0,-263.9487031913593,-245.28940913707598,20.0,20.0,,,,,,,6.158375485062535e-12,6.158375485062535e-12,0.8069917857042641,0.8069917857042641,,,11.51491457015749,10.548928712718503,20.45556020100911,19.439522708748452,14.566413065592446,13.98200549261559,124.74607998318143,121.52243211368535,-0.36183448046162764,1.6015589176795653,,,1,False
AP0242,Reducción,3,0.9858624852619707,1.3851,273.79458134974124,893.3709245691516,959.6538183902622,189.20987197329436,195.2757287477205,441.90785202248173,376.83872095214485,961.0545966360366,960.2924021023888,0.4158108508963641,0.40061550293754183,-603.782317671325,-571.7806258793097,32.00169179201532,189.20987197329436,195.2757287477205,-265.144711213489,-226.1032325712869,-13.101328602492206,-18.609298247694102,-0.0,-0.0,-292.09457455181797,-299.6922485312291,13.0,13.0,,,,,,,1.3659212822694123e-23,1.3659212822694123e-23,1.619396989930616e-20,1.619396989930616e-20,,,5.623548380533854,13.308875574648624,20.079955006609055,20.191228129792677,12.421843865905146,16.030385796564264,119.73937815656564,125.49633875997272,-6.456181633825365,4.957996273686155,,,1,False
AP0250,Fusión,1,0.9128477563549967,8.0531,3206.493535877218,-1787.6622800899024,947.9404817688662,3455.098875098292,3510.4403319676394,,,976.0399686351258,975.6632595253311,0.3607089019775912,0.29894499040295536,-460.0581567171599,-361.53484285247566,98.52331386468421,-136.41892184885222,3.30347343677182,115.64975411090447,116.12350684100338,-110.39312206907948,-121.18400043280033,-0.0,-0.0,-319.6455490112044,-350.52750479852233,32.0,32.0,189.60690301452019,189.60690301452019,33.98381359986585,33.98381359986585,72.30603298611125,72.30603298611125,63.53277341283934,63.53277341283934,81.61427704782197,81.61427704782197,43.526794680200446,43.526794680200446,40.502039683948865,47.35231025252268,31.17512459225125,30.994435250716503,48.94293426937527,48.95514433773813,119.02335251702202,118.57081119018139,18.58467169739484,19.14237844673894,0.23344932065499216,0.27293352991989517,1,False
AP0250,Fusión,2,0.7299704539287338,19.0879,3551.283316904898,-1939.9249483307512,943.3416121159353,4361.120875207684,4507.642566575645,,,952.3892799369501,952.189910692894,0.4575771327833375,0.29665864580747947,-146.9028813991698,-65.45890257616367,81.44397882300612,152.37804731202837,329.81460122472254,145.39307076599562,145.64379930218837,-153.3353438338787,-168.72066548371845,-10.8769041360556,-11.27564262416763,-271.2114336083312,-351.67067709626025,37.0,37.0,189.40792728892546,189.40792728892546,34.005247096011516,34.005247096011516,72.78841659813594,72.78841659813594,63.415904262609644,63.415904262609644,81.78832086931195,81.78832086931195,40.7088010553728,40.7088010553728,54.70776538514254,63.41450248732425,30.834333338465413,29.772805222966632,48.378021258563244,49.61087049912329,119.71706040757557,119.6626212334103,19.215491279068203,25.517263822498794,0.31506057518657826,0.3652024440803253,1,False
AP0250,Fusión,3,0.6613945959026304,22.5733,5713.199373388455,-1681.954999998291,946.1948935628242,5058.239957610762,5122.586012190022,,,946.6393757129854,946.1692940198201,0.5187238309822344,0.3009872142264382,-188.32363766672435,-71.50872340419426,116.8149142625301,100.2053967075443,350.11987374395227,152.62420150609196,153.21538042827936,-168.88812088856463,-192.77039082040125,-22.376712583984954,-23.31687597031555,-240.6380845088828,-349.5063928867809,42.0,42.0,189.4243459302326,189.4243459302326,33.979809333742125,33.979809333742125,72.48149868277619,72.48149868277619,63.17495155038759,63.17495155038759,82.27483998379967,82.27483998379967,40.06978428567103,40.06978428567103,52.13575619246609,64.39615156631953,30.988520821061716,29.534760146195797,48.470230118685926,48.39208273077026,120.39266396174355,117.12726554456253,19.000016129400365,23.56424791303014,0.300317084351333,0.37094051940956096,1,False
AP0250,Fusión,4,0.6986735729346095,21.1426,6637.000034916429,-1811.9533979117723,956.0347136148323,6470.846933459875,6487.7446531690985,,,950.0634654399818,949.917189291822,0.5237332484525237,0.2950723934040025,-179.02369553461034,-82.31953262884036,96.70416290576998,127.18533412445086,362.4329268959598,148.31803578275074,148.5019939688876,-191.6148386391534,-215.71924687044898,-15.528533129992184,-15.82108542631181,-238.13337577373815,-352.46380329799877,47.0,47.0,189.15487297905818,189.15487297905818,34.01694208780924,34.01694208780924,72.59101647271042,72.59101647271042,61.066142124599885,61.066142124599885,80.18363054063586,80.18363054063586,40.18479902479384,40.18479902479384,52.96254077487522,64.39615156631953,31.2423333062066,29.534760146195797,49.15144224775599,48.39208273077026,120.52845415697031,117.12726554456253,19.16910445022211,23.56424791303014,0.30794135598470607,0.37442007017413165,1,False
AP0250,Fusión,5,0.7296096517616875,19.891,5913.706070509835,-1957.2205992563104,969.7911805887268,6717.433935935317,6768.990464142238,,,964.3763137222137,963.7591107721787,0.21663368128315005,0.3080243787711244,-300.00460296482424,-210.93247143308696,89.07213153173728,147.78771844827835,197.5609367045761,130.31807036408878,131.0942702886501,-177.17691451983814,-184.34954991294714,-0.0,-0.0,-391.683159358425,-345.9878106144378,52.0,52.0,155.18513294257306,155.18513294257306,27.483673551947202,27.483673551947202,49.89427884789,49.89427884789,45.155815379427516,45.155815379427516,56.919211943899896,56.919211943899896,33.642677642560805,33.642677642560805,41.36691215098262,43.221314537347574,28.583726459079312,29.99675199844948,48.13909548292231,48.4215365351197,116.59816521538627,118.48255916847026,27.038562103026575,22.184685135723125,0.31376339226124605,0.32782882652038486,1,False
AP0250,Fusión,6,0.7530863354785893,18.1114,11011.582422691434,-3866.874774562244,973.6166479033168,10056.239924227704,10344.823124484166,,,977.1253376932714,975.6111269789549,0.3974202731437814,0.2991144433695268,-430.70527557857804,-207.81258610706638,222.89268947151166,-3.0212839321684255,317.1006810735843,114.28478432097386,116.18906919543173,-231.42859464034603,-281.4092401619176,-0.0,-0.0,-301.28986342810924,-350.44277831523664,63.0,63.0,189.15477882478646,189.15477882478646,34.00599788165811,34.00599788165811,73.71183474705803,73.71183474705803,60.46453020154767,60.46453020154767,74.85792854996198,74.85792854996198,36.62869051479981,36.62869051479981,46.158487693911695,61.558494872795976,30.043195750590975,29.929758945668596,46.424949898265474,49.09958238935968,120.05406525104993,119.65978253406166,19.222176288580766,24.00390002515347,0.27114621412850415,0.3616096121452686,1,False
AP0250,Reducción,0,0.7775837301734514,15.5595,10512.110821919472,1392.2891271983026,980.8990953267353,10065.651399074528,10151.991147805576,1570.8927788720807,1560.654622218341,968.2096862374743,968.8171771623463,0.4762997924687339,0.44074564304577785,8512.567786082544,8579.264345392798,66.69655931025409,10065.651399074528,10151.991147805576,-942.5356673232484,-936.3927733310046,-126.04626662628282,-134.05527532784217,-0.0,-0.0,-261.85010376563304,-279.62717847711104,30.0,30.0,,,,,,,33.79079990804892,33.79079990804892,39.484621604317304,39.484621604317304,,,60.60652931787634,66.22090998298891,29.095483014142072,28.630399650700767,29.835126455801504,29.855168892426995,119.92412792064526,119.10268268468201,-5.450627349278716,-4.180987821336128,2.2147508925730146,2.419917806587923,1,False
AP0250,Reducción,1,0.9553181579371082,3.7705,908.7271911779453,924.1639307021214,955.6666283683275,1124.3878981191285,1132.1793543344506,990.1811170207085,946.9357611506764,964.8856970671095,965.8159216551368,0.39378694537466336,0.4086238182632453,-56.424391099155315,-25.750447715246423,30.67394338390889,1124.3878981191285,1132.1793543344506,-594.1086702124251,-568.1614566904058,-60.94551641637037,-71.42867921409385,-0.0,-0.0,-303.1065273126683,-295.68809086837734,25.0,25.0,,,,,,,0.021282850466884433,0.021282850466884433,2.5591070695801785,2.5591070695801785,,,28.32740509815705,37.63894594690372,25.370400512695316,23.90533882161921,26.033838636610245,25.803970656999162,125.20401481119792,122.3499333228154,3.125454643054623,7.71120426081929,29.565979681409875,39.28465410932537,1,False
AP0250,Reducción,2,0.9719665306556318,2.5583,432.93956284628626,940.6120957365965,946.4643282809693,365.6249267416778,380.41413579694483,380.38955041283725,424.981745435757,943.99984597989,944.4131930415181,0.4374969146846934,0.5037234668651593,-393.03512373776914,-373.12022880446193,19.91489493330721,365.6249267416778,380.41413579694483,-228.23373024770234,-254.98904726145417,-26.523202297271247,-27.75547549571221,-0.0,-0.0,-281.25154265765326,-248.13826656742032,20.0,20.0,,,,,,,1.3927887823996017e-22,1.3927887823996017e-22,0.12220888732786084,0.12220888732786084,,,14.211990211123512,14.934845864187876,17.037167684766978,17.771485727115,10.444557376437718,10.78869097627667,128.23726169162325,125.59012471062124,9.684846164586494,4.5568663648811905,,,1,False
AP0250,Reducción,3,0.9800926203688861,1.8818,261.5263225927699,531.5215886586557,943.745186296321,98.9178222999913,117.05690644422216,0.0,0.0,943.7524640445955,943.2806573113007,0.3206823399930454,0.2980639666256095,-471.7729791752869,-468.44116881822316,3.3318103570637163,98.9178222999913,117.05690644422216,-0.0,-0.0,-8.380396194980761,-11.878483298429972,-0.0,-0.0,-339.6588300034773,-350.96801668719525,13.0,13.0,,,,,,,1.3927887823996013e-22,1.3927887823996013e-22,0.006229481179130401,0.006229481179130401,,,5.047497431437174,9.325662139744407,9.767635928966378,10.568862283494738,9.924191171151616,13.038050900255069,121.2207073748553,122.65839676294573,81.11106913264749,83.540636540706,,,1,False
AP0272,Fusión,1,0.9176616919582343,7.6847,1790.7394231608969,-2501.0468555896505,962.4007291747582,2972.8568291831452,3113.2541025234673,,,977.3117825536982,977.6209719074149,0.3499887093428905,0.29833681674027884,-651.7597005409021,-352.3860675158063,299.37363302509584,-338.39698930708823,12.913893825323923,114.0503096046914,113.66147032092516,-93.15705761102234,-118.87952213326663,-0.0,-0.0,-325.00564532855475,-350.83159162986055,32.0,32.0,173.1870516690341,173.1870516690341,30.630534655638414,30.630534655638414,64.56361404573063,64.56361404573063,70.883645784012,70.883645784012,98.85432048759077,98.85432048759077,44.19071094243213,44.19071094243213,29.814076017129302,46.59593674812237,31.1049946890937,30.203861768626822,48.7304408815172,47.907237619965876,119.3530010647244,122.43512937644802,18.621738795833664,21.869539982944588,0.1763722553345823,0.27564934257805623,1,False
AP0272,Fusión,2,0.5979643561139371,23.751,6510.777350872328,-1372.7117312342843,968.9661085781895,3924.7823580538156,4111.752941015268,,,969.8038705807558,967.9599352798214,0.2973455746431375,0.31372392346721495,-359.3939048581365,4.121674033850866,363.5155788919874,6.952220063725632,393.1469418239098,123.4923265404182,125.81127599035212,-129.26092088492086,-162.4481876150903,-0.0,-0.0,-351.32721267843124,-343.1380382663925,37.0,37.0,159.72205178117392,159.72205178117392,28.303911885044027,28.303911885044027,59.38660661899729,59.38660661899729,65.41792604978325,65.41792604978325,88.8929967252196,88.8929967252196,40.89679399114352,40.89679399114352,42.478714565725234,59.400283384110665,29.49104583327835,31.128475027100713,48.487129901054615,48.66231371460479,119.00833164707677,119.46420082448715,24.57828718984516,18.460341895226,0.27396463073289473,0.383099556310205,1,False
AP0272,Fusión,3,0.7946324573918907,15.102,-206.3394374762288,-1070.9283128296283,965.6367223861957,2253.359258427124,2253.359258427124,,,966.4471364610995,966.4471364610995,0.019516617909292454,0.019516617909292454,-302.68149925624715,-302.68149925624715,0.0,172.44693092116498,172.44693092116498,127.71378525234088,127.71378525234088,-103.35020648547103,-103.35020648547103,-0.0,-0.0,-490.2416910453538,-490.2416910453538,42.0,42.0,76.25501989008507,76.25501989008507,15.27328565730605,15.27328565730605,28.56717355015095,28.56717355015095,32.61614816185519,32.61614816185519,46.25679713064132,46.25679713064132,20.906657830913424,20.906657830913424,24.643069668644415,24.643069668644415,25.92316543383476,25.92316543383476,45.087075558776114,45.087075558776114,67.4670204068443,67.4670204068443,14.28995813696801,14.28995813696801,0.3207318492762922,0.3207318492762922,1,False
AP0272,Fusión,4,0.6479562810637336,21.9744,4912.033986912761,-2158.36676333207,958.1431175944502,5810.263668144958,5868.803266067464,,,963.8142608209728,963.4375517111782,0.5550583833147378,0.4700073498508307,-115.8477726736132,-27.203465858185552,88.64430681542765,176.95025385036905,323.4954272643665,131.02491309631802,131.49866582641675,-192.10181337874096,-207.95091597545596,-0.0,-0.0,-222.4708083426311,-264.99632507458466,47.0,47.0,173.32339884440105,173.32339884440105,30.676651763916013,30.676651763916013,64.40189768473297,64.40189768473297,70.8377422756619,70.8377422756619,88.90033310784234,88.90033310784234,42.923521762424045,42.923521762424045,53.264842902289494,60.11511347086331,31.1201161702474,30.93942682871265,49.04269948576977,49.05490955413263,120.456419830683,120.00387850384237,19.43809470943601,20.00177710310415,0.322004445158725,0.3634167061066671,1,False
AP0272,Fusión,5,0.6432476745448228,22.309,7094.517541486592,-2593.5629094454853,944.2008988619241,7554.4045568295,7614.00588061664,,,956.9024512204405,956.525742110646,0.5207345053994098,0.39018676211199055,-86.28876586393085,-20.18805558397645,66.1007102799544,242.85079195816752,392.0402167123683,139.71726638175056,140.1910191118493,-218.12319743555094,-235.65837477659733,-1.8505615690746708,-2.6039797886637643,-239.6327473002951,-304.9066189440047,52.0,52.0,173.0783012726022,173.0783012726022,30.64259367169074,30.64259367169074,64.69424711023481,64.69424711023481,63.710966136076244,63.710966136076244,88.09871471329133,88.09871471329133,42.97729515219634,42.97729515219634,55.34669880417157,62.19696937274538,31.19507321088742,31.01438386935267,49.14897372253939,49.16118379090225,120.03381535456728,119.58127402772665,19.179196093451452,19.740007813147418,0.3406273053809456,0.38278680640484086,1,False
AP0272,Fusión,6,0.6905115695906798,19.5799,14498.718996740423,-2539.2533758927293,948.8919535366429,9558.575015427969,9693.1950747021,,,943.7652383348243,943.5747957822947,0.4787565550940601,0.29608565276833787,-384.2059146768514,-186.87746370873654,197.32845096811488,-12.86028568096629,323.30008256830973,156.23874225963343,156.47824450909343,-229.58734356331323,-276.9424268260141,-28.124987340307143,-28.50587244536632,-260.62172245296995,-351.95717361583104,62.0,62.0,168.76631004708273,168.76631004708273,30.659837924252116,30.659837924252116,65.01651553972314,65.01651553972314,67.37866627188417,67.37866627188417,107.65558481827783,107.65558481827783,39.75558321343167,39.75558321343167,45.46490193788749,61.558494872795976,31.252551178780816,29.929758945668596,49.22000381182206,49.09958238935968,119.88457490345236,119.65978253406166,19.02350645866422,24.00390002515347,0.26836580656955034,0.3633615035685047,1,False
AP0272,Reducción,0,0.7642078118805871,17.8443,11553.927690299533,-414.88704011248956,949.3286817865505,10819.075047226848,10887.746451058521,1061.8773618372247,1050.2011420650329,950.6966325895419,950.1901485793937,0.4085555100667333,0.39089081353949956,9536.006763605801,9596.07919347628,60.07242987047903,10819.075047226848,10887.746451058521,-637.1264171023348,-630.1206852390197,-127.5680462752585,-134.3404038361506,-0.0,-0.0,-295.72224496663335,-304.55459323025025,30.0,30.0,,,,,,,55.45107665145786,55.45107665145786,76.45963176889445,76.45963176889445,,,62.39500758673555,66.22090998298891,28.269898534704133,28.500949826235438,28.442087379738133,31.193946726851102,120.40868589048031,120.14149454590427,-4.973285718053422,-1.0144207026525267,1.290133012465996,1.3692406714724923,1,False
AP0272,Reducción,1,0.9626279341934886,3.139,364.7279398927711,-1201.9327419793117,937.594149009597,562.0090088493389,494.2283080708653,584.7232817043092,464.3622894080053,940.4643226940744,938.8827254931925,0.27943563074378364,0.30691035122603266,-452.57314891473345,-431.1736631538746,21.399485760858852,562.0090088493389,494.2283080708653,-350.8339690225855,-278.6173736448032,-77.91027533976236,-71.52085001757297,-2.904153496796198,-6.067347898560001,-360.28218462810815,-346.54482438698363,25.0,25.0,,,,,,,0.15495698015661336,0.15495698015661336,0.003807776604452395,0.003807776604452395,,,40.55273844401042,37.494980187466176,26.848044121636285,23.345534999812415,28.33327677408854,28.571894133523756,124.56803998480903,119.305612171912,1.4833053089777897,14.852953016617885,,,1,False
AP0272,Reducción,2,0.9695808660016898,2.411,542.7110783366466,1548.8772319354684,923.3837321050211,444.5316721621273,444.5316721621273,1185.8274839624466,1185.8274839624466,940.2504416125176,940.2504416125176,0.25853643675432925,0.25853643675432925,-890.0663067584633,-890.0663067584633,0.0,444.5316721621273,444.5316721621273,-711.4964903774679,-711.4964903774679,-26.386215983557317,-26.386215983557317,-3.3319156599097823,-3.3319156599097823,-370.7317816228354,-370.7317816228354,20.0,20.0,,,,,,,1.5350504834031735e-25,1.5350504834031735e-25,5.416974129488325e-23,5.416974129488325e-23,,,14.109943837968128,14.109943837968128,17.56966837565104,17.56966837565104,8.672355600992837,8.672355600992837,126.47044216579862,126.47044216579862,0.26127899100160584,0.26127899100160584,,,1,False
AP0272,Reducción,3,0.9799670901420658,1.7185,254.43286130550206,-241.29318374604918,925.4452606741012,256.3856297805687,231.78444982048313,439.57253096618825,317.36101420716415,927.6741689251804,926.1529221691246,0.3005768223292793,0.2828129683565509,-617.7234234380946,-579.7233459495155,38.00007748857911,256.3856297805687,231.78444982048313,-263.74351857971294,-190.41660852429848,-9.517909492185648,-8.319141600459648,-28.48446103458423,-31.526954546695833,-349.7115888353604,-358.59351582172457,13.0,13.0,,,,,,,1.5350504834031733e-25,1.5350504834031733e-25,5.416974129488324e-23,5.416974129488324e-23,,,4.9064468701680495,3.328984888250178,13.458156139232491,12.479747390000547,8.307985632890338,9.909230315360146,118.07645336009836,122.32548421532059,22.988767911556156,42.621404456873016,,,1,False
AP0278,Fusión,1,0.7504727731192464,18.1283,3113.7448125238334,-1467.3577954160048,1035.4794308743762,3354.9993166521613,3689.8164005357253,,,1050.6328924020752,1049.520802677415,0.5434094917570256,0.29351910339830084,-568.2483896000285,-126.52903176661485,441.7193578334137,-252.71389498494324,358.64270692426766,21.84102912436379,23.239603062381505,-99.82995171903362,-145.92057555348623,-0.0,-0.0,-228.2952541214872,-353.24044830084955,32.0,32.0,206.7043368252841,206.7043368252841,30.338890923394096,30.338890923394096,55.84063917988469,55.84063917988469,59.92803227588384,59.92803227588384,84.58772219262943,84.58772219262943,42.300907635929605,42.300907635929605,34.07007521812362,63.41450248732425,31.029661888546414,29.772805222966632,48.52923736572266,49.61087049912329,119.05675790574816,119.6626212334103,18.485268692327256,25.517263822498794,0.20058547627002446,0.37334899035033975,1,False
AP0278,Fusión,2,0.653265320330459,22.4715,4141.658148641613,-1763.3186535000787,1038.103776123413,4269.506498992826,4249.499458744463,,,1040.0607870825756,1040.4083263828193,0.45708694986399134,0.33822380676510555,-257.0862881283955,-95.21262319086,161.8736649375355,139.84148407924724,380.04779172235055,35.136602891444134,34.69953437351838,-151.35753213215432,-169.82153477035348,-0.0,-0.0,-271.45652506800434,-330.8880966174472,37.0,37.0,206.473696631716,206.473696631716,30.350802183987803,30.350802183987803,55.84060658237378,55.84060658237378,59.8348653157552,59.8348653157552,84.57844473855538,84.57844473855538,42.304096743935034,42.304096743935034,52.87470885159676,64.39615156631953,31.58387144163206,29.534760146195797,49.94925258510464,48.39208273077026,119.87616949224616,117.12726554456253,18.926598845404918,23.56424791303014,0.3115178626161708,0.3793978620847013,1,False
AP0278,Fusión,3,0.6556764074594585,21.7029,4655.431701495015,-1714.909870886303,1037.5382388149108,5436.342409188393,5494.47971368186,,,1035.0591378779063,1034.6824287681118,0.5154467589292857,0.40187254346186924,-170.16881311585973,-93.98427927679532,76.18453383906441,216.418375475059,363.0792921701165,41.4267214579973,41.90047418809606,-176.48697161463068,-190.6499994670143,-0.0,-0.0,-242.27662053535715,-299.06372826906534,42.0,42.0,206.4039206334787,206.4039206334787,30.343625847868214,30.343625847868214,45.16827244721643,45.16827244721643,59.7164129685986,59.7164129685986,84.5331546753876,84.5331546753876,42.33376275587451,42.33376275587451,55.066292601592785,61.9165631701666,31.625609229355263,31.444919887820515,49.99878457690042,50.01099464526328,119.47383887881324,119.02129755197261,18.714378269989766,19.264840550968,0.3331577579138939,0.37460272680332984,1,False
AP0278,Fusión,4,0.6601562798644126,21.9044,7088.1072496672405,-1847.2581557565827,1035.7927619322104,6185.883695415472,6189.085121239661,,,1033.2500866354962,1033.4496661994594,0.5530215097140686,0.3387746040470214,-246.23337670269825,-96.46822911275626,149.765147589942,130.64916642213257,415.663226264112,43.70180040537863,43.45080736899825,-187.84478048831554,-215.71924687044898,-0.0,-0.0,-223.4892451429657,-330.6126979764893,47.0,47.0,203.14973704020184,203.14973704020184,30.35709796481662,30.35709796481662,54.39760458204489,54.39760458204489,53.74310629102919,53.74310629102919,84.0628061082628,84.0628061082628,42.35086424085829,42.35086424085829,51.078794691297745,64.39615156631953,31.44298584850122,29.534760146195797,49.946814717827884,48.39208273077026,119.69002131468862,117.12726554456253,19.39343094779814,23.56424791303014,0.3089202017811914,0.3894624424093706,1,False
AP0278,Fusión,5,0.7234686375660384,18.5496,8431.480765477601,-2373.3563214231635,1031.3809272990902,6923.29629072573,6937.403245870796,,,1034.724145054318,1035.3169222076558,0.46937731717846304,0.30403184434549263,-376.6885203029508,-197.1036510696272,179.5848692333236,60.545682006639424,356.1491503409688,41.848011415187536,41.102529590001055,-204.52055441508102,-237.1209352744151,-0.0,-0.0,-265.31134141076853,-347.9840778272537,52.0,52.0,207.2658243047366,207.2658243047366,30.823088102520636,30.823088102520636,52.64225352545212,52.64225352545212,63.44976560964523,63.44976560964523,84.1290449034493,84.1290449034493,44.602291697376174,44.602291697376174,49.19903932967275,63.41450248732425,32.00019893809261,29.772805222966632,51.3129650278988,49.61087049912329,120.97763917058961,119.6626212334103,19.871550489641187,25.517263822498794,0.2891096292297989,0.3726443351678432,1,False
AP0278,Fusión,6,0.7744949974910442,15.4435,9454.193655527582,-2754.215811321392,1023.3984369606276,10795.613802788159,10885.607586068267,,,1030.4036085446432,1028.9362889401273,0.43731199307394625,0.3210376150143396,-475.36026478727075,-314.17619372204314,161.1840710652276,-4.420112937638904,250.84374335139012,47.281556592966965,49.126870790295534,-227.62738708064367,-265.41529747197035,-0.0,-0.0,-281.3440034630269,-339.4811924928302,61.0,61.0,203.7249642193085,203.7249642193085,32.04158299776032,32.04158299776032,60.02303873720467,60.02303873720467,59.68990680373878,59.68990680373878,79.95579814638167,79.95579814638167,37.304580803520444,37.304580803520444,45.86255531933769,58.08153826637837,31.387984113913674,31.59276618765968,49.68292201344546,49.92105514114609,120.09210544207433,116.85922046987231,19.316780403043417,17.845792605688896,0.2707509184633754,0.3428860368091397,1,False
AP0278,Reducción,0,0.8007565338286804,13.7342,9241.591597100549,2720.567059534287,1018.2559435057314,8842.223832881347,8902.635148880323,2164.634639798196,2162.811675677807,1019.5251323984724,1019.5295592899253,0.4870572752769601,0.4763183435405691,6936.919013903852,6986.463552581962,49.54453867811026,8842.223832881347,8902.635148880323,-1298.7807838789176,-1297.6870054066842,-127.40109746023747,-133.99218738514148,-0.0,-0.0,-256.47136236151994,-261.84082822971544,30.0,30.0,,,,,,,55.3782097739588,55.3782097739588,19.844924395612757,19.844924395612757,,,62.274255764868954,66.22090998298891,27.882991366916226,28.11404265844753,29.65007194236473,31.193946726851102,120.6793741409867,120.41218279641065,-1.38658404990576,0.4489212033091113,2.1519444996601327,2.2883247860630878,1,False
AP0278,Reducción,1,0.9612346141849095,3.5939,-213.22165880538714,-5.566096849965106,1018.6723396742111,498.1738279246109,652.9551995111284,414.3968790452694,42.90794893739119,1012.421380048266,1008.4541127247602,0.0006540151456027128,0.5279385341938682,-494.5004786028664,106.03817074740746,600.5386493502739,498.1738279246109,652.9551995111284,-248.6381274271616,-25.744769362434713,-21.71161139629695,-62.48995122140019,-0.0,-0.0,-499.67299242719866,-236.0307329030659,25.0,25.0,,,,,,,1.6367877729923663e-19,1.6367877729923663e-19,7.470197753988164e-25,7.470197753988164e-25,,,2.601479946038662,30.130345159086662,19.318380192347934,25.312221743034215,15.883905277950692,23.371413861064802,10.278005488080103,122.97805832076482,-53.30279699745708,-2.8200554501619246,,,1,False
AP0278,Reducción,2,0.9570940540612468,3.7395,486.5471397565961,-979.9874255433169,1016.1469336465357,898.9166399060728,990.603891519205,535.0663688386624,190.31968681091843,1023.9832452127373,1021.5183790761549,0.002758365762796787,0.3670656671487467,-156.30202233736088,306.741715829517,463.04373816687786,898.9166399060728,990.603891519205,-321.0398213031974,-114.19181208655105,-12.906448544814515,-30.55162190069023,-0.0,-0.0,-498.6208171186016,-316.46716642562666,20.0,20.0,,,,,,,1.6367877729923663e-19,1.6367877729923663e-19,0.00021499636479549938,0.00021499636479549938,,,1.582411535959395,17.008671782155222,13.64414537491337,17.34562247077458,15.687748919535494,15.67788318035129,23.223621046356325,120.30851398020417,-24.639071285910813,18.02018401235803,,,1,False
AP0278,Reducción,3,0.9665423023184013,2.8691,61.823959771045985,326.0745600487062,1015.1236278122792,659.3276260756589,624.3944806162224,749.5094728996862,640.0948512458922,1021.0931962686169,1020.0354115344262,0.3383191969211814,0.31878246190017595,-364.3814067100699,-342.11253612616383,22.26887058390605,659.3276260756589,624.3944806162224,-449.7056837398117,-384.0569107475353,-20.511372229687723,-19.189761668118788,-0.0,-0.0,-330.8404015394093,-340.608769049912,13.0,13.0,,,,,,,1.6367877729761495e-19,1.6367877729761495e-19,0.002073788467915475,0.002073788467915475,,,15.077557535816851,14.250503092383958,21.15976442815615,19.323750020894117,18.912705418660515,18.389785768619305,119.30518449886067,126.20082995807181,3.892447178941713,16.157474639431328,,,1,False
AP0286,Fusión,1,0.7977661906349427,15.5872,2786.8571706785965,-1996.9980276222554,1022.0983720969914,3312.306219011786,3457.8998550108863,,,1052.5499157929833,1051.264859904952,0.5314562473104361,0.2913307967290267,-485.3814188192074,-299.7382086795923,185.64321013961512,-153.74546999462046,176.55321516603988,19.430163441818426,21.046261166708543,-107.54391802269522,-133.7527654779258,-0.0,-0.0,-234.27187634478196,-354.3346016354867,32.0,32.0,209.42401357323234,209.42401357323234,27.499453827829072,27.499453827829072,55.76439603555094,55.76439603555094,60.59295925564236,60.59295925564236,85.38178439670139,85.38178439670139,45.06468111288669,45.06468111288669,39.106024108270205,55.07661544772406,30.840244452158608,31.566817319799753,48.0238899230957,47.893862920498535,119.22942174275715,119.2610840149786,18.452479523003355,15.53063748034945,0.22855300427401812,0.3218922458332964,1,False
AP0286,Fusión,2,0.6370718143369637,21.3197,3654.1016190673504,-1977.4664333926498,1029.5118559885368,4328.97313573641,4388.5780799511585,,,1022.7580648673918,1022.9258101201192,0.5338752866100098,0.34526902645456653,-305.70996588747596,-82.33950372774333,223.37046215973263,20.915728609909756,367.4121332521356,56.89666038528743,56.68570246211946,-141.20968028874984,-169.82153477035348,-0.0,-0.0,-233.0623566949951,-327.36548677271674,37.0,37.0,209.51168448464912,209.51168448464912,27.489783892715188,27.489783892715188,56.54217197351297,56.54217197351297,60.23231468869928,60.23231468869928,85.4840955232319,85.4840955232319,45.07475457442434,45.07475457442434,47.6186254668654,64.39615156631953,31.255918403144353,29.534760146195797,49.78690202042863,48.39208273077026,118.02280933277028,117.12726554456253,19.292114566066406,23.56424791303014,0.2779105843674766,0.37582714615030915,1,False
AP0286,Fusión,3,0.6132889795561414,22.1552,6754.817603149063,-683.7045408082085,1027.9465263952666,4984.83336404105,5030.242570230353,,,1035.729549941464,1034.9604446876133,0.5118975689255127,0.3552954787939248,-264.0469438631426,-120.2490201705597,143.79792369258288,118.28861148698337,362.5731102590897,40.58360527858017,41.55083889271764,-169.61762719253426,-192.77039082040125,-0.0,-0.0,-244.05121553724362,-322.35226060303756,42.0,42.0,209.27668324551846,209.27668324551846,27.510243260583213,27.510243260583213,56.822201277858575,56.822201277858575,60.312456944192114,60.312456944192114,86.9613773316376,86.9613773316376,45.04565287745275,45.04565287745275,52.524580986555236,64.39615156631953,30.924358840215774,29.534760146195797,48.45551186213418,48.39208273077026,121.91577894422741,117.12726554456253,19.740276303017442,23.56424791303014,0.3054272274681467,0.3744596846484896,1,False
AP0286,Fusión,4,0.7126468094642395,20.5542,5886.335751492022,-3007.770256637883,1030.8735500685675,5884.468477138211,5944.18569251306,,,1025.8971692745217,1025.5204601647272,0.5168807489552932,0.3922388909333511,-127.33993346032602,-55.59291543354473,71.74701802678129,270.13897035165786,419.58226725602646,52.94889473726806,53.42264746736683,-199.61785512797036,-215.46695772468541,-0.0,-0.0,-241.55962552235337,-303.8805545333244,47.0,47.0,209.4548502604167,209.4548502604167,27.478123389350046,27.478123389350046,57.090063391791496,57.090063391791496,50.50146993274554,50.50146993274554,70.76819487337403,70.76819487337403,45.010420905219185,45.010420905219185,56.50352834065755,63.353798909231365,31.10759478629904,30.92690544476429,48.87841463562445,48.890624703987314,119.59163460517325,119.13909327833262,18.930213684183638,19.49115701931566,0.348338682958921,0.3905699258183557,1,False
AP0286,Fusión,5,0.7272558312234723,17.4867,5635.163718052574,-3168.613956147452,1026.1938034818952,6327.286638981455,6621.767179590252,,,1031.9538237794509,1031.2320910836488,0.4562668231570179,0.31159882884712714,-308.5055319171213,-147.41346841165628,161.092063505465,132.7632599016179,396.91872076170597,45.33199211301224,46.2396495764175,-205.4838776113322,-237.1209352744151,-0.0,-0.0,-271.86658842149103,-344.2005855764364,52.0,52.0,209.48489798299923,209.48489798299923,27.520269813777514,27.520269813777514,56.248007643597695,56.248007643597695,54.010644133249116,54.010644133249116,75.56129461411804,75.56129461411804,45.009836640747835,45.009836640747835,51.092328686984075,63.41450248732425,31.118879073705425,29.772805222966632,46.34302244267911,49.61087049912329,119.71888787685295,119.6626212334103,14.85630431531222,25.517263822498794,0.30951762432880037,0.38416542487462846,1,False
AP0286,Fusión,6,0.7119218758747416,17.157,16623.22201278218,,1006.1919371420319,9934.713442825427,10144.118490915844,,,1020.0922516182637,1018.4220786842612,0.3318043151612522,0.29376950758946707,-594.6154438654133,-300.3306842258575,294.28475963955583,-115.80292936454008,244.91577409112887,60.24921085956894,62.349635209944445,-195.7135650421401,-245.2305294227361,-0.0,-0.0,-334.0978424193739,-353.1152462052665,58.0,58.0,201.33224915804468,201.33224915804468,23.717640519290303,23.717640519290303,45.03951621576457,45.03951621576457,60.8010672248837,60.8010672248837,85.49498316260701,85.49498316260701,26.484779604569965,26.484779604569965,38.739949115084954,55.24388157285482,31.36780777944119,31.98776498713248,49.634012193389744,50.62855479973551,120.18133925615592,119.39173745937144,19.345435236718213,18.32777266035188,0.23927520246721157,0.34121084953290104,1,False
AP0286,Reducción,0,0.8798501466449975,10.1545,5541.661747082891,1360.0253970100366,987.6907414605739,4400.1024739596905,4416.249017263643,613.1914222792758,613.6011253195305,999.0849461139767,998.931256346152,0.477163218002118,0.46819254502589414,3415.656402763687,3424.3478441816173,8.691441417930491,4400.1024739596905,4416.249017263643,-367.91485336756546,-368.1606751917183,-132.46125155267748,-135.1851951264338,-0.0,-0.0,-261.41839099894105,-265.90372748705295,30.0,30.0,,,,,,,46.84380499655256,46.84380499655256,2.297093520841432,2.297093520841432,,,64.76679057459677,66.22090998298891,29.208555523907695,29.439606815439,30.07788573088469,31.193946726851102,120.33975382486979,120.07256248029374,-5.251675337380058,-4.195077737705817,3.4129637631779657,3.4895903306540874,1,False
AP0286,Reducción,1,0.9774448900618471,2.0025,133.9757315008153,-706.3959096196595,994.3418705526171,248.05855459493483,223.8786556671149,306.2975142814281,235.98415154429793,974.7472699305979,972.9725287909199,0.36398357055991065,0.3525282072611208,-542.4040711786945,-525.4489392336642,16.955131945030303,248.05855459493483,223.8786556671149,-183.77850856885686,-141.59049092657875,-66.02432720790766,-61.349632327940675,-0.0,-0.0,-318.0082147200447,-323.7358963694396,25.0,25.0,,,,,,,0.009344200645740722,0.009344200645740722,0.27146108634194394,0.27146108634194394,,,32.72141645382612,29.248456862897736,25.68312687174479,24.704718122512848,23.440845947265625,25.042090629735434,118.25187744140625,122.50090829662848,-6.020516016160915,2.7481494026121744,,,1,False
AP0286,Reducción,2,0.9799944819531753,1.7627,168.8121673846573,790.3999686979714,1016.5480216027015,345.9445143890316,312.1349726439577,494.5811653039202,398.23634830311784,994.0514553164257,992.7125060510532,0.45862832571810475,0.43105731488332016,-470.98681415316395,-460.1062120750346,10.880602078129357,345.9445143890316,312.1349726439577,-296.74869918235214,-238.94180898187068,-26.8452169420757,-26.176457901961612,-0.0,-0.0,-270.6858371409476,-284.4713425583399,20.0,20.0,,,,,,,6.940634016189169e-20,6.940634016189169e-20,0.04137443810006574,0.04137443810006574,,,9.395401945568267,9.578070396717544,22.812344301011827,20.90172855845816,18.812042079501683,20.28675185084588,123.3512405734592,123.27404763363953,-1.9920925050548821,10.455701605657728,,,1,False
AP0286,Reducción,3,0.9832645954324142,1.5105,411.66696183767795,501.37322980053614,1028.4484500479507,261.2363592609054,253.67778350257558,514.2619831597091,458.35360172459167,1025.520248966356,1025.216754866224,0.5877430319427448,0.5602765118445506,-486.49732082884043,-476.6133330980215,9.883987730818944,261.2363592609054,253.67778350257558,-308.55718989582545,-275.01216103475497,-10.396430888472636,-12.765636211297332,-0.0,-0.0,-206.1284840286276,-219.8617440777247,13.0,13.0,,,,,,,6.940634012149187e-20,6.940634012149187e-20,2.5000598734317064e-18,2.5000598734317064e-18,,,4.816964603278957,8.612546225746584,16.626207503071832,16.022172517974255,6.009099770333079,7.067952942708417,118.51477301586772,120.70810790744432,-7.0828326364963825,1.1618604371708634,,,1,False
AP0291,Fusión,1,0.7531258750536554,19.8584,3180.9015890487854,-1498.8984726041563,1045.45643978989,3499.053679310664,3781.155687231385,,,1070.7594361220467,1069.6576874927105,0.5191993418863776,0.3191378208594009,-667.198401687126,-176.08749515588426,491.1109065312417,-321.99058395471917,314.1498482746066,-3.470291432733781,-2.084722548256052,-92.08687934393355,-138.47121341300706,-0.0,-0.0,-240.4003290568112,-340.43108957029955,31.0,31.0,177.48800710042318,177.48800710042318,21.342069880167642,21.342069880167642,66.3200899759929,66.3200899759929,72.43042424519857,72.43042424519857,103.25643030802408,103.25643030802408,40.18461151123047,40.18461151123047,30.885153023401898,61.558494872795976,31.2312996156754,29.929758945668596,48.93478553252408,49.09958238935968,119.88024819213429,119.65978253406166,18.64641972131649,24.00390002515347,0.18100854818436868,0.3607757350885348,1,False
AP0291,Fusión,2,0.6699455627047362,23.2344,3656.6699288692234,-1879.7165013493736,1060.1859493369657,4152.110687770144,4308.910163677849,,,1051.8693729175297,1051.07449595093,0.5343157929335931,0.34624117017128747,-344.3652345198002,-105.36945237392453,238.99578214587567,12.41428327158156,374.70637942971825,20.286020220464422,21.28566456998557,-134.97311657971449,-165.2317635603439,-0.0,-0.0,-232.84210353320344,-326.87941491435623,36.0,36.0,177.48193799268017,177.48193799268017,21.3310962573902,21.3310962573902,65.74384732633028,65.74384732633028,72.51392019460867,72.51392019460867,103.21142248205236,103.21142248205236,40.27030392208615,40.27030392208615,46.94947938661318,64.39615156631953,30.730950475622105,29.534760146195797,47.985075472608024,48.39208273077026,119.15097822024501,117.12726554456253,18.783799018473985,23.56424791303014,0.27550815742577917,0.37788843018367146,1,False
AP0291,Fusión,3,0.641229235845769,23.343,4409.097539317472,-1830.1249291988324,1070.6737982607908,5158.020845736708,5254.891946676935,,,1064.5009502000057,1063.8828850486786,0.5436534420836151,0.40125312138037894,-303.34697707557467,-118.06777100463043,185.27920607094424,91.54241896481187,373.55888539944897,4.400436178469127,5.177720415051039,-161.86623536173502,-188.18061961039172,-0.0,-0.0,-228.17327895819244,-299.3734393098105,41.0,41.0,177.30557996961807,177.30557996961807,21.309029134114585,21.309029134114585,66.29259110708098,66.29259110708098,72.6091295030382,72.6091295030382,103.14912496899801,103.14912496899801,39.93387945265997,39.93387945265997,50.80359836154514,64.39615156631953,30.85066307502064,29.534760146195797,48.22571497144414,48.39208273077026,120.05361252037814,117.12726554456253,19.020089490693085,23.56424791303014,0.29786900990090565,0.3775641593727627,1,False
AP0291,Fusión,4,0.6379405658955736,23.635,6860.280067691382,-1256.1010604293751,1069.362389811441,6401.19460655385,6466.362807294298,,,1068.4396313806055,1068.0863897312386,0.501938176061791,0.33599733440462387,-333.0893821951778,-154.37763262916428,178.7117495660135,107.482835854196,398.1121382229744,-0.5528843380308791,-0.10864449508293482,-181.7381038433102,-211.12947566043945,-0.0,-0.0,-249.0309119691045,-332.00133279768806,46.0,46.0,177.52400958554963,177.52400958554963,21.34387423467974,21.34387423467974,65.63600061294869,65.63600061294869,72.4754714857602,72.4754714857602,95.26419477409775,95.26419477409775,36.755140458776594,36.755140458776594,50.64125361882202,64.39615156631953,30.995044593995317,29.534760146195797,48.89143256588259,48.39208273077026,119.85066271795742,117.12726554456253,19.470826234915837,23.56424791303014,0.30237361887889813,0.3845026732068288,1,False
AP0291,Fusión,5,0.7017667135234896,21.5966,7462.27495690674,-1614.5010116116355,1058.360528943908,7154.237634936848,7378.165066357529,,,1063.0870494955948,1062.178165007637,0.42652196893995054,0.310059214241401,-242.97182823848632,-75.26222025360101,167.7096079848853,251.228083789567,504.19781629820386,6.178570291468326,7.3215915147916055,-204.38914889056866,-232.56091728836867,-0.0,-0.0,-286.73901553002474,-344.97039287929954,51.0,51.0,177.5445810171274,177.5445810171274,21.32795022817758,21.32795022817758,59.47277292104862,59.47277292104862,57.27488105969552,57.27488105969552,77.64124178764148,77.64124178764148,36.60976969401042,36.60976969401042,52.47721933218149,63.41450248732425,30.276090993444903,29.772805222966632,47.54866739908854,49.61087049912329,120.12091537841265,119.6626212334103,20.18404166560266,25.517263822498794,0.34299464773195504,0.41448146869318464,1,False
AP0291,Fusión,6,0.753653513179566,18.8118,8864.903880213755,-3138.5501078188954,1051.6923744199953,9128.09077211329,9325.153336669156,,,1051.287953235779,1050.654992591775,0.43334485147237595,0.29809688637730936,-462.1639784497727,-262.0537841964066,200.1101942533661,34.412051667974126,344.3436549390219,21.01721878827392,21.813235729052224,-225.0153567432805,-268.0088001542072,-0.0,-0.0,-283.32757426381204,-350.9515568113453,60.0,60.0,177.35530723513443,177.35530723513443,19.34552397174877,19.34552397174877,53.447243376523595,53.447243376523595,74.86336826149926,74.86336826149926,106.57805140963436,106.57805140963436,38.07200558254925,38.07200558254925,46.95952173306728,61.558494872795976,30.743296367798408,29.929758945668596,47.99809680340251,49.09958238935968,119.64971927631399,119.65978253406166,18.927614294512694,24.00390002515347,0.28172451586243846,0.3693082153570323,1,False
AP0291,Reducción,0,0.770506472894079,17.0685,10070.735020541013,952.2304374596297,1039.452630269487,9674.813846063758,9748.93796539886,1629.904777545232,1604.5860918949888,1046.5703432309963,1046.169435093579,0.4791945430403919,0.48434149370019774,8089.1314284297105,8173.5313860210645,84.399957591354,9674.813846063758,9748.93796539886,-977.9428665271391,-962.7516551369932,-124.68524735028518,-132.17409581408006,-0.0,-0.0,-260.40272847980407,-257.82925314990115,30.0,30.0,,,,,,,29.737393805287557,29.737393805287557,20.30890176550123,20.30890176550123,,,61.72105115664902,66.22090998298891,26.92963901285352,27.077269183120745,26.223318345811627,28.24396191596008,119.71586538809316,123.49655420829704,-4.633608247040902,0.043763522275247914,3.3419555344514813,3.58560543715274,1,False
AP0291,Reducción,1,0.9640378161850768,3.1979,482.58120905766975,1041.8908539457498,1014.0803540784038,595.4958015375765,609.5537223065037,489.6330754627117,558.5291137900953,1026.9501874263083,1028.4132224322773,0.4426915307604001,0.524467697232062,-265.18394816121713,-249.45642327725724,15.727524883959887,595.4958015375765,609.5537223065037,-293.77984527762703,-335.11746827405716,-65.59409452454656,-63.474950648914636,-0.0,-0.0,-278.6542346198,-237.766151383969,25.0,25.0,,,,,,,3.00203382954727e-07,3.00203382954727e-07,0.008000730511867006,0.008000730511867006,,,32.66785536545974,31.058176225176236,23.641807868109808,24.569712892271145,28.111677666558162,24.899782792963908,119.70736311848958,119.84183643059798,12.618764644622752,1.8867592448319679,,,1,False
AP0291,Reducción,2,0.9737713305317102,2.3986,708.1885075603041,1017.6064516948445,1005.9786599516852,387.1174655337458,364.55618316783637,346.089016569936,251.12534074138946,1015.2644685427576,1013.8374374692668,0.5878605284545331,0.5260174829088655,-273.6569654199178,-271.0866687386752,2.57029668124261,387.1174655337458,364.55618316783637,-207.6534099419616,-150.67520444483367,-24.399709962148513,-25.324813639290554,-0.0,-0.0,-206.06973577273345,-236.99125854556723,20.0,20.0,,,,,,,9.404406333406832e-25,9.404406333406832e-25,2.1826063036890437e-21,2.1826063036890437e-21,,,11.011318097795758,12.19182219140857,18.945133310953775,17.678742053862948,10.106559388902452,12.628731077821088,123.9895438639323,124.72246948102988,-4.6077876384481895,9.794151502863242,,,1,False
AP0291,Reducción,3,0.9880573575500403,1.1556,,,1016.8031079478881,103.10735927456952,67.58408448482147,255.4117124804879,137.72602929546102,1013.7896470822196,1012.450697816847,0.5839102242359924,0.5257198177632234,-491.7206834815715,-485.2930582206137,6.427625260957768,103.10735927456952,67.58408448482147,-153.24702748829273,-82.6356175772766,-10.88455210902433,-10.449858732950176,-0.0,-0.0,-208.04488788200382,-237.14009111838828,13.0,13.0,,,,,,,9.404406337786098e-25,9.404406337786098e-25,2.1826063047053983e-21,2.1826063047053983e-21,,,5.436578140478454,5.619246591627732,16.792533271979785,14.881917529426119,6.166833397240144,7.641543168584341,120.23048047048317,120.1532875306635,-6.460705519454204,10.44858125648866,,,1,False
AP0295,Fusión,1,0.8737471652637743,11.9163,2666.5215656559535,-1610.181068396434,1062.851979518828,3107.985276292164,3137.772175366696,,,1061.7547183569686,1062.6932375095155,0.5154151099220713,0.34828794248063744,-656.6368305393667,-424.8188510168907,231.81797952247598,-320.33773638636114,19.931187723246826,7.854121792370399,6.673831751039711,-92.61045300748327,-116.31752383256767,-0.0,-0.0,-242.29244503896436,-325.8560287596813,31.0,31.0,178.0114486694336,178.0114486694336,21.31616293589274,21.31616293589274,66.45693384806323,66.45693384806323,72.52799097696939,72.52799097696939,102.95846303304036,102.95846303304036,40.35257937113444,40.35257937113444,31.269820086161296,47.83845725052063,31.166690501004563,29.93340678718908,48.89422486451295,46.22531220056407,119.05004104012654,122.12978608582581,18.547610116893477,20.054105083266972,0.1814756270598677,0.2776323625525744,1,False
AP0295,Fusión,2,0.6687293230477724,23.2057,3598.6511191095983,-2059.528393813731,1079.438073549955,4276.838371772819,4321.499710634875,,,1072.0596028297161,1072.0166958105592,0.4639604572210249,0.31995454872937096,-311.82551358938315,-158.52554592358538,153.29996766579777,116.34170178306209,361.0306935806569,-5.1053926589235,-5.051432409655621,-145.79173342510603,-165.2317635603439,-0.0,-0.0,-268.0197713894875,-340.02272563531454,36.0,36.0,177.98144091356983,177.98144091356983,21.33892624313767,21.33892624313767,66.27698149809972,66.27698149809972,72.42102732615427,72.42102732615427,102.87990854624157,102.87990854624157,40.444966194221564,40.444966194221564,52.49106615771044,64.39615156631953,31.186178711314263,29.534760146195797,48.96317036946615,48.39208273077026,119.4158150378569,117.12726554456253,18.707219972023054,23.56424791303014,0.30487704945257266,0.3740238124836844,1,False
AP0295,Fusión,3,0.6344962805663485,23.1219,5232.877920756186,-1914.6488152705988,1091.9547964756218,5290.959501650818,5230.8710427155975,,,1083.1363625734878,1084.341525118006,0.46589169917455026,0.432525475431253,-230.02308631642,-129.41993433924642,100.60315197717358,243.88294690690202,372.0604167627703,-19.035624322611934,-20.55124746745628,-178.56594058905705,-187.94152345125875,-0.0,-0.0,-267.0541504127248,-283.73726228437346,41.0,41.0,177.87462255084327,177.87462255084327,21.324875895182288,21.324875895182288,66.14809085906488,66.14809085906488,72.44101136222719,72.44101136222719,101.18566681392609,101.18566681392609,40.35353412930928,40.35353412930928,58.4542507595486,64.66485752608135,31.293287199687178,29.211888618652985,49.375568966749235,47.434006150850735,119.4770807199039,119.13952518117422,18.980398963445165,24.01338952222509,0.3409189824732709,0.37714070650318826,1,False
AP0295,Fusión,4,0.6681001665500633,21.4327,6288.72075000908,-1892.3225243421402,1105.0525045472668,6041.65021285513,6059.835658130519,,,1094.6849352706756,1094.3879704137698,0.5559496784818786,0.3495712682962456,-349.055198645068,-220.09075010628993,128.96444853877807,100.59982397334333,358.68915581399733,-33.55921215679175,-33.18574650904239,-184.8203318036307,-211.12947566043945,-0.0,-0.0,-222.0251607590607,-325.21436585187723,46.0,46.0,178.18590806460546,178.18590806460546,21.322205066004543,21.322205066004543,66.44251068331674,66.44251068331674,72.4782799686946,72.4782799686946,103.28761150820036,103.28761150820036,40.37021622894503,40.37021622894503,51.81683228404809,64.39615156631953,31.14665023877425,29.534760146195797,49.25921787132963,48.39208273077026,120.83438596863678,117.12726554456253,19.81134143252338,23.56424791303014,0.30042854571492295,0.37336211636123057,1,False
AP0295,Fusión,5,0.7000554557366834,20.3463,7167.131309837472,-2284.3241421438415,1104.9472831564303,7640.962926107754,7687.248758260784,,,1106.068389358112,1106.0018115183884,0.46126896698498016,0.2926428189069781,-503.83355996254073,-277.89712170755206,225.93643825498867,17.10227866896887,366.90153492182793,-47.875145357393535,-47.79141647345358,-194.4448588676779,-234.07833171048722,-0.0,-0.0,-269.36551650750994,-353.678590546511,51.0,51.0,177.9321990184295,177.9321990184295,21.33493190667568,21.33493190667568,66.42643119616392,66.42643119616392,72.53216990935496,72.53216990935496,100.58094427646735,100.58094427646735,40.389740381485375,40.389740381485375,47.45219452686799,64.39615156631953,31.440074220877584,29.534760146195797,49.68323385533684,48.39208273077026,119.66640558512901,117.12726554456253,18.977421145104543,23.56424791303014,0.2768329399771014,0.3756828559577243,1,False
AP0295,Fusión,6,0.7264602163296898,18.8447,11348.564458028415,-2157.1993562241096,1085.2727301830648,8927.94765330141,8998.308723281327,,,1099.620929851922,1098.6124608767236,0.41916109431893855,0.3473345881823871,-484.2876947151241,-314.86016049477047,169.4275342203536,84.29004017637008,322.6508600662643,-39.76676288444351,-38.498503323423826,-229.14120126759173,-263.4294934298762,-0.0,-0.0,-290.4194528405307,-326.3327059088065,60.0,60.0,182.01068670581725,182.01068670581725,22.309092100722694,22.309092100722694,59.55023401533567,59.55023401533567,60.77738751581894,60.77738751581894,92.47913802544386,92.47913802544386,37.79724319663608,37.79724319663608,48.383337140029454,59.400283384110665,30.2247243612676,31.128475027100713,49.31114332870273,48.66231371460479,119.58514312727587,119.46420082448715,23.11778677592111,18.460341895226,0.2958195571902947,0.36317803951409994,1,False
AP0295,Reducción,0,0.8117444949519184,14.0743,7792.6132418978805,1684.655507563648,1062.0512541639407,8323.92659767788,8321.305659289379,2513.24789625322,2503.183706720687,1069.4134772571276,1069.879610441723,0.27076464290680075,0.5048911259030461,6096.820842135142,6216.637013353232,119.81617121808995,8323.92659767788,8321.305659289379,-1507.948737751932,-1501.910224032412,-131.88776396738706,-132.5524095784381,-0.0,-0.0,-364.6176785465997,-247.55443704847696,30.0,30.0,,,,,,,1.0298563655229427,1.0298563655229427,1.092388477240092,1.092388477240092,,,64.75309277606266,66.22090998298891,29.358457901566112,27.91406167236542,27.785042306278523,26.994630329419447,131.6253554054543,123.16744474719827,-5.604090093459523,-5.316907394631086,82.86107150962633,84.7393587285364,1,False
AP0295,Reducción,1,0.9665690268743412,3.0625,672.5496965433435,911.9124379754958,1042.157733152967,537.1466177518859,477.4539244255377,451.37851194630423,357.73385398584645,1044.186283073501,1043.560810394665,0.45590597680683226,0.48754774919861205,-290.9461821331299,-271.09747969845074,19.848702434679183,537.1466177518859,477.4539244255377,-270.8271071677825,-214.64031239150788,-62.567105843829296,-55.03339105496643,-0.0,-0.0,-272.04701159658384,-256.226125400694,25.0,25.0,,,,,,,0.16629540816378457,0.16629540816378457,0.012644214851894098,0.012644214851894098,,,27.678289481921073,24.098945315923352,28.085338351779516,24.94293346504943,27.620960910373263,24.810037245100663,120.45452452256944,121.12093649382926,-5.793531134795797,0.7207792523878199,,,1,False
AP0295,Reducción,2,0.980092130586415,1.8889,202.49287916598303,921.9909787576235,1045.381225903377,219.79946791084052,226.4566178004042,484.05204091726347,490.38068689276486,1040.391965257389,1039.4322951127788,0.5673843586099699,0.5846196754994204,-530.5382421390277,-516.0789887884902,14.459253350537551,219.79946791084052,226.4566178004042,-290.4312245503581,-294.2284121356589,-20.947089527675082,-17.965456926125526,-0.0,-0.0,-216.30782069501504,-207.6901622502898,20.0,20.0,,,,,,,2.441889185481674e-26,2.441889185481674e-26,3.6107251628926194e-23,3.6107251628926194e-23,,,9.377307685973154,5.575259808249825,17.034838935004338,17.84548928566812,6.744392403496636,8.414517732374138,120.85846774631077,122.33402374608225,-5.708909979154692,-4.444584922529448,,,1,False
AP0295,Reducción,3,0.9841734471248571,1.4767,106.26741463276367,532.046474126375,1056.0795749240972,132.97199926786448,140.10801144819948,423.4909134059837,425.988825928672,1053.3690239202883,1052.6262859674005,0.6623613584028603,0.6627055323112456,-523.338179990962,-516.6865796776434,6.651600313318568,132.97199926786448,140.10801144819948,-254.0945480435902,-255.5932955572032,-10.744735139846332,-9.902486447442406,-0.0,-0.0,-168.81932079856986,-168.64723384437718,13.0,13.0,,,,,,,2.4418891840603066e-26,2.4418891840603066e-26,3.610725160790899e-23,3.610725160790899e-23,,,5.353036264713785,3.328984888250178,16.694991258864047,17.34591864551421,5.801653667887639,7.490292294840374,118.96539435349602,119.62362789603276,-7.803526204971425,-5.9973276150445445,,,1,False
