n_escalones,uplift_fisico_fusion_kg,uplift_fisico_reduccion_kg,uplift_fisico_total_kg,uplift_J_fusion_kg,uplift_J_reduccion_kg,uplift_J_total_kg,reduccion_sn_extraido_adicional_kg,reduccion_feo_reducido_adicional_kg,pct_escalones_con_mejora,support_medio_historico,support_medio_recomendado,Batch,es_lockbox,fold,dist_Fusión_tasa_feed_Carbon_kg_min,dir_Fusión_tasa_feed_Carbon_kg_min,dist_Fusión_tasa_gn_nm3_min,dir_Fusión_tasa_gn_nm3_min,dist_Fusión_tasa_o2_nm3_min,dir_Fusión_tasa_o2_nm3_min,dist_Fusión_tasa_aire_nm3_min,dir_Fusión_tasa_aire_nm3_min,dist_F,dist_Reducción_tasa_feed_Carbon_kg_min,dir_Reducción_tasa_feed_Carbon_kg_min,dist_Reducción_tasa_gn_nm3_min,dir_Reducción_tasa_gn_nm3_min,dist_Reducción_tasa_o2_nm3_min,dir_Reducción_tasa_o2_nm3_min,dist_Reducción_tasa_aire_nm3_min,dir_Reducción_tasa_aire_nm3_min,dist_R,dist_total,rendimiento_proxy_batch,f_metal,f_dross,f_polvo,ley_sn_conc_batch_pct,espesor_ladrillo_norm_mm,sn_cargado_batch_kg,temperatura_media_fusion,frac_carga_secundaria_media_fusion,fecha_inicio_batch
10,-113.45332582223287,24.438214869430922,-89.01511095280195,325.40079754152816,67.29562583953316,392.6964233810613,-31.56552396657193,-70.46058031660868,60.0,0.23189057772935978,0.2559761544460527,AP0001,False,0,0.09688497184053779,-0.09688497184053779,0.7747313305229925,0.7747313305229925,0.8724861326748045,0.8724861326748045,0.017205711070033044,-0.017205711070033044,0.44032703652709193,0.12500711293264022,-0.07443951331125281,0.16635149408321492,-0.031136741086461805,0.1282390304543505,0.11667471442980124,0.1666538724778976,0.11155132707306427,0.1465628774870258,0.29344495700705886,79.91765201995008,0.7991765201995008,0.08263694984335675,0.11818652995714247,41.43282990669513,299.99971591319826,49907.386443483614,1199.8433943567873,7.04913158954446e-05,2026-04-21 18:36:00
10,0.0,0.0,0.0,0.0,0.0,0.0,0.0,0.0,0.0,0.16594734092747215,0.16594734092747215,AP0002,False,0,0.0,0.0,0.0,0.0,0.0,0.0,0.0,0.0,0.0,0.0,0.0,0.0,0.0,0.0,0.0,0.0,0.0,0.0,0.0,73.05531072136027,0.7305531072136027,0.12935509971758247,0.14009179306881472,41.43282990669513,299.99971591319826,49489.247137855884,1309.4844819802286,3.2638419299333144e-05,2026-04-22 03:22:00
10,0.0,101.59325672434717,101.59325672434717,0.0,327.7505930705447,327.7505930705447,-4.399800478143675,-155.74261828243266,40.0,0.24658323496584136,0.2578911017831512,AP0003,False,2,0.0,0.0,0.0,0.0,0.0,0.0,0.0,0.0,0.0,0.22746677071162907,-0.165556969354622,0.23629753829380976,-0.06907525726546912,0.20087815404208,0.0020607978002551534,0.20507219024038612,-0.012984458760208597,0.21742866332197625,0.10871433166098812,79.15175258246624,0.7915175258246625,0.07712140760278896,0.13136106657254842,41.432829906695126,299.99971591319826,50071.225995084955,1267.0349252921192,3.2441315410357124e-05,2026-04-22 12:29:00
10,393.51618038254554,191.63133393014868,585.1475143126942,393.9888274412317,156.14149068651204,550.1303181277437,27.705993084844863,-241.06140793975828,50.0,0.2567503103855109,0.25499945057626344,AP0004,False,4,0.3453995315722114,0.3453995315722114,0.5272017818233836,0.5272017818233836,0.5087356435316278,0.5087356435316278,0.04040996489141794,0.011191854596171953,0.35543673045466023,0.12965863715424406,-0.12550575223978575,0.2912085696692641,-0.046562168231436676,0.2091856489265943,0.2091856489265943,0.05094138217028733,-0.02111501903641301,0.17024855948009746,0.2628426449673788,72.52505027310832,0.7252505027310832,0.12284919932885231,0.1519002979400646,41.43282990669514,299.99971591319826,50407.47014784682,1216.3569351554343,2.62387222673284e-05,2026-04-22 21:08:00
10,49.799802829663946,11.054661497281675,60.85446432694562,2.7206987706306336,124.49620063242696,127.2168994030576,-41.176856110932704,-74.14878950510513,20.0,0.2049782042158827,0.2082963259696883,AP0005,False,3,0.04642045155509664,0.04642045155509664,0.04792126177630434,-0.04792126177630434,0.04259419772632935,-0.04259419772632935,0.035158147107001166,0.035158147107001166,0.043023514541182875,0.07694995807577404,-0.07694995807577404,0.03324422403552487,-0.03324422403552487,0.016556127234495236,0.016556127234495236,0.001780931580544301,-0.001780931580544301,0.03213281023158461,0.03757816238638374,71.60074551166002,0.7160074551166002,0.12240181182456374,0.16159073305883612,41.43282990669513,299.99971591319826,48723.45759162705,1249.450937337607,0.014676235221650857,2026-04-23 05:45:00
9,97.30400826738506,26.460462231192352,123.7644704985774,91.66166809953233,97.98003298138315,189.64170108091548,-15.980576496609359,-49.72682400992598,44.44444444444444,0.26862618261822946,0.27228602876169267,AP0006,False,4,0.09102705591523656,0.09102705591523656,0.08806629049972763,-0.08806629049972763,0.08373219134119607,-0.08373219134119607,0.06517239638198245,0.06517239638198245,0.08199948353453568,0.13283436971481966,-0.13283436971481966,0.19460243704487548,-0.10925963428304641,0.19799226350537902,-0.07013047489199731,0.02748715917842601,0.02748715917842601,0.13822905736087504,0.11011427044770536,73.67015516465584,0.7367015516465584,0.08747735129382754,0.175821097059614,41.43282990669514,299.99971591319826,49795.58125591482,1230.02669141176,1.1348174603105027e-05,2026-04-23 14:40:00
8,0.0,-43.358690001713455,-43.358690001713455,0.0,143.95728961630857,143.95728961630857,-67.63464569732878,0.0,12.5,0.1794361623198632,0.19114341104598956,AP0007,False,1,0.0,0.0,0.0,0.0,0.0,0.0,0.0,0.0,0.0,0.42640225184199393,-0.42640225184199393,0.04540478151423316,-0.04540478151423316,0.11360541421151431,-0.11360541421151431,0.048827052433222044,0.048827052433222044,0.15855987500024085,0.07927993750012043,74.14683229482415,0.7414683229482415,0.08838031171581676,0.1701513653359418,41.43282990669513,299.99971591319826,49049.84223379435,1210.4768121249883,8.27745483211954e-05,2026-04-23 22:38:00
4,0.0,33.80463960737579,33.80463960737579,0.0,300.32323918508405,300.32323918508405,125.05285301176912,140.25463191225657,100.0,0.3302713096920167,0.36358613463922973,AP0008,False,0,,,,,,,,,,0.19722905116617107,-0.007087333931905866,0.2096624262553274,0.2096624262553274,0.1956364543765158,0.19001523018042638,0.12311740190188267,-0.018979746477717514,0.18141133342497423,0.18141133342497423,59.56529046993668,0.5956529046993667,0.21681947670288612,0.18752761859774708,41.80029722790323,299.99971591319826,45648.046639036,1195.196995634653,,2026-04-24 07:23:00
10,647.0454556638362,12.797479609689486,659.8429352735257,785.458345927776,59.13696970490287,844.5953156326789,8.0676352809393,0.0,40.0,0.2424510861185997,0.25168870513655733,AP0009,False,2,0.6204638786226363,0.6204638786226363,0.30567133166891014,0.2684158180295421,0.2890469521663323,0.2890469521663323,0.0705282946261237,0.01041251436110423,0.3214276142710006,0.06037356539063777,-0.06037356539063777,0.018737485126929004,0.018737485126929004,0.05004801474169752,0.05004801474169752,0.10725193464907101,-0.10725193464907101,0.05910274997708383,0.19026518212404223,77.74576970038642,0.7774576970038642,0.07465371759361254,0.1478885854025233,42.415478561836736,299.99971591319826,49688.51977121447,1245.9461460727223,0.5889689319920993,2026-04-24 15:46:00
10,0.0,0.0,0.0,0.0,0.0,0.0,0.0,0.0,0.0,0.10743340920651775,0.10743340920651775,AP0010,False,1,0.0,0.0,0.0,0.0,0.0,0.0,0.0,0.0,0.0,0.0,0.0,0.0,0.0,0.0,0.0,0.0,0.0,0.0,0.0,68.50557650116588,0.6850557650116589,0.12254939092734289,0.19239484406099827,42.415478561836736,299.99971591319826,47940.42176779384,1227.4300561958028,0.599878308490001,2026-04-24 23:48:00
10,82.627323749764,-20.45696901450902,62.170354735254975,58.02890574035973,152.04189170454947,210.0707974449092,29.772519482426254,76.28742809441985,30.0,0.21952339067420787,0.22691841280969055,AP0011,False,0,0.07867701100498715,0.07867701100498715,0.03161174702957959,0.03161174702957959,0.06064146098959405,0.06064146098959405,0.015414617739341602,-0.015414617739341602,0.046586209190875603,0.046338322414582814,0.046338322414582814,0.24864059312066822,0.12020964450230949,0.08418191567398042,0.08418191567398042,0.10092518974610712,0.10092518974610712,0.12002150523883465,0.08330385721485511,65.4900480917299,0.654900480917299,0.16972232057438782,0.1753771985083131,42.415478561836736,299.99971591319826,47265.75618924079,1217.5851416267694,0.5845469354728394,2026-04-25 08:29:00
10,397.96130906317,33.46769706311788,431.4290061262879,725.5854708465577,152.85705026852247,878.4425211150801,61.246608815759004,53.15271400736283,70.0,0.2993265198019893,0.321677195551429,AP0012,False,3,0.38200518774670855,0.38200518774670855,0.7536279676203597,0.7536279676203597,0.7646961302621809,0.7646961302621809,0.11116794327904926,-0.0049003894309134766,0.5028743072270746,0.1272692881118681,-0.07677021566191929,0.18530021454455742,0.18530021454455742,0.15971533047347625,0.15971533047347625,0.07676786581110072,-0.0453410228499585,0.13726317473525063,0.3200687409811626,74.17638638591971,0.7417638638591971,0.08719618006526553,0.17103995607553726,42.415478561836736,299.99971591319826,49077.048163706095,1185.7754967705264,0.5954572472179075,2026-04-25 15:58:00
10,224.5097350164,34.854314913526146,259.3640499299261,388.96963580956344,143.51559611115454,532.485231920718,-45.23193755361887,-127.1016733534956,30.0,0.2445686602960946,0.2582247193956342,AP0013,False,4,0.21754490398182033,0.21754490398182033,0.33710162977538527,0.24903533927565769,0.4152433800926052,0.3315111887514088,0.051747115123721106,0.013425281258260658,0.255409257243383,0.1274437180823628,0.008931843696312662,0.20893183534793675,-0.20893183534793675,0.1322407959148975,-0.1322407959148975,0.09302299582154222,-0.08296082594980164,0.14040983629168483,0.19790954676753392,64.58338515029256,0.6458338515029256,0.1667433657228333,0.18742278277424107,42.41547856183673,299.99971591319826,48207.3573521556,1184.6326861353325,0.5966909974090269,2026-04-25 23:58:00
10,526.406238232244,6.091251660616997,532.497489892861,820.2078979382152,37.21500617171682,857.422904109932,33.25804111881996,45.30588921958358,50.0,0.2770948808971656,0.29334115160801916,AP0014,False,3,0.49587333115384374,0.49587333115384374,0.5925371122875188,0.4541208401121704,0.7432983821647144,0.6581099867120558,0.12320967955128621,-0.04607876395346883,0.48872962628934086,0.0423061611617852,-0.0423061611617852,0.08759531538562866,0.08759531538562866,0.010631486963400539,0.010631486963400539,0.04484929602751951,-0.04484929602751951,0.04634556488458348,0.26753759558696216,72.27735907223597,0.7227735907223597,0.11257718678359688,0.16464922249404343,42.415478561836736,299.99971591319826,49225.84475281727,1181.1546700934723,0.5985012946595948,2026-04-26 08:14:00
10,492.57261489365226,-22.735012335977437,469.83760255767476,469.40319050874473,90.43193836611704,559.8351288748618,19.736040437337017,79.03640340504946,60.0,0.2820314884582794,0.2865313647741387,AP0015,False,4,0.45771824040383496,0.45771824040383496,0.32118410302196393,0.2820645976615429,0.4096826805049494,0.4096826805049494,0.05596433606632668,-0.05596433606632668,0.31113733999926874,0.08339050171184233,-0.08339050171184233,0.11603786286109721,0.11603786286109721,0.057265450087590944,0.03863089137244534,0.13004813076760097,0.13004813076760097,0.09668548635703286,0.2039114131781508,76.89084849130701,0.7689084849130702,0.10379917208483966,0.1272923430020902,42.415478561836736,299.99971591319826,48456.97475661744,1220.8147506373807,0.5948458038544704,2026-04-26 16:09:00
10,711.1782416649309,94.96481963923361,806.1430613041645,487.61539577472695,121.15764180585234,608.7730375805793,-46.25892986708443,-222.28499261360534,60.0,0.27708792324449655,0.26721942205831734,AP0016,False,2,0.6424439254027766,0.6424439254027766,0.1596350947174262,-0.1596350947174262,0.1452170582144513,0.029285112660449624,0.03495912643103031,-0.016731798870164613,0.2455638011914211,0.15064699315411617,-0.1002115367178072,0.22404270721965194,-0.17038780225935532,0.2123334942405931,0.013516137998768316,0.046560947778806414,-0.006444450525468187,0.1583960355982919,0.20197991839485652,73.18325133927344,0.7318325133927344,0.08946414597431734,0.17870334063294818,35.28891372434783,299.99971591319826,45608.23478190104,1213.967825541538,0.5970903544691247,2026-04-27 00:15:00
10,144.33555850038255,-10.949048600656425,133.38650989972612,43.67320529217568,22.842202798674407,66.51540809085009,-19.543593129570738,-7.571441183632154,20.0,0.21642888613431266,0.21308533104386887,AP0017,False,4,0.12879499196000757,0.12879499196000757,0.01955975268021125,-0.01955975268021125,0.0005487991751579081,0.0005487991751579081,0.010781828897197107,-0.010781828897197107,0.03992134317814346,0.028743182015969312,-0.028743182015969312,0.07787644945314944,-0.07787644945314944,0.082913050501741,-0.082913050501741,0.010041958217911219,0.010041958217911219,0.04989366004719274,0.0449075016126681,70.17902842181307,0.7017902842181307,0.0684778123402213,0.22973190344164787,35.28891372434783,299.99971591319826,43686.61241311744,1178.4788045030607,0.6203817618078514,2026-04-27 08:28:00
10,1075.8359356612991,81.13030056138292,1156.966236222682,1129.1068887537238,215.8393517618797,1344.9462405156034,-44.78402697826915,-198.56402926562242,80.0,0.2884707014976157,0.29786970171226174,AP0018,False,4,0.9062584709168541,0.9062584709168541,0.8052435473737422,0.6428934705017388,0.7868823438498129,0.774293918603617,0.12170927400425013,-0.057753288753269884,0.6550234090361647,0.10411734047372351,-0.014394533912326792,0.2593627188043399,-0.2593627188043399,0.18583428444108566,-0.1020867794805507,0.06563831298081103,0.06198308530314782,0.15373816417499003,0.4043807866055774,70.14778707534529,0.701477870753453,0.1386899097774707,0.15983221946907644,35.28891372434783,299.99971591319826,44104.79893395347,1162.8325151548602,0.6366461095576702,2026-04-27 16:47:00
10,588.4778646537309,23.499568426061785,611.9774330797926,593.4355872215233,97.96748250364908,691.4030697251724,-45.812495660641716,-106.19023158229545,60.0,0.27283564142282773,0.27680692325509665,AP0019,False,1,0.5002955673156683,0.5002955673156683,0.2641284645256966,0.2266922365334988,0.3378258193657726,0.2630081690397827,0.06010175442127224,0.018691856030977897,0.29058790140710244,0.16246393630862876,0.008759205237057636,0.13669054070333198,-0.13669054070333198,0.10362210767486832,-0.07005015696629474,0.11233429318617491,0.10900867531720757,0.128777719468251,0.20968281043767673,68.85542078251675,0.6885542078251674,0.09437178171045839,0.2170740104643743,35.28891372434783,299.99971591319826,43650.52199010718,1190.4465858385224,0.6203017455709027,2026-04-28 00:59:00
10,1260.5136360021343,18.068686991491663,1278.5823229936257,1369.5546963902282,91.472409086791,1461.0271054770192,-39.84345523005284,-99.19854918330036,60.0,0.2832982033244647,0.2924204424486344,AP0020,False,1,1.0916695499598537,1.0916695499598537,0.698884363054991,0.5284677353046309,0.603589198366172,0.5423674523368595,0.06257514304666624,0.039749435431235956,0.6141795636069207,0.05463126939766899,0.04267821726180876,0.10674972951894723,-0.10674972951894723,0.14419864558303833,0.03264928655500774,0.07152396191668021,0.07152396191668021,0.0942759016040837,0.3542277326055022,71.49362988104966,0.7149362988104967,0.07676869893964335,0.20829500224986,35.28891372434783,299.99971591319826,42744.06317196997,1139.1142490748966,0.6196261540791163,2026-04-28 08:52:00
10,992.3189564145332,55.208454105585034,1047.5274105201183,691.060947703096,355.4807326744849,1046.5416803775809,-25.89070395866139,-129.6064138606877,100.0,0.46390085217625565,0.4638515656691289,AP0021,False,3,0.883881487763957,0.883881487763957,0.4180039037564079,0.37543015513366895,0.4056625408593704,0.4056625408593704,0.14209657701723408,-0.021306581458093887,0.46241112734924233,0.14696669673869545,-0.02934080836418613,0.2926203229066122,-0.20824863284247908,0.28564670195942443,-0.1619240728325521,0.1097805772025616,0.0391486773207518,0.20875357470182343,0.3355823510255329,71.54015202378017,0.7154015202378016,0.10428212462251149,0.18031635513968697,35.28891372434783,299.99971591319826,43965.99252446615,1184.0442043784049,0.48620184977987424,2026-04-28 17:01:00
10,1059.7962518078532,3.8718271039777648,1063.6680789118311,1061.0281645155765,506.5407231975038,1567.5688877130801,-21.740750274904272,-26.669510693425565,90.0,0.413912055423063,0.43910709586312546,AP0022,False,2,0.9374990188553981,0.9374990188553981,0.5903156950684146,0.5903156950684146,0.4718605705972248,0.4718605705972248,0.17615949088073068,-0.014426388612139213,0.543958693850442,0.10351691144974698,-0.10351691144974698,0.15367239302129682,0.027950319769565662,0.12084863962867906,0.06847762967465448,0.18788495904370386,-0.18788495904370386,0.1414807257858567,0.34271970981814937,57.762105962367876,0.5776210596236788,0.15524928539727031,0.2671296549790508,35.28891372434783,299.99971591319826,45032.55354828112,1173.838405441427,0.49703650706909375,2026-04-29 00:38:00
10,1711.3278945666868,43.1999638867388,1754.5278584534258,1750.7663101648586,492.08536074642154,2242.85167091128,157.0286572575776,212.71128902214596,100.0,0.3848629630775172,0.40927915370041,AP0023,False,0,1.5039255537483722,1.5039255537483722,0.3248524840494857,0.2623901185058743,0.6137175982561031,0.6137175982561031,0.09614693685217778,-0.038338048894528,0.6346606432265347,0.22543964650497914,-0.22543964650497914,0.504632240381066,0.504632240381066,0.3317745760778755,0.3317745760778755,0.14040345320968517,-0.14040345320968517,0.30056247904340144,0.4676115611349681,73.71980227073506,0.7371980227073506,0.07479701333866365,0.18800496395398575,34.73982860413044,299.99971591319826,43299.88815232649,1170.6939436827236,0.493087396639473,2026-04-29 09:40:00
10,1124.0898625891978,86.48479793675375,1210.5746605259515,1677.8263293548305,332.47597492745115,2010.3023042822817,-16.924310189192056,-162.20363986162067,100.0,0.34229182051922635,0.3822782027070429,AP0024,False,2,0.9871950632444896,0.9871950632444896,1.009472986622055,1.009472986622055,0.550120590828788,0.550120590828788,0.15478784145896154,-2.3357848055717556e-05,0.6753941205385735,0.12229849932049562,-0.041674726865795084,0.24340188103298313,-0.21968151320940169,0.2383737081648594,-0.08223691058756095,0.05409371507761995,0.040378709084954424,0.16454195089898951,0.41996803571878155,69.97752808840514,0.6997752808840514,0.09847890920794468,0.20174580990800395,34.73982860413044,299.99971591319826,44941.30047933872,1230.4594276320875,0.5033261970245505,2026-04-29 17:18:00
10,629.9913891703125,-240.1040119859079,389.8873771844045,381.0924902557492,801.0347259628332,1182.1272162185824,-34.668965242485996,347.3029792698021,80.0,0.32649753379614166,0.3661095257478506,AP0025,False,4,0.5583052817449367,0.5583052817449367,0.19054246087172053,0.19054246087172053,0.12370466609772,0.12340300448463103,0.08769713425033915,0.029260913659846472,0.2400623857411791,0.36059352434159897,-0.11844623615953333,0.5130405693254163,0.31745533680436805,0.11978036557435306,-0.032564295822108597,0.26641070704894537,-0.26641070704894537,0.31495629157257843,0.27750933865687877,71.64213374701936,0.7164213374701935,0.08047182239334534,0.203106840136461,34.73982860413044,299.99971591319826,47044.11865805386,1229.2390262620386,0.5017354479484737,2026-04-30 00:49:00
10,974.8587996864607,52.77309844191535,1027.631898128376,796.8062410680282,1010.6181973113587,1807.4244383793869,238.13863337313182,311.6156949194162,80.0,0.3307426542845006,0.36973228129705116,AP0026,False,0,0.8653233323467374,0.8653233323467374,0.07603061963308791,-0.006846390120326643,0.29769663030911403,0.29769663030911403,0.19112693790942495,0.18555886391348306,0.35754438004959105,0.3732337099418388,-0.08646736497577721,0.6806353457989549,0.6806353457989549,0.5873699961887724,0.5873699961887724,0.03518780429741403,0.033667726167909334,0.41910671405674504,0.3883255470531681,74.97094771520791,0.7497094771520791,0.06748106245890709,0.1828094603890138,34.73982860413044,299.99971591319826,44534.06945238459,1207.7796165929892,0.47727937514076174,2026-04-30 08:56:00
10,1814.862515934058,9.76037839940926,1824.622894333467,1573.7476665536606,284.74861415438363,1858.4962807080442,21.031421327906685,30.04747658103058,100.0,0.45936662862114536,0.46106029793987424,AP0027,False,1,1.6355804069127815,1.6355804069127815,0.5535920336877381,0.4762246126936138,0.33005801207166896,0.33005801207166896,0.18480201414959782,0.18480201414959782,0.6760081167054467,0.14120444543925625,-0.11104540550519121,0.2461549649566104,0.08874462172452813,0.293380020276805,0.1275403172968209,0.062276964622845196,-0.01402734015814415,0.1857540988238792,0.43088110776466293,69.86460301210657,0.6986460301210656,0.11648692833651526,0.18486704154241906,34.73982860413044,299.99971591319826,44768.58694228547,1171.041769911373,0.5033514782905039,2026-04-30 17:13:00
10,516.4200342785327,24.562603004700605,540.9826372832333,441.4754881825452,141.50913861414278,582.984626796688,-74.27811662003262,-141.65789748477414,90.0,0.4180967503353849,0.4201968498110576,AP0028,False,2,0.5549988178339132,0.4693264625219464,0.13399671965013701,0.05948569237140091,0.19600388084237233,0.19600388084237233,0.06631184694506674,-0.04911358303487223,0.23782781631787234,0.11567315456177599,-0.11567315456177599,0.14416721357814505,-0.14416721357814505,0.10251666419895361,-0.06932719247291874,0.0710279272701336,-0.05082923060659625,0.10834623990225206,0.1730870281100622,66.29014116195945,0.6629014116195945,0.09901552951796164,0.2380830588624438,36.50794218065217,299.99971591319826,46868.47628560724,1222.8230532164794,0.49515441350451184,2026-05-01 00:37:00
10,1268.1733989381976,56.78497654560347,1324.9583754838013,1071.9923751453564,167.43744821748555,1239.429823362842,78.27130976333663,28.85952009738986,100.0,0.47076079444049546,0.46648436683444744,AP0029,False,3,1.2137959089270354,1.2137959089270354,0.21224836306841166,0.11537458987249827,0.10592609316122543,0.0641285107917816,0.09502965507645218,-0.004526917668190693,0.4067500050582812,0.10783765882293063,0.02124792392717519,0.09922285490103404,0.05214946769920807,0.08015412090178174,0.0745700049314522,0.11684504376654697,0.024484868623481364,0.10101491959807335,0.25388246232817724,67.01348465735106,0.6701348465735105,0.13597310097861837,0.1938920524478711,36.50794218065217,299.99971591319826,47033.96086615212,1171.500055006117,0.48514221148580755,2026-05-01 08:23:00
10,1082.3670080717463,9.2426757777416,1091.609683849488,787.4860978065396,202.40907996160195,989.8951777681416,-34.66685413374398,-62.467439406450126,70.0,0.36506150243347885,0.35997577712941153,AP0030,False,0,1.0479436318786222,1.0479436318786222,0.21308344763967593,0.1801663059677923,0.15588292014669183,0.15588292014669183,0.12713339772200358,0.12713339772200358,0.38601084934674834,0.130077740933839,-0.0680057330872519,0.23121830593213766,-0.10304808491771766,0.1799588526907714,-0.01971407395842878,0.20125976968970413,0.20125976968970413,0.18562866731161307,0.2858197583291807,71.22694488104591,0.7122694488104591,0.11313579618065882,0.17459475500888216,36.50794218065217,299.99971591319826,46210.170386769634,1200.6725026973368,0.5071505179773503,2026-05-01 16:09:00
10,684.4435843003664,13.408677995995745,697.8522622963621,545.129628012086,475.74004330974,1020.869671321826,-36.35627164891455,-72.54393843129832,90.0,0.4091900930637845,0.4253409635150575,AP0031,False,4,0.622342435994478,0.622342435994478,0.2736006731442379,0.23448116778381467,0.3996948827248806,0.3996948827248806,0.14164957352766863,-0.14164957352766863,0.3593218913478163,0.10106153072239234,-0.02505833292976286,0.21855389142520001,-0.1545467893538282,0.2189438772621036,-0.1230475358020671,0.289718073460894,-0.1746760951280091,0.20706934321764747,0.2831956172827319,64.60847930118547,0.6460847930118547,0.16305205148397867,0.19086315550416652,36.50794218065217,299.94958435208713,45071.24700106346,1147.6379952004424,0.506473646381871,2026-05-02 00:31:00
10,1340.2315281865829,-29.630200255813854,1310.6013279307695,1282.345888809449,256.27331225740727,1538.6192010668562,18.362092654055232,81.82642679767588,90.0,0.42200270874084944,0.43340360239765385,AP0032,False,1,1.3133621099299586,1.2258964574851416,0.2726593484410556,0.16933815922804815,0.3538516898429753,0.29322599451387005,0.1724290432393575,-0.025196845357660477,0.5280755478633368,0.027722468921179,-0.018754796267704904,0.17591112683870994,0.05425356223686754,0.0763635935265595,-0.05681893808112521,0.2190616737171986,-0.14010237092990258,0.12476471575091176,0.32642013180712426,72.28606164433323,0.7228606164433323,0.1287781160854454,0.1483612674712223,36.50794218065217,299.94958435208713,46085.838637959234,1126.893247338052,0.49500235700517686,2026-05-02 08:02:00
10,665.1859465098559,-10.989485010082957,654.196461499773,680.0462377971301,438.2642766807253,1118.3105144778553,68.9585699160869,170.3495555429619,80.0,0.3551292060030387,0.37833490865194286,AP0033,False,0,0.6394280744699402,0.6394280744699402,0.11709158012920307,0.09428868007371571,0.21694815726486802,0.21694815726486802,0.12582746771461148,0.020900065662191786,0.2748238198946557,0.26890224068839935,-0.26890224068839935,0.3500237425474467,0.3500237425474467,0.26333944501810713,0.26333944501810713,0.13060189935707928,-0.10110474857326097,0.2532168319027581,0.26402032589870694,70.20180396607145,0.7020180396607145,0.11390270235222259,0.18407925798706287,36.50794218065217,299.94958435208713,43996.28338187651,1169.553806488988,0.4933019850182806,2026-05-02 15:28:00
10,833.9924180376969,180.7160167958943,1014.7084348335912,545.8288341297721,405.73031252900137,951.5591466587734,109.71533498393057,-123.69521810984824,90.0,0.4353858168167332,0.4322283524079924,AP0034,False,2,0.8016457970378542,0.8016457970378542,0.2033098313197533,-0.09466965690957907,0.300391082786358,-0.12184195075438287,0.1102384723137515,0.03879118195480677,0.3538962958644293,0.2748396477187938,-0.03257243492118542,0.09131291085731463,-0.09131291085731463,0.03375213067100895,0.03375213067100895,0.023112399724746185,-0.023112399724746185,0.10575427224296591,0.2298252840536976,73.4113115470715,0.7341131154707151,0.12387564206811426,0.14201124246117072,36.50794218065217,299.45442019543805,45119.977017478595,1189.9684182012775,0.5013671251647364,2026-05-02 23:09:00
10,1537.6227788190095,-7.034676867161156,1530.5881019518483,1382.2956880022475,466.63172381533116,1848.9274118175786,-79.33157706910347,-102.5352421527366,100.0,0.4141389710657181,0.4300559365590047,AP0035,False,0,1.4967616629246956,1.4967616629246956,0.2593669410559825,0.09499137624714776,0.17553057454278306,-0.08534313984051219,0.15826171728678406,0.10117887684271869,0.5224802239525613,0.39771721698141593,-0.036388067577010824,0.3866396503239596,-0.3866396503239596,0.2807514910628039,-0.279621330594201,0.23989577962992797,-0.1331911139912021,0.32625103449952686,0.4243656292260441,72.33746690454569,0.7233746690454569,0.07636525894527674,0.20026007200926638,38.87376026625,299.3443837161827,48802.54447751715,1192.1258921358938,0.5070480951262052,2026-05-03 06:22:00
10,850.0312915629561,106.72481927465881,956.756110837615,1024.8168428978965,952.7920993839173,1977.6089422818138,216.22200807785092,157.1361043310385,90.0,0.3605160230576432,0.4115586646298531,AP0036,False,1,0.8245927637957605,0.8245927637957605,0.3830737731143434,0.34563754512214556,0.23946316941804976,-0.19805179528415287,0.109367365468027,0.08722506244631506,0.38912426794904514,0.12335960191426322,-0.016011929071018182,0.6212996550355374,0.6212996550355374,0.5886008738284404,0.5886008738284404,0.09276153241238078,-0.007080429058625146,0.35650541579765543,0.37281484187335034,64.53171549490077,0.6453171549490078,0.15123373553766578,0.20344910951332648,38.873760266249995,299.3443837161827,47913.50394456723,1153.4192882208317,0.4824616245545836,2026-05-03 14:03:00
10,367.50060585817494,-5.856263416295096,361.6443424418798,335.49881933256097,151.04442607635565,486.5432454089166,-1.7427610277705696,21.983824779818434,50.0,0.24085135286271314,0.247096298011065,AP0037,False,0,0.36092041534325436,0.36092041534325436,0.17821302450150392,-0.17821302450150392,0.07109392376469081,-0.0699933626969138,0.03222981326332661,-0.03222981326332661,0.16061429421819393,0.112316894854292,-0.112316894854292,0.11826370157269533,0.015222356149465023,0.07316558918677195,0.021010067175739812,0.12838911438225217,-0.028274697615439714,0.10803382499900285,0.1343240596085984,69.07773087261799,0.6907773087261798,0.11741428656840777,0.19180840470541224,38.87376026624999,299.3443837161827,37924.34090018513,1146.1126874279219,0.6834816866468775,2026-05-03 21:48:00
10,1007.834167414476,43.38075182581344,1051.2149192402894,889.3795412499853,746.7922141081458,1636.1717553581311,-78.40653063741081,-204.10258827963963,100.0,0.3833223693736178,0.41257021117950987,AP0038,False,2,1.023306541275187,1.0000035968358354,0.49424910056718635,0.25824507917326867,0.31550995321113307,0.22126596497665377,0.13834142960148413,-0.04191955340787209,0.49285175616374766,0.14808384924879514,0.06908284662891997,0.5245742835956884,-0.5245742835956884,0.41806904094160313,-0.4169437230516551,0.4097323258569131,-0.4097323258569131,0.3751148749107499,0.4339833155372488,70.54828998984121,0.7054828998984121,0.09009885945384016,0.2044182406477476,38.873760266249995,299.3443837161827,47386.20083151031,1188.3979576066745,0.4916272200594009,2026-05-04 05:30:00
10,809.1150529708873,18.48419215839374,827.5992451292809,583.8710835766165,187.48764382244156,771.358727399058,37.582256545652385,41.452988368941575,70.0,0.40570573433353274,0.40289370844702166,AP0039,False,0,0.8195376880903953,0.8195376880903953,0.5013266939511385,0.13859978900990053,0.26243757212162017,0.05734152673264642,0.17766003701335584,-0.17370812685480166,0.44024049779412744,0.13648009003442266,-0.10048025884684572,0.08641593123499722,0.08641593123499722,0.12213665273444693,0.10293492515829619,0.15959982580900792,-0.13119492481396608,0.12615812495321868,0.28319931137367305,67.8520960145846,0.678520960145846,0.153290372150204,0.16818866770394997,38.986349541176466,299.3443837161827,49848.989936037025,1114.4528813543127,0.4700006938542028,2026-05-04 12:57:00
10,507.9499673689415,18.342461486336415,526.2924288552779,541.2088585736531,17.389388444874157,558.5982470185272,22.436073294181142,1.5244328965252123,70.0,0.43452093735635733,0.4361362282645199,AP0040,False,1,0.5228641478582837,0.48664608927637015,0.488844252338048,-0.488844252338048,0.4329869596921887,-0.4329869596921887,0.1256886635111761,0.04344859515110589,0.3925960058499241,0.03683688997117043,0.03683688997117043,0.049078895488416326,0.002859575378575563,0.031009694243089525,0.031009694243089525,0.0431171320942811,-0.0431171320942811,0.04001065294923935,0.21630332939958175,70.94745298054326,0.7094745298054326,0.10942057836561439,0.18110489182895298,38.986349541176466,299.3243570767365,46957.081529894815,1175.1829618694335,0.4489274176811994,2026-05-04 20:45:00
10,646.9362348681456,5.17188768656019,652.1081225547057,618.0003807695653,276.47713356174245,894.4775143313077,-16.2966526025736,-25.984877948736276,90.0,0.448295511959463,0.4604139815482931,AP0041,False,0,0.7230523330338668,0.6530212576032816,0.3189338553986005,-0.3189338553986005,0.2480990669899978,-0.04281888884620425,0.12766788399998075,-0.07918204322936878,0.35443828485561146,0.127653469936261,-0.06192320468712152,0.3196053898385038,-0.06728926964797075,0.206526411818498,-0.04063912377956019,0.31089473419540914,-0.31089473419540914,0.241170001447168,0.2978041431513897,72.81941645167599,0.7281941645167599,0.09923909863338186,0.1725667368498582,38.986349541176466,299.3003251094009,48006.294274804924,1124.4209916719813,0.4722292646571441,2026-05-05 04:15:00
10,511.96436606758397,124.58468046560424,636.5490465331882,275.867959286566,250.34823137727835,526.2161906638444,-56.96794052465947,-247.88747878704746,90.0,0.4533236612395558,0.44780701844608856,AP0042,False,4,0.5214991420414318,0.5214991420414318,0.27727572237243764,-0.27727572237243764,0.07772463936413665,-0.03927838939714506,0.2700357152790706,-0.2700357152790706,0.2866338047642692,0.24362041804611922,-0.24362041804611922,0.31858635995296913,-0.31858635995296913,0.204244064721166,-0.17067486754432445,0.12329132571192822,-0.03288692083903026,0.22243554210804564,0.25453467343615743,74.22791691922325,0.7422791691922324,0.09897437072513515,0.15874646008263243,39.34664743058824,299.3003251094009,47896.031841406904,1107.361542785554,0.4719101172303226,2026-05-05 11:42:00
9,244.55665066967552,59.15222489642636,303.7088755661019,192.39381396827275,408.23060524711605,600.6244192153888,-133.06414722590745,-286.77187873236693,100.0,0.448757132331767,0.46525244031228297,AP0043,False,3,0.3765224866388491,0.28612233511725965,0.3726734510905051,-0.3726734510905051,0.22975718309291696,-0.22975718309291696,0.1936061293379719,-0.01920102427382055,0.2931398125400608,0.2029222283851936,-0.17553678948134857,0.32080803657754553,-0.32080803657754553,0.2577344715855304,-0.22462221711653996,0.07119316364693783,0.06763130048584985,0.21316447504880184,0.2531521437944313,73.85536826897214,0.7385536826897215,0.08863341320041944,0.17281290410985906,39.34664743058824,299.2193873309356,48456.80248908197,1152.0294437098908,0.4628083623886631,2026-05-05 19:04:00
10,797.7256624251767,99.384198828287,897.1098612534636,1178.7874728985662,350.85044716913706,1529.6379200677034,51.55925826071743,-43.01406341414713,100.0,0.44744931173585656,0.4790757146765685,AP0044,False,4,0.8108375784771956,0.8108375784771956,0.5722846794999791,-0.502169079626519,0.6534800316005055,-0.5325236040260468,0.24222214985812518,-0.05192490593732418,0.5697061098589513,0.23569221153038003,-0.23569221153038003,0.19763426851338833,0.14181025512982826,0.20864685084592707,0.20066300525354971,0.14804751148489279,-0.0379857689480145,0.19750521059364706,0.38360566022629916,68.36797693655916,0.6836797693655916,0.0724918244135349,0.24382840622087357,39.34664743058824,299.00355325502835,49041.60794245892,1132.3181215785896,0.48356483575765236,2026-05-06 02:36:00
10,1160.8899189459307,67.93298746560953,1228.8229064115403,1196.8687353920068,1576.564326196623,2773.43306158863,58.636279513509976,-21.80614836758059,100.0,0.33441957457917043,0.41165008233802486,AP0045,False,3,1.0775769495990446,1.0775769495990446,0.5486004000752772,0.06095759335674781,0.24602982150745648,-0.1452249842186543,0.330703754065314,0.012380630751557986,0.5507277313117731,0.4017439521929449,-0.11194960863247197,0.5868777860362188,0.1794021378176241,0.3005867858736508,-0.20824419428721933,1.0965287696029031,1.0965287696029031,0.5964343234264293,0.5735810273691013,70.620289548631,0.7062028954863101,0.09644832666303656,0.19734877785065336,39.34664743058824,299.00355325502835,49673.02338899185,1109.5011433360066,0.4796757908419216,2026-05-06 10:18:00
10,206.17931845085704,-29.18004919317047,176.99926925768656,818.367707540606,187.01211742255327,1005.3798249631593,-101.7388200757479,-100.46279737749285,90.0,0.43130532202049804,0.47272434980577166,AP0046,False,1,0.49909661439299224,0.19829436593774855,0.4341257217679378,-0.4341257217679378,0.8142587158227546,-0.813156441829698,0.10290569967065687,0.02169929245025248,0.4625966879135853,0.07423895368155176,-0.07423895368155176,0.20555532288454714,-0.20555532288454714,0.17166343394073763,-0.17166343394073763,0.01937088518569419,0.018443531794748846,0.11770714892313268,0.290151918418359,72.0754188691322,0.7207541886913221,0.0988854105005467,0.1803604008081311,39.42041042222222,298.8325729453633,49809.12058602306,1159.4071347211614,0.4761641513492082,2026-05-06 18:03:00
10,842.2560240714661,4.187156662100056,846.4431807335662,1135.903752550272,257.43347103785106,1393.337223588123,-64.80613904879627,-99.08233815712394,100.0,0.41950456504404493,0.4468492671867727,AP0047,False,1,0.8300023547776029,0.8300023547776029,0.7707965768620063,-0.7287280126269211,0.7732101890596143,-0.7142551939272547,0.20009738590832357,-0.027751094192742177,0.6435266266518868,0.10135888915933464,-0.0987537285523204,0.24562743920943753,-0.14210461847616587,0.3098685764197487,-0.057079675043808384,0.05303359351514576,0.041122867198896046,0.17747212457591666,0.4104993756139017,68.62511041569327,0.6862511041569327,0.10909666343066265,0.20465223241240474,39.42041042222222,297.1227698487127,49716.45075337665,1131.0062768537275,0.47766906921526325,2026-05-07 01:40:00
10,549.926895106977,34.42849187281744,584.3553869797944,396.83509227944046,625.8144643445426,1022.649556623983,148.3697792564003,159.97467304283944,90.0,0.3257667186457006,0.3476814271279099,AP0048,False,2,0.5614517575221596,0.5614517575221596,0.25484630722093954,-0.05452224918254169,0.2174872386567516,0.1442264630869128,0.15454898964158958,-0.15454898964158958,0.29708357326036006,0.14890081201279698,0.14890081201279698,0.2737448549647464,0.1662568079737244,0.08695349476974638,-0.004490467707244995,1.0801316523750766,1.0801316523750766,0.39743270353059157,0.3472581383954758,65.9167013299936,0.659167013299936,0.13922374538743953,0.20160924131262445,39.42041042222222,297.1227698487127,50225.25068178796,1126.1507652885975,0.48664874397643054,2026-05-07 09:53:00
10,132.9163381279796,-62.26636014443979,70.64997798353984,231.91402342050378,777.8372789457833,1009.7513023662871,-68.67285166071736,-5.199964849981274,100.0,0.35913050077559355,0.4060855669947309,AP0049,False,0,0.5421513624860578,0.13886527106405847,0.2924585728635328,-0.15523530874532473,0.2417262704283779,0.024321626621472147,0.11769917254948785,-0.10509849327121513,0.29850884458186405,0.2792008812454061,0.011243417437023513,0.2929697149259668,-0.2685433669182446,0.5952395976390543,-0.4050986009074085,0.3718046558217599,0.355194029507001,0.3848037124080468,0.34165627849495545,68.82755232596378,0.6882755232596377,0.11484335082920227,0.19688112591116,40.70906441,297.1227698487127,48659.22290100346,1135.5953375090521,0.4922395079579573,2026-05-07 17:37:00
10,566.7951347444099,-24.668205900244267,542.1269288441657,562.8033726177887,470.86096981999685,1033.6643424377855,-36.03468787352227,-10.12422775503957,80.0,0.285592801460474,0.31016967214015506,AP0050,False,4,0.5483882058938608,0.5483882058938608,0.34164519198191656,-0.34164519198191656,0.2816212213032067,-0.2805236229528903,0.15292248905780645,-0.041125089021238743,0.33114427705919763,0.04861173339048459,-0.027905262733526087,0.1616050153050904,-0.16156761719158383,0.24963529748111626,-0.24963529748111626,0.5217654282339176,0.5207803601304023,0.24540436860265222,0.2882743228309249,66.69978681150528,0.6669978681150528,0.08379619820485104,0.24920593368009616,40.70906441,293.9999988358249,47949.41052964603,1135.5728786061761,0.5053588331986504,2026-05-08 01:25:00
10,554.0669539069369,40.520359301071686,594.5873132080087,416.2757729548631,574.925685650482,991.2014586053451,-62.24119961855524,-162.03742883805842,100.0,0.4362140529105118,0.45604476018037843,AP0051,False,3,0.5710197195433208,0.5710197195433208,0.1708517492186197,0.08570425197313965,0.19331399198236465,0.18775978293649967,0.16169890106103577,-0.11557611149310199,0.2742210904513352,0.10293563975867236,0.033380028882730145,0.4582230938034702,-0.4582230938034702,0.4426737192896155,-0.4426737192896155,0.123468276136142,0.09988384465131653,0.281825182246975,0.2780231363491551,67.12126740583344,0.6712126740583344,0.15446091393663625,0.17432641200502935,40.70906441,293.9999988358249,50229.2406262066,1143.9032091828105,0.4749760621363374,2026-05-08 09:35:00
10,882.5729906917935,-30.49525940435122,852.0777312874424,518.6821259407302,947.1919457531228,1465.874071693853,130.74538070011116,284.13433407662995,90.0,0.3352231859609291,0.3659130029812497,AP0052,False,3,0.7997196808149513,0.7997196808149513,0.31880925624778866,-0.31880925624778866,0.13465281088945794,0.07246100396082851,0.16019221350155752,-0.13742192601756623,0.3533434903634388,0.18261165595389856,-0.18261165595389856,0.5596634907145411,0.5596634907145411,0.32860839621582477,0.22109262987542327,0.15743666927496333,-0.13503968009472803,0.30708005303980695,0.33021177170162286,76.92483109701323,0.7692483109701322,0.04628102046099617,0.1844706685688716,40.70906441,293.9999988358249,45033.89922475585,1139.7665347183754,0.5177643024445969,2026-05-08 17:23:00
10,352.722836798347,109.2385154659998,461.9613522643468,536.7738660828161,665.7664155665,1202.540281649316,49.87918811518105,-97.37761120014176,90.0,0.42039116210073135,0.4574201085699798,AP0053,False,3,0.3852250835719797,0.36139775575662325,0.3775651796752341,0.1994095720842998,0.19993217441966582,-0.07463879440248594,0.21956903542552217,0.022416128531262302,0.2955728682731005,0.09754936673207597,-0.04839058221861887,0.4105064945896194,0.015609701676625246,0.3757444948199387,0.013820816780302336,0.09811050081767687,-0.06771461310640152,0.24547771423982775,0.2705252912564641,65.16159742922527,0.6516159742922527,0.1430453457606558,0.20533867994709148,40.70906441,292.8576265613832,52243.109506981666,1134.0760999035713,0.5736670947691336,2026-05-09 01:19:00
9,313.93164555158245,94.84374146862457,408.77538702020706,481.61492759476687,116.26912860474044,597.8840561995073,7.831263925709237,-119.78461327827313,100.0,0.4691237989801233,0.4796298361567509,AP0054,False,4,0.40892882925688845,0.3832508516283014,0.4077436178406497,0.30349828379644417,0.22600490908807241,0.21676599385693618,0.20494339564075864,-0.20494339564075864,0.31190518795659233,0.17525011162839882,-0.12483962123125392,0.13048892430443731,-0.02938189730073372,0.06271500596346452,0.03173030013114017,0.04244910770879098,-0.014772743379840293,0.1027257874012729,0.2073154876789326,70.42641897917086,0.7042641897917087,0.12036679317143814,0.17536901703685318,40.70906441,292.8576265613832,50828.33309744241,1119.507826153576,0.5692923813135609,2026-05-09 09:42:00
10,350.57185202659485,69.68034737709068,420.2521994036855,332.223184487186,495.3682365251648,827.5914210123508,59.77665638955607,2.5685704324059913,90.0,0.4079606460946016,0.42832760717503493,AP0055,False,2,0.4955958013801445,0.34956783412626313,0.29885991279028473,-0.29885991279028473,0.31997270249312715,-0.023450817153672587,0.16674709562277915,-0.07418737397736729,0.3202938780715839,0.16761598259904692,-0.16761598259904692,0.28914054955446516,0.22170101412029047,0.18177122020419018,0.18177122020419018,0.0705684782846737,-0.0705684782846737,0.17727405766059398,0.24878396786608892,65.26264948798122,0.6526264948798123,0.16868606193689176,0.1786874431832961,40.70906441,292.8576265613832,51179.56228802886,1133.83852116211,0.5706015091135562,2026-05-09 17:09:00
10,686.1915583666271,27.476576572600127,713.6681349392272,452.9137711326355,336.7893607751848,789.7031319078203,31.234535962299276,27.997072544910793,80.0,0.44583287617652856,0.4496346260249581,AP0056,False,2,0.7428414809912923,0.6818430698806631,0.27005377736879044,-0.27005377736879044,0.1087445221349599,-0.07519831000640526,0.14174037131997075,-0.13065842218181062,0.31584503795375335,0.15292241112276492,-0.15292241112276492,0.19212645836150388,0.19212645836150388,0.07953400188890541,0.01423812503157798,0.1831063565071257,0.1831063565071257,0.15192230697007497,0.23388367246191416,65.00749152489105,0.6500749152489105,0.14093911807104323,0.20898596668004624,40.70906441,292.8576265613832,51460.05880806053,1118.173516877149,0.5666953798425841,2026-05-10 01:00:00
10,385.18345739463933,125.04382447224958,510.2272818668889,331.4073476039167,246.30492940682007,577.7122770107368,37.280884890008906,-140.6978899167579,100.0,0.4623341538862582,0.4657084036434506,AP0057,False,2,0.4403981982031741,0.3741076200612882,0.367279184845871,-0.28693328360022236,0.3210533694654888,-0.2605302630880518,0.14703694230717992,-0.14703694230717992,0.31894192370542845,0.2700035710336318,-0.09440166017423632,0.13292472000717848,-0.049701101707451484,0.08063819413125067,0.08063819413125067,0.05824720045592167,0.012022401006431826,0.13545342140699565,0.22719767255621204,68.84337282400334,0.6884337282400333,0.12945259268201362,0.1821136790779531,40.70906441,292.8576265613832,50265.77445305768,1157.3252755142782,0.5641191010472292,2026-05-10 09:15:00
10,962.5313224032571,-287.6018038826536,674.9295185206034,389.56905161913596,1615.6348395520206,2005.2038911711566,20.701032534332796,465.86215143131847,100.0,0.3786548691393362,0.44516858777186386,AP0058,False,4,0.8480445247919155,0.8480445247919155,0.204291661590127,-0.13417606171666693,0.1454566990213738,0.08432799422616978,0.11191493945212953,-0.08917287032500631,0.3274269562138864,1.2223037091939895,-0.06032443788082214,1.5187706154771574,0.5023094445074021,0.8908861750105788,-0.3567174332918901,2.443398662801859,2.1486610339130303,1.5188397906208961,0.9231333734173912,69.92345372358601,0.69923453723586,0.12586768004337887,0.17489778272076104,40.70906441,292.8576265613832,44651.67313623236,1142.0367293712711,0.4756415558836816,2026-05-10 16:52:00
10,724.6985463942892,76.59053525348656,801.2890816477759,662.9175658346055,252.4477326442327,915.3652984788382,149.89601834405715,118.79857926064034,90.0,0.4114335921329745,0.41713740297452756,AP0059,False,0,0.7306007379747772,0.6968801019940177,0.35146039097121995,-0.0055425593814469876,0.10324031727963474,-0.009828883635288303,0.0800721993950877,-0.02047935214697469,0.3163434114051799,0.18716844526931314,-0.07014516247907282,0.3275921766383013,0.3275921766383013,0.27576948629793996,0.27576948629793996,0.12214395366353467,-0.09015492132090758,0.22816851546727226,0.2722559634362261,71.1117321217387,0.711117321217387,0.11648997039905427,0.17239270838355866,40.8716429,293.0000074385533,50879.87455136152,1109.8473737264949,0.4810960567375031,2026-05-11 00:45:00
10,894.2247148291206,724.3685081374209,1618.5932229665416,609.6033730480286,4138.460502084689,4748.063875132718,843.4085887456868,73.01637084411985,100.0,0.2899645049073865,0.449678185658798,AP0060,False,1,0.9147852051716222,0.9147852051716222,0.28193820439220657,0.11008650330493908,0.24184868850939226,0.24184868850939226,0.2607850360758844,-0.21300259869552404,0.42483928353727635,0.9243146589109816,0.5865772565943665,1.5223965368408225,1.2655333501931856,0.7960912606358275,0.4234342713289425,5.833060137327523,5.833060137327523,2.2689656484287886,1.3469024659830324,73.81007591438333,0.7381007591438333,0.09055627317433265,0.17134296768183402,40.87164289999999,293.0000074385533,50841.88927252469,1119.6691980509825,0.47902301344050036,2026-05-11 08:48:00
10,807.239587155188,102.49650578175607,909.736092936944,814.5963550920683,1820.3292618594219,2634.9256169514897,327.0929756215603,360.53840418411903,100.0,0.37069767254886965,0.45695714874959703,AP0061,False,0,0.9205877835308409,0.8040568191778825,0.3521719300621098,0.13280386871912067,0.3978974997024929,0.37919867383531064,0.2379713608060675,-0.22579115016250026,0.47715714352537775,0.40900846883061925,-0.13068093082511284,0.9373686965484033,0.7435058105794089,0.5030227350537866,0.07847788729370875,1.5792744498420301,1.5792744498420301,0.8571685875687098,0.6671628655470437,74.12864176403744,0.7412864176403744,0.08306091288343076,0.17565266947619476,40.8716429,292.3985862551131,50631.628216471174,1101.114487305828,0.4720733050747793,2026-05-11 18:09:00
10,1369.205476680585,13.704205795868955,1382.9096824764538,1202.1306223697206,85.9544263009401,1288.0850486706606,29.401994516020295,25.557698814469845,90.0,0.43402271733505976,0.4292814856447699,AP0062,False,0,1.1477948552869555,1.1477948552869555,0.38461473710499927,-0.024234259327913215,0.35103281066195846,0.08843343362881767,0.1950400903952966,-0.1621454951833801,0.5196206233623024,0.07413960184996185,-0.006851711447097841,0.04946348885812777,0.04946348885812777,0.053231019791264184,0.041988571399085614,0.08814313925285161,0.08814313925285161,0.06624431243805134,0.2929324679001769,60.59331542143988,0.6059331542143989,0.19674957084116138,0.1973172749444398,40.87164289999999,289.69219092963243,48178.28977722112,1087.3828423197797,0.4705258262610581,2026-05-12 02:04:00
10,1028.8214161618982,45.27675574089886,1074.098171902797,820.6878157059903,171.49663266419122,992.1844483701815,29.54942962401975,-5.619500108866987,100.0,0.46342052293733704,0.45932483676070646,AP0063,False,4,1.0678357639132956,0.9370533579037632,0.6069797948747159,0.43174490016976974,0.6607703299091354,0.6205430039326848,0.2743519348203232,-0.21202767701127448,0.6524844558793675,0.18560898548605156,-0.13519849508890672,0.1298532198228627,0.06525847721842484,0.1425933173359661,0.1425933173359661,0.07863782119411278,0.022401038208999212,0.13417333595974829,0.3933288959195579,71.88788060959965,0.7188788060959964,0.10790623327083303,0.1732149606331705,40.8716429,289.69219092963243,49478.45324586278,1165.1728477844913,0.4954858029384467,2026-05-12 10:43:00
10,573.7491922334807,100.88888275542382,674.6380749889045,778.2877576099208,1097.0079546428474,1875.2957122527682,10.93264939728337,-137.66313657455976,90.0,0.40965852752157683,0.46969140938477016,AP0064,False,2,0.5925347339047166,0.5925347339047166,0.45126812761199214,0.25752870414167595,0.36980848167343616,0.25073509200243815,0.1967941239381946,0.02109328650435079,0.40260136678208486,0.164388292224192,-0.10788831706078353,0.2198770673633303,-0.08549572819594858,0.1288878894171232,-0.07552660486571655,0.9042060407283253,0.9006532610258714,0.3543398224332427,0.3784705946076638,68.33958031216245,0.6833958031216246,0.12266258365067882,0.1939416132276967,40.871642900000005,289.6647083076943,54278.846104260134,1175.4688245575733,0.5269539842330867,2026-05-12 18:45:00
10,772.854995069757,11.607236595050047,784.4622316648072,575.9066421021957,46.964197280562985,622.8708393827587,-39.79049208491219,-80.87248859301242,90.0,0.40451069038375576,0.3964311207696534,AP0065,False,0,0.7702275241654727,0.7702275241654727,0.22366130982970975,-0.22366130982970975,0.15894919683323505,-0.058731038755177704,0.07868312165245937,-0.0021103430048731117,0.3078802881202192,0.14502321080711233,0.05382054148715639,0.14116541827408038,-0.11773337356853626,0.16651443305662889,-0.00970573225098742,0.017304318972172675,0.003308274906548763,0.11750184527749856,0.2126910666988589,62.506838131807285,0.6250683813180729,0.14696918338817613,0.22796243529375104,40.87164289999999,289.6166137193027,52381.85539217349,1176.1218445082575,0.5594171139153084,2026-05-13 02:40:00
10,226.24820840459057,49.50795268674563,275.75616109133625,296.31263036567543,115.91293504028522,412.22556540596065,-21.836011042544214,-108.69071977880628,60.0,0.31544875141373147,0.3222722216294626,AP0066,False,1,0.23784105595262398,0.23784105595262398,0.09745642071946896,0.09745642071946896,0.18235003149303353,0.18235003149303353,0.05763241670918379,-0.05763241670918379,0.14381998121857753,0.12421947567154201,-0.027799300609103718,0.17478661048297206,-0.15182506327547846,0.18534607247593046,-0.027409937929150176,0.011155355707056513,-0.001682724000139821,0.12387687858437527,0.1338484299014764,74.42650379199918,0.7442650379199918,0.10069528533730922,0.15503967674269903,40.87164289999999,289.6166137193027,50243.6830300459,1165.8756149263647,0.5482317779060845,2026-05-13 10:43:00
9,615.8185516769779,14.003672001192978,629.822223678171,1534.8504868949785,41.26761286740725,1576.1180997623858,-37.306647549583914,-76.00563495750336,77.77777777777779,0.32200458887932953,0.37457658199511923,AP0067,False,1,0.6154091072111578,0.6154091072111578,0.9441589476554153,0.8802616852467603,0.9805966330185241,0.9805966330185241,0.13494075983956777,0.021474138596609682,0.6687763619311662,0.04459895874135639,-0.04459895874135639,0.128386612406573,-0.128386612406573,0.015529949228676792,-0.015529949228676792,0.0012364711879271244,-0.0012364711879271244,0.04743799789113333,0.35810717991114976,67.45633364604086,0.6745633364604087,0.11498548803897778,0.2104511755006136,40.8716429,289.5031230807321,52637.91106846469,1176.583803856207,0.545532698862598,2026-05-13 18:23:00
10,738.9099459922802,24.778943704395772,763.688889696676,591.9076296599922,155.53450794068635,747.4421376006785,-20.033354787867324,-68.173094436177,80.0,0.45805832664592766,0.45724598904112784,AP0068,False,1,0.7539380164070068,0.7539380164070068,0.13235884756986538,0.010645742884066611,0.14214929466508555,0.016655275354502935,0.12272124511616127,0.0705767848515633,0.28779185093952975,0.09605000616400597,-0.022519551060622405,0.13470472239041728,-0.09561699206310348,0.1823531615410741,-0.024417026994294024,0.04378137812735526,0.031870651811105544,0.11422231705571315,0.20100708399762146,64.37056071084467,0.6437056071084468,0.12238145652503085,0.23391293636652233,40.8716429,289.2004813778773,53162.80641393978,1206.154408941758,0.5560189271045491,2026-05-14 01:50:00
10,469.7480914169873,41.39410561972406,511.1421970367114,1332.676995883618,114.44536191893576,1447.1223578025538,40.820712999916196,6.702511772134471,90.0,0.39887150911046176,0.44567051714875383,AP0069,False,4,0.48847567159620303,0.48847567159620303,0.5671433120032318,0.5671433120032318,0.749813598808033,0.749813598808033,0.08717726426581107,-0.07691915202956975,0.4731524616683197,0.1309887266957067,-0.08057823629856183,0.1295593995563302,0.1295593995563302,0.1737568894775636,0.1737568894775636,0.09245581022588772,0.03975161807312269,0.13169020648887203,0.30242133407859584,61.28607897234433,0.6128607897234433,0.21509826771275065,0.17204094256380598,40.5127848,289.2004813778773,52720.57609686577,1166.5290816092534,0.4594177565902421,2026-05-14 09:42:00
10,1003.8915779630087,142.72980096241363,1146.6213789254223,1395.9518712099577,415.0178630005556,1810.9697342105133,222.02348699963127,77.98963156516044,100.0,0.35806291014643643,0.391280327910691,AP0070,False,1,1.0300852283893038,1.0300852283893038,0.7240538468088134,0.666171672328551,0.803682296474562,0.6910145748510064,0.12304745038357266,-0.011131936626370834,0.6702172055140629,0.36052743311934426,0.1989694765056696,0.2467620771780468,0.2467620771780468,0.3016911479935057,0.3016911479935057,0.043534731438628425,0.0316240051223787,0.2381288474323813,0.4541730264732221,68.40189663779786,0.6840189663779785,0.11674996117860777,0.19923107244341362,40.5127848,289.2004813778773,52289.37686626337,1148.4874297148915,0.4650727003568611,2026-05-14 17:28:00
10,625.8429608967226,100.23222025583539,726.0751811525579,749.5165870382023,447.18311672312683,1196.6997037613291,82.43870143978785,-24.723996837448908,90.0,0.4436218366915982,0.4671530628220368,AP0071,False,3,0.6925318410386935,0.6532561544678374,0.4031266988179076,0.4031266988179076,0.5510601496018125,0.5510601496018125,0.15164304536224,-0.0613461613275218,0.44959043370516333,0.10379841520903359,-0.034670521840543464,0.1565646703304213,-0.0037543914586007643,0.19515687068314985,-0.1005658667832853,0.2715987064074474,0.2715987064074474,0.18177966565751302,0.3156850496813382,57.02027857631483,0.5702027857631483,0.18883509993374653,0.2409621143031052,40.5127848,288.4999993876368,54062.09166854766,1142.0106402066824,0.46287813697878194,2026-05-15 00:58:00
10,636.6895602524773,30.175617893262242,666.8651781457395,573.8451359821042,84.3266790810062,658.1718150631104,37.468653559152585,6.692799632965944,100.0,0.45602269011968166,0.45558802196555004,AP0072,False,0,0.6326630812912039,0.6326630812912039,0.15780336490430152,0.06463075316980621,0.25519489979275306,0.25519489979275306,0.08212678641176485,-0.03279979149999761,0.2819470331000058,0.13998244209774985,0.025453985389227194,0.13222292696488497,-0.013206463137885129,0.08418028384354766,0.07261596781899796,0.06350621061071424,-0.03151717826808779,0.10497296587922417,0.19345999948961498,68.78991355814203,0.6878991355814202,0.1292932428378936,0.18280762158068606,40.5127848,288.4999993876368,52898.56557515207,1178.9373222282834,0.4509895674304824,2026-05-15 09:19:00
10,1229.9591963928847,-12.378844201731624,1217.5803521911528,1131.6859058954565,1286.3731335506247,2418.0590394460814,155.82016708452156,268.0335820794505,90.0,0.3686759860224384,0.4286999203851848,AP0073,False,1,1.2241213876402908,1.2241213876402908,0.5223672825476557,0.4072658200468997,0.4342849108358404,0.21334930265495858,0.13517314490768204,0.13517314490768204,0.5789866814828671,0.17573137887923196,-0.014414583560138527,0.3533866298388736,0.3533866298388736,0.24754827401947604,0.1900707594572128,0.5061625503567349,-0.13364110954181838,0.3207072082735791,0.4498469448782232,67.07364898153848,0.6707364898153848,0.13190272306178968,0.1973607871228256,40.5127848,288.4999993876368,52920.855467763286,1179.2529440421956,0.4606136887242164,2026-05-15 17:25:00
10,926.8270555812735,38.25785307423415,965.0849086555077,1042.5605805802538,200.53481728736733,1243.0953978676212,26.33251384499883,-26.85209410873358,100.0,0.48278795742590186,0.4966884818865075,AP0074,False,4,0.9143949823381369,0.9143949823381369,0.41286741498715757,0.3346284042663133,0.39497040433157654,0.39497040433157654,0.1850978480451684,0.039374687086196854,0.4768326624255098,0.22986765190627315,0.06269012667293754,0.12042217656737259,0.0746895204739153,0.12637781515326874,0.12637781515326874,0.09631999716140716,0.004718862241705479,0.1432469101970804,0.31003978631129514,61.8489811448908,0.618489811448908,0.14446470437725745,0.23704548417383461,40.5127848,288.09999968157933,51941.90725371177,1142.3566396626088,0.4632377803629209,2026-05-16 01:09:00
10,742.4973282040601,127.72234829150466,870.2196764955647,396.537151186536,1508.6187829329695,1905.1559341195054,-14.13159738424946,-235.53868214667222,90.0,0.3976492071941666,0.4493960200753636,AP0075,False,1,0.7581577718288792,0.7581577718288792,0.23429433229413585,0.2013129273456861,0.3335792704859781,0.32809674883296885,0.1812621564577377,-0.14124454821475463,0.3768233827666827,0.20763925422118978,0.021410031343687984,0.39848601757662905,-0.06359653931747707,0.24056367492632513,-0.12595710757091544,1.3172883365404027,0.9934836288495812,0.5409943208161366,0.45890885179140967,67.05338260366518,0.6705338260366518,0.16016873405057705,0.16929743991277113,40.5127848,288.09999968157933,53279.533144748966,1164.1384006813355,0.46835955309646776,2026-05-16 09:11:00
10,1081.1885353648124,57.22932054696655,1138.4178559117788,730.2226643029583,176.1208499634763,906.3435142664346,85.46629345989317,28.437310100119305,90.0,0.42638279938250656,0.4147790823002394,AP0076,False,0,1.0662976175126653,1.0662976175126653,0.15538156172377712,-0.061193117782810696,0.28900241882956507,0.22406631533784838,0.12592726560527145,0.013190142672574017,0.4091522159178197,0.18730822821770832,0.10631691492064871,0.13240649414456335,0.07114834371089057,0.16995895409529663,0.16995895409529663,0.1322841760106961,0.00629720729973364,0.1554894631170661,0.2823208395174429,73.0125644963346,0.730125644963346,0.11242130549415949,0.15745304954249445,40.5127848,288.09999968157933,52664.01748193454,1191.40415887861,0.46552793051196223,2026-05-16 16:49:00
10,610.5018994458247,-4.8910126399104215,605.6108868059142,605.2872165546695,49.84839551617051,655.13561207084,15.9505665840598,30.150966691808605,70.0,0.5120027562945273,0.5144789925577736,AP0077,False,3,0.6296691966576308,0.6296691966576308,0.3000838961628634,0.3000838961628634,0.4947008356280745,0.4947008356280745,0.1806454145830414,-0.14620315628411668,0.4012748357579025,0.02524953622497444,0.02524953622497444,0.02644910985257145,0.02644910985257145,0.030023732753394178,0.030023732753394178,0.026570459101137093,-0.026570459101137093,0.02707320948301929,0.2141740226204609,57.96378107353545,0.5796378107353546,0.19144491817432555,0.22891727109031995,40.01559039,287.70047848371865,52205.53715350701,1161.3857944223098,0.4668406144695366,2026-05-17 00:36:00
10,790.977060997981,5.398908395959973,796.3759693939411,1204.7633350860874,299.6774297454107,1504.440764831498,18.449322639775488,13.72069089840852,90.0,0.4392464656490289,0.4746497054209069,AP0078,False,1,0.8002935275595915,0.7629114897680714,0.28661380642274925,0.2491775784305507,0.4792706668637741,0.4583219071393477,0.2591144443803538,-0.2591144443803538,0.4563231113066172,0.15637353038069934,0.07186851846582021,0.14342969187904758,0.08340155815439095,0.07439477687093989,0.07439477687093989,0.17491332591979597,0.09116411179547651,0.1372778312626207,0.29680047128461895,69.46175275786955,0.6946175275786955,0.12438944849979813,0.1809930239215064,40.01559039,287.70047848371865,52902.41716415153,1139.6959362959312,0.4575722980894493,2026-05-17 08:27:00
9,572.8936064743369,260.1274737783558,833.0210802526927,559.9184118405917,921.5119132025543,1481.430325043146,257.18520806765935,-26.87979166911623,100.0,0.4349839389762444,0.4710066747979363,AP0079,False,3,0.6835671116716917,0.6835671116716917,0.44575672891988827,0.34357973222531296,0.4609602883595313,0.4609602883595313,0.2140316475200747,-0.2140316475200747,0.4510789441177965,0.5034162758460229,0.05714114306674821,0.521375471314408,-0.08402629362977165,0.44025346140578897,-0.1634138323500503,0.24450885059205746,0.204296362916205,0.4273885147895693,0.4392337294536829,69.59159440477647,0.6959159440477647,0.11641154742450922,0.18767250852772618,40.01559038999999,287.70047848371865,52725.590365968776,1120.4605134301396,0.4370929465399629,2026-05-17 16:24:00
10,1070.6020657974163,186.9494821698529,1257.5515479672695,817.6959030243013,707.8544110343081,1525.5503140586095,224.45941687663455,42.88662988808329,100.0,0.4563441710689271,0.46974410937349403,AP0080,False,2,1.0447964913088856,1.0447964913088856,0.4100320174740258,0.3452456799712276,0.6450994061407768,0.6450994061407768,0.20834600408025652,-0.20834600408025652,0.5770684797509862,0.17225863054147156,0.0025670593298448147,0.3576914887602206,0.3576914887602206,0.39084050523478103,0.39084050523478103,0.254885001481659,-0.22353830321309312,0.29391890650453306,0.43549369312775965,66.00034666524354,0.6600034666524354,0.14068796758077157,0.19930856576679307,40.01559038999999,287.1931308754305,52346.13536699652,1122.9019125700377,0.4468800516142051,2026-05-18 00:28:00
10,901.1169727669176,33.83466134130221,934.9516341082199,997.7231228800374,273.82771445505875,1271.5508373350963,50.09618280576552,17.580875620745303,100.0,0.4247144334388283,0.4415443936001721,AP0081,False,4,0.8836325019511433,0.8836325019511433,0.27096851885216977,0.21582652149056933,0.580319102582545,0.4314780917155789,0.13118689313809886,-0.06973096701044433,0.46652675413098926,0.09838759103311348,0.002433389761176352,0.17022334054604338,0.17022334054604338,0.27028715814188425,0.27028715814188425,0.09505862754281119,-0.01034975676272331,0.15848917931596307,0.31250796672347614,69.31476919887791,0.6931476919887791,0.12709045674433211,0.17976185126688876,40.01559038999999,287.1931308754305,52949.55176052669,1165.8104782458172,0.46350693054731257,2026-05-18 08:31:00
10,1137.6826175221688,101.16340231273924,1238.846019834908,806.2309391664314,863.1793115814022,1669.4102507478335,202.99653590272138,147.2630857696921,100.0,0.43290637176491353,0.45443458331055986,AP0082,False,1,1.1850381079261865,1.1850381079261865,0.41295471644724197,0.13740492358964762,0.2896740595159362,0.08039419921166352,0.08871315068091905,0.025006384414198262,0.49409500864257094,0.1407765193286389,0.08326217517509574,0.6482221164625166,0.34521603577065646,0.23742501765120616,0.05853023820807181,0.1969304522270941,-0.025544982315816256,0.3058385264173639,0.3999667675299674,67.37416963669861,0.6737416963669861,0.15674991651652223,0.16950838711649172,40.01559039,287.1931308754305,56026.53004617035,1164.6816866953845,0.4554940728669849,2026-05-18 16:26:00
10,773.6264942298933,97.99883848650303,871.6253327163963,656.9307196026666,421.2062963103158,1078.1370159129824,110.54234547712551,5.397170957575327,100.0,0.41764069480355037,0.42796627896337974,AP0083,False,1,0.8644436271063954,0.7867057499066027,0.2717110943658999,0.11392768513555711,0.3742255263681232,0.1584257265353781,0.16109958612394912,0.026696550992621148,0.4178699584910919,0.22341781878784261,0.05565069276411,0.09424308057536512,0.008077975594557689,0.2604787649207284,0.1081216073702114,0.20318185135982925,-0.005305720733004669,0.19533037891094135,0.3066001687010166,66.68643359792155,0.6668643359792155,0.13496342516216972,0.1981722388586149,40.01559038999999,287.1931308754305,55384.82566603666,1173.6930746375142,0.45221555124104346,2026-05-19 00:21:00
10,1236.5087331609557,159.48572653047026,1395.994459691426,1202.3924230305768,113.4213547747363,1315.813777805313,14.095649504405046,-238.99460332234494,90.0,0.327303852972953,0.3232948188786473,AP0084,False,4,1.2881699993066509,1.2881699993066509,0.5342773740404575,0.3854675937612005,0.6347830920828729,0.6347830920828729,0.17577941773044717,-0.07705502960423603,0.6582524707901071,0.06720806864857529,-0.013531611537603934,0.15653055069389826,-0.09252344862252576,0.19118014093423158,0.19118014093423158,0.05028966045178536,0.05028966045178536,0.11630210518212263,0.3872772879861148,63.66807038669051,0.6366807038669051,0.16644460664878863,0.19687468948430628,40.01559039,287.1931308754305,55284.07517588542,1152.9862153490433,0.512191649660424,2026-05-19 08:52:00
10,1041.9382770347465,71.99739856922623,1113.9356756039726,1945.4517605508875,198.73667931140847,2144.188439862296,46.622133417381775,-23.66203571687913,100.0,0.4025465784488217,0.454059216661738,AP0085,False,4,1.0826530554815383,1.0826530554815383,0.9470496246061576,0.779436275771507,1.1684960991507314,1.0764212546635112,0.13225425319777115,-0.048972289331561024,0.8326132581090496,0.1395330048654863,-0.1395330048654863,0.12801420414274411,0.12801420414274411,0.19179268292007245,0.19179268292007245,0.06233713779179622,0.06233713779179622,0.13041925743002478,0.48151625776953716,67.82113835722257,0.6782113835722257,0.15248798604639793,0.16930063038137635,40.83807624000001,287.1931308754305,53169.642954895426,1138.01909471013,0.4937416431402906,2026-05-19 16:24:00
10,807.1481278614685,121.06039592143537,928.2085237829041,1167.5758731899662,1747.6398074533902,2915.2156806433563,132.19557105205203,23.007127705481537,80.0,0.2632376018988453,0.3625879597418679,AP0086,False,2,0.8530466753101464,0.7920482641995168,0.7746232310574852,0.4986203772870103,0.8190392857380743,0.5278942575395829,0.22710197943015928,-0.12287971972331191,0.6684527928839663,0.05700961952995545,-0.04983164874912657,0.22705059994108626,0.22705059994108626,0.06475852546443941,0.004003820022174254,2.0455631318380547,2.0455631318380547,0.5985954691933839,0.6335241310386751,69.10137046783555,0.6910137046783555,0.05559248796685511,0.25339380735478934,40.83807624000001,287.29884625368226,49588.09382592366,1106.408571087764,0.44913970866272007,2026-05-20 00:05:00
10,1471.2297709410448,27.511731901641028,1498.7415028426858,1405.7421478485558,272.7899505488965,1678.5320983974523,30.055319226837895,-7.329332127962971,90.0,0.41272429069880856,0.4217138204765468,AP0087,False,0,1.4140214296474323,1.4140214296474323,0.6732917163730163,0.6732917163730163,0.8767348893282211,0.8767348893282211,0.2963496271171446,-0.2963496271171446,0.8150994156164536,0.17489447421024953,0.05759322328545125,0.13120009070506244,-0.09131142657493156,0.1398904728098537,0.016918227995788,0.2426242848592706,-0.08439441704277673,0.17215233064610905,0.49362587313128126,63.23555160938662,0.6323555160938662,0.19050620950038594,0.17713827440574798,40.83807624000001,287.29884625368226,49879.913650676186,1098.6764720516562,0.4441671511041741,2026-05-20 08:56:00
10,1197.9338583148858,171.9426615924947,1369.8765199073805,1098.3573892835245,613.9025133762582,1712.2599026597827,-5.581012239413923,-276.25578023751063,100.0,0.4471099000770214,0.4642290692146416,AP0088,False,2,1.1736856944785117,1.1736856944785117,0.35779848732098035,0.08633749124797396,0.38832644988822146,0.06801266647214942,0.1906402258413223,-0.18063684935398028,0.527612714382259,0.2579023252109858,-0.06860330912227741,0.4339309330824107,-0.4339309330824107,0.2912249440847216,-0.29009962619477375,0.10678586294409026,-0.09666618744824057,0.27246101633055214,0.4000368653564055,69.49818852850008,0.6949818852850007,0.1331585059215445,0.17185960879345463,40.83807624000001,287.29884625368226,49648.873586157366,1136.3594418405828,0.451106581688232,2026-05-20 16:40:00
10,1481.7054271937677,35.684922963282666,1517.3903501570503,1474.4108990121333,369.15240680537363,1843.563305817507,39.41917448987948,6.341267630652624,90.0,0.37877702251015516,0.39508567029317804,AP0089,False,0,1.3868219222497145,1.3868219222497145,0.1473329144892819,0.06213302622934349,0.517641383513169,0.517641383513169,0.29779901343117643,0.11747170198334766,0.5873988084208355,0.3012995936486344,-0.05839762975722737,0.2155196879402571,-0.13330765990342147,0.16415551970315953,-0.03551740694604075,0.0627914902983106,0.019245066106579244,0.1859415728975904,0.38667019065921293,71.00337900884242,0.7100337900884243,0.08379920921056655,0.20616700070100924,40.83807624000001,285.7074118814135,50511.577652184926,1090.6854257094724,0.45766312591586733,2026-05-21 00:13:00
10,1348.987754240723,281.35817271681367,1630.3459269575367,1323.3379315081443,538.7644654439232,1862.1023969520675,218.5801701554841,-99.9745209498596,100.0,0.47264893520401907,0.4842367587037457,AP0090,False,3,1.2989918326049705,1.2989918326049705,0.38912531953871915,0.3465515709159795,0.5225988203514941,0.5225988203514941,0.3126082604680618,-0.2385075320419101,0.6308310582408114,0.3562662274449275,-0.020750398560674184,0.14755029933347769,-0.07126623578894843,0.15246602378736776,0.12266783672534702,0.08862334332261179,0.016095706595640517,0.18622647347209617,0.4085287658564538,71.35091344142262,0.7135091344142261,0.12081729864679958,0.16567356693897434,40.83807624000001,285.7074118814135,49147.057728919084,1070.6165770486539,0.44509711156351855,2026-05-21 09:09:00
10,769.4947790109323,84.44194144223341,853.9367204531658,855.1447388931118,262.543599137362,1117.688338030474,85.05105890826056,-7.007374102374172,100.0,0.4797798366476439,0.49296741752650935,AP0091,False,3,0.8038988530068636,0.7676250680796932,0.2304207505170238,0.016940729936589963,0.20016634733924632,0.18873989885895204,0.17998841582375233,-0.17998841582375233,0.3536185916717215,0.12546274373574928,0.03261295563749872,0.14488040478841294,-0.026098605233563783,0.1328915488618964,0.022869620316480592,0.10417771651436357,0.011817541371299235,0.12685310347510553,0.2402358475734135,69.99098374086337,0.6999098374086337,0.13672685574862534,0.1633633068427411,40.83807624000001,285.7074118814135,49242.46711087103,1081.922803880067,0.4498461087939244,2026-05-21 16:42:00
10,492.3050623764342,112.63343108861415,604.9384934650483,459.33307921488074,394.70208872009175,854.0351679349725,179.2415441118735,94.42983872964032,80.0,0.42455644398064063,0.4370112777041368,AP0092,False,2,0.5895250063325223,0.46146442515208697,0.15301546141508512,-0.12377474365561997,0.08292281942610662,0.039904887099184536,0.18974677330709244,-0.18974677330709244,0.2538025151202016,0.18142381576936814,-0.014949844760650297,0.27359061858895145,0.27359061858895145,0.2555707075710147,0.23645125669687023,0.09648607703743432,-0.03730484312855224,0.20176780474169215,0.2277851599309469,64.26531004804194,0.6426531004804193,0.14450539714113395,0.2128415023784466,40.83807624000001,285.03208862608784,49739.55102804022,1058.812367620985,0.4570361660460067,2026-05-22 00:05:00
10,1364.6778855862408,252.8965840671944,1617.574469653435,1481.325196033736,468.0740357377145,1949.3992317714503,250.2054076382555,-18.052065316704898,100.0,0.46797813888927015,0.48456937699517094,AP0093,False,3,1.3504383349253517,1.3504383349253517,0.47287239731916947,-0.29284486837418333,0.24938463858888552,-0.059568571516026014,0.21226480054252775,-0.14173231789895632,0.5712400428439836,0.20815206909061082,0.03442072385641762,0.15137308486069534,-0.019605925161281033,0.15016331805843458,0.04014138951301876,0.09332067889379791,0.05410142195300649,0.15075228772588467,0.36099616528493417,72.26241251796098,0.7226241251796098,0.08486404986974624,0.19251182495064403,40.83807624000001,285.03208862608784,49773.84237005595,1122.7955121839784,0.45715377455182765,2026-05-22 08:44:00
10,702.3050374479575,159.31294364705676,861.6179810950143,972.6533697801694,898.2550783146826,1870.908448094852,-61.74070967157817,-307.7791734130393,100.0,0.4291559744275495,0.4796204977775414,AP0094,False,4,0.8057259243957153,0.6749435183861828,0.4277192773943947,0.13905218178871928,0.4052826703683474,0.39302026749156765,0.2327096448183162,-0.2327096448183162,0.4678593792441934,0.28815491033846613,-0.28815491033846613,0.4518784032140083,-0.37064767409501914,0.7606692313658567,-0.20248586494437276,0.2996270431632118,0.0671265331034603,0.4500823970203857,0.4589708881322896,70.57812258923136,0.7057812258923135,0.11652391143176881,0.17769486267591758,40.83807624000001,285.03208862608784,46533.76405707139,1102.294789255957,0.47514976528950115,2026-05-22 16:30:00
10,911.0254212934465,-32.97232899875195,878.0530922946945,907.9655422671171,215.34158617638673,1123.3071284435039,-70.05317599213905,-64.74228743488732,100.0,0.467956874919603,0.4802195767270435,AP0095,False,2,0.880868466244111,0.880868466244111,0.2833773811620713,0.17235197920536394,0.3534348621985994,0.3176286140253686,0.22788974048517138,-0.22788974048517138,0.4363926125224883,0.0991547848126049,0.036892972188170475,0.22867937494698906,-0.1750244699866928,0.17637260523758608,-0.1161851099849146,0.1498302675770527,-0.021479508901499703,0.16350925814355816,0.29995093533302325,62.04554851238651,0.6204554851238651,0.12326208830782912,0.25628242656830574,40.83807624000001,285.03208862608784,47001.99788624153,1066.2104856884448,0.47535327003995015,2026-05-22 23:53:00
10,1754.8337017453473,143.05541774970246,1897.8891194950497,1486.3361425027567,282.86489074150336,1769.20103324426,123.07258612590215,-41.43664832985513,100.0,0.4569479371014397,0.4505135327889002,AP0096,False,3,1.6598505670683652,1.6598505670683652,0.7262226526436932,-0.4210107713606502,0.8607608073838576,-0.46117367499938816,0.23622010324056505,-0.060117605295070486,0.8707635325841202,0.14226579151077584,0.029265185124329882,0.147161589889563,-0.08127801003985567,0.10680540099477884,-0.011091697323189778,0.13691068201387843,-0.020915424128216904,0.13328586610224905,0.5020246993431847,67.9505495925716,0.679505495925716,0.1422175434147238,0.17827696065956017,40.83807624000001,285.03208862608784,48218.05122450544,1093.801438306028,0.4622493674312567,2026-05-23 07:41:00
10,201.54416799786145,-4.9620176876107855,196.58215031025065,554.1809954429066,445.21297229565334,999.3939677385599,10.09887476289174,16.67326425408072,90.0,0.3638496623261915,0.403990253197607,AP0097,False,0,0.3960633550663781,0.19290304075998224,0.33785181336244857,0.33785181336244857,0.4303546737248674,0.4303546737248674,0.20523466802765752,0.022669295531495593,0.3423761275453379,0.18272431636919828,0.016119435925070424,0.07419109460876008,-0.013739591147000275,0.20430251147105713,0.0530329618996728,0.22309599287426085,-0.22309599287426085,0.1710784788308191,0.25672730318807846,58.327159013340165,0.5832715901334017,0.11241695080921424,0.3043114590573841,40.11343322,285.03208862608784,41704.879430176385,1125.3281733181789,0.18153246029457965,2026-05-23 15:22:00
10,-316.5188456004189,122.00078308658114,-194.51806251383778,277.4714727608599,454.3562740155785,731.8277467764384,-32.40187314351448,-255.56760130601296,80.0,0.3740399623575939,0.4203572528221076,AP0098,False,4,0.31089991211072526,-0.31089991211072526,0.220558255477737,-0.18985454739826477,0.21303398032352153,-0.11540357933590768,0.26266973725848736,-0.25709147911405195,0.2517904712926178,0.20708562399380226,0.0534556686521795,0.24850487201017574,-0.24850487201017574,0.14752881963685874,-0.05382825761176449,0.27962925027002516,0.10011283766633469,0.22068714147771548,0.23623880638516662,62.977905463743305,0.629779054637433,0.1683502312491344,0.2018707141134327,40.11343322,284.86787887502146,41786.63818036409,1074.043682706655,0.1840471106751293,2026-05-23 23:11:00
10,652.4821882176835,61.20256585592054,713.684754073604,671.165286118551,1260.5372971657648,1931.7025832843156,-6.753212655071195,-108.161282530861,90.0,0.39323457487573943,0.45413546633627505,AP0099,False,3,0.6929089806659148,0.6186478494681276,0.3136002264721219,-0.0784530333743161,0.3868401924041289,0.2800878541652427,0.23898716021003372,-0.23898716021003372,0.4080841399380498,0.19665249614529964,0.05678842448751452,0.6081565063053875,-0.44806266267100686,0.7006173009819804,-0.7006173009819804,0.2657124479906473,-0.2657124479906473,0.4427846878558287,0.42543441389693926,68.24650370012404,0.6824650370012404,0.12380389299155778,0.19373107000720186,40.11343322,284.8313878192289,42312.738316894065,1073.3649355154187,0.18256182529912254,2026-05-24 06:19:00
10,1302.5355409577398,124.04708154147973,1426.5826224992197,1302.4838632636122,795.6441342468427,2098.127997510455,124.5457293875051,-19.710356702051598,100.0,0.4394038798299763,0.47298114858053825,AP0100,False,1,1.1906952748403492,1.1906952748403492,0.3406614860389767,0.013744510165203708,0.4220154013660741,0.29768648400417824,0.3619958839133337,-0.3402558793566562,0.5788420115396835,0.20053544513827182,0.04036476890882037,0.6115277805915212,0.27954185889684624,0.2762106271210744,-0.013653487311062161,0.21158076760374775,-0.17498434102853067,0.3249636551136538,0.45190283332666864,69.27353245216207,0.6927353245216208,0.1431237177648965,0.16414095771348278,40.11343322,284.8313878192289,48287.47297043742,1096.3384736737328,0.47393552029369673,2026-05-24 13:29:00
10,1343.4144028343364,5.40560404112254,1348.820006875459,1159.0846221451106,46.8191583862531,1205.9037805313637,-19.279629821811625,-49.970928289416975,80.0,0.48804778116636693,0.4809019698491622,AP0101,False,1,1.2383766386239083,1.2383766386239083,0.2702013950643231,0.05556254923571439,0.33962950629602995,-0.01587330684696085,0.19734457068806546,-0.09714246010879891,0.5113880276680818,0.14988974588690948,0.09237540173336647,0.10181483167096099,-0.10181483167096099,0.08348899457615877,-0.08235070840382502,0.027762598132749304,-0.008855389642528737,0.09073904256669463,0.3010635351173882,66.5706281446838,0.6657062814468379,0.17130481013505733,0.1629889084181047,40.11343322,284.8024547953325,48695.566150418796,1107.9128138493245,0.4891908483436986,2026-05-24 21:10:00
7,1110.3076413427366,194.43945666057712,1304.7470980033138,708.6773142762626,285.7806137724183,994.4579280486809,216.11686914076563,11.866718881570478,100.0,0.4989699322929598,0.4768064201533432,AP0102,False,2,1.0656466559082862,1.0656466559082862,0.27994046999465194,-0.20122884606421013,0.14767327173650296,-0.007457443109754069,0.30330875035390875,-0.30330875035390875,0.44914228699833747,0.4544223497184415,0.4544223497184415,0.09549350169255752,-0.09549350169255752,0.0022506357798959616,0.0022506357798959616,0.0782384800891689,-0.0782384800891689,0.15760124182001595,0.3033717644091767,69.21493902604699,0.69214939026047,0.11289255471536089,0.1949580550241691,40.11343322,284.7783439420854,49073.20860545738,1084.3638758223399,0.4885039439118864,2026-05-25 04:50:00
9,1218.737372322933,33.459778520694385,1252.1971508436275,905.8282479439788,1078.393273523337,1984.2215214673158,26.23432905464,-22.560689719385834,88.88888888888889,0.37975739925809043,0.4204254198482953,AP0103,False,0,1.1246851388387744,1.1246851388387744,0.3877985958889356,-0.3022607106717636,0.3404207693331058,0.12839174129626255,0.3394133611028471,-0.3394133611028471,0.5480794662909158,0.12574563635972894,0.0963727063255469,0.20856800012976237,0.07117953956545577,0.10571726676748244,-0.010081312319191535,0.960124344365069,0.7512392617014799,0.35003881190551067,0.4490591390982132,70.27804856385265,0.7027804856385265,0.1135559599709368,0.1836635543905367,40.11343322,284.7783439420854,47429.083431543004,1072.8079606860722,0.39982465623897395,2026-05-25 12:39:00
10,898.9188845747806,-4.592891775121277,894.3259927996593,735.5462328802183,170.22056657953215,905.7667994597505,-4.50880710124693,1.3898364441977265,90.0,0.5081123759981514,0.508684416331156,AP0104,False,2,0.8600481300751861,0.8600481300751861,0.22014893419717574,-0.07308338663560308,0.13488285860224095,0.09186492627531823,0.23305551259701704,-0.23305551259701704,0.36203385886790496,0.08445558565811317,0.001156714906353433,0.09548658710452695,-0.01200145988649537,0.09312777555570062,0.0016838130787094271,0.11013883651189556,0.11013883651189556,0.09580219620755907,0.22891802753773202,63.119763101629005,0.63119763101629,0.19647689080209443,0.17232547818161556,40.11343322,284.0350818309193,47838.33592056732,1082.37598355357,0.4121257684841228,2026-05-25 20:20:00
10,1136.640487379898,78.54507554851125,1215.1855629284091,1167.165297841817,294.1975838217685,1461.3628816635853,107.46534091777345,43.953128273880935,90.0,0.47707566862515405,0.4893845345619129,AP0105,False,3,1.0981587263955552,1.0981587263955552,0.4285928625926898,-0.12873412997380285,0.28458433242722586,0.17300833963763232,0.33964777473757984,-0.33964777473757984,0.5377459240382627,0.12170156183763423,-0.001547808735259941,0.18857607293472592,0.04028993397613293,0.17319783384560022,-0.019596407784090775,0.13313818925684945,-0.056268605625046535,0.15415341446870245,0.3459496692534826,69.0643554002944,0.6906435540029441,0.12760228788210942,0.1817541581149464,39.4006275,283.14316729751994,45903.460706160426,1090.0051924843685,0.3938059925573944,2026-05-26 03:48:00
10,935.3652252074804,87.33469501881945,1022.6999202262999,1142.9676398397032,165.08500977424774,1308.052649613951,61.32633757799094,-65.62507363318733,80.0,0.32517769114056605,0.33944532760994856,AP0106,False,1,0.8891979358747304,0.8891979358747304,0.4542878364440532,0.3214934775125993,0.3214107507385402,-0.07819134229386994,0.14104808745201605,-0.03851665270929594,0.451486152627335,0.2034500166763453,0.14593567252280223,0.16190266170840897,-0.14577647858858914,0.12973788076234755,-0.1285995945900136,0.11618803937436731,0.07957005159908925,0.1528196496303673,0.3021529011288511,67.6954478007303,0.6769544780073031,0.12178926482728442,0.20125625716541246,39.4006275,283.14316729751994,46018.7600593342,1094.1079152411723,0.40087325673488367,2026-05-26 11:34:00
10,1179.353283032077,60.51555103157584,1239.868834063653,1098.980465101964,250.52716674203975,1349.5076318440038,8.773243264765284,-90.23527226354224,100.0,0.4506741419233209,0.4561560818123385,AP0107,False,4,1.1327261664404147,1.1113278517499254,0.4435656836744965,-0.2978724643093467,0.4286729387755957,-0.1865202942540368,0.18991500247129092,-0.16153478603647178,0.5487199478404494,0.1983045482742294,-0.0023059233229709916,0.1669367004706438,-0.023216590768488768,0.13462790892335258,0.12298140231291063,0.09130631082870129,0.0097325485744107,0.14779386712423176,0.3482569074823406,68.37984972223518,0.6837984972223518,0.13869490189926387,0.1775066008783845,39.4006275,282.27078980022185,45243.753033484754,1122.6538684297482,0.3919119772531038,2026-05-26 19:40:00
10,1627.339559544505,81.97270418704396,1709.3122637315487,1141.6783679700848,373.0483520609855,1514.72672003107,101.08866929696688,9.67542811965069,100.0,0.48724098520862774,0.47751170802360365,AP0108,False,1,1.5274891658050054,1.5274891658050054,0.32466352490641587,-0.08013770013733534,0.3517108224906347,0.09482785454205438,0.3329707730469479,-0.25970844191630105,0.634208571562251,0.22204982822620822,0.1013037267391348,0.1256788911527607,-0.016427276959403186,0.09440297793678569,0.09440297793678569,0.21563824113345686,-0.21563824113345686,0.16444248461230287,0.39932552808727695,72.60709805321838,0.7260709805321838,0.08508845228383212,0.18884056718398418,39.4006275,280.74412917995005,45857.656127347276,1050.4552958176146,0.3842571548501983,2026-05-27 02:45:00
10,784.82494149071,76.78192947725236,861.6068709679622,656.3713220051457,354.9900508232679,1011.3613728284136,52.65710216466178,-72.3210082126086,90.0,0.4006869268924046,0.40817465198542713,AP0109,False,1,0.7257267534820238,0.7257267534820238,0.2057689841701084,-0.015128979764555054,0.21722208962215994,0.1586595827403546,0.23407488235224494,-0.15257786722884883,0.3456981774066343,0.20837884228305165,0.20837884228305165,0.16857959114645862,-0.08573868287353192,0.1501254083785515,-0.02354685626261155,0.16195405092171863,0.059388917581663196,0.1722594731824451,0.25897882529453964,75.2440608247891,0.752440608247891,0.0577214762631082,0.18983791548900067,39.40062749999999,280.74412917995005,45249.47359790917,1069.0604857469898,0.38237024847892825,2026-05-27 11:01:00
10,905.3260278556004,126.93312789385294,1032.2591557494534,653.1615166905957,517.2029267377726,1170.3644434283683,81.3426488886474,-101.7854499683234,100.0,0.4855798203894377,0.49248508477338343,AP0110,False,1,0.9533099518549905,0.9315187731081274,0.1653673173065959,-0.04203632599555701,0.1303071700320195,0.1099332262524691,0.37996227630906065,-0.37996227630906065,0.4072366788756666,0.3739610074988804,0.06655154535573822,0.09987256115518042,-0.07691101394768682,0.11310916106813076,0.11310916106813076,0.027589974914731547,-0.027589974914731547,0.15363317615923078,0.2804349275174487,67.51394069607987,0.6751394069607988,0.1345013874823783,0.19035920555682284,39.4006275,280.0890067803059,50567.49874231786,1095.693003670259,0.453398208690588,2026-05-27 18:29:00
10,552.0572549507123,135.1617696370092,687.2190245877215,650.7367408267592,774.0346870791707,1424.7714279059298,11.248769178633694,-193.46043417257715,90.0,0.42075113535052655,0.457628755516437,AP0111,False,2,0.5588491282795378,0.5588491282795378,0.22014210414270927,-0.08722134889844026,0.3826894668788455,-0.13544188125838508,0.2896781067692557,0.14201683995336278,0.3628397015175871,0.3323882160946016,-0.09012100329699305,0.3022025712446862,-0.3022025712446862,0.3291003151858187,-0.2947855255698359,0.13821772913298538,-0.1280980536371357,0.27547720791452296,0.319158454716055,59.95947216997236,0.5995947216997236,0.1756929522824832,0.22471232601779326,39.40062749999999,277.14095598190727,52409.62358101534,1142.146766225014,0.456403532873712,2026-05-28 01:52:00
10,663.4961257198681,-90.66832079875176,572.8278049211162,537.2172703660485,262.2605293036868,799.4777996697353,9.299522771710258,177.30933901584677,90.0,0.39496234224234417,0.406294841979775,AP0112,False,4,0.6770230727608454,0.6770230727608454,0.2734953131101147,0.07187880244958407,0.1958397112349499,0.11116354857059128,0.17130684589959513,-0.17130684589959513,0.3294162357513763,0.10395972177111738,-0.05354923137397251,0.1485528491106625,0.1485528491106625,0.13074483172358348,-0.06986872280582028,0.25926275763407236,-0.25926275763407236,0.16063004005985893,0.24502313790561758,70.280035285811,0.70280035285811,0.14098359586201786,0.1562160512798722,41.05276577000001,277.14095598190727,53450.240636766845,1139.9229597130416,0.4527211154518183,2026-05-28 10:10:00
10,415.38345285495086,67.94506213638581,483.3285149913367,478.9622381366785,403.4272733827305,882.389511519409,109.76172280076773,49.16587625370616,100.0,0.45793214249379205,0.4778851923201957,AP0113,False,2,0.5555922504399601,0.42753166925952474,0.35412155873268136,-0.3248808409732162,0.15773124206834951,-0.05961442989873264,0.28464868446219443,-0.28464868446219443,0.33802343392579637,0.26557041996604747,0.06404362228150788,0.11339878881295849,0.06565203796667939,0.2577939992937955,-0.06176106328604246,0.17353661094272343,-0.14218991267415754,0.2025749547538812,0.2702991943398388,75.2067368896212,0.752067368896212,0.11336840477066262,0.13456422633312543,41.05276577,277.04004453378917,53124.690932794714,1085.298056190789,0.44632020876955797,2026-05-28 18:01:00
10,173.78738366926348,70.44039223696964,244.22777590623315,482.3732032966352,891.6756746869584,1374.0488779835937,230.37069246877022,248.99104379262477,100.0,0.45802526140657707,0.514516316510445,AP0114,False,3,0.36069668447656306,0.18610495652865103,0.21129582350973433,-0.1778809851185532,0.09387401517142065,0.006570983521829411,0.4071288471309871,-0.4071288471309871,0.2682488425721763,0.18651840656084662,0.024162430081106426,0.4782777823027936,0.37230561946669727,0.3381153860103281,0.2524682892579877,0.2329420191228313,-0.04687683583067249,0.3089633984991999,0.2886061205356881,64.61897281426242,0.6461897281426243,0.15708538681302708,0.19672488504434868,41.05276577000001,276.0309300526082,53716.82960369027,1079.258538437595,0.4536784830583174,2026-05-29 01:56:00
10,485.166331319348,13.650483627851095,498.8168149471991,942.8171913467129,192.87885369386197,1135.6960450405747,12.517028842747948,-10.056125548185378,100.0,0.4914840575013623,0.5233280190060311,AP0115,False,3,0.5365327056390004,0.514707998238257,0.45823602337525987,0.15071265112406404,0.08435110848609696,-0.0629439438350622,0.19780988386501427,-0.13916779493913808,0.31923243034134285,0.11821890746415677,0.0577582460543474,0.16034258801423928,-0.10451045088405157,0.11937155852979717,-0.052072493307526835,0.17916822300320615,0.02134211686111142,0.14427531925284984,0.23175387479709636,65.30617057079391,0.6530617057079391,0.17933117655326905,0.16760711773879178,41.05276577,276.0309300526082,54284.8320969154,1083.7595191903692,0.4450218918192929,2026-05-29 09:59:00
10,666.3394024211111,280.41972608065095,946.7591285017619,542.0610192194448,2215.216196510431,2757.277215729876,281.4843567783952,-58.601632304512236,100.0,0.3477038320590439,0.4382297364204496,AP0116,False,1,0.8586135899555316,0.6539169128645487,0.31585035550440266,-0.25875862401180044,0.23744570857556271,-0.023200219890577117,0.36583460080623015,-0.36583460080623015,0.44443606371043176,0.31706593326348637,0.20806090449231035,0.6968250856818224,0.6506057655719824,0.2522623343331392,0.2522623343331392,2.2050560253784655,2.1684380376031878,0.8678023446642283,0.65611920418733,71.17108673377778,0.7117108673377779,0.1363934267501689,0.15189570591205312,41.05276577000001,276.0309300526082,51659.71124349173,1045.6502330124438,0.44877382740804,2026-05-29 17:41:00
10,278.3724215932459,91.07887567493773,369.4512972681836,208.54058797908056,943.3660179521545,1151.906605931235,91.38273808422434,-29.966333763584316,80.0,0.35428310257640944,0.39340586800956207,AP0117,False,3,0.2895769373686326,0.26574960955327614,0.21805198904075826,-0.05180157453463923,0.23605225373849384,-0.11299224754844572,0.18897879777141202,-0.07259678173457697,0.23316499447982417,0.25544774288065264,0.13577076436828986,0.23787316409604697,-0.002077008146221429,0.2275366002238226,-0.15026353828782757,0.25785874646206747,-0.24771319780169268,0.24467906341564744,0.2389220289477358,61.25568977870816,0.6125568977870816,0.18440033809326214,0.20304276411965624,41.05276577000001,275.6297972422721,52245.001442813766,1080.298526337233,0.43092513752529965,2026-05-30 01:42:00
10,742.3572358717535,138.88025295001037,881.2374888217639,821.3355286959106,1168.4154409370847,1989.7509696329953,94.4385726735,-94.9243071657894,100.0,0.4243729812182144,0.47979865525877596,AP0118,False,1,0.770727075311318,0.770727075311318,0.25623400639316957,-0.1867849948723388,0.19388913995839982,-0.1916845919722868,0.16146905845993617,-0.0249860506006488,0.34557982003070586,0.25964234562996197,0.10927969805863454,0.11664738411960812,-0.06036345324680771,0.13037347445440578,-0.12923518828207203,0.4105492714107434,0.3739312836354647,0.2293031189036798,0.28744146946719284,65.27657038031192,0.6527657038031193,0.15591018673349127,0.19132410946338943,41.05276577,275.6297972422721,51412.35596637179,1158.6820250936864,0.4563143851702192,2026-05-30 10:31:00
10,443.9782500330027,36.99980265007396,480.9780526830767,259.6596545172531,898.6096239285879,1158.2692784458409,86.32170626145512,49.420414714954,90.0,0.4183856965195202,0.4522502578076583,AP0119,False,0,0.4786376418149049,0.45648741268196363,0.26125035958691084,-0.03323258115287105,0.21003665755292367,-0.16149448457078566,0.20630804155670876,-0.20630804155670876,0.289058175127862,0.3507147831080914,0.10564697446915333,0.1842148595388996,0.02326228754007264,0.06769341631221781,0.06769341631221781,0.38348126389933557,0.30001399623363545,0.24652608071463608,0.26779212792124907,67.34192726605917,0.6734192726605918,0.1747367886643327,0.1518439386750755,41.05276577000001,275.447265115845,52035.236824081214,1101.0213462559154,0.45657286667561,2026-05-30 17:59:00
10,999.7260252722766,20.60568205448182,1020.3317073267585,889.0122802170783,271.88201681127,1160.8942970283483,45.058282582225175,46.53794881744518,100.0,0.4855105933416313,0.49253872282671074,AP0120,False,3,1.0364203830529382,1.0364203830529382,0.4293194442962764,-0.07128382551386209,0.2646777941398307,0.23906308775696852,0.20635784733475346,-0.17806019512980922,0.48419386720594965,0.10817524469238449,-0.05859242961535886,0.149373631559011,0.149373631559011,0.2417413546696696,0.07882437300971798,0.10390150714978169,-0.03302085583277525,0.15079793451771167,0.31749590086183066,68.49535442370555,0.6849535442370555,0.14950643077353729,0.16554002498940718,41.05276577,274.96051277870623,51384.63935422062,1051.5277619754393,0.45943370915615606,2026-05-31 02:17:00
10,678.5636396240553,45.39142920305514,723.9550688271105,834.8600846361519,221.31672479362715,1056.176809429779,13.741367193248237,-67.32309202836393,100.0,0.46951818279346913,0.4861292698236025,AP0121,False,4,0.6854705416377526,0.6854705416377526,0.4589770825616573,0.4165200962159996,0.3095139881932552,0.2910955801965048,0.1865161341113466,-0.18384365266487027,0.4101194366260029,0.19312253395705675,0.11238285377087748,0.12430657215532762,0.013811892001288073,0.21403810898625766,0.10065752220316504,0.10721638620152038,-0.07604781730562196,0.1596709003250406,0.28489516847552177,67.45212522669513,0.6745212522669514,0.14098574866345623,0.18449299906959235,41.05276577,274.96051277870623,52388.14829772672,1050.1652119546623,0.4492593578271692,2026-05-31 09:59:00
10,476.364195631315,2.266851883048293,478.63104751436333,639.4433871431636,328.4583140011325,967.9017011442961,17.50903746110879,19.91182955552685,100.0,0.4167589018555701,0.4412224345370667,AP0122,False,4,0.5614685630803087,0.48865828317764004,0.2678788223460185,0.06814747181603595,0.3460440315537446,0.30275813283386477,0.3197686844464396,-0.3197686844464396,0.3737900253566278,0.25329634416549546,-0.0111490559834298,0.210774652584373,0.06976591749018361,0.14054611684047463,0.12889961023003269,0.1607840617092086,-0.1607840617092086,0.1913502938248879,0.2825701595907579,70.19702705991743,0.7019702705991743,0.1415617786559881,0.15646795074483746,41.05276577,274.96051277870623,51734.02401316814,1111.2389610719163,0.4581358469623688,2026-05-31 17:39:00
10,1172.299490140904,28.47657948387512,1200.7760696247792,722.8592719193953,554.331171247886,1277.1904431672813,86.85621417085628,93.9770233730344,100.0,0.4523507206190615,0.4561714392961867,AP0123,False,2,1.2170817633332234,1.2170817633332234,0.3392609782687237,-0.1831822999860205,0.21521299694425525,0.11043791514332614,0.3006773832115673,-0.3006773832115673,0.5180582804394425,0.08976183500483774,-0.03324096388012586,0.32037528368856155,0.32037528368856155,0.31027757119233135,0.3065412218168897,0.12798447324240714,-0.04616334566307666,0.21209979078203445,0.36507903561073846,71.38927536616988,0.7138927536616989,0.09711335760622933,0.1889938887320717,41.38141076,274.4602209748508,52159.96908759666,1098.9078879728906,0.4499688509084896,2026-06-01 01:19:00
10,372.35306066596775,-28.001576174937266,344.3514844910304,716.769001805652,196.9059817588302,913.6749835644822,-131.12579290911944,-144.40626679314022,90.0,0.4726777410587106,0.5011439160123832,AP0124,False,3,0.3975000617357473,0.3975000617357473,0.4178923988180543,0.24104694558811257,0.42121085538104897,0.35901904845241955,0.2717836063856404,-0.2717836063856404,0.3770967305801228,0.1463287979734692,-0.11273044568959603,0.18128490365992614,-0.1648607316841637,0.1654559620727123,-0.1654559620727123,0.15133274790102028,-0.06020175753311394,0.16110060290178196,0.2690986667409524,70.91459476986874,0.7091459476986873,0.12545983982435388,0.16539421247695874,41.38141076,274.4602209748508,52354.15835962891,1056.5649269132987,0.4535814386108877,2026-06-01 09:24:00
10,443.49792658424184,32.15156029437675,475.6494868786186,520.2560113642099,198.13855275189405,718.394564116104,76.7597258755593,45.19012344994371,90.0,0.4548599098826792,0.46699716374455347,AP0125,False,2,0.4508320164279181,0.4508320164279181,0.12348307244374516,0.12348307244374516,0.20847424019651473,0.1486240238674362,0.11103030049826117,-0.11103030049826117,0.22345490739160978,0.169027431211003,0.14944827097098085,0.142864972011006,0.0951182211647269,0.17197960161580667,0.17197960161580667,0.10568474366247338,-0.07433804539390748,0.14738918712507226,0.18542204725834102,64.66488603060837,0.6466488603060837,0.19046399806576092,0.16288714162815537,41.38141076,274.4602209748508,50096.788698399156,1075.9875306127615,0.4383808381532993,2026-06-01 17:03:00
10,913.5661609734459,17.724065434733898,931.2902264081798,898.9921826633308,239.07768486071302,1138.0698675240437,-5.01201337409023,-57.36361802200287,100.0,0.4120991875162116,0.4224381695720048,AP0126,False,1,0.8953940653400888,0.8953940653400888,0.191101691186961,0.05141408089195613,0.2206676642777996,0.07243541193923599,0.18682647409223915,-0.18682647409223915,0.37349747372427217,0.13122357668342766,0.11047547578935188,0.19811959966353787,-0.06334022052361876,0.21949860177900837,-0.033177233521557346,0.12257105735998701,0.007007635381926067,0.16785320887149022,0.2706753412978812,64.97174973309644,0.6497174973309645,0.10105017716390223,0.2492323255051333,41.38141076,274.4602209748508,49527.611295865885,1069.233651616648,0.4419920896809352,2026-06-02 00:40:00
10,1088.1574460390743,-40.03634418503744,1048.121101854037,1343.8809251403404,316.1745950142747,1660.0555201546151,-156.707204129063,-191.69671601978865,90.0,0.41572736220751205,0.44632408312254085,AP0127,False,0,1.0993072459979765,1.0993072459979765,0.2023715623496504,0.15906847555835232,0.411608203723457,0.411608203723457,0.21207299978724922,-0.21207299978724922,0.4813400029645833,0.07962563025938593,0.07559884176595585,0.4132926913450722,-0.4132926913450722,0.3775952101323436,-0.3775952101323436,0.15079556960561963,0.030066982905112408,0.25532727533560534,0.3683336391500943,68.99600333422,0.6899600333422001,0.12968348784886813,0.18035647880893171,41.38141076,274.4602209748508,49185.67391763965,1026.4257830612594,0.42717918870173693,2026-06-02 08:45:00
10,1140.4003919521797,43.09918615301501,1183.499578105195,823.797873770567,360.1710701235545,1183.9689438941214,80.96023081117767,52.985042178428785,100.0,0.4743457985132554,0.47436926680270197,AP0128,False,2,1.1464709947093872,1.1464709947093872,0.2281107460032085,0.11356474507201263,0.3480208521131871,0.3480208521131871,0.3024470486147352,-0.3024470486147352,0.5062624103601295,0.12991363096656777,0.04555281680327766,0.11166976813653479,0.11166976813653479,0.13025577064534374,0.12465863260432877,0.17605824665432973,0.17605824665432973,0.13697435410069403,0.3216183822304118,63.3889067796939,0.633889067796939,0.16629229278493315,0.1998186394181278,41.38141076,274.4602209748508,51270.47075191772,1018.5289485590123,0.4345396019610455,2026-06-02 16:16:00
10,953.4885317096159,37.426561222119574,990.9150929317356,1017.0909249647758,175.69748387110212,1192.7884088358778,46.275661607392124,-13.829635258248771,100.0,0.45763634639521245,0.4677300121904195,AP0129,False,2,0.9885057396811069,0.9885057396811069,0.40751408560590235,0.17445189127153513,0.27633632206630326,0.22080789460451375,0.4791468553706766,-0.45830715594377075,0.5378757506809972,0.20010250883774153,0.19530125275312693,0.16862002092822087,-0.14489965310463943,0.1265620401733539,0.06388954701992744,0.11619295145367672,-0.11619295145367672,0.15286938034824826,0.34537256551462275,68.80948984907785,0.6880948984907787,0.15865155249540888,0.15325354901381252,41.38141076,274.5824252361882,52305.35334575057,1052.0477690925456,0.4346124916311828,2026-06-02 23:55:00
10,1166.2780749016679,19.292177448587367,1185.5702523502555,1433.4234304572412,426.51043794706925,1859.9338684043103,124.41137809714996,142.99433752894245,100.0,0.42576713589078186,0.4594853166934846,AP0130,False,1,1.2140082794024445,1.2140082794024445,0.3778227619074368,0.3683799969728014,0.46324227981746907,0.457481273827603,0.4845874294295698,-0.4845874294295698,0.63491518763923,0.14236755410210955,0.14236755410210955,0.41291839467930885,0.24884078399957751,0.24612355754398868,0.15928742522340705,0.13472546018640155,0.07371944428929704,0.23403374162795212,0.4344744646335911,76.22740468599622,0.7622740468599623,0.1474980397359847,0.09022791340405302,41.0326916,274.59464566232197,52331.02867517031,1056.3209058303942,0.4495352784770983,2026-06-03 07:38:00
10,902.2271994874286,68.0109658156487,970.2381653030774,599.143918588608,114.92266156809796,714.066580156706,41.8801129423162,-45.079237414502416,100.0,0.46839447225590697,0.45558589299858837,AP0131,False,3,0.975701589952604,0.9300495547365042,0.27868072297381286,-0.06842771841468309,0.27292173550242577,0.21972046403412668,0.32400445902235253,-0.31867534849527357,0.4628271268627988,0.17219411284288538,-0.04342817388740959,0.08609102186795338,0.019602573796903278,0.14453045523913666,0.13894633926880706,0.05931309905520758,0.04299439522293981,0.11553217225129575,0.2891796495570473,64.63338094067147,0.6463338094067148,0.18237273938928994,0.17129345120399528,41.0326916,274.59464566232197,53468.27049216885,1052.7609383994645,0.4586717319502669,2026-06-03 15:26:00
10,876.3825868128054,5.515606538171925,881.8981933509774,739.1884765750449,322.84031305125245,1062.0287896262973,-53.36205320215356,-92.4337163116794,100.0,0.5056945831113655,0.5147011129251315,AP0132,False,2,0.9055040060651435,0.9055040060651435,0.3207208368488334,-0.28398615738619626,0.2238729971259655,0.07964458425263775,0.33054505204056955,-0.33054505204056955,0.44516072302012794,0.18711793956018166,-0.000239380688687953,0.25180664435992406,-0.19815173939962744,0.21871584568014404,-0.15852835042747254,0.23009901127942645,-0.2099003146158891,0.22193486021991904,0.3335477916200235,65.88374795030101,0.6588374795030101,0.16419425781231864,0.17696826268467128,41.0326916,273.81822073059703,54943.04457083873,1100.1742830906155,0.46549438676270094,2026-06-03 23:35:00
10,992.4701188254276,-86.45065113326115,906.0194676921664,847.1129669202262,350.9635066345136,1198.0764735547398,69.80505106987681,256.6996861165612,100.0,0.432223715813829,0.44682656610695765,AP0133,False,4,1.1727472942641721,1.0443632214993588,0.48943513879750805,0.3662045672859289,0.41219876643104575,0.3996103411848498,0.4404995681825398,-0.18336431106199658,0.6287201919188163,0.0659128871504461,-0.04825973939959795,0.644245883187389,0.3610948132723035,0.22526680163284835,0.21362029502240643,0.06436993699153057,0.05972964121035155,0.2499488772405535,0.43933453457968497,68.47738955075236,0.6847738955075235,0.15653739014782722,0.15868871434464923,41.03269160000001,273.74057823742453,53704.59416627498,1057.50590167338,0.4685355066900572,2026-06-04 07:53:00
10,1110.3796072469831,25.656875275309666,1136.036482522293,700.8871697145684,303.87058270242653,1004.7577524169949,29.946594931572548,-9.713654567257151,100.0,0.48153569646432554,0.4749717599590607,AP0134,False,0,1.1666675219693472,1.1666675219693472,0.3635891711123951,0.04550226053122205,0.323663276392046,0.20081917169134458,0.24126595222237882,-0.24126595222237882,0.5237964804240418,0.19722219949560965,0.04203373501778075,0.13532479909482845,-0.02968072635244865,0.19940667472203605,0.1112846941151136,0.24203645780085303,-0.06373459106127975,0.1934975327783318,0.3586470066011868,61.91397879590847,0.6191397879590848,0.2624060765348126,0.11845413550610256,41.0326916,273.74057823742453,53875.74462594393,1051.7714761511359,0.45950384043002307,2026-06-04 15:53:00
10,944.2241104001906,213.92630134713113,1158.1504117473216,721.9046818601125,2189.8668696271516,2911.7715514872643,154.0735067304575,-106.25521982111161,100.0,0.4039333997545243,0.4916144567415214,AP0135,False,3,1.001726799009034,1.001726799009034,0.365532542274648,0.23142073984172326,0.4656827316832322,0.45287537849180115,0.2113114332028391,-0.2113114332028391,0.5110633765424383,0.16305774278377097,0.04395822404348738,0.23178748125680232,-0.20115199921323731,0.5261282482524886,-0.5250055484807641,1.2263226025240983,0.8918811916732096,0.5368240187042901,0.5239436976233642,62.26040941233482,0.6226040941233482,0.19058083127654157,0.18681507460011024,41.0326916,273.74057823742453,53480.02171937088,1095.756022925879,0.46659503277211295,2026-06-04 23:43:00
10,758.8942108612092,44.007897140172375,802.9021080013814,740.9792601651275,71.17520242202886,812.1544625871563,-48.28008996187697,-157.1127873180157,90.0,0.3826467395683651,0.3831093572976539,AP0136,False,1,0.8031790208117083,0.7813878420648451,0.2987658251450021,-0.2987658251450021,0.09423344909408964,-0.09423344909408964,0.34582424077545776,-0.34582424077545776,0.3855006339565645,0.08210396238575618,0.015205524273721592,0.14221090652295526,-0.14221090652295526,0.10007142799053054,0.07677650414751552,0.0329716639139785,0.031116957132085916,0.08933949020330512,0.2374200620799348,68.06820204907228,0.6806820204907228,0.1763479427278335,0.14297003678144365,41.0326916,273.74057823742453,55231.699890580225,1048.1262686629425,0.4653917390629137,2026-06-05 08:01:00
10,943.428506611405,-27.607815386547855,915.8206912248572,778.5841121699173,781.0335882192553,1559.6177003891726,-17.251416044125165,20.444688355107928,100.0,0.45113269630100017,0.48332254675921593,AP0137,False,4,0.972680003962294,0.972680003962294,0.17794923568802948,-0.17794923568802948,0.15488267199272449,0.07993242585019213,0.2598377223891733,-0.2598377223891733,0.3913374085080553,0.1032817482298278,-0.052871257832682865,0.28889205808243396,-0.019944707733993122,0.07886456533247718,0.00029819651625975774,0.31166836203488824,-0.31166836203488824,0.1956766834199068,0.29350704596398103,70.88639124036565,0.7088639124036565,0.16769689414483432,0.12343919345150926,41.03269159999999,273.74057823742453,53588.81599624463,1033.3842489013325,0.4600552751851778,2026-06-05 15:58:00
10,423.4016302664428,102.62860944893754,526.0302397153804,711.223376033445,159.0464845932422,870.2698606266872,-31.766626441023448,-213.76312513612245,100.0,0.5169108383850867,0.534122819430652,AP0138,False,4,0.45071965888948134,0.45071965888948134,0.32990785975406356,0.2793883362545175,0.41041120637119466,0.41041120637119466,0.2611794495296453,-0.2611794495296453,0.36305454363609624,0.04556712436483579,-0.04141423945037744,0.21712558114968916,-0.21712558114968916,0.0575121818868979,0.026235323073636966,0.06162873539428091,-0.06162873539428091,0.09545840569892594,0.2292564746675111,58.625967158488876,0.5862596715848888,0.16216104186555,0.25157928654956124,41.44016997999999,272.85249457071365,52260.1209954087,1016.1633256258999,0.4610087003398483,2026-06-05 23:38:00
10,836.0602133243018,82.04001644220105,918.1002297665027,715.307958957693,364.14926494793076,1079.4572239056238,23.131875800505668,-111.80328393234316,90.0,0.4212541768531821,0.42932202656013807,AP0139,False,4,0.9465479477268238,0.8181638749620105,0.2629917202790831,-0.16489371234454694,0.1539537353106857,0.06493023082593291,0.31869335045493574,-0.31869335045493574,0.4205466884428821,0.17879243057864094,0.04980470252544648,0.16450291902221476,0.0046320974170440884,0.1915836817293097,0.17993717511886773,0.1655156490638014,0.09094656178572598,0.17509867009849173,0.2978226792706869,69.90259533159339,0.699025953315934,0.1551656425382727,0.14580840414579335,41.44016997999999,272.7636862040426,52227.77282069866,1041.3924854555974,0.45445223391069817,2026-06-06 07:42:00
10,980.3760748198747,102.65183486409798,1083.0279096839727,1044.608000076417,501.3369060978514,1545.9449061742685,89.78722792639962,-50.04296496378083,100.0,0.48301245096827294,0.5061583007927879,AP0140,False,1,1.0124940619430702,0.9887033393482346,0.3149905398107162,-0.3149905398107162,0.11888496738589392,-0.09658830253769456,0.2708566345773544,-0.2708566345773544,0.4293065509292587,0.1767089270949915,0.12128776578878982,0.16746118953907657,-0.029801123949666518,0.11868677263124924,0.07384858286776275,0.18944036473005815,-0.02113634723879306,0.16307431349884388,0.2961904322140513,69.96473877301716,0.6996473877301715,0.16142410172786467,0.13892851054196384,41.44016997999999,272.7636862040426,50535.689271086994,1030.8162432630772,0.4557705988717213,2026-06-06 16:06:00
10,1035.5924066377563,151.21054305183137,1186.8029496895879,635.5673563688218,272.8954875030745,908.4628438718963,127.28035823503927,-52.2557322173368,100.0,0.48554693888954664,0.4716299335986619,AP0141,False,1,1.043440197294861,1.043440197294861,0.30021145233201807,0.18394681936960475,0.46325642730382244,0.41978613563358547,0.4345206459042281,-0.4345206459042281,0.5603571807087324,0.1904885820800738,0.07191902485544542,0.16067395782391294,-0.0696477566296078,0.21279371269799663,0.006023524162628723,0.06858951633399829,0.007062513604463777,0.15813644223399542,0.35924681147136395,62.295206859461196,0.6229520685946119,0.18131005513707854,0.19573787626830955,41.44016997999999,272.1954292495939,52237.44187222516,1028.8349385777306,0.4565063749705776,2026-06-06 23:45:00
10,817.6577725837377,129.73545766791162,947.3932302516492,616.0258365626579,1274.5865898798213,1890.612426442479,51.698788044427005,-116.22947395968333,90.0,0.434565487506925,0.48172644731646647,AP0142,False,1,0.9589570611475317,0.81640151685338,0.3101363649338565,-0.03328365613313369,0.384832926435057,0.20945689920383118,0.2945465049910245,-0.2945465049910245,0.4871182143768674,0.36927797340177576,-0.049640105958423365,0.3195196360605778,-0.3195196360605778,0.2901479607361658,-0.2901479607361658,0.513870934569338,-0.13227440060438542,0.3732041261919643,0.43016117028441586,73.55770200610748,0.7355770200610748,0.12331821292353863,0.14110476701538643,41.44016997999999,272.13860355414903,53305.229133681954,1060.5887339529493,0.45709156015989005,2026-06-07 07:49:00
10,965.8225301978948,36.98712233526363,1002.8096525331583,833.6073934977564,134.96231974589796,968.5697132436544,21.018093932696075,-40.79503567060988,100.0,0.43876366419534785,0.43705166723087263,AP0143,False,0,0.9811489981130053,0.9811489981130053,0.37664522322761873,-0.37664522322761873,0.27839915479072114,-0.27839915479072114,0.2575355097873639,0.1915020535553327,0.4734322214796773,0.16551363953631476,0.050985182827792026,0.13635063970176237,-0.07033690083468035,0.08381053967624948,0.07224622365169968,0.08975661262651274,0.04882477068391638,0.11885785788520983,0.29614503968244354,72.47417241213776,0.7247417241213775,0.12224949083485147,0.15300878504377086,41.44016997999999,272.13860355414903,51262.44722890237,1063.1621949121165,0.4567515505594152,2026-06-07 15:50:00
10,383.14422559323145,72.92382951360314,456.0680551068345,585.2461736339162,714.2243119915656,1299.4704856254818,209.21058352718774,211.78950995898722,100.0,0.45391122939218703,0.49608135091811933,AP0144,False,3,0.6224097325047575,0.4014210657236947,0.37251241879801644,0.37251241879801644,0.34724701291619825,0.3416928038703333,0.15508554822840717,0.013173397329874386,0.37431367811184485,0.10147912273338343,-0.03949123236824874,0.5058199261135389,0.5058199261135389,0.47779262404712725,0.47779262404712725,0.20695901285572055,0.12831875468620338,0.32301267143744256,0.3486631747746437,69.91445579487271,0.699144557948727,0.13527356072565505,0.165581881325618,41.44016997999999,271.23238282865293,51967.2719913975,1051.6714579327452,0.45751359326940094,2026-06-07 23:20:00
10,333.5151344173495,23.691651984708088,357.2067864020575,232.80888517141943,96.6470498123424,329.45593498376184,5.129289939625295,-28.820206707162185,60.0,0.3773036042370117,0.3759160616660969,AP0145,False,2,0.3452797628909721,0.3452797628909721,0.13894163168488385,-0.08175547896794795,0.1750736561454358,-0.11077738075971527,0.13259274798338347,0.13259274798338347,0.19797194967616882,0.12031836563594421,-0.00042876514533119955,0.058072996592703055,-0.0039389139656277,0.08257217152299606,0.07697503348198115,0.19482787820595454,-0.019675991092188122,0.11394785298939947,0.15595990133278415,64.86719646914743,0.6486719646914743,0.20858118014294943,0.1427468551655763,41.44016997999999,271.0310004452093,52793.76097980065,1058.8452669182263,0.45870914595483725,2026-06-08 06:59:00
10,619.0377523062749,23.453577780331184,642.4913300866062,672.4078494839775,135.36870278017477,807.7765522641523,54.75640316216305,33.13556398403455,100.0,0.42874452469600416,0.4370087858048814,AP0146,False,0,0.6578425752506399,0.6241219392698804,0.2614051821656213,-0.11999465621526213,0.23236425472558855,-0.04707448582174891,0.20554451014079464,0.11981907538157192,0.3392891305706611,0.17847046217423942,0.06046797425860909,0.18563200757003934,0.04020261746726977,0.043200047354555314,0.027883303328342997,0.15506320219620243,0.11413136025360607,0.1405914298237591,0.23994028019721012,72.80955270837866,0.7280955270837866,0.1510173431319196,0.12088712978429397,41.44016997999999,271.0310004452093,51660.094354996756,1038.0709859234898,0.45859646483680727,2026-06-08 14:48:00
10,476.06058788996256,26.550993279339576,502.61158116930216,1522.1357757973215,282.08557180985827,1804.2213476071795,100.5440893605874,99.77010640933077,90.0,0.3887049750150419,0.4537854633369358,AP0147,False,1,0.6343616536431166,0.5036205033079556,1.2247958674574637,1.2247958674574637,0.7587977142772809,0.7587977142772809,0.5767669008643194,0.325187854336146,0.7986805340605451,0.1767451352662767,0.11101934768273145,0.21756940350177012,0.1713500833919297,0.14342087254740576,0.14342087254740576,0.0514142157042885,-0.0514142157042885,0.14728740675493526,0.4729839704077402,72.96307508304407,0.7296307508304408,0.13062973226723745,0.1397395169023218,41.44016997999999,270.93203514646825,53094.782469922975,1059.813473418545,0.46228140576424076,2026-06-08 22:15:00
10,480.9690956533685,-23.589924373957366,457.37917127941114,607.7064295486468,221.77613151200057,829.4825610606474,44.28220674930603,98.49788814261007,80.0,0.30376432261252895,0.32236949210159105,AP0148,False,0,0.5125991108904694,0.5125991108904694,0.38889988119221774,0.38889988119221774,0.532945381416241,0.532945381416241,0.21033605848723944,0.17774196432599632,0.4111951079965419,0.0872847142429447,0.0872847142429447,0.26002624869962165,0.15384472819632974,0.04833892539237016,-0.04833892539237016,0.20630908579189774,0.20630908579189774,0.15048974353170858,0.2808424257641252,77.68774908452457,0.7768774908452458,0.06271633759977725,0.16040617155497708,41.44016997999999,270.8754835471877,52384.94078587466,1095.5816877713694,0.4589133933756991,2026-06-09 06:13:00
10,785.2754513889574,-8.14147248101739,777.13397890794,597.2061385181521,498.08318068885865,1095.2893192070107,-41.22837540739653,-52.74341831694096,100.0,0.3872534320926491,0.4031611991076026,AP0149,False,0,0.8314625449487135,0.8314625449487135,0.31804322852774,-0.028538658961955492,0.13716999293115636,0.07329460166788769,0.2829114598839482,0.2770402795903663,0.3923968065728895,0.11521655088762325,0.0025808798302707076,0.3519769554039149,-0.19837011277475977,0.30168740737113764,-0.23507127893534246,0.21820858513835503,0.21820858513835503,0.2467723747002577,0.31958459063657363,74.86081370884254,0.7486081370884256,0.11701672311043158,0.13437513980114288,41.44016997999999,270.8754835471877,53418.194838042975,1052.0324167008607,0.4641212926422356,2026-06-09 13:50:00
10,1114.7996428849328,1.3639548110920217,1116.1635976960247,1991.4920532510594,109.46041146594803,2100.9524647170074,31.975325184715246,45.79725245842994,90.0,0.43835874646646095,0.48759818981751,AP0150,False,0,1.1566349199356627,1.0771226384141015,0.896788447719065,0.896788447719065,1.0194597371481864,1.0194597371481864,0.23157434906444854,-0.18783676832721263,0.8261143634668406,0.06038044847754863,0.006907441925315297,0.0652888214360315,0.0652888214360315,0.007497438196920496,-0.007497438196920496,0.11389749682289116,0.11389749682289116,0.06176605123334795,0.4439402073500943,68.49495300566005,0.6849495300566005,0.16398575754777134,0.15106471239562816,38.68303051,270.8754835471877,46513.654526052946,1042.8925110746993,0.44776651722307564,2026-06-09 21:27:00
10,696.2022585124346,131.0595041421148,827.2617626545494,1143.4438044825395,193.94145815438674,1337.3852626369262,-4.420423931353184,-213.79656947287617,100.0,0.48718741165901375,0.5126935866581327,AP0151,False,4,0.6661908671173046,0.6661908671173046,0.3091740422927551,0.2916701742951581,0.5868547115581833,0.5868547115581833,0.2773160754090435,0.2773160754090435,0.4598839240943216,0.19698304735799713,-0.014133272015563999,0.21342164012348905,-0.13145300104546076,0.23402862293286775,0.06820252192938553,0.06418665580710863,-0.009397363367449719,0.17715499155536563,0.3185194578248436,57.404971526154746,0.5740497152615475,0.18636904392452736,0.23958124081392515,38.68303051,270.8754835471877,47110.80032003404,1040.1249884853282,0.45678746094089673,2026-06-10 04:34:00
10,990.9944478814933,8.159273572507436,999.1537214540008,1740.9851904314703,225.7334022052528,1966.718592636723,57.18812485116479,76.31165611821001,100.0,0.43567626540164994,0.4840545089607861,AP0152,False,0,1.0062232224690166,1.0062232224690166,0.5846608577313638,0.5493866559957239,0.670626874139517,0.670626874139517,0.12824387691115904,-0.01674634501556711,0.5974387078127642,0.08148291312102066,0.0004915998239610406,0.13749971506587597,0.13749971506587597,0.07368786509508343,0.0680666408989942,0.19561269816245247,0.06696633630387168,0.12207079786110812,0.35975475283693614,71.15277172170163,0.7115277172170162,0.09815900106246724,0.19031328172051648,38.68303051,270.8754835471877,52139.96147351704,1036.1099498140468,0.4715821657970318,2026-06-10 12:19:00
10,629.0085190589367,39.61201915610863,668.6205382150454,957.8708840582887,292.9890512023321,1250.8599352606207,109.75519845697124,106.06334467029183,90.0,0.4743919470070992,0.5035039168593781,AP0153,False,1,0.6540134809129098,0.6540134809129098,0.5649554455738927,0.5275192175816948,0.5284420917950162,0.522959570142007,0.23496658183521923,0.009819436966757198,0.4955944000292595,0.14366581289871552,0.0025158371671783683,0.29603019223359694,0.138619849001515,0.18472312451693113,-0.0004563639112878798,0.10467550719234074,0.09276478087608976,0.1822736592103961,0.33893402961982777,67.8650647984966,0.678650647984966,0.1503186217255262,0.17103073028950785,38.68303051,270.6888093640446,50138.96960871739,1037.2386876338367,0.4660734359760757,2026-06-10 19:46:00
10,1100.5187271099894,68.57093967603407,1169.0896667860234,502.8179887585334,740.2494755888711,1243.0674643474044,132.197248521049,88.8011288619839,90.0,0.45116224180498615,0.4548611316830552,AP0154,False,1,1.105679637231636,1.105679637231636,0.09162298578443573,-0.041577951825305076,0.13762454227356957,0.13762454227356957,0.26081584241895234,0.2263400534347114,0.3989357519271484,0.23180710698178292,-0.006141525733365676,0.3196326371181625,0.25435050962164896,0.3161952677037717,0.3161952677037717,0.08360107771720737,-0.007011526231934455,0.23780902238023113,0.31837238715368976,64.25260676394039,0.6425260676394039,0.1469630268292861,0.21051090553131005,38.68303051,270.3621295435442,49928.00990975821,1092.4684932971938,0.4698447028625971,2026-06-11 03:08:00
10,838.8364830477342,4.326247088400592,843.1627301361349,749.11615177453,335.15767121518934,1084.2738229897193,139.01648724471505,216.15340209970248,100.0,0.46364550426149753,0.4757010589041766,AP0155,False,3,0.8459352254739517,0.8459352254739517,0.22464573430868817,-0.11014112403262959,0.29654673970963186,-0.05120373451715721,0.31116676897399653,0.2856463836321521,0.41957361711656704,0.10136012164890608,0.014770386753150636,0.3597357837868253,0.3597357837868253,0.167895461525886,0.1623113455555562,0.2122424375486213,0.2122424375486213,0.21030845112755966,0.31494103412206337,67.62038048269191,0.6762038048269192,0.17000057581094433,0.15379561936213648,38.68303051,270.3621295435442,54010.55185837323,1085.978707941321,0.466214945808994,2026-06-11 10:58:00
10,544.8345380403031,21.76655097619768,566.6010890165007,588.6344956254366,365.3850070910263,954.0195027164629,17.50640092895597,0.839994016352307,100.0,0.5159871816713164,0.5353581023563144,AP0156,False,4,0.5551171443125155,0.5551171443125155,0.1669266840684962,0.1669266840684962,0.19840509384897873,0.189270393310324,0.291760336963703,0.19896264950130438,0.3030523147984234,0.14808663752383774,-0.07128038813587541,0.36072485676456467,0.0770042898850628,0.21375108263869264,0.004675183248282995,0.15063924887988384,0.03300714197601433,0.21830045645174473,0.260676385625084,68.93970821422688,0.6893970821422688,0.1658897281311395,0.1447131897265917,38.68303051,270.35441886312844,50236.37628556919,1063.0441945348025,0.4650738700673597,2026-06-11 18:36:00
10,631.0347207522332,36.9115299045654,667.9462506567985,1132.459016403895,345.6967478856566,1478.1557642895518,63.52313272458878,28.775376093938632,100.0,0.4422527155762871,0.4827631912579248,AP0157,False,0,0.7278000376926719,0.6463246020802819,0.4557081290883034,0.4557081290883034,0.6151984922359378,0.6151984922359378,0.15973342710384297,0.060169341341365146,0.48961002153018907,0.19437526509081848,0.02667671474756502,0.10261747824763623,0.10261747824763623,0.19699196597186622,0.19699196597186622,0.08255032122501937,0.028458774288812445,0.14413375763383507,0.31687188958201207,70.87437249317207,0.7087437249317207,0.07972764671832977,0.21152862834994962,38.661193440000005,270.33385704868624,49874.1088925456,1062.5794229835406,0.46309488166857055,2026-06-12 01:58:00
10,1008.1967213767365,257.3236379056648,1265.5203592824016,812.0278646604115,1345.1236139299822,2157.1514785903937,339.03710102837084,113.20107709294302,100.0,0.434354566954406,0.47893612291980536,AP0158,False,3,1.1254338345944428,1.0316512595654743,0.20957300454104869,0.20957300454104869,0.24478589286482302,0.24478589286482302,0.17444147148811937,0.11880975593655556,0.43855855087210843,0.10707044043408503,-0.0014887359819901452,0.7474165650096845,0.7474165650096845,0.2688884721310677,0.26516081559209287,1.1714868377065644,1.100854937824754,0.5737155788203504,0.5061370648462293,72.61908325123001,0.7261908325123002,0.13950207164741357,0.13430709584028627,38.661193440000005,270.33385704868624,50521.24992673564,1063.9875641245842,0.46520550621890966,2026-06-12 09:41:00
10,1453.4019189551468,-28.521870987365503,1424.8800479677814,765.2828817367017,547.7228257835511,1313.0057075202528,118.2490020609819,245.25162672677726,100.0,0.4788213992414593,0.47322768221908296,AP0159,False,0,1.4423453680949387,1.4423453680949387,0.34228439950868034,-0.10699441420883475,0.18534962859486948,0.07982910948911137,0.13587288481704243,0.10163623793228305,0.5264630702538827,0.08889307623768046,-0.08889307623768046,0.5678753185543856,0.4527271014735489,0.27849551328633987,0.2626405077280756,0.18319381395128143,-0.18319381395128143,0.27961443050742185,0.4030387503806523,79.06775670112962,0.7906775670112963,0.06742519133641707,0.14189724165228654,38.661193440000005,270.33385704868624,49746.596643238925,1081.4262780975805,0.46736079007166165,2026-06-12 17:16:00
10,968.0953412885204,46.959849249207615,1015.0551905377281,571.2070713270634,335.58426885375684,906.7913401808203,49.47280533520106,-0.5219929599339821,100.0,0.48851088027768286,0.4830976877598374,AP0160,False,3,0.9882127245437259,0.9882127245437259,0.18901061239979397,0.061289366531574185,0.28760685939893516,0.28760685939893516,0.2073241582722665,0.005222958593693291,0.4180385886536804,0.11911661445660122,-0.011582829807387587,0.16726771959998246,0.0069486578109604034,0.22360106344249786,0.06003218137772649,0.17953772625351416,-0.15928738720261362,0.17238078093814893,0.29520968479591464,65.36215586362145,0.6536215586362146,0.14211354708239224,0.20426489428139316,38.661193440000005,270.2033740983223,49757.11821770382,1102.9892955398598,0.4651754867071772,2026-06-13 00:38:00
10,976.8864166868962,56.43299875082039,1033.3194154377165,1023.2566339958787,425.10693934029723,1448.363573336176,147.2469716498249,139.79402836300153,90.0,0.4608664816107769,0.4816186895056999,AP0161,False,1,1.0967813607929786,0.9716198633659876,0.16182211172015024,-0.014360384001273664,0.05703014512845237,-0.0016111648757364445,0.19244548477262455,-0.0024728534798088195,0.3770197756035514,0.16280371202025154,-0.00818121650877876,0.1677071372578297,0.1677071372578297,0.12092559990147193,0.12092559990147193,0.10773649010300039,-0.04195986958609838,0.1397932348206384,0.2584065052120949,73.58917465220368,0.7358917465220367,0.09803702804957856,0.16607122542838468,38.661193440000005,270.2033740983223,49916.37991528265,1071.731471703839,0.45994619144153503,2026-06-13 08:38:00
10,904.3700598553744,40.333084319452844,944.7031441748272,711.9707612423631,284.32296310283823,996.2937243452013,63.576502193610736,26.344854921418232,90.0,0.4995071633917078,0.5020866924002265,AP0162,False,1,1.016951707925996,0.9257343147848794,0.26911029023752026,0.2316740622453225,0.3336675795205291,0.33000774190281046,0.18679954259061018,0.017806229111385286,0.45163228006866385,0.08653912003436322,0.045245787094533294,0.16227704830522308,0.05822757135014801,0.16386263055972047,0.07702649823913905,0.16198191785526975,-0.02196801762909739,0.14366517918864413,0.29764872962865396,82.04861096752636,0.8204861096752636,0.06895839545602223,0.11055549486871422,38.661193440000005,270.2033740983223,50636.999040312934,1088.810052651557,0.46701786989497573,2026-06-13 16:16:00
10,1396.660464883636,41.486344075498344,1438.1468089591344,1225.5624882903307,238.4163664857963,1463.9788547761268,19.397179799897515,-50.03748624437435,90.0,0.42941794572017294,0.43070954801102274,AP0163,False,1,1.3188629803757397,1.3188629803757397,0.1255203839850607,0.01837267940117535,0.08683312383629421,0.053227295478600785,0.40569167854084026,0.38227515260435624,0.4842270416844837,0.14299243253472887,0.10954321347871149,0.2115289952710193,-0.07674961613110086,0.1306817838860995,0.055639584371351525,0.1410818907084364,-0.1410818907084364,0.156571275600071,0.32039915864227736,68.27180915430661,0.6827180915430662,0.07813474167212492,0.239147166784809,38.661193440000005,268.83244508966925,51197.85007648731,1090.8798543331263,0.46834167096829465,2026-06-13 23:47:00
9,859.3804953756024,61.566138709446946,920.9466340850495,816.8516058608116,476.2676897637774,1293.119295624589,147.8420102117148,121.7426661611255,100.0,0.4198030148361133,0.4404792738105321,AP0164,False,2,0.9477974547329704,0.8655769706461366,0.14905746914295406,-0.10719198074557741,0.07974963873392328,-0.003464198733339858,0.18860907378765923,0.11660254736278759,0.34130340909937673,0.2529729741747741,0.05819301057313394,0.35296054227016294,0.35296054227016294,0.1928649153239079,0.1928649153239079,0.5014332769870117,0.5014332769870117,0.3250579271889642,0.33318066814417047,70.82211568321414,0.7082211568321414,0.12278353036371618,0.16899531280414237,38.63335399999999,268.69535218880395,50175.30087057901,1141.49496932108,0.4626601321232604,2026-06-14 07:52:00
10,918.620899643734,0.730443203994696,919.3513428477286,797.8321439428887,610.8685058119406,1408.7006497548293,38.80414720730133,69.72490971302253,90.0,0.4652015822036442,0.48966904754899926,AP0165,False,4,0.9587465688001507,0.9587465688001507,0.3173243273289421,0.09973293618445324,0.1788585799934009,0.06081786641572192,0.2115813839953857,0.2115813839953857,0.4166277150294699,0.12401519800778228,-0.058464720174596294,0.324745320213492,0.324745320213492,0.10613470442370058,0.10613470442370058,0.21017947492735378,0.021658705352892736,0.19126867439308215,0.303948194711276,72.89123557366597,0.7289123557366597,0.1122670661555655,0.15882057810777472,38.633354,268.69535218880395,50434.7749035723,1119.8661531568632,0.4575848042351001,2026-06-14 15:40:00
10,595.9800694062585,5.652327834894258,601.6323972411527,1057.8758329855962,66.08862020876563,1123.9644531943618,63.66059982420131,100.58563461879424,90.0,0.4539708296897319,0.48008743248739216,AP0166,False,1,1.0695259942775455,0.587325134656654,0.31701295040848926,0.20148440564814332,0.26334027967288237,0.24461235074866775,0.13818989247828592,0.1361789453164419,0.44701727920930073,0.10227033468633956,-0.06871459384269078,0.13434977468127637,0.13434977468127637,0.06103628695556637,0.055374646903771474,0.10785261643638344,0.024103402312062712,0.10137725318989144,0.2741972661995961,67.7053590858021,0.6770535908580211,0.1151308997495203,0.20781550939245852,38.633354,268.525595553321,50687.260631165984,1072.4168793715905,0.45654372389712916,2026-06-14 23:22:00
10,977.9681851624282,-11.721808850678,966.2463763117503,668.131337079653,1074.42023793441,1742.5515750140628,-8.334185354083957,-5.318116571753819,100.0,0.44388568513041626,0.48270094506553185,AP0167,False,2,1.0722962474044444,0.9805776060102177,0.12597141217435512,-0.0038480942738620036,0.08735062904406549,0.08192515945579662,0.22385560696630333,0.202392963325532,0.3773684738972921,0.18993204924609214,0.07111063185959594,0.30999785585256145,-0.1225989406431928,0.4228135422990801,-0.18114577139860352,0.9674473218769952,0.8286598478668372,0.4725476923186822,0.42495808310798716,71.239339811662,0.7123933981166201,0.10800812853233105,0.17959847335104892,38.633354,268.4878718565471,50227.07332732884,1092.9077090094802,0.45912933426133345,2026-06-15 07:15:00
8,933.0344935740095,-0.10200810845591235,932.9324854655536,834.7155585578441,345.16817228718173,1179.8837308450259,46.37664866905138,82.59273419500278,100.0,0.43279797432046374,0.44823242715668077,AP0168,False,3,1.428271560959213,1.428271560959213,0.6041188336592994,0.6041188336592994,0.46466966760366174,0.4563383540348643,0.2310476435740573,0.1352903867923094,0.6820269264490579,0.08831367767372221,-0.08831367767372221,0.4587864099838928,0.23681152679303538,0.2605689549308621,0.13905905160522777,0.20253840644157226,0.06446330561581728,0.2525518622575123,0.46728939435328515,73.33522315428759,0.7333522315428759,0.10067554188071781,0.16597222657640637,38.633354,268.4878718565471,45770.70839577881,1110.4395816678327,0.4781121909405818,2026-06-15 14:51:00
10,91.37007852079944,8.945055517869926,100.31513403866937,873.372734341184,1059.6405997505435,1933.0133340917275,22.879513337718606,19.17896017009673,90.0,0.2994807091440038,0.3911156191466568,AP0169,False,0,0.5353458288201968,0.1034381620521363,0.3364405744173957,0.3133214536150068,0.9507057884735457,0.9507057884735457,0.29059212149129604,-0.015028468547503398,0.5282710783006085,0.1284638122109591,0.03755880037412664,0.3265154606397027,0.07821464129529364,0.36716912392809925,-0.1734540359789845,1.2860301877120903,0.852810805350525,0.5270446461227128,0.5276578622116608,72.62295031042878,0.7262295031042878,0.042315850408485796,0.23145464648722647,38.633354,267.61327744578233,53077.04837138942,1080.286576150105,0.4645024522069187,2026-06-15 22:57:00
10,678.6696309227771,64.71156115164521,743.3811920744224,1551.489096113325,638.3914224299053,2189.88051854323,100.7677382445163,64.68560940360271,90.0,0.3624057784233051,0.43473074474674556,AP0170,False,2,0.8784044848078617,0.6918735164639814,0.1420038503935491,-0.049103690754881614,1.2852759849600848,1.2020621474928224,0.14059578121285196,0.14059578121285196,0.611570025343587,0.11380427849450096,-0.07791941665462748,0.3081181139242453,0.24610620336591493,0.2721865618062598,0.2721865618062598,0.22793986005613492,-0.05321826305553507,0.23051220357028523,0.4210411144569361,70.43130460975291,0.7043130460975291,0.1424641151483263,0.1532228387541447,38.633354,267.28530454174546,51052.27664378614,1089.9363468051986,0.46454875433955733,2026-06-16 07:14:00
10,263.4182805282513,34.22596248666193,297.64424301491323,1901.0243447969312,251.70132480216262,2152.7256695990936,-26.7530937875444,-81.47393860488307,70.0,0.2822520898703507,0.37500616119955976,AP0171,False,4,0.34708092043669936,0.2555523997764075,0.5698522113506185,0.5698522113506185,0.6784764373831168,0.6605064935397612,0.2417153870939149,0.2417153870939149,0.45928123906608737,0.1084484782676588,-0.1084484782676588,0.21399306924741673,-0.13428006161663336,0.20373862539836002,-0.1088936382810689,0.08190293490797096,0.08190293490797096,0.15202077695535163,0.30565100801071954,69.97863436383892,0.6997863436383893,0.1355159148425546,0.16469774151905614,38.633354,267.28530454174546,49579.58377644747,1109.166755826755,0.45780277579564116,2026-06-16 14:54:00
10,494.966386839116,80.48805279757157,575.4544396366877,1357.1388476471448,244.55334239937145,1601.692190046516,41.35854242018904,-53.46105309725162,90.0,0.4621574659300475,0.513469353450539,AP0172,False,2,0.6580692662589156,0.4830051963282975,0.19757906189316363,0.19757906189316363,1.0082386669741414,0.989705624104385,0.1414506495392306,0.1135481122159054,0.5013344111663628,0.13683156451438577,-0.1112084231000883,0.1323111994178179,0.08456444857153844,0.14226031103962572,0.14226031103962572,0.08604111902203612,0.04692187897745104,0.12436104849846638,0.3128477298324146,69.77450250230696,0.6977450250230695,0.07967490955247566,0.22258006542445488,38.633354,264.93334014025874,50600.082973913144,1103.802787045685,0.4593525543542663,2026-06-16 23:35:00
10,978.3800860263618,61.50496864425455,1039.8850546706162,1631.2326199125998,127.69479441809062,1758.9274143306902,118.21856017335654,70.89581934370446,100.0,0.43196017968889205,0.4679122976718957,AP0173,False,3,0.9788590683829814,0.9702089290138117,0.2262688190825373,0.18369507045979763,0.877490460862298,0.877490460862298,0.11495528961827668,0.0174110582835868,0.5493934094865233,0.15963766878730767,0.11945877204953731,0.07290265550152926,0.025829268299702928,0.053440967806123826,0.042272735865465136,0.10620370126797263,0.0669844443271812,0.09804624834073335,0.3237198289136284,73.88973264520219,0.7388973264520219,0.07225685666923806,0.18884581687874014,38.633354,264.6981437001101,50654.40195480609,1117.5301154834583,0.4658108035331722,2026-06-17 07:35:00
10,1221.5870037068132,39.36839767376773,1260.9554013805807,1288.8000309465588,408.9552444534331,1697.755275399992,-16.563353169814945,-85.16920898306563,90.0,0.45759695315460525,0.4794369468555758,AP0174,False,3,1.20864682049287,1.1956844119632917,0.33170476977136065,0.17095522358573634,0.334000067135042,0.040284697979458266,0.19799862854857905,0.16731453498287832,0.5180875714869629,0.06278714876473468,-0.04632447354870835,0.2504444041438795,-0.08220258735080004,0.20451886521416884,-0.18524183212676212,0.07197228791814518,-0.05540641669898998,0.14743067651023203,0.33275912399859753,76.49096191076157,0.7649096191076157,0.08689176848795753,0.1481986124044267,38.633354,264.6981437001101,48436.554784071144,1113.3952100732472,0.45121891331341596,2026-06-17 15:10:00
10,746.6730447213486,46.6388823921449,793.3119271134933,584.3980346328449,249.78456278409908,834.182597416944,41.74599560864958,1.2346524730228907,100.0,0.4991265477218712,0.5011700812370435,AP0175,False,4,0.940943922485226,0.7340803804747459,0.20058596485794875,0.1730066476240634,0.2059919222201133,0.18188416790371068,0.0920662637913696,0.06155903369772215,0.3598970183386644,0.14916384790832984,-0.09875335751118498,0.12955939955632978,0.12955939955632978,0.17375688947756363,0.17375688947756363,0.09245581022588867,0.03975161807312237,0.13623398679202797,0.24806550256534618,68.14622211976875,0.6814622211976875,0.10327259885320501,0.21526517994910746,38.63335399999999,264.24208307056364,49919.76830399463,1085.6574636220723,0.4543172787040649,2026-06-17 22:34:00
10,762.2404687232079,50.14487148255418,812.385340205762,865.554211419722,131.17244334360066,996.7266547633227,27.078558670370967,-35.61557086555274,80.0,0.42090996929942,0.430127035027298,AP0176,False,3,0.8808318575574764,0.7870492825285081,0.17915464260858124,0.14268619015397457,0.1975146219538241,0.1975146219538241,0.2561014341229811,0.2547655797293644,0.3784006390607157,0.05970021837206259,-0.021181338763880096,0.08592787134290203,-0.020044291493194706,0.09011905032610262,0.004471953573762032,0.07498010488659046,0.07498010488659046,0.07768181123191442,0.22804122514631506,67.43467254270297,0.6743467254270297,0.14116170594894256,0.18449156862402769,38.36008214,264.07106033448366,51640.705201300545,1094.2121068423126,0.46315092728407325,2026-06-18 06:37:00
10,432.524357178262,-95.7783178447794,336.7460393334826,1445.9365699186585,259.7362875670717,1705.6728574857302,37.881592236544975,211.95874294135353,100.0,0.4179319958459343,0.48637833675354675,AP0177,False,4,0.7025023737156578,0.4157220342873642,0.6687469949823083,0.5657774199373403,0.22367326708696952,0.11611121861110678,0.40031301035118116,0.36239281935948786,0.4988089115340292,0.140538633082801,-0.02012122330133972,0.4601176881353806,0.23977004662464357,0.2814066110009844,0.11558050999750236,0.05372790616493929,-0.019856113009618412,0.23394770959602634,0.3663783105650278,74.24335351979437,0.7424335351979438,0.07397315609166814,0.18359330871038804,38.36008214000001,264.07106033448366,49389.000996842755,1098.1480512447154,0.4672616811338887,2026-06-18 14:23:00
10,1086.503847186741,30.72500768247584,1117.2288548692168,1089.4636750881953,111.87136969463245,1201.3350447828277,66.86580677637973,47.80067882303602,100.0,0.4394857149492758,0.4436910244449563,AP0178,False,0,1.131573303776542,1.0402078696348667,0.2607669031082413,0.1236466148137471,0.33875283723901517,0.33875283723901517,0.14487404005027482,0.05955997803932906,0.46899177104351836,0.17606217191419218,0.014079545320072918,0.1165112355936027,0.1165112355936027,0.16030260595222165,0.15468138175613222,0.10401105477077388,0.03211563299601708,0.1392217670576976,0.30410676905060796,73.73316950812031,0.7373316950812031,0.0837938033603143,0.17887450155848267,38.36008214,263.7436215972739,50165.97640974843,1081.9353283245575,0.4590300250609168,2026-06-18 22:29:00
10,867.1970399816848,-73.85037790058041,793.3466620811043,791.8463439999803,558.3152552628832,1350.1615992628633,-49.29183054165617,28.001191866842305,90.0,0.39251007817018013,0.4203508250292681,AP0179,False,1,0.8420471994089471,0.8420471994089471,0.21891836660612052,0.011176300772292258,0.10878915647868985,-0.02233810427019738,0.24524705034906671,0.2231047473273555,0.35375044321070603,0.19439686829503816,0.09859704032640718,0.17918100778866708,-0.10806401149380013,0.23787755772460079,-0.09017243142776882,0.3886165684774691,-0.3697093599872473,0.2500180005714438,0.3018842218910749,70.13008619595749,0.7013008619595749,0.08084889313818,0.2178502449022451,38.36008214,263.6208320708202,49107.49892825473,1134.3852173735752,0.46185181229395766,2026-06-19 06:26:00
10,584.5283771592452,-25.892468526196673,558.6359086330485,737.2413902088094,267.4897388946547,1004.7311291034641,-53.98390417068893,-36.951602547899924,90.0,0.401833316002213,0.42413807702573364,AP0180,False,0,0.6674776350147779,0.5889674090586619,0.351056900675418,0.17879915871572863,0.36328715320124294,0.16600255617369564,0.16722069725514896,0.017514999653440413,0.3872605965366469,0.0744760596276623,-0.05799104458414735,0.19586199155807565,-0.03917916925582432,0.15662685905598395,-0.04304606759321618,0.10534145913173532,-0.02330490272684546,0.1330765923433643,0.2601685944400056,70.57977974260392,0.7057977974260392,0.11890940982783,0.17529279274613077,38.36008214000001,263.6208320708202,48406.589244730094,1090.6484145260479,0.4531998968615053,2026-06-19 14:49:00
10,734.054625975668,256.51496649759866,990.5695924732668,1382.1155066118365,774.8576444149471,2156.973151026784,185.1118037902394,-122.05471876592509,100.0,0.39505475634922294,0.4533749342768988,AP0181,False,2,0.7090907902841256,0.7090907902841256,0.7995158245077376,-0.786517164342603,0.7806324077344957,-0.7806324077344957,0.1501490252357154,0.11637054126394353,0.6098470119405186,0.3502306729290562,-0.016888118085538896,0.22645420456297935,-0.15962818971816475,0.23706509109428114,-0.14225350245987106,0.13472943081765615,-0.075274921806358,0.23711984985099321,0.4234834308957559,61.566424845284466,0.6156642484528446,0.1453188528826246,0.23901689866453069,38.36008214,263.6208320708202,48124.90520522037,1103.1531964353567,0.45670944659426144,2026-06-19 22:41:00
10,666.1360756203478,-64.00397717678275,602.132098443565,819.867010502767,435.4623123026943,1255.3293228054613,-114.41410398581172,-92.5202831981494,50.0,0.18712903637901399,0.2197888975971088,AP0182,False,0,0.6355998052021786,0.6355998052021786,0.06590089548737747,-0.015997182070026813,0.08758899515918804,0.0064676912898665034,0.11331363780976385,0.11331363780976385,0.225600833414627,0.12976335058322255,0.12976335058322255,0.30398092936658616,-0.30398092936658616,0.39000233654256267,-0.39000233654256267,0.2612359160458903,-0.14058212624845196,0.2712456331345654,0.2484232332745962,72.27615768788192,0.7227615768788193,0.11605401201245291,0.1611844111087278,38.36008214,263.6208320708202,67942.79100228025,1152.8315055411304,0.4019354658627292,2026-06-20 06:49:00
10,416.13304406774006,9.786483320935977,425.91952738867604,835.3657238791409,575.5612349414858,1410.9269588206266,50.16653855273188,63.84265958271709,100.0,0.3559327681744937,0.4051831397460911,AP0183,False,1,0.6299570637202079,0.41779169646465936,0.3358539809136161,-0.29454910243779736,0.3114345498185559,-0.2159891918387652,0.2615280955218182,0.2615280955218182,0.38469342249354954,0.07557034467594463,0.02620528080282973,0.22500153313961113,-0.051539501423750037,0.3283176431631529,-0.3271793569908189,0.24494641634464104,0.20832842856936234,0.21845898433083744,0.3015762034121935,61.809401595145594,0.618094015951456,0.1642205216386546,0.2176854624098895,38.9181859,263.6208320708202,48932.86438301942,1147.4508942160394,0.44811847392746146,2026-06-20 15:50:00
10,883.0436299156659,6.60549344557476,889.6491233612408,1086.0368063899261,121.49970595941159,1207.5365123493377,-25.63856040584028,-54.9016535247154,90.0,0.43301117980899273,0.4489055492583975,AP0184,False,3,0.8418335985557169,0.8288711900261386,0.5767724813916453,-0.5767724813916453,0.5496947428448319,-0.5496947428448319,0.21449811296734192,0.12383740734611524,0.545699733939884,0.03721776718728231,0.013281305262666673,0.15035473267272184,-0.09745651296757929,0.14004566129880996,-0.07999819579202169,0.11113887402565578,0.05799795582338286,0.10968925879611749,0.3276944963680007,64.8089817681888,0.648089817681888,0.12493108104011452,0.22697910127799747,38.9181859,261.78818904751733,48652.847399983075,1126.0121094344145,0.4512114942532387,2026-06-21 01:28:00
10,1100.6825486912976,-4.952666402637345,1095.7298822886603,1330.700571013108,323.1250926674205,1653.8256636805284,-73.15382182979778,-126.19146807210075,90.0,0.35914423744435336,0.38704902651394674,AP0185,False,1,1.0519849799225096,1.0519849799225096,0.28505554590615706,-0.2780231117907584,0.6168352617762897,-0.6168352617762897,0.430834994254397,0.430834994254397,0.5961776954648383,0.15980906651206583,0.14785601437620555,0.26087258530459223,-0.26087258530459223,0.17430818063121703,-0.17430818063121703,0.23298763866927316,0.0673146326214066,0.20699436777928706,0.4015860316220627,67.10540922287353,0.6710540922287355,0.18770765227533354,0.14123825549593105,38.9181859,261.78818904751733,49449.682274772575,1151.265008893234,0.4480431891685704,2026-06-21 09:29:00
10,1078.123361657826,25.305473960841613,1103.4288356186676,756.7499348508641,227.61941528144905,984.3693501323131,15.104656462242815,-11.303424356551488,100.0,0.4348807777066768,0.428927803432359,AP0186,False,2,1.0170439045826283,1.0170439045826283,0.25285428109069236,0.16898423067332333,0.23582776914624634,0.15261393167898252,0.13629017021156017,0.09763703358731202,0.4105040312577818,0.09361547304468665,-0.04371863072167048,0.24582613592223,0.009594645915147998,0.16421897380750206,0.002082828423618316,0.1594531894507113,-0.1594531894507113,0.1657784430562825,0.28814123715703216,73.01234197969465,0.7301234197969464,0.11849258364246386,0.1513839965605897,38.918185900000005,261.78818904751733,48382.34886609675,1125.7608332906032,0.44570946401784656,2026-06-21 17:19:00
10,244.0524082651814,-78.76091468910849,165.29149357607292,384.59666719652114,794.3579371582218,1178.954604354743,-247.12463851992771,-273.27226323729917,80.0,0.3211009088677482,0.37178406440668177,AP0187,False,0,0.3537969860494517,0.23426532012697743,0.18056980138883513,-0.16109009462950175,0.36912987132683467,-0.36912987132683467,0.25005308990783365,0.25005308990783365,0.2883874371682388,0.13058755927030852,0.08089009457925493,0.6354027229112135,-0.6354027229112135,0.6252778115839529,-0.6252778115839529,0.17626447823680516,-0.027340335013306738,0.39188314300057003,0.3401352900844044,64.03645857564088,0.6403645857564088,0.1233817526181193,0.236253661625472,38.9181859,260.1628198054785,50949.321294407724,1144.6515021371779,0.43055311584543804,2026-06-22 01:16:00
9,1010.3883494273578,32.09110714567706,1042.479456573035,1044.6768301001314,286.79606713824774,1331.4728972383791,7.478220499507302,-70.2329335213879,88.88888888888889,0.4045678029187332,0.4206229940668078,AP0188,False,1,1.171733640425634,1.171733640425634,0.6772669043732444,-0.6772669043732444,0.7037697452318705,-0.7037697452318705,0.3828203824648952,0.3828203824648952,0.733897668123911,0.19389768643138092,0.19389768643138092,0.21021264891494768,-0.127371740642021,0.10094503999999835,0.024495225943607625,0.17942400676343934,-0.17942400676343934,0.17111984552744158,0.4525087568256763,72.62896642012767,0.7262896642012766,0.10413796974478494,0.16957236605393855,38.9181859,260.1628198054785,50272.224243476296,1138.610815239008,0.44886256153283294,2026-06-22 09:27:00
10,897.8329522272425,7.140042337660372,904.9729945649029,850.9572607448522,177.8418531278877,1028.79911387274,51.57721996708676,54.49290663395345,100.0,0.47024434994196956,0.4764356559073614,AP0189,False,3,0.9029978817470928,0.809645521473524,0.416337932461712,0.15817981995184063,0.32288624153844653,0.029624565299847028,0.29012633708544994,0.2732731907343006,0.48308709820817536,0.11337564620856443,0.10140741524625661,0.15453658746208934,0.03063096464193895,0.18152565138474513,0.0659196068689995,0.14835643300257392,0.0070926332389530874,0.1494485795144932,0.31626783886133425,72.57204105498306,0.7257204105498306,0.11076384299909155,0.16351574645107797,38.9181859,260.1628198054785,48488.6657523152,1108.9374279198087,0.45104418734629254,2026-06-22 17:30:00
10,130.86826839368135,59.17898503063764,190.047253424319,520.5565006589019,620.4429768851278,1140.9994775440296,-72.82824172317316,-176.44476914990014,100.0,0.45196314501043505,0.49951075621642077,AP0190,False,4,0.34508694800046547,0.1281558037025835,0.3770223692413169,-0.36337335178498664,0.327256727181587,-0.3261591288312712,0.17548089343284748,0.056355457254868756,0.3062117344640542,0.2086231393453286,-0.2086231393453286,0.32530709021913684,-0.32530709021913684,0.3064109209573857,-0.2728417237805445,0.11205834354110175,-0.1019961736693618,0.23809987351573825,0.2721558039898962,67.47735364116184,0.6747735364116184,0.07747257609514883,0.24775388749323263,39.011745600000005,259.53462293396666,50087.45267180749,1119.6571244642348,0.4424681869683352,2026-06-23 01:25:00
10,711.2968358694761,18.714266579902837,730.0111024493788,1351.0120517853886,109.09210052875483,1460.1041523141434,36.474032020898534,13.124461843656718,90.0,0.43550261927160266,0.47200727176484103,AP0191,False,0,0.8983799924381932,0.7152234715107828,0.9868323363032939,0.5939917905729156,0.4592605934032108,-0.03792317611506152,0.2937790398469339,0.2624074611450696,0.659562990497908,0.10822112262750579,0.09493869148567384,0.07436392718865456,0.02719754221960621,0.05096356455436649,0.016782724350031655,0.14933097017634114,0.0341536707477271,0.095719896136717,0.3776414433173124,70.41753166784619,0.7041753166784619,0.16344195678198742,0.13238272653955063,39.011745600000005,259.53462293396666,52590.11106647529,1077.8927077988496,0.4312983744394003,2026-06-23 09:32:00
10,626.0466547414673,-68.10859640883227,557.938058332635,463.69970878378444,1200.5773732979599,1664.2770820817443,128.60820737754165,309.31027513814803,100.0,0.41183868139890845,0.467155632586364,AP0192,False,2,0.9198494971418004,0.6253155845772796,0.3049683524643902,0.03544533800787979,0.2982518047548963,0.012086529143346405,0.1454368036581177,0.1454368036581177,0.41712661450480115,0.11893337974029249,0.08052118278455796,0.3471406353903315,0.29939388454405275,0.25040748267009316,-0.24928216478014514,1.1854866164322369,0.9534068620669683,0.4754920285582385,0.4463093215315198,71.22162920900416,0.7122162920900417,0.12458713682241547,0.1631965710875428,39.011745600000005,259.53462293396666,50072.94707913207,1096.118162552362,0.4353190275906991,2026-06-23 17:24:00
10,541.3660176230458,31.25031341713235,572.6163310401781,435.2442741207493,166.32559000291133,601.5698641236606,8.268613064960391,-32.09280631769522,100.0,0.4740997169020984,0.4755473935562725,AP0193,False,4,0.5531685957142075,0.5531685957142075,0.22230178644928236,-0.11829433018285264,0.18364162553614846,-0.059142319874025406,0.1708794481612065,0.12009768007156703,0.2824978639652112,0.1007928854825272,-0.016842978755611766,0.12865986167287569,0.03338378267214323,0.04098144434863285,0.01989466456913034,0.10267178507874095,0.048982524822458844,0.09327649414569417,0.18788717905545269,64.57168749074502,0.6457168749074501,0.11834470277002282,0.23593842232252707,39.0117456,258.8236152628452,50251.51917206089,1131.4406948148378,0.44289852244535144,2026-06-24 01:31:00
10,583.9129102121431,9.545091397920539,593.4580016100637,730.0870624155584,1179.3312738879324,1909.4183363034908,117.293391591749,178.51982222761177,90.0,0.3750856563191708,0.44088367305384224,AP0194,False,2,0.682125647821794,0.5191098903870484,0.22347829365670505,-0.060557739663813955,0.35317989929538895,-0.1831283720063235,0.3363229334789473,0.33437371246644765,0.39877669356320883,0.13363198853000127,-0.01696075329789897,0.7054884556772187,0.36006714856109256,0.3201819839881662,0.03551780331036533,0.4020839416084757,0.4020839416084757,0.3903465924509655,0.3945616430070871,64.90903076848403,0.6490903076848402,0.18712496911168688,0.1637847232034729,39.0117456,258.8236152628452,50136.959000424635,1119.2185836493925,0.43885191405411056,2026-06-24 09:18:00
10,417.7054115895836,5.543062116047661,423.2484737056312,197.34639230211997,389.6961868086265,587.0425791107465,14.410234690918088,19.61926613823354,70.0,0.3780768376658347,0.3862665429360905,AP0195,False,2,0.4965641319285749,0.4142466797487336,0.1158186022991774,0.07321280959924,0.200137157639277,0.02012590795222265,0.0972562352314933,0.0972562352314933,0.22744403177463066,0.08370592714973112,-0.003872786632670012,0.3616033940135806,-0.003565258971492624,0.33252917704640994,-0.1673526927052374,0.3605189985657208,-0.07823252873196906,0.28458937419386066,0.2560167029842456,68.15233541971674,0.6815233541971674,0.148363721949806,0.17011292385302654,39.01174560000001,258.8236152628452,48579.53373764904,1138.0847106090405,0.4253634582182381,2026-06-24 17:20:00
10,549.3434257663346,-4.223096273224105,545.1203294931106,391.95223221843946,384.24135476116066,776.1935869796001,-91.08933712249745,-146.8992053210099,90.0,0.3995281948022694,0.41108185767659383,AP0196,False,1,0.5442756858198028,0.5442756858198028,0.2615788503325635,-0.21717701865778175,0.2133791601576566,-0.14620222291103277,0.1411456028218739,0.09686099677845143,0.2900948247829742,0.2113744851874607,0.03089066243281518,0.3142601568093627,-0.3142601568093627,0.2574523710837556,-0.2563140849114216,0.06726127698820436,0.030643289212925674,0.21258707251719586,0.25134094865008505,60.43351411312338,0.6043351411312338,0.15899614977276352,0.2366687090960027,39.011745600000005,258.0312631481766,49792.41915818268,1147.601975964693,0.4401678519499633,2026-06-25 01:20:00
10,364.29046321723183,68.74137856858411,433.03184178581597,542.1355030331063,225.65690572565143,767.7924087587577,-17.43807991451493,-111.37723562017175,70.0,0.3261430206516941,0.34288104900034116,AP0197,False,4,0.49320845747141195,0.3671386094602275,0.27747706503430625,0.08253539298518357,0.28498904533500635,0.0910690835406512,0.015303633692664867,0.015303633692664867,0.2677445503833473,0.15153760952838324,-0.15153760952838324,0.1672979652371781,-0.11758252557260795,0.09881780592890796,-0.06524860875206638,0.13386401015844845,-0.022314236392510657,0.13787934771322946,0.20281194904828836,69.1823778249205,0.6918237782492049,0.15571382264026143,0.15246239911053366,39.01174560000001,258.0312631481766,50383.1229347304,1076.757492229119,0.4667750713795508,2026-06-25 16:50:00
10,1041.7694656270257,97.74909617704745,1139.5185618040734,1506.0172603459264,164.5622542717656,1670.579514617692,-9.426832168083735,-164.27290925315003,100.0,0.45494840876110565,0.4815014564017866,AP0198,False,4,1.0505959524061252,1.0505959524061252,0.3596739422246975,0.14031416988892154,0.363021697717052,0.07846870051831291,0.14052270915527534,0.14052270915527534,0.47845357537578753,0.1303428192486645,-0.0434026071804417,0.12220478454465591,-0.12220478454465591,0.0676268023971565,0.05964295680477927,0.1142778648891924,-0.010419423679371643,0.10861306776991733,0.29353332157285245,70.68889790530595,0.7068889790530596,0.11871705229583834,0.1743939686511021,39.01174560000001,257.24987767998834,53179.33120533308,1061.9920058330317,0.4529270268216245,2026-06-26 01:35:00
10,1354.51738246181,23.610072723002787,1378.1274551848123,1171.9119519201572,188.53632743693447,1360.448279357092,20.836882076807612,-11.305788858596657,90.0,0.5024121913578103,0.5015282325664243,AP0199,False,0,1.3726952415093907,1.3726952415093907,0.28163414462148445,0.10857295243453167,0.20661086441972018,0.20661086441972018,0.09978012505907223,0.06739995614569906,0.4901800939024169,0.04466705741585523,0.024488894495125584,0.10110047448971281,0.04352636594929431,0.041750958594758684,0.028202231619537155,0.18928701237457252,0.06855842567406466,0.0942013757187248,0.29219073481057084,72.2733024603543,0.722733024603543,0.1621072484839208,0.11515972691253601,39.011745600000005,257.24987767998834,52940.70691150094,1043.0784761079483,0.4541152900896249,2026-06-26 09:40:00
10,761.3088093672393,26.11096898208165,787.419778349321,1177.4823849788877,645.9278493204904,1823.410234299378,-151.63511772485379,-280.520686590082,100.0,0.42459014373046183,0.47638966652796455,AP0200,False,1,1.0100482272923648,0.766291420731353,0.19384141351390585,-0.07200206962290677,0.28938294408455173,0.1890215405087057,0.13624045814775795,0.13343303329181797,0.40737826075964506,0.06431758156657813,0.024082094387751826,0.6504606154026172,-0.6504606154026172,0.7085171331003285,-0.7085171331003285,0.13228630266471478,0.13228630266471478,0.3888954081835596,0.39813683447160236,73.15059361113873,0.7315059361113874,0.13042928713783986,0.13806477675077275,39.01174560000001,257.24987767998834,52617.00767159624,1044.3180247998366,0.44893978712971333,2026-06-26 17:36:00
10,1118.1573208523134,-17.826349229543617,1100.3309716227695,909.0759820606587,193.13645429170697,1102.2124363523656,-72.37300615570223,-70.93237196872997,100.0,0.4429856148240769,0.44307968806055664,AP0201,False,0,1.1110888344465109,1.1110888344465109,0.19808857669800292,-0.05024075155590737,0.23920281215048536,0.1377762706566806,0.10854069643973001,-0.04586133311034942,0.4142302299336823,0.15286234508265623,-0.11921839988122424,0.2762763399597342,-0.19380598166806506,0.25009333434241954,-0.15487374315206973,0.0623958683452018,0.0623958683452018,0.18540697193250297,0.29981860093309265,67.09957322893993,0.6709957322893993,0.13646834315398637,0.19253592455661425,39.01174560000001,256.5786412295219,53394.786472655105,1027.133124852329,0.45453497051957664,2026-06-27 01:11:00
10,724.4468291551399,-82.63316775969412,641.8136613954457,957.403062921465,828.1872619513522,1785.590324872817,90.89918484086661,281.7253511221223,90.0,0.43820783123690027,0.49539666441076885,AP0202,False,0,0.7263654750938193,0.7263654750938193,0.3260471872946329,-0.16669753983084967,0.31712447195198623,-0.25614782156236415,0.1495794915656905,0.09935184941379267,0.37977915647653226,0.15260590305120056,0.0394172908257324,0.3838539000680209,0.3838539000680209,0.29128295225747114,0.08747749874093924,0.39466750034058873,-0.34778646993054096,0.30560256392932034,0.3426908602029263,67.12287371039088,0.6712287371039087,0.18202233415948726,0.146748928736604,38.71286826,256.5786412295219,51081.80838701683,1043.2208985166296,0.4547912874858491,2026-06-27 09:17:00
10,777.2320217576824,3.5741456894835757,780.806167447166,710.8624163835455,668.2909032243776,1379.153319607923,-88.33280436771591,-132.187138447125,70.0,0.36224270947988074,0.3921600670879185,AP0203,False,1,0.6657206743860608,0.6657206743860608,0.04759188792161268,0.019916997685034465,0.1045921628146796,0.06337982593230906,0.0320119731043692,-0.03155186599356502,0.21247917455668058,0.13412729732891873,-0.10057155648526978,0.32185503591319203,-0.29873939031903773,0.393614406957349,-0.393614406957349,0.07536008673416492,0.0002919432042958834,0.23123920673340617,0.2218591906450434,67.79923190734513,0.6779923190734513,0.1611722713223264,0.1608354096042224,38.71286826,256.3986292481625,53015.96651731545,1031.3249663286308,0.4580833924218894,2026-06-27 17:26:00
10,774.700360870819,-47.154255395008576,727.5461054758105,1065.7762792233982,234.2064805827788,1299.982759806177,-20.690200625382545,55.54388518440055,80.0,0.4185965654401711,0.4472183981566894,AP0204,False,4,0.9243927550758845,0.7731614459374098,0.31523556977845507,-0.31523556977845507,0.4358977770920647,-0.4358977770920647,0.1788435333617239,0.10850969664314941,0.46359240882703207,0.06060605157934756,-0.05790582280670258,0.18535906877687647,-0.042537484719065335,0.1907498128815616,-0.1907498128815616,0.08843510145148914,0.08843510145148914,0.1312875086723187,0.2974399587496753,60.863310290464845,0.6086331029046486,0.15733270509625108,0.2340341919991003,38.71286826,255.58857533204554,51382.399504997265,1051.3351378126683,0.45520507638161956,2026-06-28 01:44:00
10,1203.015575753025,-60.34715553727183,1142.6684202157533,1452.6572150464858,352.9729981693156,1805.6302132158014,-21.254309548521917,76.45407668743957,100.0,0.4166818189246652,0.4498299085746676,AP0205,False,2,1.200761553622068,1.1397631425114387,0.7161166694574909,0.0691405103669225,0.3745034010495392,-0.2850198559633108,0.34390583211462517,0.34390583211462517,0.6588218640609308,0.10711392172744148,-0.07355789483953055,0.29787563788523347,0.04625064187808774,0.22731552601233498,-0.22731552601233498,0.18895562769239765,-0.02104872493161651,0.20531517832935192,0.4320685211951414,64.1901037712104,0.641901037712104,0.20393106690098275,0.15416789538691336,38.71286826,255.58857533204554,49946.49211614003,1053.0646812075152,0.4409690653992094,2026-06-28 10:18:00
10,801.7156664813966,123.93442690961292,925.6500933910097,554.7844622252087,1910.0126510774091,2464.7971133026176,-39.92301914307038,-263.6764314564941,90.0,0.36033203445376205,0.4372893854493425,AP0206,False,3,0.8156124600150004,0.8156124600150004,0.11304863849948177,-0.025367633675868046,0.07177116579980185,-0.07065447888623595,0.1740411463185445,0.05204905825533899,0.2936183526582071,0.2125366316499311,0.026615681216154354,0.6228943474313634,-0.6228943474313634,0.9812470216481303,-0.9812470216481303,0.8617542069369779,0.39119552998886054,0.6696080519166007,0.4816132022874039,66.50803579954899,0.6650803579954899,0.1643792339254391,0.17054040807907106,38.71286826000001,255.5288725921513,52398.77447289754,1052.7482788628026,0.44591330949991587,2026-06-28 18:54:00
10,1379.1401298500932,21.443694640367067,1400.5838244904603,1551.617878249243,72.02330726728451,1623.6411855165275,61.05223577189605,53.79701979768231,90.0,0.4487033732340217,0.45985624128532515,AP0207,False,3,1.3650975985326212,1.3650975985326212,0.5210638415277861,-0.28536943589661523,0.5732624985041713,-0.5721458115906054,0.26480854802703063,0.08546760950701393,0.6810581216479024,0.05884788850884758,0.05884788850884758,0.04287328182833352,0.04287328182833352,0.035607848723723676,0.02443961678306458,0.09745111041814289,0.04431019221586934,0.05869503236976192,0.36987657700883214,70.64280982652163,0.7064280982652162,0.11254641922158169,0.18102548251320216,38.71286826,255.42439279733628,54038.04806837936,1062.9645257945226,0.44682570100467933,2026-06-29 02:56:00
10,1030.411840958759,8.250477356373835,1038.662318315133,815.2218627870941,131.6879358761305,946.9097986632246,38.60710464815287,49.0820529428774,80.0,0.464866024303206,0.46027839832061057,AP0208,False,0,1.1041142070510943,1.0340831316205086,0.3499169516283727,-0.27864368068172884,0.30696794077605194,-0.280628455300362,0.06339357895131567,0.06267127509722943,0.4560981696017086,0.06841809864557047,-0.018289138400623507,0.08656972086341924,0.08656972086341924,0.05960100782942859,0.05397978363333936,0.13625225035594504,0.007605888497364266,0.08771026942359084,0.27190421951264976,74.68286740348356,0.7468286740348357,0.10555325328259098,0.14761807268257335,38.71286826000001,255.42439279733628,52012.00702490657,1038.2055967903036,0.4603488373266124,2026-06-29 10:54:00
10,870.4070928382584,-24.216104074098205,846.1909887641601,935.1061149270764,382.05579065915185,1317.1619055862284,-130.47525733061076,-188.49890089587853,90.0,0.47918681098323546,0.5027353568243389,AP0209,False,0,0.8771672934743454,0.8771672934743454,0.14247607499350243,-0.10425098941508355,0.0819095746449159,-0.07970845250936186,0.08903431407332339,0.05479766718856328,0.2976468142965218,0.17704563858434194,0.16506116674917878,0.46403500898386585,-0.46403500898386585,0.44843771211522765,-0.44843771211522765,0.29618135893132946,0.04366961867159476,0.3464249296536912,0.3220358719751065,72.55314338657644,0.7255314338657645,0.12621273655534337,0.14825582957889222,39.033449759999996,255.3577743563121,55071.09173661917,1023.7126791330309,0.4754140716753028,2026-06-29 18:47:00
10,362.70725727467715,65.91975384101796,428.62701111569515,827.6616481890765,184.63468837662708,1012.2963365657035,69.1561418085973,2.641931153213818,90.0,0.452424191662754,0.4816076579352545,AP0210,False,2,0.5495190629896082,0.3701279810464011,0.3885874027006837,0.1719790623496608,0.1562924383804066,-0.01987480865067684,0.10954165568117662,-0.027375855443265717,0.30098513993796877,0.09800519685293788,-0.03242225482859016,0.1933223807698416,0.06760030751811077,0.05057401626088372,0.008646101604705733,0.17924800953080483,-0.016354468063784364,0.130287400853617,0.2156362703957929,68.15696169302298,0.6815696169302298,0.07575049811988552,0.24267988494988466,39.033449759999996,255.24119208451967,54061.31455653962,1023.274395041617,0.4853372899494867,2026-06-30 02:40:00
10,955.671930366678,43.448058509231416,999.1199888759095,624.2046158079216,139.72671408615577,763.9313298940774,24.077204453983654,-17.303027185140195,60.0,0.3796835667343961,0.3679241337853045,AP0211,False,3,0.933750138098512,0.933750138098512,0.3183922314366624,-0.03346588576707973,0.29625197909251777,-0.11088197947076302,0.20934950870901123,0.1838291233671682,0.43943596433417587,0.11944887151552135,-0.11944887151552135,0.15149578121308785,0.15149578121308785,0.09193357994401516,0.07285861159628412,0.04843683558973963,-0.02053113486904604,0.10282876706559099,0.2711323656998834,75.41130626545628,0.7541130626545628,0.08793414616887052,0.1579527911765666,39.033449759999996,255.24119208451967,52275.316541010434,1030.7851786838844,0.48214619728572744,2026-06-30 10:51:00
10,1075.4396060344297,-82.76032341777724,992.6792826166526,1275.7106370741847,882.1841017889158,2157.8947388631004,-122.52140143986082,-57.32866561337562,100.0,0.4183912962453397,0.47665206905766216,AP0212,False,4,1.0082548912031992,1.0082548912031992,0.32191636901398435,-0.32191636901398435,0.3057108590404252,-0.3057108590404252,0.18625286193142165,0.14277994156871063,0.4555337452972576,0.45287986200166946,-0.030034459790535352,0.4272212030625211,-0.4272212030625211,0.5292475038451374,-0.4968021111726368,0.12444102307016915,0.04668626928847282,0.38344739799487426,0.41949057164606596,72.18348980959064,0.7218348980959064,0.14685270669942627,0.13131239520466736,39.033449759999996,254.32611336881698,53970.050712337455,1042.2685081989532,0.4696446532128339,2026-06-30 18:48:00
10,1011.4434283955854,38.95845043259402,1050.4018788281794,842.9204356711506,80.20127039232534,923.1217060634759,-1.2892513901604161,-65.97367102828719,70.0,0.39661705936315494,0.39025305072491956,AP0213,False,4,0.941713399630928,0.941713399630928,0.11788530510801855,0.05504501542497441,0.08347057949989097,0.03785384529562001,0.08470178087576315,0.020735749275165086,0.30694276627865014,0.05894447461271339,-0.00853398421556849,0.08590517166356533,-0.03451358432443297,0.051214575843490796,0.04323073025111376,0.08693444494449092,-0.08693444494449092,0.0707496667660651,0.18884621652235767,72.34329127523083,0.7234329127523083,0.07467336365079763,0.20189372359689411,38.53109184,252.7247256163372,52773.27220593005,1027.2840301603424,0.4398687130910055,2026-07-01 02:51:00
10,547.2351234027295,77.40535954691818,624.6404829496478,919.2843535956947,123.82295644788746,1043.1073100435822,-16.29835165985088,-126.51917663254551,80.0,0.3864906880433536,0.40741402939805027,AP0214,False,4,0.5404969136493063,0.5404969136493063,0.17137005036833908,0.12663257735846392,0.21393782908997414,0.02734599133037639,0.10332935858553853,0.08834064695744552,0.2572835379232895,0.14090009515502996,-0.14090009515502996,0.18981541129142088,-0.1258083092200487,0.1534690731254008,-0.024003534488523222,0.02788507213379133,0.023367413197930162,0.12801741292641075,0.19265047542485014,76.068255281587,0.76068255281587,0.10938592427203367,0.1299315229120964,38.531091839999995,252.7247256163372,49542.97546961902,1045.0314668493388,0.4495223588158196,2026-07-01 11:26:00
10,886.7874011739955,171.71714221087262,1058.504543384868,690.4570590779089,939.5851852407939,1630.0422443187026,-82.16752934359474,-377.64380371746097,100.0,0.422748227020897,0.45132511206758885,AP0215,False,2,0.9439807645909796,0.8213854374057372,0.20241219236479938,0.12790116508606184,0.1257577727633374,0.10722472989358113,0.12700797581393028,-0.10398114581541269,0.34978967638326164,0.4633308464657445,-0.221063633668136,0.4512228407307959,-0.4512228407307959,0.28702947796136663,-0.28590416007141867,0.3187886913859438,0.16136507316708218,0.3800929641359627,0.3649413202596122,69.51747159564997,0.6951747159564997,0.10154466311534817,0.2032806209281522,38.53109184,252.48950110959268,49014.81302169834,1027.9160357243818,0.42794148513901364,2026-07-01 19:26:00
10,832.0919335617837,33.76831209974765,865.8602456615313,810.7477275321856,209.59740461769047,1020.3451321498761,53.733505854087184,21.988280959153144,80.0,0.34082297287733476,0.3485472172017521,AP0216,False,0,0.8307542412245773,0.8307542412245773,0.2792794764223999,-0.006355003680833878,0.2334149021353978,-0.05326860063135607,0.15830763406167556,0.0850632792941769,0.37543906346101263,0.19850536100811011,0.04439660288329707,0.0568930935148893,-0.0568930935148893,0.017231228197303442,0.017231228197303442,0.02177321209586568,-0.02177321209586568,0.07360072370404214,0.22451989358252739,74.64826729378122,0.7464826729378121,0.10268113622955632,0.15083619083263153,38.531091839999995,252.0778582227898,50776.139431084644,1006.6542343228273,0.4411796710766901,2026-07-02 03:36:00
10,215.88124848388114,86.20588679347135,302.0871352773525,242.14591122363356,450.13868615600893,692.2845973796425,169.7775487091162,154.07199847148027,80.0,0.3427512903536221,0.3622611634587366,AP0217,False,3,0.342656631090055,0.21730255589684533,0.09359811756682457,0.051020378476577734,0.09138058488095513,0.07240777659590285,0.14159026082277254,0.10701090323859332,0.16730639859015184,0.1469711005203016,-0.015939691145489647,0.27579361822994375,0.18225461662059322,0.20519311055580883,-0.13925746245671725,0.18826133968124129,0.09856274762620351,0.20405479224682385,0.18568059541848786,77.43659000960069,0.7743659000960069,0.07524445234779878,0.15038964755619427,38.53109184,252.0778582227898,49882.96468716553,993.2126449843712,0.44135063689105347,2026-07-02 11:40:00
8,333.3380844027011,19.441100426148978,352.7791848288501,337.7907785870784,13.767992185347794,351.5587707724262,-7.85373414593505,-40.276121426786176,62.5,0.30388564904805343,0.3038093731695269,AP0218,False,4,0.4385003493205733,0.2750728006447991,0.13513096115677337,-0.05136634382698304,0.1485899823810963,0.004738372930190269,0.040126126181381776,-0.0006673268702835101,0.1905868547599562,0.0334329463638648,-0.0334329463638648,0.09527607900073246,-0.09527607900073246,0.011646506610442142,-0.011646506610442142,0.0009850681035151758,-0.0009850681035151758,0.03533515001963864,0.11296100238979742,66.11835591013704,0.6611835591013704,0.13650893831346186,0.2023075025851677,38.53109184,252.0778582227898,49437.52243573926,1055.3278846433893,0.43204410795175013,2026-07-02 19:29:00
1,0.0,0.0,0.0,0.0,0.0,0.0,0.0,0.0,0.0,0.2377999251297945,0.2377999251297945,AP0219,False,2,,,,,,,,,,0.0,0.0,0.0,0.0,0.0,0.0,0.0,0.0,0.0,0.0,60.280124423987154,0.6028012442398716,0.2055455877920586,0.19165316796806983,38.531091839999995,252.0778582227898,50560.37376020767,1067.1995163139204,0.45242483523064386,2026-07-03 03:24:00
9,0.0,0.0,0.0,0.0,0.0,0.0,0.0,0.0,0.0,0.07221671889372967,0.07221671889372967,AP0220,False,0,0.0,0.0,0.0,0.0,0.0,0.0,0.0,0.0,0.0,0.0,0.0,0.0,0.0,0.0,0.0,0.0,0.0,0.0,0.0,78.80569506549615,0.7880569506549615,0.06217299989993319,0.14977004944510527,38.531091839999995,252.0778582227898,51295.537810661495,1083.2373448787703,0.4456314440714362,2026-07-03 13:09:00
9,329.6393811638911,93.44848867987555,423.0878698437666,263.5347686461355,328.38866174456996,591.9234303907054,41.842785905544815,-86.10914921540223,77.77777777777779,0.35218158650431347,0.3615613398680323,AP0221,False,3,0.40419448185067824,0.40419448185067824,0.19434959392764337,-0.10278144460542585,0.3239052699798191,-0.17623326255176056,0.2287295872836153,0.17357647803022136,0.287794733260439,0.15788240453531785,-0.011324391203165828,0.23195956435142265,-0.1265237895926999,0.21601076608964082,-0.0923659584306398,0.08896003266454697,0.07620319199336714,0.1737031919102321,0.23074896258533556,68.34855929233406,0.6834855929233405,0.17131666671491047,0.14519774036174893,38.531091839999995,251.22329011469174,52116.91893101828,1000.4750643941104,0.4442980200026196,2026-07-03 21:08:00
10,211.8119806450764,57.06692281915984,268.8789034642362,124.20475432771445,1063.3264495768108,1187.5312039045252,77.34614326304256,23.418785589191373,80.0,0.3287762557993924,0.3747088708214069,AP0222,False,1,0.23654348656852123,0.21258654484393902,0.19645832842782765,-0.034043763054363345,0.22530957369415183,-0.0838092942462469,0.17276686304166722,-0.002348364958288942,0.207769562933042,0.13883677044276754,0.13883677044276754,0.33684941490813725,0.11246848195869041,0.6927594213805757,-0.2553258371552046,0.8636672062944349,0.8636672062944349,0.5080282032564788,0.3578988830947605,59.15619740294824,0.5915619740294824,0.16198206272778165,0.24645596324273597,38.53109184,250.51115002461012,51219.743520326054,985.6405350372528,0.4470945803605679,2026-07-04 05:10:00
10,516.5490367544317,1.0849135709406497,517.6339503253722,399.449163174613,342.5408284367704,741.9899916113834,-41.075853142263696,-49.24375665816241,100.0,0.45567887188371764,0.4668966739480182,AP0223,False,2,0.5284892692283581,0.5284892692283581,0.28034851736718774,0.2430930037278197,0.3464735511605641,0.3464735511605641,0.10341758211375733,-0.047274520652987644,0.3146822299674668,0.10824109455290448,-0.049294417769962094,0.1929312723573916,-0.15545630210353323,0.4212958958164546,-0.3211998663330597,0.2101755684554217,-0.017052609036009206,0.2331609577955431,0.27392159388150494,68.96693629425373,0.6896693629425372,0.1568555305642134,0.1534751064932493,38.53109184,250.51115002461012,51662.69897218412,1001.1614728193197,0.4470279425469602,2026-07-04 13:17:00
10,273.68430226234625,92.1218346373476,365.80613689969385,294.4393023228557,150.57840401827548,445.0177063411312,-21.230031497766333,-193.77020881168346,90.0,0.40448687219917356,0.40844745067124577,AP0224,False,4,0.4006844566244236,0.26652142760992287,0.2050754138895268,-0.0802084309459643,0.20934681543054187,0.005183340311006433,0.0765940376199991,-0.012817152438443868,0.22292518089112284,0.09018560134553949,0.011229430189835791,0.18747944781237197,-0.18747944781237197,0.1253606206691915,0.1253606206691915,0.1364659452525624,0.13281071757490107,0.13487290376991634,0.1788990423305196,65.65726134183335,0.6565726134183334,0.11759682647010407,0.22583056011156247,38.53109184,250.01720203019246,50587.02233420328,1020.0770964339689,0.4453407806727429,2026-07-04 21:02:00
10,449.5381833728677,0.18970796346854613,449.7278913363363,401.0028765360421,337.5991800988826,738.6020566349247,-3.9478307058936934,-3.0998685656338694,90.0,0.47813884632506304,0.4925825545899925,AP0225,False,4,0.44368378572179945,0.44368378572179945,0.14128849403120056,-0.05249541881934785,0.1588536535343745,-0.10014873460516556,0.1255518583581486,0.05554646327142022,0.2173444479113808,0.09801064594026951,-0.014060739213354212,0.1552137900974414,-0.0005391088088570958,0.1944903329397016,0.023003056245452628,0.2728182857088147,-0.1824362338003381,0.18013326367155683,0.19873885579146883,60.86118849974752,0.6086118849974752,0.20813072803700738,0.18325738696551735,38.30485779,249.60557870151106,49399.95879507248,996.870268759498,0.3882558165884255,2026-07-05 04:50:00
10,632.48937457607,6.377825834433315,638.8672004105034,643.3880861242902,950.1701306131874,1593.5582167374776,-311.5028190853327,-451.682681215967,70.0,0.3901169045967564,0.4378514554131052,AP0226,False,3,0.6262907382347033,0.6262907382347033,0.21022825848903792,0.1414659013121514,0.13223615323253438,-0.012784416244558242,0.04939560083245398,-0.019763114335903737,0.2545376876971824,0.24276629063572205,-0.24276629063572205,0.6448618773228335,-0.6448618773228335,0.8740341462733754,-0.8740341462733754,0.3025446622922542,0.2965343213636197,0.5160517441310463,0.38529471591411435,67.43359127513693,0.6743359127513694,0.2003748364611712,0.1252892507874594,38.30485779,249.60557870151106,50433.88670996668,966.4449618460213,0.3990116264955906,2026-07-05 13:05:00
10,516.0524281360326,70.03369763822832,586.086125774261,226.6975041937685,115.80858812630595,342.50609232007446,36.27847200164004,-42.39841191422528,80.0,0.45180264009062043,0.4396236384179111,AP0227,False,2,0.5010126062165731,0.5010126062165731,0.13988979299656254,0.028123252078458404,0.09549858501426493,0.09549858501426493,0.10143862440009806,-0.0016024431464640443,0.20945990215687466,0.124019993807237,-0.124019993807237,0.10843782399467826,0.10843782399467826,0.14169765209465163,0.14169765209465163,0.06648149899974294,0.06648149899974294,0.11015924222407746,0.15980957219047606,72.65281995285044,0.7265281995285043,0.092675499221393,0.18079630125010265,38.30485779,249.60557870151106,49934.76258516331,973.1868078076101,0.40043929153061086,2026-07-05 20:46:00
10,854.8365686797913,233.57824318652072,1088.4148118663118,499.59698873370166,241.26941980538902,740.8664085390907,181.4162289468907,-89.06881175470679,90.0,0.493343889494677,0.4759664693283159,AP0228,False,2,0.8812254096946477,0.8457499253552726,0.09492160803798068,-0.08192294787284604,0.022249387063068258,-0.020067779983053962,0.048027340505366535,0.004558510102853938,0.2616059363252658,0.2954394908325737,-0.06549433507663736,0.1179424374170196,0.002756151136565757,0.11409147300993057,0.11409147300993057,0.1637227452537676,-0.09345314379141284,0.17279903662832288,0.21720248647679433,67.57184117073118,0.6757184117073118,0.11930153423543352,0.20498005405725458,38.30485779,249.60557870151106,49491.506135511736,976.4187858148522,0.39682117224821717,2026-07-06 04:17:00
10,910.7401239531099,-24.77018719730718,885.9699367558027,803.9920181480978,363.7087512594826,1167.7007694075805,-139.956583771767,-179.13440742980475,90.0,0.3919100909138609,0.4059966325464499,AP0229,False,0,0.9055651480915307,0.9055651480915307,0.15302304478105436,-0.05923913927020929,0.15488023481273455,-0.0300448715511413,0.12801032310773483,0.033344070578378335,0.3353696876982636,0.10391461263565432,0.010103578702578407,0.3605297943935367,-0.3605297943935367,0.30821889338344177,-0.30821889338344177,0.27554393715925235,0.11888012516156048,0.2620518093929713,0.2987107485456174,74.73219532607355,0.7473219532607356,0.11108090132152271,0.1415971454177418,38.30485779,249.60557870151106,50222.64750537063,941.8353366833037,0.3998335685422957,2026-07-06 12:06:00
10,635.7931675124141,-12.423580184704171,623.3695873277101,633.7906618035265,178.85409984603143,812.644761649558,-75.47577938527598,-93.95056327512731,90.0,0.36782386009093154,0.377287618807024,AP0230,False,0,0.6089294996478202,0.6089294996478202,0.39787218946626535,0.28453715983889133,0.14310067934827314,0.03143264244206358,0.08873593113071777,0.041908774115262025,0.3096595748982692,0.09720645135681794,-0.030674875615098556,0.26792444967812257,-0.20019380056821004,0.24372585144612968,-0.24372585144612968,0.09624390353795073,0.09039086527358434,0.17627516400475524,0.24296736945151218,63.99737737146059,0.6399737737146058,0.19128138622922755,0.16874484005616658,38.30485779,249.4596866861012,51925.67490864809,956.3712217136698,0.3850329550734162,2026-07-06 19:26:00
10,780.0704377590139,106.19837202713398,886.2688097861479,876.5753647184923,555.867543112496,1432.4429078309884,9.06660042680528,-153.28930958755404,100.0,0.47294651341372684,0.5002552183159689,AP0231,False,1,0.783112834707969,0.7339522813621492,0.34198633577374643,-0.34198633577374643,0.23581605529644115,-0.23471378130338397,0.16442899904905545,-0.11668358989580407,0.38133605620680305,0.34808523541228187,-0.09932776543549608,0.33703146328614053,-0.2621314452116549,0.43289188853149607,-0.2155381831567741,0.1871118839660923,0.07660893178844087,0.32628011779900273,0.35380808700290284,66.26445030543391,0.6626445030543391,0.1090036787398917,0.22835181820576922,38.30485779,249.20437565913397,52236.627570008684,987.454818394563,0.3918414251761873,2026-07-07 03:15:00
10,904.4171612104182,-5.343425280970919,899.0737359294471,872.5221692492095,1971.1282451690747,2843.6504144182845,467.25458595405,742.6243300253429,90.0,0.3785502901844876,0.47577912410892936,AP0232,False,1,0.9032902269274349,0.8670721683455215,0.24769748654686188,0.001151827148662891,0.2840616483119272,0.10460491769770852,0.11310139333136833,0.02074110807543866,0.38703768877939804,0.14161378177440637,0.009727124171640289,1.2082296254563925,1.2082296254563925,0.2993630117505607,0.2993630117505607,1.8311217334309835,1.6178146149866932,0.8700820381030857,0.6285598634412419,74.07367684909066,0.7407367684909066,0.0772789406482198,0.1819842908608737,38.48465125,249.20437565913397,53727.49355169835,975.2421728985275,0.394290966046792,2026-07-07 11:22:00
10,571.5960800046497,18.03163775562908,589.6277177602788,1327.381749301479,119.13924703518524,1446.5209963366642,12.85075596454945,-22.043846292476644,90.0,0.35792094166357435,0.40076560559239366,AP0233,False,0,0.5766651178934951,0.5766651178934951,0.7801146697641497,0.36015272846954377,0.5753444563608087,-0.32194178380840405,0.09700719953913332,0.06555150099811745,0.5072828608893967,0.07644461167135269,0.07644461167135269,0.11682751986431289,0.010645999361020973,0.08303394202024827,-0.0031823069163997852,0.1516958492961124,-0.031042059498674036,0.10700048071300657,0.30714167080120164,66.72365286029398,0.6672365286029399,0.19045826033246782,0.14230521106459232,38.48465125,248.93691219562814,51369.67504372131,946.2341177276621,0.39678874419476207,2026-07-07 19:12:00
10,496.1617458557172,216.59314576503107,712.7548916207484,532.4378468368884,292.975617448506,825.4134642853944,113.04398568356044,-195.73429532134216,90.0,0.38236822188363706,0.38800115051686923,AP0234,False,2,0.5157029217420609,0.5157029217420609,0.14097022669714554,0.04935373685975719,0.21606037567599076,0.014744438155227727,0.08329048140136873,-0.08329048140136873,0.2390060013791415,0.12877507486795148,0.0477800586385934,0.2076055504944182,-0.2076055504944182,0.1507836162856958,0.1507836162856958,0.17633489820662113,0.1335395407407541,0.16587478496367164,0.20244039317140655,71.41973643193772,0.7141973643193773,0.11287352811471582,0.1729291075659069,38.48465125,248.4688511344928,51844.19883615714,950.3460910989,0.39313130967977167,2026-07-08 03:17:00
10,383.31521375904754,45.11448050877875,428.42969426782633,366.06684986618586,463.7622120204285,829.8290618866143,17.963630686762684,-33.75802291032494,80.0,0.39982386918696,0.4198938375678994,AP0235,False,2,0.39754846564090734,0.3848713291988486,0.1672052916713822,-0.152198857868165,0.2295417783440438,-0.22845097480403664,0.11177854986708465,-0.06549868904437729,0.22651852138085452,0.17661750609464794,-0.021396132264428127,0.16385610045264076,-0.08846896909948193,0.2957959831289265,-0.27534867841336097,0.11426495049926327,-0.11426495049926327,0.1876336350438696,0.20707607821236207,63.84925183569626,0.6384925183569626,0.15941441160870498,0.20209307003433244,38.48465125,248.4688511344928,51791.46450299664,942.0000737060618,0.4025408569314692,2026-07-08 11:03:00
10,823.5543436202015,63.392583895505545,886.9469275157069,1257.390637465486,170.325658802538,1427.716296268024,21.166816023388563,-62.92752942793396,90.0,0.3308866137166619,0.35792508215427776,AP0236,False,4,0.8347367955230345,0.8347367955230345,0.34760353773074115,0.1381711668608107,0.2639513735580738,-0.262853775207758,0.14265266552230324,-0.14265266552230324,0.3972360930835382,0.060185825535699365,-0.032501091752591145,0.2614211601081091,0.016517583081787884,0.24032083958047462,0.12878062969907794,0.10907426393288115,0.0406730904038415,0.16775052228929105,0.28249330768641456,61.84588944667188,0.6184588944667188,0.23002921124574904,0.1515118942875322,38.48465125,247.93152967934782,51689.13221214232,971.0669373834095,0.4003634005794389,2026-07-08 19:00:00
10,1130.2345479870426,21.166236867788857,1151.4007848548315,1428.1881297466305,292.0836184890461,1720.2717482356768,32.42777401239195,19.836039271242385,100.0,0.44163855972107446,0.4700821078901168,AP0237,False,1,1.0733460075987773,1.0733460075987773,0.24769084177260894,-0.0483334423883598,0.2842506419030788,-0.10382395872565313,0.3869178077625656,0.2535819626982685,0.4980513247592577,0.12599694433424213,-0.07599940722407553,0.21679216513499638,0.11955930166636614,0.1416135320833956,0.13595189203160069,0.21899350280724367,0.0365971344229143,0.17584903608996943,0.33695018042461355,68.59497324815254,0.6859497324815255,0.12150961409523191,0.19254065342324264,38.48465125,246.99121713284418,51906.63735172019,983.6860857766954,0.39893509849678094,2026-07-09 02:57:00
10,1115.7190675025151,192.20116093747225,1307.9202284399876,1476.8281687410267,657.8224713725651,2134.650640113592,35.665005111505266,-253.11123272746994,100.0,0.39225229352597885,0.4335888141096592,AP0238,False,4,1.0730272323537247,1.0730272323537247,0.39133911127539217,-0.3858147440298636,0.4633968603772248,-0.4633968603772248,0.10280850339647542,-0.10280850339647542,0.5076429268507042,0.15832177734693448,-0.07275185569999605,0.2947257027555277,-0.052048995672882355,0.3386976431550293,0.2518686330314254,0.29566780111041135,0.2921352102780641,0.2718532310919757,0.38974807897134,70.25934178842125,0.7025934178842125,0.12428188332288757,0.17312469879289985,38.48465125,246.99121713284418,52148.27912427819,962.4866513942198,0.3976872672136052,2026-07-09 10:57:00
10,248.75003362905795,13.870388020528516,262.6204216495865,102.48145157924421,139.670116081498,242.15156766074222,38.25242117127041,44.36496168048012,80.0,0.4967511293905827,0.49572768669114053,AP0239,False,2,0.29360502549262857,0.2581295411532536,0.14239698195967113,-0.05634400101049399,0.10905200685905675,0.014676571364094275,0.10730068735483271,0.056213261449767266,0.16308867541654729,0.11355985779050264,-0.02956837446628292,0.19200866849422377,0.13372613067666766,0.11942732608977963,0.10593665350406484,0.15540087824375992,-0.08470098666823986,0.1450991826545665,0.1540939290355569,71.00593098975824,0.7100593098975825,0.13983080572907083,0.15010988437334677,39.17214257,246.60538298232612,51617.35944876476,977.1472585726452,0.4023317272983252,2026-07-09 18:54:00
10,840.7114427423023,-32.2751699763749,808.4362727659275,673.023566307953,602.2045186429896,1275.2280849509425,-91.98036598044456,-76.91371118405746,80.0,0.33535341528948065,0.3586930058987314,AP0240,False,1,0.8802982410280591,0.8802982410280591,0.24423745542927908,0.09965542496490275,0.14477708493395267,0.13929456328094345,0.1138575739740784,-0.051206218789302704,0.3457925888413423,0.06368550420084132,0.011247504553699994,0.3108694380360906,-0.3108694380360906,0.5218321950012809,-0.5218321950012809,0.26015405540675396,0.09397143317004018,0.28913529816124167,0.317463943501292,68.32434865776489,0.6832434865776488,0.1355188015050399,0.18123771191731117,39.17214257,245.5764919142781,52986.672721729425,962.6153763081617,0.3972971023062516,2026-07-10 02:44:00
10,682.4855255541975,81.64838812662222,764.1339136808197,573.1510572968251,225.43086192018654,798.5819192170117,42.698188202562335,-68.56524317796163,90.0,0.3812788702292387,0.3830012705060483,AP0241,False,3,0.6768929464732117,0.6768929464732117,0.10487960402456793,-0.06541539046639218,0.027065057224472996,-0.02259830957021008,0.1073303431391982,-0.061207553571264395,0.22904198771536272,0.11504345804521467,0.10307522708290677,0.2649766056575795,-0.2649766056575795,0.28930885128052697,-0.2881861515088025,0.06621770244006861,0.026998445499275922,0.18388665435584745,0.20646432103560508,69.9958317414688,0.6999583174146882,0.1456008997300523,0.1544407828552596,39.17214257,245.5764919142781,51314.387899769,934.0986345868854,0.4031596141888148,2026-07-10 11:31:00
10,285.9615908905282,50.42263326900549,336.3842241595337,203.81268196209214,382.2942548503422,586.1069368124344,14.905903564658018,-63.24339285280348,90.0,0.457542883784268,0.47002901941691305,AP0242,False,1,0.29757847358557293,0.29757847358557293,0.115370254473088,0.07793402648088947,0.14971947371760058,0.14971947371760058,0.07601297178721377,-0.07601297178721377,0.15967029339086883,0.15878750883030213,-0.0018556074459177702,0.21740844468530288,-0.11388562395203158,0.17852922166068436,-0.05577005466486776,0.1154310957765991,-0.04018184355278039,0.16753906773822214,0.16360468056454547,62.97845754987414,0.6297845754987415,0.1819634001962238,0.1882520243050348,39.17214257,245.5764919142781,53335.99781505051,952.7908649099411,0.4032483946962012,2026-07-10 19:20:00
10,627.9548647080339,-25.905851137330195,602.0490135707036,375.07875779338156,459.94512895829234,835.0238867516739,-70.29168714182805,-77.44527786414335,80.0,0.3877086398938922,0.39935738355294076,AP0243,False,2,0.6605964269902875,0.6605964269902875,0.1451982383666962,0.10794272472732817,0.09209795737954878,0.017220202123472705,0.06119635553843677,0.01691102061268619,0.2397722445687423,0.08944826256382404,0.0528348087227098,0.3891144461893713,-0.29385313718485534,0.4981335885172236,-0.41533341211231395,0.15591105584910955,-0.14950710638826784,0.2831518382798821,0.26146204142431223,62.82293573323303,0.6282293573323303,0.1367384209606996,0.23503222170697013,39.17214257,245.5764919142781,53281.10714863722,979.8577511659748,0.4046014103194583,2026-07-11 03:12:00
10,384.84385511903406,146.68600272139128,531.5298578404254,281.7548162022713,189.11775024408462,470.8725664463559,140.81000453058294,-30.031780156617714,80.0,0.44464045848673883,0.4416075939170354,AP0244,False,2,0.3966162253538805,0.3966162253538805,0.1197490599108717,-0.0648849113483619,0.14769806778483888,-0.08826576494740901,0.07091991948514606,-0.004637664918853986,0.1837458181336843,0.21409781335592343,0.06039177203593381,0.06592269932683541,-0.04926358695361841,0.019955963828498968,0.014358825787484,0.05668595566127892,0.014013935914241136,0.08916560804313418,0.13645571308840923,61.497176353087305,0.614971763530873,0.22434962476066334,0.16067861170846356,39.17214257,245.5764919142781,51327.928079825055,935.6757196721155,0.3978799516031827,2026-07-11 11:21:00
10,282.93137043392926,3.121381902711642,286.0527523366409,124.94332146470958,143.60418142499452,268.5475028897041,-19.155223686078017,-41.44425169342139,90.0,0.5082881792527135,0.5074129167803667,AP0245,False,0,0.30907226019924267,0.2887836960164683,0.09153031374043724,0.013198313092774147,0.04861685346314529,-0.04751629239536891,0.0849764497195587,0.0078369799343571,0.13354896928059595,0.07829118560996003,0.05811302268923038,0.10837917700181404,-0.05537645204189656,0.0772951258596866,-0.016848625856093896,0.14773696171707626,-0.027083171919637904,0.10292561254713423,0.1182372909138651,66.88606669464507,0.6688606669464506,0.17614242284721848,0.15499691020633094,39.17214257,245.389269105166,52597.737464669226,962.3356633777369,0.39679454557698196,2026-07-11 19:15:00
10,955.5788175182377,57.68901963103129,1013.2678371492692,607.3540149101162,597.1287088957978,1204.482723805914,57.01839229101796,-1.6889452797739892,100.0,0.40772163112850857,0.41728237546134084,AP0246,False,3,0.9985771947455865,0.9985771947455865,0.14941886007763125,0.02169761420941299,0.08903826329068147,0.05545483604375411,0.10631551259036355,-0.10631551259036355,0.3358374576760657,0.09006428406839607,0.06744977120458467,0.34052034021474786,-0.24592707357780247,0.5760851129111334,-0.5721717956385061,0.3205267790033755,-0.10334544020026695,0.33179912904941317,0.3338182933627395,70.87472132044162,0.7087472132044162,0.09700191438333176,0.19425087241225206,39.17214257,245.06162918921964,52771.01450050855,972.670157687661,0.40447040367814135,2026-07-12 03:07:00
8,167.8295968048395,245.6452632669466,413.4748600717861,176.56172943637216,419.41643479397305,595.9781642303452,335.4082793701309,125.1177017091573,87.5,0.4791044731473865,0.4905109296572961,AP0247,False,3,0.26489413229800424,0.26489413229800424,0.1761340018173692,0.032370216488456206,0.20514635938691939,0.06903245263913392,0.15284549034581746,0.03203506740280932,0.19975499596202756,0.1375076056996776,0.10506518724735067,0.16423387988495244,0.059699902775684176,0.037503410493054674,-0.036380710721330166,0.13278876537737444,-0.13278876537737444,0.11800841536376479,0.15888170566289617,69.60973596776374,0.6960973596776373,0.126383113129669,0.1775195271926936,39.17214257,245.06162918921964,52653.67890037095,973.3475731175755,0.400904290968408,2026-07-12 11:00:00
10,239.88420503351466,-47.40645544303034,192.47774959048436,344.4169423914286,708.2962521221318,1052.7131945135604,-64.22212582666751,-19.28953837118661,90.0,0.45242556892463703,0.49543734117079097,AP0248,False,0,0.5240781438691732,0.2610998739033113,0.22010157432198815,-0.11282951383200734,0.20290020013753376,-0.13793999655616515,0.08555632340442783,-0.056596211483108845,0.25815906043328074,0.14566384405103427,-0.03730185904735117,0.2691878150577943,-0.15712901403085905,0.4703405608468727,-0.36981378828178424,0.3873775804974363,0.11736358703402715,0.3181424501132844,0.2881507552732826,73.32809217442095,0.7332809217442094,0.13973211838049876,0.12698695987529185,39.17214257,244.82164704132208,54761.34181814739,986.3737255770084,0.39547151644084716,2026-07-12 18:33:00
10,271.4709300716323,-192.04472890693964,79.42620116469261,179.92235528628407,363.0941611681619,543.016516454446,-49.46957423719334,254.97729002415417,90.0,0.4383356084282082,0.46151512419269575,AP0249,False,4,0.30310648881020463,0.2903973288764885,0.21240259085538427,-0.15479344407078333,0.21805972646311209,-0.10136807084401418,0.1386661545847786,0.1094480442895319,0.2180587401783699,0.0752461260101647,-0.0752461260101647,0.22358925376438657,-0.006033490755078086,0.3536201275433905,-0.3536201275433905,0.12163541001275954,-0.12163541001275954,0.19352272933267534,0.20579073475552262,70.00483969279398,0.7000483969279397,0.12237195234433813,0.1775796507277222,39.17214257,244.18169464692846,52965.31919529458,994.5222222692573,0.4030602871176077,2026-07-13 02:27:00
10,285.147288798535,-47.021029153533505,238.12625964500143,470.9173467236192,416.94470376214144,887.8620504857606,202.8470821771955,390.1167040811889,100.0,0.41030630611437535,0.44279309565641345,AP0250,False,1,0.42054168912238893,0.2953801916953978,0.3529387338134797,0.2312256291276802,0.18463479803905822,0.08181798826833744,0.12494623545573445,0.0728017751911351,0.27076536410766533,0.13240054393010692,0.13240054393010692,0.2819236101247136,0.2357042900148732,0.07469688968247921,-0.027683322005847916,0.32670178675742845,-0.1742235253363712,0.20393070762368204,0.23734803586567368,69.45453698126711,0.6945453698126711,0.12694053651990866,0.1785140936674203,39.17214257,244.18169464692846,53169.2194188896,957.7796808345364,0.40085877016483595,2026-07-13 10:01:00
10,471.4651328366406,37.502976132612915,508.96810896925354,327.25528795537593,147.7693622309871,475.02465018636303,90.10610180530674,72.19705271577061,70.0,0.5083198048229984,0.5066226318838539,AP0251,False,3,0.4782128793674776,0.4782128793674776,0.11219467752900451,-0.11219467752900451,0.06973842321802602,-0.06750504939089488,0.11674588152822467,-0.03961496593040658,0.19422296541068318,0.13208379395046088,0.0454940590547055,0.08987986763271195,0.08987986763271195,0.11546889749471143,0.11546889749471143,0.1047957878131376,-0.034346526740116984,0.11055708672275547,0.1523900260667193,66.30108189543635,0.6630108189543635,0.16176580329599974,0.17522337774963673,39.18207989999999,244.08743210001305,50842.13987802914,975.8621716559021,0.45371465126817795,2026-07-13 17:46:00
10,686.2095833159792,-82.83058299183683,603.3790003241423,623.6074380344302,161.47431784160563,785.0817558760358,21.695928718935193,167.12495457294568,80.0,0.3577701534376122,0.366855291215207,AP0252,False,4,0.6856393447665866,0.6856393447665866,0.23223207227119613,0.023917185187087863,0.21401852990894024,0.03874390272183676,0.11357738689536485,-0.024013554163288733,0.31136683346052196,0.11972931982795246,0.038989639641773176,0.15702218240011162,0.15702218240011162,0.1199804388281902,0.1013458801130446,0.16507384493870683,0.09502241659649513,0.14045144649874028,0.22590913997963114,71.88580223164061,0.718858022316406,0.11262031817602629,0.16852165950756778,39.18207989999999,243.14480663085888,51927.661418111486,996.2081067238461,0.4329586080701785,2026-07-14 01:43:00
10,537.3596369731885,1.4453251585698723,538.8049621317583,533.5644629345559,1427.7561573229066,1961.3206202574625,51.03201482609103,73.89273882632769,90.0,0.44871491719911666,0.5198407001054017,AP0253,False,0,0.5383267915219013,0.5383267915219013,0.14318581365407443,0.056254415607365264,0.09925227142547148,0.02460700983747316,0.0728740545996846,0.015442592290836629,0.21340973280028297,0.10607059325690445,0.07444657510212373,0.18987633572315932,0.1557126638390326,0.24825161423112296,-0.24825161423112296,0.9787937361176899,0.9035372801630452,0.38074806983221915,0.2970789013162511,69.34247294264458,0.6934247294264457,0.11324044727975158,0.19333482329380255,39.1820799,243.14480663085888,51379.030880624465,972.9424494014368,0.5945728435311235,2026-07-14 09:18:00
10,490.1920092089932,36.38399380389478,526.576003012888,419.05793287307097,92.52471342508375,511.5826462981547,-28.439288176516413,-105.7384474943978,90.0,0.47110961821984654,0.47035995038410994,AP0254,False,4,0.6951313745949284,0.4507724924266279,0.13837117404947866,-0.0274637439070323,0.1544964263682652,0.021685487833583306,0.09747438517721445,0.06183577395709745,0.2713683400474717,0.029450468372540076,-0.0026122398170546467,0.15036379520494048,-0.15036379520494048,0.10090458782255213,-0.01861946765122176,0.11810544617234718,0.00047333926847702157,0.09970607439309497,0.18553720722028333,68.48296156193642,0.6848296156193643,0.11152644284925878,0.20364394153137697,37.477880309756095,243.14480663085888,50437.99873503166,967.6049628540467,0.5170735120458916,2026-07-14 17:26:00
10,636.7441369214239,42.139598849875384,678.8837357712993,703.632110977966,1744.3604634546036,2447.9925744325697,291.104662289687,396.4117485034014,90.0,0.4006893965946331,0.48914483852769647,AP0255,False,3,0.619350887101986,0.619350887101986,0.2216436410852749,-0.18492050796015602,0.1474460127144991,-0.1474460127144991,0.1351264481605959,0.06446526085769942,0.28089174726558896,0.2998536120105426,0.005779896200585742,0.7194874032979105,0.7194874032979105,0.2821623308184319,0.1025834249635772,1.1744509004624795,1.1616940597912984,0.6189885616473411,0.449940154456465,69.36700634765852,0.6936700634765851,0.11546121410682444,0.1908687224165904,37.477880309756095,242.3467117379504,50570.570603277134,991.4881554902952,0.51227638105538,2026-07-15 01:41:00
10,592.5940062443134,94.56764151168295,687.1616477559963,438.4800096620073,286.3901128495909,724.8701225115982,53.47442868081778,-49.32128324335176,80.0,0.49853608410508377,0.5004215078428638,AP0256,False,3,0.6012255800493794,0.6012255800493794,0.1799760250152546,-0.03291247392349281,0.07724784921831723,0.05669577232713021,0.07472232307521297,-0.06261504769021407,0.23329294433954106,0.16005121208712497,-0.077676012541291,0.2288094527657567,-0.052841665560041065,0.23647469144357933,-0.1417980311171337,0.06311719461648425,0.02389793767569157,0.1721131377282363,0.2027030410338887,79.32291635988028,0.7932291635988028,0.1054469538130436,0.10132388258815368,37.477880309756095,242.3467117379504,50143.40661413943,959.0203046590967,0.5146151938810172,2026-07-15 09:23:00
10,968.3295137194465,94.92064217086538,1063.2501558903118,910.5214116953595,128.13480218204836,1038.656213877408,81.31743994786703,-35.001718619962276,100.0,0.4564442753646416,0.45521457826399647,AP0257,False,2,0.9774058115892986,0.8917334562773318,0.2200506524381146,0.1455396251593778,0.17145329733893913,0.1660278277506703,0.06939485304576537,-0.01340732388918136,0.3595761536030294,0.08647332407247897,0.06127244853323938,0.16019516701407907,-0.0603599050266138,0.1350087530856381,-0.009304124979569287,0.13978488354117358,0.013034165519039617,0.13036553192834244,0.24497084276568593,73.9634410435498,0.7396344104354982,0.10258382851915773,0.1577817610453442,37.477880309756095,242.3467117379504,49292.52887242078,988.6650650152045,0.41251562579861706,2026-07-15 16:50:00
10,472.08015796035465,-21.89344149215721,450.18671646819746,335.279224938998,594.4988672014242,929.7780921404222,119.15498453713568,228.8065073654609,100.0,0.4474557664242675,0.47143533520787884,AP0258,False,0,0.5014989872964649,0.4881438836736522,0.09923410862534447,-0.0405023842362315,0.10634414489077972,-0.1052435838230027,0.06560059338744458,-0.0006183489258677618,0.19316945855000842,0.09777398899291388,-0.015471925999355927,0.43256454889136053,0.43256454889136053,0.2956644528762606,0.18156689057209635,0.19239069916825494,0.004486015934108439,0.2545984224821975,0.22388394051610294,70.92088416461371,0.7092088416461371,0.0898231974676692,0.20096796088619365,37.06179182389383,241.36952598433257,49965.445136226306,991.1193637115572,0.425826512558242,2026-07-16 01:04:00
10,735.2654633156319,-161.44425689023132,573.8212064254008,526.6238758393054,1011.9291498196635,1538.5530256589689,164.9788043042957,529.5727600490422,100.0,0.43460937173200015,0.48284596269367874,AP0259,False,0,0.7625238199549244,0.7403735908219832,0.21794650727567996,-0.17610898111640258,0.17829058212821822,-0.11121803732370024,0.15148989194958132,0.05007475953905286,0.32756270032710094,0.07826177030475842,0.003667722932521718,0.7778874691007576,0.7203133605603391,0.2047743519624833,0.12071040044571367,0.3031264020502037,0.11666767755942918,0.3410124983545507,0.33428759934082586,71.72500942362744,0.7172500942362745,0.0988531602774794,0.18389674548624615,37.06179182389382,241.36952598433257,50338.84434647523,968.8636553340126,0.4202743195837217,2026-07-16 08:48:00
10,851.4335417554446,-60.60354796180351,790.8299937936412,670.9132643111611,1315.9910663691,1986.9043306802612,79.29567839143937,207.15956104361322,90.0,0.4168447811383418,0.47664849798267267,AP0260,False,4,0.8529434170288437,0.8173783186917051,0.23056893513742668,-0.12952639602707458,0.17666937942984606,-0.08248248303436775,0.05120223843863877,-0.03924177286947562,0.3278459925086888,0.2588277839685057,0.17238993892134935,0.3691161340024729,0.3242179190103749,0.17842299094485772,0.12482239751906556,1.4675656010525406,0.6118936829174053,0.5684831274920943,0.4481645600003915,72.66460557446115,0.7266460557446115,0.08760354422781833,0.1857504000275702,37.06179182389382,241.36952598433257,50138.291399413145,993.2178152101235,0.4254478685539422,2026-07-16 16:59:00
9,440.5509604006275,-21.73850392052015,418.81245648010736,369.67243765562955,291.2568083789613,660.9292460345908,18.742992577119878,74.0945625712834,88.88888888888889,0.3829170524517386,0.3963679852047655,AP0261,False,3,0.4456935444002168,0.4456935444002168,0.20406421823586937,-0.03207383000252536,0.29862686858875825,-0.05499843849716746,0.16474156410692053,-0.05481247870633694,0.27828154883294126,0.03822722213920237,-0.03822722213920237,0.18410225497410995,0.05334324114650108,0.4041467913841057,-0.4041467913841057,0.019304361909838124,0.017980054263091783,0.16144515760181402,0.21986335321737766,69.3587771950111,0.6935877719501109,0.09801046101147254,0.2084017670384165,37.06179182389382,241.02988875880786,50168.45925668467,993.0950049594691,0.4202159628649394,2026-07-17 00:47:00
9,306.50416094485547,34.11633195901531,340.6204929038708,377.4139638717014,301.9990735109126,679.413037382614,105.0462570450409,102.09578798686971,77.77777777777779,0.41328696150384436,0.4321087695304412,AP0262,False,0,0.36853769002704523,0.36853769002704523,0.13760066171493907,0.029119260706001727,0.1595131276850585,-0.0659182998737359,0.12558323528620266,0.013963565699107639,0.19780867867831134,0.05657953833748647,0.05657953833748647,0.2504551633796538,0.2504551633796538,0.24948627634599366,0.24948627634599366,0.11352701909869985,0.04491435994345917,0.16751199929045846,0.1826603389843849,71.03711399943658,0.7103711399943659,0.1351441507257539,0.1544847092798804,37.06179182389383,241.02988875880786,50491.82494986158,968.6393383398187,0.42577435694152843,2026-07-17 08:59:00
9,650.3284332858856,40.021545120162386,690.349978406048,938.8690670574963,33.90332721285904,972.7723942703553,-14.97828408165384,-83.84347771299576,77.77777777777779,0.31688248356439264,0.33257261777907643,AP0263,False,4,0.7665472332953011,0.7665472332953011,0.3979554372633837,0.3714340077427493,0.4312106666053296,0.34023104819650857,0.12167838630513654,-0.0027450272945127806,0.42934793086728773,0.03343294636386474,-0.03343294636386474,0.09527607900073262,-0.09527607900073262,0.011646506610442142,-0.011646506610442142,0.0009850681035154926,-0.0009850681035154926,0.035335150019638745,0.23234154044346322,72.47939123224289,0.724793912322429,0.08134188072413816,0.19386420695343298,37.06179182389382,241.02988875880786,51290.41596684282,1003.3280641951199,0.4278924106775592,2026-07-17 16:42:00
10,705.5317642124539,-61.93614494372322,643.5956192687307,815.682948676448,55.16469630442509,870.847644980873,-41.289148855953016,43.03489010160445,70.0,0.27742168221127234,0.28878428349687946,AP0264,False,0,0.6732900667502698,0.6732900667502698,0.5159141738289662,0.42970348689638665,0.24024374550771488,0.137745757974915,0.25350113403396896,0.0029100735734575215,0.42073728003023,0.041016497391688035,-0.041016497391688035,0.1645722801930587,-0.07046888062084096,0.19039323252569496,-0.19039323252569496,0.008431107618232962,0.008431107618232962,0.10110327943216865,0.2609202797311993,53.46631279930443,0.5346631279930444,0.2265148952334444,0.23882197677351114,37.06179182389382,240.49054857968625,50423.85239880312,1008.4289235311844,0.41777873667620735,2026-07-18 01:18:00
10,778.3892062996136,0.0,778.3892062996136,448.6578677462112,0.0,448.6578677462112,0.0,0.0,50.0,0.3053948539629852,0.28890828703531507,AP0265,False,2,0.7787602494110374,0.7787602494110374,0.14052851269997182,0.028761971781866968,0.060515777369655153,0.060515777369655153,0.04812249025009981,-0.04812249025009981,0.256981757432691,0.0,0.0,0.0,0.0,0.0,0.0,0.0,0.0,0.0,0.1284908787163455,67.57812021336437,0.6757812021336438,0.16611905538568827,0.15809974248066794,38.83230500000002,240.49054857968625,50700.39308878981,985.4646315796402,0.4555846806724017,2026-07-18 09:42:00
10,318.2404603060227,3.8403480251880016,322.08080833121073,180.88270901255828,286.6332637425828,467.5159727551411,-34.24560379823521,-66.1019549783189,70.0,0.4126503439900061,0.41992210221120263,AP0266,False,2,0.31282308072075105,0.31282308072075105,0.06723456472249201,0.02997905108312397,0.07058699833747448,0.05071143793708446,0.07081270202951168,-0.03202343678312219,0.1303643364525573,0.09792605809214529,0.038517044343039486,0.16764022753224037,-0.13016525727838216,0.08714164359684379,0.01295438588655115,0.19624207103227143,-0.19624207103227143,0.1372375000633752,0.13380091825796625,68.82276426817565,0.6882276426817565,0.14832799047207237,0.16344436684617106,38.83230500000002,240.33133288383414,51138.60109531132,995.9726926464936,0.44961817854298947,2026-07-18 17:39:00
10,782.2031172786347,-34.39729207778091,747.805825200854,668.064535536944,315.1264944779749,983.191030014919,-23.101659386626352,16.300158822432664,90.0,0.4143641207058068,0.42613338094651,AP0267,False,4,0.7583949046917882,0.7583949046917882,0.14635774817229957,-0.14635774817229957,0.15527497595875808,-0.1519821809078106,0.12789944297938174,0.03423939240118507,0.2969817679505569,0.07761582294171805,0.029554809054724497,0.21582504472976458,-0.06789552214973674,0.15766084301457342,-0.15766084301457342,0.16760614393513057,0.04997403703126171,0.15467696365529665,0.22582936580292676,69.14646235431212,0.6914646235431213,0.11014032055710062,0.19839505589977816,38.83230500000002,238.73917592531282,51826.26644666216,999.1251072024279,0.45093078784606,2026-07-19 01:57:00
10,0.0,15.23337732352913,15.23337732352913,0.0,347.47322774757095,347.47322774757095,78.72172636723371,90.88384887675846,40.0,0.20207425038353377,0.2186862429047359,AP0268,False,0,0.0,0.0,0.0,0.0,0.0,0.0,0.0,0.0,0.0,0.19986624940469847,0.11887493610763894,0.5258103420060133,0.2858657011482381,0.4966862773384089,0.16558590770109433,0.23514649321926662,-0.035392316387015885,0.3643773404920968,0.1821886702460484,71.34160466303699,0.71341604663037,0.13887682863795398,0.1477071247316762,38.83230500000002,238.73917592531282,51286.801470113,957.4616209923386,0.47080932492081945,2026-07-19 10:13:00
10,611.2344339386381,136.5497837500851,747.7842176887232,598.199956327472,78.45323507362286,676.6531914010949,-9.653274159977173,-237.69346421781017,90.0,0.4311160954350636,0.42755954412068214,AP0269,False,4,0.6186611386339765,0.6186611386339765,0.15523069791024552,-0.06731043925370192,0.12247407299799423,-0.002869038438944784,0.09897594045449583,-0.09897594045449583,0.24883546249917804,0.04111621402572652,-0.014277985470240848,0.1598561247480919,-0.1598561247480919,0.09403324119617541,0.049198729008038025,0.09416804991298239,-0.05946267390914592,0.09729340747074405,0.17306443498496105,78.01092143730281,0.7801092143730283,0.09800638584921147,0.12188439977776033,38.83230500000002,238.21069733765026,51366.19951505498,1004.0144681120277,0.456456502428433,2026-07-19 20:02:00
10,1007.8092718385291,122.98309022652126,1130.7923620650508,879.2740704490933,1188.9407825889339,2068.2148530380273,318.48359466741897,302.0127954109301,100.0,0.3826020755873942,0.42947320013604295,AP0270,False,3,1.0226894751481752,1.0226894751481752,0.26692412004347993,-0.13266912729318406,0.14391021888649916,-0.1405601581458015,0.2412327150817386,-0.2412327150817386,0.41868913228997323,0.1602266890887609,0.016757477224894183,0.9189606912256006,0.5867242599552589,0.3817273453084139,0.16066248455626456,1.2595754068995244,1.0146005693270055,0.6801225331305749,0.5494058327102741,70.51296568641997,0.7051296568641998,0.10693425890966343,0.18793608422613675,38.83230500000002,237.28585980924083,51272.28231198784,986.208972384166,0.4570860136277835,2026-07-20 03:35:00
10,826.2825622101694,110.0337125737518,936.3162747839211,732.1402445778764,758.0231305468844,1490.1633751247607,274.3224705071331,256.0120325587721,100.0,0.42033113703730435,0.44802349205434633,AP0271,False,3,0.8339861641089162,0.8339861641089162,0.11581537835553297,-0.05530276182167496,0.03915082165734922,0.007185516546238858,0.14602441048019535,-0.14602441048019535,0.28374419365049847,0.16958160190757543,-0.022981943323679838,0.5416136672141724,0.4387754879878498,0.42389988772862325,0.3144092290559131,0.1517157458321588,-0.12888972005068808,0.32170272567063246,0.30272345966056546,70.96996782883302,0.7096996782883302,0.10743125451233182,0.1828690671993378,38.83230500000002,237.28585980924083,50412.42508720921,958.777566821661,0.4518979321251854,2026-07-20 12:01:00
10,683.9023378672579,23.277448452843526,707.1797863201014,720.6629697705644,269.7053740151382,990.3683437857026,63.81020048572287,75.65847134334098,70.0,0.3468504745597653,0.3610099024330453,AP0272,False,1,0.6593286972716129,0.6593286972716129,0.2649185431177937,0.11640175616900532,0.07306128518959636,0.07306128518959636,0.05284644133582877,-0.030541310586887204,0.26253874172870795,0.14533498549368054,-0.058312483188950645,0.13949188896903938,0.05332678398823196,0.16364089949233554,-0.007352345283182999,0.21200124529864872,0.003513673205814166,0.16511725481342604,0.213827998271067,77.80132442548198,0.7780132442548198,0.07390367046179608,0.14808308528338418,38.83230500000002,237.13367454108703,52252.97191732077,959.7250414007141,0.4558934735427476,2026-07-20 19:41:00
8,586.0591316766493,167.66742123571947,753.7265529123688,605.652133663469,352.36599863330866,958.0181322967777,194.966033346992,22.333876048467403,87.5,0.3759952547033366,0.388763478414862,AP0273,False,2,0.6555239648677955,0.5698516095558283,0.2008604897390137,0.08909394882090808,0.1398154055049897,0.1398154055049897,0.06827395383074547,-0.05107568992054956,0.2661184534856361,0.2247307768725805,0.17177469190083997,0.10694398612330824,0.10694398612330824,0.24990892449778185,0.24990892449778185,0.08299390965564366,0.05754529326906586,0.16614439928732858,0.21613142638648233,75.9598022555646,0.759598022555646,0.07407617373349744,0.16632580371085667,38.83230500000002,236.86735032181778,49205.19383331343,955.8613071180225,0.45660119136070326,2026-07-21 03:43:00
10,658.7001394958668,200.33892826856246,859.0390677644291,588.1076703862441,278.1744423817645,866.2821127680086,69.89041318047776,-234.02396618298684,80.0,0.34532812423238934,0.3456902764825682,AP0274,False,2,0.626764469540766,0.626764469540766,0.1278813402347343,0.05337031295599895,0.07925853965192846,0.07925853965192846,0.07422115413050683,-0.007357269775284646,0.22703137588948388,0.11281079114579688,0.0338155165644811,0.25823238773036006,-0.23451201990677867,0.18978643640626017,0.18978643640626017,0.11121291512479495,0.09113637208894218,0.16801063260180302,0.19752100424564345,76.97081956263347,0.7697081956263346,0.05494543724672528,0.17534636712694,38.83230500000002,236.86735032181778,51231.32275685635,950.6701995883656,0.4501788200182674,2026-07-21 11:44:00
10,752.9376642787719,51.536980369564304,804.4746446483362,357.61802291749405,194.71149336489498,552.329516282389,24.053644320890726,-27.016046598706623,100.0,0.45572584552066325,0.44311858910236596,AP0275,False,4,0.7713152502054365,0.7586060902717207,0.33180036119814055,0.10164499029302478,0.22111345498731683,0.024359949361738128,0.1254541698750022,0.02518773129516956,0.362420809066474,0.1256838534242885,-0.12153096850983022,0.2517221808514015,0.06384718993704888,0.25310708357107176,0.09360305476268732,0.07898444697457678,-0.04781587807867837,0.17737439120533463,0.26989760013590436,73.19433305117263,0.7319433305117263,0.08916980958011779,0.17888685990815578,38.83230500000002,236.86735032181778,51321.64151684811,1003.4799420523219,0.4534183116752213,2026-07-21 20:05:00
10,589.0533774068683,200.88084315380763,789.9342205606761,518.4469034736961,502.30151366963355,1020.7484171433297,279.68103195991864,109.08581570243533,100.0,0.43265235263603097,0.44419306246516355,AP0276,False,2,0.597914124938032,0.597914124938032,0.12481467144682461,0.0737583043861023,0.20217976372021887,0.002801999365233815,0.1312569736917164,-0.1312569736917164,0.2640413834491979,0.16980970892773004,0.0002481154301553039,0.5387539963584361,0.5387539963584361,0.3439691697415333,0.3439691697415333,0.1478920541572597,0.06637565753052406,0.3001062322962398,0.28207380787271885,62.29031032890669,0.622903103289067,0.14634638675740536,0.23075050995352764,38.83230500000002,236.86735032181778,51425.838592150634,1017.6493446512033,0.4527708779016361,2026-07-22 03:18:00
10,624.6832349208428,112.87470974226687,737.5579446631097,505.47346569315573,118.24708675970646,623.7205524528622,60.17764792630459,-81.04395791802966,90.0,0.4654706210695191,0.4597787514590069,AP0277,False,3,0.6479745993071607,0.6479745993071607,0.2877355567261535,0.17611963028409391,0.31467414277909106,0.23412255067045787,0.19450362458768047,-0.19450362458768047,0.36122198085002144,0.14276450412602165,-0.04462710725290875,0.09397177614057156,-0.0705859323011852,0.037858791515629216,0.02637081673541069,0.00865596728366345,-0.00865596728366345,0.07081275976647147,0.21601737030824647,67.9528997550545,0.6795289975505451,0.10290921827770709,0.21756178417174796,37.56804095731708,236.86735032181778,51009.13612286161,1022.7894189766583,0.3957770561989594,2026-07-22 11:08:00
10,731.8919377061839,549.5469131646998,1281.4388508708837,448.0512622424327,2843.376764161446,3291.428026403879,261.96134929366974,-560.5830256533468,100.0,0.3804442873623321,0.48094374613898194,AP0278,False,1,0.9262852492467611,0.7388485195530655,0.19739699238134598,-0.13622784491864112,0.2021930111843581,-0.18797488603353005,0.10192691387270032,-0.054803413804410776,0.3569505416712914,0.5924278900954572,0.3251993817829173,0.8635202224216507,0.4690712187807091,0.6245329524363128,-0.152784183936146,4.662453398812734,4.650542672496482,1.6857336159415386,1.021342078806415,70.35018539508107,0.7035018539508108,0.1256587509432148,0.17083939510597437,37.56804095731708,236.59822311221043,51495.887538318086,1035.1154157013834,0.4010460738338079,2026-07-22 19:05:00
10,1144.889433774913,26.500544198510518,1171.3899779734236,1007.417503717443,82.68513290846681,1090.1026366259098,34.937496916959645,11.45683014756088,90.0,0.4600832790347774,0.45601891196740174,AP0279,False,3,1.0996601147458347,1.0996601147458347,0.24805818992870757,-0.19521610208433346,0.16686995356498388,-0.0675349557922391,0.1585013472380343,-0.08499197280059946,0.4182724013693901,0.08011837018955648,-0.006471364706198919,0.09101076891315302,0.043937381711326676,0.07736206291661687,0.07736206291661687,0.08140471810804406,-0.010955457035022174,0.08247398003184261,0.25037319070061637,75.7052157590071,0.7570521575900709,0.0902408276032004,0.15270701480672863,37.56804095731708,236.12725049539756,52606.50789058749,1049.0636882559381,0.38783169920442473,2026-07-23 03:28:00
10,728.9693765675439,23.124882090578204,752.0942586581222,796.3561864826663,82.89815102522971,879.254337507896,-6.438909843407089,-37.348053491066764,70.0,0.48160274151288346,0.48796074545537227,AP0280,False,4,0.66051542485072,0.66051542485072,0.331213821522321,-0.28481551204049516,0.35718146624799524,-0.2583508611429696,0.21718118318232782,0.21718118318232782,0.391522973950841,0.06874901330651628,-0.06874901330651628,0.0748123052509051,-0.025096865586333887,0.026263102399788824,-0.026263102399788824,0.0901610100237819,-0.062484645694831226,0.06499635774524803,0.22825966584804452,73.06284499483672,0.7306284499483672,0.1067874301115666,0.1625841199400663,37.56804095731708,236.12725049539756,50473.45154204504,1059.7560869757347,0.3943192398467837,2026-07-23 11:34:00
10,882.7665191011715,25.70903192175166,908.4755510229231,772.2160531684244,542.3410830137312,1314.5571361821558,48.266481131193075,37.87467664053162,100.0,0.44833636640007246,0.46864044565803403,AP0281,False,0,0.901875011587181,0.901875011587181,0.30552021938534496,0.026699343924597163,0.30773623196390326,0.013570062862735655,0.09925677806993673,0.05245094141954288,0.4035970602515915,0.1073799695131184,-0.01698351198651173,0.2921686523037129,0.16801824263150839,0.3384342312340938,0.04656763359639057,0.2045730123506133,0.11326981762995662,0.23563896635038462,0.31961801330098805,70.38141621480578,0.7038141621480577,0.12065534366353534,0.17553049418840705,37.56804095731708,235.6369439206546,51378.81160212995,1055.5191796402307,0.392347129924027,2026-07-23 19:26:00
10,634.7538137614649,4.313840972747215,639.067654734212,410.5556517552103,49.84278114821973,460.39843290343003,-0.19057178897679705,-9.589741009610975,80.0,0.46766100382304093,0.45872754273150196,AP0282,False,0,0.6569175722657378,0.6448675295051768,0.27176737719329236,-0.20439570661982828,0.2212338715132619,-0.17165112553032233,0.12202978918468206,0.10491146574230341,0.3179871525392435,0.03702823984087505,0.025043768005711977,0.12616031534331226,0.002009905671107738,0.09035312472490421,-0.020399934510608522,0.13588902985102713,0.13588902985102713,0.09735767744002967,0.2076724149896366,72.87851883731952,0.7287851883731952,0.08792750817596644,0.1832873034508385,37.56804095731708,234.77890741485442,51104.41675999947,1035.5717127821883,0.3919250435088676,2026-07-24 02:45:00
10,865.5238268762891,133.81386298094193,999.3376898572312,904.3206182266082,718.8574058522502,1623.1780240788582,160.43362290236615,48.37133914069494,100.0,0.47977396978460096,0.5109659864956824,AP0283,False,3,0.9352960846372763,0.8476958545442614,0.14411652548167111,-0.06380143656313751,0.12117763082370951,-0.0174241395417631,0.09858837648891779,-0.050896715009946976,0.3247946543578937,0.12829546634717875,-0.055559366564599026,0.3696787075722726,0.26370654473617616,0.3571452565090189,-0.26255425260915427,0.13065582244893628,0.13065582244893628,0.24644381321935163,0.28561923378862264,77.76061938841988,0.7776061938841988,0.08512069424899815,0.137273111866803,37.56804095731708,234.77890741485442,49290.941437576636,1027.294784889739,0.3886384582649111,2026-07-24 10:34:00
10,1214.16923043695,-90.30191574795822,1123.8673146889919,745.220227162514,885.6939071696543,1630.9141343321683,253.28266971610924,571.3331411002642,90.0,0.40536304160903097,0.4307153825911897,AP0284,False,3,1.1961972502560874,1.1961972502560874,0.19037992627217468,-0.1697933581798551,0.06035878453275159,-0.024829610919907107,0.10362638376420191,0.027065227738669356,0.38764058620630387,0.08956193436841157,-0.0660411610849533,0.6861427424117522,0.6861427424117522,0.15777527802069513,0.09531208983688755,0.150213334682708,-0.06632145544943585,0.27092332237089173,0.3292819542885978,70.29644267528795,0.7029644267528795,0.12458971145138201,0.17244586179573854,37.58331439325203,234.77890741485442,52222.31603196757,1056.1027169473102,0.3982694539825064,2026-07-24 18:13:00
10,516.9791721145858,42.299813168472596,559.2789852830584,481.0088712402166,188.52330689021346,669.5321781304301,-14.059584870865336,-81.81307613754575,90.0,0.4625984254468401,0.4681110850892087,AP0285,False,2,0.5522777065572213,0.5168022222178461,0.2587199961366428,-0.19194531012384305,0.24160014899829096,-0.12139251626373852,0.11528774397825321,0.06265464994336423,0.29197139891760204,0.09850635405194011,-0.08439200303908721,0.13886288650200854,-0.03456190140333523,0.15315571698074093,0.04287721902701177,0.1846612781390076,-0.06896183120371827,0.1437965589184243,0.2178839789180132,63.57863443281581,0.6357863443281581,0.10776980393448413,0.2564438517373578,37.58331439325203,234.77890741485442,50803.94885484259,1059.936995285061,0.3920567909067204,2026-07-25 01:42:00
10,327.25269163417306,3.695866503436257,330.9485581376094,515.8559976933877,78.3141292644325,594.1701269578202,-18.284205710857037,-25.332188406066564,80.0,0.4769699136342401,0.49013099207525046,AP0286,False,1,0.45700125379439543,0.33183975636740437,0.16337638272973146,0.06487419956743716,0.19991013408959823,0.09709332431887811,0.11596767246950364,0.0059790336303071024,0.2340638607708072,0.08877500080567154,-0.05521925996202272,0.12704889993883992,-0.030361443293242352,0.13317705493046936,-0.038324288101309556,0.07543161361933368,0.07543161361933368,0.10610814232357862,0.17008600154719292,70.38819543578892,0.7038819543578893,0.11149784887289188,0.18462019676921881,37.583314393252024,234.77890741485442,51528.86550317553,1026.8167860047993,0.38839269138176097,2026-07-25 09:25:00
10,543.3208483174494,-5.352542558708937,537.9683057587405,1075.127962087267,366.4832370880448,1441.6111991753119,-59.69224997714787,-75.36218155319989,90.0,0.47465923221866396,0.5198413768894925,AP0287,False,4,0.5860732031463348,0.517205889804574,0.4998057952838737,-0.4998057952838737,0.4229362870494015,-0.42183868869908686,0.17661763203710737,0.05208184693396153,0.4213582293791793,0.05323396688021339,-0.05323396688021339,0.25201301488517464,-0.25201301488517464,0.23922918234145527,-0.23922918234145527,0.05700974787227507,0.05700974787227507,0.1503714779947796,0.28586485368697945,72.06487715702391,0.7206487715702391,0.10307295844998013,0.17627826997978074,37.58331439325203,234.77890741485442,50767.0009351689,1062.7464304186599,0.3924994752656367,2026-07-25 17:11:00
10,814.9257952531851,18.97876119966487,833.9045564528501,1134.652122463459,291.67381266125926,1426.3259351247182,13.776050551716793,-11.122784125775496,90.0,0.43267620388854827,0.4622972728221416,AP0288,False,4,0.8645201629468288,0.8033676648215003,0.49865154252118055,-0.1307505760210097,0.34216180066316987,-0.27744294482119947,0.33443719014565887,0.33443719014565887,0.5099426740692095,0.06507393629687142,0.01969375283089541,0.24801435454338835,0.03236169817454618,0.23717150846276552,0.1139847919709271,0.16391004118737504,-0.0800366317503873,0.1785424601226001,0.3442425670959048,58.82168770737069,0.5882168770737068,0.11886862229989306,0.2929145006264001,37.58331439325204,234.05627440507817,50531.27887156356,1068.2167110001335,0.3914559862575616,2026-07-26 00:40:00
10,466.58814258007,22.208868161811523,488.79701074188154,217.59462747561247,126.41215088709828,344.00677836271075,-21.26248530130401,-53.000592746672396,100.0,0.47353911240168023,0.4662996007827217,AP0289,False,3,0.5152597687194417,0.47898598379227125,0.24507106813602317,-0.24507106813602317,0.21069157558125204,-0.20957488866768612,0.20263666653080017,0.17646997544353257,0.2934147697418793,0.13238868851161945,-0.13238868851161945,0.12020034124938454,0.06273975134194189,0.10806607296000646,0.0811159348397228,0.10468311792214036,-0.013923731279162313,0.11633455516078771,0.2048746624513335,72.30923460674595,0.7230923460674594,0.12429026868751193,0.15261738524502863,37.583314393252024,234.05627440507817,50762.508487650804,1053.425678561743,0.3928259012784469,2026-07-26 08:38:00
10,680.3619202436516,38.10940119923886,718.4713214428906,870.752703725939,74.5998524695035,945.3525561954425,24.595169515899585,-20.857271982239297,90.0,0.4869695149126141,0.4983135766502416,AP0290,False,2,0.7276603567248122,0.6833988043052361,0.32508939398669107,-0.3210092814749462,0.2810348559299591,-0.2810348559299591,0.1334714878921767,0.07612714879505422,0.3668140236334098,0.09067061243566263,-0.023558558659841012,0.09980816832473258,0.000336071266516004,0.05876031463665306,0.03605127399775698,0.08686858960949194,0.0858778918101153,0.08402692125163505,0.2254204724425224,68.93395887031836,0.6893395887031837,0.14084607928638723,0.16981433201042903,37.58331439325203,234.05627440507817,49732.987360292354,1042.0010918320481,0.3863441368384673,2026-07-26 16:14:00
10,993.1937769125097,21.124265254193176,1014.3180421667029,648.6981121264928,260.28646562779295,908.9845777542857,78.35211947802156,89.59112425392658,80.0,0.505263039986902,0.49999636676628134,AP0291,False,1,1.003476502896395,1.003476502896395,0.45268575402119354,0.23876627013726384,0.408675579455205,0.3405338686424364,0.11485618563017419,0.004675068933130212,0.49492350550074193,0.049261207674319143,0.012648065940130529,0.108905268324131,0.108905268324131,0.12643593253202504,-0.05597978816695401,0.08816382660724635,0.08816382660724635,0.09319155878443038,0.2940575321425862,66.69513007994273,0.6669513007994273,0.10905703648512208,0.22399166271545048,39.20999649,234.05627440507817,49572.106512867314,1059.5616827175022,0.4422678388779356,2026-07-26 23:27:00
10,991.3534725455821,81.28208445648761,1072.6355570020698,683.3803972083372,320.27817220279326,1003.6585694111304,24.661426700101458,-95.24623295930479,80.0,0.48573423447002506,0.48228538509047825,AP0292,False,3,0.915107230169891,0.915107230169891,0.25189435286007195,-0.25189435286007195,0.3245750769460634,-0.3234583900324975,0.2140636523715679,0.18051891537317863,0.42641007808689857,0.06997235900230338,0.02451243281261313,0.18513051107472536,-0.18513051107472536,0.06719310918473871,-0.06719310918473871,0.11091376116960044,-0.02634534624508176,0.10830243510784197,0.2673562565973703,72.30649539169916,0.7230649539169915,0.1380662563192095,0.13886878976379902,39.20999649,234.05627440507817,50063.839066440705,1043.3232713192533,0.4407514064188866,2026-07-27 07:04:00
10,872.6071868233785,76.25217485834555,948.8593616817241,1006.7566607131761,649.3524052726498,1656.1090659858257,74.741338176538,7.551902011768576,100.0,0.46835159887256567,0.5037140840877709,AP0293,False,3,0.8131178330048762,0.8131178330048762,0.20266037359414033,-0.20075116867986442,0.2046824919455935,-0.06017819980774319,0.1880649759632523,0.1625445906214086,0.3521314186269655,0.13969786265823525,-0.06385903585357927,0.16970370331884022,-0.02583262514834394,0.2564135302122731,-0.1565503800257093,0.2790112891992339,-0.2790112891992339,0.21120659634714561,0.2816690074870556,70.79828885494398,0.7079828885494397,0.15789812386864807,0.13411898758191226,39.20999649,234.05627440507817,50262.33829632296,1088.7868823904944,0.4378861821121185,2026-07-27 14:33:00
10,737.275520429786,65.02957959821337,802.3051000279994,708.9444923249746,503.7436642136902,1212.6881565386648,117.39620341260635,90.80143971959293,100.0,0.4324797553647425,0.4529989081902759,AP0294,False,2,0.866743172876386,0.7634567011490997,0.47337700155274703,0.1635720261370495,0.21307841327302243,0.061749879720343355,0.1519728970583826,0.0948681103995543,0.42629287119013454,0.22907787425615767,-0.08926920252544612,0.4041652018212015,0.1662319416960981,0.24072185951457115,-0.09539815231310428,0.20662867872745716,-0.19650900323160747,0.2701484035798469,0.3482206373849907,65.414652862516,0.6541465286251599,0.14698865508967415,0.19886481628516603,39.20999649,232.75605497775115,50378.99534813594,1050.2840579036745,0.4385186723054969,2026-07-27 21:46:00
10,334.0707536452368,-90.03724976491257,244.03350388032422,457.64722338188255,499.0004969051904,956.647720287073,-142.19538641847407,-51.675070545299604,100.0,0.4838063342829907,0.5194370451033282,AP0295,False,1,0.47655763416616975,0.3458370046491362,0.2170526470082723,-0.03648042373168361,0.289667108538214,-0.08175351848689681,0.14662959322320043,0.07117094022376406,0.2824767457339641,0.17141595444748964,-0.17141595444748964,0.25913603162589977,-0.11388652451284903,0.1992399052375272,-0.008482930998548376,0.3169029329083963,-0.20287668792679384,0.23667370605482824,0.25957522589439613,61.667568575098755,0.6166756857509875,0.14500219972011102,0.23832211452890134,39.20999649,232.01307244785002,49614.59784019794,1083.2300886087517,0.44218042886992637,2026-07-28 05:05:00
10,837.5638174442855,9.460117746176454,847.023935190462,786.221265611206,1171.9519029514754,1958.1731685626814,-70.27226876283176,-125.22661998986254,100.0,0.39486946343196516,0.4504269251005762,AP0296,False,2,0.8707489503598073,0.8707489503598073,0.18620653506482984,0.07446992572263984,0.2353294871900469,-0.21421569078875813,0.12962954888472902,0.017969293895427594,0.3554786303748532,0.14908105577815928,-0.034216467290606685,0.3827621797885603,-0.18120553654877852,0.6479978181858755,-0.6479978181858755,0.9140887249829317,0.46208092658326066,0.5234824446838817,0.43948053752936744,65.812403312884,0.65812403312884,0.16211389364301942,0.17976207322814045,39.20999649,232.01307244785002,53140.09353323427,1043.861429657771,0.47649562881291374,2026-07-28 12:35:00
10,532.6907737580738,4.1159870662241875,536.806760824298,608.3160692784597,1904.03180046667,2512.3478697451296,274.10284213220535,441.2626442903484,90.0,0.24960650807868195,0.34838356352472355,AP0297,False,2,0.5546910220895841,0.5546910220895841,0.2605557768983733,0.07936867621352328,0.3139935066466251,-0.010691599963254805,0.11605678709492627,0.015182837113720338,0.3113242731823772,0.21511587718267572,-0.11979054292919755,1.4845541958943556,1.246620935769252,0.2441607511456771,0.04534339490385203,1.0325570756147822,1.0042992437534157,0.7440969749593727,0.5277106240708749,67.94551235340873,0.6794551235340872,0.10837479714235605,0.21217007932355672,39.20999649,231.45036618693302,53129.451485268335,1042.7212272273841,0.47859555449001573,2026-07-28 20:02:00
10,513.4972067174149,74.64629093300613,588.143497650421,659.7783927573375,168.14970329532025,827.9280960526578,60.24862736182209,-29.698572716356978,70.0,0.43828604435152857,0.4502752742716403,AP0298,False,3,0.5407830763971968,0.5407830763971968,0.36930098677514983,-0.36930098677514983,0.37052335722808794,-0.369406670314522,0.10890669264124632,0.080324899364618,0.3473785282604202,0.05293555232800463,0.032784734039809214,0.08171637637176987,-0.08171637637176987,0.04676113326244659,-0.04676113326244659,0.11857010800667131,-3.6741194631990937e-05,0.0749957924922231,0.21118716037632165,58.61201797619076,0.5861201797619076,0.18104235932225402,0.23283746091583854,39.20999649,230.46563023032823,52034.61918268497,1080.2725789724955,0.47701259961819625,2026-07-29 03:57:00
10,477.25185665112133,202.22873637317792,679.4805930242992,604.019979837697,1039.9135906965353,1643.9335705342323,370.4956255425012,247.8454793014186,100.0,0.4252665154307126,0.4734891643062092,AP0299,False,3,0.5059778481249607,0.5059778481249607,0.35471596940173594,-0.02178103478032482,0.20631328417175634,-0.17824891436086146,0.2026752281308785,0.15163445744719176,0.3174205824573329,0.18980889210421187,0.13390756427018163,0.5370372367376702,0.3887510977790773,0.2658650032699182,-0.2658650032699182,0.984619657851511,0.6854048047066428,0.4943326974908278,0.40587663997408036,66.914701893064,0.66914701893064,0.14568374322216732,0.18516923784719272,39.20999649,230.46563023032823,53720.527197288895,1037.4674976944302,0.4757217424347729,2026-07-29 11:24:00
10,842.042278809319,167.0390997548164,1009.0813785641354,1494.0261245328697,639.700315787408,2133.726440320278,288.6023131385687,168.80372814270174,90.0,0.33746211845139734,0.3936943715392044,AP0300,True,-1,1.0014391665584774,0.8789311074292715,0.2991764603084935,-0.2991764603084935,0.38104176636882836,-0.3637585507134829,0.09900711910351395,-0.0769403049473656,0.4451661280848283,0.1723498134137404,0.1723498134137404,0.5419317981373084,0.5419317981373084,0.18332585783322392,-0.18332585783322392,0.07070057217619781,-0.07070057217619781,0.24207701039011767,0.343621569237473,61.295334254739316,0.6129533425473932,0.1980953537513303,0.18895130370127652,39.20999649,229.4263017781532,53393.69623139887,1024.950498400765,0.4798008506104433,2026-07-29 18:58:00
10,979.5745709338804,128.9602975966385,1108.5348685305187,985.6908162866619,619.0140246272584,1604.7048409139204,162.38463732908951,52.947040863798065,100.0,0.3876729259874982,0.41248142460666815,AP0301,True,-1,0.980988615491467,0.9682583545506036,0.23907217213956453,-0.17234876348712325,0.30948017147209783,-0.2919013842925832,0.11697203757305875,-0.07089489558228478,0.411628249169047,0.28439461448096487,-0.08775249560704555,0.32415216721200796,0.12491555464893961,0.310734801633012,0.11681642792292979,0.21883131631280767,-0.03475541430788245,0.28452822490969815,0.3480782370393726,63.655865098284764,0.6365586509828477,0.11554380159096392,0.2478975474261884,39.20999649,227.6074769868469,52696.954188127966,1032.6898923912051,0.48249550171320965,2026-07-30 02:26:00
10,511.6187399323022,20.67116126523186,532.289901197534,613.3115766780938,557.2570092153809,1170.5685858934748,17.88067356551892,-8.222393886356258,70.0,0.3033524514012404,0.3352663856360374,AP0302,True,-1,0.5315118086175808,0.5315118086175808,0.14378014013629262,-0.14378014013629262,0.20926400566380446,-0.20816353797722012,0.09165365900661708,0.0514942530311867,0.24405240335607373,0.15955883958749076,0.04935842293272227,0.3256608782030745,-0.3025169480593506,0.36772801176661063,-0.36772801176661063,0.37093939289408884,-0.37093939289408884,0.30597178061281616,0.275012091984445,68.96048025564419,0.6896048025564419,0.15188331627714208,0.15851188116641607,39.20999649,227.6074769868469,53574.94629428877,1051.9095525772675,0.48007444884377254,2026-07-30 10:50:00
10,647.8821282178549,43.97832953426933,691.8604577521244,1006.7420759896306,900.853479235382,1907.5955552250127,301.7672296760084,410.48173340427104,100.0,0.3032146786680776,0.36400143354172204,AP0303,True,-1,0.9235781611529581,0.6090362981290437,0.2633295120809451,-0.22321432312612513,0.41282030196334735,-0.41282030196334735,0.2939232160460961,-0.1613878916926028,0.47341279781083667,0.25991252399219955,0.0704271897469793,0.7386928861437854,0.4183279020711624,0.23101944279123948,0.1670032727772614,0.5606235348549382,-0.4963040531428965,0.44756209694554067,0.4604874473781887,67.95762562185553,0.6795762562185553,0.12973971213390775,0.19068403164753686,37.46618825284555,227.2154822417463,50209.86584287377,1039.5559265174445,0.39744945607416104,2026-07-30 18:42:00
10,852.1607574261103,-181.22469581460265,670.9360616115077,675.4628942396462,1010.8195002568215,1686.2823944964675,357.3677749800797,881.9155992839089,100.0,0.30558389595437874,0.3563512125986268,AP0304,True,-1,0.8446040234100636,0.8318737624692,0.3212021581149213,-0.2860218613424911,0.23043239799045864,-0.22933193030387425,0.21438030927362572,0.09633227038765847,0.4026547221972673,0.15564096266788097,0.037028425731493356,1.1128682549842166,0.8807171015046557,0.30222551960793564,-0.0853184849131779,0.8554743312487562,0.7530839572243002,0.6065522671271973,0.5046034946622323,65.25104153742109,0.652510415374211,0.12488041385783327,0.22260917076795578,37.46618825284555,226.1701629214779,49904.90822043563,1030.4428711957348,0.3933191851521637,2026-07-31 02:00:00
10,1060.2615386259165,-82.39439709488485,977.8671415310317,1450.2090577474394,594.0217323832403,2044.2307901306797,-165.25713962632864,-125.49998990767762,90.0,0.347807049115543,0.4011252315455255,AP0305,True,-1,1.0706925752350893,1.0706925752350893,0.36006819027571524,-0.36006819027571524,0.47950921510445815,-0.47950921510445815,0.15470160115340192,-0.026559770933255303,0.5162428954421662,0.054683300797770826,0.013387271865137261,0.4890447754231279,-0.4890447754231279,0.4872091754492286,-0.4872091754492286,0.15637980784316946,-0.14622367254704366,0.2968292648783242,0.4065360801602452,74.24538638795586,0.7424538638795586,0.12025944203856943,0.137286694081872,37.46618825284555,226.1701629214779,50154.50473129425,989.4824558311363,0.3955889646391458,2026-07-31 10:33:00
10,814.860344731014,13.650125521419803,828.5104702524338,874.9735532822299,254.3443168875873,1129.3178701698173,24.639767414254635,13.229610743679707,100.0,0.37946249942737104,0.3945028694232402,AP0306,True,-1,0.8132421438149889,0.8132421438149889,0.19585905298479414,-0.19585905298479414,0.2054495277585783,-0.20214812469882718,0.09429011403046345,-0.09163804639818397,0.32721020964720626,0.09836680446572785,0.017558544973356092,0.15185735545389306,0.018046728406212596,0.2104010326704393,0.0067645847650387725,0.08855627817406207,-0.057096642058954025,0.13729536769103057,0.23225278866911842,70.45913240780253,0.7045913240780254,0.12942092367943678,0.16598775224253792,37.46618825284555,226.09847773257823,51274.9619313306,992.9442905333219,0.3998469561121437,2026-07-31 17:47:00
10,729.6841513726588,113.70143578851399,843.3855871611727,918.5290973868938,857.8392223468802,1776.368319733774,190.15209272627533,117.95998023871232,100.0,0.4200897900115178,0.46673892664014793,AP0307,True,-1,0.754454172495226,0.754454172495226,0.40951634246961627,-0.40951634246961627,0.44966905098514126,-0.44966905098514126,0.2008378758783791,0.1385004385744227,0.45361936045709067,0.27747399898580744,-0.03512103383076328,0.3034723464264172,0.23151933887438142,0.2801352395803361,0.15427253266477262,0.19630837615321145,-0.19630837615321145,0.264347490286443,0.35898342537176686,69.59642918083054,0.6959642918083054,0.058483639799920016,0.2455520683917745,41.449812264285704,225.38162584358167,53540.43700374028,1039.3257446022958,0.3830421115665669,2026-08-01 01:35:00
10,554.6333055455104,-13.64689949299273,540.9864060525177,627.0712824572438,940.2187587996027,1567.2900412568465,-3.9245249484707188,24.095622140218268,80.0,0.45484494186406044,0.5061601236242769,AP0308,True,-1,0.7822454898101888,0.5937113443373729,0.3175899198092327,-0.3175899198092327,0.3011544069541652,-0.3000539392675808,0.10444441124692373,0.058382023157660355,0.37635855695512765,0.243891433105253,0.013145583684562447,0.2734048741963295,-0.2734048741963295,0.41692238678045,-0.41692238678045,0.5116038585991433,-0.5116038585991433,0.3614556381702939,0.3689070975627108,66.72856210927988,0.6672856210927988,0.1334084920660345,0.19930588684116668,41.44981226428571,225.38162584358167,53704.59380781464,1012.1347248959254,0.3846027779088021,2026-08-01 09:28:00
10,605.5666943478699,82.97941863632292,688.5461129841929,592.6318026552708,500.0967453332406,1092.7285479885113,99.96137374817934,20.82453302181358,100.0,0.4222895273427315,0.44249864909294717,AP0309,True,-1,0.6434805083015703,0.6434805083015703,0.32890298050707095,-0.32890298050707095,0.40347714232013115,-0.40347714232013115,0.14579302376461942,-0.08121006122337361,0.38041341372334797,0.14502415655795997,0.012276901453441139,0.2382029123242898,-0.007627864795184191,0.32984146503568423,0.023557420877890395,0.2971975876193735,-0.21254092759003138,0.25256653038432686,0.31648997205383744,66.88466018316834,0.6688466018316834,0.15271509585317256,0.17843830231514404,41.44981226428571,225.38162584358167,53978.21976343686,1009.0663138112266,0.38217138389106114,2026-08-01 16:51:00
10,252.9752122328659,-14.426477378696609,238.54873485416928,963.1116919119787,537.7852072915298,1500.8968992035084,-24.759928519699145,-10.297250785027984,80.0,0.392247674477314,0.455365082694781,AP0310,True,-1,0.4111402996708873,0.26702573836509164,0.445784567992805,-0.4378922168773076,0.609064162969348,-0.609064162969348,0.10342621272864914,-0.0057467714946606826,0.3923538108404223,0.08718832340891486,-0.023468992475189257,0.19818196336360538,-0.19113698378159422,0.2947068575223611,-0.2947068575223611,0.10090967565307572,-0.09075354035694931,0.17024670498698927,0.2813002579137058,71.40259819071879,0.7140259819071878,0.08843437727568783,0.19753964081712436,41.449812264285704,223.7116225639592,54885.96568496023,996.7703469476667,0.3855482692762547,2026-08-02 00:16:00
10,370.22478180394205,-39.15161285948642,331.07316894445563,1099.6443932827892,663.3978797663794,1763.0422730491684,21.320101918170508,127.99226890621958,90.0,0.3977605542875161,0.4693590094927518,AP0311,True,-1,0.8783927825995085,0.3368644455391816,0.36306332631049615,-0.32127111150598836,0.41911480369330656,-0.4180143360067235,0.08049625378435021,-0.005643502379034539,0.4352667915969154,0.26496787769956187,-0.17917932744524426,0.46811512974265146,0.18988682232873388,0.2049235306482224,-0.10930480328693784,0.1243729843361077,-0.045620483343309884,0.2655948806066359,0.3504308361017756,77.20482942071501,0.7720482942071502,0.06335644607148481,0.16459525972136488,41.44981226428571,223.7116225639592,51981.574226677934,982.8210482708904,0.37472006930230073,2026-08-02 08:37:00
10,327.5436106968362,-66.3192023554706,261.2244083413656,1270.2603410788124,1002.7976520498921,2273.0579931287048,-151.4719252670715,-137.5115665338779,100.0,0.37617531987606967,0.47676699911543663,AP0312,True,-1,0.6369013057261302,0.35533825878030906,0.692828770479331,0.3131346328155196,0.522495148065878,-0.522495148065878,0.24102590895522114,0.24102590895522114,0.52331278330664,0.14836668450141893,0.12638677774696544,0.7538524692567838,-0.7538524692567838,0.8496176587577152,-0.8496176587577152,0.3128037194882065,-0.11102147115143157,0.5161601330010311,0.5197364581538356,68.86060126091267,0.6886060126091268,0.14289592632438108,0.1684980610664923,41.44981226428571,223.7116225639592,53101.37541180941,1005.9714572553881,0.38310835035158347,2026-08-02 16:30:00
10,299.17713813961296,-5.6798944332365,293.49724370637637,988.0544584198327,398.440005122412,1386.4944635422448,-44.13138674320797,-49.90772710151066,90.0,0.3907035707713419,0.4453534317631352,AP0313,True,-1,0.3734971515695144,0.3122431220049116,0.5670738738280606,-0.5670738738280606,0.5332433076057328,-0.5332433076057328,0.10911791120804665,0.03568721203041758,0.3957330610528386,0.08906890960310876,-0.06695468788002765,0.19436926933126736,-0.15780499258210207,0.2457997987521332,-0.14478320128355282,0.2065877055711279,-0.18631623577899475,0.1839564208144093,0.289844740933624,65.21787700622376,0.6521787700622376,0.14493981908017534,0.20288141085758718,41.44981226428572,223.68578720806846,53332.22478215033,984.4005737496726,0.3883357062953387,2026-08-03 00:27:00
10,118.46806108848179,-40.18038611152066,78.28767497696113,962.7966779763675,179.4396962754829,1142.2363742518505,-65.84195306824307,-23.670972081439004,70.0,0.36784283022064457,0.42104026518438903,AP0314,True,-1,0.5723765955349583,0.11803298709477911,0.3319304272226047,-0.3319304272226047,0.43361240200613554,-0.43361240200613554,0.06771113506958584,-0.06771113506958584,0.3514076399583211,0.1053186090848426,-0.1053186090848426,0.2027093089004231,-0.15206573186151356,0.16561692569810288,-0.16561692569810288,0.061373807486489546,0.061373807486489546,0.13375466279246453,0.24258115137539282,73.54833479688197,0.7354833479688198,0.10935949316131527,0.15515715886986495,41.44981226428571,223.68578720806846,52872.29056007406,975.649935177283,0.3769328529373894,2026-08-03 08:30:00
10,286.41133509545756,112.67487508106046,399.0862101765181,407.22480037417563,385.14173127197046,792.3665316461461,158.54273793217226,67.64308387520839,100.0,0.4002194997970383,0.41988351587051975,AP0315,True,-1,0.5707761269469079,0.28456918052547286,0.2561712838472792,-0.2561712838472792,0.2871432997883918,-0.254686745515555,0.10069221378460332,0.050540525454033834,0.3036957310917956,0.20549344653408336,0.027589426608572356,0.22892543087234304,0.22892543087234304,0.2416981504320319,-0.05725410440495708,0.22165307489658198,-0.22165307489658198,0.22444252568376005,0.26406912838777785,71.7674508920415,0.717674508920415,0.13820383680600198,0.14412165427358298,41.50480573615384,223.68578720806846,53734.36589469755,993.7046564784407,0.37061757242335597,2026-08-03 16:18:00
10,-290.57319024609524,-2.3593228178120746,-292.9325130639073,431.6230672214898,417.4803409128099,849.1034081342997,-9.88975272749974,7.19622636374595,100.0,0.40473858453841516,0.46184038059832544,AP0316,True,-1,0.582067412777535,-0.324049752431997,0.19687088092162594,-0.19028356336790908,0.17616359050291996,-0.1749937045815849,0.10053968882965303,-0.0434291397608056,0.26391039325793353,0.13722354064067147,-0.12416624778364999,0.30991430217645627,0.004501452542030611,0.3218494702330554,-0.059470326425326514,0.1285895548118643,-0.07685844890462182,0.22439421696551187,0.2441523051117227,68.78090271590784,0.6878090271590784,0.1426291324404917,0.16956184040042988,41.50480573615384,222.97383187110725,53451.699612368386,982.5572231865027,0.3731433942547052,2026-08-03 23:46:00
10,15.739658146285148,-31.25579780156699,-15.516139655281826,217.1848479435771,376.0293236262112,593.2141715697883,119.04406945538113,234.05850496881044,100.0,0.3601767631505487,0.39061327871180207,AP0317,True,-1,0.3455684795151539,0.010406112069693335,0.25953977318886173,-0.1745463260969068,0.19735294263313885,-0.10603800331761266,0.10638222918335351,0.074946528938374,0.227210856130127,0.12992416807750867,0.10536324588927282,0.38031712651825533,0.06291749510261552,0.19308552750279265,-0.19308552750279265,0.20306255873637982,-0.20306255873637982,0.2265973452087341,0.22690410066943056,77.49134228268635,0.7749134228268635,0.06727750229345605,0.15780907487968038,41.50480573615384,222.90263633741114,53991.191803443195,971.0090575460405,0.37704575630419507,2026-08-04 07:19:00
10,152.25071347658474,91.5199752971024,243.7706887736871,145.46222564579386,193.63648856348186,339.0987142092757,91.60864066774687,-9.01707670045323,70.0,0.34362838195572715,0.34839478322750683,AP0318,True,-1,0.16348982051353692,0.16348982051353692,0.13254548504360056,0.045999509617509544,0.11855712473918777,0.029132503716084418,0.11324793043688591,0.0747641054433935,0.1319600901833028,0.08124694639374477,0.01917525300693107,0.10855898793404026,0.011504200137857808,0.11889446081134017,0.10727379671317655,0.14348828349030318,-0.14348828349030318,0.11304716965735709,0.12250362992032994,73.61717325880034,0.7361717325880034,0.07113946106964486,0.19268880634235164,41.50480573615384,222.90263633741114,53352.65779242029,976.8530366856667,0.36754955684062285,2026-08-04 14:29:00
10,155.65810060948672,7.3311140309388545,162.98921464042562,883.7621967318585,292.33501251379926,1176.0972092456577,5.813814228133566,-1.2042259181223471,90.0,0.3846691226240152,0.43532452235427666,AP0319,True,-1,0.671610476133646,0.15658715738053708,0.353597729269834,-0.27399384838260515,0.28052020192481414,-0.215607093379141,0.10176011913752024,0.015187660853041005,0.3518721316164536,0.0723626480407695,-0.008445611451602227,0.13773285124883128,-0.0201797840974434,0.18861209330426398,-0.03218750637679248,0.10558667983357192,-0.07412704371846388,0.12607356810685919,0.2389728498616564,78.743619457751,0.7874361945775099,0.08225785589464098,0.1303059495278491,41.50480573615384,222.70618205570074,53786.568063015366,992.3741583207478,0.37384593551611406,2026-08-04 21:55:00
10,216.48527612201354,21.092489623678993,237.5777657456925,588.42483171971,424.16716388845157,1012.5919956081616,79.41164528897889,97.93933603361012,100.0,0.38603328993634733,0.4247840014294707,AP0320,True,-1,0.5821682605252602,0.22137601055406964,0.30398425712537464,-0.26219204232086685,0.26431234788414587,-0.2318557936113096,0.09126016404112959,0.08931948116594944,0.3104312573939776,0.1797081279957065,-0.02535618098084872,0.12946987960429884,0.007216296673777493,0.30648321860948424,-0.20546662114090383,0.26191318128180185,-0.02406911855138709,0.21939360187282286,0.2649124296334002,70.47378361792774,0.7047378361792773,0.06802494526921248,0.22723721855151016,41.50480573615384,222.5939224661519,54753.77942792453,1000.0891725686764,0.3753923282595085,2026-08-05 05:11:00
10,-478.7092910520437,-80.1640682373206,-558.8733592893644,1102.51661658264,410.19294776826086,1512.7095643509008,-69.64138890662866,27.290165275419724,100.0,0.3522740621709695,0.4558532083529826,AP0321,True,-1,0.9154564395925545,-0.5116010197606766,0.7940504102911089,0.7940504102911089,0.38748675317687487,0.38748675317687487,0.16152754961563653,-0.040560777930401325,0.5646302881690437,0.142843271938938,-0.09238996348197057,0.2606425010995881,0.15817077786403572,0.23910441779973535,0.15055305565051413,0.37286691103563907,-0.37286691103563907,0.2538642754684751,0.4092472818187594,73.03732845374714,0.7303732845374713,0.06303962170333033,0.20658709375919831,41.50480573615384,222.5939224661519,53339.753884372054,977.0090771006605,0.3759143010729705,2026-08-05 12:53:00
10,117.9307581272839,17.18918550114755,135.11994362843146,306.06814038975585,422.65843599953996,728.7265763892958,48.574670619494725,54.929108234408716,90.0,0.3632120269457523,0.3928923585837955,AP0322,True,-1,0.37171514041356096,0.08735526238414372,0.2731027985966627,0.02783131104715834,0.2313307043039501,-0.13962933129635993,0.15902995231342074,-0.05606267562245415,0.25879464890689863,0.09676160658898258,-0.04826463684431809,0.36953894653250674,0.14091277793192614,0.34529389290269863,0.10525948920579892,0.13873775174426176,-0.10370828010039668,0.23758304944211242,0.2481888491745055,64.74269757468193,0.6474269757468193,0.18154574888426864,0.17102727536891216,41.50480573615384,222.54285765701636,53361.9073141188,983.4470564715017,0.3762662047905659,2026-08-05 20:28:00
10,463.5096248820088,-58.70373281250076,404.8058920695081,826.5725726006092,216.94521936783326,1043.5177919684425,-9.575617404989202,91.71987012879708,90.0,0.379780567254012,0.41171616224895863,AP0323,True,-1,0.6822797161347353,0.49355769987516446,0.4359784423007929,-0.38217224895665286,0.4055798888423389,-0.31286200837687017,0.15070320024950812,0.10959719608018074,0.41863531188184383,0.04039978907664838,-0.029415864270572054,0.24984294044503746,-0.028225629634602026,0.21286676877421692,-0.21286676877421692,0.07045274127465799,-0.050181271482526095,0.14339055989264018,0.281012935887242,69.16477196689875,0.6916477196689876,0.07479347738226014,0.23355880294875234,41.50480573615384,222.48157988605374,54735.45424823103,1025.0944822587599,0.37582033590689196,2026-08-06 04:10:00
10,-0.9411651586237895,25.416023894375442,24.474858735751653,570.6837845561276,434.94625373009285,1005.6300382862205,109.32202485597145,132.6282400474674,100.0,0.3480102071329057,0.39706796611042916,AP0324,True,-1,0.3573974478539859,-0.012033298657913102,0.42457680081613386,0.24097549083625205,0.4369588277387963,0.06928554579720259,0.22559200269741164,0.09777964084043438,0.36113126977658194,0.19877562454672562,0.0706697737765549,0.19718246973686002,0.00638482001449292,0.26427850513253426,-0.24276993791694093,0.315634370430952,-0.315634370430952,0.24396774246176797,0.30254950611917497,74.27540310744783,0.7427540310744783,0.06350956085093683,0.19373640807458486,41.50480573615384,222.48157988605374,53355.024829800175,988.8647136941794,0.3732282263991743,2026-08-06 12:07:00
10,-34.4040977665734,-39.84917604973874,-74.25327381631212,195.5686152525234,643.7045017973087,839.2731170498321,68.46698747607459,188.58908181769755,80.0,0.33971421548160946,0.38539053502491666,AP0325,True,-1,0.27671093200354396,-0.041850272536728995,0.3281884715974098,-0.3281884715974098,0.2972379786545337,-0.2972379786545337,0.11267058863158068,0.08510419305146912,0.2537019927217671,0.13036985449234798,-0.0556101875297074,0.4152258776285793,0.2238434491465891,0.26258697600087677,-0.15672067524221234,0.230374879644769,-0.230374879644769,0.2596393969416433,0.2566706948317052,66.89922059471319,0.6689922059471318,0.12987027535093557,0.2011375187019326,41.50480573615384,222.21495151145146,53570.00115809633,979.2112312875855,0.37718287020328045,2026-08-06 19:45:00
10,783.8802592661671,118.75859307430872,902.6388523404756,1231.93137365951,1165.504947356348,2397.436321015858,218.10168601872255,163.04834509224904,100.0,0.3830699137395607,0.4578097871733299,AP0326,True,-1,0.8130629824698706,0.8130629824698706,0.3953830442377824,-0.15611115732526334,0.44800589867834567,-0.12902744957555287,0.09393462839648282,0.06762478210567154,0.4375966384456204,0.2504213300358056,-0.02267652740402816,0.33525721417452903,0.05651962180014182,0.32254764292839005,-0.3010390757127968,0.7393236658529874,0.6102712941856814,0.411887463247928,0.4247420508467742,69.07407448257621,0.6907407448257622,0.11636106010396607,0.19289819507027176,41.36253203653846,221.74835185589745,54209.88542910131,1026.52937824394,0.3845760062735764,2026-08-07 03:32:00
10,387.6257881786207,-87.19467233845009,300.43111584017066,948.9092164436834,813.4583108807112,1762.3675273243946,-43.806363867052994,80.58908812550328,100.0,0.37187930025848454,0.4449761208326957,AP0327,True,-1,0.5509116238818699,0.40362622252250385,0.623233353288804,-0.37201435952933054,0.49340187249437606,-0.24595015197329886,0.1110974605580059,0.05884826022077614,0.44466107755576395,0.1695367435420368,0.01459748883670749,0.38281262572249974,-0.24263507257199735,0.5053212765462818,-0.5053212765462818,0.34143592618812685,-0.2728014352570565,0.34977664299973626,0.3972188602777501,77.66126683328832,0.7766126683328832,0.06975117169822423,0.15363615996889252,41.36253203653846,221.74835185589745,53786.3394419656,1000.8422261452395,0.38154505431032765,2026-08-07 11:34:00
10,278.3601491788515,22.71325174882859,301.0734009276801,600.4625761799225,501.2122318202373,1101.6748080001598,37.871904066871025,35.864088965533654,100.0,0.40280755434011145,0.4428376246937355,AP0328,True,-1,0.3734603304714959,0.28674577902516624,0.39503797463042895,-0.1866794903684805,0.4253113699444137,-0.4242109022578299,0.15826835331352193,0.11621105586310454,0.3380195070899651,0.13511448818671012,-0.10825346356503315,0.28012860141752133,0.13075070023587645,0.23695370050661124,0.02542544330111772,0.10882248124671466,0.039782544371294096,0.19025481783938936,0.2641371624646772,72.192694914391,0.72192694914391,0.09851722678293638,0.17955582407315376,41.36253203653847,221.7042266570919,53574.423505255,972.7233478647249,0.3815146556998198,2026-08-07 19:00:00
10,394.0415558428657,26.22764107248934,420.269196915355,882.9840018913889,380.5491853790511,1263.5331872704398,83.25011952731728,89.81336662989622,100.0,0.3977023521697688,0.4398655516875231,AP0329,True,-1,0.4238807715319734,0.4104426923132445,0.586511683401534,-0.586511683401534,0.6331958281786351,-0.6331958281786351,0.13907703695788107,-0.020049541414853645,0.4456663300175059,0.12139623146902823,-0.014902515853686089,0.31412991981850386,0.2675434809236776,0.3198152194786708,0.2307853543585293,0.17239646724931537,-0.009914664888760756,0.23193445950387956,0.33880039476069274,69.55231633949222,0.6955231633949223,0.10184278790481595,0.2026340487002618,41.362532036538454,221.6270075591822,53691.74871349675,992.2071187959934,0.3810212527797433,2026-08-08 02:33:00
10,218.23732849203475,49.28295294860657,267.5202814406413,749.6152184425403,420.0589070644842,1169.6741255070244,79.02440865388769,43.78975966734674,90.0,0.44258386134263406,0.4876915535459531,AP0330,True,-1,0.3947082152455174,0.22102506112345713,0.3918346345900919,-0.3918346345900919,0.42798096636678884,-0.42798096636678884,0.12252865051206313,0.07907553928273989,0.3342631166786153,0.08343290271976167,-0.003078361585787101,0.2526228925932079,0.1403634419392652,0.29908718144549495,0.13567486069363124,0.09819720910842089,-0.02767443592767547,0.18333504646672136,0.25879908157266834,74.92141231405941,0.7492141231405941,0.09952838410589293,0.151257492753513,41.36253203653846,221.6270075591822,53564.144908629096,974.0769270420311,0.38297740128365465,2026-08-08 10:07:00
10,484.6303368708002,54.55746055732888,539.187797428129,538.1862195239021,350.99815300290925,889.1843725268113,59.19834819111003,13.764581238233276,70.0,0.42987806865695666,0.44737789741189066,AP0331,True,-1,0.5234968505948581,0.5107665896539946,0.20846337904272383,-0.20846337904272383,0.2442598486917611,-0.2442598486917611,0.07433541340909293,0.03632469112292339,0.26263887293460897,0.13321101066800453,-0.04458001408583972,0.12208362904191719,-0.006238001560338248,0.14663797664072714,-0.05095442022126227,0.049327318526874005,0.010067137235745855,0.11281498371938072,0.18772692832699484,74.48703645142531,0.7448703645142531,0.07582693810089754,0.17930269738484927,41.362532036538454,221.6270075591822,53732.01089830749,979.537408552975,0.3800188826690581,2026-08-08 17:23:00
10,192.27743762573033,23.518376833926546,215.7958144596569,399.9747060415916,629.3167762548115,1029.291482296403,180.4908964650225,262.4463592386635,80.0,0.34084147507983364,0.38151625847167103,AP0332,True,-1,0.2041514141338402,0.2041514141338402,0.29286084079002167,-0.29286084079002167,0.36369771888750185,-0.36369771888750185,0.07619185873795976,-0.01160889619671534,0.23422545813733087,0.14806975301154718,-0.08501866049755166,0.49091107775203474,0.44432463885720813,0.3124949295543534,0.2077415544265737,0.11289928089070514,-0.11289928089070514,0.26609376030216014,0.2501596092197455,67.88638795725905,0.6788638795725905,0.10221640357239879,0.21891971685501063,41.36253203653846,221.55017194124423,53870.14812077438,989.5930472397304,0.3835067870544446,2026-08-09 01:07:00
9,960.7807592398558,46.54834289701563,1007.3291021368714,872.434153933445,505.5517108146569,1377.985864748102,116.58691708066112,119.08558335122359,100.0,0.4148604213400805,0.4354524637073711,AP0333,True,-1,1.159249395294528,1.159249395294528,0.3392697709545363,-0.02760802221988514,0.6645351434914583,0.06896720459097519,0.14252858559692033,0.045691621900367255,0.5763957238343607,0.1799427859874213,-0.06614988737027305,0.3750352249099786,0.2499864556712558,0.30887939238900974,0.09480582523013753,0.16673684388205018,0.015886818003935953,0.2576485617921149,0.4170221428132378,76.90854668639062,0.7690854668639062,0.07097552681391435,0.15993900632217944,41.8820163453125,221.55017194124423,55545.90084577587,994.2211224860096,0.3908540511727166,2026-08-09 09:05:00
10,535.8666090391644,71.23466377826036,607.1012728174246,1026.9818721758784,481.565434320019,1508.5473064958974,130.90263763716533,103.11308798234921,80.0,0.34609004027910373,0.3911623419630273,AP0334,True,-1,0.8471486580480159,0.5784253233331443,0.20328809148644797,0.003103739109397647,0.43710407774717247,0.2034935172915258,0.045951311739280985,-0.045951311739280985,0.38337303475522927,0.17486370081034075,-0.0703179899247374,0.3047159971804693,0.18307813756363486,0.23718229642524938,0.046705414598073064,0.10153095774698943,-0.07007132163188076,0.20457323804076222,0.29397313639799577,72.47116563974524,0.7247116563974524,0.08174208072196269,0.193546262880585,41.8820163453125,221.55017194124423,56648.12969929859,1002.1940172613077,0.3667367917177355,2026-08-09 17:00:00
10,615.7981979947073,22.39773359833262,638.1959315930399,1036.295053310335,540.493342593518,1576.7883959038531,132.01976376246563,179.61525472649808,90.0,0.3663843873813141,0.41331401059685485,AP0335,True,-1,0.6519064950154082,0.6519064950154082,0.5340088789600307,-0.5340088789600307,0.5805732800954463,-0.5805732800954463,0.1381156284567511,0.031884878280731756,0.4761510706319091,0.17654446244643784,0.009927918729937112,0.2212009076300504,0.11892711315701865,0.30615584327870615,-0.13946025589044217,0.2541787950291792,-0.2541787950291792,0.23952000209609342,0.3578355363640012,71.3180531573553,0.7131805315735529,0.08757005409756416,0.19924941432888296,41.8820163453125,221.40034145539568,53920.96182450227,1018.7899041801203,0.39013859251195376,2026-08-10 00:59:00
10,0.0,23.8208748703195,23.8208748703195,0.0,386.97189114304297,386.97189114304297,29.626717809442596,11.590471636075108,40.0,0.22401345871781486,0.24217100953145104,AP0336,True,-1,0.0,0.0,0.0,0.0,0.0,0.0,0.0,0.0,0.0,0.12530751485593014,-0.04201200894199039,0.14770135562133027,0.05105288102971347,0.22585454195714788,0.025204579904304684,0.1182600246224271,-0.016277615326574263,0.15428085926420884,0.07714042963210442,72.59181045393478,0.7259181045393479,0.08742290976638946,0.18665898569426265,41.88201634531251,221.40034145539568,54260.3264680217,980.1931662074837,0.3895721367381456,2026-08-10 09:55:00
10,333.55619792083326,101.40731547130878,434.96351339214203,447.23289203576724,376.9540836141497,824.1869756499169,138.34202348220356,58.360502371839814,70.0,0.4291360292926276,0.44859720240551637,AP0337,True,-1,0.35856109130022684,0.35856109130022684,0.25711317585913523,-0.21391194357169038,0.32718853824418237,-0.26833015320149306,0.07495780736817693,-0.014931965825556023,0.25445515319293033,0.1811061122436317,-0.022748483927587222,0.22959764993274306,0.08481810478574411,0.2477799767616821,0.01459916704604683,0.056634862558901794,-0.02517522644379312,0.17877965037423968,0.216617401783585,78.2049740445404,0.7820497404454041,0.07856132410288946,0.13938893545170644,41.88201634531249,220.52019676894318,56063.169686092435,982.3838742571553,0.3971151190712942,2026-08-10 19:29:00
10,489.7200603676234,8.76804438709913,498.48810475472254,958.0268853478435,260.21922942867013,1218.2461147765137,0.2774602690560357,8.499341869846319,90.0,0.3444751884386378,0.38046308893972736,AP0338,True,-1,0.760166029173971,0.5328126764936764,0.4547402336052419,-0.0747050799159844,0.5477909280682561,-0.12810706687516216,0.21249714015838483,-0.19537420949053755,0.4937985827514635,0.19858938077656235,-0.18214162460194588,0.23431457539770295,0.23431457539770295,0.32816400926825884,0.32816400926825884,0.2295851945043272,-0.1590624213235818,0.24766328998671283,0.37073093636908816,71.52697676037712,0.7152697676037713,0.07003202789878557,0.21469820449744312,41.8820163453125,218.97994356765136,56308.56165709826,981.6485909218455,0.39068779518106905,2026-08-11 03:26:00
10,367.9506509939049,100.61144283436535,468.56209382827024,1970.2074990346186,348.22636893597166,2318.43386797059,126.88371636981026,40.97024094444236,100.0,0.31328598169913435,0.40577957040625046,AP0339,True,-1,0.7763735808985408,0.3276009408345976,0.8610803547885206,0.5508589789690362,1.1574161504998106,0.8315461959888827,0.7459227629967654,-0.7348893559186919,0.8851982122959094,0.1604176967677148,-0.04343689940350419,0.34794229275672134,0.2291766085910984,0.37959648759529924,0.16708691071884357,0.09444197249140641,0.025402035615987133,0.24559961240278547,0.5653989123493474,61.477672453545445,0.6147767245354544,0.2012704876894834,0.18395278777506216,41.8820163453125,218.97994356765136,56106.03913572738,974.0438398344107,0.39469193903517247,2026-08-11 11:30:00
10,1088.170001973921,3.109757259331996,1091.2797592332531,1103.44651484132,714.0744417808608,1817.5209566221808,51.88881855867703,97.20819017571475,100.0,0.3943683756535807,0.43068043552302704,AP0340,True,-1,1.0869801073802356,1.0742498464393722,0.47637776033843027,-0.47637776033843027,0.4838191310131423,-0.4827186633265579,0.15844992214209921,0.08929515121797231,0.5514067302184769,0.1621523300547218,-0.08697466829757455,0.3937124192347044,0.06094670084081949,0.39775174866352797,-0.3642570384053164,0.13227793432484802,0.1287123544453094,0.27147360806945053,0.4114401691439637,74.0252462113782,0.7402524621137822,0.10401877436461067,0.1557287635216071,41.80773767045455,218.85736094729253,55726.63419072762,1008.88963345697,0.37787078243940025,2026-08-11 19:15:00
10,-356.0676860185064,41.305916406852035,-314.76176961165436,499.2355504099761,534.2935623649435,1033.5291127749197,98.56176481627514,110.65123671534823,100.0,0.372096557490703,0.43951110161003165,AP0341,True,-1,0.39124980009562504,-0.39124980009562504,0.33520273794873434,-0.28139654460459435,0.4347697172228346,-0.3420518367573652,0.08678343770316148,-0.0015165508883939669,0.3120014232425889,0.2869102522409599,-0.17560514481783782,0.40770825316881826,0.3106534653726358,0.26607426646660576,0.25445360236844194,0.2118773826522582,-0.2118773826522582,0.29314253863216055,0.3025719809373747,71.74520872966211,0.7174520872966211,0.0917071175732947,0.19084079513008417,41.80773767045455,218.64284136166464,53730.94861571833,1009.2902020634301,0.3746009224900265,2026-08-12 03:23:00
10,49.68489065897685,66.90039548747862,116.58528614645547,203.84246608016588,410.1424902446381,613.984956324804,114.18644926057337,87.4613384916849,90.0,0.4098169847985075,0.43468696830742487,AP0342,True,-1,0.1273072378304214,0.05332294732495535,0.1876414508909295,-0.1310268282737367,0.20822803890188735,-0.14936965385919806,0.09463336203243566,0.06567950691156517,0.15445252241391846,0.21072167545669485,-0.11617925739337151,0.3409693499521324,0.22266010904217085,0.3143216097217558,0.11475312147423718,0.11912624246593385,-0.018953631284905386,0.24628471939912921,0.20036862090652385,66.45594474638187,0.6645594474638188,0.18030332912054575,0.15513722341563554,41.80773767045455,218.64284136166464,54377.95541196611,997.5113727180623,0.358628731526793,2026-08-12 11:07:00
10,424.8510567115357,-9.508644742717937,415.34241196881777,608.1786606203837,389.4833937385199,997.6620543589036,29.851723204345745,72.65783609658934,90.0,0.3635503545185277,0.39266633663803197,AP0343,True,-1,0.7233604378609867,0.4577363267947105,0.29810398058941384,-0.29810398058941384,0.3405313891572332,-0.3394309214706488,0.07464953742397569,-0.004538767762121851,0.35916133625790236,0.1089433329371846,-0.07662989728722411,0.16392460388206048,0.13340722377159225,0.13648230965057134,0.058841367771011,0.3345580120797821,-0.3345580120797821,0.18597706463739963,0.272569200447651,67.48856525771005,0.6748856525771004,0.14951475656694196,0.17559959085595753,41.80773767045455,218.53292225719872,56081.323998090804,1013.948027839723,0.3720987307890377,2026-08-12 18:36:00
9,287.09809670126197,-34.28926258202743,252.80883411923458,447.86726834848173,181.87754015205496,629.7448085005367,-38.19768651119412,5.661097431627809,77.77777777777779,0.3250083680638215,0.34594925552944933,AP0344,True,-1,0.4452008202763557,0.3716959847988323,0.21615570841381349,-0.21615570841381349,0.28793432369624633,-0.27072272176798,0.0412265663879556,-0.027986477894266604,0.24762935469359282,0.06424848814592002,-0.06424848814592002,0.12879576134680018,-0.08067763796896457,0.17047013861600024,-0.17047013861600024,0.20473730668385043,-0.12008064665450957,0.14206292369814272,0.19484613919586774,69.62402278019816,0.6962402278019816,0.08912064264376142,0.2146391295542569,41.80773767045455,218.23980464528958,55234.873377320924,1000.9054023803726,0.3753196373406786,2026-08-13 02:02:00
10,119.39748786476801,6.257462549430606,125.65495041419862,364.4985869179118,440.83191624369624,805.330503161608,52.3102635383637,84.73241578905669,100.0,0.4016400027212124,0.43562378035858274,AP0345,True,-1,0.4656159468909271,0.12926826917551157,0.22342385553469876,-0.22342385553469876,0.3518310394608393,-0.3507305717742557,0.12113012059850597,0.09234038846668963,0.2905002406212428,0.1255759786591493,-0.08398162232524681,0.2654604784073414,0.138509515370895,0.30166188624902424,-0.020832075722060125,0.16420361423973506,-0.093680841058989,0.2142254893888125,0.25236286500502764,71.3542445295934,0.713542445295934,0.12077737641618669,0.16568017828787934,41.80773767045455,218.23980464528958,54951.79519353617,1004.4140595569909,0.367165158108949,2026-08-13 10:26:00
10,135.1521864785371,13.108544327581695,148.2607308061188,490.2190161207834,575.4201292100067,1065.6391453307901,36.152597780967085,40.00638681943201,90.0,0.3529701468027406,0.398839067528974,AP0346,True,-1,0.23688163686573782,0.1401131806983474,0.3640927703680577,-0.3640927703680577,0.4551114354332498,-0.4551114354332498,0.16395759301319912,-0.0288967080300578,0.3050108589200611,0.06882222934583576,0.005764519814866439,0.17686875346089065,-0.08392242575646042,0.1959113688330005,-0.1959113688330005,0.2861107211989727,-0.27968369918818325,0.1819282682096749,0.24346956356486799,72.4079838457387,0.7240798384573869,0.13255326398845851,0.1433668975541546,41.80773767045455,218.23980464528958,55604.29411285719,1023.398901411804,0.3696709546297921,2026-08-13 18:09:00
10,121.48072791637324,19.090288886006363,140.57101680237963,739.4486222905864,1673.5638227483544,2413.0124450389408,211.8629721769051,316.4153771271692,100.0,0.35288714743198124,0.46650921884380925,AP0347,True,-1,0.6130115181259639,0.11267404708949254,0.4931303718519358,-0.28772847257427664,0.5500330079590475,-0.3644561090834726,0.11034472841232383,0.06481646441977669,0.4416299065873177,0.2645350612542425,-0.05824606521592908,0.6414510394115943,0.538979316176042,0.40815090687619654,-0.04586747574061824,1.3468929526758102,1.0589523540461867,0.6652574900544609,0.5534436983208892,72.14093348193349,0.7214093348193349,0.06756187316381834,0.2110287920168468,41.80773767045455,218.23980464528958,54750.37634233167,992.7981936238011,0.37412849042287155,2026-08-14 01:58:00
10,212.37076215849527,103.58983228754512,315.96059444604043,622.9237941164391,639.0900098502935,1262.0138039667327,138.69498429624264,65.70177492188282,100.0,0.3790716881018233,0.42637434857785783,AP0348,True,-1,0.6997394675025258,0.22190763006886796,0.28858207772471256,-0.14469762255876606,0.3057685780347456,-0.29134252571468733,0.07779550965296604,-0.05155766796881614,0.3429714082287375,0.27401050805774524,-0.05813858125173725,0.1898001391947624,0.043047938807613526,0.18928524515127812,-0.019446899499261865,0.39709650866557233,-0.39709650866557233,0.26254810026733955,0.3027597542480385,73.28846867968403,0.7328846867968403,0.09572212852407788,0.1713931846790819,41.80773767045455,218.23980464528958,54122.12893213196,1005.3860705577499,0.36833754505505045,2026-08-14 09:50:00
10,315.41964602367887,53.739266327181774,369.1589123508607,834.0660497487381,492.874557146008,1326.940606894746,78.0473754779253,47.473951225701505,100.0,0.3762180658245393,0.4241071505517334,AP0349,True,-1,0.7228996519474303,0.3378874580206727,0.4215524585807333,-0.4215524585807333,0.5129060816860728,-0.5129060816860728,0.065058934140477,-0.048497719941794803,0.43060428158867836,0.14649302889706828,-0.05688431743995691,0.2702074529811904,0.0442083017372957,0.27355821447374984,-0.011179070666020793,0.22857657334303522,-0.1284039621620061,0.22970881742376092,0.33015654950621964,66.35174441270732,0.6635174441270733,0.17399166202327926,0.16249089384964746,41.80773767045455,218.23621077957202,55250.1043759306,1007.5811069323105,0.37185563049227566,2026-08-14 17:40:00
10,236.74161673089,-25.187908101236225,211.55370862965378,848.0888891840389,522.5695033903196,1370.6583925743585,-28.887474173726105,2.5636855090121884,90.0,0.3508390420192943,0.40879427621652925,AP0350,True,-1,0.4578006952205236,0.23284777836369128,0.3481219854477178,-0.3481219854477178,0.4237047650820968,-0.39124821080925987,0.08421600490874366,-0.0731825978306702,0.3284608626647705,0.10240500221481277,-0.042621241218487836,0.4032259748511995,-0.0804571505726181,0.31414282740831945,-0.12794755181533618,0.37306733107998197,-0.37306733107998197,0.2982102838885784,0.31333557327667444,69.55581194810524,0.6955581194810525,0.09440023744174354,0.21004164307720394,41.80773767045455,218.20027212239617,55388.36377860014,1005.93949565793,0.3716548702857641,2026-08-15 01:16:00
10,225.78793103458088,7.86070688527316,233.64863791985397,379.06583376368576,385.85727568006484,764.9231094437506,41.172501371476216,78.09730503417245,80.0,0.2771976725240709,0.30376139610026565,AP0351,True,-1,0.34632939319706635,0.22861058786661345,0.21239295545300008,-0.08933502706370362,0.4438891695937701,-0.4438891695937701,0.1377575821354464,0.06670598401623724,0.28509227509482077,0.25779066949457086,-0.13324462935096476,0.23372807686193184,0.23372807686193184,0.1664988129368228,0.12161228493934798,0.44906299740006866,-0.44906299740006866,0.27677013917334853,0.28093120713408465,65.46446736757115,0.6546446736757114,0.1815447164914398,0.1638106098328487,41.80773767045455,218.20027212239617,54926.0261408227,992.4999930140356,0.3738635912436837,2026-08-15 09:37:00
10,838.0571041685288,-24.053265917482832,814.003838251046,1136.8365195568035,565.0144174567529,1701.8509370135564,-65.92016002370059,-58.97986070925975,80.0,0.299023825968448,0.3434161809065735,AP0352,True,-1,0.903107182186227,0.903107182186227,0.5711045884558963,-0.5711045884558963,0.6372792905445538,-0.6372792905445538,0.2296780496082912,-0.08336449645003957,0.585292277698742,0.06275782998972997,-0.06275782998972997,0.15158351397078948,-0.15158351397078948,0.07106272499919296,-0.07106272499919296,0.42103389023388427,-0.42103389023388427,0.1766094897983992,0.38095088374857067,70.02173083722968,0.7002173083722968,0.15329666487557464,0.14648602675212852,41.822702577499996,218.1911788691534,55302.579726655196,1037.9508904945112,0.3803799941601191,2026-08-15 17:58:00
10,717.841141677386,11.961796043264012,729.80293772065,625.1140245174038,466.46205185531403,1091.5760763727178,31.15302365116716,50.0076128194452,100.0,0.370600489654483,0.38868914658708636,AP0353,True,-1,0.7784110160280763,0.7656807550872129,0.40726497732599637,-0.40726497732599637,0.41731552374173425,-0.41731552374173425,0.2189518774475133,-0.03198343694884516,0.45548584863583,0.16552867258732942,-0.16137226026273685,0.3775059437381469,0.1861235152561563,0.31159057927396505,0.11748415192202817,0.08661443591658266,-0.055154799801473336,0.23530990787900602,0.345397878257418,72.68032408118736,0.7268032408118736,0.10730847713223945,0.1658882820558869,41.822702577499996,218.15025922956113,55999.91746782227,990.2207856193825,0.38341307721226514,2026-08-16 01:35:00
10,982.4222151171056,63.06731714618073,1045.4895322632865,1018.9419961762583,987.4186287328384,2006.3606249090967,183.8094512668015,192.55844103395262,100.0,0.35262664501913366,0.40067019965142403,AP0354,True,-1,0.9259671971185196,0.9259671971185196,0.35908651635008476,-0.3111623008361289,0.47254011869264917,-0.4163812889989549,0.2398623348520068,-0.15847108228616502,0.4993640417533151,0.27283809978900886,0.030165644371566075,0.2894094086714715,0.13920514862347524,0.24604290358022007,-0.04633815269485472,0.7177580318893646,-0.7177580318893646,0.38151211098251625,0.44043807636791565,69.9436052852901,0.699436052852901,0.15928413433983363,0.1412798128072653,41.822702577499996,218.15025922956113,55679.15787389263,983.1042747893625,0.3879329065329106,2026-08-16 09:18:00
10,429.64563513693275,93.63950819294568,523.2851433298785,583.7692188572082,1069.8458267228257,1653.615045580034,140.58848699187925,59.75327579726786,70.0,0.24557410723790163,0.30209060235040924,AP0355,True,-1,0.4708275016333769,0.4708275016333769,0.41100497314672685,-0.41100497314672685,0.45537587711990773,-0.45537587711990773,0.12073009404541712,-0.048622960538555006,0.36448461148635714,0.16065339996159567,0.16065339996159567,0.19175429266682695,0.05987358476398963,0.3889045094689739,-0.3889045094689739,0.7572196261818189,0.7179594448906901,0.3746329570698039,0.3695587842780805,68.7804242318142,0.6878042423181421,0.15131570981526868,0.16088004786658938,41.822702577499996,218.15025922956113,56912.52115453909,978.2292196877231,0.3829115592711001,2026-08-16 17:22:00
10,494.2670227466956,11.546276733016835,505.81329947971244,1554.0879105500794,391.2850857915844,1945.3729963416638,26.26149966088184,34.009396449709186,100.0,0.37198798558722884,0.4439659704303264,AP0356,True,-1,0.5162565167376464,0.5162565167376464,0.6634708073666838,-0.6634708073666838,0.7586346987630682,-0.7586346987630682,0.16942698029343137,-0.09169144954195933,0.5269472507902074,0.1337142597543366,-0.07584334123005951,0.2647590454356695,0.11800684504852069,0.2519595263035277,0.07011162652672388,0.1645835731840876,-0.0940608000033428,0.20375410116940534,0.3653506759798064,64.61495994367955,0.6461495994367956,0.12339830763179778,0.23045209293140662,41.8227025775,218.15025922956113,54993.273741747944,976.8922554918662,0.38494031981671817,2026-08-17 01:31:00
10,867.4847914910898,92.50231057093691,959.9871020620268,1474.2572772122535,795.9700345717165,2270.2273117839704,-3.0412360581433404,-131.38220421508618,100.0,0.3366176770880875,0.40212968757418466,AP0357,True,-1,1.0388919622067738,0.890628802262726,0.627737466271412,-0.516588990220145,0.6545850557862615,-0.5511583086875349,0.11727588897992748,-0.023044949268841864,0.6096225933110937,0.44056337193839723,-0.1982104067833531,0.30638099470739805,-0.30638099470739805,0.25857548642226796,-0.2250807761640564,0.12553729167162378,-0.10526582187949061,0.2827642861849218,0.44619343974800774,75.59043594323433,0.7559043594323432,0.11440651344538848,0.12968912712226824,41.822702577499996,218.15025922956113,56502.30547295742,976.6662593940091,0.3791396335179154,2026-08-17 09:31:00
10,538.7115192977949,246.13628591749267,784.8478052152875,1852.5793638900973,2292.425968662401,4145.005332552499,480.1898298774074,305.4445020717914,90.0,0.25085455985280014,0.4188624362196608,AP0358,True,-1,0.89642795220654,0.5360464844408108,0.7474124164926131,0.01488365626711515,0.749060873863496,-0.17157290890264412,0.2630983839230371,0.1550187159465105,0.6639999066214216,0.5905302729718367,0.22214477097403504,1.1995765341987952,0.9345153981236918,0.699208043361145,0.4559430371780999,2.7513405427021222,2.534550153470599,1.3101638483084748,0.9870818774649481,64.0939004103475,0.640939004103475,0.1417135741783878,0.21734742171813717,41.822702577499996,218.14569046984573,54834.38359605802,998.6298951702647,0.3855347370317736,2026-08-17 17:22:00
10,703.3362594009249,85.49613515052059,788.8323945514453,1052.442144570905,809.9550201762806,1862.3971647471856,51.09758872397589,-44.24433214817731,100.0,0.3657295352578931,0.4194077737676801,AP0359,True,-1,0.7514694773887199,0.7514694773887199,0.30750388856394245,-0.2913860115779139,0.3796637755932146,-0.37856330790663023,0.15162146532783435,-0.15162146532783435,0.3975646517184278,0.2876373479864287,-0.2649728710711069,0.48171308758775216,0.29033065910576195,0.6510940157156044,0.46637610239192095,0.0952549863821042,0.04781910725116725,0.3789248594179724,0.3882447555682001,69.22357500577449,0.692235750057745,0.1583891965870085,0.14937505335524656,43.485405736969696,218.10000287269165,56968.42166522486,978.263992314678,0.3817876308534244,2026-08-18 01:38:00
10,191.4866440867001,68.69639098867066,260.18303507537075,1090.5275972628715,653.8074010224282,1744.3349982852997,1.5016151038438466,-73.4200420951725,100.0,0.3345316090120992,0.4087392071725958,AP0360,True,-1,0.5718423996222793,0.20092150414090662,0.6005373544248859,-0.5467311610807452,0.5965300078256084,-0.5038121273601396,0.08017977546452677,-0.0060253538546861446,0.4622723843343251,0.5070791251639046,-0.26735260099120683,0.286734285580699,-0.23438326887198124,0.33213703368883024,-0.237901292922612,0.15044889249104965,-0.15044889249104965,0.31909983423112087,0.39068610928272296,72.0037807745699,0.720037807745699,0.11943283304263613,0.16052935921166483,43.4854057369697,218.10000287269165,56822.24212808101,969.5093183605986,0.38942256755426985,2026-08-18 09:27:00
10,409.17598837575434,-3.531711414378023,405.64427696137636,733.7257046678837,233.5301464285567,967.2558510964404,68.43321094862995,147.6781986057871,70.0,0.3426169349922149,0.37069751369896814,AP0361,True,-1,0.4934358287595375,0.4259001370712785,0.42229337965574265,-0.42229337965574265,0.4687474516440025,-0.4687474516440025,0.17137937780519508,-0.0792250938236478,0.3889640094661194,0.2172746176227194,-0.2172746176227194,0.37101590676993296,0.37101590676993296,0.1380282647353564,0.1380282647353564,0.029752473300770882,-0.029752473300770882,0.1890178156071949,0.28899091253665715,70.57015732805074,0.7057015732805074,0.12238058719777228,0.17191783952172027,43.485405736969696,218.10000287269165,56316.46356118025,964.0913549625091,0.38384630165150085,2026-08-18 17:16:00
10,287.6557252620395,-12.519150147507506,275.13657511453204,1612.3369552326444,272.06869854718616,1884.4056537798306,-19.375547336635407,-0.5097945651628493,90.0,0.27529859938971046,0.35576205332297545,AP0362,True,-1,0.7285970733461489,0.30383316491157963,1.107959739210355,0.49076392817581826,0.43301969779707244,-0.42718106156770247,0.4581803567156049,0.3899732343671561,0.6819392167672954,0.07879962356666778,-0.07770805701564698,0.24651034622957393,0.0027033580462426376,0.18748330518580564,-0.020787717797541516,0.10322113543195177,-0.10322113543195177,0.1540036026034998,0.41797140968539753,64.31345243858969,0.643134524385897,0.15468636451193785,0.20217911110216516,43.485405736969696,218.0501726935613,57383.00078416679,971.0117452633325,0.38425151088063025,2026-08-19 00:54:00
