n_escalones,uplift_fisico_fusion_kg,uplift_fisico_reduccion_kg,uplift_fisico_total_kg,uplift_J_fusion_kg,uplift_J_reduccion_kg,uplift_J_total_kg,reduccion_sn_extraido_adicional_kg,reduccion_feo_reducido_adicional_kg,pct_escalones_con_mejora,support_medio_historico,support_medio_recomendado,Batch,es_lockbox,fold,dist_Fusión_tasa_feed_Carbon_kg_min,dir_Fusión_tasa_feed_Carbon_kg_min,dist_Fusión_tasa_gn_nm3_min,dir_Fusión_tasa_gn_nm3_min,dist_Fusión_tasa_o2_nm3_min,dir_Fusión_tasa_o2_nm3_min,dist_Fusión_tasa_aire_nm3_min,dir_Fusión_tasa_aire_nm3_min,dist_F,dist_Reducción_tasa_feed_Carbon_kg_min,dir_Reducción_tasa_feed_Carbon_kg_min,dist_Reducción_tasa_gn_nm3_min,dir_Reducción_tasa_gn_nm3_min,dist_Reducción_tasa_o2_nm3_min,dir_Reducción_tasa_o2_nm3_min,dist_Reducción_tasa_aire_nm3_min,dir_Reducción_tasa_aire_nm3_min,dist_R,dist_total,rendimiento_proxy_batch,f_metal,f_dross,f_polvo,ley_sn_conc_batch_pct,espesor_ladrillo_norm_mm,sn_cargado_batch_kg,temperatura_media_fusion,frac_carga_secundaria_media_fusion,fecha_inicio_batch
10,0.0,60.247377762198475,60.247377762198475,0.0,59.48000890386533,59.48000890386533,-41.5268562502805,-143.45831867915172,40.0,0.23189057772935978,0.23173710395769226,AP0001,False,0,0.0,0.0,0.0,0.0,0.0,0.0,0.0,0.0,0.0,0.14850594992924268,-0.05094067631465036,0.1867120298198772,-0.10450000178304189,0.1858085283196273,0.17424421229507803,0.17454273038472892,0.1735317319161019,0.17389230961336902,0.08694615480668452,79.91765201995008,0.7991765201995008,0.08263694984335675,0.11818652995714247,41.43282990669513,299.99971591319826,49907.386443483614,1199.8433943567873,7.04913158954446e-05,2026-04-21 18:36:00
10,0.0,0.0,0.0,0.0,0.0,0.0,0.0,0.0,0.0,0.16594734092747215,0.16594734092747215,AP0002,False,0,0.0,0.0,0.0,0.0,0.0,0.0,0.0,0.0,0.0,0.0,0.0,0.0,0.0,0.0,0.0,0.0,0.0,0.0,0.0,73.05531072136027,0.7305531072136027,0.12935509971758247,0.14009179306881472,41.43282990669513,299.99971591319826,49489.247137855884,1309.4844819802286,3.2638419299333144e-05,2026-04-22 03:22:00
10,0.0,208.18346037649138,208.18346037649138,0.0,210.47752833342906,210.47752833342906,55.54514266847028,-231.45694748943743,40.0,0.24658323496584136,0.2470420485572291,AP0003,False,2,0.0,0.0,0.0,0.0,0.0,0.0,0.0,0.0,0.0,0.1974824384155915,-0.1355726370585844,0.28145531790644,-0.031539180801366556,0.3523512870849371,0.3523512870849371,0.28815699561525676,-0.046195296115950545,0.27986150975555635,0.13993075487777817,79.15175258246624,0.7915175258246625,0.07712140760278896,0.13136106657254842,41.432829906695126,299.99971591319826,50071.225995084955,1267.0349252921192,3.2441315410357124e-05,2026-04-22 12:29:00
10,393.51618038254554,225.77842513916755,619.294605521713,393.6343421472171,197.37786366484238,591.0122058120595,12.773933015003536,-315.69800502369867,50.0,0.2567503103855109,0.25109383044357997,AP0004,False,4,0.3453995315722114,0.3453995315722114,0.5272017818233836,0.5272017818233836,0.5087356435316278,0.5087356435316278,0.04040996489141794,0.011191854596171953,0.35543673045466023,0.13849617635337788,-0.13849617635337788,0.16784283130471303,-0.1319486626679833,0.2181781221524024,0.2181781221524024,0.13646883264333812,-0.07681610637558947,0.16524649061345786,0.260341610534059,72.52505027310832,0.7252505027310832,0.12284919932885231,0.1519002979400646,41.43282990669514,299.99971591319826,50407.47014784682,1216.3569351554343,2.62387222673284e-05,2026-04-22 21:08:00
10,49.799802829663946,11.054661497281675,60.85446432694562,38.03002681490568,39.41504628106799,77.44507309597367,-41.176856110932704,-74.14878950510513,20.0,0.2049782042158827,0.2082963259696883,AP0005,False,3,0.04642045155509664,0.04642045155509664,0.04792126177630434,-0.04792126177630434,0.04259419772632935,-0.04259419772632935,0.035158147107001166,0.035158147107001166,0.043023514541182875,0.07694995807577404,-0.07694995807577404,0.03324422403552487,-0.03324422403552487,0.016556127234495236,0.016556127234495236,0.001780931580544301,-0.001780931580544301,0.03213281023158461,0.03757816238638374,71.60074551166002,0.7160074551166002,0.12240181182456374,0.16159073305883612,41.43282990669513,299.99971591319826,48723.45759162705,1249.450937337607,0.014676235221650857,2026-04-23 05:45:00
9,97.30400826738506,83.86694958760296,181.17095785498802,95.89342322542177,80.89526652558322,176.788689751005,2.5742674287585885,-121.97767826332671,44.44444444444444,0.26862618261822946,0.26765234526178877,AP0006,False,4,0.09102705591523656,0.09102705591523656,0.08806629049972763,-0.08806629049972763,0.08373219134119607,-0.08373219134119607,0.06517239638198245,0.06517239638198245,0.08199948353453568,0.05659504340042504,-0.05105786351448068,0.16792139532381625,-0.08257859256198721,0.1197625642803809,0.1197625642803809,0.023215864382374853,0.018342227478823893,0.09187371684674926,0.08693660019064248,73.67015516465584,0.7367015516465584,0.08747735129382754,0.175821097059614,41.43282990669514,299.99971591319826,49795.58125591482,1230.02669141176,1.1348174603105027e-05,2026-04-23 14:40:00
8,0.0,0.12177274321219045,0.12177274321219045,0.0,20.203103368275663,20.203103368275663,-19.886578378175045,0.0,12.5,0.1794361623198632,0.18445649497612898,AP0007,False,1,0.0,0.0,0.0,0.0,0.0,0.0,0.0,0.0,0.0,0.38012213156908986,-0.38012213156908986,0.19640795180448983,0.19640795180448983,0.13647868629303847,-0.13647868629303847,0.0026518454946914986,0.0026518454946914986,0.17891515379032744,0.0894575768951637,74.14683229482415,0.7414683229482415,0.08838031171581676,0.1701513653359418,41.43282990669513,299.99971591319826,49049.84223379435,1210.4768121249883,8.27745483211954e-05,2026-04-23 22:38:00
4,0.0,121.88502865053186,121.88502865053186,0.0,128.96644587925562,128.96644587925562,111.30304185467105,-26.829512223532845,100.0,0.3302713096920167,0.3338120183063759,AP0008,False,0,,,,,,,,,,0.2028611860027155,0.07662684133332867,0.24612283870644763,0.02962532618962954,0.43894575048608564,0.43894575048608564,0.09970257137001826,-0.029833308620149275,0.24690808664131675,0.24690808664131675,59.56529046993668,0.5956529046993667,0.21681947670288612,0.18752761859774708,41.80029722790323,299.99971591319826,45648.046639036,1195.196995634653,,2026-04-24 07:23:00
10,673.4364657884581,12.797479609689486,686.2339453981476,700.2523542709617,24.382352133492876,724.6347064044546,8.0676352809393,0.0,40.0,0.2424510861185997,0.2501312383198611,AP0009,False,2,0.6477530020489537,0.6477530020489537,0.2781969477729763,0.24094143413360827,0.2839295928001846,0.2839295928001846,0.09163028060783225,0.07016763696706092,0.3253774558074867,0.06037356539063777,-0.06037356539063777,0.018737485126929004,0.018737485126929004,0.05004801474169752,0.05004801474169752,0.10725193464907101,-0.10725193464907101,0.05910274997708383,0.19224010289228527,77.74576970038642,0.7774576970038642,0.07465371759361254,0.1478885854025233,42.415478561836736,299.99971591319826,49688.51977121447,1245.9461460727223,0.5889689319920993,2026-04-24 15:46:00
10,0.0,0.0,0.0,0.0,0.0,0.0,0.0,0.0,0.0,0.10743340920651775,0.10743340920651775,AP0010,False,1,0.0,0.0,0.0,0.0,0.0,0.0,0.0,0.0,0.0,0.0,0.0,0.0,0.0,0.0,0.0,0.0,0.0,0.0,0.0,68.50557650116588,0.6850557650116589,0.12254939092734289,0.19239484406099827,42.415478561836736,299.99971591319826,47940.42176779384,1227.4300561958028,0.599878308490001,2026-04-24 23:48:00
10,82.627323749764,38.864485202220735,121.49180895198474,76.477719247413,39.01548236044471,115.49320160785771,-0.41817081726388494,-67.3953416415599,20.0,0.21952339067420787,0.21832366920538243,AP0011,False,0,0.07867701100498715,0.07867701100498715,0.03161174702957959,0.03161174702957959,0.06064146098959405,0.06064146098959405,0.015414617739341602,-0.015414617739341602,0.046586209190875603,0.048782636807296074,0.048782636807296074,0.04686189821662108,-0.04686189821662108,0.08779274786707322,0.08779274786707322,0.03493463137493449,0.03493463137493449,0.054592978566481216,0.05058959387867841,65.4900480917299,0.654900480917299,0.16972232057438782,0.1753771985083131,42.415478561836736,299.99971591319826,47265.75618924079,1217.5851416267694,0.5845469354728394,2026-04-25 08:29:00
10,953.5514272318104,65.93872060543184,1019.4901478372423,847.651065830902,85.86633778164412,933.5174036125461,30.35858485261113,-36.14966591064925,70.0,0.2993265198019893,0.2821319709570501,AP0012,False,3,0.9179879893146038,0.9179879893146038,1.0247678500936994,1.0085152260574215,0.6596974046186742,0.5329843840247906,0.16658516024966388,-0.010731328386133157,0.6922596010691603,0.13852893139469638,-0.13852893139469638,0.15915353880265684,0.09266509073160709,0.09895222300464487,0.09895222300464487,0.03626491680993714,-0.03626491680993714,0.1082249025029838,0.4002422517860721,74.17638638591971,0.7417638638591971,0.08719618006526553,0.17103995607553726,42.415478561836736,299.99971591319826,49077.048163706095,1185.7754967705264,0.5954572472179075,2026-04-25 15:58:00
10,483.20717115496825,107.14831904220542,590.3554901971737,439.06670333381794,110.31532882604336,549.3820321598613,-49.482055971708455,-242.5333887119943,40.0,0.2445686602960946,0.23637396868863214,AP0013,False,4,0.47353658203445903,0.47353658203445903,0.37186665316556416,0.30332460842146364,0.24185628507756804,0.21748164018136273,0.07807274778381222,-0.07807274778381222,0.29133306701535083,0.09401431516078244,-0.09401431516078244,0.28615293694840205,-0.28615293694840205,0.10732146464320207,-0.09377058915483029,0.12962390286934725,-0.11956173299760667,0.15427815490543345,0.22280561096039214,64.58338515029256,0.6458338515029256,0.1667433657228333,0.18742278277424107,42.41547856183673,299.99971591319826,48207.3573521556,1184.6326861353325,0.5966909974090269,2026-04-25 23:58:00
10,1021.9538936893922,20.34472342902456,1042.2986171184168,948.0032892477684,23.11537021046263,971.1186594582311,44.14388947160516,43.87231783397395,60.0,0.2770948808971656,0.26285888936512847,AP0014,False,3,0.9814641091563949,0.9814641091563949,0.9619390841509085,0.8767915869054289,0.6805470228132499,0.6805470228132499,0.1459442950771553,-0.09214290680871477,0.6924736277994271,0.061578973318922335,-0.061578973318922335,0.12590931476713196,0.12590931476713196,0.08239609577014972,0.08239609577014972,0.03448398522939315,-0.03448398522939315,0.0760920922713993,0.38428286003541323,72.27735907223597,0.7227735907223597,0.11257718678359688,0.16464922249404343,42.415478561836736,299.99971591319826,49225.84475281727,1181.1546700934723,0.5985012946595948,2026-04-26 08:14:00
10,626.0960740189731,70.1990790698984,696.2951530888714,581.0821518417989,71.22822808972865,652.3103799315276,16.862651940808007,-74.94947989016866,60.0,0.2820314884582794,0.2732345338268106,AP0015,False,4,0.5821538464519335,0.5821538464519335,0.29342318692907593,0.21518417620823235,0.3965461752059749,0.3965461752059749,0.03622658436239261,-0.03622658436239261,0.3270874482373442,0.10933016156618433,-0.10933016156618433,0.11480437730856535,-0.035091369677782654,0.13120124404837866,0.13120124404837866,0.04984832682054426,0.04984832682054426,0.10129602743591815,0.21419173783663117,76.89084849130701,0.7689084849130702,0.10379917208483966,0.1272923430020902,42.415478561836736,299.99971591319826,48456.97475661744,1220.8147506373807,0.5948458038544704,2026-04-26 16:09:00
10,713.9896562233109,157.88075869212838,871.8704149154394,655.8914697982765,131.14685817753843,787.038327975815,16.57622493215179,-208.7386290495167,70.0,0.27708792324449655,0.2601215058565717,AP0016,False,2,0.6443917337091669,0.6443917337091669,0.08938296237698583,-0.06458161916097457,0.12407462815471675,0.008142682600715054,0.04019171156355141,-0.021964384002685716,0.2245102589511052,0.19187372850539886,-0.19187372850539886,0.2239068979057843,-2.988688229424441e-05,0.12709927383602104,0.09306489372454306,0.0983823820021188,-0.06838556024463024,0.16031557056233076,0.19241291475671798,73.18325133927344,0.7318325133927344,0.08946414597431734,0.17870334063294818,35.28891372434783,299.99971591319826,45608.23478190104,1213.967825541538,0.5970903544691247,2026-04-27 00:15:00
10,236.34417397378883,-4.705662119915,231.63851185387384,181.47891690827856,1.0280715109977336,182.5069884192763,-10.93411817953934,-7.571441183632154,30.0,0.21642888613431266,0.20660258144739316,AP0017,False,4,0.2117755038003272,0.2117755038003272,0.05461755261694129,0.015498047256518785,0.061027012962387266,0.061027012962387266,0.030199357902380746,-0.030199357902380746,0.08940485682050914,0.010980626566051302,-0.010980626566051302,0.049954585418619496,-0.049954585418619496,0.01659400278884782,-0.01659400278884782,0.07632282785930625,-0.07632282785930625,0.03846301065820622,0.06393393373935768,70.17902842181307,0.7017902842181307,0.0684778123402213,0.22973190344164787,35.28891372434783,299.99971591319826,43686.61241311744,1178.4788045030607,0.6203817618078514,2026-04-27 08:28:00
10,1075.8359356612991,143.50881293029056,1219.3447485915897,1089.153673934405,156.69296353647587,1245.846637470881,-42.695560378259806,-293.22829479325503,80.0,0.2884707014976157,0.2937710792734739,AP0018,False,4,0.9062584709168541,0.9062584709168541,0.8052435473737422,0.6428934705017388,0.7868823438498129,0.774293918603617,0.12170927400425013,-0.057753288753269884,0.6550234090361647,0.06340882210748344,-0.055103052278566864,0.30182326766232337,-0.30182326766232337,0.1842935318595512,-0.016798521938481248,0.008686312613532565,0.0013758572582073946,0.13955298356072265,0.39728819629844375,70.14778707534529,0.701477870753453,0.1386899097774707,0.15983221946907644,35.28891372434783,299.99971591319826,44104.79893395347,1162.8325151548602,0.6366461095576702,2026-04-27 16:47:00
10,699.1899257887969,42.12641605269988,741.3163418414968,664.9409811186151,53.25847177770504,718.1994528963203,-40.02421095213002,-120.4019478616091,60.0,0.27283564142282773,0.26821226363379236,AP0019,False,1,0.5980465579914634,0.5980465579914634,0.2850878484672302,0.2021623072575005,0.316109199681898,0.316109199681898,0.06467264395663828,0.023262745566343956,0.31597906252430746,0.13674339389513152,-0.05041055623245688,0.11080011026305013,-0.11080011026305013,0.05267785489318863,0.04103039297168103,0.051013195741960025,0.04676022448204733,0.08780863869833257,0.20189385061132004,68.85542078251675,0.6885542078251674,0.09437178171045839,0.2170740104643743,35.28891372434783,299.99971591319826,43650.52199010718,1190.4465858385224,0.6203017455709027,2026-04-28 00:59:00
10,1552.3147653238211,46.668650034980445,1598.9834153588015,1495.5867754799801,53.1081322675895,1548.6949077475695,-11.300898851853958,-93.97105722952034,60.0,0.2832982033244647,0.27324050180221826,AP0020,False,1,1.3452153002487053,1.3452153002487053,0.43714878189973844,0.3034415440239932,0.6270998311134852,0.6270105312280768,0.1856814105899195,-0.0775903622673527,0.6487863309629621,0.10645124745965992,-0.00914176080018217,0.0710431904522973,-0.02079870398375407,0.09809385879314042,0.07875407334490564,0.04507171960160884,0.04507171960160884,0.08016500407667662,0.36447566751981936,71.49362988104966,0.7149362988104967,0.07676869893964335,0.20829500224986,35.28891372434783,299.99971591319826,42744.06317196997,1139.1142490748966,0.6196261540791163,2026-04-28 08:52:00
10,1925.5837394476198,55.208454105585034,1980.792193553205,1463.3992169931255,130.276523747809,1593.6757407409343,-25.89070395866139,-129.6064138606877,100.0,0.46390085217625565,0.3864775616138018,AP0021,False,3,1.7152649007343488,1.7152649007343488,0.5505252042358388,-0.178687185411211,0.4192641260155429,0.4192641260155429,0.21538009616666287,-0.07443118022693905,0.7251085817880983,0.14696669673869545,-0.02934080836418613,0.2926203229066122,-0.20824863284247908,0.28564670195942443,-0.1619240728325521,0.1097805772025616,0.0391486773207518,0.20875357470182343,0.4669310782449609,71.54015202378017,0.7154015202378016,0.10428212462251149,0.18031635513968697,35.28891372434783,299.99971591319826,43965.99252446615,1184.0442043784049,0.48620184977987424,2026-04-28 17:01:00
10,1683.5119899564825,167.14518951546742,1850.65717947195,1434.089920424829,152.17315039002784,1586.2630708148572,-107.20858085843977,-413.21370950849246,90.0,0.413912055423063,0.3610332336916443,AP0022,False,2,1.49166473253248,1.49166473253248,0.21659629852976783,-0.04152723963099366,0.4636070894064803,0.4636070894064803,0.21131630249186886,-0.15644896663923577,0.5957961057401493,0.242514374446857,-0.242514374446857,0.2982519613378445,-0.27453159351426304,0.11290719581479781,0.0898166652306047,0.14051028661195955,-0.12637654106590626,0.1985459545528647,0.397171030146507,57.762105962367876,0.5776210596236788,0.15524928539727031,0.2671296549790508,35.28891372434783,299.99971591319826,45032.55354828112,1173.838405441427,0.49703650706909375,2026-04-29 00:38:00
10,2223.476925784067,186.55673447370484,2410.0336602577718,2055.940702084414,220.14195877788183,2276.0826608622965,110.97617505386378,-90.39654423388089,100.0,0.3848629630775172,0.3580727631984219,AP0023,False,0,1.9653277900341033,1.9653277900341033,0.23207892818894427,0.09229634257906592,0.6608032163152613,0.6608032163152613,0.17413208033582575,-0.16539412368430864,0.7580855037185337,0.3196736386184089,-0.10963163099469155,0.48808329463395267,0.20723992608680536,0.5246340155623216,0.5246340155623216,0.24171172980852762,0.09687309818863961,0.39352566965580266,0.5758055866871682,73.71980227073506,0.7371980227073506,0.07479701333866365,0.18800496395398575,34.73982860413044,299.99971591319826,43299.88815232649,1170.6939436827236,0.493087396639473,2026-04-29 09:40:00
10,1434.5443831560156,197.17318496380025,1631.717568119816,1457.5703058461777,178.56084588437426,1636.1311517305521,-19.446930598683196,-337.9449234448543,100.0,0.34229182051922635,0.34317453724137337,AP0024,False,2,1.262227713639491,1.262227713639491,1.1167506731978396,1.0794951595584714,0.41769295675906454,0.41769295675906454,0.2980668292219451,-0.1537675158760829,0.7736845432045851,0.22983257955488767,-0.14505386544939086,0.2718006957565789,-0.24808032793299745,0.21653095309724169,0.21653095309724169,0.09394675299320718,0.07754632737863634,0.20302774535047885,0.488356144277532,69.97752808840514,0.6997752808840514,0.09847890920794468,0.20174580990800395,34.73982860413044,299.99971591319826,44941.30047933872,1230.4594276320875,0.5033261970245505,2026-04-29 17:18:00
10,960.3980354174846,451.9743723192162,1412.372407736701,772.1374313856294,335.6486397043336,1107.7860710899631,-45.03798423761114,-760.854895588319,80.0,0.32649753379614166,0.26558026646679445,AP0025,False,4,0.8468919895588488,0.8468919895588488,0.30560826192344914,0.10461589168419942,0.2565795429115222,0.25627788129843326,0.15310789475547606,-0.04500384628169457,0.39054692228732407,0.39078976522900555,-0.3304904909929701,0.6805213342801961,-0.43587493284236883,0.3336070625361776,0.29995837091513866,0.19443342708769867,-0.11262567562720659,0.39983789728326946,0.39519240978529674,71.64213374701936,0.7164213374701935,0.08047182239334534,0.203106840136461,34.73982860413044,299.99971591319826,47044.11865805386,1229.2390262620386,0.5017354479484737,2026-04-30 00:49:00
10,1121.9257370148873,73.4111472628232,1195.3368842777102,1010.6770748921278,301.42672960143824,1312.1038044935663,221.74139671527524,256.9971846441008,90.0,0.3307426542845006,0.3540960383276718,AP0026,False,0,0.9950140687682186,0.9950140687682186,0.15227357202816647,-0.14107657635465817,0.18352884264020855,0.18352884264020855,0.3498482515499737,0.25978056380411724,0.42016618374664183,0.3239973102613489,-0.15421851594711763,0.6531317763275137,0.591873625893841,0.6414781874708483,0.6414781874708483,0.11418770656471394,0.11418770656471394,0.4331987451561062,0.42668246445137403,74.97094771520791,0.7497094771520791,0.06748106245890709,0.1828094603890138,34.73982860413044,299.99971591319826,44534.06945238459,1207.7796165929892,0.47727937514076174,2026-04-30 08:56:00
10,2436.9376190077082,50.19847987470001,2487.1360988824085,2098.0052767573625,82.66768730765219,2180.6729640650146,29.178423303082468,-46.04350246059168,100.0,0.45936662862114536,0.39807400165766677,AP0027,False,1,2.200991893461367,2.200991893461367,0.325221658717075,-0.24927109939031952,0.43391631873393016,0.40395710531605306,0.1877584001259879,-0.1877584001259879,0.78697206775959,0.16226992204719093,0.02397659958681049,0.16395051614988773,0.006540172917805447,0.27256015544009465,0.10672045246011058,0.06305374817286535,-0.014804123708163678,0.16545858545250966,0.4762153266060498,69.86460301210657,0.6986460301210656,0.11648692833651526,0.18486704154241906,34.73982860413044,299.99971591319826,44768.58694228547,1171.041769911373,0.5033514782905039,2026-04-30 17:13:00
10,1241.5942195196212,148.45235921532802,1390.0465787349492,997.684847319913,106.6373889845031,1104.322236304416,-67.72775750680563,-311.09050752416266,100.0,0.4180967503353849,0.36095188184927834,AP0028,False,2,1.151568040426467,1.151568040426467,0.24190459318103882,-0.08267662074434458,0.4692484160918681,0.4692484160918681,0.1365494099357127,-0.000626136350966105,0.4998176149087717,0.30544212413313393,-0.2919219399695204,0.14924474108608196,-0.12552437326250088,0.1855611968937116,0.1740464323368454,0.022708225732489772,0.008993219739823612,0.1657390719613543,0.33277834343506296,66.29014116195945,0.6629014116195945,0.09901552951796164,0.2380830588624438,36.50794218065217,299.99971591319826,46868.47628560724,1222.8230532164794,0.49515441350451184,2026-05-01 00:37:00
10,1998.573510004086,115.42014095572297,2113.993650959809,1595.4227425415893,114.20427562912181,1709.6270181707112,125.11289735713788,-2.1222056223153345,100.0,0.47076079444049546,0.3898874678826754,AP0029,False,3,1.8973145504872748,1.8973145504872748,0.6410895106213602,-0.6117739616314463,0.271432288494979,0.03857801658175458,0.24177731149077306,-0.23638195183287755,0.7629034152735967,0.2038211905432249,0.08373976042008709,0.13713298284684822,-0.05508305192751108,0.05364366743919413,0.04215569265897566,0.07494050284483224,-0.0044912417718103465,0.11738458591852487,0.4401440005960608,67.01348465735106,0.6701348465735105,0.13597310097861837,0.1938920524478711,36.50794218065217,299.99971591319826,47033.96086615212,1171.500055006117,0.48514221148580755,2026-05-01 08:23:00
10,1446.1162041640239,12.790955557013033,1458.9071597210373,1222.4971748304704,60.1449637842789,1282.6421386147492,-50.08600447265394,-91.44428172229505,80.0,0.36506150243347885,0.3298084982122213,AP0030,False,0,1.3903801455549518,1.3903801455549518,0.23885189738353377,-0.23885189738353377,0.12777485119643653,0.11943302601324918,0.07821589212958587,-0.010059858035077673,0.458805696566127,0.14684631263957057,-0.08477430479298347,0.2803498084989984,-0.15217958748457838,0.18574101070304627,-0.02549623197070365,0.20176526892401764,0.20075427045539063,0.20367560019140823,0.33124064837876765,71.22694488104591,0.7122694488104591,0.11313579618065882,0.17459475500888216,36.50794218065217,299.99971591319826,46210.170386769634,1200.6725026973368,0.5071505179773503,2026-05-01 16:09:00
10,949.7341802853941,281.6341202674031,1231.3683005527973,768.717140270115,239.50305976904463,1008.2202000391596,-17.73267383475273,-454.12174719332734,90.0,0.4091900930637845,0.36456047296105737,AP0031,False,4,0.8699131282549675,0.8699131282549675,0.17154955484965637,-0.12930611271774148,0.3645083410193479,0.3209674623323104,0.195296746714033,-0.195296746714033,0.4003169427095012,0.2610125615032613,-0.1808564787961735,0.5000203410628153,-0.25537393962498867,0.31991375371537706,0.10110905714304488,0.2709131246266424,-0.26455237706544654,0.337964945227024,0.3691409439682626,64.60847930118547,0.6460847930118547,0.16305205148397867,0.19086315550416652,36.50794218065217,299.94958435208713,45071.24700106346,1147.6379952004424,0.506473646381871,2026-05-02 00:31:00
10,1965.604722414741,136.76957799994457,2102.374300414686,1703.807812451989,110.7216245869206,1814.5294370389097,44.61930988840882,-200.33249192384494,100.0,0.42200270874084944,0.36443373606569435,AP0032,False,1,1.8312385920453986,1.8312385920453986,0.33536508193290554,-0.26052702908580855,0.30305077435664185,0.1999290709131859,0.24791030354732269,-0.14292884808602704,0.6793911879705672,0.2614918010240239,0.2614918010240239,0.15920505650757025,-0.12256207882621269,0.2861643246386465,0.2861643246386465,0.22807364075381353,-0.09762821744052252,0.23373370573101354,0.4565624468507904,72.28606164433323,0.7228606164433323,0.1287781160854454,0.1483612674712223,36.50794218065217,299.94958435208713,46085.838637959234,1126.893247338052,0.49500235700517686,2026-05-02 08:02:00
10,927.0026389213571,41.98261711859062,968.9852560399477,840.3560613281961,130.31093250717578,970.6669938353718,78.1850405572369,80.94328483112258,80.0,0.3551292060030387,0.35546555356212367,AP0033,False,0,0.8986057055240549,0.8986057055240549,0.0864953976453461,-0.01233508370189858,0.26689017294253486,0.1956946569136382,0.17652650262487735,-0.0977396873561193,0.35712944468420327,0.19622004173607194,-0.1737879338520203,0.1892723657029473,0.1892723657029473,0.3227699360948157,0.3227699360948157,0.16025781501243724,0.07707104281059887,0.21713003963656802,0.28712974216038567,70.20180396607145,0.7020180396607145,0.11390270235222259,0.18407925798706287,36.50794218065217,299.94958435208713,43996.28338187651,1169.553806488988,0.4933019850182806,2026-05-02 15:28:00
10,1759.0839612533125,333.1156408302748,2092.1996020835873,1374.5614929453916,296.02768135073063,1670.5891742961223,142.14351606052514,-337.5470584544594,90.0,0.4353858168167332,0.3510637312592399,AP0034,False,2,1.6960309366337427,1.6960309366337427,0.5788227551217342,-0.3957278128192871,0.30979388938214153,-0.04678421188055202,0.2268323593880961,-0.10984253008136641,0.7028699851314287,0.3336762355186284,0.0691003117047536,0.3836865777060534,-0.3836865777060534,0.17325233836389284,0.15807193560948676,0.05029333472012941,0.05029333472012941,0.23522712157717604,0.4690485533543023,73.4113115470715,0.7341131154707151,0.12387564206811426,0.14201124246117072,36.50794218065217,299.45442019543805,45119.977017478595,1189.9684182012775,0.5013671251647364,2026-05-02 23:09:00
10,2265.436655287348,27.59553405966891,2293.0321893470173,1936.535630061243,121.17661000312086,2057.712240064364,-51.798273809400456,-144.1519440931168,100.0,0.4141389710657181,0.3670749812091875,AP0035,False,0,2.196355923612876,2.196355923612876,0.5470309756726532,-0.5470309756726532,0.2976331585608599,-0.04881225619971411,0.12773640131890743,-0.06042616886491494,0.7921891147913241,0.29620580662222046,0.14067620210459295,0.38665704063606215,-0.38665704063606215,0.23382688603311497,-0.1993644296385081,0.12716742897308297,-0.05508250869884204,0.26096429056612014,0.5265767026787221,72.33746690454569,0.7233746690454569,0.07636525894527674,0.20026007200926638,38.87376026625,299.3443837161827,48802.54447751715,1192.1258921358938,0.5070480951262052,2026-05-03 06:22:00
10,1323.692081175855,229.26619689678273,1552.958278072638,1151.9048223387497,363.20253788173665,1515.1073602204863,291.311268535643,51.89892378859089,90.0,0.3605160230576432,0.35294583948721303,AP0036,False,1,1.2837754487038906,1.2837754487038906,0.5135656849367188,-0.18619852125172956,0.26720837714745266,-0.0719449510892856,0.20673418334710192,-0.15414949213677306,0.567820923533791,0.24344124144653323,0.10688536953519327,0.6343439333148189,0.6343439333148189,0.7632345566286197,0.7632345566286197,0.16415882851022257,-0.011682480323097467,0.4512946399750486,0.5095577817544198,64.53171549490077,0.6453171549490078,0.15123373553766578,0.20344910951332648,38.873760266249995,299.3443837161827,47913.50394456723,1153.4192882208317,0.4824616245545836,2026-05-03 14:03:00
10,437.8269396824269,82.8018447924486,520.6287844748755,404.1195769096462,48.58212477023716,452.70170167988334,11.46961570193318,-96.43015328891673,50.0,0.24085135286271314,0.22726593630371475,AP0037,False,0,0.4297561302705288,0.4297561302705288,0.3294276973902578,-0.3294276973902578,0.09714684457298998,-0.09714684457298998,0.11699713992635179,-0.11699713992635179,0.24333195304003205,0.18189478232393574,-0.18189478232393574,0.2531202283746754,-0.056069795188935484,0.31014415213325836,0.31014415213325836,0.14148896758879945,0.14148896758879945,0.22166203260516723,0.23249699282259967,69.07773087261799,0.6907773087261798,0.11741428656840777,0.19180840470541224,38.87376026624999,299.3443837161827,37924.34090018513,1146.1126874279219,0.6834816866468775,2026-05-03 21:48:00
10,1534.091496956466,139.1521362136422,1673.2436331701078,1277.592263365039,230.9555937722589,1508.5478571372978,-17.713782936613484,-259.60946101391056,100.0,0.3833223693736178,0.35038321416705587,AP0038,False,2,1.53320154092864,1.53320154092864,0.8562422441352621,-0.43484586250886026,0.5580864468079302,0.13852772472675468,0.14548929910071834,-0.0801431355119433,0.7732548827431376,0.2013627623692485,0.003791191784387346,0.4069872699893237,-0.4069872699893237,0.25341790038813833,-0.07858476380771134,0.34763420529580935,-0.26904822940647055,0.30235053451063,0.5378027086268837,70.54828998984121,0.7054828998984121,0.09009885945384016,0.2044182406477476,38.873760266249995,299.3443837161827,47386.20083151031,1188.3979576066745,0.4916272200594009,2026-05-04 05:30:00
10,1103.8284375878416,52.454563326672506,1156.283000914514,951.4373873484735,74.91215367256638,1026.3495410210398,37.08286620822456,-19.65712320796092,90.0,0.40570573433353274,0.37971904235483805,AP0039,False,0,1.1162158538295837,1.1162158538295837,0.6668333623297124,0.07394345870725606,0.1725459472801297,0.15886396136117717,0.2592047648302883,-0.25525285467173414,0.5536999820674284,0.1342252709781144,-0.07130356727056782,0.17382659271295853,0.04539564409459998,0.18552258673270233,0.1817701587310398,0.2049557192142356,-0.08583903140873839,0.1746325424095027,0.3641662622384656,67.8520960145846,0.678520960145846,0.153290372150204,0.16818866770394997,38.986349541176466,299.3443837161827,49848.989936037025,1114.4528813543127,0.4700006938542028,2026-05-04 12:57:00
10,1355.914172168242,214.68938498152713,1570.6035571497691,1024.0425909712958,57.87844088876162,1081.9210318600574,188.18445829280085,-115.52141121089869,90.0,0.43452093735635733,0.33678443229841515,AP0040,False,1,1.3199206805436792,1.3199206805436792,0.9831696279511104,-0.9831696279511104,0.6619724078995126,-0.6619724078995126,0.22041861183439984,-0.03372932798220567,0.7963703320571757,0.43814156454539627,0.43814156454539627,0.3978286493898571,0.25976743484396486,0.26396951287334824,0.26396951287334824,0.1109025769554746,-0.04681395590941083,0.3027105759410191,0.5495404539990973,70.94745298054326,0.7094745298054326,0.10942057836561439,0.18110489182895298,38.986349541176466,299.3243570767365,46957.081529894815,1175.1829618694335,0.4489274176811994,2026-05-04 20:45:00
10,1510.906539640133,96.81349042163949,1607.7200300617724,1197.3311608098072,98.12397340714557,1295.4551342169527,89.21555075953978,-29.288511444765817,100.0,0.448295511959463,0.38584253279049924,AP0041,False,0,1.5254319824462188,1.5254319824462188,0.7227063367319725,-0.7227063367319725,0.20310470343144116,-0.014351178560432146,0.41850389048375725,-0.41850389048375725,0.7174367282733475,0.0777590771262735,0.035551216679907405,0.36194661570985326,0.1541647767771561,0.25891245976063215,0.21803116254661872,0.20442642748156936,-0.20442642748156936,0.22576114501958208,0.4715989366464648,72.81941645167599,0.7281941645167599,0.09923909863338186,0.1725667368498582,38.986349541176466,299.3003251094009,48006.294274804924,1124.4209916719813,0.4722292646571441,2026-05-05 04:15:00
10,950.9100872432173,514.7694388047255,1465.6795260479425,704.1363401204443,307.30591230459754,1011.4422524250418,-72.79218410431017,-882.4338748960809,90.0,0.4533236612395558,0.3624762065149757,AP0042,False,4,0.9683740005623876,0.9683740005623876,0.4508942645915541,-0.4508942645915541,0.051423373230637164,0.02837688625272598,0.4208020412933444,-0.4208020412933444,0.4728734199194808,0.40554929316758986,-0.40139640825313155,0.7086343203568668,-0.7086343203568668,0.3454471795247973,-0.008519504870682221,0.2761439673236615,-0.19589930125303406,0.43394369009322886,0.45340855500635485,74.22791691922325,0.7422791691922324,0.09897437072513515,0.15874646008263243,39.34664743058824,299.3003251094009,47896.031841406904,1107.361542785554,0.4719101172303226,2026-05-05 11:42:00
9,823.3022133292959,58.77977176218924,882.0819850914852,598.0615650743637,167.60782574127109,765.6693908156348,-192.44769761006467,-369.00005119115093,100.0,0.448757132331767,0.4228876669371336,AP0043,False,3,0.9821679366587389,0.9821679366587389,0.6663591785860895,-0.6663591785860895,0.26392216580832606,-0.2599020929194889,0.15350791431960625,-0.15350791431960625,0.5164892988431902,0.2785388144134385,-0.25115337550959344,0.3882471019635119,-0.3882471019635119,0.2625138355789766,-0.2625138355789766,0.09140737978138662,0.05317999116957707,0.2551767829343284,0.3858330408887593,73.85536826897214,0.7385536826897215,0.08863341320041944,0.17281290410985906,39.34664743058824,299.2193873309356,48456.80248908197,1152.0294437098908,0.4628083623886631,2026-05-05 19:04:00
10,1479.45853271995,564.2472375662225,2043.7057702861723,1227.6439980880787,340.96755974761084,1568.6115578356894,18.42909472021404,-801.4844654928929,100.0,0.44744931173585656,0.3524304692457597,AP0044,False,4,1.5006102936046553,1.5006102936046553,1.330712770990057,-1.330712770990057,0.5714377470842548,-0.2787696305701808,0.5715457044572841,-0.5715457044572841,0.9935766290340627,0.5771001773264532,-0.5771001773264532,0.3917167416866708,-0.3917167416866708,0.5088685701993045,0.5088685701993045,0.10837731878261489,-0.04872459251486497,0.39651570199876085,0.6950461655164117,68.36797693655916,0.6836797693655916,0.0724918244135349,0.24382840622087357,39.34664743058824,299.00355325502835,49041.60794245892,1132.3181215785896,0.48356483575765236,2026-05-06 02:36:00
10,1406.3343240764998,78.74274815368531,1485.0770722301854,1273.593097000687,437.0099918042377,1710.603088804925,31.024561156345385,-87.90312762032386,100.0,0.33441957457917043,0.3795247778941184,AP0045,False,3,1.3233489306926456,1.3233489306926456,0.8130523059882434,-0.26356901795800325,0.30725935133041093,-0.1735125864254241,0.5129157312198674,-0.19834542298991123,0.7391440798077917,0.4257244097078147,-0.08796915111760212,0.47795954125631035,0.07048389303771574,0.3284129371218023,-0.1804180430390678,1.1403993457240509,1.1403993457240509,0.5931240584524946,0.6661340691301432,70.620289548631,0.7062028954863101,0.09644832666303656,0.19734877785065336,39.34664743058824,299.00355325502835,49673.02338899185,1109.5011433360066,0.4796757908419216,2026-05-06 10:18:00
10,868.129071754766,66.15925788406653,934.2883296388325,748.3335945787326,45.93839477709065,794.2719893558233,-51.279247828069316,-209.31491640645208,90.0,0.43130532202049804,0.40330205396389596,AP0046,False,1,0.880584471780803,0.880584471780803,0.5011578456812609,-0.5011578456812609,0.5552594142540076,-0.5541571402609512,0.19156410995728282,-0.09421187482086336,0.5321414604183385,0.1721364692071459,0.11462212505360278,0.3029966443454772,-0.3029966443454772,0.1658786282836447,-0.0821242538882759,0.07261656255597095,0.06917549308121797,0.17840707609805967,0.3552742682581991,72.0754188691322,0.7207541886913221,0.0988854105005467,0.1803604008081311,39.42041042222222,298.8325729453633,49809.12058602306,1159.4071347211614,0.4761641513492082,2026-05-06 18:03:00
10,1449.4003029634114,56.04163753692778,1505.441940500339,1229.1792182275126,79.74970041205685,1308.9289186395692,-70.88142451590218,-202.8785480968123,100.0,0.41950456504404493,0.3802019606718904,AP0047,False,1,1.4440181397845346,1.4440181397845346,1.30870003671037,-1.30870003671037,0.724148200371129,-0.724148200371129,0.39043904221450837,-0.3495481466268453,0.9668263547701356,0.05259651779476409,-0.04583645095524736,0.2419674975077018,-0.1614062239819241,0.2335022161953026,0.12195285716727211,0.10613280691250739,0.10269173743775568,0.15854975960256895,0.5626880571863522,68.62511041569327,0.6862511041569327,0.10909666343066265,0.20465223241240474,39.42041042222222,297.1227698487127,49716.45075337665,1131.0062768537275,0.47766906921526325,2026-05-07 01:40:00
10,831.8833578153593,110.78094161322903,942.6642994285883,634.4237594471543,209.43420775108973,843.8579671982441,98.13144052177513,-27.713467205538265,90.0,0.3257667186457006,0.30600545219963154,AP0048,False,2,0.8499330656021412,0.8499330656021412,0.2952427105857273,-0.22846802457292825,0.350427168508737,0.350427168508737,0.3939687429634979,-0.3939687429634979,0.47239292191502585,0.04507426192776899,-0.005396628710382462,0.3609590420376557,0.09697374569273029,0.2568428448475647,0.1709960204115883,0.9278298588534075,0.9278298588534075,0.3976765019165992,0.43503471191581256,65.9167013299936,0.659167013299936,0.13922374538743953,0.20160924131262445,39.42041042222222,297.1227698487127,50225.25068178796,1126.1507652885975,0.48664874397643054,2026-05-07 09:53:00
10,842.457999946371,76.25308426188812,918.7110842082592,621.6609178076458,168.46682479914517,790.1277426067909,107.2196739579619,29.352698838098746,80.0,0.35913050077559355,0.3334138324553001,AP0049,False,0,0.8391991218942926,0.8391991218942926,0.43296373881352146,-0.43296373881352146,0.1865096226894275,-0.06640001465750861,0.1800889620438798,-0.1800889620438798,0.40969036136028036,0.23403197316174085,0.1181351180249876,0.11698578569644648,0.11698578569644648,0.1071464654443797,0.08794473786822887,0.43135213451379706,0.43135213451379706,0.222379089704091,0.3160347255321857,68.82755232596378,0.6882755232596377,0.11484335082920227,0.19688112591116,40.70906441,297.1227698487127,48659.22290100346,1135.5953375090521,0.4922395079579573,2026-05-07 17:37:00
10,621.9313413616462,141.74449268225925,763.6758340439055,601.596607263871,185.5349275794212,787.1315348432922,-71.5003664693728,-347.9526075971387,80.0,0.285592801460474,0.29028394162035126,AP0050,False,4,0.5990092112982434,0.5990092112982434,0.4433777550357661,-0.4433777550357661,0.3230048479464694,-0.32190724959615297,0.21678902184638194,-0.1516166254643995,0.3955452090317152,0.09298562586740257,0.025889597941051733,0.4930815796696193,-0.4930815796696193,0.16569983967547958,-0.16569983967547958,0.6833785827841641,0.5888641202943248,0.35878640699916636,0.3771658080154408,66.69978681150528,0.6669978681150528,0.08379619820485104,0.24920593368009616,40.70906441,293.9999988358249,47949.41052964603,1135.5728786061761,0.5053588331986504,2026-05-08 01:25:00
10,1124.2301869382832,79.5249758981458,1203.755162836429,831.4676566082401,178.14671816283868,1009.6143747710789,-11.880630921954662,-162.03742883805842,100.0,0.4362140529105118,0.3973858952974416,AP0051,False,3,1.1508486495524093,1.1508486495524093,0.4491188264450665,-0.2383105986247328,0.26007706697839367,0.00918538196095566,0.24091814243919374,-0.1213635577681705,0.5252406713537658,0.14222515426897045,0.13025692330666264,0.40498037039441076,-0.40498037039441076,0.45352676132320563,-0.45352676132320563,0.1978116008720765,0.17422716938725102,0.2996359717146658,0.41243832153421583,67.12126740583344,0.6712126740583344,0.15446091393663625,0.17432641200502935,40.70906441,293.9999988358249,50229.2406262066,1143.9032091828105,0.4749760621363374,2026-05-08 09:35:00
10,915.8416076848658,-0.5784701462581836,915.2631375386077,801.5262848257096,219.4238156090683,1020.9501004347779,98.99184261039395,189.3583267388879,90.0,0.3352231859609291,0.3563605785401632,AP0052,False,3,0.8293335019875739,0.8293335019875739,0.4532130569793469,-0.4532130569793469,0.15250302622715256,0.09031121929852311,0.1913126842824371,-0.16854239679844582,0.4065905673691276,0.23981998789604317,-0.23981998789604317,0.5019977846800329,0.5019977846800329,0.33191582493900235,0.27258919734790316,0.11731707113596099,-0.04142935847031988,0.29776266716275984,0.35217661726594374,76.92483109701323,0.7692483109701322,0.04628102046099617,0.1844706685688716,40.70906441,293.9999988358249,45033.89922475585,1139.7665347183754,0.5177643024445969,2026-05-08 17:23:00
10,1063.0145827878428,174.86966533730222,1237.884248125145,784.8022114823173,273.8955964143969,1058.697807896714,133.60463578768915,-97.37761120014176,90.0,0.42039116210073135,0.38455387405504493,AP0053,False,3,1.0868880110564156,1.0868880110564156,0.6051248181075763,-0.47996554069403974,0.48049997604791633,-0.14272175001734508,0.2962338519030607,-0.13965487401248536,0.6171866642787422,0.17679664386637273,0.08265543071091402,0.5535526762362241,0.15865588332322994,0.5497323808506758,0.18780870281103934,0.15162007702362557,-0.12122418931235024,0.35792544449422453,0.4875560543864834,65.16159742922527,0.6516159742922527,0.1430453457606558,0.20533867994709148,40.70906441,292.8576265613832,52243.109506981666,1134.0760999035713,0.5736670947691336,2026-05-09 01:19:00
9,827.5508324394235,402.76521791381356,1230.3160503532372,663.131072756973,220.1397964366131,883.2708691935861,28.132516720813555,-568.4148523131423,100.0,0.4691237989801233,0.39200264761131154,AP0054,False,4,1.0088494295878134,1.0088494295878134,0.30336454720838174,0.11675431678982715,0.22863577422922116,0.22863577422922116,0.3701370306357926,-0.3701370306357926,0.47774669541530224,0.3924836901880431,-0.2309997149291826,0.27405457449094817,-0.22433913482637696,0.22819364383412238,0.20885544461223998,0.18094380490032896,0.09690006635267039,0.2689189283533606,0.37333281188433143,70.42641897917086,0.7042641897917087,0.12036679317143814,0.17536901703685318,40.70906441,292.8576265613832,50828.33309744241,1119.507826153576,0.5692923813135609,2026-05-09 09:42:00
10,961.1924196806578,69.68034737709068,1030.8727670577487,710.7094468281844,176.10231966410913,886.8117664922935,59.77665638955607,2.5685704324059913,90.0,0.4079606460946016,0.37914844598151065,AP0055,False,2,0.9693049153245225,0.9693049153245225,0.5043694761765253,-0.49507805041596603,0.15160044948704995,0.05471530128241701,0.24222972205089985,-0.24222972205089985,0.46687614075974937,0.16761598259904692,-0.16761598259904692,0.28914054955446516,0.22170101412029047,0.18177122020419018,0.18177122020419018,0.0705684782846737,-0.0705684782846737,0.17727405766059398,0.3220750992101717,65.26264948798122,0.6526264948798123,0.16868606193689176,0.1786874431832961,40.70906441,292.8576265613832,51179.56228802886,1133.83852116211,0.5706015091135562,2026-05-09 17:09:00
10,1384.9800780692508,73.293339397981,1458.2734174672316,1014.4648687934105,123.35256294680937,1137.8174317402197,-5.570826303742507,-98.12510399750917,90.0,0.44583287617652856,0.3817416790311261,AP0056,False,2,1.377944479348863,1.377944479348863,0.6966222314448246,-0.6966222314448246,0.36951645872683964,-0.11008917653280438,0.2639601276753461,-0.20604250327353138,0.6770108242989684,0.22426958079754056,-0.22426958079754056,0.16339175415279486,0.09595221871861978,0.09157423057282205,0.09157423057282205,0.20644789842407557,0.20289511872162164,0.17142086598680825,0.42421584514288835,65.00749152489105,0.6500749152489105,0.14093911807104323,0.20898596668004624,40.70906441,292.8576265613832,51460.05880806053,1118.173516877149,0.5666953798425841,2026-05-10 01:00:00
10,1323.6854117893467,210.66298807617196,1534.3483998655188,932.5906636862504,178.18999455868362,1110.780658244934,128.21866675557203,-140.6978899167579,100.0,0.4623341538862582,0.37762060556214133,AP0057,False,2,1.3138624233654743,1.3138624233654743,0.5210276979834575,-0.5210276979834575,0.4399704960004018,-0.057614232349445016,0.27612018184872783,-0.27612018184872783,0.6377451997995154,0.2600784320321749,-0.08447652117277941,0.3388428592425242,0.20396378837417412,0.10835685155915899,0.10835685155915899,0.038682544830453074,-0.038682544830453074,0.18649017191607778,0.41211768585779657,68.84337282400334,0.6884337282400333,0.12945259268201362,0.1821136790779531,40.70906441,292.8576265613832,50265.77445305768,1157.3252755142782,0.5641191010472292,2026-05-10 09:15:00
10,1505.2624658005338,329.11793575370575,1834.3804015542394,1136.2416682833727,400.3431354263886,1536.5848037097614,-46.08442817999406,-520.061558960609,90.0,0.3786548691393362,0.31909574957044057,AP0058,False,4,1.3286868521411694,1.3286868521411694,0.5031680630254324,-0.5031680630254324,0.29358779931769313,0.07814582435764579,0.32940196801066773,-0.32940196801066773,0.6137111706237407,0.6290904765557692,-0.6290904765557692,0.4366717762487406,-0.4366717762487406,0.22026119378916048,0.034477870273417005,0.4813867800162226,-0.11060683093439436,0.44185255665247325,0.527781863638107,69.92345372358601,0.69923453723586,0.12586768004337887,0.17489778272076104,40.70906441,292.8576265613832,44651.67313623236,1142.0367293712711,0.4756415558836816,2026-05-10 16:52:00
10,1350.4255674236063,136.0515571643532,1486.4771245879595,1089.5009316130318,140.37967986952708,1229.880611482559,167.82122901035558,31.408367009150055,90.0,0.4114335921329745,0.3601142895118941,AP0059,False,0,1.3310328061098364,1.3310328061098364,0.7222943194377315,-0.41180036017267363,0.23652237572452098,0.07415069438053763,0.29789117920265556,-0.1712560320386837,0.6469351701186862,0.20214926256188354,0.07137179226118998,0.35722654408727317,0.35722654408727317,0.2520996092812019,0.2520996092812019,0.07839798019371781,-0.04640894785109073,0.2224683490310191,0.4347017595748526,71.1117321217387,0.711117321217387,0.11648997039905427,0.17239270838355866,40.8716429,293.0000074385533,50879.87455136152,1109.8473737264949,0.4810960567375031,2026-05-11 00:45:00
10,1714.7465247048383,969.2585097250238,2684.005034429862,1307.2201856430006,1676.5891135984516,2983.809299241452,1028.326388299315,-75.52674627923224,100.0,0.2899645049073865,0.356798672551167,AP0060,False,1,1.7389559630195215,1.7389559630195215,0.5362508493390271,-0.431219485846749,0.3367422714674013,0.23464388581107345,0.49703934320810417,-0.48144101006847667,0.7772471067585135,1.030759956703724,0.8536238561070908,1.5646203254432551,1.4216879102737483,1.17853563552895,0.7570204993901944,5.7952749932872525,5.7952749932872525,2.3922977277407953,1.5847724172496547,73.81007591438333,0.7381007591438333,0.09055627317433265,0.17134296768183402,40.87164289999999,293.0000074385533,50841.88927252469,1119.6691980509825,0.47902301344050036,2026-05-11 08:48:00
10,1488.3716573165311,377.07639937300775,1865.448056689539,1213.025651520411,638.4367366414479,1851.462388161859,606.077667110521,327.12469361371035,100.0,0.37069767254886965,0.36790053884333374,AP0061,False,0,1.4806346730323947,1.4806346730323947,0.3301114498818341,-0.2532670693375669,0.6384853173439725,0.545047512916834,0.43659542503680066,-0.43659542503680066,0.7214567163237504,0.27036985227767923,0.007957685727827166,1.4007486764077333,1.4007486764077333,0.811891720972759,0.811891720972759,1.5876712780752782,1.5855695401952006,1.0176703819333626,0.8695635491285564,74.12864176403744,0.7412864176403744,0.08306091288343076,0.17565266947619476,40.8716429,292.3985862551131,50631.628216471174,1101.114487305828,0.4720733050747793,2026-05-11 18:09:00
10,2004.001663217588,43.28973773057387,2047.2914009481617,1723.603207157054,47.61808456050343,1771.2212917175573,53.58714546572,18.03909278681067,100.0,0.43402271733505976,0.3788086954889383,AP0062,False,0,1.684597777369749,1.684597777369749,0.6883141517134806,-0.311960824432611,0.4631514513387165,0.4631514513387165,0.5279820289018633,-0.5279820289018633,0.8410113523309524,0.121485872510388,-0.04621267783286559,0.08982714298660993,0.08982714298660993,0.15447864138928752,0.14885741719319817,0.17979111371027068,0.17979111371027068,0.13639569264913903,0.48870352249004567,60.59331542143988,0.6059331542143989,0.19674957084116138,0.1973172749444398,40.87164289999999,289.69219092963243,48178.28977722112,1087.3828423197797,0.4705258262610581,2026-05-12 02:04:00
10,1510.5168444831497,373.7152120687719,1884.2320565519212,1270.8119910221635,233.3059208423544,1504.117911864518,50.873983017563575,-452.1817462167353,100.0,0.46342052293733704,0.38739769399985613,AP0063,False,4,1.3827449946636088,1.3827449946636088,0.32054215994750723,0.03865824276661178,0.6710123713325579,0.6307850453561072,0.3885349548795957,-0.32621069707054695,0.6907086202058174,0.4690843080617389,-0.4690843080617389,0.24585217190352515,-0.11853406467360902,0.3441815504267261,0.3441815504267261,0.034471184653923646,0.03093859382157639,0.2733973037614784,0.4820529619836479,71.88788060959965,0.7188788060959964,0.10790623327083303,0.1732149606331705,40.8716429,289.69219092963243,49478.45324586278,1165.1728477844913,0.4954858029384467,2026-05-12 10:43:00
10,1399.3894899909515,155.0790953380562,1554.4685853290077,1126.8824017105605,384.4273878343396,1511.3097895449,80.08862798482394,-117.03355023282131,100.0,0.40965852752157683,0.4010267683647554,AP0064,False,2,1.4467079888862557,1.4467079888862557,0.2677348746313631,-0.20714134403646736,0.37021539728811576,0.23357142862611738,0.12426116564526553,0.04290273633630915,0.55222985661275,0.19366560848972197,-0.11374647415025722,0.15461604420891328,0.019736973340563138,0.07644072198611061,0.07644072198611061,0.9554727980449771,0.9483672386400699,0.34504879318243076,0.4486393248975904,68.33958031216245,0.6833958031216246,0.12266258365067882,0.1939416132276967,40.871642900000005,289.6647083076943,54278.846104260134,1175.4688245575733,0.5269539842330867,2026-05-12 18:45:00
10,1628.2959547980693,69.89493070738322,1698.1908855054523,1191.6777275665418,40.77245693056261,1232.4501844971041,-8.021036922475815,-135.05240276340064,90.0,0.40451069038375576,0.3113625501820862,AP0065,False,0,1.62617545208559,1.62617545208559,0.7600914795220045,-0.7600914795220045,0.26218975448871706,-0.17486997377947125,0.14817092582702454,-0.14817092582702454,0.6991569029808341,0.12000455805110838,0.12000455805110838,0.14014697097113077,-0.11671492626558665,0.22062551797381982,0.22062551797381982,0.042111463121286954,0.029126417524290044,0.13072212752933648,0.4149395152550852,62.506838131807285,0.6250683813180729,0.14696918338817613,0.22796243529375104,40.87164289999999,289.6166137193027,52381.85539217349,1176.1218445082575,0.5594171139153084,2026-05-13 02:40:00
10,399.38663256643815,198.1022060315882,597.4888385980263,350.0306952675486,131.94242912435277,481.97312439190137,-127.90666111454041,-524.7603364935328,70.0,0.31544875141373147,0.2923456085725065,AP0066,False,1,0.41121686208561936,0.41121686208561936,0.03741175121115301,-0.018813604066831396,0.10897285916627271,0.10897285916627271,0.028497583751721817,-0.028497583751721817,0.14652476405369175,0.06661132655409871,0.06081504616630192,0.46759826052415476,-0.46759826052415476,0.24718540155849617,0.24718540155849617,0.07841235006938788,0.07497128059463552,0.2149518346765344,0.18073829936511307,74.42650379199918,0.7442650379199918,0.10069528533730922,0.15503967674269903,40.87164289999999,289.6166137193027,50243.6830300459,1165.8756149263647,0.5482317779060845,2026-05-13 10:43:00
9,1256.142312399212,67.16077751242526,1323.303089911637,1234.4054299127788,32.324639550489735,1266.7300694632686,-68.06954002695093,-204.97338579426793,77.77777777777779,0.32200458887932953,0.3094328065574699,AP0067,False,1,1.263012771660512,1.263012771660512,0.6660169177124312,0.566206868974888,1.0083267463469363,1.0083267463469363,0.15148976971711234,0.04517130579263201,0.7722115513592479,0.09096116031121954,-0.08542128533454957,0.22757674992484644,-0.22757674992484644,0.16755041291357683,0.16755041291357683,0.02101327929343924,0.016425186660435267,0.1267754006107705,0.4494934759850092,67.45633364604086,0.6745633364604087,0.11498548803897778,0.2104511755006136,40.8716429,289.5031230807321,52637.91106846469,1176.583803856207,0.545532698862598,2026-05-13 18:23:00
10,1428.6764366358502,84.79891446532945,1513.4753511011797,1093.5422004721145,80.85658201034894,1174.3987824824633,-51.266503225727035,-219.99412629919564,100.0,0.45805832664592766,0.3902430129221842,AP0068,False,1,1.4593910314941507,1.4593910314941507,0.44472714971092997,-0.15639947114052427,0.214276826124815,0.054277570848624244,0.21083728946802502,-0.1890473726002414,0.5823080741994802,0.1358642002862488,0.017294643061620422,0.21958177449623742,-0.19662022728874348,0.2812123495357228,0.08010380105214972,0.07591439066822808,0.06400366435197835,0.1781431787466093,0.3802256264730447,64.37056071084467,0.6437056071084468,0.12238145652503085,0.23391293636652233,40.8716429,289.2004813778773,53162.80641393978,1206.154408941758,0.5560189271045491,2026-05-14 01:50:00
10,1280.5825577228818,521.7672177040348,1802.3497754269167,1129.7716506130405,316.72579184322194,1446.4974424562624,12.028962740063804,-839.5525757589584,100.0,0.39887150911046176,0.32770104251633086,AP0069,False,4,1.3196722024632377,1.3196722024632377,0.8756792272780819,0.5613335336454394,1.0018897518346834,1.0018897518346834,0.24994389889109014,-0.1855415643427455,0.8617962701167733,0.2834993911050965,0.03116278958370791,0.4530832798798707,-0.4530832798798707,0.4644983224276358,0.4644983224276358,0.26873586162200963,0.261425515359962,0.36745421375865317,0.6146252419377132,61.28607897234433,0.6128607897234433,0.21509826771275065,0.17204094256380598,40.5127848,289.2004813778773,52720.57609686577,1166.5290816092534,0.4594177565902421,2026-05-14 09:42:00
10,1318.454774239461,226.4758379786285,1544.9306122180894,1320.5137277222311,230.62260588203816,1551.136333604269,231.7831928291849,-75.86535868854943,100.0,0.35806291014643643,0.3593040544236724,AP0070,False,1,1.3554968562368688,1.3554968562368688,0.7423009860596208,0.7218550395715552,0.9020290270912534,0.7893613054676978,0.2565857187479032,-0.1788935499517846,0.8141031470339115,0.45946987035825443,0.3786908920514171,0.2535094178939069,0.16166752345785534,0.48911527019411377,0.48911527019411377,0.07206488652853395,0.06015416021228423,0.31853986124370226,0.5663215041388069,68.40189663779786,0.6840189663779785,0.11674996117860777,0.19923107244341362,40.5127848,289.2004813778773,52289.37686626337,1148.4874297148915,0.4650727003568611,2026-05-14 17:28:00
10,1312.5175904580058,119.86575629999078,1432.3833467579966,1071.0344422422922,197.83752343742236,1268.8719656797145,102.36935826225607,-24.723996837448908,90.0,0.4436218366915982,0.4109195604759419,AP0071,False,3,1.3653377088591565,1.3653377088591565,0.5872520498164201,0.3091683589714354,0.624160716401312,0.624160716401312,0.24504963101601004,-0.24504963101601004,0.7054500265232246,0.10566379780284743,-0.03653590443435731,0.21121819579119602,0.05089913400217397,0.15849285569661828,-0.1372298817698169,0.30073458095439515,0.2110359888993574,0.1940273575612642,0.4497386920422444,57.02027857631483,0.5702027857631483,0.18883509993374653,0.2409621143031052,40.5127848,288.4999993876368,54062.09166854766,1142.0106402066824,0.46287813697878194,2026-05-15 00:58:00
10,1476.9092115113172,119.29922193513463,1596.2084334464516,1103.0532652231593,81.74428281280677,1184.7975480359662,45.93830324169636,-151.19599297018726,100.0,0.45602269011968166,0.37374051303758393,AP0072,False,0,1.4716609561653915,1.4716609561653915,0.472614845124846,-0.44076421221499634,0.12680864158648147,0.026288648567821787,0.09715059237895408,-0.09599687582636696,0.5420587588139182,0.18709312582793133,0.18709312582793133,0.17848086861303672,-0.15617422618974014,0.2790354231066964,0.2790354231066964,0.12392379409941484,0.08025150484072191,0.19213330291176983,0.36709603086284404,68.78991355814203,0.6878991355814202,0.1292932428378936,0.18280762158068606,40.5127848,288.4999993876368,52898.56557515207,1178.9373222282834,0.4509895674304824,2026-05-15 09:19:00
10,1645.041149540681,90.34329553566873,1735.38444507635,1429.353041756057,257.5132573380352,1686.866299094092,186.26187202860194,100.97118321312286,90.0,0.3686759860224384,0.35897235682598677,AP0073,False,1,1.6273903604509339,1.6273903604509339,0.7745647110036226,-0.21415875947100324,0.4713592778112101,0.2722490247631586,0.16625990599705623,-0.16625990599705623,0.7598935638157057,0.30819455748535457,0.30819455748535457,0.3067803896762058,0.3067803896762058,0.46608357568678016,0.46608357568678016,0.4708989866638772,-0.09837754584896066,0.3879893773780545,0.57394147059688,67.07364898153848,0.6707364898153848,0.13190272306178968,0.1973607871228256,40.5127848,288.4999993876368,52920.855467763286,1179.2529440421956,0.4606136887242164,2026-05-15 17:25:00
10,1599.8859133982432,454.7112332130666,2054.5971466113097,1270.3796548211662,201.58450802247182,1471.9641628436382,7.548621565310725,-705.1845810832267,100.0,0.48278795742590186,0.36626136067236753,AP0074,False,4,1.579563561651634,1.579563561651634,0.5490364773459552,-0.017552553622313654,0.5363079722815979,0.517875343524942,0.47031614213989026,-0.23638884665036244,0.7838060383547694,0.30251743668749664,-0.14202687706555694,0.5972136206348225,-0.3525672191969951,0.29452988486397447,0.29452988486397447,0.18375269050362772,0.11535151697458806,0.3445034081724804,0.5641547232636248,61.8489811448908,0.618489811448908,0.14446470437725745,0.23704548417383461,40.5127848,288.09999968157933,51941.90725371177,1142.3566396626088,0.4632377803629209,2026-05-16 01:09:00
10,1380.1800178388853,167.40688902959363,1547.586906868479,1054.715897704714,501.04631778892184,1555.7622154936357,51.79854376581363,-235.53868214667222,100.0,0.3976492071941666,0.399284268919198,AP0075,False,1,1.4174120425881114,1.4174120425881114,0.4473204962878938,0.06442746360232986,0.32695258109527364,0.14748961340356725,0.21349853506058172,-0.059161228720782354,0.6012959137579651,0.27015314582616756,0.25169104897239847,0.3676850957410311,-0.008232356172267585,0.22926629542149146,-0.11465972806608177,1.2466264154438276,1.0641455499461563,0.5284327381081294,0.5648643259330473,67.05338260366518,0.6705338260366518,0.16016873405057705,0.16929743991277113,40.5127848,288.09999968157933,53279.533144748966,1164.1384006813355,0.46835955309646776,2026-05-16 09:11:00
10,1508.5005280978896,93.29893344692421,1601.7994615448138,1247.6599190101938,92.59258462484371,1340.2525036350376,66.58202161724569,-63.35203860836651,90.0,0.42638279938250656,0.37407340780055137,AP0076,False,0,1.495160833058823,1.495160833058823,0.2882359553085061,-0.2882359553085061,0.24352250690535435,0.18334111473971604,0.17866502340705884,-0.06785248027955505,0.5513960796699356,0.1883991996743341,0.10740788637727451,0.13956744131232873,-0.050121657739702584,0.22697823561799324,0.22697823561799324,0.09359268461510757,0.08060763901811066,0.16213439030494092,0.35676523498743823,73.0125644963346,0.730125644963346,0.11242130549415949,0.15745304954249445,40.5127848,288.09999968157933,52664.01748193454,1191.40415887861,0.46552793051196223,2026-05-16 16:49:00
10,1559.5549800736956,23.140913567036534,1582.695893640732,1064.6697749685259,23.116942700561907,1087.786717669088,32.37832698432484,-3.1924625672474747,90.0,0.5120027562945273,0.4130209211001984,AP0077,False,3,1.6098703922822193,1.6098703922822193,0.5513209454837217,-0.316216153998211,0.2814533515652335,0.21598552422701342,0.3640466363839112,-0.2433928895158823,0.7016728314287715,0.12013823012080431,0.08664653489342196,0.1176695850699915,0.019600324699284494,0.0976290347069397,0.08614105992672122,0.062383024409571226,-0.062383024409571226,0.09945496857682667,0.40056390000279907,57.96378107353545,0.5796378107353546,0.19144491817432555,0.22891727109031995,40.01559039,287.70047848371865,52205.53715350701,1161.3857944223098,0.4668406144695366,2026-05-17 00:36:00
10,1579.22704466209,107.63329841301898,1686.860343075109,1396.7162733080372,103.44358642417183,1500.1598597322088,37.74885114047623,-153.3105558445278,100.0,0.4392464656490289,0.4019063689804489,AP0078,False,1,1.5400457155715908,1.5400457155715908,0.4492032778524131,-0.02393500295366785,0.6653110276147182,0.5600915709863372,0.31710633683735745,-0.31710633683735745,0.7429165894690198,0.25113717428108795,0.25113717428108795,0.078844545015981,-0.041211722433331946,0.19648437959685627,0.19648437959685627,0.18799564070830427,0.17608491439205454,0.17861543490055737,0.46076601218478863,69.46175275786955,0.6946175275786955,0.12438944849979813,0.1809930239215064,40.01559039,287.70047848371865,52902.41716415153,1139.6959362959312,0.4575722980894493,2026-05-17 08:27:00
9,1467.1079911275365,396.0725895412923,1863.1805806688287,1145.4979181911783,475.57402243554856,1621.071940626727,225.9509522200235,-277.8247963860397,100.0,0.4349839389762444,0.3811820189668883,AP0079,False,3,1.740118841476426,1.740118841476426,0.6164730090363191,-0.26256754412106764,0.5447310871768881,0.45990714759705914,0.41830553338412724,-0.3276668145892335,0.8299071177684401,0.45617211691458565,-0.10271021666356771,0.5890427098486433,-0.3036489855854312,0.5118467457599101,-0.08033257321571075,0.302926223132634,0.11850233527482212,0.4649969489139432,0.6474520333411916,69.59159440477647,0.6959159440477647,0.11641154742450922,0.18767250852772618,40.01559038999999,287.70047848371865,52725.590365968776,1120.4605134301396,0.4370929465399629,2026-05-17 16:24:00
10,1629.1259163341304,299.68748706286107,1928.8134033969916,1320.9195845838092,341.35981920812105,1662.27940379193,338.81405499521384,19.558415085575064,100.0,0.4563441710689271,0.4030373711479151,AP0080,False,2,1.6065532079194849,1.6065532079194849,0.35103062255551915,0.006545496786323639,1.069082643681609,1.0685084694137377,0.5067222147773637,-0.5067222147773637,0.8833471722334942,0.2660741679617975,0.09638259675017079,0.5754093437991645,0.5754093437991645,0.6272243169932658,0.6272243169932658,0.20645274793649612,-0.17510604966793022,0.41879014417268096,0.6510686582030876,66.00034666524354,0.6600034666524354,0.14068796758077157,0.19930856576679307,40.01559038999999,287.1931308754305,52346.13536699652,1122.9019125700377,0.4468800516142051,2026-05-18 00:28:00
10,1523.9730835951505,521.0564244941636,2045.029508089314,1258.5767269431449,355.479182793787,1614.0559097369319,19.701823385319244,-818.8205566579327,100.0,0.4247144334388283,0.33851971376835155,AP0081,False,4,1.5161856979672674,1.5161856979672674,0.5511161681141454,-0.060773784682601806,0.49647157309572393,0.2654000491492062,0.20323694564808523,-0.14178101952043068,0.6917525962063055,0.2665624769244508,-0.011969239959131364,0.40441109248699353,-0.40441109248699353,0.4918333116867917,0.4918333116867917,0.22373888250515978,0.09450586121679652,0.34663644090084894,0.5191945185535772,69.31476919887791,0.6931476919887791,0.12709045674433211,0.17976185126688876,40.01559038999999,287.1931308754305,52949.55176052669,1165.8104782458172,0.46350693054731257,2026-05-18 08:31:00
10,1906.1364673410926,231.97613555600105,2138.1126028970934,1487.4984142304538,309.78067500676514,1797.2790892372186,185.1195433662454,-125.4987197474068,100.0,0.43290637176491353,0.3647396690329381,AP0082,False,1,1.978393606596916,1.978393606596916,0.538055532687201,-0.320697368239162,0.276407073443723,0.18852909959024214,0.2856078518098128,-0.2856078518098128,0.7696160161344132,0.25391734457284043,0.22046812551682307,0.4719240268527475,0.21971908582083755,0.20877927179150058,0.19713180986999307,0.11690280610339285,-0.0191293858793855,0.2628808623301203,0.5162484392322668,67.37416963669861,0.6737416963669861,0.15674991651652223,0.16950838711649172,40.01559039,287.1931308754305,56026.53004617035,1164.6816866953845,0.4554940728669849,2026-05-18 16:26:00
10,1455.7262985469674,153.39064227979304,1609.1169408267604,1151.039499834846,198.93572041636054,1349.9752202512063,90.20894224249975,-135.306713953315,100.0,0.41764069480355037,0.36581235068844037,AP0083,False,1,1.50554403400972,1.50554403400972,0.79317646347971,-0.11113912657880783,0.37877422221930307,0.19595555158909628,0.20695003493662198,-0.09456736192749811,0.7211111886613387,0.19226837065265345,0.17029642840246917,0.11522353560125724,-0.07759071301860748,0.24136741243057294,0.20817668458859392,0.19411763751389305,0.03850469818451546,0.1857442390495942,0.45342771385546643,66.68643359792155,0.6668643359792155,0.13496342516216972,0.1981722388586149,40.01559038999999,287.1931308754305,55384.82566603666,1173.6930746375142,0.45221555124104346,2026-05-19 00:21:00
10,1435.975455864344,214.9355954433696,1650.9110513077137,1351.0467934633464,181.06826955277037,1532.115063016117,22.170642263530155,-286.8192419163554,90.0,0.327303852972953,0.30354465531463365,AP0084,False,4,1.4986421084900705,1.4986421084900705,0.36497006057814213,0.2736934447278072,0.7442226889160906,0.6360588278015192,0.22136723824089075,-0.1703563380541578,0.7073005240562985,0.2135250444763985,-0.20839255100340434,0.20326142288545906,-0.09653007108723727,0.25407463658111473,0.25407463658111473,0.045720506404573744,0.013932219863176169,0.1791454025868865,0.4432229633215925,63.66807038669051,0.6366807038669051,0.16644460664878863,0.19687468948430628,40.01559039,287.1931308754305,55284.07517588542,1152.9862153490433,0.512191649660424,2026-05-19 08:52:00
10,1599.1246772433715,605.7277938940633,2204.852471137435,1546.7165175435498,385.34963691799487,1932.0661544615443,-27.834781723334828,-1004.137385032997,100.0,0.4025465784488217,0.3479893151136432,AP0085,False,4,1.673576473969794,1.673576473969794,1.1056433041392346,0.36001996908972056,1.335752736791899,1.0574313069578967,0.32014979219344236,-0.2652903523361824,1.1087805767735925,0.33550428107464986,-0.17817319073024768,0.6667349122232734,-0.6667349122232734,0.2855394506889751,0.2855394506889751,0.261409846140346,0.13723027729344867,0.3872971225318111,0.7480388496527018,67.82113835722257,0.6782113835722257,0.15248798604639793,0.16930063038137635,40.83807624000001,287.1931308754305,53169.642954895426,1138.01909471013,0.4937416431402906,2026-05-19 16:24:00
10,1124.2499583875576,121.06039592143537,1245.3103543089928,1083.4428186997961,527.7052488044241,1611.14806750422,132.19557105205203,23.007127705481537,80.0,0.2632376018988453,0.3364051445378908,AP0086,False,2,1.1161088831808297,1.1034317467387709,0.479733688185193,-0.004715117442836268,0.8414981618232495,0.5846526895144234,0.3162325676131234,-0.26995270679041744,0.6883933252005989,0.05700961952995545,-0.04983164874912657,0.22705059994108626,0.22705059994108626,0.06475852546443941,0.004003820022174254,2.0455631318380547,2.0455631318380547,0.5985954691933839,0.6434943971969914,69.10137046783555,0.6910137046783555,0.05559248796685511,0.25339380735478934,40.83807624000001,287.29884625368226,49588.09382592366,1106.408571087764,0.44913970866272007,2026-05-20 00:05:00
10,1787.2903952894383,74.41950873915115,1861.7099040285896,1651.962574155481,99.34340917887619,1751.3059833343568,51.668979672661294,-65.26971183698225,90.0,0.41272429069880856,0.39064350655996255,AP0087,False,0,1.7136742784082395,1.7136742784082395,0.31304688994717517,0.2798090735824495,0.8222965153961166,0.8222965153961166,0.2260516338950438,-0.20287402768771512,0.7687673294116437,0.21541427222308934,0.15654902303945273,0.12180171179515224,-0.09836966708960847,0.16239647446660596,0.16239647446660596,0.20204060628510365,0.011144095650502922,0.17541326619248782,0.4720902978020658,63.23555160938662,0.6323555160938662,0.19050620950038594,0.17713827440574798,40.83807624000001,287.29884625368226,49879.913650676186,1098.6764720516562,0.4441671511041741,2026-05-20 08:56:00
10,2048.2693506910023,171.9426615924947,2220.212012283497,1663.4512293973344,282.43262453843465,1945.8838539357691,-5.581012239413923,-276.25578023751063,100.0,0.4471099000770214,0.392244268407476,AP0088,False,2,2.0036005558199923,2.0036005558199923,0.7792068463638877,-0.394277668271877,0.43686625200210444,0.22598272957230583,0.20621251227730544,-0.1286228877060293,0.8564715416158224,0.2579023252109858,-0.06860330912227741,0.4339309330824107,-0.4339309330824107,0.2912249440847216,-0.29009962619477375,0.10678586294409026,-0.09666618744824057,0.27246101633055214,0.5644662789731874,69.49818852850008,0.6949818852850007,0.1331585059215445,0.17185960879345463,40.83807624000001,287.29884625368226,49648.873586157366,1136.3594418405828,0.451106581688232,2026-05-20 16:40:00
10,1730.6887785329702,55.78409658457202,1786.4728751175423,1635.6700021514519,137.10016059101775,1772.77016274247,44.95774591132266,-34.86183994315695,90.0,0.37877702251015516,0.3760364800351412,AP0089,False,0,1.6180102106206284,1.6180102106206284,0.21729397905284734,0.020154718751672723,0.5798132992783643,0.5798132992783643,0.35376867376971693,-0.0931376369569981,0.6922215406803893,0.30555294867850286,0.03256296231883504,0.18886052627380237,-0.1599668215698762,0.22845221251016423,0.028779285860963948,0.11240169923527465,0.06885527504354327,0.20881684667443604,0.45051919367741267,71.00337900884242,0.7100337900884243,0.08379920921056655,0.20616700070100924,40.83807624000001,285.7074118814135,50511.577652184926,1090.6854257094724,0.45766312591586733,2026-05-21 00:13:00
10,2175.593941315739,302.0670608079532,2477.661002123692,1720.1965704036377,353.11295314465747,2073.309523548295,224.73171536625708,-112.76262237711319,100.0,0.47264893520401907,0.3917786394889399,AP0090,False,3,2.101126008565266,2.101126008565266,0.7591825804445866,-0.6911743487058534,0.4510940358749396,0.4510940358749396,0.5275473794458243,-0.5275473794458243,0.9597375010826542,0.3248675166080098,-0.1262932293467854,0.09004312370770837,0.015392651051015137,0.20740393871139062,0.19952876893883786,0.1338856152313211,0.002521925358838613,0.18905004856460744,0.5743937748236307,71.35091344142262,0.7135091344142261,0.12081729864679958,0.16567356693897434,40.83807624000001,285.7074118814135,49147.057728919084,1070.6165770486539,0.44509711156351855,2026-05-21 09:09:00
10,1996.6533867266378,129.18413054022585,2125.8375172668634,1517.7098916464238,137.08796894525977,1654.7978605916835,149.99828488300474,7.843191588518323,100.0,0.4797798366476439,0.38557190531260754,AP0091,False,3,1.9692508391843966,1.9692508391843966,1.0350046863462408,-0.4759657325023246,0.5553507009539659,0.2071795396437044,0.6910783088870772,-0.6910783088870772,1.06267113384292,0.16913498171751334,0.1370159324670101,0.1259127218844027,-0.10252687804501669,0.13739666711439047,0.019499568796421916,0.1275756808688966,-0.04300726594437666,0.14000501289630077,0.6013380733696105,69.99098374086337,0.6999098374086337,0.13672685574862534,0.1633633068427411,40.83807624000001,285.7074118814135,49242.46711087103,1081.922803880067,0.4498461087939244,2026-05-21 16:42:00
10,1167.1120916230277,233.4769826311084,1400.5890742541362,936.8423328919318,222.51464035895748,1159.3569732508895,177.97457199804848,-79.7730568226946,80.0,0.42455644398064063,0.37631002377999145,AP0092,False,2,1.1149333484365913,1.1149333484365913,0.4890348081387672,-0.2946388099975458,0.2106230369454919,0.19258215745000995,0.49889825376138747,-0.49889825376138747,0.5783723618205595,0.34300523901188096,-0.20300890213567888,0.3352499050714712,0.26781036963729615,0.45660693142927394,0.45660693142927394,0.093303302889104,-0.06195660462053813,0.30704134460043253,0.44270685321049597,64.26531004804194,0.6426531004804193,0.14450539714113395,0.2128415023784466,40.83807624000001,285.03208862608784,49739.55102804022,1058.812367620985,0.4570361660460067,2026-05-22 00:05:00
10,2229.9276699101483,269.21860971236475,2499.1462796225137,1817.261630991387,309.70444473529517,2126.9660757266824,243.61543908802156,-50.13869133616981,100.0,0.46797813888927015,0.39354209811010377,AP0093,False,3,2.2101385540760634,2.2101385540760634,1.1562093535604625,-1.1562093535604625,0.7063107494415218,-0.09494485079583781,0.4595873321872337,-0.4595873321872337,1.1330614973163202,0.2819720005651374,-0.03939920761810892,0.13074767302095994,0.017185837748084208,0.11118995934765014,0.11118995934765014,0.07232861206802207,0.02954749196614205,0.14905956125044237,0.6410605292833814,72.26241251796098,0.7226241251796098,0.08486404986974624,0.19251182495064403,40.83807624000001,285.03208862608784,49773.84237005595,1122.7955121839784,0.45715377455182765,2026-05-22 08:44:00
10,1787.913712369088,562.6252735293428,2350.538985898431,1441.2074993702736,518.0134238491614,1959.220923219435,-52.267489813938624,-960.3182816190119,100.0,0.4291559744275495,0.3508923618917499,AP0094,False,4,1.7175132963492554,1.7175132963492554,0.5470924096783075,-0.17197267033494268,0.7215293389372986,0.7215293389372986,0.5692185011461378,-0.5692185011461378,0.8888383865277498,0.4524882795135709,-0.23622608800308004,0.9446672776920837,-0.6873391038713945,0.37795313516057605,0.07451126092988608,0.21371775693551215,-0.10945887916768021,0.4972066123254357,0.6930224994265928,70.57812258923136,0.7057812258923135,0.11652391143176881,0.17769486267591758,40.83807624000001,285.03208862608784,46533.76405707139,1102.294789255957,0.47514976528950115,2026-05-22 16:30:00
10,2064.126659862651,139.01814216888687,2203.144802031538,1642.6089027911144,88.62468299196587,1731.2335857830806,-93.30580108293577,-362.92866381235154,100.0,0.467956874919603,0.37357463166991167,AP0095,False,2,1.9914952499039293,1.9914952499039293,0.4781613554150134,-0.4736164800647669,0.5463516854575489,0.5017830045436047,0.4382570479016204,-0.42739847727334207,0.863566334669528,0.1354475648587234,-0.12731643700158599,0.3040996427900289,-0.3040996427900289,0.2401180204788635,0.2401180204788635,0.07235951103168724,-0.012365867516709518,0.18800618478982575,0.5257862597296769,62.04554851238651,0.6204554851238651,0.12326208830782912,0.25628242656830574,40.83807624000001,285.03208862608784,47001.99788624153,1066.2104856884448,0.47535327003995015,2026-05-22 23:53:00
10,2366.2770914002067,149.12689282021185,2515.403984220419,1990.492033136876,198.8674131977425,2189.3594463346185,146.64850038505256,-17.467247661481622,100.0,0.4569479371014397,0.39173902952427986,AP0096,False,3,2.223871120476774,2.223871120476774,1.2933557513481595,-1.2853733548662627,0.7357069883136377,-0.27672975828501806,0.5424625841178158,-0.5424625841178158,1.1988491110640966,0.13608187853233397,0.03544909810277175,0.22031788412692477,-0.008121715802493903,0.2588890506385839,0.14099195232061532,0.16759225656858784,0.009766150426492502,0.19572026746660764,0.6972846892653521,67.9505495925716,0.679505495925716,0.1422175434147238,0.17827696065956017,40.83807624000001,285.03208862608784,48218.05122450544,1093.801438306028,0.4622493674312567,2026-05-23 07:41:00
10,682.7961471759422,30.812032727089573,713.6081799030317,605.4110153112592,131.88750160632685,737.2985169175861,66.86432025280953,31.863038729290167,80.0,0.3638496623261915,0.3685877297291024,AP0097,False,0,0.6513699040670236,0.6513699040670236,0.32095962657523297,0.28568542483959375,0.31225287325823825,0.31225287325823825,0.13523758903563754,-0.02589266708223147,0.3549549982340331,0.1541087542710232,0.11811994607911117,0.1808369212349549,0.07779557581172494,0.22443215188221569,0.1914783574473343,0.2868772145379878,-0.1426981756173837,0.2115637604815454,0.2832593793577892,58.327159013340165,0.5832715901334017,0.11241695080921424,0.3043114590573841,40.11343322,285.03208862608784,41704.879430176385,1125.3281733181789,0.18153246029457965,2026-05-23 15:22:00
10,152.32528668508198,502.3502293870542,654.6755160721361,140.96376175790172,363.63196151932686,504.5957232772286,-13.799759993614884,-790.6052306741723,60.0,0.3740399623575939,0.3440240037986114,AP0098,False,4,0.14322241903687719,0.14322241903687719,0.1223614556603602,-0.1223614556603602,0.027937161983038222,-0.027937161983038222,0.14847485683993197,-0.14847485683993197,0.11049897338005191,0.354779462869673,-0.2569451382043839,0.49520410965553224,-0.49520410965553224,0.14021236727228137,0.1346240349718168,0.35251010824599627,0.35251010824599627,0.3356765120108707,0.22308774269546128,62.977905463743305,0.629779054637433,0.1683502312491344,0.2018707141134327,40.11343322,284.86787887502146,41786.63818036409,1074.043682706655,0.1840471106751293,2026-05-23 23:11:00
10,1061.2547906533177,88.68430473336295,1149.9390953866805,891.6487281786754,362.57243310164256,1254.221161280318,-45.748202983705426,-206.28817058176162,90.0,0.39323457487573943,0.4140909880544668,AP0099,False,3,1.0122707274299867,1.0122707274299867,0.40453627809810677,-0.32822948699625887,0.13646533401836175,0.008781955856377506,0.1767359244705288,-0.1767359244705288,0.432502066004246,0.2770551184205557,-0.02361419778774149,0.6661745310972635,-0.5060806874628829,0.6765227316073291,-0.6765227316073291,0.2389670862479444,-0.2389670862479444,0.4646798668432732,0.4485909664237596,68.24650370012404,0.6824650370012404,0.12380389299155778,0.19373107000720186,40.11343322,284.8313878192289,42312.738316894065,1073.3649355154187,0.18256182529912254,2026-05-24 06:19:00
10,2082.4194894376706,233.6904776293128,2316.1099670669832,1767.490939319362,318.07692322667043,2085.5678625460323,224.51388751771276,-64.74481310596695,100.0,0.4394038798299763,0.3932954589257863,AP0100,False,1,1.9189935576065498,1.9189935576065498,0.6894152959368877,-0.3270596574678426,0.495826434929153,0.3905724842690536,0.5607534664553442,-0.5607534664553442,0.9162471887319837,0.28529077486662335,0.14474927539181054,0.856807255166052,0.5255131865287176,0.5242360028221986,0.2899367264966465,0.14144021774859578,-0.0682091408293095,0.45194356265086744,0.6840953756914255,69.27353245216207,0.6927353245216208,0.1431237177648965,0.16414095771348278,40.11343322,284.8313878192289,48287.47297043742,1096.3384736737328,0.47393552029369673,2026-05-24 13:29:00
10,2122.6351178635055,54.20767919274011,2176.8427970562457,1735.8298692655765,32.88066559172597,1768.7105348573025,-18.681879558274716,-125.68249088967451,90.0,0.48804778116636693,0.4064213287265786,AP0101,False,1,1.9661055459102155,1.9661055459102155,0.6715928752839203,-0.6715928752839203,0.5065585454925278,-0.3089338087180346,0.2851014595281774,-0.2851014595281774,0.8573396065537102,0.07291035253536915,0.03946113347935192,0.10817311337712117,-0.10817311337712117,0.06596002811704943,0.05431256619554214,0.09823709691948003,0.09730974352853469,0.08632014773725494,0.4718298771454826,66.5706281446838,0.6657062814468379,0.17130481013505733,0.1629889084181047,40.11343322,284.8024547953325,48695.566150418796,1107.9128138493245,0.4891908483436986,2026-05-24 21:10:00
7,1986.8597253038379,194.43945666057712,2181.299181964415,1542.0820306261935,217.2747459385373,1759.3567765647308,216.11686914076563,11.866718881570478,100.0,0.4989699322929598,0.3784149593216215,AP0102,False,2,1.908820801619173,1.908820801619173,0.907336128430699,-0.6731756006098775,0.3109738016321158,0.03957241981458776,0.5476986947252339,-0.5476986947252339,0.9187073566018055,0.4544223497184415,0.4544223497184415,0.09549350169255752,-0.09549350169255752,0.0022506357798959616,0.0022506357798959616,0.0782384800891689,-0.0782384800891689,0.15760124182001595,0.5381542992109107,69.21493902604699,0.69214939026047,0.11289255471536089,0.1949580550241691,40.11343322,284.7783439420854,49073.20860545738,1084.3638758223399,0.4885039439118864,2026-05-25 04:50:00
9,1536.1553450134443,45.842078123275,1581.9974231367194,1338.6664769758922,296.37618413763664,1635.0426611135285,40.786637013006526,-24.722356980597056,88.88888888888889,0.37975739925809043,0.3915452299196034,AP0103,False,0,1.4234598958338858,1.4234598958338858,0.3720083696693474,-0.3720083696693474,0.5022027055277706,0.15408902653509407,0.3498216256902344,-0.2679914526622183,0.6618731491803095,0.1554789665604566,0.1285747493328173,0.17872719526813766,0.1019617172142463,0.1258118631116769,0.04338167289933562,1.026915655011911,0.8659442060779003,0.37173341998804554,0.5168032845841776,70.27804856385265,0.7027804856385265,0.1135559599709368,0.1836635543905367,40.11343322,284.7783439420854,47429.083431543004,1072.8079606860722,0.39982465623897395,2026-05-25 12:39:00
10,1904.659383445377,160.45695697022342,2065.1163404156005,1466.6056362905972,104.285943226477,1570.8915795170742,143.42765457391678,-69.5027755950889,100.0,0.5081123759981514,0.40926742381844566,AP0104,False,2,1.8254518641527537,1.8254518641527537,0.6817363501773356,-0.4511178803505887,0.37210921774571887,0.1304974603273428,0.36694147644180314,-0.36694147644180314,0.8115597271294028,0.18057791776846666,0.1780587139199709,0.3866273737337928,0.19516401718295567,0.3364898625643896,0.3364898625643896,0.12130300175867498,0.11775022205622165,0.256249538956331,0.533904633042867,63.119763101629005,0.63119763101629,0.19647689080209443,0.17232547818161556,40.11343322,284.0350818309193,47838.33592056732,1082.37598355357,0.4121257684841228,2026-05-25 20:20:00
10,2323.44995874162,97.83851900746302,2421.288477749083,1859.2650505687548,140.42845449691714,1999.693505065672,102.81130096398115,7.152791566271688,100.0,0.47707566862515405,0.39275667408847165,AP0105,False,3,2.228537602981507,2.228537602981507,0.7975553906332298,-0.7975553906332298,0.491296398824314,0.34003634599704563,0.7423609380894254,-0.7248148325225806,1.064937582632119,0.15302483915539594,-0.032871086053021636,0.20907753564587128,0.060791396687278294,0.10053727880056398,0.06858599540899005,0.21201431000618165,0.022607515124285653,0.16866349090200322,0.6168005367670611,69.0643554002944,0.6906435540029441,0.12760228788210942,0.1817541581149464,39.4006275,283.14316729751994,45903.460706160426,1090.0051924843685,0.3938059925573944,2026-05-26 03:48:00
10,1291.88489931739,125.3554963635069,1417.2403956808969,1189.653996062729,126.246957916962,1315.9009539796912,69.25301833504282,-131.49496997635313,80.0,0.32517769114056605,0.30490980280032487,AP0106,False,1,1.21737859018502,1.21737859018502,0.27177331056117876,0.0763721714809815,0.42435557905122673,0.0003581610503766615,0.3043254869783062,-0.27254936516055533,0.554458241693933,0.24388717839550828,0.24388717839550828,0.13516253225711422,-0.13516253225711422,0.10412350640275367,0.01728737408217195,0.171418156237492,0.13480016846221396,0.16364784332321705,0.359053042508575,67.6954478007303,0.6769544780073031,0.12178926482728442,0.20125625716541246,39.4006275,283.14316729751994,46018.7600593342,1094.1079152411723,0.40087325673488367,2026-05-26 11:34:00
10,2006.4872938319718,277.89613227013166,2284.3834261021034,1646.4689982658324,211.1136883029624,1857.582686568795,-19.29924490852261,-458.61849158147015,100.0,0.4506741419233209,0.3653139940166591,AP0107,False,4,1.8851487902347595,1.8851487902347595,0.8168885369288704,-0.8168885369288704,0.40304074640800797,-0.030133236426071724,0.5310589169222152,-0.5310589169222152,0.9090342476234633,0.23221515462892056,-0.20537692607343505,0.3272069109272593,-0.3272069109272593,0.2070255589031098,0.2070255589031098,0.10060996225652738,-0.036078223118816595,0.21676439667895428,0.5628993221512087,68.37984972223518,0.6837984972223518,0.13869490189926387,0.1775066008783845,39.4006275,282.27078980022185,45243.753033484754,1122.6538684297482,0.3919119772531038,2026-05-26 19:40:00
10,2440.045561081503,114.57360912444194,2554.6191702059446,1995.4032282501244,151.8501672714728,2147.2533955215968,131.58039981589872,-13.066688089545039,100.0,0.48724098520862774,0.4057678302717579,AP0108,False,1,2.2790151758421153,2.2790151758421153,0.9411866377205172,-0.9411866377205172,0.3493276865244026,-0.06116152231284816,0.4899958922160761,-0.4899958922160761,1.014881348075778,0.2904250442101361,0.20964606590329882,0.14661949530766663,-0.008955783925222255,0.09357807929347259,0.09357807929347259,0.10188215605456963,-0.0725397400800904,0.15812619371646125,0.5865037708961196,72.60709805321838,0.7260709805321838,0.08508845228383212,0.18884056718398418,39.4006275,280.74412917995005,45857.656127347276,1050.4552958176146,0.3842571548501983,2026-05-27 02:45:00
10,1705.0789261468708,104.6582551863816,1809.7371813332522,1350.276104193055,156.589532288957,1506.8656364820122,44.01709246604574,-137.91773670040942,90.0,0.4006869268924046,0.3401126179221565,AP0109,False,1,1.5842552086242032,1.5842552086242032,0.7296631581794729,-0.48669385512012586,0.3005469958692918,0.028184887716558044,0.5146599534173595,-0.41542807249161223,0.7822813290225819,0.24603272335739673,0.24603272335739673,0.20295950602509993,-0.12011859775217325,0.17742918402041566,0.009285665251820285,0.23447299896071577,0.13190786562066031,0.21522360309090705,0.49875246605674445,75.2440608247891,0.752440608247891,0.0577214762631082,0.18983791548900067,39.40062749999999,280.74412917995005,45249.47359790917,1069.0604857469898,0.38237024847892825,2026-05-27 11:01:00
10,1883.0649739851772,127.36760186915672,2010.4325758543341,1466.387487017672,215.3714441997629,1681.7589312174346,82.40991621065874,-100.28530708568778,100.0,0.4855798203894377,0.4198450914620578,AP0110,False,1,1.9210827690619754,1.9210827690619754,0.6948170052392331,-0.23833591535899548,0.4180762907431914,0.4180762907431914,0.7298064132260027,-0.7298064132260027,0.9409456195676007,0.3757038701281124,0.06829440798497023,0.09993350116696387,-0.07697195395947026,0.16398637064780544,0.06109366531612212,0.07495657367758177,0.05639461162339735,0.17864507890511588,0.5597953492363583,67.51394069607987,0.6751394069607988,0.1345013874823783,0.19035920555682284,39.4006275,280.0890067803059,50567.49874231786,1095.693003670259,0.453398208690588,2026-05-27 18:29:00
10,1226.155958682464,282.1188857985858,1508.2748444810495,971.1184377547712,324.93319432355264,1296.051632078324,86.05822899786693,-324.4758217951892,90.0,0.42075113535052655,0.37830649286998136,AP0111,False,2,1.2265891554425272,1.2265891554425272,0.7313840569002594,-0.4678544886969595,0.498780414645482,-0.186750688715252,0.24059811396874067,-0.030570476504844235,0.6743379352392523,0.39085419053215115,-0.035128460072814005,0.4166916433324024,-0.4166916433324024,0.1399345910154562,-0.05888276522636868,0.014241633888304987,-0.004121958392455299,0.24043051469207868,0.4573842249656655,59.95947216997236,0.5995947216997236,0.1756929522824832,0.22471232601779326,39.40062749999999,277.14095598190727,52409.62358101534,1142.146766225014,0.456403532873712,2026-05-28 01:52:00
10,1080.0921786090198,534.8749582461867,1614.9671368552065,847.4315602720463,257.54457054507543,1104.9761308171219,-18.08348043281984,-889.927242273761,90.0,0.39496234224234417,0.292964141034727,AP0112,False,4,1.1021809891650802,1.1021809891650802,0.5109531805413797,-0.39028789146853926,0.271655666808265,0.0016086711178527012,0.369987433721314,-0.369987433721314,0.5636943175590098,0.34780633713842957,-0.03314415644962515,0.5531971572510729,-0.5531971572510729,0.24272221126143018,0.2174579984788843,0.4180766646379948,-0.06795792039690846,0.39045059257223186,0.4770724550656208,70.280035285811,0.70280035285811,0.14098359586201786,0.1562160512798722,41.05276577000001,277.14095598190727,53450.240636766845,1139.9229597130416,0.4527211154518183,2026-05-28 10:10:00
10,1323.2470535982611,165.56868675099616,1488.8157403492573,991.7840578108376,188.35857550492102,1180.1426333157588,89.78830633647593,-135.93484377363012,100.0,0.45793214249379205,0.3961975210870924,AP0113,False,2,1.3771904167392928,1.3771904167392928,0.8138771187958139,-0.48926606476449624,0.42468383890045147,0.02653913726964202,0.46249183209720074,-0.46249183209720074,0.7695608016331899,0.23478995651777046,-0.018245136170442405,0.1806149569299877,-0.023629043270194675,0.14694850838659307,0.14694850838659307,0.21943991773018626,-0.034183191612540194,0.19544833489113436,0.48250456826216204,75.2067368896212,0.752067368896212,0.11336840477066262,0.13456422633312543,41.05276577,277.04004453378917,53124.690932794714,1085.298056190789,0.44632020876955797,2026-05-28 18:01:00
10,1525.6037469031548,70.44039223696964,1596.0441391401246,1085.0333741134323,275.74921284946697,1360.7825869628991,230.37069246877022,248.99104379262477,100.0,0.45802526140657707,0.4109729509711319,AP0114,False,3,1.5949543684362528,1.5949543684362528,0.7783033128828502,-0.5191111225195172,0.21224543505811921,0.17310401812796294,0.870554639265988,-0.870554639265988,0.8640144389108025,0.18651840656084662,0.024162430081106426,0.4782777823027936,0.37230561946669727,0.3381153860103281,0.2524682892579877,0.2329420191228313,-0.04687683583067249,0.3089633984991999,0.5864889187050012,64.61897281426242,0.6461897281426243,0.15708538681302708,0.19672488504434868,41.05276577000001,276.0309300526082,53716.82960369027,1079.258538437595,0.4536784830583174,2026-05-29 01:56:00
10,1556.9187219233745,38.59669709121182,1595.515419014586,1188.9694325032174,75.34424265701762,1264.313675160235,40.58944618097672,-10.056125548185378,100.0,0.4914840575013623,0.4252437087304921,AP0115,False,3,1.636863710035228,1.636863710035228,1.0918235657808484,-0.5316559074177811,0.2541538809151906,0.08620904989770141,0.5984758859500595,-0.5984758859500595,0.8953292606703317,0.11637483592807217,0.07606499280645833,0.16877427331386832,-0.038618175676979866,0.12507249018722416,-0.038496391877547304,0.18305753534359218,0.01745280452072536,0.1483197836931892,0.5218245221817603,65.30617057079391,0.6530617057079391,0.17933117655326905,0.16760711773879178,41.05276577,276.0309300526082,54284.8320969154,1083.7595191903692,0.4450218918192929,2026-05-29 09:59:00
10,1213.0403505352147,385.0749527998155,1598.1153033350304,934.9303109739275,734.2925799111048,1669.222890885032,306.2560206228096,-209.4257029200246,100.0,0.3477038320590439,0.36192534956904426,AP0116,False,1,1.2135435463613289,1.2135435463613289,0.5138601539631098,-0.44468656023940584,0.15772981326821298,-0.0828490368122638,0.3674937529441687,-0.3674937529441687,0.5631568166342051,0.34068621508981434,0.34068621508981434,0.7301367269211334,0.7301367269211334,0.6799022713001186,0.6799022713001186,2.365186120799832,2.3532753944835823,1.0289778335277244,0.7960673250809648,71.17108673377778,0.7117108673377779,0.1363934267501689,0.15189570591205312,41.05276577000001,276.0309300526082,51659.71124349173,1045.6502330124438,0.44877382740804,2026-05-29 17:41:00
10,915.5421899337761,163.05311934780514,1078.5953092815812,723.6344131175239,340.01184871613145,1063.6462618336554,157.07418692037686,-68.07530472908866,80.0,0.35428310257640944,0.3512932930868242,AP0117,False,3,0.901053136065627,0.901053136065627,0.4416066433851403,-0.33438703404459375,0.3093809651305199,-0.12647076488234216,0.2973930062671197,-0.2973930062671197,0.48735843771210174,0.3864937558101855,0.2668167772978227,0.3622701943114983,0.07524663486740354,0.19166541411404042,-0.006689381860824545,0.29566200119750696,-0.2855164525371322,0.3090228413583078,0.3981906395352048,61.25568977870816,0.6125568977870816,0.18440033809326214,0.20304276411965624,41.05276577000001,275.6297972422721,52245.001442813766,1080.298526337233,0.43092513752529965,2026-05-30 01:42:00
10,1713.3382098240186,204.6787840755661,1918.0169938995846,1359.1663943013814,326.7732276426276,1685.9396219440089,114.56251808177342,-191.1558225095671,100.0,0.4243729812182144,0.3779575068270994,AP0118,False,1,1.7711905791513123,1.7711905791513123,0.6946345503711643,-0.5907995900552411,0.35426102069814425,-0.08416377748807513,0.20694605173750202,-0.1943895985324899,0.7567580504895307,0.36477459759223063,0.2805306959486532,0.14707934264452252,-0.029931494721893288,0.3000083398406262,0.09210991374910484,0.4349527341963507,0.39833474642107203,0.3117037535684325,0.5342309020289816,65.27657038031192,0.6527657038031193,0.15591018673349127,0.19132410946338943,41.05276577,275.6297972422721,51412.35596637179,1158.6820250936864,0.4563143851702192,2026-05-30 10:31:00
10,1113.418048604334,79.904127410363,1193.322176014697,822.6246356701334,260.5875681063379,1083.2122037764711,148.8515772453408,75.55464999347166,90.0,0.4183856965195202,0.396363702071875,AP0119,False,0,1.1331094269475162,1.1331094269475162,0.5770405667514091,-0.15338560437443202,0.17032786590080962,0.12407862645679828,0.4132787676388885,-0.4132787676388885,0.5734391568096558,0.28600741399860136,0.12629613198150497,0.22714987547543306,0.1799834905063847,0.26436556337404665,0.24516383579789594,0.3801071663270339,0.32720127725606696,0.28940750479377875,0.4314233308017173,67.34192726605917,0.6734192726605918,0.1747367886643327,0.1518439386750755,41.05276577000001,275.447265115845,52035.236824081214,1101.0213462559154,0.45657286667561,2026-05-30 17:59:00
10,1699.727492519717,43.49214076019078,1743.219633279908,1248.304904026841,91.44423766349695,1339.7491416903376,17.56558442317096,-32.25267233931725,100.0,0.4855105933416313,0.40481649502371725,AP0120,False,3,1.7657589559734814,1.7657589559734814,0.9727119698439962,-0.6725446570198642,0.572109373298283,0.43181321763820774,0.5765452645285035,-0.5765452645285035,0.9717813909110661,0.11447323431565216,-0.09848877152249969,0.25070355750618967,0.09038449571716761,0.2893628068220119,0.12579392475724036,0.06670099657100474,-0.015023814558961995,0.1803101488037146,0.5760457698573903,68.49535442370555,0.6849535442370555,0.14950643077353729,0.16554002498940718,41.05276577,274.96051277870623,51384.63935422062,1051.5277619754393,0.45943370915615606,2026-05-31 02:17:00
10,1609.7513432695127,496.1825050580948,2105.9338483276074,1275.796206826743,265.7175884511072,1541.51379527785,-16.415815083801675,-803.6777506817128,100.0,0.46951818279346913,0.3566341721835176,AP0121,False,4,1.6158836374320282,1.6158836374320282,0.3217882171798035,0.06050955503639582,0.36990968562023757,0.36990968562023757,0.5056509754735138,-0.5056509754735138,0.7033081289263957,0.35885590492422265,-0.20152481457982047,0.5112908394721969,-0.5112908394721969,0.34989306950276267,0.34989306950276267,0.2233693731403631,0.056624496917561155,0.3608522967598863,0.532080212843141,67.45212522669513,0.6745212522669514,0.14098574866345623,0.18449299906959235,41.05276577,274.96051277870623,52388.14829772672,1050.1652119546623,0.4492593578271692,2026-05-31 09:59:00
10,957.4839986000233,305.7385942576715,1263.2225928576947,747.7029709290526,218.799539112106,966.5025100411588,-14.992657421341505,-502.5305162232559,100.0,0.4167589018555701,0.3574148852922631,AP0122,False,4,0.980587419248565,0.980587419248565,0.5200391665142078,-0.4499235666407477,0.26835428421403623,0.240130811106585,0.45758120523802687,-0.45758120523802687,0.556640518803709,0.2178576441777173,-0.1674471537805724,0.37348591588663016,-0.3220943285474978,0.21265228683987536,0.1833388240368201,0.1399412934173988,-0.0802885671496476,0.23598428508040542,0.3963124019420572,70.19702705991743,0.7019702705991743,0.1415617786559881,0.15646795074483746,41.05276577,274.96051277870623,51734.02401316814,1111.2389610719163,0.4581358469623688,2026-05-31 17:39:00
10,1658.9345384788282,108.25044243611686,1767.1849809149453,1352.022484471328,191.6930741141888,1543.715558585517,148.9432520746928,49.25568419038285,100.0,0.4523507206190615,0.4076568361531761,AP0123,False,2,1.7110049634604343,1.7110049634604343,0.621659404831156,-0.36821478400309693,0.2311152456504747,0.1965651009770031,0.6621364186169302,-0.6621364186169302,0.8064790081397488,0.07976971696836929,0.03235404013747156,0.26795328086950215,0.26795328086950215,0.44469582648165157,0.44469582648165157,0.07802600947084379,0.012296302973280927,0.2176112084475917,0.5120451082936702,71.38927536616988,0.7138927536616989,0.09711335760622933,0.1889938887320717,41.38141076,274.4602209748508,52159.96908759666,1098.9078879728906,0.4499688509084896,2026-06-01 01:19:00
10,1556.8303724107268,11.031623415836837,1567.8619958265638,1148.9678247124405,51.74500077437253,1200.712825486813,-53.174213626210616,-89.73165165593167,80.0,0.4726777410587106,0.3992479069907605,AP0124,False,3,1.6278474326272818,1.6278474326272818,0.6248421920328232,-0.18238374527065734,0.6715110483987088,0.6715110483987088,0.7603394155632109,-0.7603394155632109,0.9211350221555062,0.117535108016652,-0.08393675573277883,0.10112537276541511,-0.08470120078965268,0.08367152104032664,-0.08367152104032664,0.14120757837557002,-0.0703269270585642,0.11088489504949095,0.5160099586024987,70.91459476986874,0.7091459476986873,0.12545983982435388,0.16539421247695874,41.38141076,274.4602209748508,52354.15835962891,1056.5649269132987,0.4535814386108877,2026-06-01 09:24:00
10,1527.2702940701834,172.32188779445988,1699.5921818646434,1133.9675765495704,107.32695247897138,1241.2945290285415,196.13621097472495,-19.784656046913284,90.0,0.4548599098826792,0.36320037931545873,AP0125,False,2,1.5553940278103164,1.5553940278103164,0.5092102775502179,-0.3860819617675799,0.2835976853530222,0.17360998626212254,0.43308113524609176,-0.3831489485681423,0.695320781489912,0.3238595959888873,0.2526994873265059,0.36075668858770416,0.31300993774142505,0.3102384648479318,0.3102384648479318,0.07492581783329733,-0.012232421296164302,0.26744514181445517,0.48138296165218364,64.66488603060837,0.6466488603060837,0.19046399806576092,0.16288714162815537,41.38141076,274.4602209748508,50096.788698399156,1075.9875306127615,0.4383808381532993,2026-06-01 17:03:00
10,1491.0351793429506,85.29009813589782,1576.3252774788484,1269.5254511715666,91.58229698899521,1361.1077481605616,-50.56748187189058,-250.647007346305,100.0,0.4120991875162116,0.36905568165255426,AP0126,False,1,1.490270554758064,1.490270554758064,0.41728393988856266,-0.15892473544171454,0.23549482261646562,0.08726257027790203,0.33301012991941864,-0.33301012991941864,0.6190148617956277,0.16712162505393632,0.14637352415986055,0.32015267127715613,-0.18537329213723702,0.30538145068726563,0.10427290220369256,0.18027317748769497,0.06470975550963402,0.24323223112651327,0.4311235464610705,64.97174973309644,0.6497174973309645,0.10105017716390223,0.2492323255051333,41.38141076,274.4602209748508,49527.611295865885,1069.233651616648,0.4419920896809352,2026-06-02 00:40:00
10,1644.9782275975567,21.081400755104994,1666.0596283526615,1460.8203969494093,75.42023445345285,1536.2406314028626,-134.57979146320974,-266.1934275948964,100.0,0.41572736220751205,0.389763562817552,AP0127,False,0,1.6545946791132773,1.6545946791132773,0.39038171007178746,-0.18371321136834595,0.719149916313557,0.719149916313557,0.5272905572968828,-0.5272905572968828,0.8228542156988761,0.13174627999651695,0.13174627999651695,0.47145482528817395,-0.45499820586358686,0.37330475280385894,-0.23108358523285982,0.13946806964716568,0.13946806964716568,0.27899348193392887,0.5509238488164024,68.99600333422,0.6899600333422001,0.12968348784886813,0.18035647880893171,41.38141076,274.4602209748508,49185.67391763965,1026.4257830612594,0.42717918870173693,2026-06-02 08:45:00
10,1783.528696608826,150.24135776791886,1933.7700543767453,1395.4170243539234,145.6566339647959,1541.0736583187193,44.11989908883979,-183.1204791040625,100.0,0.4743457985132554,0.39580651930165084,AP0128,False,2,1.796328964795798,1.796328964795798,0.5312138969610015,-0.35483758437072427,0.40789763686208963,0.40789763686208963,0.5454549971397894,-0.5454549971397894,0.8202238739396696,0.1176166228081103,0.0332558086448202,0.19010610486933877,-0.12328009002452417,0.2473790188615543,0.2473790188615543,0.11713090797889529,0.11713090797889529,0.16805816362947465,0.4941410187845722,63.3889067796939,0.633889067796939,0.16629229278493315,0.1998186394181278,41.38141076,274.4602209748508,51270.47075191772,1018.5289485590123,0.4345396019610455,2026-06-02 16:16:00
10,1677.5931485817262,79.9708600542841,1757.56400863601,1398.2609561816203,84.20946146923023,1482.4704176508503,44.845658185893,-76.63813283778487,90.0,0.45763634639521245,0.4026176281981805,AP0129,False,2,1.7225463663551288,1.7225463663551288,0.7262142438738236,-0.327108999000575,0.3758234320906979,0.3219117385210287,0.6651952512398397,-0.6651952512398397,0.8724448233898725,0.14286702239461174,0.11609363676107197,0.15289379918236468,-0.12917343135878323,0.16584323869934633,0.13303064663877961,0.12013264856304873,-0.0852289302202861,0.14543417720984286,0.5089395002998577,68.80948984907785,0.6880948984907787,0.15865155249540888,0.15325354901381252,41.38141076,274.5824252361882,52305.35334575057,1052.0477690925456,0.4346124916311828,2026-06-02 23:55:00
10,2005.576526720493,89.30608399289642,2094.8826107133896,1711.7003467078575,144.3548273128854,1856.055174020743,70.9658693955688,-62.535195945011566,100.0,0.42576713589078186,0.3780016485522525,AP0130,False,1,2.0814681074512422,2.0814681074512422,0.5627730954636038,-0.09616195295555678,0.6714633993563607,0.5494813444462081,0.5838480562169467,-0.5838480562169467,0.9748881646220383,0.158663617535706,0.158663617535706,0.3550722873124906,0.11136036471573121,0.30149755025750447,0.30149755025750447,0.12806124787158663,0.12806124787158663,0.2358236757443219,0.6053559201831801,76.22740468599622,0.7622740468599623,0.1474980397359847,0.09022791340405302,41.0326916,274.59464566232197,52331.02867517031,1056.3209058303942,0.4495352784770983,2026-06-03 07:38:00
10,1704.7092700178664,73.52887145678594,1778.2381414746526,1277.3153478358836,82.9382372982904,1360.2535851341738,12.422735282381069,-96.66651045759167,100.0,0.46839447225590697,0.38479756098781115,AP0131,False,3,1.7832889809269066,1.7832889809269066,0.5542670047531784,-0.4013159983442795,0.44608826973403576,0.44608826973403576,0.6578036820882865,-0.6578036820882865,0.8603619843756019,0.16137905218210277,-0.06621146551050001,0.13983174729014683,-0.05056232360105297,0.1967493615266797,0.08672743298126401,0.06615698085896433,0.04983827702669656,0.1410292854644734,0.5006956349200377,64.63338094067147,0.6463338094067148,0.18237273938928994,0.17129345120399528,41.0326916,274.59464566232197,53468.27049216885,1052.7609383994645,0.4586717319502669,2026-06-03 15:26:00
10,1672.260118874,115.80560956465527,1788.0657284386552,1288.984125147095,118.61360324676696,1407.5977283938619,-49.270125050569106,-240.97932350772845,100.0,0.5056945831113655,0.4296009831024069,AP0132,False,2,1.7343787849247259,1.7343787849247259,0.9091217279762756,-0.6407885770414271,0.2993903736043149,-0.15639104721090155,0.5182032762123129,-0.5182032762123129,0.8652735406794072,0.24493622447044253,-0.18631752903052376,0.18216181332902165,-0.15844144550543987,0.19023340962099589,0.04870356436121243,0.09378930077348255,-0.009436552106758492,0.17778018704848567,0.5215268638639464,65.88374795030101,0.6588374795030101,0.16419425781231864,0.17696826268467128,41.0326916,273.81822073059703,54943.04457083873,1100.1742830906155,0.46549438676270094,2026-06-03 23:35:00
10,1498.3593839238492,348.41455938717024,1846.7739433110191,1229.5245017567336,202.91905522376464,1432.443556980498,-6.406520365516201,-569.0815357779477,90.0,0.432223715813829,0.3493576385477248,AP0133,False,4,1.5908622320801076,1.5908622320801076,0.49151006033916755,0.12061830888138514,0.5344752290231595,0.5344752290231595,0.49586276862391165,-0.23872751150336846,0.7781775725165865,0.19835486832843835,-0.03687089306957787,0.3435069038323456,-0.3435069038323456,0.2399251489267689,0.2399251489267689,0.2195279566640455,0.03063955026000313,0.2503287194378996,0.514253145977243,68.47738955075236,0.6847738955075235,0.15653739014782722,0.15868871434464923,41.03269160000001,273.74057823742453,53704.59416627498,1057.50590167338,0.4685355066900572,2026-06-04 07:53:00
10,1802.669067927426,25.656875275309666,1828.325943202736,1453.6947213118826,95.2103021320878,1548.9050234439705,29.946594931572548,-9.713654567257151,100.0,0.48153569646432554,0.4256515125125727,AP0134,False,0,1.8891096057426011,1.8891096057426011,0.508957872476235,-0.4688786881535388,0.3070238205836716,0.3070238205836716,0.4857336410294402,-0.4857336410294402,0.7977062349579871,0.19722219949560965,0.04203373501778075,0.13532479909482845,-0.02968072635244865,0.19940667472203605,0.1112846941151136,0.24203645780085303,-0.06373459106127975,0.1934975327783318,0.49560188386815945,61.91397879590847,0.6191397879590848,0.2624060765348126,0.11845413550610256,41.0326916,273.74057823742453,53875.74462594393,1051.7714761511359,0.45950384043002307,2026-06-04 15:53:00
10,1755.86817477029,243.40424023231455,1999.2724150026045,1347.8831026790808,742.7183338466574,2090.6014365257383,99.43735262204294,-235.0354348159638,100.0,0.4039333997545243,0.4221992040591508,AP0135,False,3,1.8679290990256596,1.8679290990256596,0.6714307486057507,-0.3120136728858,0.5778273531492082,0.5169890654186245,0.5543356444313151,-0.5543356444313151,0.9178807113029834,0.28296999982943016,-0.009471753173200294,0.377350279074416,-0.377350279074416,0.6749756020626612,-0.6738529022909366,1.267043769481008,0.9326023586301188,0.6505849126118788,0.7842328119574311,62.26040941233482,0.6226040941233482,0.19058083127654157,0.18681507460011024,41.0326916,273.74057823742453,53480.02171937088,1095.756022925879,0.46659503277211295,2026-06-04 23:43:00
10,1147.6529189935613,125.63673936703333,1273.2896583605946,970.1652931152352,100.13154710109222,1070.2968402163274,-91.53841675238777,-362.1307417672028,100.0,0.3826467395683651,0.3420481759395117,AP0136,False,1,1.1910787723560547,1.1910787723560547,0.4810971900233969,-0.4810971900233969,0.2796041670220995,0.06544033141194962,0.33155829913381274,-0.33155829913381274,0.5708346071338409,0.12903477783855577,-0.0032520563957710164,0.23051340245722243,-0.23051340245722243,0.3322554140679427,0.3322554140679427,0.09446404732340821,0.09446404732340821,0.19656691042178226,0.3837007587778116,68.06820204907228,0.6806820204907228,0.1763479427278335,0.14297003678144365,41.0326916,273.74057823742453,55231.699890580225,1048.1262686629425,0.4653917390629137,2026-06-05 08:01:00
10,1528.4305073800645,432.8590694115939,1961.2895767916586,1190.3488441252098,347.67006220845974,1538.0189063336695,-31.136935324503497,-726.4987198841467,100.0,0.45113269630100017,0.36647856220940234,AP0137,False,4,1.575118249080436,1.575118249080436,0.6127698083446473,-0.6127698083446473,0.12353781068429776,0.012381961170811265,0.48085954280730575,-0.48085954280730575,0.6980713527291718,0.22652386208049655,-0.22652386208049655,0.4917981292223863,-0.4917981292223863,0.21650478788109667,0.21650478788109667,0.2825781030241813,-0.25275173989030575,0.3043512205520402,0.501211286640606,70.88639124036565,0.7088639124036565,0.16769689414483432,0.12343919345150926,41.03269159999999,273.74057823742453,53588.81599624463,1033.3842489013325,0.4600552751851778,2026-06-05 15:58:00
10,1821.8020736472042,378.41714377032895,2200.219217417533,1240.689189295056,204.3266821666054,1445.0158714616614,-30.447692197041704,-598.8497654218289,100.0,0.5169108383850867,0.3658701691939127,AP0138,False,4,1.876951396968433,1.876951396968433,0.6228063928462357,-0.6228063928462357,0.5483111434134557,0.5483111434134557,0.53699096138945,-0.53699096138945,0.8962649736543936,0.37628300243596857,-0.37213011752151026,0.45411366622207827,-0.45411366622207827,0.22864159017158378,0.12424640854506541,0.1354413338949472,-0.10561497076107225,0.2986198981811444,0.597442435917769,58.625967158488876,0.5862596715848888,0.16216104186555,0.25157928654956124,41.44016997999999,272.85249457071365,52260.1209954087,1016.1633256258999,0.4610087003398483,2026-06-05 23:38:00
10,1166.7381411059928,535.8090900035193,1702.5472311095123,1006.9950563022121,304.37286676227234,1311.3679230644843,-17.916313194469126,-939.3927267804756,90.0,0.4212541768531821,0.343018315244176,AP0139,False,4,1.1456844016248997,1.1456844016248997,0.4152713789386155,-0.23603286583873404,0.1523154925172209,0.09398946150615256,0.34570400313481153,-0.34570400313481153,0.5147438190538869,0.40990576753124885,0.22891950593540783,0.5894088552740225,-0.5894088552740225,0.4065871584833044,0.384771237475248,0.2512805647631957,0.10810409577873539,0.41429558651294285,0.46451970278341487,69.90259533159339,0.699025953315934,0.1551656425382727,0.14580840414579335,41.44016997999999,272.7636862040426,52227.77282069866,1041.3924854555974,0.45445223391069817,2026-06-06 07:42:00
10,1739.8733853465776,145.31366299949974,1885.1870483460775,1400.5024695773493,215.55386290809008,1616.0563324854393,70.12550299838415,-161.4785480502461,100.0,0.48301245096827294,0.4291863077961454,AP0140,False,1,1.761651913730697,1.761651913730697,0.8113234243726817,-0.8113234243726817,0.2375600718979759,-0.15682963341997888,0.5892803034464539,-0.5892803034464539,0.849953928361952,0.20061998564279324,0.16717076658677596,0.1918382027023714,-0.09432601905428926,0.1678010662974112,0.1561536043759037,0.11942464154141086,0.049109073110933855,0.16992097404599668,0.5099374512039744,69.96473877301716,0.6996473877301715,0.16142410172786467,0.13892851054196384,41.44016997999999,272.7636862040426,50535.689271086994,1030.8162432630772,0.4557705988717213,2026-06-06 16:06:00
10,1898.9147027786253,204.05046005924078,2102.965162837866,1375.5536428535493,206.31083690790274,1581.864479761452,106.16918869985813,-186.4896163995494,100.0,0.48554693888954664,0.3813268022742636,AP0141,False,1,1.9160741984947798,1.9160741984947798,0.6182853795947035,-0.400940605606327,0.5332580499076454,0.5332580499076454,0.7159817605202461,-0.7159817605202461,0.9458998471293436,0.2897066285490352,0.1711370713244068,0.20045398577782836,-0.18578271040267252,0.22143917175797134,0.02033062327439844,0.1758234020635436,0.0999563645197252,0.22185579703709463,0.5838778220832191,62.295206859461196,0.6229520685946119,0.18131005513707854,0.19573787626830955,41.44016997999999,272.1954292495939,52237.44187222516,1028.8349385777306,0.4565063749705776,2026-06-06 23:45:00
10,1491.408737199532,278.6769427294333,1770.085679928965,1176.7546639661778,471.27086050672017,1648.025524472898,56.94748999189193,-372.6676037595522,100.0,0.434565487506925,0.41015345641571166,AP0142,False,1,1.5149376410046713,1.5149376410046713,0.5688705900733121,-0.033384619458889674,0.5815692715943962,0.5380989799241591,0.5870056909448332,-0.5870056909448332,0.8130957984043032,0.4212980204243029,0.04030582834562949,0.5394152861655476,-0.5394152861655476,0.1836414372634096,-0.12658312981130523,0.44062999187822605,-0.06792540223361523,0.3962461839328716,0.6046709911685874,73.55770200610748,0.7355770200610748,0.12331821292353863,0.14110476701538643,41.44016997999999,272.13860355414903,53305.229133681954,1060.5887339529493,0.45709156015989005,2026-06-07 07:49:00
10,1574.2672463433873,65.02478611721762,1639.2920324606048,1324.8534013496442,65.23657862653067,1390.089979976175,28.222417410476965,-78.78619454603358,100.0,0.43876366419534785,0.38892325369846187,AP0143,False,0,1.604493150668076,1.604493150668076,0.5268456482613854,-0.49710215131057606,0.1570932662414737,-0.08814626138437644,0.18123232420572977,0.02223380182521034,0.6174160973441662,0.16220600409056798,0.08121469079350838,0.15143461144408105,-0.08542087257699901,0.14913896544947408,0.14913896544947408,0.10706058355359381,0.06713974007962445,0.14246004113442923,0.3799380692392977,72.47417241213776,0.7247417241213775,0.12224949083485147,0.15300878504377086,41.44016997999999,272.13860355414903,51262.44722890237,1063.1621949121165,0.4567515505594152,2026-06-07 15:50:00
10,1612.0640664515563,92.0271770926715,1704.0912435442278,1178.5898327695631,244.9733139704603,1423.5631467400235,209.3269791997751,183.98804943989012,100.0,0.45391122939218703,0.397805610031346,AP0144,False,3,1.6780090469253592,1.6780090469253592,0.5197697516153424,-0.12548754010374494,0.7866925237410874,0.662216565779856,0.45919524841858483,-0.35886057611821465,0.8609166426750934,0.14719166230758962,-0.059501199121381285,0.4739989726339999,0.4739989726339999,0.49742755767020413,0.49742755767020413,0.12224379182060466,0.030600678588449046,0.3102154961080996,0.5855660693915965,69.91445579487271,0.699144557948727,0.13527356072565505,0.165581881325618,41.44016997999999,271.23238282865293,51967.2719913975,1051.6714579327452,0.45751359326940094,2026-06-07 23:20:00
10,644.8949636742959,162.75180814077254,807.6467718150684,526.2181291229972,89.23895715976795,615.4570862827652,-44.56011402633317,-340.4096390620598,70.0,0.3773036042370117,0.3388656671305511,AP0145,False,2,0.6673675321755822,0.6673675321755822,0.17622451246618978,-0.17479419338750346,0.10732106527772105,-0.04883141671384683,0.0828548311469583,0.022299360171196127,0.25844198526661283,0.16393428281054187,-0.006525273482763317,0.29864677335971557,-0.29864677335971557,0.2760564337513966,0.2760564337513966,0.1557954328894175,0.1557954328894175,0.22360823070276792,0.24102510798469035,64.86719646914743,0.6486719646914743,0.20858118014294943,0.1427468551655763,41.44016997999999,271.0310004452093,52793.76097980065,1058.8452669182263,0.45870914595483725,2026-06-08 06:59:00
10,1296.9894755118944,58.884512476884666,1355.873987988779,1062.3884585572725,68.61434210257278,1131.0028006598454,86.7271999930498,26.40698989302939,100.0,0.42874452469600416,0.3837702872302174,AP0146,False,0,1.3254306794143123,1.3254306794143123,0.47435242013812046,-0.4427004368429683,0.39148567640838,-0.021343657541545786,0.20892668525992364,0.06836363090763158,0.6000488653051841,0.15980165506203778,0.039557274604380736,0.18754798951621443,0.08928498438249322,0.2585720665415025,0.24700775051695273,0.10364228215451793,0.08964623808889273,0.1773909983185682,0.38871993181187614,72.80955270837866,0.7280955270837866,0.1510173431319196,0.12088712978429397,41.44016997999999,271.0310004452093,51660.094354996756,1038.0709859234898,0.45859646483680727,2026-06-08 14:48:00
10,1255.381166631313,107.67566067205951,1363.0568273033723,1213.8427636829858,122.42813233252696,1336.2708960155128,78.58117666688167,-80.25322440334696,100.0,0.3887049750150419,0.38334778875747,AP0147,False,1,1.2858387864294547,1.2858387864294547,1.356522110918479,1.356522110918479,0.8284805272051741,0.8284805272051741,0.49956485534677153,0.16718660008118155,0.9926015699749698,0.1825708549491513,0.12302827436700411,0.25696145175505686,0.06708718930332555,0.28941975041373286,0.28941975041373286,0.08790761529174815,0.07255581950074608,0.20421491810242232,0.5984082440386961,72.96307508304407,0.7296307508304408,0.13062973226723745,0.1397395169023218,41.44016997999999,270.93203514646825,53094.782469922975,1059.813473418545,0.46228140576424076,2026-06-08 22:15:00
10,700.2040475716473,15.783975775560672,715.9880233472079,652.0992539771999,55.929995064638774,708.0292490418386,94.03799598705504,108.0263175264173,80.0,0.30376432261252895,0.3021725677514561,AP0148,False,0,0.7457932065212919,0.7457932065212919,0.3768251111200653,0.3415509093844253,0.541439730763085,0.541439730763085,0.1924128366631068,0.09502278946965677,0.4641177212668872,0.10384108964766836,0.10384108964766836,0.24576503252544993,0.24576503252544993,0.14200415048169313,0.14200415048169313,0.2608742475367639,0.2608742475367639,0.18812113004789383,0.3261194256573905,77.68774908452457,0.7768774908452458,0.06271633759977725,0.16040617155497708,41.44016997999999,270.8754835471877,52384.94078587466,1095.5816877713694,0.4589133933756991,2026-06-09 06:13:00
10,1060.8871395061217,27.67972602455202,1088.5668655306736,885.2829491563906,128.48013965541102,1013.7630888118016,-25.564846905964572,-87.40288730449049,100.0,0.3872534320926491,0.3722926767488743,AP0149,False,0,1.1232675925812408,1.1232675925812408,0.503515102101659,-0.2527835914495342,0.19460464563133487,0.019149995344328888,0.190497725305007,0.10991027152870285,0.5029712664048104,0.13005005314346715,0.01959293027446146,0.32922603288090413,-0.19619585566152106,0.30900238911504874,-0.11325080995425561,0.31601282809046877,0.31601282809046877,0.2710728258074722,0.38702204610614127,74.86081370884254,0.7486081370884256,0.11701672311043158,0.13437513980114288,41.44016997999999,270.8754835471877,53418.194838042975,1052.0324167008607,0.4641212926422356,2026-06-09 13:50:00
10,1850.7165113058072,49.00508048282169,1899.7215917886285,1781.0407380504535,48.369271405067764,1829.4100094555213,46.205627275399536,-24.407493159111112,100.0,0.43835874646646095,0.4242964299998392,AP0150,False,0,1.7667057430712152,1.7667057430712152,0.5359018136763654,0.47531698193890826,1.1344404714195904,1.1344404714195904,0.40789236336769186,-0.3066345092179654,0.9612350978837156,0.15778770954392174,0.07077755958022532,0.1565416251476985,-0.035445176419265256,0.17385547028300022,0.15853872625678797,0.08368152714909921,0.0696854830834753,0.1429665830309299,0.5521008404573228,68.49495300566005,0.6849495300566005,0.16398575754777134,0.15106471239562816,38.68303051,270.8754835471877,46513.654526052946,1042.8925110746993,0.44776651722307564,2026-06-09 21:27:00
10,1724.0005250455858,492.57654688693594,2216.5770719325224,1385.3209789304142,241.93533047186898,1627.2563094022833,-18.96148852074674,-827.8400818957092,100.0,0.48718741165901375,0.36932325915296615,AP0151,False,4,1.6405573650118874,1.6405573650118874,0.654653782608127,0.016783342235778376,0.7206518750699596,0.7206518750699596,0.17345213150300964,-0.16643720462942063,0.797328788548246,0.3399473155700487,0.0015530936742413903,0.5341239601608306,-0.5341239601608306,0.301278212714015,0.2885830917421406,0.29597384748948,0.15578380111728649,0.36783083398359356,0.5825798112659197,57.404971526154746,0.5740497152615475,0.18636904392452736,0.23958124081392515,38.68303051,270.8754835471877,47110.80032003404,1040.1249884853282,0.45678746094089673,2026-06-10 04:34:00
10,1748.9962109683001,45.49026393073311,1794.4864748990333,1602.5264358392842,74.058571918697,1676.5850077579812,50.03587405531641,-11.742373080512209,100.0,0.43567626540164994,0.41209597197343967,AP0152,False,0,1.7862686805646861,1.7862686805646861,0.4641135091127036,0.07563268545867596,0.8592381392940193,0.8592381392940193,0.25369299784721827,-0.25369299784721827,0.8408283317046569,0.09210911515430104,0.09210911515430104,0.13765040045731386,0.009219451838955325,0.11693182765156988,0.11131060345548065,0.20994928309348876,0.08130292123490797,0.1391601565891684,0.4899942441469126,71.15277172170163,0.7115277172170162,0.09815900106246724,0.19031328172051648,38.68303051,270.8754835471877,52139.96147351704,1036.1099498140468,0.4715821657970318,2026-06-10 12:19:00
10,1909.158827655131,64.62179784157478,1973.7806254967056,1507.2655133246649,110.08785923941235,1617.3533725640773,96.00909522813097,38.007099435815235,90.0,0.4743919470070992,0.40310649642057383,AP0153,False,1,1.9196735408316048,1.9196735408316048,0.5399116336300528,0.030034952782125424,0.7623760076171516,0.7623760076171516,0.3640569112941052,-0.34244361347058083,0.8965045233432286,0.12088516688987411,0.02529648317601979,0.2856726234324623,0.09873293133410604,0.16469403517112388,0.05314467614309319,0.12333695419678581,0.10810061001156748,0.17364719492256153,0.535075859132895,67.8650647984966,0.678650647984966,0.1503186217255262,0.17103073028950785,38.68303051,270.6888093640446,50138.96960871739,1037.2386876338367,0.4660734359760757,2026-06-10 19:46:00
10,1814.894140886943,107.22277144402187,1922.1169123309649,1394.3896632268466,235.1730326369409,1629.5626958637874,117.65664089309043,-16.687838569929568,100.0,0.45116224180498615,0.3926513985115504,AP0154,False,1,1.8283592920929737,1.8283592920929737,0.37118512863016967,-0.1784196298549483,0.2187231509501991,0.2187231509501991,0.24505671207212187,-0.04624616284197291,0.6658310709363662,0.3391758479772272,0.10122721526207862,0.30162692274786723,0.14450290081530218,0.3292071373291606,0.3292071373291606,0.07731223172996599,0.073986613860998,0.2618305349460553,0.4638308029412107,64.25260676394039,0.6425260676394039,0.1469630268292861,0.21051090553131005,38.68303051,270.3621295435442,49928.00990975821,1092.4684932971938,0.4698447028625971,2026-06-11 03:08:00
10,2009.0759980426376,123.89113448839196,2132.967132531029,1491.7230848972772,150.95971075471164,1642.6827956519887,235.46319770768991,156.002666572335,100.0,0.46364550426149753,0.365588636885689,AP0155,False,3,2.0321875883396068,2.0321875883396068,0.8490182899102127,-0.6569286972484008,0.30658852461707803,0.28839373221231585,0.3525395394101963,-0.3525395394101963,0.8850834855692734,0.191283721177755,0.10118160492143444,0.21269591440556745,0.21269591440556745,0.24548018669707716,0.22709928092674425,0.16750354463279837,0.14198986329043878,0.20424084172829948,0.5446621636487865,67.62038048269191,0.6762038048269192,0.17000057581094433,0.15379561936213648,38.68303051,270.3621295435442,54010.55185837323,1085.978707941321,0.466214945808994,2026-06-11 10:58:00
10,1874.1942895053494,334.68414008811817,2208.8784295934674,1292.1150304191735,180.5329018891938,1472.6479323083672,-0.9343075803994907,-517.6048233108135,100.0,0.5159871816713164,0.36874108221429625,AP0156,False,4,1.8721653383984262,1.8721653383984262,0.5323796280316991,-0.5323796280316991,0.3911774301128346,0.3911774301128346,0.24979666685050272,-0.18447896566192157,0.7613797658483656,0.19420312939820417,-0.18589735956928755,0.5115892104488341,-0.2669428090110063,0.2438839432974551,0.2438839432974551,0.05227327368657388,-0.05227327368657388,0.2504873892077668,0.5059335775280662,68.93970821422688,0.6893970821422688,0.1658897281311395,0.1447131897265917,38.68303051,270.35441886312844,50236.37628556919,1063.0441945348025,0.4650738700673597,2026-06-11 18:36:00
10,1534.210741003781,62.70530659842274,1596.9160476022037,1330.7593674948282,129.50503107453648,1460.2643985693649,84.2916109786176,7.40583236658,100.0,0.4422527155762871,0.4149223857697192,AP0157,False,0,1.5543600699593025,1.5543600699593025,0.3797958353076951,0.3797958353076951,0.856701999760125,0.856701999760125,0.24421979924201073,-0.20090847397807043,0.7587694260672833,0.25364730085652026,0.08594875051326678,0.08818515291563656,0.08818515291563656,0.2727571594589111,0.2727571594589111,0.13005816618913826,0.11707312059214009,0.18616194485505155,0.4724656854611674,70.87437249317207,0.7087437249317207,0.07972764671832977,0.21152862834994962,38.661193440000005,270.33385704868624,49874.1088925456,1062.5794229835406,0.46309488166857055,2026-06-12 01:58:00
10,1815.781967365475,394.2354754820358,2210.017442847511,1406.668188309286,590.7921021830059,1997.4602904922922,489.9667998564577,88.9754678587285,100.0,0.434354566954406,0.39184313648336183,AP0158,False,3,1.8523056589409779,1.8523056589409779,0.48800617943116187,-0.48800617943116187,0.2690523297612321,0.028709657766360086,0.27563692365375675,-0.07009506650513901,0.721250272946782,0.35110635090573383,0.2425471744896586,0.868683151450353,0.868683151450353,0.2648429682743905,0.2611153117354157,1.132362736648357,1.1196058959771766,0.6542488018197086,0.6877495373832454,72.61908325123001,0.7261908325123002,0.13950207164741357,0.13430709584028627,38.661193440000005,270.33385704868624,50521.24992673564,1063.9875641245842,0.46520550621890966,2026-06-12 09:41:00
10,1864.9344841519946,12.29726499890096,1877.2317491508957,1516.3035775706073,131.90759916446177,1648.2111767350693,128.10172719037956,172.8461578099254,100.0,0.4788213992414593,0.433017284758294,AP0159,False,0,1.8514224164759685,1.8514224164759685,0.5459814942506017,-0.2954144223494051,0.35058046503801293,0.35058046503801293,0.1467351198909703,0.012851804909159563,0.7236798739138883,0.07722235933860867,0.023507053006415923,0.4741307439037298,0.31829363022959023,0.3033587193784209,0.2838669005747391,0.10805904706843603,-0.026665583697695755,0.24069271742229884,0.48218629566809357,79.06775670112962,0.7906775670112963,0.06742519133641707,0.14189724165228654,38.661193440000005,270.33385704868624,49746.596643238925,1081.4262780975805,0.46736079007166165,2026-06-12 17:16:00
10,1713.0745712689625,66.26965901992477,1779.344230288887,1304.0673790524907,121.02441539809877,1425.0917944505895,36.41940772449573,-42.843919248868815,90.0,0.48851088027768286,0.417660393110023,AP0160,False,3,1.7380248134801521,1.7380248134801521,0.5234978240291027,-0.20065743228649424,0.6262610657581932,0.30635454532021233,0.3292968521837601,-0.20304881688406398,0.8042701388628021,0.1343078567995981,-0.0772731446003334,0.1737603996722645,0.013441337883242446,0.24087283263903614,0.07730395057426476,0.1686806886329488,-0.11700350662090606,0.1794054444359619,0.491837791649382,65.36215586362145,0.6536215586362146,0.14211354708239224,0.20426489428139316,38.661193440000005,270.2033740983223,49757.11821770382,1102.9892955398598,0.4651754867071772,2026-06-13 00:38:00
10,1719.3094224864951,238.433159025412,1957.7425815119072,1416.1709096119814,211.56473204543101,1627.7356416574125,98.96088518903184,-256.59320194561633,100.0,0.4608664816107769,0.3948650936398781,AP0161,False,1,1.7097608538000575,1.7097608538000575,0.3717353401067561,-0.29440884418499846,0.24159910976791954,0.24159910976791954,0.21276205880750643,-0.19189799001754504,0.63396434062056,0.21469419544737675,0.03723778672357371,0.30987109079458053,0.0665383339229909,0.4861250710624049,0.4861250710624049,0.2016625795085408,0.18975185319229107,0.3030882342032257,0.46852628741189284,73.58917465220368,0.7358917465220367,0.09803702804957856,0.16607122542838468,38.661193440000005,270.2033740983223,49916.37991528265,1071.731471703839,0.45994619144153503,2026-06-13 08:38:00
10,1829.5502752219238,168.29321955294114,1997.8434947748651,1435.87605937163,167.8472837743812,1603.723343146011,55.40076285334533,-225.02342347214704,100.0,0.4995071633917078,0.4206831330659365,AP0162,False,1,1.857887266375964,1.857887266375964,0.44848645340626375,-0.2289754198708329,0.2549247592176287,0.2549247592176287,0.19735251755978345,-0.19735251755978345,0.68966274913991,0.23773156253509378,0.23773156253509378,0.2384718686730109,-0.16357185059852525,0.2531304326374586,0.14253473636121278,0.1561592624845694,0.0946322597550368,0.22137328158253317,0.4555180153612216,82.04861096752636,0.8204861096752636,0.06895839545602223,0.11055549486871422,38.661193440000005,270.2033740983223,50636.999040312934,1088.810052651557,0.46701786989497573,2026-06-13 16:16:00
10,1611.5726144976259,128.49527586940337,1740.0678903670293,1503.1083645881222,121.30533834353605,1624.4137029316582,2.4787496565292884,-229.06752125522587,90.0,0.42941794572017294,0.4062871082330989,AP0163,False,1,1.5147423176221932,1.5147423176221932,0.230426885248164,0.011336201411417576,0.26182122316125067,0.05050496580407712,0.456626308924122,0.2980228547324926,0.6159041837389324,0.13610171071337065,0.10812726544458093,0.21327403927282482,-0.10456676643116938,0.41153930312437087,0.3481445655311306,0.12273774518097424,-0.04293526086689044,0.22091319957288516,0.4184086916559088,68.27180915430661,0.6827180915430662,0.07813474167212492,0.239147166784809,38.661193440000005,268.83244508966925,51197.85007648731,1090.8798543331263,0.46834167096829465,2026-06-13 23:47:00
9,1440.4808966188064,277.1282522427608,1717.609148861567,1215.676591577497,231.2664347541633,1446.9430263316601,212.05039188067778,-183.51105690152093,88.88888888888889,0.4198030148361133,0.3596549876072451,AP0164,False,2,1.453135156179031,1.453135156179031,0.4064070457490882,-0.19562693860733707,0.21708345033181772,0.03384969629656257,0.14619345763356842,-0.028721857221944997,0.5557047774733764,0.5490947015891234,0.5490947015891234,0.4053752006003541,0.05387162321624095,0.2560799074343663,0.2560799074343663,0.3469005132513003,0.3469005132513003,0.38936258071878604,0.4725336790960812,70.82211568321414,0.7082211568321414,0.12278353036371618,0.16899531280414237,38.63335399999999,268.69535218880395,50175.30087057901,1141.49496932108,0.4626601321232604,2026-06-14 07:52:00
10,1597.993325728531,296.9676839464305,1894.9610096749616,1265.1960101008501,300.51747001939907,1565.7134801202492,55.576677142232285,-323.6911087159119,100.0,0.4652015822036442,0.39935207629270203,AP0165,False,4,1.644804941674125,1.644804941674125,0.6085805296185982,-0.36280229211339193,0.3022597310119582,-0.007188280048911265,0.16051918555166939,0.02867062469929609,0.6790410969640878,0.4354245540241616,-0.4354245540241616,0.2784108828770157,0.12851513589066718,0.27179838875296547,0.25316383003781984,0.2548564030742466,0.003897652698931234,0.31012255718209736,0.4945818270730925,72.89123557366597,0.7289123557366597,0.1122670661555655,0.15882057810777472,38.633354,268.69535218880395,50434.7749035723,1119.8661531568632,0.4575848042351001,2026-06-14 15:40:00
10,1452.9842915542436,234.24212063991018,1687.226412194154,1263.1094423012955,98.75363888505902,1361.8630811863545,96.47746960477409,-280.1543412799278,90.0,0.4539708296897319,0.38889816348817186,AP0166,False,1,1.417972627115808,1.417972627115808,0.37918569534578306,-0.006255425434476454,0.33928691268231664,0.28982283867252384,0.10113337423263552,-0.10113337423263552,0.5593946523441358,0.23198162414305792,0.23198162414305792,0.444317114394758,0.1025728237823192,0.4017084966638284,0.4017084966638284,0.11239510093937329,0.10895403146461967,0.2976005840352544,0.4284976181896951,67.7053590858021,0.6770535908580211,0.1151308997495203,0.20781550939245852,38.633354,268.525595553321,50687.260631165984,1072.4168793715905,0.45654372389712916,2026-06-14 23:22:00
10,1907.3228022744865,81.61642723406817,1988.9392295085547,1428.9668278789904,319.8309654779591,1748.7977933569496,0.0880367886167619,-146.58295062051064,100.0,0.44388568513041626,0.39585739790009505,AP0167,False,2,1.9153094819929917,1.9153094819929917,0.575445771249634,-0.5636198530287019,0.406037061056208,-0.10184489459412834,0.3271184571406798,0.1058328647861923,0.8059776928598783,0.20003033850129864,0.043321494113332304,0.24563559042444233,-0.1844402523470025,0.36049847565478227,0.06308531995961915,1.0758731950237808,0.848645017532351,0.470509399901076,0.6382435463804772,71.239339811662,0.7123933981166201,0.10800812853233105,0.17959847335104892,38.633354,268.4878718565471,50227.07332732884,1092.9077090094802,0.45912933426133345,2026-06-15 07:15:00
8,1440.346477717148,15.035083725006753,1455.3815614421546,1175.8694673016475,87.81308469170267,1263.6825519933502,48.09588917963808,66.858431697016,100.0,0.43279797432046374,0.38487322195826273,AP0168,False,3,2.208755085580799,2.208755085580799,0.8952715957282682,0.060449712049999105,0.6472767383153505,0.6472767383153505,0.2533359886381736,-0.06280048203764231,1.0011598520656477,0.14019946038916734,-0.14019946038916734,0.3659325006672215,0.2678632402965141,0.23694409421839518,0.2063811510904457,0.17324340837566246,0.03516830754990746,0.2290798659126116,0.6151198589891297,73.33522315428759,0.7333522315428759,0.10067554188071781,0.16597222657640637,38.633354,268.4878718565471,45770.70839577881,1110.4395816678327,0.4781121909405818,2026-06-15 14:51:00
10,611.5941928674617,83.3504394188431,694.9446322863048,588.6629277075909,294.57944296506605,883.242370672657,83.87132472052764,-26.791203606990052,80.0,0.2994807091440038,0.3371402568212739,AP0169,False,0,0.7096068699154078,0.64057264650399,0.4224130948816302,0.22278760253601315,0.5222557023920965,0.5222557023920965,0.10067607553510893,-0.10067607553510893,0.4387379356810608,0.2077897523238245,0.14085368415731828,0.22928195255683695,0.08037247962299901,0.24663313607263054,0.07601189828149854,1.2512705907199724,0.9188986381876081,0.4837438579183161,0.4612408967996885,72.62295031042878,0.7262295031042878,0.042315850408485796,0.23145464648722647,38.633354,267.61327744578233,53077.04837138942,1080.286576150105,0.4645024522069187,2026-06-15 22:57:00
10,1255.373635827366,113.54316602213908,1368.916801849505,1257.594383188322,233.25101948064918,1490.845402668971,162.7567159617635,90.50086757980716,90.0,0.3624057784233051,0.3867914985871984,AP0170,False,2,1.273383055962093,1.273383055962093,0.27164768067006934,-0.1312914371470316,1.2112249375195245,1.2112249375195245,0.1054292023089683,-0.06912330849604106,0.7154212191151638,0.18015203332118487,-0.14426717148131138,0.4300429961358632,0.4300429961358632,0.48131350059621747,0.48131350059621747,0.2835872361052909,0.023106867386610525,0.3437739415396391,0.5295975803274015,70.43130460975291,0.7043130460975291,0.1424641151483263,0.1532228387541447,38.633354,267.28530454174546,51052.27664378614,1089.9363468051986,0.46454875433955733,2026-06-16 07:14:00
10,973.3261475031832,316.70440521022624,1290.0305527134096,1080.2897430925007,179.1553629255415,1259.4451060180422,42.463018360697106,-457.09183520006036,70.0,0.2822520898703507,0.2761350005312771,AP0171,False,4,0.946591256562986,0.946591256562986,0.6868996410279675,0.437236092887394,0.8939039926110465,0.8939039926110465,0.23552156467574625,0.09479779985967433,0.6907291137194367,0.1455818764234112,0.011749213920991028,0.2076550046616477,-0.1279419970308643,0.4816855347519703,0.4816855347519703,0.17605413293938524,0.14398366449187763,0.2527441371941036,0.4717366254567701,69.97863436383892,0.6997863436383893,0.1355159148425546,0.16469774151905614,38.633354,267.28530454174546,49579.58377644747,1109.166755826755,0.45780277579564116,2026-06-16 14:54:00
10,1602.93965024697,127.04500610458206,1729.984656351552,1435.5701053476266,141.0069026618985,1576.5770080095253,121.10417483672386,-1.519380173758421,90.0,0.4621574659300475,0.431475936261642,AP0172,False,2,1.5552071871345348,1.5552071871345348,0.19668740973082946,-0.06214110674068987,1.1327335096135813,1.1273080400253126,0.08745163626734931,-0.025352894429718113,0.7430199356865738,0.1649367139084868,-0.1393135724941893,0.3311013275914478,0.2833545767451683,0.3821858242814062,0.3821858242814062,0.11335049070641376,-0.011734190975493115,0.24789358912193865,0.4954567624042562,69.77450250230696,0.6977450250230695,0.07967490955247566,0.22258006542445488,38.633354,264.93334014025874,50600.082973913144,1103.802787045685,0.4593525543542663,2026-06-16 23:35:00
10,1697.4790881925614,65.35439437095546,1762.8334825635168,1551.370852484053,78.17226097632812,1629.5431134603812,111.6618963156094,50.079799543210925,100.0,0.43196017968889205,0.4053021058682648,AP0173,False,3,1.6808715648772947,1.6808715648772947,0.3223656839888203,-0.2305470295678662,0.9528811469842869,0.9528811469842869,0.17100919233653541,-0.17100919233653541,0.7817818970467344,0.18605972723191108,0.14588083049414072,0.09525925350887303,-0.012951501683403276,0.08030533925437836,0.07472122328404916,0.12312290056859587,0.08390364362780446,0.12118680514093957,0.451484351093837,73.88973264520219,0.7388973264520219,0.07225685666923806,0.18884581687874014,38.633354,264.6981437001101,50654.40195480609,1117.5301154834583,0.4658108035331722,2026-06-17 07:35:00
10,1421.2036744595164,121.7843468579311,1542.9880213174472,1327.0178256407053,172.87113493627953,1499.8889605769846,58.84905331651433,-125.51037422737505,90.0,0.45759695315460525,0.448977141006513,AP0174,False,3,1.391749720407578,1.391749720407578,0.32830375698599484,0.08327144464035673,0.43349232109684355,0.1640212391222363,0.12587078315300584,0.08069583966713206,0.5698541454108556,0.2677898454609499,0.07492963790047995,0.32652753133221707,0.025461352137194818,0.17462168428111047,-0.08146196430533163,0.08836945377675799,0.03166667241339648,0.21432712871275886,0.3920906370618072,76.49096191076157,0.7649096191076157,0.08689176848795753,0.1481986124044267,38.633354,264.6981437001101,48436.554784071144,1113.3952100732472,0.45121891331341596,2026-06-17 15:10:00
10,1422.1564010000013,529.6821148953892,1951.8385158953906,1101.655689114421,264.8490140883147,1366.5047032027358,-6.199401847454936,-872.5658796047596,90.0,0.4991265477218712,0.3820597851833401,AP0175,False,4,1.4098748682626365,1.4098748682626365,0.29381619385931596,-0.09413269815765102,0.17074839520955162,0.17074839520955162,0.15877958158504418,-0.15548660495411393,0.5083047597291371,0.3829733996694662,-0.02962147804117056,0.5151315973755783,-0.5151315973755783,0.43297399592590347,0.43297399592590347,0.06201636368097457,0.05836113600331199,0.3482738391629806,0.42828929944605887,68.14622211976875,0.6814622211976875,0.10327259885320501,0.21526517994910746,38.63335399999999,264.24208307056364,49919.76830399463,1085.6574636220723,0.4543172787040649,2026-06-17 22:34:00
10,1464.434233388555,56.80206397503107,1521.236297363586,1268.4376986771247,71.99932857771714,1340.4370272548417,5.538456852491947,-80.3306487354817,90.0,0.42090996929942,0.38475011527767095,AP0176,False,3,1.4900396070625117,1.4900396070625117,0.3691477518617183,0.059721667939279355,0.4123175662069471,0.3016187616025164,0.15417265357585344,0.025854864797318067,0.6064193946767577,0.07644606598575376,-0.037927186377571274,0.13496250152825562,-0.0690789216785483,0.09586303771621187,-0.0012720338163472057,0.07547672025412065,0.07448348951906027,0.09568708137108548,0.3510532380239216,67.43467254270297,0.6743467254270297,0.14116170594894256,0.18449156862402769,38.36008214,264.07106033448366,51640.705201300545,1094.2121068423126,0.46315092728407325,2026-06-18 06:37:00
10,1476.090863467921,352.90370228332256,1828.9945657512437,1359.892056040845,192.67235555066446,1552.5644115915095,28.442146375678135,-521.3667052115809,100.0,0.4179319958459343,0.3626459650139874,AP0177,False,4,1.3980510829030433,1.3980510829030433,0.7495709639011233,0.3280185495379296,0.2729817828614007,0.2729817828614007,0.4416490552885594,0.12614808744509035,0.7155632212385317,0.219666691948182,-0.058182716689321665,0.271401436853538,-0.2073943347821659,0.36958414953191665,0.36958414953191665,0.19440986065342042,0.08692621516652667,0.2637655347467643,0.48966437799264795,74.24335351979437,0.7424335351979438,0.07397315609166814,0.18359330871038804,38.36008214000001,264.07106033448366,49389.000996842755,1098.1480512447154,0.4672616811338887,2026-06-18 14:23:00
10,1343.491431657942,75.38618137606228,1418.877613034004,1263.295392764453,63.75625925881209,1327.0516520232654,43.486306924298404,-80.31623208442112,90.0,0.4394857149492758,0.42112052274712786,AP0178,False,0,1.2973536422997534,1.2973536422997534,0.2819499970040605,0.0037953159077649032,0.237968421037236,0.19219823260381952,0.09066868590609135,0.028549439319232744,0.4769851865617853,0.20560890512556673,0.12461759182850712,0.12221386521977055,-0.03276808164714422,0.2436603996995669,0.2436603996995669,0.1107178458286475,0.09773280023164994,0.17055025396838794,0.3237677202650866,73.73316950812031,0.7373316950812031,0.0837938033603143,0.17887450155848267,38.36008214,263.7436215972739,50165.97640974843,1081.9353283245575,0.4590300250609168,2026-06-18 22:29:00
10,1463.147576921342,171.10996111281122,1634.2575380341534,1209.6998086648853,149.54290872578815,1359.2427173906733,-67.80170694089315,-434.65369390025523,90.0,0.39251007817018013,0.3375071140414841,AP0179,False,1,1.4149243305303127,1.4149243305303127,0.3171568578047576,-0.27338019413570586,0.33014546737831046,0.3265239266978892,0.11955404182740464,-0.10690076133892679,0.5454451743851964,0.2763865084135246,0.2763865084135246,0.3497701665316543,-0.3497701665316543,0.3152773792522141,0.3054242506303455,0.41935478265451853,-0.1838444813641069,0.3401972092129779,0.44282119179908713,70.13008619595749,0.7013008619595749,0.08084889313818,0.2178502449022451,38.36008214,263.6208320708202,49107.49892825473,1134.3852173735752,0.46185181229395766,2026-06-19 06:26:00
10,1305.365312642332,82.01581394899391,1387.3811265913257,1087.63091540797,65.65655024647629,1153.2874656544464,61.21502548730098,-52.77864080935511,80.0,0.401833316002213,0.355014583814837,AP0180,False,0,1.3038226163363726,1.3038226163363726,0.3604509499697594,0.12368107261946489,0.3031935882319376,0.3031935882319376,0.07231754556152312,-0.011256942300328565,0.5099461750248983,0.12660603023947425,0.12660603023947425,0.05369422392163489,0.0357484699884969,0.27264321963493615,0.27264321963493615,0.32413459408719825,0.1954882322286175,0.19426951697081088,0.3521078459978545,70.57977974260392,0.7057977974260392,0.11890940982783,0.17529279274613077,38.36008214000001,263.6208320708202,48406.589244730094,1090.6484145260479,0.4531998968615053,2026-06-19 14:49:00
10,1460.270404117032,466.00371589572575,1926.2741200127575,1361.182118433563,468.8059860347956,1829.9881044683584,278.93479763230937,-330.3727037599656,100.0,0.39505475634922294,0.37579755324034286,AP0181,False,2,1.4069815509580728,1.4069815509580728,1.0513764700007437,-0.8856189337869232,0.7807331014975342,-0.7807331014975342,0.1946630348258738,-0.102212675863616,0.8584385393205561,0.419342338110845,0.05596740824127615,0.38166261625964365,-0.38166261625964365,0.2318651538145216,0.08124377298750408,0.23874537219160463,0.028741019567590478,0.3179038700941537,0.588171204707355,61.566424845284466,0.6156642484528446,0.1453188528826246,0.23901689866453069,38.36008214,263.6208320708202,48124.90520522037,1103.1531964353567,0.45670944659426144,2026-06-19 22:41:00
10,840.200746584891,82.77991631248975,922.9806628973807,801.450506260443,81.20744994943936,882.6579562098824,124.55854562299646,-8.039587975438963,50.0,0.18712903637901399,0.17906449504151448,AP0182,False,0,0.8011061380611858,0.8011061380611858,0.09845105767290017,-0.09845105767290017,0.09714850050579861,0.016027196636477083,0.12610742256913432,0.05437958787437077,0.2807032797022547,0.4981505834452281,0.4981505834452281,0.1892662508651802,0.1420998658961315,0.38907949385956875,0.06814929049605745,0.06663310823643451,-0.06663310823643451,0.2857823591016029,0.2832428194019288,72.27615768788192,0.7227615768788193,0.11605401201245291,0.1611844111087278,38.36008214,263.6208320708202,67942.79100228025,1152.8315055411304,0.4019354658627292,2026-06-20 06:49:00
10,857.6038154126976,71.88211774977457,929.4859331624724,794.6830405371771,167.1886086341965,961.8716491713736,35.871389441730116,-67.93785333489643,100.0,0.3559327681744937,0.36240991137627315,AP0183,False,1,0.8445966192494822,0.8445966192494822,0.3969898745501949,-0.3969898745501949,0.2744716889639562,-0.24171409320818202,0.32619459555726343,0.32051164133884097,0.46056319458022416,0.09993466374293618,0.05056959986982128,0.23392577664266873,-0.08889203851365533,0.2566104675889581,-0.1964741704326624,0.398202252432643,0.398202252432643,0.24716829010180152,0.35386574234101287,61.809401595145594,0.618094015951456,0.1642205216386546,0.2176854624098895,38.9181859,263.6208320708202,48932.86438301942,1147.4508942160394,0.44811847392746146,2026-06-20 15:50:00
10,1618.6391135557972,6.60549344557476,1625.244607001372,1354.2915610878235,35.32904657403395,1389.6206076618575,-25.63856040584028,-54.9016535247154,90.0,0.43301117980899273,0.38588637994108976,AP0184,False,3,1.5314245632402208,1.5314245632402208,0.9909940977665315,-0.9909940977665315,0.5659008426387481,-0.5593407721334132,0.32883252523220335,0.07176787124146318,0.854288007219426,0.03721776718728231,0.013281305262666673,0.15035473267272184,-0.09745651296757929,0.14004566129880996,-0.07999819579202169,0.11113887402565578,0.05799795582338286,0.10968925879611749,0.4819886330077717,64.8089817681888,0.648089817681888,0.12493108104011452,0.22697910127799747,38.9181859,261.78818904751733,48652.847399983075,1126.0121094344145,0.4512114942532387,2026-06-21 01:28:00
10,1490.0510328753164,53.510076858510494,1543.561109733827,1368.400112321095,97.14331832456276,1465.543430645658,-44.625980913853454,-180.52605011071455,90.0,0.35914423744435336,0.34354070162671974,AP0185,False,1,1.420910744705857,1.420910744705857,0.7833029147338824,-0.6537769047338241,0.6825505093600482,-0.6825505093600482,0.3000241156587516,0.3000241156587516,0.7966970711146348,0.1604686341407897,0.11788251638564035,0.22404507491869016,-0.1692259176022064,0.15413336626088173,0.0039024963470598376,0.317029873394719,0.15135686734685244,0.21391923717877015,0.5053081541467025,67.10540922287353,0.6710540922287355,0.18770765227533354,0.14123825549593105,38.9181859,261.78818904751733,49449.682274772575,1151.265008893234,0.4480431891685704,2026-06-21 09:29:00
10,1557.732499902058,72.68702010257822,1630.4195200046358,1316.319932008537,96.52629269886683,1412.846224707404,-8.020736889919704,-134.15953285881218,100.0,0.4348807777066768,0.3913661186472305,AP0186,False,2,1.475648950686449,1.475648950686449,0.2913671887287132,-0.07896895687200244,0.2576333866455404,0.20999266880113532,0.1675181642181294,-0.05179484044341478,0.5480419225697081,0.05787885934033151,-0.0038270753665190435,0.214648140737707,-0.14782212589289223,0.1349377663107344,0.10212517425016768,0.14649642088677786,-0.010697727079964324,0.1384902968188877,0.3432661096942978,73.01234197969465,0.7301234197969464,0.11849258364246386,0.1513839965605897,38.918185900000005,261.78818904751733,48382.34886609675,1125.7608332906032,0.44570946401784656,2026-06-21 17:19:00
10,496.55037354456636,-30.92939249227734,465.620981052289,459.4505710919795,151.26136245852706,610.7119335505065,-181.31125883175253,-262.9261908683618,80.0,0.3211009088677482,0.35011909936739166,AP0187,False,0,0.4703378097040553,0.4703378097040553,0.2694736631327526,-0.2694736631327526,0.2964746751500889,-0.2964746751500889,0.2023095341463773,0.12486005438240892,0.3096489205333185,0.2221659046516356,0.2221659046516356,0.5312420890114524,-0.5312420890114524,0.45621728417705304,-0.45621728417705304,0.16160984063032896,0.052006428933999926,0.3428087796176175,0.326228850075468,64.03645857564088,0.6403645857564088,0.1233817526181193,0.236253661625472,38.9181859,260.1628198054785,50949.321294407724,1144.6515021371779,0.43055311584543804,2026-06-22 01:16:00
9,1464.4766458049494,85.78533780473637,1550.2619836096856,1304.0474761560688,132.38847398282786,1436.4359501388967,22.469450634860266,-136.60135772340112,100.0,0.4045678029187332,0.37927312881411346,AP0188,False,1,1.6972077302778814,1.6972077302778814,0.9472881827651175,-0.9472881827651175,0.5989708478587895,-0.4860741925145515,0.26839685108810063,0.2418260874620463,0.8779659029974722,0.18038947169045186,0.18038947169045186,0.3635022632036702,-0.05354136532268902,0.2649189390127754,0.23880878608647454,0.17843143142130935,-0.07602429240716385,0.2468105263320517,0.562388214664762,72.62896642012767,0.7262896642012766,0.10413796974478494,0.16957236605393855,38.9181859,260.1628198054785,50272.224243476296,1138.610815239008,0.44886256153283294,2026-06-22 09:27:00
10,1668.8083419796014,156.65559105594753,1825.463933035549,1432.9713925528172,150.05296811033304,1583.0243606631507,231.3056061388836,50.61923994407198,100.0,0.47024434994196956,0.42175643546748987,AP0189,False,3,1.5585563930966189,1.5585563930966189,0.5140273434019025,0.022603239396668456,0.406934549185743,0.3217922314228247,0.16446149407957905,-0.024610985206320324,0.6609949449409609,0.3913425206386479,0.3578508254112655,0.32589091483500443,0.2278216544642974,0.2033396578554816,0.1918516830752632,0.0882445488437331,-0.05401248165494623,0.25220441054321674,0.4565996777420888,72.57204105498306,0.7257204105498306,0.11076384299909155,0.16351574645107797,38.9181859,260.1628198054785,48488.6657523152,1108.9374279198087,0.45104418734629254,2026-06-22 17:30:00
10,1244.390351235535,525.9883810633253,1770.3787322988605,974.8158797743187,339.47417109861993,1314.2900508729385,-35.3659153185917,-876.1947144235027,100.0,0.45196314501043505,0.36074540872525057,AP0190,False,4,1.2405135798892968,1.2405135798892968,0.5397260248132855,-0.2051434841079919,0.18505662997515404,0.07029633311801134,0.10933779847112833,-0.09017306925705058,0.5186585082872162,0.3988639595044255,-0.2415328691600233,0.6094937040498989,-0.6094937040498989,0.27384750502407107,0.27384750502407107,0.40343377786219037,0.04271130426305536,0.42140973661014647,0.4700341224486813,67.47735364116184,0.6747735364116184,0.07747257609514883,0.24775388749323263,39.011745600000005,259.53462293396666,50087.45267180749,1119.6571244642348,0.4424681869683352,2026-06-23 01:25:00
10,1431.4073482505926,51.35428664560736,1482.7616348962,1331.3288926416856,51.21272314266656,1382.5416157843522,31.44063597984399,-53.84540423465188,90.0,0.43550261927160266,0.41545861544923346,AP0191,False,0,1.4108176395122591,1.4108176395122591,0.5858184305210608,0.5102042849759646,0.5281539007803275,0.040484106272629584,0.267406400710765,0.1652869667396001,0.6980490928811031,0.12132719996238642,0.12132719996238642,0.10517476289339782,-0.03571541850889287,0.12139169020121549,0.11577046600512636,0.11801513812079134,0.024002747710616328,0.11647719779444776,0.40726314533777547,70.41753166784619,0.7041753166784619,0.16344195678198742,0.13238272653955063,39.011745600000005,259.53462293396666,52590.11106647529,1077.8927077988496,0.4312983744394003,2026-06-23 09:32:00
10,1278.0765742895392,105.95193456637801,1384.0285088559172,973.2641940513187,301.018645447794,1274.2828394991127,219.28430439801082,139.09560394313132,80.0,0.41183868139890845,0.38988954752754784,AP0192,False,2,1.271019922814556,1.271019922814556,0.2575821577736604,-0.06344962694468141,0.1938461414282334,0.1938461414282334,0.07724972218642977,-0.045406508167526234,0.44992448605071983,0.297400584218164,0.19896732345247514,0.4587638659326435,0.3597082019782265,0.45090604412590884,0.06321970898025221,1.2588662977799754,1.0677677580773555,0.6164841980141729,0.5332043420324464,71.22162920900416,0.7122162920900417,0.12458713682241547,0.1631965710875428,39.011745600000005,259.53462293396666,50072.94707913207,1096.118162552362,0.4353190275906991,2026-06-23 17:24:00
10,1123.4499774883625,224.16184685311518,1347.6118243414778,895.6566101833992,130.26802845024048,1025.9246386336395,-9.982633232252482,-347.70765505333776,100.0,0.4740997169020984,0.40976227976053076,AP0193,False,4,1.142299441398088,1.142299441398088,0.3813622807632766,-0.3349639712814507,0.3124431669587855,-0.18424066473340128,0.279342898167453,0.2029131511748754,0.5288619468219008,0.21499631763810184,-0.1814569013083313,0.3156507115565611,-0.21998132064350123,0.14077875653666527,0.12162373156009212,0.14590250727956136,0.02409228183418131,0.2043320732527224,0.3665970100373116,64.57168749074502,0.6457168749074501,0.11834470277002282,0.23593842232252707,39.0117456,258.8236152628452,50251.51917206089,1131.4406948148378,0.44289852244535144,2026-06-24 01:31:00
10,1055.0381384721627,28.776191184062135,1083.814329656225,902.5808849004309,301.9026650980925,1204.4835499985234,115.64277050945712,143.32573807146682,90.0,0.3750856563191708,0.39921950038763043,AP0194,False,2,0.9837389282416531,0.9837389282416531,0.23362990711438977,-0.08542693597273378,0.2339969885363626,-0.11916764627300602,0.32552873623756096,0.2106720575431378,0.4442236400324916,0.13049267818652413,-0.0201000636413761,0.635466087859642,0.335520917176207,0.29312342596350194,0.09430606972167724,0.430758467462231,0.430758467462231,0.37246016486797473,0.40834190245023316,64.90903076848403,0.6490903076848402,0.18712496911168688,0.1637847232034729,39.0117456,258.8236152628452,50136.959000424635,1119.2185836493925,0.43885191405411056,2026-06-24 09:18:00
10,520.3269777126798,46.44765222426537,566.7746299369452,432.94940654978245,116.34286752684903,549.2922740766314,-56.64512377467511,-158.25865553999185,60.0,0.3780768376658347,0.374580366493772,AP0195,False,2,0.5086230227500044,0.5086230227500044,0.09104971649299283,0.05379420285362405,0.07852879687289284,0.07852879687289284,0.012438952524933678,-0.009023691115837637,0.17266012216020593,0.11282710779136243,-0.03299396727430134,0.3043905630828031,-0.22090543586477163,0.18041464539479127,-0.08560305676038119,0.30778165447854966,-0.09500482821129175,0.2263534926868766,0.19950680742354127,68.15233541971674,0.6815233541971674,0.148363721949806,0.17011292385302654,39.01174560000001,258.8236152628452,48579.53373764904,1138.0847106090405,0.4253634582182381,2026-06-24 17:20:00
10,844.4582261263836,39.377003902436186,883.8352300288199,661.6479634204037,123.30189564176325,784.9498590621669,-20.662633715451193,-126.89995461944409,90.0,0.3995281948022694,0.37975112060893884,AP0196,False,1,0.8307566088037813,0.8307566088037813,0.5687615458909774,-0.5243597142161956,0.42440010879766654,-0.35832544554409923,0.19571922166732178,0.17357691864561053,0.5049093712899367,0.2682379747928429,0.16069235971202375,0.22440004586284373,-0.21402062250082715,0.23237316228747273,-0.23237316228747273,0.12683142826821495,0.12683142826821495,0.21296065280284357,0.3589350120463902,60.43351411312338,0.6043351411312338,0.15899614977276352,0.2366687090960027,39.011745600000005,258.0312631481766,49792.41915818268,1147.601975964693,0.4401678519499633,2026-06-25 01:20:00
10,697.0451303877852,414.20452188401146,1111.2496522717968,601.2823907824848,257.95972031984155,859.2421111023264,-20.500669693758113,-694.5061990287559,70.0,0.3261430206516941,0.27574151241780026,AP0197,False,4,0.70171498473585,0.70171498473585,0.2815002303565368,-0.2815002303565368,0.180825967102236,0.14664847276424722,0.1681846266513319,-0.029496952843396578,0.33305645221148866,0.2456464012251709,-0.08831531088076865,0.45825365698876097,-0.45825365698876097,0.2859902722866376,0.2859902722866376,0.2795029345293759,0.030317298662423275,0.3173483162574864,0.32520238423448755,69.1823778249205,0.6918237782492049,0.15571382264026143,0.15246239911053366,39.01174560000001,258.0312631481766,50383.1229347304,1076.757492229119,0.4667750713795508,2026-06-25 16:50:00
10,2030.8580803857599,481.73838283440625,2512.596463220166,1710.432559826802,226.17760442819036,1936.6101642549922,-8.822687737143696,-792.8495977312728,100.0,0.45494840876110565,0.3397511489680708,AP0198,False,4,2.0336357519602375,2.0336357519602375,0.6657439228168253,-0.4320096188216713,0.44656923373931495,0.0344326500026789,0.24148422062223743,-0.23540934299193497,0.8468582822846538,0.351452207679859,-0.03679002699105467,0.49775474557120203,-0.49775474557120203,0.3956999793307223,0.3956999793307223,0.3019706204507265,0.3019706204507265,0.38671938825812746,0.6167888352713906,70.68889790530595,0.7068889790530596,0.11871705229583834,0.1743939686511021,39.01174560000001,257.24987767998834,53179.33120533308,1061.9920058330317,0.4529270268216245,2026-06-26 01:35:00
10,2260.0554275301715,75.65355585921986,2335.7089833893906,1815.482692466901,83.46012041864822,1898.942812885549,53.75256458200806,-30.408807737120753,90.0,0.5024121913578103,0.4150589572570418,AP0199,False,0,2.2763843123630383,2.2763843123630383,0.7276023077711908,-0.7276023077711908,0.19746357573601578,0.1232983181120021,0.1606539664576814,-0.03546915456475904,0.8405260405819815,0.09904691770167434,-0.09196297363728057,0.26249069920370116,0.1382967886025524,0.15233399745194992,0.13878527047672837,0.11190790122746663,-0.01244626619080388,0.15644487889619801,0.49848545973908975,72.2733024603543,0.722733024603543,0.1621072484839208,0.11515972691253601,39.011745600000005,257.24987767998834,52940.70691150094,1043.0784761079483,0.4541152900896249,2026-06-26 09:40:00
10,1684.3647096353207,246.74692294865721,1931.111632583978,1339.2184612035924,201.95716924108754,1541.1756304446799,-10.663572709622201,-474.53209607288306,100.0,0.42459014373046183,0.3466029433026018,AP0200,False,1,1.7046401899318588,1.7046401899318588,0.6645599047196818,-0.6645599047196818,0.3269511168277503,0.19440830057528272,0.2568327868483324,-0.11544655845459827,0.7382459995819058,0.3656603136634052,0.3656603136634052,0.5276688921008089,-0.5276688921008089,0.34246459851508043,-0.022167684883985586,0.26865494601601636,0.2652138765412634,0.37611218757382775,0.5571790935778668,73.15059361113873,0.7315059361113874,0.13042928713783986,0.13806477675077275,39.01174560000001,257.24987767998834,52617.00767159624,1044.3180247998366,0.44893978712971333,2026-06-26 17:36:00
10,1684.145367078972,35.85570861205683,1720.0010756910287,1367.4728747531863,56.492687405010855,1423.9655621581974,-29.033870854415795,-103.21692947436566,100.0,0.4429856148240769,0.38377851211751046,AP0201,False,0,1.6806984388568236,1.6806984388568236,0.63853010927106,-0.4802416247963431,0.15397864686231094,-0.08932150120552423,0.20468339298581031,0.046269722354966014,0.6694726469940011,0.19015482325494246,-0.009717718276972022,0.22801842327394875,-0.16200468440686638,0.2532573554767718,0.05358442882757172,0.1093888433467074,0.1093888433467074,0.19520486133809262,0.43233875416604683,67.09957322893993,0.6709957322893993,0.13646834315398637,0.19253592455661425,39.01174560000001,256.5786412295219,53394.786472655105,1027.133124852329,0.45453497051957664,2026-06-27 01:11:00
10,1965.595072118025,23.483089568301217,1989.0781616863262,1544.631834727997,161.72927006711467,1706.3611047951117,95.68357258533794,100.29922071722359,100.0,0.43820783123690027,0.3816644198586573,AP0202,False,0,1.9642846615797025,1.9642846615797025,0.8872415965004105,-0.8872415965004105,0.28471323079813243,-0.2764925611188706,0.1498014464085491,-0.00560648607784484,0.8215102338216986,0.2039933898456823,0.12300207654862269,0.24177535015239132,0.24177535015239132,0.3640844595677722,0.35846323537168256,0.38395197921592183,-0.11358288462233224,0.2984512946954419,0.5599807642585702,67.12287371039088,0.6712287371039087,0.18202233415948726,0.146748928736604,38.71286826,256.5786412295219,51081.80838701683,1043.2208985166296,0.4547912874858491,2026-06-27 09:17:00
10,925.2549052044021,56.11999643614801,981.3749016405501,853.3884484805037,148.19242402296214,1001.580872503466,-42.10052058911759,-152.6180484298725,70.0,0.36224270947988074,0.36628390365246344,AP0203,False,1,0.7995198277652609,0.7995198277652609,0.19709787970790482,-0.07937676144013622,0.0699451221008115,0.028732785218440967,0.03270721285344635,-0.032247105742642175,0.2748175106068559,0.13910681361840413,-0.06528522957284305,0.28268729913008983,-0.23798426350160834,0.24838999501552828,-0.1882536978592324,0.09287439391138022,0.023844289726459897,0.19076462541885061,0.23279106801285326,67.79923190734513,0.6779923190734513,0.1611722713223264,0.1608354096042224,38.71286826,256.3986292481625,53015.96651731545,1031.3249663286308,0.4580833924218894,2026-06-27 17:26:00
10,2019.5850619183973,322.71220502856056,2342.2972669469577,1555.0412510999852,197.52351091063048,1752.5647620106158,-41.447086628304874,-584.863848467552,90.0,0.4185965654401711,0.30065006445290254,AP0204,False,4,2.025451061958505,2.025451061958505,1.0955863030715063,-0.9315728870661958,0.3566040688106879,-0.34333148729291524,0.26349609026504556,-0.2448087250887733,0.9352843810264361,0.22117777727207644,-0.043267178898348316,0.4658151767671429,-0.4658151767671429,0.13995149670876245,0.13995149670876245,0.06095920299282484,0.06095920299282484,0.22197591343520165,0.5786301472308188,60.863310290464845,0.6086331029046486,0.15733270509625108,0.2340341919991003,38.71286826,255.58857533204554,51382.399504997265,1051.3351378126683,0.45520507638161956,2026-06-28 01:44:00
10,1934.5512943190245,84.82218532184847,2019.3734796408726,1718.6565348394265,85.6542152806179,1804.310750120044,2.1668705570857583,-138.701164421062,100.0,0.4166818189246652,0.3736692730204995,AP0205,False,2,1.8513454384080188,1.8513454384080188,0.5695248686923584,-0.560120652093596,0.2940252638663158,-0.29293446032630804,0.3054512431514032,0.021687757401337163,0.755086703529524,0.12473081903636431,-0.009686089286116225,0.16397392991885112,-0.14025356209526968,0.09348311786712096,0.04915576124968786,0.18479116187593114,0.01755812533780536,0.1417447571745669,0.4484157303520454,64.1901037712104,0.641901037712104,0.20393106690098275,0.15416789538691336,38.71286826,255.58857533204554,49946.49211614003,1053.0646812075152,0.4409690653992094,2026-06-28 10:18:00
10,1616.9674032499884,140.87971876266806,1757.8471220126564,1219.162707412313,578.3099720221887,1797.4726794345017,-35.09724761327408,-271.1361544859846,90.0,0.36033203445376205,0.3682571459381313,AP0206,False,3,1.6607795913324284,1.6607795913324284,0.82344787436826,-0.6304419093417809,0.22162261768455696,-0.22162261768455696,0.24471540390145932,-0.21295779743595158,0.7376413718216761,0.3191400097833743,-0.07998769691728888,0.5231549727649414,-0.5231549727649414,0.9546396755232308,-0.9535169757515065,0.8013607863331051,0.4278487291238182,0.6495738611011629,0.6936076164614196,66.50803579954899,0.6650803579954899,0.1643792339254391,0.17054040807907106,38.71286826000001,255.5288725921513,52398.77447289754,1052.7482788628026,0.44591330949991587,2026-06-28 18:54:00
10,2246.2026644680664,53.76619034363534,2299.9688548117015,1929.9560198318734,50.20650205745224,1980.1625218893255,49.37164078986291,-11.84557018710106,100.0,0.4487033732340217,0.38474210664954644,AP0207,False,3,2.2078667408682993,2.2078667408682993,0.8694243546370067,-0.6294034400884826,0.31172699096332573,-0.1323106671716104,0.21406191817294787,-0.2046349216376436,0.900770001160395,0.10513192597071803,-0.00924132639260709,0.1201184518824718,0.022049191511764793,0.10787449968439448,0.096386524904176,0.04915891628482894,-0.017732073323686072,0.09557094845560332,0.49817047480799914,70.64280982652163,0.7064280982652162,0.11254641922158169,0.18102548251320216,38.71286826,255.42439279733628,54038.04806837936,1062.9645257945226,0.44682570100467933,2026-06-29 02:56:00
10,1799.5084458245215,64.642770721971,1864.1512165464926,1468.8123909580218,63.32210847069746,1532.1344994287192,39.422766844134514,-42.994126529445964,80.0,0.464866024303206,0.39846268087965137,AP0208,False,0,1.80781680660051,1.80781680660051,0.7717489931324893,-0.7717489931324893,0.2311376649061394,-0.21501829324366772,0.11147776063528521,0.03487628839797526,0.730545306318606,0.12130372709058096,-0.03474395560644427,0.15204451502400654,-0.008438865445621939,0.303824539521479,0.303824539521479,0.2819664577633671,0.03112157698362801,0.21478480984985843,0.4726650580842322,74.68286740348356,0.7468286740348357,0.10555325328259098,0.14761807268257335,38.71286826000001,255.42439279733628,52012.00702490657,1038.2055967903036,0.4603488373266124,2026-06-29 10:54:00
10,1920.3379324859138,78.01901528308431,1998.3569477689985,1488.103811993225,87.71057739646642,1575.8143893896918,55.787328440481815,-83.64998594725307,100.0,0.47918681098323546,0.3946782993073743,AP0209,False,0,1.9372533625958637,1.9372533625958637,0.8670556557288149,-0.8670556557288149,0.38646472169524687,-0.38646472169524687,0.19744122586725044,0.07018535276438025,0.847053741471794,0.2879542562472861,0.27596978441212294,0.2822249853225809,-0.11145965197798144,0.3288750477266861,0.16514983681640732,0.10381799568577736,-0.01773675095082158,0.2507180712455826,0.5488859063586883,72.55314338657644,0.7255314338657645,0.12621273655534337,0.14825582957889222,39.033449759999996,255.3577743563121,55071.09173661917,1023.7126791330309,0.4754140716753028,2026-06-29 18:47:00
10,1336.455447703898,92.09398785345046,1428.5494355573485,1037.2276464304982,107.55566825403082,1144.7833146845292,49.4520188836395,-74.78170353589496,80.0,0.452424191662754,0.39567096748819014,AP0210,False,2,1.3559308303195987,1.3559308303195987,0.6940628226771791,-0.17133672176965428,0.22835135649090268,-0.12008051216859782,0.14007737795298428,-0.14007737795298428,0.6046055968601661,0.10111677937663416,-0.016062950794719442,0.07472122053765612,-0.05100085271407469,0.08016518190021922,0.07227164735551944,0.06729073303500936,-0.06729073303500936,0.08082347871237971,0.3427145377862729,68.15696169302298,0.6815696169302298,0.07575049811988552,0.24267988494988466,39.033449759999996,255.24119208451967,54061.31455653962,1023.274395041617,0.4853372899494867,2026-06-30 02:40:00
10,1461.7437583637168,125.46874981392989,1587.2125081776467,1128.5573170209536,59.41956728002788,1187.9768843009815,93.31145497570202,-73.3917733150272,70.0,0.3796835667343961,0.299836441959063,AP0211,False,3,1.4417808246683823,1.4417808246683823,0.6464017080720373,-0.2838967144270043,0.22166559237983505,0.028412073227260675,0.24645210721777291,-0.18492642993397004,0.6390750580845069,0.1938585172327839,0.039958601081235876,0.30260975062947537,0.23612130255842564,0.24525398330875875,0.24525398330875875,0.02359766792123386,-0.02359766792123386,0.19132997977306296,0.4152025189287849,75.41130626545628,0.7541130626545628,0.08793414616887052,0.1579527911765666,39.033449759999996,255.24119208451967,52275.316541010434,1030.7851786838844,0.48214619728572744,2026-06-30 10:51:00
10,2303.074015484118,340.0436986235959,2643.1177141077137,1873.4008688925187,283.27172551968044,2156.672594412199,-96.60067441084101,-655.8314549505266,100.0,0.4183912962453397,0.3211022723062371,AP0212,False,4,2.200726387450888,2.200726387450888,0.9713563830304923,-0.9713563830304923,0.3419358731697297,-0.2787630894199434,0.2858690031049156,-0.061919460849909895,0.9499719116890064,0.3451125282714751,-0.34095964335701673,0.681365002045849,-0.681365002045849,0.23275057798391052,-0.01467758087641756,0.23836771306839857,-0.01447315047621606,0.3743989553424083,0.6621854335157074,72.18348980959064,0.7218348980959064,0.14685270669942627,0.13131239520466736,39.033449759999996,254.32611336881698,53970.050712337455,1042.2685081989532,0.4696446532128339,2026-06-30 18:48:00
10,1617.7719980836205,475.1349891121775,2092.906987195798,1385.9051896229003,228.04129011235545,1613.9464797352557,7.230513465433319,-734.7676270016298,80.0,0.39661705936315494,0.30082495787104596,AP0213,False,4,1.5252718065865611,1.5252718065865611,0.41097299668871234,-0.151556180834829,0.23142567553058582,0.18717156880280728,0.05735047424134429,-0.052656927834335725,0.5562552382618009,0.4245098290581347,-0.10984764836933035,0.4048777221604585,-0.4048777221604585,0.2422523835351335,0.2306058769246916,0.2953518222656033,0.1730500563512639,0.3417479392548325,0.4490015887583167,72.34329127523083,0.7234329127523083,0.07467336365079763,0.20189372359689411,38.53109184,252.7247256163372,52773.27220593005,1027.2840301603424,0.4398687130910055,2026-07-01 02:51:00
10,1545.8056534577627,458.12600224364814,2003.9316557014106,1321.0748023321999,220.48883379247707,1541.563636124677,-20.638149593326148,-776.4565720280326,80.0,0.3864906880433536,0.294017084128007,AP0214,False,4,1.5296872859731065,1.5296872859731065,0.28761620252705766,-0.28761620252705766,0.2936527401856262,0.11252016823454875,0.16589908421468505,-0.024976035765753458,0.5692138282251189,0.30805325654653987,0.010761809056722763,0.5201117464287526,-0.5201117464287526,0.2959746064092357,0.2959746064092357,0.2650273635656032,0.2613721358879419,0.34729174323753287,0.4582527857313259,76.068255281587,0.76068255281587,0.10938592427203367,0.1299315229120964,38.531091839999995,252.7247256163372,49542.97546961902,1045.0314668493388,0.4495223588158196,2026-07-01 11:26:00
10,1600.8257154630849,235.0934950383418,1835.9192105014267,1232.571292649897,375.1296411148053,1607.7009337647023,-51.52450086575263,-431.7490496520609,100.0,0.422748227020897,0.3771045716735522,AP0215,False,2,1.5217253863604723,1.5217253863604723,0.5474157162331014,-0.48261251378920567,0.19813339114442363,-0.0426714034638933,0.2730946518762299,-0.12636700705787018,0.6350922864035569,0.491110832151547,-0.24884361935393848,0.4150833341535052,-0.4150833341535052,0.24991036519843163,-0.08312291032179396,0.2677986855783989,0.22867944553381384,0.35597580427047065,0.49553404533701373,69.51747159564997,0.6951747159564997,0.10154466311534817,0.2032806209281522,38.53109184,252.48950110959268,49014.81302169834,1027.9160357243818,0.42794148513901364,2026-07-01 19:26:00
10,1480.4771498942864,48.484009195527165,1528.9611590898135,1151.3584333587312,84.98342107677377,1236.341854435505,46.41561298237582,-16.570748448081645,80.0,0.34082297287733476,0.28229911194647334,AP0216,False,0,1.4738991432561823,1.4738991432561823,0.6763813967624168,-0.6763813967624168,0.1454515473030634,-0.09640156667099019,0.17180051066658378,0.03182041295829863,0.6168831494970616,0.18776826313148026,0.05513370075992695,0.10088069837542671,-0.10088069837542671,0.08375259553065059,0.08375259553065059,0.03526616930176964,-0.004654674172199721,0.10191693158483181,0.3594000405409467,74.64826729378122,0.7464826729378121,0.10268113622955632,0.15083619083263153,38.531091839999995,252.0778582227898,50776.139431084644,1006.6542343228273,0.4411796710766901,2026-07-02 03:36:00
10,685.1502550042045,102.21754119314345,787.367796197348,528.4370667599073,177.3776846169458,705.8147513768532,127.46882225217527,67.94642848894757,80.0,0.3427512903536221,0.326440681389523,AP0217,False,3,0.6904789555502643,0.6904789555502643,0.09103063635889592,-0.0366906095093216,0.1287623391572932,-0.12541227841659555,0.08049905019280433,0.003937894167272467,0.24769274531481444,0.16971938142699025,-0.07228632433605148,0.31709632627109213,0.12452773660368206,0.24724881916398106,-0.0916176378782152,0.2542543327423373,0.16455574068729953,0.24707971490110014,0.2473862301079573,77.43659000960069,0.7743659000960069,0.07524445234779878,0.15038964755619427,38.53109184,252.0778582227898,49882.96468716553,993.2126449843712,0.44135063689105347,2026-07-02 11:40:00
8,829.5341951467751,63.28648375597366,892.8206789027488,620.2477653699611,39.51158817569194,659.7593535456531,-5.707411597823921,-98.81695880000711,62.5,0.30388564904805343,0.24562031770877946,AP0218,False,4,0.7912802429594167,0.7912802429594167,0.29499574107386467,-0.29499574107386467,0.09754439890988985,-0.09644680055957404,0.0809665422568007,0.05580310396627857,0.316196731299993,0.13222247808521245,-0.13222247808521245,0.1498957469863478,-0.1498957469863478,0.07069387082522774,0.07069387082522774,0.02982636313387559,0.02982636313387559,0.09565961475766589,0.20592817302882943,66.11835591013704,0.6611835591013704,0.13650893831346186,0.2023075025851677,38.53109184,252.0778582227898,49437.52243573926,1055.3278846433893,0.43204410795175013,2026-07-02 19:29:00
1,0.0,0.0,0.0,0.0,0.0,0.0,0.0,0.0,0.0,0.2377999251297945,0.2377999251297945,AP0219,False,2,,,,,,,,,,0.0,0.0,0.0,0.0,0.0,0.0,0.0,0.0,0.0,0.0,60.280124423987154,0.6028012442398716,0.2055455877920586,0.19165316796806983,38.531091839999995,252.0778582227898,50560.37376020767,1067.1995163139204,0.45242483523064386,2026-07-03 03:24:00
9,0.0,0.0,0.0,0.0,0.0,0.0,0.0,0.0,0.0,0.07221671889372967,0.07221671889372967,AP0220,False,0,0.0,0.0,0.0,0.0,0.0,0.0,0.0,0.0,0.0,0.0,0.0,0.0,0.0,0.0,0.0,0.0,0.0,0.0,0.0,78.80569506549615,0.7880569506549615,0.06217299989993319,0.14977004944510527,38.531091839999995,252.0778582227898,51295.537810661495,1083.2373448787703,0.4456314440714362,2026-07-03 13:09:00
9,479.0274817219146,93.44848867987555,572.4759704017903,411.614688903397,152.1835319460497,563.7982208494467,41.842785905544815,-86.10914921540223,77.77777777777779,0.35218158650431347,0.3502531977149037,AP0221,False,3,0.5829043690888166,0.5829043690888166,0.38654103681341556,-0.29497288749119804,0.21050755504119248,-0.06283554761313395,0.17812464355219415,0.12297153429880021,0.3395194011239047,0.15788240453531785,-0.011324391203165828,0.23195956435142265,-0.1265237895926999,0.21601076608964082,-0.0923659584306398,0.08896003266454697,0.07620319199336714,0.1737031919102321,0.2566112965170684,68.34855929233406,0.6834855929233405,0.17131666671491047,0.14519774036174893,38.531091839999995,251.22329011469174,52116.91893101828,1000.4750643941104,0.4442980200026196,2026-07-03 21:08:00
10,994.8188381533167,106.89162487698906,1101.7104630303056,707.4837364091376,296.62333015171373,1004.1070665608513,65.86330753093227,-98.68802073575034,90.0,0.3287762557993924,0.3092555765055015,AP0222,False,1,1.0007183584354324,1.0007183584354324,0.23577196792609426,-0.1499532748742495,0.2204054181732226,0.05552559267418169,0.10002338316804467,-0.04090138249025919,0.3892297819256985,0.18452542707032937,0.12701108291678626,0.3010823914897699,0.11329089809000757,0.3635018133330596,0.07393177089231139,0.9632860471455535,0.9632860471455535,0.4530989197596781,0.42116435084268833,59.15619740294824,0.5915619740294824,0.16198206272778165,0.24645596324273597,38.53109184,250.51115002461012,51219.743520326054,985.6405350372528,0.4470945803605679,2026-07-04 05:10:00
10,1270.6814955987006,85.00716621999736,1355.688661818698,834.9623699812877,122.97808217859972,957.9404521598874,-31.485548454673193,-178.4816542936349,100.0,0.45567887188371764,0.37612922995195525,AP0223,False,2,1.2826836009235605,1.2826836009235605,0.5062693754546106,-0.5062693754546106,0.15620767494875173,0.1340411285373789,0.1434656567974743,-0.1434656567974743,0.5221565770310993,0.14563797908234674,-0.08669130229940435,0.25164915647934094,-0.21417418622548257,0.13084408859614544,-0.030748059112750498,0.282847785053377,0.06735321795585832,0.20274475230280253,0.3624506646669509,68.96693629425373,0.6896693629425372,0.1568555305642134,0.1534751064932493,38.53109184,250.51115002461012,51662.69897218412,1001.1614728193197,0.4470279425469602,2026-07-04 13:17:00
10,1231.8489136181934,209.32167615274432,1441.1705897709376,838.1393946061144,147.37791168409888,985.5173062902132,-16.116786076638675,-373.8213315444401,90.0,0.40448687219917356,0.31335621550302906,AP0224,False,4,1.2285925559164852,1.2285925559164852,0.4161453659191721,-0.31578433565902037,0.16677281232270236,0.028549643810192923,0.08576472037207766,0.04263740478329131,0.47431886363260933,0.1581958984925501,0.02597342040733769,0.2733646231242619,-0.2733646231242619,0.2334562951427553,0.2334562951427553,0.15734962303088035,0.15734962303088035,0.20559160994761194,0.33995523679011064,65.65726134183335,0.6565726134183334,0.11759682647010407,0.22583056011156247,38.53109184,250.01720203019246,50587.02233420328,1020.0770964339689,0.4453407806727429,2026-07-04 21:02:00
10,1538.4220616961436,449.96825244884616,1988.3903141449898,1050.1212628992228,298.91517738309864,1349.0364402823213,-33.74410127051809,-802.8309079566162,100.0,0.47813884632506304,0.35026807155252926,AP0225,False,4,1.5091659252574987,1.5091659252574987,0.5334200049990824,-0.45982847687016243,0.10850569507823908,0.031033390983193104,0.1491947888188652,-0.10042869318473045,0.5750716035384213,0.22710344473643473,0.09488096665122228,0.5538932742863891,-0.5538932742863891,0.2620122648427889,0.2620122648427889,0.3050486867164747,-0.02505481665855111,0.33701441764552187,0.4560430105919716,60.86118849974752,0.6086118849974752,0.20813072803700738,0.18325738696551735,38.30485779,249.60557870151106,49399.95879507248,996.870268759498,0.3882558165884255,2026-07-05 04:50:00
10,1485.8025206763048,35.312891682918405,1521.115412359223,1065.0700011212177,294.72559408597374,1359.7955952071916,-334.51156283239806,-538.1981761259477,90.0,0.3901169045967564,0.3578529411663501,AP0226,False,3,1.4789018044816344,1.4789018044816344,0.42398578336093795,-0.42398578336093795,0.2646496613608244,-0.2624162875336932,0.24511570724289544,-0.10050671001206259,0.6031632391115731,0.3066364954516918,-0.3066364954516918,0.7190306092302903,-0.7190306092302903,0.8684358371341103,-0.8684358371341103,0.4642544795744018,0.32615240744453644,0.5895893553476236,0.5963762972295983,67.43359127513693,0.6743359127513694,0.2003748364611712,0.1252892507874594,38.30485779,249.60557870151106,50433.88670996668,966.4449618460213,0.3990116264955906,2026-07-05 13:05:00
10,1247.1475191481468,140.12072469884413,1387.268243846991,795.6945323018385,101.79699535699143,897.4915276588299,-24.244096010191114,-253.47175376775408,90.0,0.45180264009062043,0.3538472968529881,AP0227,False,2,1.2252158187854907,1.2252158187854907,0.6450725486315557,-0.5438341895693338,0.16937215755651605,0.005068523428560248,0.21493998523403401,0.06438539212036909,0.5636501275518991,0.14768133208817513,-0.14768133208817513,0.18991025677631057,-0.12308424193149599,0.21306793130389473,0.21306793130389473,0.04567017089177212,0.04567017089177212,0.14908242276503814,0.35636627515846864,72.65281995285044,0.7265281995285043,0.092675499221393,0.18079630125010265,38.30485779,249.60557870151106,49934.76258516331,973.1868078076101,0.40043929153061086,2026-07-05 20:46:00
10,1535.6999039781842,356.3768633798807,1892.0767673580651,1040.5227194566294,250.64690679601338,1291.169626252643,225.5122369142677,-241.07606248464478,90.0,0.493343889494677,0.3731624612735932,AP0228,False,2,1.528898065978982,1.528898065978982,0.530761204822748,-0.530761204822748,0.09805627002003342,-0.07811808342587008,0.1914221530975114,-0.17762556773568108,0.5872844234798187,0.27747110984907963,0.01805698793120422,0.3670650301987429,0.0063237806446572176,0.17924011900144055,0.17924011900144055,0.1310032125132926,0.09188397246870751,0.23869486789063893,0.4129896456852288,67.57184117073118,0.6757184117073118,0.11930153423543352,0.20498005405725458,38.30485779,249.60557870151106,49491.506135511736,976.4187858148522,0.39682117224821717,2026-07-06 04:17:00
10,1618.321457192852,17.600515589360526,1635.9219727822124,1272.732889623131,90.06731395351642,1362.8002035766476,-52.4364996702451,-127.8112997955331,90.0,0.3919100909138609,0.3372857370727483,AP0229,False,0,1.6202643136927577,1.6202643136927577,0.4273141843108487,-0.41684503408350376,0.15225726286664468,-0.018490012542626073,0.12280634756947233,0.09170541758719424,0.5806605271099309,0.16130606850549462,0.14932159667033154,0.18902733058365873,-0.18902733058365873,0.1895161776052432,-0.12312008912505173,0.21272925429400913,0.1300191897976426,0.1881447077471014,0.3844026174285161,74.73219532607355,0.7473219532607356,0.11108090132152271,0.1415971454177418,38.30485779,249.60557870151106,50222.64750537063,941.8353366833037,0.3998335685422957,2026-07-06 12:06:00
10,936.3437181598903,125.54137396682319,1061.8850921267135,838.1006241189792,75.20964755115824,913.3102716701375,35.35578455735933,-167.5710156167399,90.0,0.36782386009093154,0.33810889599961624,AP0230,False,0,0.9111509381197851,0.9111509381197851,0.34121566127679825,0.16198621591841902,0.2594366563304112,-0.15434227915238086,0.18594513582446837,0.08486212400764963,0.4244370978878657,0.22615583353436605,0.10283076173334864,0.3900520639647462,-0.11430389906866864,0.2170786106907776,0.18284749897035452,0.19606105156010986,0.11287427935826896,0.2573368899374999,0.34088699391268285,63.99737737146059,0.6399737737146058,0.19128138622922755,0.16874484005616658,38.30485779,249.4596866861012,51925.67490864809,956.3712217136698,0.3850329550734162,2026-07-06 19:26:00
10,1715.7061805205974,146.0370686996072,1861.7432492202047,1283.6315304005973,230.83802149352437,1514.4695518941217,7.048763920399779,-227.33646801056375,100.0,0.47294651341372684,0.4034917739485103,AP0231,False,1,1.6878968668247376,1.6878968668247376,0.5537606527049242,-0.5537606527049242,0.36922802318703724,-0.36812574919398006,0.25695069388226127,-0.25695069388226127,0.7169590591497401,0.34545780308717805,-0.05275762896149573,0.4207386544736708,-0.36880018360667843,0.37960042555375256,-0.3175810370675736,0.253514303989239,0.16728003980067746,0.3498277967759601,0.53339342796285,66.26445030543391,0.6626445030543391,0.1090036787398917,0.22835181820576922,38.30485779,249.20437565913397,52236.627570008684,987.454818394563,0.3918414251761873,2026-07-07 03:15:00
10,1718.417281758318,121.72072333061824,1840.1380050889366,1291.9409400286854,517.8362796527442,1809.7772196814294,356.25667833230904,331.9613444578829,100.0,0.3785502901844876,0.3724781331029859,AP0232,False,1,1.6869276813552572,1.6869276813552572,0.569776025197594,-0.32878180420861264,0.2545226472186098,-0.027350479130532124,0.2318827417740131,-0.2318827417740131,0.6857772738863686,0.28748886864378265,0.07686563802539392,0.9937769674100922,0.8965441039414619,0.5031872450044893,0.5031872450044893,1.8034437321986347,1.6305092014536284,0.8969742033142497,0.7913757386003091,74.07367684909066,0.7407367684909066,0.0772789406482198,0.1819842908608737,38.48465125,249.20437565913397,53727.49355169835,975.2421728985275,0.394290966046792,2026-07-07 11:22:00
10,1096.288649893774,161.63914550527875,1257.9277953990525,1102.3200877825022,81.18153219199286,1183.501619974495,134.18280367611618,-97.4494621773751,100.0,0.35792094166357435,0.3430357065786628,AP0233,False,0,1.1178511969105411,1.1178511969105411,0.9220677807971912,0.2099096164288314,0.5642637432172221,-0.2984990681064996,0.17413363446779143,0.05809142651654303,0.6945790888481864,0.18410292815053417,0.18410292815053417,0.30065678986142563,0.20971674890787453,0.5107395624849347,0.5107395624849347,0.3463292487709144,0.21768288691233362,0.33545713231695223,0.5150181105825693,66.72365286029398,0.6672365286029399,0.19045826033246782,0.14230521106459232,38.48465125,248.93691219562814,51369.67504372131,946.2341177276621,0.39678874419476207,2026-07-07 19:12:00
10,1011.9853367677147,290.41843637847194,1302.4037731461867,758.2459518142937,270.7782281832409,1029.0241799975347,232.93910197572757,-138.73861730596965,90.0,0.38236822188363706,0.32769230325390625,AP0234,False,2,1.0382315336497212,1.0382315336497212,0.4455574246020047,-0.3787827385892064,0.19817660650886051,-0.07687817023430028,0.08708584638940518,-0.08708584638940518,0.4422628527874979,0.16804521934387529,0.05102080126163843,0.20506014313716378,0.05686723048941424,0.567426060568306,0.567426060568306,0.28064616334726644,0.168217813850573,0.3052943965991529,0.3737786246933254,71.41973643193772,0.7141973643193773,0.11287352811471582,0.1729291075659069,38.48465125,248.4688511344928,51844.19883615714,950.3460910989,0.39313130967977167,2026-07-08 03:17:00
10,1219.4731661531146,124.6911169307765,1344.1642830838912,831.6131058717697,164.73836013883204,996.3514660106017,98.50387651794804,-33.75802291032494,90.0,0.39982386918696,0.33026130577230217,AP0235,False,2,1.2424405120676771,1.2424405120676771,0.6626970060778657,-0.6598603182787215,0.13607851086756378,-0.13498770732755663,0.19359901678556177,-4.098636550875501e-05,0.558703761449667,0.1982209943592604,-0.059441556952842006,0.37323450456312096,0.12090943501099827,0.5047284632800064,-0.0664161982622811,0.14277453304191448,-0.14277453304191448,0.3047396238110756,0.4317216926303713,63.84925183569626,0.6384925183569626,0.15941441160870498,0.20209307003433244,38.48465125,248.4688511344928,51791.46450299664,942.0000737060618,0.4025408569314692,2026-07-08 11:03:00
10,1083.9838962222123,188.1328196606038,1272.116715882816,1089.638043955074,168.46593299751507,1258.103976952589,39.791196674989635,-237.54669967404047,90.0,0.3308866137166619,0.3280840659306167,AP0236,False,4,1.1056364953281475,1.1056364953281475,0.2390343855582914,0.09345208437290631,0.26291907129479913,-0.2618214729444833,0.14488723579566587,-0.14488723579566587,0.43811929699422597,0.21846168351290945,0.009273138874732037,0.3866378947638471,-0.03353017657695828,0.45045579051650214,0.33891558063510546,0.1957754644259832,0.1957754644259832,0.31283270830481047,0.3754760026495182,61.84588944667188,0.6184588944667188,0.23002921124574904,0.1515118942875322,38.48465125,247.93152967934782,51689.13221214232,971.0669373834095,0.4003634005794389,2026-07-08 19:00:00
10,1989.2018720995231,118.52858099509733,2107.7304530946208,1660.9712809385337,126.65591306646309,1787.627194004997,16.874133784412464,-201.16824418784756,100.0,0.44163855972107446,0.3776179079031499,AP0237,False,1,1.9309232628271662,1.9309232628271662,0.6243749324734676,-0.6243749324734676,0.2647019774130778,-0.20887806962075683,0.441189165658085,0.1263012193404319,0.8152973345929492,0.2148505281073078,0.1358559269115838,0.1818787803068302,-0.0990378720339035,0.22656942126841084,0.22656942126841084,0.19176781332775908,0.12582066776298167,0.20376663575257697,0.5095319851727631,68.59497324815254,0.6859497324815255,0.12150961409523191,0.19254065342324264,38.48465125,246.99121713284418,51906.63735172019,983.6860857766954,0.39893509849678094,2026-07-09 02:57:00
10,1645.8974451919562,568.8344438482616,2214.7318890402175,1526.5597951885613,418.14989012852215,1944.7096853170833,74.04236697697701,-814.5770072198153,100.0,0.39225229352597885,0.33824785278135205,AP0238,False,4,1.6119325631652703,1.6119325631652703,0.5866017440672687,-0.5321305916824336,0.4521970396012079,-0.37326675347636423,0.20502533575612356,-0.19777046638393173,0.7139391706474676,0.5807387272022377,-0.07260146632478623,0.556333143931771,-0.25441627182929294,0.6034669975624336,0.6034669975624336,0.4487274983116028,0.4230268626409782,0.5473165917520113,0.6306278811997394,70.25934178842125,0.7025934178842125,0.12428188332288757,0.17312469879289985,38.48465125,246.99121713284418,52148.27912427819,962.4866513942198,0.3976872672136052,2026-07-09 10:57:00
10,1247.7777496419399,111.35943921232385,1359.1371888542635,724.7509126624545,80.26416995481486,805.0150826172694,49.002558050263815,-100.93993531104536,100.0,0.4967511293905827,0.38592670814318397,AP0239,False,2,1.2824925057729424,1.2824925057729424,0.40764670262934155,-0.26264243279000826,0.19097247536805326,-0.1605319924776735,0.10267876277028076,-0.04938628372157732,0.4959476116351545,0.17168765524054463,-0.06514666398905315,0.28889985499525644,0.03334694168693597,0.2268685664505709,0.2268685664505709,0.10559243479330864,-0.044248914767254205,0.19826212786992015,0.3471048697525373,71.00593098975824,0.7100593098975825,0.13983080572907083,0.15010988437334677,39.17214257,246.60538298232612,51617.35944876476,977.1472585726452,0.4023317272983252,2026-07-09 18:54:00
10,1336.299437468456,10.792204583684981,1347.0916420521412,1066.063400667843,65.77958528646025,1131.8429859543035,-10.499042546654437,-38.38421143842595,70.0,0.33535341528948065,0.2923036840699131,AP0240,False,1,1.3923384336819835,1.3923384336819835,0.5543447277348948,-0.13365802331262297,0.2529621619651991,0.2529621619651991,0.11904998429786039,0.021090213331689228,0.5796738269199845,0.09486503750921527,0.09486503750921527,0.08121208302218695,-0.08121208302218695,0.15052130872939104,-0.15052130872939104,0.12675828359270225,0.12675828359270225,0.11333917821337389,0.3465065025666792,68.32434865776489,0.6832434865776488,0.1355188015050399,0.18123771191731117,39.17214257,245.5764919142781,52986.672721729425,962.6153763081617,0.3972971023062516,2026-07-10 02:44:00
10,1156.0611148692917,131.3662587767378,1287.4273736460295,887.5153780404742,137.6254691197471,1025.1408471602213,-23.724128934651304,-242.89022050524272,100.0,0.3812788702292387,0.32882156493207704,AP0241,False,3,1.1607302912960493,1.1607302912960493,0.5369218551242486,-0.4590430891724915,0.257062120401186,-0.0022557877152852893,0.20674645353085044,-0.0753411345301073,0.5403651800880835,0.2606221259920827,-0.10365584883077414,0.364964549880841,-0.3137916169889292,0.2472701301656128,-0.21303517592489785,0.08851184477088658,-0.06060614405019235,0.24034216270235575,0.39035367139521965,69.9958317414688,0.6999583174146882,0.1456008997300523,0.1544407828552596,39.17214257,245.5764919142781,51314.387899769,934.0986345868854,0.4031596141888148,2026-07-10 11:31:00
10,1225.3246690785927,92.47976299530728,1317.8044320739002,771.423553301809,111.94868650100557,883.3722398028144,60.2720990927491,-71.66768552311305,100.0,0.457542883784268,0.37065644533005104,AP0242,False,1,1.2645760332603497,1.2645760332603497,0.4993940596578558,-0.28359019767971727,0.16451784911031336,0.16451784911031336,0.17615087891945402,-0.1669834279396678,0.5261597052369933,0.22009562624676435,0.11164376738242902,0.1077766694514905,0.006804315267676451,0.1804463549306033,0.14725562708862427,0.2390102803174676,0.08339734098808811,0.18683223273658145,0.35649596898678737,62.97845754987414,0.6297845754987415,0.1819634001962238,0.1882520243050348,39.17214257,245.5764919142781,53335.99781505051,952.7908649099411,0.4032483946962012,2026-07-10 19:20:00
10,1096.9961002549187,146.29381856650826,1243.2899188214271,849.2546176251693,176.35997137493496,1025.6145890001042,-35.06071755033574,-293.3268234251543,100.0,0.3877086398938922,0.3441735739296277,AP0243,False,2,1.1511550865675126,1.1511550865675126,0.3616843883646535,-0.17065763167162937,0.17322499793244353,0.05537420349070719,0.05130199094514576,0.01834044962668838,0.43434161595243886,0.15094391072882918,-0.0712862930876306,0.33351758704835655,-0.2816126483536394,0.11828056445981534,0.06077916426894353,0.19474517915352188,-0.13691382175571842,0.19937181034763074,0.31685671315003483,62.82293573323303,0.6282293573323303,0.1367384209606996,0.23503222170697013,39.17214257,245.5764919142781,53281.10714863722,979.8577511659748,0.4046014103194583,2026-07-11 03:12:00
10,1127.1158703285078,241.82918140548838,1368.9450517339963,727.2781779284342,210.0456579298987,937.3238358583328,124.87344265356268,-213.66083237315567,90.0,0.44464045848673883,0.3583162153116063,AP0244,False,2,1.1594551348353193,1.1594551348353193,0.6416870644713831,-0.6416870644713831,0.11770097799919838,-0.041993589437564295,0.06022037624135515,0.025382418984899274,0.49476588838681396,0.24922498625978834,-0.008291427755841942,0.22198243392690642,-0.13875881562717907,0.21311085939190544,0.21311085939190544,0.08469124251095753,0.045572002466373704,0.19225238052238944,0.3435091344546017,61.497176353087305,0.614971763530873,0.22434962476066334,0.16067861170846356,39.17214257,245.5764919142781,51327.928079825055,935.6757196721155,0.3978799516031827,2026-07-11 11:21:00
10,1421.1263930376772,37.92432697736201,1459.050720015039,808.8205730498156,54.18855561761018,863.0091286674258,11.307690266265638,-61.237150455263134,100.0,0.5082881792527135,0.389079860983191,AP0245,False,0,1.450358662130015,1.450358662130015,0.5759111546321624,-0.4806180218154397,0.15900053639028064,-0.11769789219100461,0.06989194067610317,0.011962333820521016,0.5637905734571403,0.1932864999980973,0.09211702378030805,0.10413902127335854,-0.01469323770073274,0.1598314032220597,0.1519039004429274,0.13614750780396725,0.0024338755064612153,0.14835110807437069,0.3560708407657555,66.88606669464507,0.6688606669464506,0.17614242284721848,0.15499691020633094,39.17214257,245.389269105166,52597.737464669226,962.3356633777369,0.39679454557698196,2026-07-11 19:15:00
10,1704.8639811090425,76.4610086522079,1781.3249897612504,1203.5430844316381,184.50524124391495,1388.048325675553,50.255110317912,-46.0708136979662,100.0,0.40772163112850857,0.3290662983113692,AP0246,False,3,1.7806775432580852,1.7806775432580852,0.7780224421046401,-0.6644909868120341,0.28840069332123536,0.28840069332123536,0.1765767812105817,-0.1765767812105817,0.7559193649736357,0.10019391254107815,0.0573201427319026,0.32895493898083494,-0.23436167234388952,0.3903551335162362,-0.3769887120589449,0.3111711750980227,-0.09398983629491416,0.282668790034043,0.5192940775038393,70.87472132044162,0.7087472132044162,0.09700191438333176,0.19425087241225206,39.17214257,245.06162918921964,52771.01450050855,972.670157687661,0.40447040367814135,2026-07-12 03:07:00
8,818.0044891630844,259.13016886718805,1077.1346580302725,491.71100032498504,289.09920126229457,780.8102015872796,310.8151569760079,71.30495981774504,87.5,0.4791044731473865,0.4050233590366371,AP0247,False,3,1.276037613563125,1.276037613563125,0.6308841182121743,-0.6308841182121743,0.11214918696031674,0.05335117933808832,0.052115008567462845,-0.04833030180257225,0.5177964818257698,0.20438215463135392,0.03819063831567435,0.16874780896675617,0.05518597369388045,0.05012195284127359,-0.015886998600558613,0.07526627235726707,-0.07526627235726707,0.1246295471991627,0.3212130145124662,69.60973596776374,0.6960973596776373,0.126383113129669,0.1775195271926936,39.17214257,245.06162918921964,52653.67890037095,973.3475731175755,0.400904290968408,2026-07-12 11:00:00
10,1370.8512180200223,28.839869694782703,1399.691087714805,876.7912011550766,147.34565288978365,1024.1368540448602,4.276524946123516,-43.04714967489156,100.0,0.45242556892463703,0.3773147221906484,AP0248,False,0,1.4263141380421718,1.4263141380421718,0.5052142892465299,-0.5052142892465299,0.11310142057507806,-0.10308560034660881,0.12427473079835534,-0.033400326777893036,0.5422261446655338,0.19584590163361287,0.041765569382522835,0.19686847190218992,-0.05749111123994772,0.2910074654694822,0.04131797939715215,0.34418074344236493,0.10288284697150604,0.2569756456119125,0.3996008951387231,73.32809217442095,0.7332809217442094,0.13973211838049876,0.12698695987529185,39.17214257,244.82164704132208,54761.34181814739,986.3737255770084,0.39547151644084716,2026-07-12 18:33:00
10,1147.1200521836367,402.7693975036152,1549.8894496872522,701.245511292879,259.46163372077973,960.7071450136586,-17.44560172700284,-644.7799522102048,90.0,0.4383356084282082,0.3204991474934905,AP0249,False,4,1.1936974824836477,1.1936974824836477,0.7205535210968211,-0.7205535210968211,0.09111355521451293,-0.04244789424796693,0.19047050448164174,-0.19047050448164174,0.5489587658191559,0.23999365814717627,-0.23999365814717627,0.39925119165368084,-0.39925119165368084,0.020106910617343265,0.020106910617343265,0.2746735032128659,-0.2746735032128659,0.23350631590776658,0.39123254086346126,70.00483969279398,0.7000483969279397,0.12237195234433813,0.1775796507277222,39.17214257,244.18169464692846,52965.31919529458,994.5222222692573,0.4030602871176077,2026-07-13 02:27:00
10,1043.448692179785,109.17175684520699,1152.6204490249922,705.4511908592393,120.6172079845339,826.0683988437731,127.05949814586869,-8.891317500851926,100.0,0.41030630611437535,0.3449958960781318,AP0250,False,1,1.081888582158607,1.081888582158607,0.6143066895814587,-0.32154815827380534,0.22747881803589465,0.1518721913698262,0.23124347204657988,-0.13904234157134873,0.5387293904556351,0.22662527237517352,0.22662527237517352,0.1722076328102009,-0.019607424759417465,0.10529297510948246,0.09223789864633183,0.17296863032758442,-0.10888000928152126,0.16927362765561033,0.3540015090556228,69.45453698126711,0.6945453698126711,0.12694053651990866,0.1785140936674203,39.17214257,244.18169464692846,53169.2194188896,957.7796808345364,0.40085877016483595,2026-07-13 10:01:00
10,1590.719008926716,50.5020275867829,1641.2210365134988,995.9931392914084,73.2725822377472,1069.2657215291554,60.720377496418024,1.4156293182498985,90.0,0.5083198048229984,0.39392874182612975,AP0251,False,3,1.6005194085389414,1.6005194085389414,0.9000184285577645,-0.8016307359437594,0.17880667359610877,-0.17063976153335914,0.1625617460695096,-0.1625617460695096,0.710476564190581,0.1435364377485696,0.05117709232444358,0.09218434390991295,-0.006845244148146915,0.1236708238148525,0.08413151071911695,0.18021899759504648,0.09352829116115782,0.13490265076709537,0.4226896074788382,66.30108189543635,0.6630108189543635,0.16176580329599974,0.17522337774963673,39.18207989999999,244.08743210001305,50842.13987802914,975.8621716559021,0.45371465126817795,2026-07-13 17:46:00
10,1354.5960256381545,213.16961789360647,1567.7656435317608,1039.1917787280613,163.96866575738864,1203.16044448545,9.842606474959666,-318.0344739822568,80.0,0.3577701534376122,0.28484911362835014,AP0252,False,4,1.3342127097864704,1.3342127097864704,0.7486266797881066,-0.5489186894701562,0.34061152828043206,0.16265998571420767,0.16689165464218503,-0.13318072235665748,0.6475856431242984,0.09878534782867296,-0.09878534782867296,0.14989574698634833,-0.14989574698634833,0.15560044172369003,0.15560044172369003,0.029826363133874635,0.029826363133874635,0.1085269749181465,0.3780563090212225,71.88580223164061,0.718858022316406,0.11262031817602629,0.16852165950756778,39.18207989999999,243.14480663085888,51927.661418111486,996.2081067238461,0.4329586080701785,2026-07-14 01:43:00
10,1620.6006142024767,50.403191576739175,1671.003805779216,1105.444718020623,312.2935088066739,1417.738226827297,163.44797131357228,150.2465672132303,100.0,0.44871491719911666,0.39806180140873276,AP0253,False,0,1.6149153939689729,1.6149153939689729,0.6880487469314832,-0.4567170591238905,0.23263347288561106,-0.14901343866084027,0.1458769791320707,0.021205209592209895,0.6703686482295345,0.2481096172968411,0.2348271861550092,0.365811458826922,0.365811458826922,0.15506108722425072,-0.008832714128101188,1.0599804551583485,0.9717389536067069,0.4572406546265906,0.5638046514280626,69.34247294264458,0.6934247294264457,0.11324044727975158,0.19333482329380255,39.1820799,243.14480663085888,51379.030880624465,972.9424494014368,0.5945728435311235,2026-07-14 09:18:00
10,1357.2170538960122,342.7434239000072,1699.9604777960196,925.9511189941055,165.52099061611227,1091.4721096102176,25.81372142811881,-510.65725536506744,100.0,0.47110961821984654,0.3494119445826859,AP0254,False,4,1.3068282096010557,1.3068282096010557,0.31810017767206994,-0.09645052404578537,0.12517956279120368,0.06151660490104468,0.12286288930294102,-0.042092990370067605,0.4682427098418176,0.20832418232644517,-0.04684020706758467,0.4273618194712462,-0.1827154180334184,0.2782067920855121,0.2782067920855121,0.17602513563231292,0.10396873442561132,0.2724794823788791,0.37036109611034834,68.48296156193642,0.6848296156193643,0.11152644284925878,0.20364394153137697,37.477880309756095,243.14480663085888,50437.99873503166,967.6049628540467,0.5170735120458916,2026-07-14 17:26:00
10,1702.4448843628336,145.90561474543932,1848.3504991082727,1328.2809059749611,514.7441697791545,1843.0250757541155,558.4914264362703,630.4458946075788,100.0,0.4006893965946331,0.3996243119238014,AP0255,False,3,1.658809575263329,1.658809575263329,0.6056762156588595,-0.4221699355109303,0.2131509608809046,-0.18484574487088382,0.19057054901492224,-0.11505393610619812,0.6670518252045039,0.233172578182498,0.14311239848089616,0.9936931491066684,0.9936931491066684,0.4585686690438529,0.31289513529803864,1.1134239161664006,1.0197334865419896,0.6997145781248549,0.6833832016646795,69.36700634765852,0.6936700634765851,0.11546121410682444,0.1908687224165904,37.477880309756095,242.3467117379504,50570.570603277134,991.4881554902952,0.51227638105538,2026-07-15 01:41:00
10,1454.5282947780247,98.57620269711873,1553.1044974751435,983.2175056150448,143.27402389356905,1126.4915295086143,44.6525801768599,-70.24873439683878,100.0,0.49853608410508377,0.41321349051177797,AP0256,False,3,1.4650898255764524,1.4650898255764524,0.6618079540241247,-0.6187130056848796,0.20767711072134887,-0.050779204951917324,0.16086366945654987,-0.16086366945654987,0.6238596399446189,0.16005121208712497,-0.077676012541291,0.252042259969519,-0.07607447276380337,0.2503765399914547,-0.12789618256925833,0.07782824088129997,0.07782824088129997,0.18507456323234966,0.4044671015884843,79.32291635988028,0.7932291635988028,0.1054469538130436,0.10132388258815368,37.477880309756095,242.3467117379504,50143.40661413943,959.0203046590967,0.5146151938810172,2026-07-15 09:23:00
10,1539.7705462817373,276.7386497370104,1816.509196018748,1291.3356268562218,166.42226288591195,1457.7578897421338,131.71387751262884,-235.19142617593002,100.0,0.4564442753646416,0.3846940141093193,AP0257,False,2,1.4514056966377933,1.4514056966377933,0.2206455064682601,-0.06659506514872467,0.17611116207976507,0.041951208184852484,0.09057147773504565,-0.09057147773504565,0.48468346073021606,0.21179349417793733,-0.09612388519170059,0.2917857020903558,-0.021208796617451453,0.28100894558397466,0.28100894558397466,0.15441571047826683,0.08562362204481948,0.23475096308263366,0.35971721190642486,73.9634410435498,0.7396344104354982,0.10258382851915773,0.1577817610453442,37.477880309756095,242.3467117379504,49292.52887242078,988.6650650152045,0.41251562579861706,2026-07-15 16:50:00
10,1365.509530526405,157.87659347769912,1523.3861240041042,971.7231442890245,145.92955352110005,1117.6526978101247,140.77853988441532,-53.55385202579822,100.0,0.4474557664242675,0.36630908118547184,AP0258,False,0,1.3854897372592134,1.3854897372592134,0.4552084465310308,-0.21775802790981014,0.1918306726012277,0.1918306726012277,0.10107484567178016,-0.07294376333765894,0.5334009255158131,0.10478331406177524,0.08483699221511136,0.3295564942654505,0.1357915808649645,0.4709318078408517,0.42328184744446157,0.21200567983557525,0.11704347651059174,0.27931932400091314,0.4063601247583631,70.92088416461371,0.7092088416461371,0.0898231974676692,0.20096796088619365,37.06179182389383,241.36952598433257,49965.445136226306,991.1193637115572,0.425826512558242,2026-07-16 01:04:00
10,1638.8653399447458,33.2914353273323,1672.1567752720787,1149.651749311437,184.97910477538784,1334.630854086825,182.25781507987872,221.01355746869496,100.0,0.43460937173200015,0.36710418749494955,AP0259,False,0,1.6233969955207985,1.6233969955207985,0.6574280710186656,-0.6423952293815117,0.2320901030921181,-0.19443580945632413,0.15183037119290282,-0.03835776644754132,0.6661863852061214,0.22617319528670313,0.11862683041106631,0.4046597830542543,0.4046597830542543,0.31751002333251366,0.31751002333251366,0.18780200103904124,0.09419054088529798,0.2840362506781281,0.4751113179421247,71.72500942362744,0.7172500942362745,0.0988531602774794,0.18389674548624615,37.06179182389382,241.36952598433257,50338.84434647523,968.8636553340126,0.4202743195837217,2026-07-16 08:48:00
10,1632.5348716452863,312.3158677948188,1944.850739440105,1248.4277166974025,476.6102196728955,1725.037936370298,63.885664474689264,-442.0482619500766,100.0,0.4168447811383418,0.37288222052438014,AP0260,False,4,1.578864328882144,1.578864328882144,0.4752858439589102,-0.3768694464135463,0.26103031707566254,-0.10449235492554572,0.2146555092004312,-0.19764168465723564,0.632458999779287,0.4233350813896962,0.2551809699831075,0.23890805431671913,-0.1004241300739058,0.4733219404797583,0.4733219404797583,1.3425964052405075,0.7684470550970919,0.6195403703566702,0.6259996850679785,72.66460557446115,0.7266460557446115,0.08760354422781833,0.1857504000275702,37.06179182389382,241.36952598433257,50138.291399413145,993.2178152101235,0.4254478685539422,2026-07-16 16:59:00
9,1542.73232737546,-4.115778937378089,1538.6165484380817,1100.594189786444,31.668729961666827,1132.262919748111,-3.919515676711285,5.920504702398603,88.88888888888889,0.3829170524517386,0.2926162460761894,AP0261,False,3,1.5453922625717773,1.5453922625717773,0.5209711810633578,-0.4978293934839679,0.15865035443850123,0.06376363854005575,0.3881843052265574,-0.3881843052265574,0.6532995258250485,0.03822722213920237,-0.03822722213920237,0.12799141110472353,-0.002767602722885343,0.12760393424404445,-0.12760393424404445,0.004942368862561371,0.0036180612158150313,0.07469123408763294,0.3639953799563407,69.3587771950111,0.6935877719501109,0.09801046101147254,0.2084017670384165,37.06179182389382,241.02988875880786,50168.45925668467,993.0950049594691,0.4202159628649394,2026-07-17 00:47:00
9,1163.9526494940128,191.64311242666605,1355.595761920679,759.7968389518145,142.68882422049182,902.4856631723063,121.00980245534902,-158.0736436050961,88.88888888888889,0.41328696150384436,0.3125958284486504,AP0262,False,0,1.379278311685088,1.379278311685088,0.6423010358942204,-0.49834292404426267,0.23282229507354435,-0.09632151451526691,0.11788526836574365,0.0397363216616791,0.5930717277546491,0.20075523198908016,0.20075523198908016,0.32771781058622207,0.046874442039074565,0.487272766007303,0.487272766007303,0.23294936809040104,0.21996432249340286,0.3121737941682516,0.4526227609614504,71.03711399943658,0.7103711399943659,0.1351441507257539,0.1544847092798804,37.06179182389383,241.02988875880786,50491.82494986158,968.6393383398187,0.42577435694152843,2026-07-17 08:59:00
9,1141.6359085120453,95.56656151236277,1237.2024700244078,962.3833072412979,70.04619547464654,1032.4295027159444,-6.859870368495791,-146.2338945833735,77.77777777777779,0.31688248356439264,0.2713773797180673,AP0263,False,4,1.3340648300322946,1.3340648300322946,0.582750763928618,-0.0864006402424847,0.4815828188057497,0.40378547490981953,0.21791165663351736,-0.06429014893388042,0.6540775173500449,0.14292621671341765,-0.14292621671341765,0.10724524479539302,-0.10724524479539302,0.10056334907815342,0.10056334907815342,0.016679476983110474,0.013146886150764482,0.09185357189251864,0.3729655446212818,72.47939123224289,0.724793912322429,0.08134188072413816,0.19386420695343298,37.06179182389382,241.02988875880786,51290.41596684282,1003.3280641951199,0.4278924106775592,2026-07-17 16:42:00
10,705.5317642124539,26.32469063979469,731.8564548522486,733.0695603284523,16.32683910033154,749.3963994287839,46.43713864958613,25.497184561034373,70.0,0.27742168221127234,0.28092967112657935,AP0264,False,0,0.6732900667502698,0.6732900667502698,0.5159141738289662,0.42970348689638665,0.24024374550771488,0.137745757974915,0.25350113403396896,0.0029100735734575215,0.42073728003023,0.0536978099389684,0.008374197907618619,0.10519112452562747,0.10519112452562747,0.0820644232884036,0.0820644232884036,0.1287031653694371,0.1287031653694371,0.09241413078060914,0.2565757054054196,53.46631279930443,0.5346631279930444,0.2265148952334444,0.23882197677351114,37.06179182389382,240.49054857968625,50423.85239880312,1008.4289235311844,0.41777873667620735,2026-07-18 01:18:00
10,1173.8263147961661,0.0,1173.8263147961661,908.6811864405374,0.0,908.6811864405374,0.0,0.0,50.0,0.3053948539629852,0.2523658282918594,AP0265,False,2,1.1671519527243814,1.1671519527243814,0.5129796516758809,-0.44028041681119107,0.13405194348850277,-0.026018926942080908,0.03653802804816234,0.004296172238947593,0.4626803939842319,0.0,0.0,0.0,0.0,0.0,0.0,0.0,0.0,0.0,0.23134019699211594,67.57812021336437,0.6757812021336438,0.16611905538568827,0.15809974248066794,38.83230500000002,240.49054857968625,50700.39308878981,985.4646315796402,0.4555846806724017,2026-07-18 09:42:00
10,1046.480977046706,91.30161565279488,1137.7825926995008,634.6081935146459,118.27981350885742,752.8880070235033,13.631967905393651,-120.37357830865275,80.0,0.4126503439900061,0.33567142685480666,AP0266,False,2,1.0390546586331662,1.0390546586331662,0.5922262854690462,-0.5788919501886121,0.1967835252835437,-0.14918686732542555,0.16505019846856464,0.004107253235856221,0.49827866696358014,0.06448009909709698,-0.06448009909709698,0.46463857317380997,0.005589154021917703,0.2903478005065141,0.27883303594964787,0.2526726893236838,-0.2526726893236838,0.26803479052527623,0.3831567287444282,68.82276426817565,0.6882276426817565,0.14832799047207237,0.16344436684617106,38.83230500000002,240.33133288383414,51138.60109531132,995.9726926464936,0.44961817854298947,2026-07-18 17:39:00
10,1456.6890731479355,269.64830542995446,1726.3373785778901,1099.4592124510755,179.05540308080572,1278.5146155318816,-5.7930949188516365,-461.02696246176686,90.0,0.4143641207058068,0.3247995680966051,AP0267,False,4,1.4073582009724837,1.4073582009724837,0.7998397558708055,-0.7998397558708055,0.23906635691771294,-0.17047629754457705,0.3003808905867208,-0.10582797587996978,0.6866613010869307,0.09172261419548146,0.06976136106337902,0.2800453306777777,-0.2800453306777777,0.17012508883210076,0.13693708325440532,0.2032341951601625,0.04693331176388678,0.1862818072163806,0.4364715541516556,69.14646235431212,0.6914646235431213,0.11014032055710062,0.19839505589977816,38.83230500000002,238.73917592531282,51826.26644666216,999.1251072024279,0.45093078784606,2026-07-19 01:57:00
10,0.0,135.7710897197644,135.7710897197644,0.0,150.44580328475803,150.44580328475803,192.3008753155454,46.14388852006249,40.0,0.20207425038353377,0.20500919309653298,AP0268,False,0,0.0,0.0,0.0,0.0,0.0,0.0,0.0,0.0,0.0,0.30688190689220207,0.2945736270436558,0.6948643760009692,0.34908550749846856,0.5596872066973381,0.3965652749936738,0.17725058080173586,0.05458656391385483,0.43467101759806137,0.21733550879903066,71.34160466303699,0.71341604663037,0.13887682863795398,0.1477071247316762,38.83230500000002,238.73917592531282,51286.801470113,957.4616209923386,0.47080932492081945,2026-07-19 10:13:00
10,1627.3936422676727,424.32446077713576,2051.7181030448082,1175.2672794541834,260.83696067153767,1436.1042401257212,1.2744388961814366,-711.3184900260491,90.0,0.4311160954350636,0.3079933228512461,AP0269,False,4,1.6334030084263507,1.6334030084263507,0.8825961256435152,-0.7802122686262755,0.2604680012968683,-0.17442943763976562,0.13441265443592829,-0.12303647121007805,0.7277199474506656,0.1969233195936269,0.11773886109517748,0.39968737853441816,-0.39968737853441816,0.22529832727305357,0.22529832727305357,0.4238907585470932,0.0764442553010041,0.31144994598704795,0.5195849467188568,78.01092143730281,0.7801092143730283,0.09800638584921147,0.12188439977776033,38.83230500000002,238.21069733765026,51366.19951505498,1004.0144681120277,0.456456502428433,2026-07-19 20:02:00
10,1594.8543113553878,128.07275523481272,1722.9270665902006,1286.608803165347,391.6212682094493,1678.2300713747964,306.23316727478266,287.216133819939,100.0,0.3826020755873942,0.3736626765443132,AP0270,False,3,1.623068968262649,1.623068968262649,0.6600423024562142,-0.5257873097059184,0.23867267947058948,-0.20972438511944277,0.2907840573593417,-0.2907840573593417,0.7031420018871986,0.24415715718766884,-0.09008066398168248,0.986263275119619,0.6540268438492772,0.39868003136293406,0.17761517061078472,1.1926774998616194,0.9477026622891005,0.7054444908829604,0.7042932463850795,70.51296568641997,0.7051296568641998,0.10693425890966343,0.18793608422613675,38.83230500000002,237.28585980924083,51272.28231198784,986.208972384166,0.4570860136277835,2026-07-20 03:35:00
10,1468.4683208149952,108.44994820949036,1576.9182690244854,1090.9791669436904,280.6483751569911,1371.6275421006817,314.42059714276235,328.3035925834085,100.0,0.42033113703730435,0.37927299165254347,AP0271,False,3,1.478240411451714,1.478240411451714,0.4796722008206796,-0.2948300236291448,0.14799423186278762,0.11494717935215452,0.22890762585705082,-0.20562008694926778,0.5837036174980581,0.20443514524799827,-0.05783548666410263,0.6887102349682973,0.5858720557419747,0.41452974321488145,0.3050390845421713,0.16342500077689937,-0.11718046510594748,0.3677750310520191,0.47573932427503857,70.96996782883302,0.7096996782883302,0.10743125451233182,0.1828690671993378,38.83230500000002,237.28585980924083,50412.42508720921,958.777566821661,0.4518979321251854,2026-07-20 12:01:00
10,1231.7342914083715,123.4489081287719,1355.183199537143,1014.9626799805802,119.47199311991699,1134.434673100497,-23.710476906887806,-254.24872882751987,80.0,0.3468504745597653,0.3027007692724357,AP0272,False,1,1.2157645220889772,1.2157645220889772,0.43744471903035403,-0.09819298397864147,0.05160295398213447,-0.0335835427256274,0.11419669486714545,0.05891326846234728,0.45475222249215286,0.09622671826406018,-0.009204215959330308,0.2341343812664629,-0.21117283405896897,0.13039065713401166,0.13039065713401166,0.21795396147359467,-0.02854272247497891,0.16967642953453235,0.3122143260133426,77.80132442548198,0.7780132442548198,0.07390367046179608,0.14808308528338418,38.83230500000002,237.13367454108703,52252.97191732077,959.7250414007141,0.4558934735427476,2026-07-20 19:41:00
8,861.5970944727546,213.4340842717078,1075.0311787444625,755.1061307351451,218.80202593386582,973.9081566690111,169.70430424000955,-94.75310657144877,87.5,0.3759952547033366,0.35071449918447306,AP0273,False,2,0.8425921641902597,0.8425921641902597,0.15954236972687857,0.08503134244814102,0.10728075172986451,0.09290312833864883,0.10348241664724994,-0.09471095865547045,0.30322442557356316,0.2247307768725805,0.17177469190083997,0.1802176171774849,-0.13277688153032202,0.3217989345639882,0.3217989345639882,0.0427211299507787,0.017272513564200915,0.1923671146412081,0.24779577010738565,75.9598022555646,0.759598022555646,0.07407617373349744,0.16632580371085667,38.83230500000002,236.86735032181778,49205.19383331343,955.8613071180225,0.45660119136070326,2026-07-21 03:43:00
10,839.2888266223118,260.38353691874096,1099.6723635410528,703.2293068790989,234.34252077302256,937.5718276521213,56.450275549616265,-328.67211596633416,80.0,0.34532812423238934,0.3129080170546027,AP0274,False,2,0.7974922964662602,0.7974922964662602,0.3130477704704741,-0.19857080329253993,0.09680322040335543,-0.05720757835257384,0.15241884869885144,0.04327919317804307,0.3399405340097353,0.2951078190210412,-0.1567913946123558,0.20704777497314403,-0.18332740714956258,0.2503039886084551,0.2503039886084551,0.11661790240014537,0.10389359420685583,0.21726937125069642,0.2786049526302159,76.97081956263347,0.7697081956263346,0.05494543724672528,0.17534636712694,38.83230500000002,236.86735032181778,51231.32275685635,950.6701995883656,0.4501788200182674,2026-07-21 11:44:00
10,1512.5648642888395,494.3257331626904,2006.89059745153,1074.4552029288807,304.27929194677904,1378.7344948756595,28.423979703948135,-727.3322615824463,100.0,0.45572584552066325,0.33009462500548903,AP0275,False,4,1.5249531236831853,1.5249531236831853,0.7635220175794218,-0.3952986102488823,0.19810989092673928,0.019942914335247395,0.18499536992715374,-0.18499536992715374,0.6678951005291249,0.46891456248265395,-0.1542523817938496,0.33046815862840767,-0.33046815862840767,0.3077952259737424,0.3077952259737424,0.21261317827362364,0.16052372067758353,0.3299477813396069,0.49892144093436597,73.19433305117263,0.7319433305117263,0.08916980958011779,0.17888685990815578,38.83230500000002,236.86735032181778,51321.64151684811,1003.4799420523219,0.4534183116752213,2026-07-21 20:05:00
10,1493.3602593399453,233.55841264172753,1726.9186719816728,1106.6391555352984,292.89985715923007,1399.5390126945285,304.79050970623314,108.7593614646298,100.0,0.43265235263603097,0.36717642077860213,AP0276,False,2,1.5041445781305314,1.5041445781305314,0.7123240945313393,-0.673416852078779,0.18349144452937693,-0.0869559416188586,0.2218330422179182,-0.20533368744184674,0.6554482898522914,0.27016564898183054,-0.10010782462394514,0.6846911053290825,0.6846911053290825,0.5092717419117734,0.5092717419117734,0.07840122021791915,-0.04705452194935327,0.3856324291101514,0.5205403594812215,62.29031032890669,0.622903103289067,0.14634638675740536,0.23075050995352764,38.83230500000002,236.86735032181778,51425.838592150634,1017.6493446512033,0.4527708779016361,2026-07-22 03:18:00
10,1286.190822046965,129.41354420620206,1415.604366253167,962.1703596077932,119.746536418002,1081.9168960257953,4.573444602465656,-188.50463184899553,100.0,0.4654706210695191,0.398733127024045,AP0277,False,3,1.3169597671852193,1.3169597671852193,0.6199373467465682,-0.4935559470608601,0.13667966143909674,0.11406483136938456,0.15169446452691715,-0.15169446452691715,0.5563178099744504,0.22478545228980923,-0.12664805541669633,0.195470235552729,-0.17208439171334264,0.14784832934744774,-0.050506466627417354,0.015013057826864643,-0.004867509166491102,0.14577926875421265,0.3510485393643315,67.9528997550545,0.6795289975505451,0.10290921827770709,0.21756178417174796,37.56804095731708,236.86735032181778,51009.13612286161,1022.7894189766583,0.3957770561989594,2026-07-22 11:08:00
10,1659.408896240832,704.7377199407578,2364.14661618159,1170.311644498507,1135.395796779168,2305.707441277675,271.9467937391888,-827.473197909805,100.0,0.3804442873623321,0.3687564523815489,AP0278,False,1,1.674716579686964,1.674716579686964,0.810826900528595,-0.7683990055772135,0.2774163775136938,-0.15717111567708678,0.26710150608801353,-0.2374573419085895,0.7575153409543166,0.5428108387378793,0.5239989769192773,0.584464474594019,0.40200398624711176,0.2715927521486264,0.24133384437662894,4.835496574959236,4.823585848642985,1.55859116010994,1.1580532505321284,70.35018539508107,0.7035018539508108,0.1256587509432148,0.17083939510597437,37.56804095731708,236.59822311221043,51495.887538318086,1035.1154157013834,0.4010460738338079,2026-07-22 19:05:00
10,1669.5979475361987,39.07951844739085,1708.6774659835894,1393.5751704041895,45.9334656821822,1439.5086360863718,-1.9748986752919109,-63.01712525515086,90.0,0.4600832790347774,0.40624951305533363,AP0279,False,3,1.6103598208448864,1.6103598208448864,0.9090594198219811,-0.9090594198219811,0.6534108431527003,-0.30393227686395224,0.3171483000150685,-0.0969450597250864,0.872494595958659,0.0716146815782732,-0.04846674854486453,0.11359628924593532,-0.03154635832659819,0.05308231755333208,0.04159434277311361,0.05533087437443653,0.01511838669858536,0.07340604068799428,0.4729503183233266,75.7052157590071,0.7570521575900709,0.0902408276032004,0.15270701480672863,37.56804095731708,236.12725049539756,52606.50789058749,1049.0636882559381,0.38783169920442473,2026-07-23 03:28:00
10,1512.61047472116,194.07237108928513,1706.6828458104453,1202.5135208772247,124.96537133542529,1327.4788922126497,0.3541231079834404,-284.2444745796015,90.0,0.48160274151288346,0.40576195079332456,AP0280,False,4,1.4292082681077565,1.4292082681077565,0.8356122604743638,-0.8356122604743638,0.23966385719523933,-0.17417660769767637,0.27604826048797304,-0.1417010222270551,0.6951331615663332,0.20277104591111178,-0.19861816099665347,0.22604046008485493,-0.1763250204202837,0.1503825609877864,0.1310443617659044,0.0323452729864171,0.0251574544764079,0.15288483499254257,0.42400899827943783,73.06284499483672,0.7306284499483672,0.1067874301115666,0.1625841199400663,37.56804095731708,236.12725049539756,50473.45154204504,1059.7560869757347,0.3943192398467837,2026-07-23 11:34:00
10,1653.374503931856,270.2590379323461,1923.6335418642022,1340.8457824300265,205.25370914921683,1546.0994915792435,175.96238705994824,-207.49766888533924,100.0,0.44833636640007246,0.3728295563430807,AP0281,False,0,1.686296319308872,1.686296319308872,0.7089394601700554,-0.4583904015344049,0.2678689358812103,0.0740600273158733,0.10872375744519826,-0.016809944620711986,0.692957118201334,0.2549039565868558,0.2549039565868558,0.5612746499986865,0.18670748501829662,0.43641031188094903,0.43641031188094903,0.3419887642275882,0.20985968138184463,0.3986444206735199,0.545800769437427,70.38141621480578,0.7038141621480577,0.12065534366353534,0.17553049418840705,37.56804095731708,235.6369439206546,51378.81160212995,1055.5191796402307,0.392347129924027,2026-07-23 19:26:00
10,1324.9674893889603,119.33492134535582,1444.3024107343163,1001.2770698190682,48.6740286573978,1049.951098476466,60.85566064324453,-117.23792361305152,100.0,0.46766100382304093,0.38879074137147107,AP0282,False,0,1.3383439114261393,1.3383439114261393,0.598044073744189,-0.598044073744189,0.22017802478036186,-0.09579735664648475,0.19068851573385123,0.06874894779200397,0.5868136314211354,0.0942884869799026,0.0942884869799026,0.2312883184603942,0.009133573408793491,0.44816745510233913,0.44816745510233913,0.20762463547000964,0.15353308853380399,0.24534222400316139,0.4160779277121484,72.87851883731952,0.7287851883731952,0.08792750817596644,0.1832873034508385,37.56804095731708,234.77890741485442,51104.41675999947,1035.5717127821883,0.3919250435088676,2026-07-24 02:45:00
10,1859.1993335397233,201.95448556830934,2061.1538191080326,1377.9748315047066,278.6115466901269,1656.5863781948333,281.9145380582878,89.93162949061872,100.0,0.47977396978460096,0.39886048160196064,AP0283,False,3,1.8420449102414291,1.8420449102414291,0.845540307610717,-0.6571472607786385,0.15283961834325818,-0.021984642806959814,0.32069695258328507,-0.32069695258328507,0.7902804471946723,0.23265918743027403,0.1739443128716599,0.557327662013369,0.4513554991772727,0.3840126270999788,-0.020446068593765507,0.16707501894604745,0.10481282370548171,0.33526862387241735,0.5627745355335447,77.76061938841988,0.7776061938841988,0.08512069424899815,0.137273111866803,37.56804095731708,234.77890741485442,49290.941437576636,1027.294784889739,0.3886384582649111,2026-07-24 10:34:00
10,1932.2823610718333,-12.321616121409946,1919.9607449504235,1467.452181788455,95.9531414896934,1563.405323278148,78.5764851041398,153.84048532632914,80.0,0.40536304160903097,0.3340519572745758,AP0284,False,3,1.923281695929596,1.923281695929596,0.9812855340300753,-0.6818726524202804,0.3258471374069573,-0.015138085469671556,0.3959624553585009,-0.3959624553585009,0.9065942056812825,0.0722101033320827,-0.04868933004862443,0.26243427199464325,0.26243427199464325,0.12654368392879134,0.12654368392879134,0.10826739506607193,-0.10826739506607193,0.14236386358039732,0.5244790346308399,70.29644267528795,0.7029644267528795,0.12458971145138201,0.17244586179573854,37.58331439325203,234.77890741485442,52222.31603196757,1056.1027169473102,0.3982694539825064,2026-07-24 18:13:00
10,1187.2727167934463,47.302990080249074,1234.5757068736953,891.7654649343373,79.52117529924249,971.2866402335796,-26.420068393957962,-109.71915212437375,90.0,0.4625984254468401,0.409940612118817,AP0285,False,2,1.1950452095077952,1.1950452095077952,0.7556951946585095,-0.7556951946585095,0.3628445775367654,-0.3628445775367654,0.19203853092099057,0.015183064027528023,0.6264058781560151,0.09850635405194011,-0.08439200303908721,0.17999513434908607,-0.07569414925041276,0.1649873166680208,0.05470881871429164,0.18255351728809666,-0.031950352010045376,0.1565105805892859,0.39145822937265057,63.57863443281581,0.6357863443281581,0.10776980393448413,0.2564438517373578,37.58331439325203,234.77890741485442,50803.94885484259,1059.936995285061,0.3920567909067204,2026-07-25 01:42:00
10,1526.274667549762,84.14294677590581,1610.4176143256677,1079.9354371637328,46.411163171909095,1126.3466003356418,-49.401473127271515,-222.15685813279526,100.0,0.4769699136342401,0.3801557108362349,AP0286,False,1,1.537399253368933,1.537399253368933,0.619904490205459,-0.34092286090552415,0.26463799046257036,0.12125511649017413,0.17159645491996986,-0.1700472580084358,0.648384547239233,0.1012785925397606,0.022283991344036573,0.18504840342625578,-0.16208685621876184,0.149108395776094,0.149108395776094,0.15126822750681354,0.13591643171580958,0.146675904812231,0.39753022602573207,70.38819543578892,0.7038819543578893,0.11149784887289188,0.18462019676921881,37.583314393252024,234.77890741485442,51528.86550317553,1026.8167860047993,0.38839269138176097,2026-07-25 09:25:00
10,1482.730156601353,255.840430295644,1738.570586896997,1157.8101821615012,185.14171855547193,1342.9519007169733,-52.334053393010095,-494.97955285375303,100.0,0.47465923221866396,0.395535494982659,AP0287,False,4,1.4659083560666597,1.4659083560666597,0.8827682502242195,-0.8792683365055237,0.4848717782487839,-0.4837741798984693,0.12769879617248175,-0.12579380477938948,0.7403117951780361,0.19203713254396512,-0.03470604219956293,0.4611822329487362,-0.4611822329487362,0.2273348865252398,0.061508785521758015,0.27463171118034935,0.025446075313396044,0.2887964907995726,0.5145541429888044,72.06487715702391,0.7206487715702391,0.10307295844998013,0.17627826997978074,37.58331439325203,234.77890741485442,50767.0009351689,1062.7464304186599,0.3924994752656367,2026-07-25 17:11:00
10,1487.313359741655,417.6284087523578,1904.9417684940126,1302.7763601604806,285.96130396068656,1588.737664121167,30.831810997195447,-609.8850515099489,100.0,0.43267620388854827,0.369435383013979,AP0288,False,4,1.4669635984549265,1.4669635984549265,0.47722860359850966,-0.3281916535185372,0.2843983552248958,-0.007586993037098533,0.21416502622119993,0.09611556873134709,0.610688895874883,0.4447061397724892,-0.10752254665284057,0.2469342480038478,-0.2469342480038478,0.45901222339910136,0.34747201351770485,0.20459115100503666,-0.09089137843417458,0.33881094054511873,0.47474991821000084,58.82168770737069,0.5882168770737068,0.11886862229989306,0.2929145006264001,37.58331439325204,234.05627440507817,50531.27887156356,1068.2167110001335,0.3914559862575616,2026-07-26 00:40:00
10,984.4398469658281,51.75333381392623,1036.1931807797544,694.7082488589168,69.36633929322028,764.074588152137,-13.913205943286954,-90.39418729508878,100.0,0.47353911240168023,0.4191153938761567,AP0289,False,3,1.0017069828199179,1.0017069828199179,0.5714785606890137,-0.5714785606890137,0.10811411896766837,-0.09855934889122196,0.21767345240096872,-0.08231718798686982,0.4747432787193922,0.15249919941221138,-0.1302874790811821,0.13074767302096027,0.0171858377480842,0.11118995934765032,0.11118995934765032,0.0723286120680208,0.029547491966141412,0.1166913609622107,0.29571731984080146,72.30923460674595,0.7230923460674594,0.12429026868751193,0.15261738524502863,37.583314393252024,234.05627440507817,50762.508487650804,1053.425678561743,0.3928259012784469,2026-07-26 08:38:00
10,1459.6100898862326,181.77849333863193,1641.3885832248643,1155.4668917053264,89.96735816512466,1245.434249870451,71.00374105638957,-185.31115909431156,90.0,0.4869695149126141,0.40777864824173105,AP0290,False,2,1.4700232259910584,1.4700232259910584,1.1389227500523171,-1.1348426375405722,0.6631162589465931,-0.6631162589465931,0.19178845163398237,-0.09564410074733387,0.8659626716559877,0.13832167538797643,-0.028726221991693942,0.30197059414502336,-0.04654981230764553,0.2571627724132352,0.2571627724132352,0.11907231203597182,0.05028022360252509,0.20413183849555172,0.5350472550757697,68.93395887031836,0.6893395887031837,0.14084607928638723,0.16981433201042903,37.58331439325203,234.05627440507817,49732.987360292354,1042.0010918320481,0.3863441368384673,2026-07-26 16:14:00
10,1936.0114595239775,125.68057186100032,2061.692031384978,1461.9174465523265,109.12540441751426,1571.0428509698409,30.09748294837128,-169.07200633643308,100.0,0.505263039986902,0.4071332039038749,AP0291,False,1,1.9338811470291077,1.9338811470291077,0.6827533431316698,-0.6827533431316698,0.19866144941523858,0.1535822311566789,0.2045781503255817,-0.20408576722326943,0.7549685224753995,0.08498569753588639,0.04837255580169777,0.21130578343431794,-0.10442063262421664,0.26208692215674234,0.07967120145776327,0.10532063668861967,0.10187956721386733,0.16592475995389158,0.4604466412146455,66.69513007994273,0.6669513007994273,0.10905703648512208,0.22399166271545048,39.20999649,234.05627440507817,49572.106512867314,1059.5616827175022,0.4422678388779356,2026-07-26 23:27:00
10,1652.6972808467185,92.08463464771343,1744.7819154944318,1230.5417588622397,146.71131517803474,1377.2530740402744,7.151917361217869,-139.57369959281095,100.0,0.48573423447002506,0.41222846617919384,AP0292,False,3,1.5842085299677453,1.5842085299677453,0.8636834113009918,-0.7282248091593858,0.2639482811328631,-0.2283237542536312,0.3104437509132249,-0.12678944552672444,0.7555709933287063,0.09675001008313935,-0.002265218268222853,0.21837473511025024,-0.21837473511025024,0.08374923641923393,-0.0506369819502435,0.11269469275014475,-0.02812627782562606,0.12789216859069208,0.44173158095969917,72.30649539169916,0.7230649539169915,0.1380662563192095,0.13886878976379902,39.20999649,234.05627440507817,50063.839066440705,1043.3232713192533,0.4407514064188866,2026-07-27 07:04:00
10,1886.5339861978764,83.65938082859796,1970.1933670264746,1458.116257661725,220.9502204321226,1679.0664780938478,50.80675379706551,-42.40265017717388,100.0,0.46835159887256567,0.41012622108604,AP0293,False,3,1.843529329712319,1.843529329712319,0.966829331229452,-0.7731281036944431,0.2229556583818044,-0.04633959467158927,0.3546699691138604,-0.30708928465748464,0.846996072109359,0.14668668878010305,-0.07084786197544705,0.22267883057475102,-0.08592637017286436,0.23470635496484726,-0.13484320477828346,0.24094957736840592,-0.22069923831750476,0.21125536292202682,0.5291257175156929,70.79828885494398,0.7079828885494397,0.15789812386864807,0.13411898758191226,39.20999649,234.05627440507817,50262.33829632296,1088.7868823904944,0.4378861821121185,2026-07-27 14:33:00
10,1515.6212833638713,188.81458852966483,1704.4358718935357,1235.6647114363625,210.82956323157464,1446.4942746679371,151.02171659808144,-74.78164615585717,100.0,0.4324797553647425,0.3808914359196234,AP0294,False,2,1.5381148847510426,1.5381148847510426,0.600011873678036,-0.33647880914867345,0.22937416450661044,0.09407368863777567,0.1142208775663094,-0.06851276430494267,0.6204304501254996,0.23548016620401446,0.0016388216961067438,0.24742760923413595,-0.003946675101395736,0.25449194866503466,0.21001447325570993,0.2050516743371345,-0.10658855218615493,0.2356128496100799,0.42802164986778973,65.414652862516,0.6541465286251599,0.14698865508967415,0.19886481628516603,39.20999649,232.75605497775115,50378.99534813594,1050.2840579036745,0.4385186723054969,2026-07-27 21:46:00
10,1405.7147022178538,19.101854223694943,1424.8165564415488,1010.0495201795677,160.77572731662525,1170.825247496193,-48.52046964495105,-94.88228899480094,100.0,0.4838063342829907,0.43300807249391954,AP0295,False,1,1.4402968583449527,1.4402968583449527,0.9724313402108655,-0.7851872244990227,0.36059229303330925,-0.36059229303330925,0.2953599800053803,-0.14467175776594712,0.767170117898627,0.12365949911703224,-0.09027309427885628,0.30053962400977996,-0.15529011689672917,0.19764525837019747,-0.006888284131218676,0.2509293351717792,-0.1261033086723841,0.2181934291671972,0.4926817735329121,61.667568575098755,0.6166756857509875,0.14500219972011102,0.23832211452890134,39.20999649,232.01307244785002,49614.59784019794,1083.2300886087517,0.44218042886992637,2026-07-28 05:05:00
10,1669.1014195965759,132.81603890532926,1801.9174585019052,1288.7456773058834,304.7712387743833,1593.5169160802666,59.2285927863833,-123.54633125039317,90.0,0.39486946343196516,0.3531893549476376,AP0296,False,2,1.7314904494654932,1.7314904494654932,0.889124569279847,-0.889124569279847,0.42468286152590684,-0.42468286152590684,0.18708826336309245,-0.035116756015194976,0.8080965359085849,0.11147676971079534,-0.03396650212444168,0.40930082569849713,0.04844216583842181,0.02683512207259404,-0.02291267900558668,0.870354396435286,0.52092222525989,0.35449177847929314,0.581294157193939,65.812403312884,0.65812403312884,0.16211389364301942,0.17976207322814045,39.20999649,232.01307244785002,53140.09353323427,1043.861429657771,0.47649562881291374,2026-07-28 12:35:00
10,571.7248840425649,134.86609789429795,706.5909819368629,574.3870299766921,527.5975011021009,1101.9845310787928,430.71816875334497,459.8489130554621,90.0,0.24960650807868195,0.3286852179070682,AP0297,False,2,0.5951662749560304,0.5951662749560304,0.3841346857100356,-0.044210232598139054,0.2944615022310077,0.008840404452362671,0.11141886754340542,0.01982075666524116,0.34629533261011974,0.230110988844621,-0.022181287201725484,1.5528389964868468,1.3149057363617431,0.4313443645982548,0.23252700835642975,1.0709455069482918,1.0709455069482918,0.8213099642195036,0.5838026484148118,67.94551235340873,0.6794551235340872,0.10837479714235605,0.21217007932355672,39.20999649,231.45036618693302,53129.451485268335,1042.7212272273841,0.47859555449001573,2026-07-28 20:02:00
10,1283.2626054196205,119.36918350216138,1402.631788921782,1012.5389749193815,113.22617833204119,1125.7651532514226,112.51782799295123,-17.92729546832055,90.0,0.43828604435152857,0.38291271721745646,AP0298,False,3,1.3573081159189135,1.3573081159189135,0.8080694998811196,-0.8080694998811196,0.4552738247677139,-0.3985423791134301,0.26894384912803043,-0.15552225145202328,0.7223988224239443,0.15080576078080324,0.014915146099409754,0.1076826787376997,-0.003611526140645367,0.13613628487951193,-0.07608881937272348,0.18429522832352094,0.012547460919944069,0.14472998818038396,0.43356440530216417,58.61201797619076,0.5861201797619076,0.18104235932225402,0.23283746091583854,39.20999649,230.46563023032823,52034.61918268497,1080.2725789724955,0.47701259961819625,2026-07-29 03:57:00
10,1389.7733513611481,255.45396585337045,1645.2273172145183,1095.3607954053223,422.68272692526824,1518.0435223305906,352.8303212574277,133.54791779587242,100.0,0.4252665154307126,0.3998297564539272,AP0299,False,3,1.4629602749131294,1.4629602749131294,0.6673122920197413,-0.5696192713691873,0.4411956518774843,-0.32861322121153763,0.2718232744155072,-0.15285267913507225,0.7108228733064655,0.26412317448005235,0.11537326538009185,0.6002147669189494,0.291609566171334,0.3212693976449351,-0.3212693976449351,0.8925840895212013,0.7320567352900417,0.5195478571412846,0.615185365223875,66.914701893064,0.66914701893064,0.14568374322216732,0.18516923784719272,39.20999649,230.46563023032823,53720.527197288895,1037.4674976944302,0.4757217424347729,2026-07-29 11:24:00
10,1714.9232417047733,220.454103733968,1935.3773454387413,1535.2524685338444,308.8103531358841,1844.0628216697287,242.09262701290328,13.971814111345367,90.0,0.33746211845139734,0.3191992136975946,AP0300,True,-1,1.7969219133333125,1.7969219133333125,0.8598876932004048,-0.8598876932004048,0.3724190280583212,-0.3724190280583212,0.14575877694480022,0.0052391262303466135,0.7937468528842098,0.10885504855273027,0.05245106523317873,0.6227131262114115,0.46405247696413493,0.14151194331072764,-0.032214440934623764,0.05168047421008935,-0.019025128358645324,0.23119014807123972,0.5124685004777247,61.295334254739316,0.6129533425473932,0.1980953537513303,0.18895130370127652,39.20999649,229.4263017781532,53393.69623139887,1024.950498400765,0.4798008506104433,2026-07-29 18:58:00
10,1605.4931950627235,128.9602975966385,1734.453492659362,1362.640129299587,251.47372935429547,1614.1138586538823,162.38463732908951,52.947040863798065,100.0,0.3876729259874982,0.3636049991864018,AP0301,True,-1,1.6356669306181733,1.6229366696773095,0.7035812571698506,-0.7035812571698506,0.3797463170842275,-0.3720950882769385,0.15839348593858335,0.010890391476310554,0.7193469977027087,0.28439461448096487,-0.08775249560704555,0.32415216721200796,0.12491555464893961,0.310734801633012,0.11681642792292979,0.21883131631280767,-0.03475541430788245,0.28452822490969815,0.5019376113062034,63.655865098284764,0.6365586509828477,0.11554380159096392,0.2478975474261884,39.20999649,227.6074769868469,52696.954188127966,1032.6898923912051,0.48249550171320965,2026-07-30 02:26:00
10,556.5858225448887,97.18240927249049,653.7682318173793,564.876883175941,177.22866555122903,742.10554872717,29.161650290289174,-119.51433644756025,70.0,0.3033524514012404,0.3210199147831984,AP0302,True,-1,0.5774023544786325,0.5774023544786325,0.19745481338296053,-0.19745481338296053,0.2693500874600137,-0.26824961977342937,0.10021125589660652,0.06005184992117613,0.28610462780455337,0.14718670800327083,0.033651091868549976,0.2887658882974826,-0.2656219581537587,0.04866731662083934,-0.035146509261727285,0.28621253709764893,-0.28621253709764893,0.19270811250481043,0.23940637015468186,68.96048025564419,0.6896048025564419,0.15188331627714208,0.15851188116641607,39.20999649,227.6074769868469,53574.94629428877,1051.9095525772675,0.48007444884377254,2026-07-30 10:50:00
10,1105.2023550645886,177.5174465799616,1282.71980164455,1039.1786174492163,272.8102669257422,1311.9888843749584,202.6886730957932,14.55061670329951,90.0,0.3032146786680776,0.3090684952141589,AP0303,True,-1,1.0903024710568259,1.0541716129259548,0.15621801363391571,-0.07308852730811413,0.3511527588919554,-0.3315165932899787,0.20446048568629274,-0.019508828805306692,0.45053343231724746,0.2163745898004903,0.18052044659022837,0.19807070919301936,0.005711394335996295,0.3028674945685308,0.2388513245545527,0.4209836349858163,-0.4209836349858163,0.2845741071369642,0.3675537697271058,67.95762562185553,0.6795762562185553,0.12973971213390775,0.19068403164753686,37.46618825284555,227.2154822417463,50209.86584287377,1039.5559265174445,0.39744945607416104,2026-07-30 18:42:00
10,1049.7639877939484,-45.758428920381874,1004.0055588735665,935.3979098687041,156.54122622158667,1091.9391360902907,275.41624673654763,522.4116979402841,90.0,0.30558389595437874,0.3231706113977236,AP0304,True,-1,1.0442393824129705,1.0315091214721068,0.21585053329877554,-0.1380894175496448,0.21947448830569627,-0.21727355293252884,0.1457997439871037,0.10306248156007669,0.4063410370011365,0.0735850683349747,0.030014861297320908,0.6903448440306519,0.6437584051358259,0.1867308086196378,0.027580704379433094,0.8464587418185091,0.7519434113584215,0.44927986570094336,0.4278104513510399,65.25104153742109,0.652510415374211,0.12488041385783327,0.22260917076795578,37.46618825284555,226.1701629214779,49904.90822043563,1030.4428711957348,0.3933191851521637,2026-07-31 02:00:00
10,1910.4829267926507,-15.75822453673419,1894.7247022559163,1694.344467446036,110.42846179976084,1804.7729292457968,-109.46825170623049,-161.03371142770516,90.0,0.347807049115543,0.32981669451351936,AP0305,True,-1,1.91179268133443,1.91179268133443,0.5361644958567647,-0.5361644958567647,0.3314496327024968,-0.3314496327024968,0.17261311251398195,-0.1454307295898218,0.7380049806019183,0.11571149740662566,0.11571149740662566,0.48226471450822705,-0.48226471450822705,0.4654809213664072,-0.32256676954949615,0.1805945306024956,-0.14556505895863117,0.3110129159709389,0.5245089482864287,74.24538638795586,0.7424538638795586,0.12025944203856943,0.137286694081872,37.46618825284555,226.1701629214779,50154.50473129425,989.4824558311363,0.3955889646391458,2026-07-31 10:33:00
10,1000.751449222713,13.650125521419803,1014.4015747441326,940.3518033473215,73.82367336296107,1014.1754767102825,24.639767414254635,13.229610743679707,100.0,0.37946249942737104,0.37941727982060114,AP0306,True,-1,1.0010445006789335,1.0010445006789335,0.3032379894002284,-0.3032379894002284,0.22129582883913926,-0.1182516976750901,0.217411024563381,-0.0753391420969368,0.4357473358704205,0.09836680446572785,0.017558544973356092,0.15185735545389306,0.018046728406212596,0.2104010326704393,0.0067645847650387725,0.08855627817406207,-0.057096642058954025,0.13729536769103057,0.2865213517807256,70.45913240780253,0.7045913240780254,0.12942092367943678,0.16598775224253792,37.46618825284555,226.09847773257823,51274.9619313306,992.9442905333219,0.3998469561121437,2026-07-31 17:47:00
10,1238.9099434610011,131.8171225548429,1370.7270660158442,1000.8821949616683,314.42845417174897,1315.3106491334174,204.09101618065705,107.51238769117435,100.0,0.4200897900115178,0.40900650663503235,AP0307,True,-1,1.280454727446049,1.280454727446049,1.1175330992517776,-1.1175330992517776,0.390267474909794,-0.36517977629373294,0.23027352316040206,-0.056252419586058915,0.7546322061920056,0.2656320465312471,-0.023279081376202992,0.34045510405672463,0.2685020965046889,0.36588998277405893,0.24002727585849548,0.17532301502882533,-0.17532301502882533,0.286825037097714,0.5207286216448599,69.59642918083054,0.6959642918083054,0.058483639799920016,0.2455520683917745,41.449812264285704,225.38162584358167,53540.43700374028,1039.3257446022958,0.3830421115665669,2026-08-01 01:35:00
10,1473.5395443682355,67.54085139192698,1541.0803957601627,1062.0519312945023,255.5814247354503,1317.6333560299524,71.1431374895015,-20.019805016428393,90.0,0.45484494186406044,0.4101555339180184,AP0308,True,-1,1.5779268529163861,1.5779268529163861,0.5708978408215737,-0.5683862004491361,0.2901466612726775,-0.2901466612726775,0.1616784074734444,-0.13142450838958533,0.6501624406210205,0.2100189185843688,0.16571017645036049,0.26122976782445995,-0.2423425670722613,0.19845384685853684,-0.16495913660032524,0.4868571712612004,-0.4868571712612004,0.2891399261321415,0.46965118337658096,66.72856210927988,0.6672856210927988,0.1334084920660345,0.19930588684116668,41.44981226428571,225.38162584358167,53704.59380781464,1012.1347248959254,0.3846027779088021,2026-08-01 09:28:00
10,1457.50998707574,107.51497619021679,1565.0249632659568,1160.5241282528839,192.34884925391378,1352.8729775067975,125.6927246859382,16.643950013199344,100.0,0.4222895273427315,0.37985913019089934,AP0309,True,-1,1.5548719496093797,1.5548719496093797,0.5711982151406643,-0.516190724650726,0.3928563863513621,-0.3837823203653146,0.19386633087926017,-0.17072855779319104,0.6781982204951666,0.1685431910394466,0.03579593593492773,0.29990980671556716,0.054079029596093176,0.45635307516849843,0.15006903101070454,0.29945545152658865,-0.21479879149724654,0.3060653811125252,0.49213180080384594,66.88466018316834,0.6688466018316834,0.15271509585317256,0.17843830231514404,41.44981226428571,225.38162584358167,53978.21976343686,1009.0663138112266,0.38217138389106114,2026-08-01 16:51:00
10,1024.783604418027,4.532591699594219,1029.316196117621,835.8568530549651,135.79021683727763,971.6470698922427,-34.095995208776344,-59.417403943987836,80.0,0.392247674477314,0.3807138492322386,AP0310,True,-1,1.0886990122797828,1.0886990122797828,0.8621472315120209,-0.8621472315120209,0.5702601851834892,-0.5702601851834892,0.1620404557157149,-0.09875984120241665,0.6707867211727521,0.07546949835255165,-0.011750167418826053,0.22309256942256134,-0.22309256942256134,0.21911487049395945,-0.21911487049395945,0.13264740736497052,-0.12249127206884411,0.16258108640851074,0.41668390379063136,71.40259819071879,0.7140259819071878,0.08843437727568783,0.19753964081712436,41.449812264285704,223.7116225639592,54885.96568496023,996.7703469476667,0.3855482692762547,2026-08-02 00:16:00
10,1286.1870030226883,-5.522634465788604,1280.6643685568993,1001.5397943405776,133.55903318928063,1135.098827529858,66.6703473647849,123.95505067142346,90.0,0.3977605542875161,0.368647446082108,AP0311,True,-1,1.2943860051189398,1.2943860051189398,0.6902973532789615,-0.6902973532789615,0.31139682938490404,-0.3091958940117373,0.10646501089596512,-0.009409583816198469,0.6006362996696926,0.1522416577053012,-0.0686304406785494,0.4748235908877605,0.24267243740819955,0.30074324735114166,0.1000973980711809,0.3194577245571071,-0.07596857568289188,0.3118165551253276,0.45622642739751007,77.20482942071501,0.7720482942071502,0.06335644607148481,0.16459525972136488,41.44981226428571,223.7116225639592,51981.574226677934,982.8210482708904,0.37472006930230073,2026-08-02 08:37:00
10,1199.1831772035187,-23.637503820557207,1175.5456733829612,1071.626363760764,204.04411422271482,1275.670477983479,-78.80110466141704,-98.93576489517028,100.0,0.37617531987606967,0.39620028079617314,AP0312,True,-1,1.2876060431563097,1.2876060431563097,0.5234328970350677,0.03379677509372183,0.300896590287745,-0.29979612260116195,0.17669499650465534,0.07457058022152409,0.5721576317459444,0.16520507479792498,0.1432251680434715,0.5339540641737528,-0.5339540641737528,0.5543074214273098,-0.5543074214273098,0.21601514021064352,-0.21601514021064352,0.3673704251524078,0.46976402844917614,68.86060126091267,0.6886060126091268,0.14289592632438108,0.1684980610664923,41.44981226428571,223.7116225639592,53101.37541180941,1005.9714572553881,0.38310835035158347,2026-08-02 16:30:00
10,1200.26257328363,45.52339638084058,1245.7859696644705,1007.9823982017556,117.53883876432371,1125.521236966079,-16.989449197704744,-109.90002232625409,100.0,0.3907035707713419,0.3666506242316635,AP0313,True,-1,1.2666624292263453,1.2666624292263453,0.6396454093517502,-0.6396454093517502,0.4742801579890347,-0.4742801579890347,0.16815741692930342,-0.0761120165915432,0.6371863533741083,0.07261366644567802,0.004110276058963108,0.27724780791794457,-0.10764823323013839,0.3379728600709282,0.11284800838179715,0.2850349463095597,-0.2850349463095597,0.24321732018602762,0.440201836780068,65.21787700622376,0.6521787700622376,0.14493981908017534,0.20288141085758718,41.44981226428572,223.68578720806846,53332.22478215033,984.4005737496726,0.3883357062953387,2026-08-03 00:27:00
10,832.3851040495175,80.5063176252983,912.8914216748158,672.7989390111619,39.1525251450509,711.9514641562129,64.76787504090652,-23.670972081439004,70.0,0.36784283022064457,0.32765483871692397,AP0314,True,-1,0.8608530670961203,0.8608530670961203,0.6312866954611419,-0.6312866954611419,0.4187273934848153,-0.41166537585528173,0.16335426842445958,-0.1306149344386048,0.5185553561166343,0.08104959214399948,-0.015443436529083046,0.33015860732556246,0.20753472004318713,0.07953566290537505,-0.0317570496500173,0.16896463745970033,0.07917244708352378,0.16492712495865933,0.3417412405376468,73.54833479688197,0.7354833479688198,0.10935949316131527,0.15515715886986495,41.44981226428571,223.68578720806846,52872.29056007406,975.649935177283,0.3769328529373894,2026-08-03 08:30:00
10,912.2105916969696,229.57382657426004,1141.7844182712295,673.7802063939596,235.16046154823664,908.9406679421961,227.80952269578518,-40.42479552982013,100.0,0.4002194997970383,0.35365074973123145,AP0315,True,-1,0.9728914030498688,0.9728914030498688,0.22576114547870352,-0.19162411062893703,0.1723654494680941,-0.1723654494680941,0.2214446165507664,-0.15686165400952198,0.39811565363685825,0.1615405521380922,0.13040087099687664,0.44702169617999304,0.3201699023878693,0.1746706727696854,0.1746706727696854,0.185511015302493,-0.11902190754351863,0.24218598409756592,0.3201508188672121,71.7674508920415,0.717674508920415,0.13820383680600198,0.14412165427358298,41.50480573615384,223.68578720806846,53734.36589469755,993.7046564784407,0.37061757242335597,2026-08-03 16:18:00
10,606.0564778096453,49.5446351973303,655.6011130069755,408.85818316543634,120.96179380586733,529.8199769713037,-25.286315909140313,-119.64417411169643,90.0,0.40473858453841516,0.37958235733128054,AP0316,True,-1,0.6596037334192651,0.6596037334192651,0.2972812573568217,-0.2972812573568217,0.22241727144846313,-0.22131680376187943,0.13395996593427542,0.026191488436541486,0.32831555703970633,0.09832027994852777,-0.04146448598599126,0.3408744677813089,-0.0811957700662296,0.3908944690627957,0.06374010819557618,0.17237619957298525,-0.05761464335919711,0.2506163540914044,0.2894659555655553,68.78090271590784,0.6878090271590784,0.1426291324404917,0.16956184040042988,41.50480573615384,222.97383187110725,53451.699612368386,982.5572231865027,0.3731433942547052,2026-08-03 23:46:00
10,557.8566088010806,105.0080056855788,662.8646144866594,392.55820853722753,116.91734056586313,509.47554910309066,47.96208040566276,-105.07696894197522,100.0,0.3601767631505487,0.32949895007383473,AP0317,True,-1,0.6168914522700053,0.6168914522700053,0.2502982942846448,-0.15560333696941195,0.26523519064512013,-0.16591196484636728,0.22298401176678384,0.0536915326370993,0.3388522372416385,0.20700896144893707,0.0282784525178444,0.35965374293473545,-0.11044003865891872,0.29325480117965974,0.04062649271602779,0.144771114636404,-0.11466621845195672,0.25117215504993406,0.2950121961457863,77.49134228268635,0.7749134228268635,0.06727750229345605,0.15780907487968038,41.50480573615384,222.90263633741114,53991.191803443195,971.0090575460405,0.37704575630419507,2026-08-04 07:19:00
10,580.4130882789317,140.86054053151867,721.2736288104503,400.00338833748003,137.36998220987596,537.373370547356,54.32161399936052,-144.1754233783057,70.0,0.34362838195572715,0.30684833030310954,AP0318,True,-1,0.6172768368526774,0.6172768368526774,0.11584731199781327,-0.11584731199781327,0.048338756209381994,0.026038963827736517,0.15490478499662794,-0.15490478499662794,0.23409192251412517,0.14139649782424596,-0.040974298423570116,0.15099686156780023,-0.06749795024506744,0.16291603841078572,0.16291603841078572,0.052188039316359014,-0.02208314313191175,0.12687435927979773,0.18048314089696144,73.61717325880034,0.7361717325880034,0.07113946106964486,0.19268880634235164,41.50480573615384,222.90263633741114,53352.65779242029,976.8530366856667,0.36754955684062285,2026-08-04 14:29:00
10,787.4508279128014,83.44696822846277,870.8977961412642,665.1323302153197,121.92967926284007,787.0620094781598,-56.18120919224489,-241.973978625668,100.0,0.3846691226240152,0.36790196529139374,AP0319,True,-1,0.855407027649507,0.855407027649507,0.4136872003145868,-0.4136872003145868,0.2844854555509762,-0.2833849878643932,0.151032116148694,0.0055962467303106505,0.426152949915941,0.1844123214094414,0.052077535153212756,0.26705352695401474,-0.26705352695401474,0.2988095334227025,0.07800993374164603,0.1364964961937292,-0.07136212836541876,0.22169296949497197,0.3239229597054565,78.743619457751,0.7874361945775099,0.08225785589464098,0.1303059495278491,41.50480573615384,222.70618205570074,53786.568063015366,992.3741583207478,0.37384593551611406,2026-08-04 21:55:00
10,1035.9120637049866,107.60183072988731,1143.513894434874,795.242236104432,151.1028057738128,946.3450418782448,121.6566768576119,5.494238124277331,100.0,0.38603328993634733,0.34659951942502143,AP0320,True,-1,1.1230212508761377,1.1230212508761377,0.47336748405373097,-0.47336748405373097,0.2805512189545692,-0.2772498158948194,0.12093941731503823,-0.028894016977277313,0.499469842799869,0.2176853528650376,0.06267069817277388,0.16774555966005922,0.04549197672953784,0.36960454798127873,0.1460441447722689,0.3130171202264327,-0.06179997815998542,0.26701314518320207,0.3832414939915355,70.47378361792774,0.7047378361792773,0.06802494526921248,0.22723721855151016,41.50480573615384,222.5939224661519,54753.77942792453,1000.0891725686764,0.3753923282595085,2026-08-05 05:11:00
10,525.322923352956,-3.2735115815869964,522.0494117713689,482.0104092231418,71.6805397644012,553.690948987543,-12.264631914609481,-13.9259129292779,90.0,0.3522740621709695,0.3586023696142045,AP0321,True,-1,0.6268867144377434,0.5744195010429254,0.4122737346174392,0.3738295611386624,0.25020222061679503,0.24748105113845908,0.17067468159578691,0.1108222253887803,0.36500933781694117,0.08132010359951433,-0.03086679514254691,0.13603564896167958,0.03356392572612717,0.2279052767732585,0.1393539146240373,0.33834694259792975,-0.33834694259792975,0.19590199298309555,0.2804556654000184,73.03732845374714,0.7303732845374713,0.06303962170333033,0.20658709375919831,41.50480573615384,222.5939224661519,53339.753884372054,977.0090771006605,0.3759143010729705,2026-08-05 12:53:00
10,662.3557776103052,42.424235610468074,704.7800132207732,488.45297290942335,136.02193100411017,624.4749039135336,80.58074445924404,59.122009899517764,90.0,0.3632120269457523,0.34715100508430435,AP0322,True,-1,0.6812187144238808,0.6812187144238808,0.25040134431605154,0.09085396604386546,0.08335634525934436,0.01363429305700801,0.09107510615144622,-0.09107510615144622,0.2765128775376808,0.11935696615570611,-0.023821927448068422,0.40879174936951695,0.2250737638774706,0.45923138588337187,0.24434521649075405,0.12332535449047538,-0.0882958828466103,0.2776763639747676,0.27709462075622415,64.74269757468193,0.6474269757468193,0.18154574888426864,0.17102727536891216,41.50480573615384,222.54285765701636,53361.9073141188,983.4470564715017,0.3762662047905659,2026-08-05 20:28:00
10,1179.5550991744199,36.81626909749693,1216.3713682719167,939.2802525851798,40.563131048860726,979.8433836340406,23.98951224669395,-34.16736949316123,90.0,0.379780567254012,0.3324749703264368,AP0323,True,-1,1.258209464528288,1.258209464528288,0.5607359040760763,-0.5607359040760763,0.29310424634013793,-0.28980284328038747,0.18124125145677702,-0.09478554729484802,0.5733227166003199,0.1378262095007844,0.0693228191140695,0.17037441318141464,-0.05312585520232622,0.2833708928301025,0.08986687689920068,0.22596382960860542,-0.19093435796474162,0.20438383628022674,0.38885327644027323,69.16477196689875,0.6916477196689876,0.07479347738226014,0.23355880294875234,41.50480573615384,222.48157988605374,54735.45424823103,1025.0944822587599,0.37582033590689196,2026-08-06 04:10:00
10,562.388078760464,68.27600842311664,630.6640871835806,442.3013898697814,150.9800416166815,593.2814314864629,105.15630399427283,50.77510597077111,90.0,0.3480102071329057,0.34053367599348205,AP0324,True,-1,0.5817901250274218,0.5817901250274218,0.3735775513538832,-0.3735775513538832,0.28487816848477243,-0.2837777007981887,0.19929578365318604,0.17366590150745953,0.35988540712981587,0.1940905456715907,0.08942234501414642,0.21156865059654809,-0.015046340427205943,0.09593585157650292,-0.07442728436090955,0.2437744073576032,-0.2437744073576032,0.18634236380056124,0.27311388546518856,74.27540310744783,0.7427540310744783,0.06350956085093683,0.19373640807458486,41.50480573615384,222.48157988605374,53355.024829800175,988.8647136941794,0.3732282263991743,2026-08-06 12:07:00
10,221.06041741040872,106.66300059193641,327.7234180023451,192.66923060422084,182.25155006095338,374.9207806651742,254.79882883388868,211.4423021241181,70.0,0.33971421548160946,0.3491536880141751,AP0325,True,-1,0.24845311913456306,0.23572285819369962,0.1221048575509131,-0.1221048575509131,0.29363567437619453,-0.29363567437619453,0.08156872720987404,0.05655381511866086,0.1864405945678862,0.18917595293678063,0.12116811948400513,0.6606463546241531,0.4959508646885702,0.33895716810344045,0.11498428882814267,0.2054397275644536,-0.15846077869512415,0.3485548008072069,0.26749769768754655,66.89922059471319,0.6689922059471318,0.12987027535093557,0.2011375187019326,41.50480573615384,222.21495151145146,53570.00115809633,979.2112312875855,0.37718287020328045,2026-08-06 19:45:00
10,1623.0265144468485,198.6668680406978,1821.6933824875466,1368.734080573663,398.54158915835274,1767.2756697320158,135.6573614902581,-91.24856067101436,100.0,0.3830699137395607,0.37218637118845443,AP0326,True,-1,1.6854279168734274,1.6854279168734274,1.158260834600821,-0.8451419522561133,0.6955031367615386,-0.2914731363436976,0.2134142009140446,-0.13313928233295888,0.9381515222874579,0.34293971446694627,-0.11519491183516889,0.30641967762392763,-0.12501206492847378,0.35462775794237456,-0.18744205143495096,0.6651003471654404,0.6258401658743116,0.4172718742996722,0.6777116982935651,69.07407448257621,0.6907407448257622,0.11636106010396607,0.19289819507027176,41.36253203653846,221.74835185589745,54209.88542910131,1026.52937824394,0.3845760062735764,2026-08-07 03:32:00
10,1254.690144086687,-24.452039220348276,1230.2381048663387,981.6082235618585,160.98425138809364,1142.5924749499522,-3.058045488359028,26.577662070674705,100.0,0.37187930025848454,0.35435017427520743,AP0327,True,-1,1.3264204993365925,1.3264204993365925,0.7497434823024581,-0.7306445924423692,0.33827990730705365,-0.18339011667322133,0.17464957288780925,-0.17464957288780925,0.6472733654584784,0.12903838945428886,0.09271167168534714,0.30722143913277633,-0.23428812178350691,0.40053777378002114,-0.29512361325189856,0.38376841018495483,-0.28002596347516934,0.3051415031380103,0.4762074342982443,77.66126683328832,0.7766126683328832,0.06975117169822423,0.15363615996889252,41.36253203653846,221.74835185589745,53786.3394419656,1000.8422261452395,0.38154505431032765,2026-08-07 11:34:00
10,1033.5649877465305,136.60617529641942,1170.17116304295,790.4001026729665,189.14476004453826,979.5448627175047,142.09982578515388,-28.76841676412721,100.0,0.40280755434011145,0.36468229427502263,AP0328,True,-1,1.0835870363064548,1.0835870363064548,0.5095925924243111,-0.28688753619849205,0.3963935818287249,-0.3296758014296414,0.2735322495109607,-0.01988501905925592,0.5657763650176129,0.17329651789170913,0.17329651789170913,0.43153046977991194,0.18958117652754616,0.3481251208000674,0.1403675756079168,0.1937268074137668,0.04060776280977635,0.2866697289713638,0.4262230469944883,72.192694914391,0.72192694914391,0.09851722678293638,0.17955582407315376,41.36253203653847,221.7042266570919,53574.423505255,972.7233478647249,0.3815146556998198,2026-08-07 19:00:00
10,1025.8865135696205,189.2953652349075,1215.1818788045282,894.5800213392918,183.32323824610773,1077.9032595853994,231.98502579764164,16.056251312663903,100.0,0.3977023521697688,0.3702466283259435,AP0329,True,-1,1.0837201563116385,1.0837201563116385,1.0041013982348745,-1.0041013982348745,0.695271580389173,-0.695271580389173,0.23794026564091364,-0.0199449296871895,0.75525835014415,0.24938840103048618,0.24938840103048618,0.4692457742845525,0.23127690690773597,0.42996706184616557,0.37528458586381375,0.15492780967836894,0.007553992682185678,0.3258822617098933,0.5405703059270216,69.55231633949222,0.6955231633949223,0.10184278790481595,0.2026340487002618,41.362532036538454,221.6270075591822,53691.74871349675,992.2071187959934,0.3810212527797433,2026-08-08 02:33:00
10,1059.3445407616828,86.61051112750383,1145.9550518891867,786.8775528871192,147.85108961862153,934.7286425057408,35.8164728117882,-87.00052474556034,90.0,0.44258386134263406,0.40033857946594437,AP0330,True,-1,1.1238150080589417,1.1238150080589417,0.6590737260495166,-0.6590737260495166,0.4503726799081529,-0.4503726799081529,0.09534242575613151,-0.030605418846533023,0.5821509599431857,0.1063446636951016,-0.02599012256112703,0.2883693829323872,0.023415782100430105,0.3353627672322163,0.1719504464803526,0.07102017652036373,-0.040915280335917105,0.20027424759501722,0.39121260376910144,74.92141231405941,0.7492141231405941,0.09952838410589293,0.151257492753513,41.36253203653846,221.6270075591822,53564.144908629096,974.0769270420311,0.38297740128365465,2026-08-08 10:07:00
10,1178.6449541738882,79.5971202052552,1258.2420743791436,848.152001841019,137.2356334057131,985.387635246732,27.26279798676711,-80.06330686187813,90.0,0.42987806865695666,0.3753071808304746,AP0331,True,-1,1.2566449493341132,1.2566449493341132,0.9022055712455326,-0.8657266520621473,0.406771971791007,-0.406771971791007,0.0858539480703832,-0.008948102267054982,0.6628691101102591,0.13528921683030085,-0.042501807923543404,0.21777484328291227,-0.10192921580133338,0.1884188151684421,-0.009173581693547324,0.03792698492855581,0.021467470834064046,0.14485246505255275,0.40386078758140587,74.48703645142531,0.7448703645142531,0.07582693810089754,0.17930269738484927,41.362532036538454,221.6270075591822,53732.01089830749,979.537408552975,0.3800188826690581,2026-08-08 17:23:00
10,715.4661354816259,117.59329040037844,833.0594258820043,525.0052942040525,194.36326459129037,719.3685587953428,111.3450566806311,-8.243320088758963,80.0,0.34084147507983364,0.31810330166250145,AP0332,True,-1,0.7692249683608909,0.7692249683608909,0.7440962036491454,-0.7440962036491454,0.28271083246584444,-0.28161036477926077,0.03628394218742716,0.014915310973913637,0.458078986665827,0.14400772862678454,-0.07680022378819641,0.47579363658781204,0.23782476921099538,0.32089008144658004,0.28290807958977693,0.060812031559359936,-0.060812031559359936,0.25037586955513413,0.3542274281104806,67.88638795725905,0.6788638795725905,0.10221640357239879,0.21891971685501063,41.36253203653846,221.55017194124423,53870.14812077438,989.5930472397304,0.3835067870544446,2026-08-09 01:07:00
9,1323.7466717960144,107.76448103035013,1431.5111528263642,1144.048610055086,193.07512309916206,1337.1237331542482,44.39560910408795,-98.6320934506353,100.0,0.4148604213400805,0.3938854391907218,AP0333,True,-1,1.6201587436101073,1.6201587436101073,0.6886704310269857,-0.45969488990980534,0.7959833938740688,-0.008866863205944764,0.02648081601984914,0.023967610627082615,0.7828233461327527,0.16735630874304452,-0.08802481419203127,0.32721021243338866,0.049467293016651565,0.3907009157954077,0.17662734863653548,0.17151206454409199,0.08970197554139833,0.26419487537898323,0.523509110755868,76.90854668639062,0.7690854668639062,0.07097552681391435,0.15993900632217944,41.8820163453125,221.55017194124423,55545.90084577587,994.2211224860096,0.3908540511727166,2026-08-09 09:05:00
10,867.64437134994,84.11694965368251,951.7613210036225,884.8683366209757,181.8237907565316,1066.6921273775074,140.1074177172043,98.49218075708689,80.0,0.34609004027910373,0.3690762015538803,AP0334,True,-1,0.9875960262922333,0.9353831259782778,0.3377328113232394,-0.17119418934414665,0.5040023766644129,0.11998530756457863,0.12365043645839284,-0.08989522348769302,0.4882454126845696,0.1941190472835059,-0.08957333639790256,0.34263365930556877,0.2209957996887343,0.30977580651158465,0.11929892468440838,0.0911548309966108,-0.05969519488150213,0.23442083602431754,0.3613331243544436,72.47116563974524,0.7247116563974524,0.08174208072196269,0.193546262880585,41.8820163453125,221.55017194124423,56648.12969929859,1002.1940172613077,0.3667367917177355,2026-08-09 17:00:00
10,1324.1356718912787,98.30879199927779,1422.4444638905566,1127.9829858024825,179.6051016671816,1307.588087469664,160.57819484656227,89.21256709349856,90.0,0.3663843873813141,0.34341311209713554,AP0335,True,-1,1.4103644703682736,1.4103644703682736,1.2140626475664411,-1.2140626475664411,0.7921230918148479,-0.7921230918148479,0.05273063791674887,0.04017547466908707,0.8673202119165778,0.1326344493236851,0.03900567075205651,0.19207812666479673,0.08980433219176501,0.3876465351264467,0.04417509702994529,0.22596837781058107,-0.22596837781058107,0.23458187223137741,0.5509510420739776,71.3180531573553,0.7131805315735529,0.08757005409756416,0.19924941432888296,41.8820163453125,221.40034145539568,53920.96182450227,1018.7899041801203,0.39013859251195376,2026-08-10 00:59:00
10,0.0,60.922917611895684,60.922917611895684,0.0,130.68486129900413,130.68486129900413,95.44685278167265,42.23937095084875,40.0,0.22401345871781486,0.23796584745523658,AP0336,True,-1,0.0,0.0,0.0,0.0,0.0,0.0,0.0,0.0,0.0,0.11773199644891247,0.03692373695654071,0.2989420236134844,0.20229354902186755,0.44760193279209254,0.24695197073924935,0.08942558654702737,-0.05796595043191932,0.2384253848503792,0.11921269242518959,72.59181045393478,0.7259181045393479,0.08742290976638946,0.18665898569426265,41.88201634531251,221.40034145539568,54260.3264680217,980.1931662074837,0.3895721367381456,2026-08-10 09:55:00
10,1119.7712683718391,145.26515243115233,1265.0364208029914,785.8452806220414,176.0580905245353,961.9033711465767,103.0824361089916,-67.32985151915376,90.0,0.4291360292926276,0.3685094193613449,AP0337,True,-1,1.2175368461623683,1.2175368461623683,0.7354914298279783,-0.7354914298279783,0.35291238889604243,-0.35181192120945876,0.0425262360031237,0.017856363868693034,0.5871167252223782,0.22482905772276887,-0.06647142940672436,0.30594472502175035,0.008471029696737034,0.33137283001539386,0.09819202029975858,0.07168731065112574,-0.010122778351569169,0.23345848085275972,0.41028760303756895,78.2049740445404,0.7820497404454041,0.07856132410288946,0.13938893545170644,41.88201634531249,220.52019676894318,56063.169686092435,982.3838742571553,0.3971151190712942,2026-08-10 19:29:00
10,869.3597283858571,36.29581719299064,905.6555455788478,795.4446527706206,79.03145734271294,874.4761101133336,37.32371141419489,8.150385706837895,80.0,0.3444751884386378,0.3382393013455348,AP0338,True,-1,0.938498067123403,0.938498067123403,0.20071387048531664,-0.13180869747075766,0.305253159900951,-0.1839805286219488,0.12491206163787723,-0.12312484431781963,0.3923442897868869,0.09783022305491922,-0.09783022305491922,0.19094477091423237,0.19094477091423237,0.2787637242262551,0.2787637242262551,0.12472869307965131,-0.0905480041848036,0.1730668528187645,0.2827055713028257,71.52697676037712,0.7152697676037713,0.07003202789878557,0.21469820449744312,41.8820163453125,218.97994356765136,56308.56165709826,981.6485909218455,0.39068779518106905,2026-08-11 03:26:00
10,1176.9841807298428,154.45519272456448,1331.4393734544074,1232.2824616422674,184.1760680218315,1416.458529664099,127.98088368822351,-52.277609272006806,100.0,0.31328598169913435,0.3302898129410729,AP0339,True,-1,1.1963199499590227,1.1963199499590227,0.7493802908432262,0.4241654907499978,1.025474645839597,0.9914886476098822,0.9005745102628331,-0.9005745102628331,0.9679373492261697,0.18510310446905962,-0.018751491702159388,0.31501997368440887,0.19625428951878593,0.539192652247535,0.3266830753710793,0.18690349383931995,0.1050934048366263,0.30655480606008084,0.6372460776431252,61.477672453545445,0.6147767245354544,0.2012704876894834,0.18395278777506216,41.8820163453125,218.97994356765136,56106.03913572738,974.0438398344107,0.39469193903517247,2026-08-11 11:30:00
10,1623.0395104714398,57.482490643327836,1680.5220011147676,1368.6984674948174,162.28326395094138,1530.9817314457587,22.293892025553816,-60.37229123712615,100.0,0.3943683756535807,0.36446032171977916,AP0340,True,-1,1.62618141136843,1.62618141136843,1.1117440107748588,-1.1117440107748588,0.4288251763947566,-0.4277247087081722,0.14650203796577524,-0.11072305615789464,0.8283131591259552,0.23009253032849275,0.07633208356402277,0.1717900419980703,-0.09885672464880069,0.3166476797495492,-0.22315503053518843,0.11971702050659751,0.05382427628484497,0.20956181814567745,0.5189374886358162,74.0252462113782,0.7402524621137822,0.10401877436461067,0.1557287635216071,41.80773767045455,218.85736094729253,55726.63419072762,1008.88963345697,0.37787078243940025,2026-08-11 19:15:00
10,601.4720684258139,90.7649836646207,692.2370520904345,374.6949940954596,176.60546200028205,551.3004560957417,97.096232629202,31.22049193556049,90.0,0.372096557490703,0.34390923829176445,AP0341,True,-1,0.6533753109253924,0.6533753109253924,0.3749190275410001,-0.3749190275410001,0.1520964068629371,-0.14879500380318597,0.120024479320892,-0.120024479320892,0.3251038061625554,0.3363469734173404,-0.22504186599421833,0.47587007497469586,0.3231759247966815,0.4466075693815901,0.4466075693815901,0.28657280708619226,-0.25646791090174437,0.3863493562149546,0.355726581188755,71.74520872966211,0.7174520872966211,0.0917071175732947,0.19084079513008417,41.80773767045455,218.64284136166464,53730.94861571833,1009.2902020634301,0.3746009224900265,2026-08-12 03:23:00
10,975.6464730047052,148.04043474137956,1123.6869077460847,646.4315971537983,150.13672647409476,796.568323627893,166.1210774460104,35.61829707400358,100.0,0.4098169847985075,0.34439326797486897,AP0342,True,-1,1.0454720604371104,1.0454720604371104,0.4136421366055452,-0.40627685937609215,0.30972678911732865,-0.1845763705460751,0.1302570023952839,-0.0678049170508898,0.47477449713881703,0.2292373425556463,-0.13469492449232295,0.506002151647891,0.38769291073792944,0.6776600937833994,0.47809160553588076,0.25519341786105504,0.11711354411021582,0.417023251461998,0.4458988743004075,66.45594474638187,0.6645594474638188,0.18030332912054575,0.15513722341563554,41.80773767045455,218.64284136166464,54377.95541196611,997.5113727180623,0.358628731526793,2026-08-12 11:07:00
10,1083.1328576296116,58.075641475059484,1141.2084991046709,857.0301986006789,121.18627646088879,978.2164750615677,142.74406528706044,128.1845149136281,90.0,0.3635503545185277,0.33095194970990705,AP0343,True,-1,1.1673273248709426,1.1673273248709426,0.7282772438620769,-0.7245762869723548,0.3605813571596271,-0.3408049061272472,0.20955861512367022,-0.015068323433803502,0.6164361352540791,0.06349694442771153,0.01585456018522216,0.42773578423656866,0.42773578423656866,0.46878086541260994,0.4344334762748199,0.284592569563392,-0.2799532756183783,0.3111515409100705,0.46379383808207486,67.48856525771005,0.6748856525771004,0.14951475656694196,0.17559959085595753,41.80773767045455,218.53292225719872,56081.323998090804,1013.948027839723,0.3720987307890377,2026-08-12 18:36:00
9,497.3207742060467,11.018679219961626,508.33945342600833,469.8221664429813,41.1366134842192,510.9587799272005,8.635676381750443,7.65214236925641,77.77777777777779,0.3250083680638215,0.32559044061964193,AP0344,True,-1,0.6474409028375402,0.6474409028375402,0.22477461554314132,-0.22477461554314132,0.3664342284587813,-0.3664342284587813,0.1267848397347432,-0.028977666338221436,0.34135864664355153,0.09450820971256299,-0.09450820971256299,0.20420093415367918,0.08157704687130353,0.1895024487061185,0.07820973615072616,0.18448664708460816,-0.09982998705526731,0.16817455991424218,0.25476660327889683,69.62402278019816,0.6962402278019816,0.08912064264376142,0.2146391295542569,41.80773767045455,218.23980464528958,55234.873377320924,1000.9054023803726,0.3753196373406786,2026-08-13 02:02:00
10,918.2039039713053,113.44598176116483,1031.64988573247,672.1666628071256,116.77089852880368,788.9375613359294,189.0540822351095,104.92319991056337,100.0,0.4016400027212124,0.3530975378419035,AP0345,True,-1,0.97770764636501,0.97770764636501,0.5553820187220898,-0.5553820187220898,0.4845496786591062,-0.4845496786591062,0.1601844308277663,0.03918543772336827,0.5444559436434931,0.060617420166336644,0.060617420166336644,0.5875762799141877,0.4606253168777414,0.7794114528431932,0.5501951764102202,0.14094150524585394,-0.14094150524585394,0.3921366645423929,0.468296304092943,71.3542445295934,0.713542445295934,0.12077737641618669,0.16568017828787934,41.80773767045455,218.23980464528958,54951.79519353617,1004.4140595569909,0.367165158108949,2026-08-13 10:26:00
10,706.0989002388984,37.4295754855617,743.5284757244601,572.9757799065401,164.13893496470843,737.1147148712486,61.622257598323586,35.74719593667021,90.0,0.3529701468027406,0.3516873946320978,AP0346,True,-1,0.7564011093345878,0.7564011093345878,0.833494337663538,-0.833494337663538,0.3967383417190386,-0.3967383417190386,0.11371598937071453,0.0159108559605983,0.5250874445219698,0.08604252467811993,0.029283554296353043,0.16442560773673232,-0.02221553136518306,0.3128518082836023,-0.06939975870018636,0.28836858510618785,-0.2819415630953984,0.21292213145116062,0.36900478798656516,72.4079838457387,0.7240798384573869,0.13255326398845851,0.1433668975541546,41.80773767045455,218.23980464528958,55604.29411285719,1023.398901411804,0.3696709546297921,2026-08-13 18:09:00
10,1127.0705535754746,126.41779002370245,1253.4883435991771,861.9504030029204,475.800104503866,1337.7505075067863,228.05923160632742,158.5772059402193,90.0,0.35288714743198124,0.36973958021350356,AP0347,True,-1,1.197029497544392,1.197029497544392,0.7405904993097003,-0.7405904993097003,0.36003650380413793,-0.3589360361175542,0.09395930919307373,-0.034463950174165654,0.597903952462826,0.29036085548719953,-0.032420270982972024,0.7734435348442821,0.4226044380099552,0.26391738155212796,0.2001128078330758,1.2245695353858752,0.9730568831473574,0.6380728268173712,0.6179883896400986,72.14093348193349,0.7214093348193349,0.06756187316381834,0.2110287920168468,41.80773767045455,218.23980464528958,54750.37634233167,992.7981936238011,0.37412849042287155,2026-08-14 01:58:00
10,914.935553542543,136.08095153149344,1051.0165050740363,737.2401633954137,251.8091474982832,989.049310893697,133.53316417942523,-5.139885043778349,100.0,0.3790716881018233,0.36667824926575515,AP0348,True,-1,0.9764022528725386,0.9764022528725386,0.16986456407580122,-0.11152562816480509,0.14981423198720886,-0.13698199169351222,0.20300301748327007,-0.11053061798915992,0.3747710166047047,0.24064365230101073,-0.04121948166961923,0.12220811655341396,-0.024544083833734916,0.2581087345187616,0.09426311786569624,0.42808581845521215,-0.42808581845521215,0.26226158045709963,0.31851629853090213,73.28846867968403,0.7328846867968403,0.09572212852407788,0.1713931846790819,41.80773767045455,218.23980464528958,54122.12893213196,1005.3860705577499,0.36833754505505045,2026-08-14 09:50:00
10,1005.4806378214466,53.739266327181774,1059.2199041486285,875.9839250099733,163.52308903188884,1039.507014041862,78.0473754779253,47.473951225701505,100.0,0.3762180658245393,0.3722754878031858,AP0349,True,-1,1.0750092879900779,1.0750092879900779,0.47281121362716455,-0.47281121362716455,0.26766695047121053,-0.26766695047121053,0.20375821814069495,-0.16599049745038877,0.504811417557287,0.14649302889706828,-0.05688431743995691,0.2702074529811904,0.0442083017372957,0.27355821447374984,-0.011179070666020793,0.22857657334303522,-0.1284039621620061,0.22970881742376092,0.36726011749052395,66.35174441270732,0.6635174441270733,0.17399166202327926,0.16249089384964746,41.80773767045455,218.23621077957202,55250.1043759306,1007.5811069323105,0.37185563049227566,2026-08-14 17:40:00
10,1168.599399407073,12.151570317313878,1180.750969724387,967.0897985245489,134.19832495634085,1101.2881234808897,9.435147598537071,-3.905515943691185,90.0,0.3508390420192943,0.3349464727705941,AP0350,True,-1,1.207635063112945,1.207635063112945,0.7061135625969052,-0.7061135625969052,0.37380971131052654,-0.37380971131052654,0.10838472197579929,-0.06617447024382887,0.598985764749044,0.1320734590553946,-0.012952784377906,0.3464909761199062,-0.01377836052135667,0.21218489282184097,0.023117733863813637,0.3474193192310187,-0.3474193192310187,0.2595421618070401,0.42926396327804206,69.55581194810524,0.6955581194810525,0.09440023744174354,0.21004164307720394,41.80773767045455,218.20027212239617,55388.36377860014,1005.93949565793,0.3716548702857641,2026-08-15 01:16:00
10,550.145326320377,56.854615502767686,606.9999418231446,483.308051863938,119.73658062585213,603.04463248979,125.72232217081302,113.11632694969038,70.0,0.2771976725240709,0.2764066106573999,AP0351,True,-1,0.5685448813204652,0.5685448813204652,0.147997624350809,-0.025094326501376014,0.2463527762924723,-0.2463527762924723,0.0805462270871707,0.0805462270871707,0.2608603772627293,0.06804727843442862,-0.04591872784547818,0.41143353168709,0.41143353168709,0.356824928781314,0.356824928781314,0.4227405983160928,-0.4227405983160928,0.31476158430473133,0.28781098078373035,65.46446736757115,0.6546446736757114,0.1815447164914398,0.1638106098328487,41.80773767045455,218.20027212239617,54926.0261408227,992.4999930140356,0.3738635912436837,2026-08-15 09:37:00
10,1204.5167729617867,38.9380924844838,1243.4548654462703,1161.915186799021,106.68191013947865,1268.5970969384996,35.248150754259996,-16.06075655237808,80.0,0.299023825968448,0.3040522722668938,AP0352,True,-1,1.2942654115213612,1.2942654115213612,0.7939105206480406,-0.7939105206480406,0.5058407085115566,-0.5047402408249729,0.165988029096218,-0.119905118822012,0.6900011674442941,0.11242115260991835,0.09044124585546486,0.152004915627179,0.05023054081872168,0.24659158830696595,0.21347722381928277,0.33690742028559445,-0.33690742028559445,0.21198126920741445,0.45099121832585426,70.02173083722968,0.7002173083722968,0.15329666487557464,0.14648602675212852,41.822702577499996,218.1911788691534,55302.579726655196,1037.9508904945112,0.3803799941601191,2026-08-15 17:58:00
10,1118.966405265566,27.73736492534086,1146.7037701909067,942.1382483972484,137.39767220387876,1079.5359206011271,62.28798685219547,61.08990531003158,100.0,0.370600489654483,0.357166919736527,AP0353,True,-1,1.2056448037410554,1.1929145428001922,0.7158462104369582,-0.7158462104369582,0.298193822399438,-0.298193822399438,0.2440477732387849,-0.039241566724153555,0.615933152454059,0.11969035022002758,-0.0841642459511914,0.35879326173329695,0.2275304798506941,0.37913295471036623,0.1850265273584294,0.13422545794797613,-0.0677363501890005,0.24796050615291673,0.43194682930348793,72.68032408118736,0.7268032408118736,0.10730847713223945,0.1658882820558869,41.822702577499996,218.15025922956113,55999.91746782227,990.2207856193825,0.38341307721226514,2026-08-16 01:35:00
10,1670.171527149688,152.66675306650384,1822.8382802161923,1380.0512157091953,338.53975206131537,1718.5909677705106,225.8190634105889,96.9351991376657,100.0,0.35262664501913366,0.33177718252999705,AP0354,True,-1,1.6567728909006199,1.6567728909006199,1.0046975694768008,-0.9567733539628449,0.5407597441767588,-0.48460091448306447,0.27307402676250514,-0.23135548418877763,0.8688260578291711,0.21970996704249998,0.09736126948053159,0.3091859536862391,0.18003054403677896,0.49334751782251357,0.29116827075637264,0.5142497929752753,-0.5142497929752753,0.38412330788163196,0.6264746828554015,69.9436052852901,0.699436052852901,0.15928413433983363,0.1412798128072653,41.822702577499996,218.15025922956113,55679.15787389263,983.1042747893625,0.3879329065329106,2026-08-16 09:18:00
10,763.5334673480671,151.06096020853306,914.5944275566003,697.8431494269996,349.51767907302525,1047.3608285000248,179.9318262989582,22.841047413568276,70.0,0.24557410723790163,0.27212738742658604,AP0355,True,-1,0.840391906194155,0.840391906194155,0.27283403429701475,-0.27283403429701475,0.2981071580927118,-0.2981071580927118,0.22220674712600208,-0.22220674712600208,0.4083849614274709,0.19261501142164733,0.19261501142164733,0.29509025120482935,0.16320954330199203,0.34248757419791886,-0.31781791752671595,0.910974920189851,0.8717147388987223,0.4352919392535617,0.42183845034051626,68.7804242318142,0.6878042423181421,0.15131570981526868,0.16088004786658938,41.822702577499996,218.15025922956113,56912.52115453909,978.2292196877231,0.3829115592711001,2026-08-16 17:22:00
10,1337.2232737960612,92.5465716485312,1429.7698454445922,1202.0285748365488,141.62480784852403,1343.6533826850725,21.886402427961258,-110.07839469167257,100.0,0.37198798558722884,0.35476469303532476,AP0356,True,-1,1.4138534463295596,1.4138534463295596,1.2420717845233387,-1.2420717845233387,0.7543267300134638,-0.7543267300134638,0.23506364033291913,-0.005939879742853371,0.9113289002998203,0.1587161020116999,-0.09666502092337607,0.41626644254689116,0.11682009198172794,0.5093063703599444,0.3274584705831406,0.1436274531433408,-0.06182055057314468,0.3069790920154691,0.6091539961576447,64.61495994367955,0.6461495994367956,0.12339830763179778,0.23045209293140662,41.8227025775,218.15025922956113,54993.273741747944,976.8922554918662,0.38494031981671817,2026-08-17 01:31:00
10,1382.821272097711,188.9585941812514,1571.7798662789623,1293.8829462929498,287.4910240455935,1581.3739703385436,60.39854822730831,-219.42426051709094,90.0,0.3366176770880875,0.3385364979000036,AP0357,True,-1,1.4198021107615386,1.4198021107615386,0.8512537369410786,-0.8512537369410786,0.409657072489583,-0.3802679304135776,0.178484947169682,0.0767160917311959,0.7147994668404705,0.5291205527951679,-0.04441462248507963,0.2540621321519797,-0.2540621321519797,0.31922854544083135,0.1089774076613795,0.1383269251294152,-0.10822202894496792,0.31018453887934855,0.5124920028599095,75.59043594323433,0.7559043594323432,0.11440651344538848,0.12968912712226824,41.822702577499996,218.15025922956113,56502.30547295742,976.6662593940091,0.3791396335179154,2026-08-17 09:31:00
10,1172.9008912925829,433.710761961157,1606.61165325374,1184.856101510416,774.7307259708869,1959.5868274813026,654.9015778983365,240.14844619974832,90.0,0.25085455985280014,0.32144959469831225,AP0358,True,-1,1.2116101079974069,1.2116101079974069,0.8769356719936786,-0.07205878025724972,0.7956506529346128,-0.315817692184805,0.29917214207123427,0.1820543347038249,0.7958421437492331,0.6572642833520592,0.4894363442251326,1.2185713786951329,1.1317218666617426,1.0415376500207203,0.8895310272236725,2.700977054942363,2.4195104829236045,1.404587591752569,1.1002148677509012,64.0939004103475,0.640939004103475,0.1417135741783878,0.21734742171813717,41.822702577499996,218.14569046984573,54834.38359605802,998.6298951702647,0.3855347370317736,2026-08-17 17:22:00
10,1598.6023633726797,101.78725450357356,1700.3896178762532,1254.551072012446,276.3082759663588,1530.8593479788049,73.02494008426805,-44.955642757545604,100.0,0.3657295352578931,0.3318234812784035,AP0359,True,-1,1.7084211975251131,1.7084211975251131,0.79256711010042,-0.79256711010042,0.43188713701871134,-0.37824498421433733,0.22016924586129835,-0.20622166524772223,0.7882611726263856,0.27658136463451394,-0.23882963118248768,0.5220552282027138,0.3306727997207236,0.7538447974259588,0.5691268841022753,0.15539509629752174,-0.012321002664250277,0.42696912164017703,0.6076151471332814,69.22357500577449,0.692235750057745,0.1583891965870085,0.14937505335524656,43.485405736969696,218.10000287269165,56968.42166522486,978.263992314678,0.3817876308534244,2026-08-18 01:38:00
10,875.2244255135749,100.62872043550277,975.8531459490778,811.5157897723078,227.90681958055046,1039.4226093528582,-30.67808479229916,-178.29115162383516,100.0,0.3345316090120992,0.34724550169285545,AP0360,True,-1,1.004527996952286,0.9641331617884169,0.8676741464693576,-0.8676741464693576,0.47141028600291196,-0.47030981831632895,0.13624609192627918,0.015314814545529234,0.6199646303377088,0.49528298324625936,-0.2791487429088521,0.32398467412240195,-0.32398467412240195,0.3732235943432825,-0.19681473226815976,0.14136544357751005,-0.10633597193364434,0.33346417382236343,0.47671440208003607,72.0037807745699,0.720037807745699,0.11943283304263613,0.16052935921166483,43.4854057369697,218.10000287269165,56822.24212808101,969.5093183605986,0.38942256755426985,2026-08-18 09:27:00
10,1230.0401308116466,-3.531711414378023,1226.5084193972687,910.0432565446512,55.733753046355616,965.7770095910068,68.43321094862995,147.6781986057871,70.0,0.3426169349922149,0.2904706530309626,AP0361,True,-1,1.3372090079500631,1.3372090079500631,0.8222045404221102,-0.8222045404221102,0.39789327391882917,-0.39789327391882917,0.045791799839180775,-0.013110765567254663,0.6507746555325458,0.2172746176227194,-0.2172746176227194,0.37101590676993296,0.37101590676993296,0.1380282647353564,0.1380282647353564,0.029752473300770882,-0.029752473300770882,0.1890178156071949,0.4198962355698703,70.57015732805074,0.7057015732805074,0.12238058719777228,0.17191783952172027,43.485405736969696,218.10000287269165,56316.46356118025,964.0913549625091,0.38384630165150085,2026-08-18 17:16:00
10,717.9243211624989,92.33410708259802,810.2584282450969,875.6873305778474,108.83433486515793,984.5216654430053,50.570935801638825,-65.6475152018513,70.0,0.27529859938971046,0.31015124682929224,AP0362,True,-1,0.7694689580399513,0.7694689580399513,0.9283405482990919,0.6678023134001494,0.22690158954659598,-0.13601140200217762,0.4639999578081711,0.3186942726856886,0.5971777634234525,0.1015035787565538,-0.0308312074996748,0.44620983605386555,0.146763485488702,0.5656825640469936,0.3690322051618101,0.10243932872477486,-0.03396873811629196,0.303958826895547,0.45056829515949975,64.31345243858969,0.643134524385897,0.15468636451193785,0.20217911110216516,43.485405736969696,218.0501726935613,57383.00078416679,971.0117452633325,0.38425151088063025,2026-08-19 00:54:00
