Batch,orden_escalon_fase,inicio_bloque,receta__gn,hist__gn,rec__gn,z_hist__gn,z_rec__gn,dev_hist__gn,dev_rec__gn,beta__gn,t__gn,motivo__gn,valor_hist_pp__gn,valor_rec_pp__gn,receta__carbon,hist__carbon,rec__carbon,z_hist__carbon,z_rec__carbon,dev_hist__carbon,dev_rec__carbon,beta__carbon,t__carbon,motivo__carbon,valor_hist_pp__carbon,valor_rec_pp__carbon
AP0141,0,140,26.666666666666668,28.2383656028465,23.7565661838784,0.5400840780157301,-1.0,1.571698936179832,-2.910100482788266,-1.6835216514777016,-2.7072066004051605,recomendar,-0.9092432389578537,1.6835216514777016,60.0,58.37689957157257,55.0089902171328,-0.18386066184508112,-0.5653688126016464,-1.6231004284274277,-4.991009782867202,-0.4594836085259159,-1.1307376252032932,recomendar,0.08448096037054106,0.25977770216221685
AP0141,1,140,25.833333333333332,24.91860577392578,23.143507197407892,-0.3400693997245435,-1.0000000000000002,-0.9147275594075523,-2.68982613592544,-1.6835216514777016,-2.7072066004051605,recomendar,0.5725141974412942,1.6835216514777023,18.333333333333332,33.50466895470253,18.333333333333332,2.3236118376063395,0.0,15.171335621369199,0.0,-0.4594836085259159,-1.1307376252032932,recomendar,-1.0676615519568953,-0.0
AP0141,2,140,17.5,18.727368842230902,17.5,0.4491370267836829,0.0,1.2273688422309021,0.0,-1.6835216514777016,-2.7072066004051605,ejecutar la receta: horno frio,-0.7561319090706505,-0.0,16.666666666666668,8.590837872217572,12.919700317689735,-1.2185382282759274,-0.5653688126016465,-8.075828794449096,-3.746966348976933,-0.4594836085259159,-1.1307376252032932,recomendar,0.5598983422549993,0.2597777021622169
AP0141,3,140,16.666666666666668,16.77402756302445,16.666666666666668,0.058364988048211476,0.0,0.10736089635778256,0.0,-1.6835216514777016,-2.7072066004051605,ejecutar la receta: horno frio,-0.09825872106740131,-0.0,13.333333333333334,7.474033482869467,10.798737010587445,-1.306979486005464,-0.5653688126016465,-5.859299850463867,-2.534596322745889,-0.4594836085259159,-1.1307376252032932,recomendar,0.6005356504991374,0.25977770216221685
AP0142,0,140,26.666666666666668,28.80297059235749,23.7565661838784,0.7340997117886309,-1.0,2.1363039256908216,-2.910100482788266,-1.6835216514777016,-2.7072066004051605,recomendar,-1.2358727591397005,1.6835216514777016,60.0,43.982617853176414,55.0089902171328,-1.8144080495338533,-0.5653688126016464,-16.017382146823586,-4.991009782867202,-0.4594836085259159,-1.1307376252032932,recomendar,0.8336907579382836,0.25977770216221685
AP0142,1,140,25.833333333333332,26.243389838324656,23.143507197407892,0.1524472156451271,-1.0000000000000002,0.4100565049913243,-2.68982613592544,-1.6835216514777016,-2.7072066004051605,recomendar,-0.25664818824606167,1.6835216514777023,18.333333333333332,41.912098889473164,18.333333333333332,3.6112772223706546,0.0,23.57876555613983,0.0,-0.4594836085259159,-1.1307376252032932,recomendar,-1.659322689522315,-0.0
AP0142,2,140,17.5,20.94432268778483,17.5,1.2603976881663688,0.0,3.4443226877848296,0.0,-1.6835216514777016,-2.7072066004051605,ejecutar la receta: horno frio,-2.1219067975005226,-0.0,16.666666666666668,15.621316746303012,12.919700317689735,-0.15772979743749066,-0.5653688126016465,-1.0453499203636554,-3.746966348976933,-0.4594836085259159,-1.1307376252032932,recomendar,0.07247425649863998,0.2597777021622169
AP0142,3,140,16.666666666666668,16.838370530870225,16.666666666666668,0.09334398577183552,0.0,0.17170386420355754,0.0,-1.6835216514777016,-2.7072066004051605,ejecutar la receta: horno frio,-0.1571466210821116,-0.0,13.333333333333334,5.8407876756456165,10.798737010587445,-1.6712924278456078,-0.5653688126016465,-7.492545657687717,-2.534596322745889,-0.4594836085259159,-1.1307376252032932,recomendar,0.7679314756485389,0.25977770216221685
AP0143,0,140,27.5,28.157035637257035,24.589899517211734,0.2257776462163626,-1.0,0.6570356372570352,-2.910100482788266,-1.6835216514777016,-2.7072066004051605,recomendar,-0.38010155582491906,1.6835216514777016,60.0,60.57726158225228,55.0089902171328,0.06539071440790262,-0.5653688126016464,0.5772615822522766,-4.991009782867202,-0.4594836085259159,-1.1307376252032932,recomendar,-0.030045961420230697,0.25977770216221685
AP0143,1,140,25.0,24.502492565298184,22.31017386407456,-0.18495895628980802,-1.0000000000000002,-0.49750743470181646,-2.68982613592544,-1.6835216514777016,-2.7072066004051605,recomendar,0.31138240754860963,1.6835216514777023,18.333333333333332,22.841459929637423,18.333333333333332,0.6904557770013126,0.0,4.508126596304091,0.0,-0.4594836085259159,-1.1307376252032932,recomendar,-0.3172531119441282,-0.0
AP0143,2,140,17.5,17.29425896823573,17.5,-0.07528781252590001,0.0,-0.20574103176426917,0.0,-1.6835216514777016,-2.7072066004051605,ejecutar la receta: horno frio,0.12674866247974678,-0.0,16.666666666666668,13.49205821203807,12.919700317689735,-0.47900740100283384,-0.5653688126016465,-3.174608454628597,-3.746966348976933,-0.4594836085259159,-1.1307376252032932,recomendar,0.22009604912340253,0.2597777021622169
AP0143,3,140,16.666666666666668,16.68284376418554,16.666666666666668,0.008794413379312057,0.0,0.01617709751887375,0.0,-1.6835216514777016,-2.7072066004051605,ejecutar la receta: horno frio,-0.014805585336117028,-0.0,13.333333333333334,6.840319554847584,10.798737010587445,-1.448336154047461,-0.5653688126016465,-6.49301377848575,-2.534596322745889,-0.4594836085259159,-1.1307376252032932,recomendar,0.6654867224202743,0.25977770216221685
AP0144,0,140,27.5,24.574261791087963,24.589899517211734,-1.005373603494539,-1.0,-2.925738208912037,-2.910100482788266,-1.6835216514777016,-2.7072066004051605,recomendar,1.6925682293072144,1.6835216514777016,60.0,62.34924775816114,55.0089902171328,0.26611677262143807,-0.5653688126016464,2.349247758161141,-4.991009782867202,-0.4594836085259159,-1.1307376252032932,recomendar,-0.12227629497336903,0.25977770216221685
AP0144,1,140,25.0,20.94501067437066,22.31017386407456,-1.5075284128853979,-1.0000000000000002,-4.0549893256293394,-2.68982613592544,-1.6835216514777016,-2.7072066004051605,recomendar,2.5379567233103835,1.6835216514777023,18.333333333333332,27.670629022060293,18.333333333333332,1.4300817894369762,0.0,9.337295688726961,0.0,-0.4594836085259159,-1.1307376252032932,recomendar,-0.657099141097701,-0.0
AP0144,2,140,17.5,15.656707068549261,17.5,-0.674525112775687,0.0,-1.8432929314507387,0.0,-1.6835216514777016,-2.7072066004051605,ejecutar la receta: horno frio,1.1355776318233077,-0.0,16.666666666666668,6.609339686802455,12.919700317689735,-1.51752070421045,-0.5653688126016465,-10.057326979864213,-3.746966348976933,-0.4594836085259159,-1.1307376252032932,recomendar,0.6972758891834065,0.2597777021622169
AP0144,3,140,16.666666666666668,15.77038476732042,16.666666666666668,-0.48724893436845795,0.0,-0.8962818993462474,0.0,-1.6835216514777016,-2.7072066004051605,ejecutar la receta: horno frio,0.8202941306687366,-0.0,13.333333333333334,5.381326685196314,10.798737010587445,-1.773780114849619,-0.5653688126016465,-7.9520066481370195,-2.534596322745889,-0.4594836085259159,-1.1307376252032932,recomendar,0.8150228879026165,0.25977770216221685
AP0145,0,140,27.5,28.33540213125723,24.589899517211734,0.2870698576211369,-1.0,0.8354021312572293,-2.910100482788266,-1.6835216514777016,-2.7072066004051605,recomendar,-0.483288320791805,1.6835216514777016,60.0,65.90257935882896,55.0089902171328,0.6686290808011643,-0.5653688126016464,5.902579358828959,-4.991009782867202,-0.4594836085259159,-1.1307376252032932,recomendar,-0.30722410281188517,0.25977770216221685
AP0145,1,140,25.0,24.995862182617188,25.0,-0.0015383215024745592,0.0,-0.004137817382812159,0.0,-1.6835216514777016,-2.7072066004051605,ejecutar la receta: horno frio,0.0025897975563496287,-0.0,18.333333333333332,26.759147604917867,18.333333333333332,1.2904810935267765,0.0,8.425814271584535,0.0,-0.4594836085259159,-1.1307376252032932,recomendar,-0.5929549095881532,-0.0
AP0145,2,140,17.5,17.805147408379447,17.5,0.11166406952386024,0.0,0.3051474083794474,0.0,-1.6835216514777016,-2.7072066004051605,ejecutar la receta: horno frio,-0.18798887873553008,-0.0,16.666666666666668,5.846357727050782,12.919700317689735,-1.632644824484191,-0.5653688126016465,-10.820308939615886,-3.746966348976933,-0.4594836085259159,-1.1307376252032932,recomendar,0.7501735353951567,0.2597777021622169
AP0145,3,140,16.666666666666668,16.62169921875,16.666666666666668,-0.024445814530726934,0.0,-0.044967447916668846,0.0,-1.6835216514777016,-2.7072066004051605,ejecutar la receta: horno frio,0.041155058050487,-0.0,13.333333333333334,4.990179998224432,10.798737010587445,-1.8610295659680454,-0.5653688126016465,-8.343153335108902,-2.534596322745889,-0.4594836085259159,-1.1307376252032932,recomendar,0.8551125805444166,0.25977770216221685
AP0146,0,140,27.5,27.636174056441693,24.589899517211734,0.04679359260860288,-1.0,0.13617405644169267,-2.910100482788266,-1.6835216514777016,-2.7072066004051605,recomendar,-0.07877802630700988,1.6835216514777016,60.0,58.51412202568464,55.0089902171328,-0.16831645349471067,-0.5653688126016464,-1.4858779743153576,-4.991009782867202,-0.4594836085259159,-1.1307376252032932,recomendar,0.07733865142603417,0.25977770216221685
AP0146,1,140,25.0,23.071643093532984,22.31017386407456,-0.7169076397584938,-1.0000000000000002,-1.928356906467016,-2.68982613592544,-1.6835216514777016,-2.7072066004051605,recomendar,1.2069295336432007,1.6835216514777023,18.333333333333332,23.06841125488281,18.333333333333332,0.7252151943038899,0.0,4.735077921549479,0.0,-0.4594836085259159,-1.1307376252032932,recomendar,-0.3332244944365746,-0.0
AP0146,2,140,17.5,17.064376767476396,17.5,-0.1594097199810945,0.0,-0.4356232325236036,0.0,-1.6835216514777016,-2.7072066004051605,ejecutar la receta: horno frio,0.2683697150441702,-0.0,16.666666666666668,14.481181359669517,12.919700317689735,-0.3297614971409317,-0.5653688126016465,-2.185485306997151,-3.746966348976933,-0.4594836085259159,-1.1307376252032932,recomendar,0.15152000265922383,0.2597777021622169
AP0146,3,140,16.666666666666668,16.751694813481084,16.666666666666668,0.0462241555439959,0.0,0.08502814681441606,0.0,-1.6835216514777016,-2.7072066004051605,ejecutar la receta: horno frio,-0.07781936667959014,-0.0,13.333333333333334,9.70686551607572,10.798737010587445,-0.8089224249957921,-0.5653688126016465,-3.6264678172576144,-2.534596322745889,-0.4594836085259159,-1.1307376252032932,recomendar,0.37168659485460115,0.25977770216221685
AP0147,0,140,27.5,25.434263124819154,24.589899517211734,-0.7098507035748791,-1.0,-2.0657368751808463,-2.910100482788266,-1.6835216514777016,-2.7072066004051605,recomendar,1.195049028784989,1.6835216514777016,60.0,64.22055362168177,55.0089902171328,0.47809351081676543,-0.5653688126016464,4.220553621681773,-4.991009782867202,-0.4594836085259159,-1.1307376252032932,recomendar,-0.2196761315629114,0.25977770216221685
AP0147,1,140,25.0,20.12065664543135,22.31017386407456,-1.813999533055286,-1.0000000000000002,-4.87934335456865,-2.68982613592544,-1.6835216514777016,-2.7072066004051605,recomendar,3.053907489669015,1.6835216514777023,18.333333333333332,24.592974853515624,18.333333333333332,0.9587143477981436,0.0,6.259641520182292,0.0,-0.4594836085259159,-1.1307376252032932,recomendar,-0.440513528071861,-0.0
AP0147,2,140,17.5,18.564711330613484,15.928449582025477,0.3896149755157921,-0.5750850582835171,1.064711330613484,-1.5715504179745228,-1.6835216514777016,-2.7072066004051605,recomendar,-0.6559252470207906,0.9681681470616169,16.666666666666668,7.857935272701202,12.919700317689735,-1.329123761704688,-0.5653688126016465,-8.808731393965466,-3.746966348976933,-0.4594836085259159,-1.1307376252032932,recomendar,0.6107105822056097,0.2597777021622169
AP0147,3,140,16.666666666666668,16.612590363066072,14.827192352560774,-0.02939769432272839,-0.9999999999999997,-0.054076303600595566,-1.8394743141058942,-1.6835216514777016,-2.7072066004051605,recomendar,0.04949165489583635,1.683521651477701,13.333333333333334,5.946745762680516,10.798737010587445,-1.6476573435069848,-0.5653688126016465,-7.386587570652818,-2.534596322745889,-0.4594836085259159,-1.1307376252032932,recomendar,0.7570715418088139,0.25977770216221685
AP0148,0,140,27.5,28.44489348234953,24.589899517211734,0.3246944522837221,-1.0,0.9448934823495314,-2.910100482788266,-1.6835216514777016,-2.7072066004051605,recomendar,-0.5466301405343397,1.6835216514777016,60.0,66.1826677219842,55.0089902171328,0.7003567736308204,-0.5653688126016464,6.182667721984203,-4.991009782867202,-0.4594836085259159,-1.1307376252032932,recomendar,-0.3218024576034573,0.25977770216221685
AP0148,1,140,25.0,25.101921698676215,22.31017386407456,0.03789155637791744,-1.0000000000000002,0.10192169867621459,-2.68982613592544,-1.6835216514777016,-2.7072066004051605,recomendar,-0.063791255570412,1.6835216514777023,18.333333333333332,26.18247555463742,18.333333333333332,1.202159139818166,0.0,7.8491422213040885,0.0,-0.4594836085259159,-1.1307376252032932,recomendar,-0.552372419586062,-0.0
AP0148,2,140,17.5,13.867306410471599,17.5,-1.3293291648591365,0.0,-3.632693589528401,0.0,-1.6835216514777016,-2.7072066004051605,ejecutar la receta: horno frio,2.2379544309811275,-0.0,16.666666666666668,5.764266846671935,12.919700317689735,-1.645031277748679,-0.5653688126016465,-10.902399819994733,-3.746966348976933,-0.4594836085259159,-1.1307376252032932,recomendar,0.7558649076379612,0.2597777021622169
AP0148,3,140,16.666666666666668,16.487649349636502,16.666666666666668,-0.09731982428750564,0.0,-0.17901731703016566,0.0,-1.6835216514777016,-2.7072066004051605,ejecutar la receta: horno frio,0.16384003130602123,-0.0,13.333333333333334,5.02741162849195,10.798737010587445,-1.8527246527135492,-0.5653688126016465,-8.305921704841385,-2.534596322745889,-0.4594836085259159,-1.1307376252032932,recomendar,0.851296609033746,0.25977770216221685
AP0149,0,140,27.5,28.46083291512948,24.589899517211734,0.33017173146161366,-1.0,0.9608329151294797,-2.910100482788266,-1.6835216514777016,-2.7072066004051605,recomendar,-0.555851258621508,1.6835216514777016,60.0,61.11106206422211,55.0089902171328,0.1258582666241796,-0.5653688126016464,1.1110620642221107,-4.991009782867202,-0.4594836085259159,-1.1307376252032932,recomendar,-0.05782981051129488,0.25977770216221685
AP0149,1,140,25.0,27.66638339572483,22.31017386407456,0.9912846633886451,-1.0000000000000002,2.6663833957248286,-2.68982613592544,-1.6835216514777016,-2.7072066004051605,recomendar,-1.6688491935925693,1.6835216514777023,18.333333333333332,27.743142856695712,18.333333333333332,1.4411878653128378,0.0,9.40980952336238,0.0,-0.4594836085259159,-1.1307376252032932,recomendar,-0.6622022009177044,-0.0
AP0149,2,140,17.5,19.500516569349504,17.5,0.732058720307726,0.0,2.0005165693495037,0.0,-1.6835216514777016,-2.7072066004051605,ejecutar la receta: horno frio,-1.2324367057911159,-0.0,16.666666666666668,15.882276165674602,12.919700317689735,-0.11835439255625536,-0.5653688126016465,-0.7843905009920658,-3.746966348976933,-0.4594836085259159,-1.1307376252032932,recomendar,0.05438190337664101,0.2597777021622169
AP0149,3,140,16.666666666666668,14.512934718987879,16.666666666666668,-1.1708410012377064,0.0,-2.1537319476787893,0.0,-1.6835216514777016,-2.7072066004051605,ejecutar la receta: horno frio,1.9711361760215094,-0.0,13.333333333333334,6.283702923002697,10.798737010587445,-1.5724954457643936,-0.5653688126016465,-7.049630410330637,-2.534596322745889,-0.4594836085259159,-1.1307376252032932,recomendar,0.7225358818103922,0.25977770216221685
AP0150,0,140,26.666666666666668,26.62893405490451,23.7565661838784,-0.012966085530492182,-1.0,-0.03773261176215925,-2.910100482788266,-1.6835216514777016,-2.7072066004051605,recomendar,0.021828685725495327,1.6835216514777016,60.0,60.530617662655416,55.0089902171328,0.06010701059147488,-0.5653688126016464,0.5306176626554162,-4.991009782867202,-0.4594836085259159,-1.1307376252032932,recomendar,-0.02761818612427632,0.25977770216221685
AP0150,1,140,23.333333333333332,23.63403815205892,20.643507197407892,0.11179340356217125,-1.0000000000000002,0.3007048187255883,-2.68982613592544,-1.6835216514777016,-2.7072066004051605,recomendar,-0.1882066153892997,1.6835216514777023,18.333333333333332,26.216484187199523,18.333333333333332,1.2073678348977739,0.0,7.883150853866191,0.0,-0.4594836085259159,-1.1307376252032932,recomendar,-0.5547657295969514,-0.0
AP0150,2,140,17.5,17.93956654866536,17.5,0.1608527167613924,0.0,0.43956654866536127,0.0,-1.6835216514777016,-2.7072066004051605,ejecutar la receta: horno frio,-0.2707990313668143,-0.0,16.666666666666668,11.18642098563058,12.919700317689735,-0.8268982704631567,-0.5653688126016465,-5.480245681036088,-3.746966348976933,-0.4594836085259159,-1.1307376252032932,recomendar,0.37994620119625,0.2597777021622169
AP0150,3,140,16.666666666666668,15.644229575263129,16.666666666666668,-0.5558311326029635,0.0,-1.022437091403539,0.0,-1.6835216514777016,-2.7072066004051605,ejecutar la receta: horno frio,0.9357537463024624,-0.0,13.333333333333334,5.583642023259943,10.798737010587445,-1.728651515306708,-0.5653688126016465,-7.749691310073391,-2.534596322745889,-0.4594836085259159,-1.1307376252032932,recomendar,0.7942870361369188,0.25977770216221685
AP0151,0,150,26.666666666666668,28.433769542552806,23.826530785065152,0.6221895534412576,-1.0000000000000007,1.7671028758861382,-2.8401358816015154,-2.648434329971797,-3.85338691087239,recomendar,-1.6478281730836486,2.6484343299717987,60.0,66.23668370400705,60.0,0.7166758745483259,0.0,6.236683704007049,0.0,-0.0,-0.5374004186507493,ejecutar la receta,-0.0,-0.0
AP0151,1,150,23.333333333333332,25.169059407552087,20.672825344061895,0.6899908143938545,-1.0000000000000002,1.8357260742187549,-2.660507989271437,-2.648434329971797,-3.85338691087239,recomendar,-1.8273953602058826,2.6484343299717974,18.333333333333332,26.60577619503706,18.333333333333332,1.2674986618252977,0.0,8.272442861703727,0.0,-0.0,-0.5374004186507493,ejecutar la receta,-0.0,-0.0
AP0151,2,150,17.5,18.580040308634437,17.5,0.40236990587489135,0.0,1.0800403086344375,0.0,-2.648434329971797,-3.85338691087239,ejecutar la receta: horno frio,-1.0656502720665828,-0.0,16.666666666666668,5.936566888718377,16.666666666666668,-1.650795830358435,0.0,-10.73009977794829,0.0,-0.0,-0.5374004186507493,ejecutar la receta,0.0,-0.0
AP0151,3,150,16.666666666666668,16.735947775975458,16.666666666666668,0.038805099319166404,0.0,0.06928110930878972,0.0,-2.648434329971797,-3.85338691087239,ejecutar la receta: horno frio,-0.10277275721484551,-0.0,13.333333333333334,5.0070396654533615,13.333333333333334,-1.9166193269209257,0.0,-8.326293667879973,0.0,-0.0,-0.5374004186507493,ejecutar la receta,0.0,-0.0
AP0152,0,150,26.666666666666668,28.21926648175275,26.666666666666668,0.5466639202525032,0.0,1.552599815086083,0.0,-2.648434329971797,-3.85338691087239,ejecutar la receta: horno frio,-1.4478034933536943,-0.0,60.0,61.57840635238155,60.0,0.18137936869539875,0.0,1.578406352381549,0.0,-0.0,-0.5374004186507493,ejecutar la receta,-0.0,-0.0
AP0152,1,150,24.166666666666668,23.607868720160592,24.166666666666668,-0.2100343050122164,0.0,-0.5587979465060755,0.0,-2.648434329971797,-3.85338691087239,ejecutar la receta: horno frio,0.5562620638661213,-0.0,18.333333333333332,27.1711422651242,18.333333333333332,1.3541237070817957,0.0,8.837808931790867,0.0,-0.0,-0.5374004186507493,ejecutar la receta,-0.0,-0.0
AP0152,2,150,17.5,17.774146185980904,17.5,0.10213338721456254,0.0,0.27414618598090357,0.0,-2.648434329971797,-3.85338691087239,ejecutar la receta: horno frio,-0.27049356893535004,-0.0,16.666666666666668,14.050866723439052,16.666666666666668,-0.40243350282784196,0.0,-2.615799943227616,0.0,-0.0,-0.5374004186507493,ejecutar la receta,0.0,-0.0
AP0152,3,150,15.0,14.768960879547427,15.0,-0.12940751245502213,0.0,-0.23103912045257324,0.0,-2.648434329971797,-3.85338691087239,ejecutar la receta: horno frio,0.34272729854213346,-0.0,13.333333333333334,5.066592089335123,13.333333333333334,-1.9029110275106993,0.0,-8.266741243998212,0.0,-0.0,-0.5374004186507493,ejecutar la receta,0.0,-0.0
AP0153,0,150,26.666666666666668,25.365793174461082,23.826530785065152,-0.4580321317133746,-1.0000000000000007,-1.3008734922055858,-2.8401358816015154,-2.648434329971797,-3.85338691087239,recomendar,1.213068021859865,2.6484343299717987,60.0,62.67740202872983,60.0,0.30766823066954174,0.0,2.67740202872983,0.0,-0.0,-0.5374004186507493,ejecutar la receta,-0.0,-0.0
AP0153,1,150,24.166666666666668,21.458059419420028,21.50615867739523,-1.0180789752066766,-1.0000000000000002,-2.70860724724664,-2.660507989271437,-2.648434329971797,-3.85338691087239,recomendar,2.696315308559868,2.6484343299717974,18.333333333333332,25.32275766225962,18.333333333333332,1.0709153428977207,0.0,6.989424328926287,0.0,-0.0,-0.5374004186507493,ejecutar la receta,-0.0,-0.0
AP0153,2,150,17.5,19.899667358398435,15.733011182996961,0.8939980493419156,-0.6582931380389301,2.3996673583984354,-1.766988817003039,-2.648434329971797,-3.85338691087239,recomendar,-2.36769512480495,1.7434461459671653,16.666666666666668,10.689460052005828,16.666666666666668,-0.9195765147451105,0.0,-5.97720661466084,0.0,-0.0,-0.5374004186507493,ejecutar la receta,0.0,-0.0
AP0153,3,150,15.0,16.569146338568792,15.0,0.8788958508599264,0.0,1.5691463385687925,0.0,-2.648434329971797,-3.85338691087239,ejecutar la receta: horno frio,-2.3276979438872014,-0.0,13.333333333333334,7.005985144412878,13.333333333333334,-1.45648451889529,0.0,-6.327348188920456,0.0,-0.0,-0.5374004186507493,ejecutar la receta,0.0,-0.0
AP0154,0,150,26.666666666666668,26.661344807942704,23.826530785065152,-0.001873804263534912,-1.0000000000000007,-0.005321858723963402,-2.8401358816015154,-2.648434329971797,-3.85338691087239,recomendar,0.004962647539193381,2.6484343299717987,60.0,62.514867113995294,60.0,0.2889908601806119,0.0,2.514867113995294,0.0,-0.0,-0.5374004186507493,ejecutar la receta,-0.0,-0.0
AP0154,1,150,24.166666666666668,18.973250475565592,21.50615867739523,-1.9520393143127752,-1.0000000000000002,-5.193416191101075,-2.660507989271437,-2.648434329971797,-3.85338691087239,recomendar,5.169847933480561,2.6484343299717974,18.333333333333332,20.189402888371397,18.333333333333332,0.2843858478801155,0.0,1.856069555038065,0.0,-0.0,-0.5374004186507493,ejecutar la receta,-0.0,-0.0
AP0154,2,150,17.5,17.572946912977432,15.733011182996961,0.027176432466399735,-0.6582931380389301,0.07294691297743228,-1.766988817003039,-2.648434329971797,-3.85338691087239,recomendar,-0.07197499671017317,1.7434461459671653,16.666666666666668,16.757448129805304,16.666666666666668,0.0139664741171451,0.0,0.09078146313863655,0.0,-0.0,-0.5374004186507493,ejecutar la receta,-0.0,-0.0
AP0154,3,150,15.0,13.446686435275605,14.05568626799407,-0.8700277428336622,-0.5289203438648429,-1.5533135647243945,-0.9443137320059307,-2.648434329971797,-3.85338691087239,recomendar,2.304211342148545,1.4008107965121377,13.333333333333334,8.700032829515862,13.333333333333334,-1.066533760069756,0.0,-4.6333005038174715,0.0,-0.0,-0.5374004186507493,ejecutar la receta,0.0,-0.0
AP0155,0,150,26.666666666666668,27.45634729253957,23.826530785065152,0.27804325525003076,-1.0000000000000007,0.7896806258729008,-2.8401358816015154,-2.648434329971797,-3.85338691087239,recomendar,-0.7363793024212926,2.6484343299717987,60.0,62.07664243636592,60.0,0.23863315903779103,0.0,2.0766424363659226,0.0,-0.0,-0.5374004186507493,ejecutar la receta,-0.0,-0.0
AP0155,1,150,24.166666666666668,22.512622219509552,21.50615867739523,-0.6217024920906421,-1.0000000000000002,-1.6540444471571156,-2.660507989271437,-2.648434329971797,-3.85338691087239,recomendar,1.6465382230818761,2.6484343299717974,18.333333333333332,28.06364010541867,18.333333333333332,1.4908716831230866,0.0,9.730306772085338,0.0,-0.0,-0.5374004186507493,ejecutar la receta,-0.0,-0.0
AP0155,2,150,17.5,15.53669201321072,15.733011182996961,-0.7314320063170986,-0.6582931380389301,-1.96330798678928,-1.766988817003039,-2.648434329971797,-3.85338691087239,recomendar,1.9371496355703524,1.7434461459671653,16.666666666666668,12.576612950885107,16.666666666666668,-0.6292433210947503,0.0,-4.090053715781561,0.0,-0.0,-0.5374004186507493,ejecutar la receta,0.0,-0.0
AP0155,3,150,15.0,13.562596482496994,14.05568626799407,-0.8051052706130187,-0.5289203438648429,-1.4374035175030055,-0.9443137320059307,-2.648434329971797,-3.85338691087239,recomendar,2.1322684379327526,1.4008107965121377,13.333333333333334,4.618406677246093,13.333333333333334,-2.006078277804499,0.0,-8.71492665608724,0.0,-0.0,-0.5374004186507493,ejecutar la receta,0.0,-0.0
AP0156,0,150,26.666666666666668,26.700519160517942,23.826530785065152,0.011919321913635037,-1.0000000000000007,0.03385249385127409,-2.8401358816015154,-2.648434329971797,-3.85338691087239,recomendar,-0.03156754134605617,2.6484343299717987,60.0,62.994125924059134,60.0,0.344063915531617,0.0,2.9941259240591336,0.0,-0.0,-0.5374004186507493,ejecutar la receta,-0.0,-0.0
AP0156,1,150,24.166666666666668,19.864977853563097,21.50615867739523,-1.6168674668334904,-1.0000000000000002,-4.301688813103571,-2.660507989271437,-2.648434329971797,-3.85338691087239,recomendar,4.282167306176351,2.6484343299717974,18.333333333333332,25.085246394230772,18.333333333333332,1.034524010926285,0.0,6.75191306089744,0.0,-0.0,-0.5374004186507493,ejecutar la receta,-0.0,-0.0
AP0156,2,150,17.5,20.095660279591876,17.5,0.9670153734383276,0.0,2.5956602795918755,0.0,-2.648434329971797,-3.85338691087239,ejecutar la receta: horno frio,-2.561076712624564,-0.0,16.666666666666668,10.740002441406249,16.666666666666668,-0.9118007095424377,0.0,-5.926664225260419,0.0,-0.0,-0.5374004186507493,ejecutar la receta,0.0,-0.0
AP0156,3,150,15.0,16.966966349283854,15.0,1.1017191454198372,0.0,1.9669663492838545,0.0,-2.648434329971797,-3.85338691087239,ejecutar la receta: horno frio,-2.9178308067170873,-0.0,13.333333333333334,7.007751880992542,13.333333333333334,-1.456077835968981,0.0,-6.325581452340792,0.0,-0.0,-0.5374004186507493,ejecutar la receta,0.0,-0.0
AP0157,0,150,26.666666666666668,26.771402949580434,23.826530785065152,0.03687720844352939,-1.0000000000000007,0.10473628291376613,-2.8401358816015154,-2.648434329971797,-3.85338691087239,recomendar,-0.09766686483536906,2.6484343299717987,60.0,60.89727533812163,60.0,0.10310857792031419,0.0,0.8972753381216307,0.0,-0.0,-0.5374004186507493,ejecutar la receta,-0.0,-0.0
AP0157,1,150,24.166666666666668,23.33745092773438,21.50615867739523,-0.31167571842524816,-1.0000000000000002,-0.8292157389322874,-2.660507989271437,-2.648434329971797,-3.85338691087239,recomendar,0.8254526724960505,2.6484343299717974,16.666666666666668,18.873773584610376,16.666666666666668,0.33817157903256345,0.0,2.207106917943708,0.0,-0.0,-0.5374004186507493,ejecutar la receta,-0.0,-0.0
AP0157,2,150,17.5,17.867156270345053,17.5,0.1367843706934444,0.0,0.3671562703450526,0.0,-2.648434329971797,-3.85338691087239,ejecutar la receta: horno frio,-0.3622644231481063,-0.0,15.0,15.092951456705729,15.0,0.01430032155627349,0.0,0.09295145670572857,0.0,-0.0,-0.5374004186507493,ejecutar la receta,-0.0,-0.0
AP0157,3,150,15.0,14.726955651177297,15.0,-0.15293509558828386,0.0,-0.2730443488227028,0.0,-2.648434329971797,-3.85338691087239,ejecutar la receta: horno frio,0.40503855741352923,-0.0,10.0,9.101940686774977,10.0,-0.2067231718103297,0.0,-0.8980593132250227,0.0,-0.0,-0.5374004186507493,ejecutar la receta,0.0,-0.0
AP0158,0,150,26.666666666666668,26.07553452103226,23.826530785065152,-0.20813516334333845,-1.0000000000000007,-0.5911321456344076,-2.8401358816015154,-2.648434329971797,-3.85338691087239,recomendar,0.5512323118727851,2.6484343299717987,60.0,62.63331508841566,60.0,0.30260206922776145,0.0,2.6333150884156566,0.0,-0.0,-0.5374004186507493,ejecutar la receta,-0.0,-0.0
AP0158,1,150,24.166666666666668,15.760643263075087,21.50615867739523,-3.159555783139564,-1.0000000000000002,-8.40602340359158,-2.660507989271437,-2.648434329971797,-3.85338691087239,recomendar,8.367876003527748,2.6484343299717974,16.666666666666668,25.26703671186398,16.666666666666668,1.3177434653498343,0.0,8.600370045197312,0.0,-0.0,-0.5374004186507493,ejecutar la receta,-0.0,-0.0
AP0158,2,150,16.666666666666668,16.324595057169596,15.733011182996961,-0.12743905964938987,-0.34783411885686505,-0.34207160949707216,-0.9336554836697069,-2.648434329971797,-3.85338691087239,recomendar,0.3375139805547677,0.9212158215160118,15.0,13.93665272546193,15.0,-0.1635930031739275,0.0,-1.0633472745380708,0.0,-0.0,-0.5374004186507493,ejecutar la receta,0.0,-0.0
AP0158,3,150,15.0,11.378617021906729,14.05568626799407,-2.0283758089280353,-0.5289203438648429,-3.621382978093271,-0.9443137320059307,-2.648434329971797,-3.85338691087239,recomendar,5.372020126449323,1.4008107965121377,10.0,4.2970331176122025,10.0,-1.3127589517698954,0.0,-5.7029668823877975,0.0,-0.0,-0.5374004186507493,ejecutar la receta,0.0,-0.0
AP0159,0,150,26.666666666666668,24.984068599019484,23.826530785065152,-0.592435762861596,-1.0000000000000007,-1.6825980676471843,-2.8401358816015154,-2.648434329971797,-3.85338691087239,recomendar,1.5690272126656815,2.6484343299717987,60.0,63.28355965563046,60.0,0.3773236065055868,0.0,3.2835596556304623,0.0,-0.0,-0.5374004186507493,ejecutar la receta,-0.0,-0.0
AP0159,1,150,24.166666666666668,15.646861028895133,21.50615867739523,-3.2023228917664817,-1.0000000000000002,-8.519805637771535,-2.660507989271437,-2.648434329971797,-3.85338691087239,recomendar,8.48114188220891,2.6484343299717974,16.666666666666668,26.989145992963746,16.666666666666668,1.5816040015665005,0.0,10.322479326297078,0.0,-0.0,-0.5374004186507493,ejecutar la receta,-0.0,-0.0
AP0159,2,150,16.666666666666668,18.204143693712023,15.733011182996961,0.5727883317977508,-0.34783411885686505,1.5374770270453553,-0.9336554836697069,-2.648434329971797,-3.85338691087239,recomendar,-1.5169922817404395,0.9212158215160118,15.0,9.27164333282955,15.0,-0.8812916465515921,0.0,-5.72835666717045,0.0,-0.0,-0.5374004186507493,ejecutar la receta,0.0,-0.0
AP0159,3,150,15.0,18.215869106716575,15.0,1.8012430997224695,0.0,3.2158691067165748,0.0,-2.648434329971797,-3.85338691087239,ejecutar la receta: horno frio,-4.770474061929801,-0.0,10.0,6.293946468468868,10.0,-0.8530919168197794,0.0,-3.706053531531132,0.0,-0.0,-0.5374004186507493,ejecutar la receta,0.0,-0.0
AP0160,0,150,26.666666666666668,26.763498263888884,23.826530785065152,0.03409400157559168,-1.0000000000000007,0.09683159722221646,-2.8401358816015154,-2.648434329971797,-3.85338691087239,recomendar,-0.09029572421890952,2.6484343299717987,60.0,63.697013083837355,60.0,0.42483476969874323,0.0,3.697013083837355,0.0,-0.0,-0.5374004186507493,ejecutar la receta,-0.0,-0.0
AP0160,1,150,24.166666666666668,23.348713690863715,21.50615867739523,-0.3074424053982805,-1.0000000000000002,-0.8179529758029531,-2.660507989271437,-2.648434329971797,-3.85338691087239,recomendar,0.8142410209459126,2.6484343299717974,16.666666666666668,23.889476991311096,16.666666666666668,1.1066746031557704,0.0,7.222810324644428,0.0,-0.0,-0.5374004186507493,ejecutar la receta,-0.0,-0.0
AP0160,2,150,16.666666666666668,18.40289076063368,15.733011182996961,0.6468317151519234,-0.34783411885686505,1.7362240939670137,-0.9336554836697069,-2.648434329971797,-3.85338691087239,recomendar,-1.7130913201228923,0.9212158215160118,15.0,10.335941472129216,15.0,-0.7175523554944053,0.0,-4.664058527870784,0.0,-0.0,-0.5374004186507493,ejecutar la receta,0.0,-0.0
AP0160,3,150,15.0,16.718783922548646,15.0,0.9627094815328637,0.0,1.7187839225486456,0.0,-2.648434329971797,-3.85338691087239,ejecutar la receta: horno frio,-2.5496728406809863,-0.0,10.0,6.4470637394831725,10.0,-0.8178460400086475,0.0,-3.5529362605168275,0.0,-0.0,-0.5374004186507493,ejecutar la receta,0.0,-0.0
AP0161,0,160,26.666666666666668,26.693812380190245,23.903594066719805,0.009824466256912369,-0.9999999999999999,0.027145713523577086,-2.763072599946863,-3.087209654084543,-3.607425137082908,recomendar,-0.0303301870745677,3.0872096540845426,60.0,59.423006447412625,60.0,-0.06843479164241964,0.0,-0.5769935525873748,0.0,0.0,0.16118363460282878,ejecutar la receta,-0.0,0.0
AP0161,1,160,24.166666666666668,24.286533216688373,21.37565240416739,0.04294730830732744,-0.9999999999999996,0.11986655002170465,-2.791014262499278,-3.087209654084543,-3.607425137082908,recomendar,-0.13258734482332657,3.0872096540845417,16.666666666666668,23.4876457801232,16.666666666666668,1.0727373950653534,0.0,6.820979113456531,0.0,0.0,0.16118363460282878,ejecutar la receta,0.0,0.0
AP0161,2,160,16.666666666666668,14.973931698269315,15.644705563015407,-0.6461701899685806,-0.3901147036101296,-1.6927349683973532,-1.021961103651261,-3.087209654084543,-3.607425137082908,recomendar,1.994862848652645,1.2043658791855223,15.0,16.839435153537327,15.0,0.2900268809579213,0.0,1.8394351535373268,0.0,0.0,0.16118363460282878,ejecutar la receta,0.0,0.0
AP0161,3,160,15.0,12.192698306129094,13.551005477774856,-1.5603333914249982,-0.8053692775364998,-2.8073016938709063,-1.448994522225144,-3.087209654084543,-3.607425137082908,recomendar,4.817076309597732,2.4863438087137757,10.0,15.19137939453125,10.0,1.218990730692722,0.0,5.19137939453125,0.0,0.0,0.16118363460282878,ejecutar la receta,0.0,0.0
AP0162,0,160,26.666666666666668,26.059995964898,23.903594066719805,-0.21956379350304958,-0.9999999999999999,-0.6066707017686674,-2.763072599946863,-3.087209654084543,-3.607425137082908,recomendar,0.6778394629900397,3.0872096540845426,60.0,64.91377714423723,60.0,0.5828025521866405,0.0,4.91377714423723,0.0,0.0,0.16118363460282878,ejecutar la receta,0.0,0.0
AP0162,1,160,24.166666666666668,26.234257636176217,21.37565240416739,0.740802724403879,-0.9999999999999996,2.067590969509549,-2.791014262499278,-3.087209654084543,-3.607425137082908,recomendar,-2.2870133225517866,3.0872096540845417,16.666666666666668,25.618172278771034,16.666666666666668,1.4078059252956143,0.0,8.951505612104366,0.0,0.0,0.16118363460282878,ejecutar la receta,0.0,0.0
AP0162,2,160,16.666666666666668,17.15161257425944,15.644705563015407,0.1851191090654828,-0.3901147036101296,0.48494590759277045,-1.021961103651261,-3.087209654084543,-3.607425137082908,recomendar,-0.571501500662488,1.2043658791855223,15.0,9.403480457124257,15.0,-0.8824127907520529,0.0,-5.596519542875743,0.0,0.0,0.16118363460282878,ejecutar la receta,-0.0,0.0
AP0162,3,160,15.0,15.102675221761066,15.0,0.05706817237902649,0.0,0.10267522176106603,0.0,-3.087209654084543,-3.607425137082908,ejecutar la receta: horno frio,-0.17618141270949145,-0.0,10.0,5.144426380504261,10.0,-1.140139986801303,0.0,-4.855573619495739,0.0,0.0,0.16118363460282878,ejecutar la receta,-0.0,0.0
AP0163,0,160,26.666666666666668,28.25211946569119,23.903594066719805,0.5738006301589805,-0.9999999999999999,1.585452799024523,-2.763072599946863,-3.087209654084543,-3.607425137082908,recomendar,-1.7714428449465993,3.0872096540845426,60.0,64.19796454316825,60.0,0.4979030138997621,0.0,4.197964543168254,0.0,0.0,0.16118363460282878,ejecutar la receta,0.0,0.0
AP0163,1,160,24.166666666666668,24.43386189778646,21.37565240416739,0.09573409735302695,-0.9999999999999996,0.2671952311197927,-2.791014262499278,-3.087209654084543,-3.607425137082908,recomendar,-0.2955512295733343,3.0872096540845417,16.666666666666668,27.389716593424478,16.666666666666668,1.686417221670211,0.0,10.72304992675781,0.0,0.0,0.16118363460282878,ejecutar la receta,0.0,0.0
AP0163,2,160,16.666666666666668,16.902679502699108,15.644705563015407,0.09009352435041469,-0.3901147036101296,0.23601283603244028,-1.021961103651261,-3.087209654084543,-3.607425137082908,recomendar,-0.27813759814510114,1.2043658791855223,15.0,9.47471202063182,15.0,-0.8711815885266707,0.0,-5.52528797936818,0.0,0.0,0.16118363460282878,ejecutar la receta,-0.0,0.0
AP0163,3,160,15.0,15.175677490234374,13.551005477774856,0.09764374621113965,-0.8053692775364998,0.1756774902343743,-1.448994522225144,-3.087209654084543,-3.607425137082908,recomendar,-0.30144671596401135,2.4863438087137757,10.0,4.558867899576823,10.0,-1.2776353047665023,0.0,-5.441132100423177,0.0,0.0,0.16118363460282878,ejecutar la receta,-0.0,0.0
AP0164,0,160,26.666666666666668,26.847953977231622,23.903594066719805,0.0656107662782515,-0.9999999999999999,0.1812873105649544,-2.763072599946863,-3.087209654084543,-3.607425137082908,recomendar,-0.20255419106610262,3.0872096540845426,60.0,62.183271773143474,60.0,0.25894873213721764,0.0,2.183271773143474,0.0,0.0,0.16118363460282878,ejecutar la receta,0.0,0.0
AP0164,1,160,24.166666666666668,23.08577265760634,21.37565240416739,-0.38727641903643106,-0.9999999999999996,-1.0808940090603265,-2.791014262499278,-3.087209654084543,-3.607425137082908,recomendar,1.195603499648561,3.0872096540845417,16.666666666666668,22.549204586713746,16.666666666666668,0.9251484720536932,0.0,5.882537920047078,0.0,0.0,0.16118363460282878,ejecutar la receta,0.0,0.0
AP0164,2,160,16.666666666666668,12.349711587693955,15.644705563015407,-1.6479175627278833,-0.3901147036101296,-4.316955078972713,-1.021961103651261,-3.087209654084543,-3.607425137082908,recomendar,5.087467008788992,1.2043658791855223,15.0,10.231593272799534,15.0,-0.7518428293431312,0.0,-4.768406727200466,0.0,0.0,0.16118363460282878,ejecutar la receta,-0.0,0.0
AP0164,3,160,15.0,12.538858823974927,13.551005477774856,-1.36793304629392,-0.8053692775364998,-2.461141176025073,-1.448994522225144,-3.087209654084543,-3.607425137082908,recomendar,4.2230961066598685,2.4863438087137757,10.0,9.734539695408033,10.0,-0.06233288420518005,0.0,-0.2654603045919668,0.0,0.0,0.16118363460282878,ejecutar la receta,-0.0,0.0
AP0165,0,160,26.666666666666668,27.07984368218316,23.903594066719805,0.14953534537038152,-0.9999999999999999,0.4131770155164922,-2.763072599946863,-3.087209654084543,-3.607425137082908,recomendar,-0.46164696185430815,3.0872096540845426,60.0,64.00116754347285,60.0,0.4745617449902293,0.0,4.001167543472846,0.0,0.0,0.16118363460282878,ejecutar la receta,0.0,0.0
AP0165,1,160,24.166666666666668,23.851628753662112,21.37565240416739,-0.11287578040624115,-0.9999999999999996,-0.31503791300455575,-2.791014262499278,-3.087209654084543,-3.607425137082908,recomendar,0.3484711989824746,3.0872096540845417,16.666666666666668,25.882023503230172,16.666666666666668,1.4493018851135688,0.0,9.215356836563505,0.0,0.0,0.16118363460282878,ejecutar la receta,0.0,0.0
AP0165,2,160,16.666666666666668,15.838734631008572,15.644705563015407,-0.31604770430705886,-0.3901147036101296,-0.8279320356580957,-1.021961103651261,-3.087209654084543,-3.607425137082908,recomendar,0.9757055238880091,1.2043658791855223,15.0,14.340534803602429,15.0,-0.10397900336072344,0.0,-0.6594651963975711,0.0,0.0,0.16118363460282878,ejecutar la receta,-0.0,0.0
AP0165,3,160,15.0,10.624481603834363,15.0,-2.4319678477156037,0.0,-4.375518396165637,0.0,-3.087209654084543,-3.607425137082908,ejecutar la receta: horno frio,7.50799461789082,-0.0,10.0,10.164045114228218,10.0,0.03851952601851444,0.0,0.16404511422821777,0.0,0.0,0.16118363460282878,ejecutar la receta,0.0,0.0
AP0166,0,160,26.666666666666668,27.468722466362845,23.903594066719805,0.2902767736582822,-0.9999999999999999,0.802055799696177,-2.763072599946863,-3.087209654084543,-3.607425137082908,recomendar,-0.8961452579943625,3.0872096540845426,60.0,64.34569321499075,60.0,0.5154244936987112,0.0,4.345693214990746,0.0,0.0,0.16118363460282878,ejecutar la receta,0.0,0.0
AP0166,1,160,24.166666666666668,24.13908672417535,21.37565240416739,-0.00988169170680662,-0.9999999999999996,-0.02757994249131812,-2.791014262499278,-3.087209654084543,-3.607425137082908,recomendar,0.03050685403594056,3.0872096540845417,16.666666666666668,27.487358054136617,16.666666666666668,1.7017733229677618,0.0,10.82069138746995,0.0,0.0,0.16118363460282878,ejecutar la receta,0.0,0.0
AP0166,2,160,16.666666666666668,16.89679077996148,15.644705563015407,0.08784561362541374,-0.3901147036101296,0.23012411329481353,-1.021961103651261,-3.087209654084543,-3.607425137082908,recomendar,-0.27119782645335794,1.2043658791855223,15.0,9.112936231825087,15.0,-0.9282233947746013,0.0,-5.887063768174913,0.0,0.0,0.16118363460282878,ejecutar la receta,-0.0,0.0
AP0166,3,160,15.0,14.329237518310546,13.551005477774856,-0.372818176322193,-0.8053692775364998,-0.6707624816894544,-1.448994522225144,-3.087209654084543,-3.607425137082908,recomendar,1.1509678731600677,2.4863438087137757,10.0,8.363594841234612,10.0,-0.38424522050807947,0.0,-1.6364051587653883,0.0,0.0,0.16118363460282878,ejecutar la receta,-0.0,0.0
AP0167,0,160,26.666666666666668,27.5068583283601,23.903594066719805,0.30407874976198207,-0.9999999999999999,0.8401916616934315,-2.763072599946863,-3.087209654084543,-3.607425137082908,recomendar,-0.9387548518671489,3.0872096540845426,60.0,65.03801912697412,60.0,0.5975383740406509,0.0,5.03801912697412,0.0,0.0,0.16118363460282878,ejecutar la receta,0.0,0.0
AP0167,1,160,24.166666666666668,22.41285954066685,21.37565240416739,-0.6283762679268178,-0.9999999999999996,-1.753807125999817,-2.791014262499278,-3.087209654084543,-3.607425137082908,recomendar,1.9399292807412873,3.0872096540845417,16.666666666666668,16.800507061298077,16.666666666666668,0.021049118301530792,0.0,0.1338403946314095,0.0,0.0,0.16118363460282878,ejecutar la receta,0.0,0.0
AP0167,2,160,16.666666666666668,22.26401295555963,15.644705563015407,2.1366831679729774,-0.3901147036101296,5.597346288892961,-1.021961103651261,-3.087209654084543,-3.607425137082908,recomendar,-6.59638890388612,1.2043658791855223,15.0,15.596729678199404,15.0,0.09408738710379619,0.0,0.596729678199404,0.0,0.0,0.16118363460282878,ejecutar la receta,0.0,0.0
AP0167,3,160,15.0,15.060524783664277,13.551005477774856,0.03364043172357705,-0.8053692775364998,0.06052478366427749,-1.448994522225144,-3.087209654084543,-3.607425137082908,recomendar,-0.103855065584599,2.4863438087137757,10.0,7.2785917251829115,10.0,-0.6390154156190392,0.0,-2.7214082748170885,0.0,0.0,0.16118363460282878,ejecutar la receta,-0.0,0.0
AP0168,0,160,26.666666666666668,25.16371203387225,23.903594066719805,-0.5439432292960091,-0.9999999999999999,-1.5029546327944168,-2.763072599946863,-3.087209654084543,-3.607425137082908,recomendar,1.6792667887565615,3.0872096540845426,63.333333333333336,66.61100288478808,63.333333333333336,0.3887506746317435,0.0,3.2776695514547427,0.0,0.0,0.16118363460282878,ejecutar la receta,0.0,0.0
AP0168,1,160,23.333333333333332,17.957079041375053,20.542319070834054,-1.9262725970966503,-0.9999999999999996,-5.376254291958279,-2.791014262499278,-3.087209654084543,-3.607425137082908,recomendar,5.946807358155285,3.0872096540845417,20.0,26.99067419981345,20.0,1.0994253912996161,0.0,6.990674199813451,0.0,0.0,0.16118363460282878,ejecutar la receta,0.0,0.0
AP0168,2,160,16.666666666666668,18.689815707736546,15.644705563015407,0.7722996361566267,-0.3901147036101296,2.0231490410698783,-1.021961103651261,-3.087209654084543,-3.607425137082908,recomendar,-2.384250892588718,1.2043658791855223,15.0,12.846560136098708,15.0,-0.3395365397125801,0.0,-2.1534398639012924,0.0,0.0,0.16118363460282878,ejecutar la receta,-0.0,0.0
AP0168,3,160,15.0,18.497333102756073,13.551005477774856,1.943861478472515,-0.8053692775364998,3.4973331027560732,-1.448994522225144,-3.087209654084543,-3.607425137082908,recomendar,-6.001107922543402,2.4863438087137757,8.333333333333334,6.7950951316139925,8.333333333333334,-0.36119458182320513,0.0,-1.5382382017193414,0.0,0.0,0.16118363460282878,ejecutar la receta,-0.0,0.0
AP0169,0,160,26.666666666666668,28.616277352792245,23.903594066719805,0.7055951718977889,-0.9999999999999999,1.9496106861255775,-2.763072599946863,-3.087209654084543,-3.607425137082908,recomendar,-2.1783202265582964,3.0872096540845426,63.333333333333336,64.21465388472362,63.333333333333336,0.10452974393581813,0.0,0.8813205513902815,0.0,0.0,0.16118363460282878,ejecutar la receta,0.0,0.0
AP0169,1,160,23.333333333333332,25.018097805447052,20.542319070834054,0.6036387899376258,-0.9999999999999996,1.68476447211372,-2.791014262499278,-3.087209654084543,-3.607425137082908,recomendar,-1.86355949987535,3.0872096540845417,20.0,30.0785639836238,20.0,1.5850587274871863,0.0,10.078563983623798,0.0,0.0,0.16118363460282878,ejecutar la receta,0.0,0.0
AP0169,2,160,16.666666666666668,15.134513141734391,15.644705563015407,-0.584871201192152,-0.3901147036101296,-1.5321535249322764,-1.021961103651261,-3.087209654084543,-3.607425137082908,recomendar,1.8056200187164346,1.2043658791855223,15.0,5.340545569525825,15.0,-1.5230226707574714,0.0,-9.659454430474174,0.0,0.0,0.16118363460282878,ejecutar la receta,-0.0,0.0
AP0169,3,160,15.0,16.218282172793433,15.0,0.6771364682811349,0.0,1.2182821727934332,0.0,-3.087209654084543,-3.607425137082908,ejecutar la receta: horno frio,-2.090462242010232,-0.0,8.333333333333334,6.175539042154948,8.333333333333334,-0.5066728974690219,0.0,-2.1577942911783863,0.0,0.0,0.16118363460282878,ejecutar la receta,-0.0,0.0
AP0170,0,160,26.666666666666668,27.168777640045892,23.903594066719805,0.1817219617714281,-0.9999999999999999,0.5021109733792244,-2.763072599946863,-3.087209654084543,-3.607425137082908,recomendar,-0.5610137947399352,3.0872096540845426,63.333333333333336,64.6267847861013,63.333333333333336,0.1534108661575662,0.0,1.293451452767961,0.0,0.0,0.16118363460282878,ejecutar la receta,0.0,0.0
AP0170,1,160,23.333333333333332,21.754622009277345,20.542319070834054,-0.5656407225387281,-0.9999999999999996,-1.5787113240559876,-2.791014262499278,-3.087209654084543,-3.607425137082908,recomendar,1.7462514993649176,3.0872096540845417,20.0,32.025591180263426,20.0,1.891268268420111,0.0,12.025591180263426,0.0,0.0,0.16118363460282878,ejecutar la receta,0.0,0.0
AP0170,2,160,16.666666666666668,15.177183043485305,15.644705563015407,-0.5685827573216781,-0.3901147036101296,-1.4894836231813624,-1.021961103651261,-3.087209654084543,-3.607425137082908,recomendar,1.7553341775494933,1.2043658791855223,15.0,9.803633069235179,15.0,-0.8193200452565044,0.0,-5.196366930764821,0.0,0.0,0.16118363460282878,ejecutar la receta,-0.0,0.0
AP0170,3,160,15.0,13.775294259878306,13.551005477774856,-0.6807067673395634,-0.8053692775364998,-1.2247057401216939,-1.448994522225144,-3.087209654084543,-3.607425137082908,recomendar,2.1014845037313807,2.4863438087137757,8.333333333333334,4.223690042041596,8.333333333333334,-0.964987664707271,0.0,-4.1096432912917376,0.0,0.0,0.16118363460282878,ejecutar la receta,-0.0,0.0
AP0171,0,170,26.666666666666668,29.104028908058446,23.972297590686043,0.9046133520162575,-1.0000000000000004,2.437362241391778,-2.6943690759806245,-2.3660009950627736,-2.9112157379568773,recomendar,-2.1403160910175365,2.366000995062775,63.333333333333336,64.15595844227781,63.333333333333336,0.10044235120708364,0.0,0.8226251089444716,0.0,0.0,0.41319993308408814,ejecutar la receta,0.0,0.0
AP0171,1,170,23.333333333333332,26.414374552408855,20.583183823072254,1.120317716393183,-0.9999999999999997,3.081041219075523,-2.7501495102610782,-2.3660009950627736,-2.9112157379568773,recomendar,-2.6506728317727255,2.3660009950627727,18.333333333333332,28.98719482421875,18.333333333333332,1.7091058651347397,0.0,10.653861490885419,0.0,0.0,0.41319993308408814,ejecutar la receta,0.0,0.0
AP0171,2,170,16.666666666666668,21.222795935736762,15.22558670868667,1.7410372785497938,-0.5506810233078018,4.5561292690700945,-1.4410799579799978,-2.3660009950627736,-2.9112157379568773,recomendar,-4.1192959334901955,1.3029118491084455,15.0,11.12254396468874,15.0,-0.6247649809372674,0.0,-3.87745603531126,0.0,0.0,0.41319993308408814,ejecutar la receta,-0.0,0.0
AP0171,3,170,15.0,18.39836028299214,15.0,1.86635994140658,0.0,3.39836028299214,0.0,-2.3660009950627736,-2.9112157379568773,ejecutar la receta: horno frio,-4.415809478513268,-0.0,8.333333333333334,5.2684482641387405,8.333333333333334,-0.7027481163720791,0.0,-3.0648850691945935,0.0,0.0,0.41319993308408814,ejecutar la receta,-0.0,0.0
AP0172,0,170,26.666666666666668,28.327525261773,23.972297590686043,0.6164183704126945,-1.0000000000000004,1.6608585951063333,-2.6943690759806245,-2.3660009950627736,-2.9112157379568773,recomendar,-1.4584464777714086,2.366000995062775,63.333333333333336,65.07793638167843,63.333333333333336,0.2130156619260874,0.0,1.7446030483450912,0.0,0.0,0.41319993308408814,ejecutar la receta,0.0,0.0
AP0172,1,170,23.333333333333332,23.38057766384549,20.583183823072254,0.01717882258251197,-0.9999999999999997,0.04724433051215726,-2.7501495102610782,-2.3660009950627736,-2.9112157379568773,recomendar,-0.04064511132423017,2.3660009950627727,18.333333333333332,27.312069702148438,18.333333333333332,1.440380185397469,0.0,8.978736368815106,0.0,0.0,0.41319993308408814,ejecutar la receta,0.0,0.0
AP0172,2,170,16.666666666666668,16.857231792873808,15.22558670868667,0.0728208022916553,-0.5506810233078018,0.19056512620714017,-1.4410799579799978,-2.3660009950627736,-2.9112157379568773,recomendar,-0.17229409068332593,1.3029118491084455,15.0,9.07638176812066,15.0,-0.9544580771559052,0.0,-5.92361823187934,0.0,0.0,0.41319993308408814,ejecutar la receta,-0.0,0.0
AP0172,3,170,15.0,15.079599973890517,13.179150651706031,0.04371584830183632,-1.0000000000000002,0.07959997389051665,-1.8208493482939687,-2.3660009950627736,-2.9112157379568773,recomendar,-0.103431740582158,2.3660009950627736,8.333333333333334,7.704656239044971,8.333333333333334,-0.14414949789080272,0.0,-0.6286770942883626,0.0,0.0,0.41319993308408814,ejecutar la receta,-0.0,0.0
AP0173,0,170,26.666666666666668,27.401645304361978,23.972297590686043,0.27278320711419696,-1.0000000000000004,0.7349786376953098,-2.6943690759806245,-2.3660009950627736,-2.9112157379568773,recomendar,-0.6454053394686047,2.366000995062775,63.333333333333336,66.07590752058131,63.333333333333336,0.3348677261754208,0.0,2.7425741872479747,0.0,0.0,0.41319993308408814,ejecutar la receta,0.0,0.0
AP0173,1,170,23.333333333333332,26.10156740993924,20.583183823072254,1.0065758484320044,-0.9999999999999997,2.768234076605907,-2.7501495102610782,-2.3660009950627736,-2.9112157379568773,recomendar,-2.381559458996278,2.3660009950627727,18.333333333333332,29.209516632862584,18.333333333333332,1.7447710094043187,0.0,10.876183299529252,0.0,0.0,0.41319993308408814,ejecutar la receta,0.0,0.0
AP0173,2,170,16.666666666666668,18.057888980441625,15.22558670868667,0.5316288823224858,-0.5506810233078018,1.391222313774957,-1.4410799579799978,-2.3660009950627736,-2.9112157379568773,recomendar,-1.2578344645791117,1.3029118491084455,15.0,6.991436525375124,15.0,-1.2904001904839795,0.0,-8.008563474624875,0.0,0.0,0.41319993308408814,ejecutar la receta,-0.0,0.0
AP0173,3,170,15.0,15.133966896750708,13.179150651706031,0.07357384995976064,-1.0000000000000002,0.1339668967507084,-1.8208493482939687,-2.3660009950627736,-2.9112157379568773,recomendar,-0.17407580221539287,2.3660009950627736,8.333333333333334,4.999172888861762,8.333333333333334,-0.7644903215409695,0.0,-3.3341604444715722,0.0,0.0,0.41319993308408814,ejecutar la receta,-0.0,0.0
AP0174,0,170,26.666666666666668,27.36717181170428,23.972297590686043,0.2599885632901509,-1.0000000000000004,0.7005051450376136,-2.6943690759806245,-2.3660009950627736,-2.9112157379568773,recomendar,-0.6151331994494379,2.366000995062775,63.333333333333336,65.0999282672841,63.333333333333336,0.2157008664909532,0.0,1.7665949339507634,0.0,0.0,0.41319993308408814,ejecutar la receta,0.0,0.0
AP0174,1,170,23.333333333333332,22.284579562717017,20.583183823072254,-0.3813442748124462,-0.9999999999999997,-1.0487537706163153,-2.7501495102610782,-2.3660009950627736,-2.9112157379568773,recomendar,0.9022609336677395,2.3660009950627727,18.333333333333332,29.385992353390424,18.333333333333332,1.7730814665344445,0.0,11.052659020057092,0.0,0.0,0.41319993308408814,ejecutar la receta,0.0,0.0
AP0174,2,170,16.666666666666668,20.800995229085288,15.22558670868667,1.5798542411447232,-0.5506810233078018,4.13432856241862,-1.4410799579799978,-2.3660009950627736,-2.9112157379568773,recomendar,-3.737936706602558,1.3029118491084455,15.0,11.744634622240824,15.0,-0.5245290390549294,0.0,-3.2553653777591762,0.0,0.0,0.41319993308408814,ejecutar la receta,-0.0,0.0
AP0174,3,170,15.0,18.427918972439233,13.179150651706031,1.8825934038150915,-1.0000000000000002,3.427918972439233,-1.8208493482939687,-2.3660009950627736,-2.9112157379568773,recomendar,-4.45421786672512,2.3660009950627736,8.333333333333334,4.945597492564808,8.333333333333334,-0.7767746349757522,0.0,-3.387735840768526,0.0,0.0,0.41319993308408814,ejecutar la receta,-0.0,0.0
AP0175,0,170,26.666666666666668,28.269662012170862,23.972297590686043,0.5949427492299953,-1.0000000000000004,1.602995345504194,-2.6943690759806245,-2.3660009950627736,-2.9112157379568773,recomendar,-1.4076351366835511,2.366000995062775,63.333333333333336,64.84178538988995,63.333333333333336,0.18418167594971174,0.0,1.5084520565566137,0.0,0.0,0.41319993308408814,ejecutar la receta,0.0,0.0
AP0175,1,170,23.333333333333332,24.408923800998263,20.583183823072254,0.3911025432078499,-0.9999999999999997,1.0755904676649308,-2.7501495102610782,-2.3660009950627736,-2.9112157379568773,recomendar,-0.9253490064013542,2.3660009950627727,18.333333333333332,25.953340735802286,18.333333333333332,1.2224111750534385,0.0,7.6200074024689535,0.0,0.0,0.41319993308408814,ejecutar la receta,0.0,0.0
AP0175,2,170,16.666666666666668,16.760727386474606,15.22558670868667,0.03594349720157782,-0.5506810233078018,0.0940607198079384,-1.4410799579799978,-2.3660009950627736,-2.9112157379568773,recomendar,-0.08504235014496915,1.3029118491084455,15.0,8.88879636734251,15.0,-0.9846832527024445,0.0,-6.111203632657491,0.0,0.0,0.41319993308408814,ejecutar la receta,-0.0,0.0
AP0175,3,170,15.0,15.16101094563802,13.179150651706031,0.08842628622125079,-1.0000000000000002,0.16101094563802043,-1.8208493482939687,-2.3660009950627736,-2.9112157379568773,recomendar,-0.20921668118918502,2.3660009950627736,8.333333333333334,8.347716961484966,8.333333333333334,0.003298025003205884,0.0,0.014383628151632522,0.0,0.0,0.41319993308408814,ejecutar la receta,0.0,0.0
AP0176,0,170,26.666666666666668,28.26676266140408,23.972297590686043,0.5938666714229017,-1.0000000000000004,1.600095994737412,-2.6943690759806245,-2.3660009950627736,-2.9112157379568773,recomendar,-1.4050891355212027,2.366000995062775,63.333333333333336,64.51105274487567,63.333333333333336,0.1437992901886003,0.0,1.1777194115423342,0.0,0.0,0.41319993308408814,ejecutar la receta,0.0,0.0
AP0176,1,170,23.333333333333332,23.67678845893012,20.583183823072254,0.12488598322212005,-0.9999999999999997,0.3434551255967868,-2.7501495102610782,-2.3660009950627736,-2.9112157379568773,recomendar,-0.2954803605729289,2.3660009950627727,16.666666666666668,27.82413525703626,16.666666666666668,1.7898951496761484,0.0,11.157468590369593,0.0,0.0,0.41319993308408814,ejecutar la receta,0.0,0.0
AP0176,2,170,16.666666666666668,17.693678012424044,15.22558670868667,0.39245265725792894,-0.5506810233078018,1.0270113457573764,-1.4410799579799978,-2.3660009950627736,-2.9112157379568773,recomendar,-0.9285433775872894,1.3029118491084455,15.0,9.675611683679005,15.0,-0.8579056305616792,0.0,-5.324388316320995,0.0,0.0,0.41319993308408814,ejecutar la receta,-0.0,0.0
AP0176,3,170,15.0,16.726230903908057,13.179150651706031,0.9480360939939575,-1.0000000000000002,1.726230903908057,-1.8208493482939687,-2.3660009950627736,-2.9112157379568773,recomendar,-2.2430543417451285,2.3660009950627736,8.333333333333334,5.415737093411959,8.333333333333334,-0.6689762309677095,0.0,-2.917596239921375,0.0,0.0,0.41319993308408814,ejecutar la receta,-0.0,0.0
AP0177,0,170,26.666666666666668,26.30423876727069,23.972297590686043,-0.1345130860604432,-1.0000000000000004,-0.3624278993959784,-2.6943690759806245,-2.3660009950627736,-2.9112157379568773,recomendar,0.3182580954679732,2.366000995062775,63.333333333333336,60.928929786271944,63.333333333333336,-0.2935771627824211,0.0,-2.404403547061392,0.0,0.0,0.41319993308408814,ejecutar la receta,-0.0,0.0
AP0177,1,170,23.333333333333332,17.40773734029134,20.583183823072254,-2.1546450369090873,-0.9999999999999997,-5.925595993041991,-2.7501495102610782,-2.3660009950627736,-2.9112157379568773,recomendar,5.097892301333967,2.3660009950627727,16.666666666666668,30.788017390324523,16.666666666666668,2.2653648506765545,0.0,14.121350723657855,0.0,0.0,0.41319993308408814,ejecutar la receta,0.0,0.0
AP0177,2,170,16.666666666666668,19.397668228149413,15.22558670868667,1.0435997851504346,-0.5506810233078018,2.7310015614827456,-1.4410799579799978,-2.3660009950627736,-2.9112157379568773,recomendar,-2.469158130113225,1.3029118491084455,15.0,10.754698399135043,15.0,-0.6840350347194672,0.0,-4.245301600864957,0.0,0.0,0.41319993308408814,ejecutar la receta,-0.0,0.0
AP0177,3,170,15.0,16.9000321564851,15.0,1.0434867432966495,0.0,1.9000321564851,0.0,-2.3660009950627736,-2.9112157379568773,ejecutar la receta: horno frio,-2.468890672974686,-0.0,8.333333333333334,5.571646022796631,8.333333333333334,-0.6332278410682287,0.0,-2.7616873105367032,0.0,0.0,0.41319993308408814,ejecutar la receta,-0.0,0.0
AP0178,0,170,26.666666666666668,28.020870632595482,23.972297590686043,0.502605221385993,-1.0000000000000004,1.3542039659288143,-2.6943690759806245,-2.3660009950627736,-2.9112157379568773,recomendar,-1.189164453923005,2.366000995062775,63.333333333333336,64.8032005392095,63.333333333333336,0.17947047387092824,0.0,1.469867205876163,0.0,0.0,0.41319993308408814,ejecutar la receta,0.0,0.0
AP0178,1,170,23.333333333333332,23.70736998155382,20.583183823072254,0.13600593234110417,-0.9999999999999997,0.3740366482204891,-2.7501495102610782,-2.3660009950627736,-2.9112157379568773,recomendar,-0.32179017125349274,2.3660009950627727,16.666666666666668,27.85517742450421,16.666666666666668,1.79487497323884,0.0,11.188510757837541,0.0,0.0,0.41319993308408814,ejecutar la receta,0.0,0.0
AP0178,2,170,16.666666666666668,17.03855534023709,15.22558670868667,0.14211011275557758,-0.5506810233078018,0.371888673570421,-1.4410799579799978,-2.3660009950627736,-2.9112157379568773,recomendar,-0.33623266818817954,1.3029118491084455,15.0,9.795112488761779,15.0,-0.8386507589320299,0.0,-5.204887511238221,0.0,0.0,0.41319993308408814,ejecutar la receta,-0.0,0.0
AP0178,3,170,15.0,15.0910939195421,13.179150651706031,0.0500282572127397,-1.0000000000000002,0.09109391954210011,-1.8208493482939687,-2.3660009950627736,-2.9112157379568773,recomendar,-0.11836690634659851,2.3660009950627736,8.333333333333334,7.745800434459339,8.333333333333334,-0.1347155370164755,0.0,-0.5875328988739952,0.0,0.0,0.41319993308408814,ejecutar la receta,-0.0,0.0
AP0179,0,170,26.666666666666668,28.62011153609664,23.972297590686043,0.725010128287273,-1.0000000000000004,1.9534448694299726,-2.6943690759806245,-2.3660009950627736,-2.9112157379568773,recomendar,-1.715374684958277,2.366000995062775,63.333333333333336,65.89203497773858,63.333333333333336,0.3124169277196735,0.0,2.5587016444052395,0.0,0.0,0.41319993308408814,ejecutar la receta,0.0,0.0
AP0179,1,170,23.333333333333332,22.93885405137804,20.583183823072254,-0.14343921320766398,-0.9999999999999997,-0.3944792819552916,-2.7501495102610782,-2.3660009950627736,-2.9112157379568773,recomendar,0.3393773211803543,2.3660009950627727,16.666666666666668,27.14410893366887,16.666666666666668,1.680804471267429,0.0,10.477442267002203,0.0,0.0,0.41319993308408814,ejecutar la receta,0.0,0.0
AP0179,2,170,16.666666666666668,19.26547549777561,15.22558670868667,0.9930848726134939,-0.5506810233078018,2.5988088311089435,-1.4410799579799978,-2.3660009950627736,-2.9112157379568773,recomendar,-2.3496397967853144,1.3029118491084455,15.0,8.510652717711434,15.0,-1.0456126115144633,0.0,-6.489347282288566,0.0,0.0,0.41319993308408814,ejecutar la receta,-0.0,0.0
AP0179,3,170,15.0,17.237674253958243,13.179150651706031,1.2289178432333325,-1.0000000000000002,2.237674253958243,-1.8208493482939687,-2.3660009950627736,-2.9112157379568773,recomendar,-2.9076208399404626,2.3660009950627736,8.333333333333334,5.0121877425756205,8.333333333333334,-0.7615061431049814,0.0,-3.3211455907577134,0.0,0.0,0.41319993308408814,ejecutar la receta,-0.0,0.0
AP0180,0,170,26.666666666666668,26.48526392053675,23.972297590686043,-0.06732661376908693,-1.0000000000000004,-0.18140274612991902,-2.6943690759806245,-2.3660009950627736,-2.9112157379568773,recomendar,0.15929483517186668,2.366000995062775,63.333333333333336,64.82079474336358,63.333333333333336,0.18161872246392427,0.0,1.4874614100302423,0.0,0.0,0.41319993308408814,ejecutar la receta,0.0,0.0
AP0180,1,170,23.333333333333332,24.370072882758244,20.583183823072254,0.37697570461414337,-0.9999999999999997,1.0367395494249116,-2.7501495102610782,-2.3660009950627736,-2.9112157379568773,recomendar,-0.8919248922315535,2.3660009950627727,16.666666666666668,27.944610047951723,16.666666666666668,1.809221867217075,0.0,11.277943381285056,0.0,0.0,0.41319993308408814,ejecutar la receta,0.0,0.0
AP0180,2,170,16.666666666666668,19.55535093519423,15.22558670868667,1.1038552026188033,-0.5506810233078018,2.8886842685275624,-1.4410799579799978,-2.3660009950627736,-2.9112157379568773,recomendar,-2.6117225078013084,1.3029118491084455,15.0,9.103811282203312,15.0,-0.9500384268266938,0.0,-5.896188717796688,0.0,0.0,0.41319993308408814,ejecutar la receta,-0.0,0.0
AP0180,3,170,15.0,19.240492233122236,15.0,2.3288539697670947,0.0,4.240492233122236,0.0,-2.3660009950627736,-2.9112157379568773,ejecutar la receta: horno frio,-5.510070809824837,-0.0,8.333333333333334,5.24453756544325,8.333333333333334,-0.7082306053039763,0.0,-3.088795767890084,0.0,0.0,0.41319993308408814,ejecutar la receta,-0.0,0.0
AP0181,0,180,26.666666666666668,27.650399060195753,24.022630362527714,0.37205706744236366,-1.0,0.9837323935290847,-2.644036304138954,-2.222010557008414,-3.34204150971703,recomendar,-0.8267147316665235,2.222010557008414,63.333333333333336,43.363563564172196,66.01516924458164,-2.5040604357019136,0.33628225452914506,-19.96976976916114,2.6818359112483066,1.5251666589075246,1.3469277337616323,recomendar,-3.819109488422008,0.5128864825901059
AP0181,1,180,23.333333333333332,25.955099318885388,20.600206406541233,0.9592551153960684,-1.0000000000000004,2.621765985552056,-2.7331269267920995,-2.222010557008414,-3.34204150971703,recomendar,-2.1314749932743884,2.2220105570084154,16.666666666666668,42.12586317795974,20.807504587406793,4.140671346805431,0.6734638668808162,25.45919651129307,4.140837920740125,1.5251666589075246,1.3469277337616323,recomendar,6.315213883641359,1.0271446357455563
AP0181,2,180,16.666666666666668,21.844426148144805,15.286091290188375,1.9974308025470575,-0.5325863034156438,5.177759481478137,-1.3805753764782924,-2.222010557008414,-3.34204150971703,recomendar,-4.438312330153351,1.1834123887076469,15.0,16.641593182276164,19.07132317644045,0.2715465327779441,0.6734638668808164,1.6415931822761642,4.071323176440451,1.5251666589075246,1.3469277337616323,recomendar,0.4141537181348596,1.0271446357455567
AP0181,3,180,15.0,16.471933135986326,13.167467399913539,0.7877725086108385,-0.9807638459840099,1.4719331359863261,-1.832532600086461,-2.222010557008414,-3.34204150971703,recomendar,-1.7504388306542848,2.1792676197086442,8.333333333333334,8.438735041542659,11.268937700368133,0.02418045251042978,0.6734638668808163,0.1054017082093246,2.9356043670347987,1.5251666589075246,1.3469277337616323,recomendar,0.036879219966204246,1.0271446357455565
AP0182,0,180,26.666666666666668,27.711469195330587,24.022630362527714,0.3951543808337249,-1.0,1.0448025286639187,-2.644036304138954,-2.222010557008414,-3.34204150971703,recomendar,-0.87803720586066,2.222010557008414,63.333333333333336,62.09994828419019,66.01516924458164,-0.15465730147350343,0.33628225452914506,-1.2333850491431448,2.6818359112483066,1.5251666589075246,1.3469277337616323,recomendar,-0.23587815976399698,0.5128864825901059
AP0182,1,180,23.333333333333332,27.757426920572914,20.600206406541233,1.6186930595397524,-1.0000000000000004,4.424093587239582,-2.7331269267920995,-2.222010557008414,-3.34204150971703,recomendar,-3.596753066853579,2.2220105570084154,16.666666666666668,22.584526570638022,20.807504587406793,0.9624778585574607,0.6734638668808162,5.917859903971355,4.140837920740125,1.5251666589075246,1.3469277337616323,recomendar,1.4679391398085513,1.0271446357455563
AP0182,2,180,16.666666666666668,22.681045311821833,15.286091290188375,2.3201744320083075,-0.5325863034156438,6.0143786451551655,-1.3805753764782924,-2.222010557008414,-3.34204150971703,recomendar,-5.15545208202346,1.1834123887076469,15.0,9.521430121527777,19.07132317644045,-0.9062456345110126,0.6734638668808164,-5.478569878472223,4.071323176440451,1.5251666589075246,1.3469277337616323,recomendar,-1.3821756265366907,1.0271446357455567
AP0182,3,180,15.0,20.151844588228705,13.167467399913539,2.757245853102258,-0.9807638459840099,5.151844588228705,-1.832532600086461,-2.222010557008414,-3.34204150971703,recomendar,-6.126629393860888,2.1792676197086442,8.333333333333334,5.773393658229283,11.268937700368133,-0.5872817508847772,0.6734638668808163,-2.559939675104051,2.9356043670347987,1.5251666589075246,1.3469277337616323,recomendar,-0.8957025458342968,1.0271446357455565
AP0183,0,180,26.666666666666668,27.216180905942565,24.022630362527714,0.2078315787176189,-1.0,0.5495142392758972,-2.644036304138954,-2.222010557008414,-3.34204150971703,recomendar,-0.4618039619902744,2.222010557008414,63.333333333333336,64.31671949817289,66.01516924458164,0.12330930285406087,0.33628225452914506,0.9833861648395512,2.6818359112483066,1.5251666589075246,1.3469277337616323,recomendar,0.18806723744614412,0.5128864825901059
AP0183,1,180,23.333333333333332,23.73567134602865,20.600206406541233,0.14720795026067296,-1.0000000000000004,0.4023380126953171,-2.7331269267920995,-2.222010557008414,-3.34204150971703,recomendar,-0.32709761955478484,2.2220105570084154,16.666666666666668,29.734205118815108,20.807504587406793,2.1252981027145967,0.6734638668808162,13.06753845214844,4.140837920740125,1.5251666589075246,1.3469277337616323,recomendar,3.241433806499722,1.0271446357455563
AP0183,2,180,16.666666666666668,17.23337576124403,16.666666666666668,0.21862008184073212,0.0,0.5667090945773623,0.0,-2.222010557008414,-3.34204150971703,ejecutar la receta: horno frio,-0.48577612982415025,-0.0,15.0,11.616181582496278,19.07132317644045,-0.5597392635057286,0.6734638668808164,-3.383818417503722,4.071323176440451,1.5251666589075246,1.3469277337616323,recomendar,-0.8536956623803905,1.0271446357455567
AP0183,3,180,15.0,19.32095717731704,15.0,2.3125583574107913,0.0,4.320957177317041,0.0,-2.222010557008414,-3.34204150971703,ejecutar la receta: horno frio,-5.138529083864816,-0.0,8.333333333333334,5.499296142941429,11.268937700368133,-0.6501631032294863,0.6734638668808163,-2.8340371903919053,2.9356043670347987,1.5251666589075246,1.3469277337616323,recomendar,-0.9916070878974635,1.0271446357455565
AP0184,0,180,26.666666666666668,27.51797702365451,24.022630362527714,0.32197377761236,-1.0,0.8513103569878417,-2.644036304138954,-2.222010557008414,-3.34204150971703,recomendar,-0.7154291329345434,2.222010557008414,63.333333333333336,66.31894911899361,66.01516924458164,0.37437398885911327,0.33628225452914506,2.985615785660279,2.6818359112483066,1.5251666589075246,1.3469277337616323,recomendar,0.5709827257701366,0.5128864825901059
AP0184,1,180,23.333333333333332,23.187796983506942,20.600206406541233,-0.05324902711240258,-1.0000000000000004,-0.14553634982638997,-2.7331269267920995,-2.222010557008414,-3.34204150971703,recomendar,0.1183199003941858,2.2220105570084154,16.666666666666668,28.257112864958934,20.807504587406793,1.8850645364503378,0.6734638668808162,11.590446198292266,4.140837920740125,1.5251666589075246,1.3469277337616323,recomendar,2.8750375808830233,1.0271446357455563
AP0184,2,180,16.666666666666668,19.114095331827798,15.286091290188375,0.9441476415265798,-0.5325863034156438,2.44742866516113,-1.3805753764782924,-2.222010557008414,-3.34204150971703,recomendar,-2.097906026846656,1.1834123887076469,15.0,7.277027432880705,19.07132317644045,-1.2775067818158257,0.6734638668808164,-7.722972567119295,4.071323176440451,1.5251666589075246,1.3469277337616323,recomendar,-1.948410750153747,1.0271446357455567
AP0184,3,180,15.0,18.092620340983075,13.167467399913539,1.6551575779049355,-0.9807638459840099,3.092620340983075,-1.832532600086461,-2.222010557008414,-3.34204150971703,recomendar,-3.6777776116172434,2.1792676197086442,8.333333333333334,4.4233209482828775,11.268937700368133,-0.8970050903173183,0.6734638668808163,-3.9100123850504565,2.9356043670347987,1.5251666589075246,1.3469277337616323,recomendar,-1.3680822566223068,1.0271446357455565
AP0185,0,180,26.666666666666668,28.526103447808158,24.022630362527714,0.7032569024225356,-1.0,1.8594367811414898,-2.644036304138954,-2.222010557008414,-3.34204150971703,recomendar,-1.56264426147191,2.222010557008414,63.333333333333336,66.40094860446068,66.01516924458164,0.3846561137748988,0.33628225452914506,3.0676152711273446,2.6818359112483066,1.5251666589075246,1.3469277337616323,recomendar,0.586664679874415,0.5128864825901059
AP0185,1,180,23.333333333333332,26.7222594265408,20.600206406541233,1.2399446436192727,-1.0000000000000004,3.3889260932074663,-2.7331269267920995,-2.222010557008414,-3.34204150971703,recomendar,-2.7551700882280596,2.2220105570084154,16.666666666666668,26.76869358160557,20.807504587406793,1.642988747613869,0.6734638668808162,10.102026914938904,4.140837920740125,1.5251666589075246,1.3469277337616323,recomendar,2.505831658820903,1.0271446357455563
AP0185,2,180,16.666666666666668,20.960392701890733,15.286091290188375,1.6563961055229275,-0.5325863034156438,4.293726035224065,-1.3805753764782924,-2.222010557008414,-3.34204150971703,recomendar,-3.6805296330595683,1.1834123887076469,15.0,6.094332304454984,19.07132317644045,-1.4731440230792594,0.6734638668808164,-8.905667695545016,4.071323176440451,1.5251666589075246,1.3469277337616323,recomendar,-2.2467901477693837,1.0271446357455567
AP0185,3,180,15.0,16.587206437852647,13.167467399913539,0.8494663016011265,-0.9807638459840099,1.5872064378526467,-1.832532600086461,-2.222010557008414,-3.34204150971703,recomendar,-1.8875230899805964,2.1792676197086442,8.333333333333334,5.02122442072088,11.268937700368133,-0.7598386556671715,0.6734638668808163,-3.3121089126124543,2.9356043670347987,1.5251666589075246,1.3469277337616323,recomendar,-1.1588805837726848,1.0271446357455565
AP0186,0,180,26.666666666666668,27.438402890805843,24.022630362527714,0.2918780740382065,-1.0,0.7717362241391754,-2.644036304138954,-2.222010557008414,-3.34204150971703,recomendar,-0.6485561618721783,2.222010557008414,63.333333333333336,64.0107548135433,66.01516924458164,0.08494360959073069,0.33628225452914506,0.677421480209965,2.6818359112483066,1.5251666589075246,1.3469277337616323,recomendar,0.12955316123503988,0.5128864825901059
AP0186,1,180,23.333333333333332,23.47865299479167,20.600206406541233,0.05316974489322417,-1.0000000000000004,0.14531966145833763,-2.7331269267920995,-2.222010557008414,-3.34204150971703,recomendar,-0.11814373446618834,2.2220105570084154,16.666666666666668,26.87029019869291,20.807504587406793,1.6595123720385165,0.6734638668808162,10.203623532026242,4.140837920740125,1.5251666589075246,1.3469277337616323,recomendar,2.531032939877685,1.0271446357455563
AP0186,2,180,16.666666666666668,19.400582733154298,15.286091290188375,1.0546662474985689,-0.5325863034156438,2.7339160664876303,-1.3805753764782924,-2.222010557008414,-3.34204150971703,recomendar,-2.3434795360622687,1.1834123887076469,15.0,6.132343013702877,19.07132317644045,-1.4668564261178831,0.6734638668808164,-8.867656986297124,4.071323176440451,1.5251666589075246,1.3469277337616323,recomendar,-2.2372005145192437,1.0271446357455567
AP0186,3,180,15.0,15.018873867458769,13.167467399913539,0.010101215572689583,-0.9807638459840099,0.018873867458768956,-1.832532600086461,-2.222010557008414,-3.34204150971703,recomendar,-0.022445007641134048,2.1792676197086442,8.333333333333334,5.058861842299953,11.268937700368133,-0.7512041667146737,0.6734638668808163,-3.274471491033381,2.9356043670347987,1.5251666589075246,1.3469277337616323,recomendar,-1.14571154910563,1.0271446357455565
AP0187,0,180,26.666666666666668,28.931763859501586,24.022630362527714,0.856681577816898,-1.0,2.2650971928349186,-2.644036304138954,-2.222010557008414,-3.34204150971703,recomendar,-1.9035555099037724,2.222010557008414,63.333333333333336,66.08780071299563,66.01516924458164,0.3453896998600003,0.33628225452914506,2.7544673796622945,2.6818359112483066,1.5251666589075246,1.3469277337616323,recomendar,0.5267768545565493,0.5128864825901059
AP0187,1,180,23.333333333333332,26.552984632703993,20.600206406541233,1.1780101640393268,-1.0000000000000004,3.2196512993706605,-2.7331269267920995,-2.222010557008414,-3.34204150971703,recomendar,-2.6175510207585977,2.2220105570084154,16.666666666666668,31.980702913724457,20.807504587406793,2.4906674122258603,0.6734638668808162,15.314036247057789,4.140837920740125,1.5251666589075246,1.3469277337616323,recomendar,3.7986828955543657,1.0271446357455563
AP0187,2,180,16.666666666666668,23.12339345296224,15.286091290188375,2.490819632065195,-0.5325863034156438,6.456726786295572,-1.3805753764782924,-2.222010557008414,-3.34204150971703,recomendar,-5.534627518052677,1.1834123887076469,15.0,4.427983117482019,19.07132317644045,-1.7487856065149614,0.6734638668808164,-10.572016882517982,4.071323176440451,1.5251666589075246,1.3469277337616323,recomendar,-2.6671895006339925,1.0271446357455567
AP0187,3,180,15.0,21.8581460201379,13.167467399913539,3.6704513015010094,-0.9807638459840099,6.858146020137902,-1.832532600086461,-2.222010557008414,-3.34204150971703,recomendar,-8.155781540920517,2.1792676197086442,8.333333333333334,4.890760612487793,11.268937700368133,-0.78976866318702,0.6734638668808163,-3.442572720845541,2.9356043670347987,1.5251666589075246,1.3469277337616323,recomendar,-1.2045288333428095,1.0271446357455565
AP0188,0,180,26.666666666666668,28.478231924551505,24.022630362527714,0.6851514311845971,-1.0,1.811565257884837,-2.644036304138954,-2.222010557008414,-3.34204150971703,recomendar,-1.522413713241599,2.222010557008414,63.333333333333336,65.34552500735046,66.01516924458164,0.252313853299208,0.33628225452914506,2.0121916740171244,2.6818359112483066,1.5251666589075246,1.3469277337616323,recomendar,0.38482067663243635,0.5128864825901059
AP0188,1,180,23.333333333333332,26.218132690429687,20.600206406541233,1.0554941041403725,-1.0000000000000004,2.8847993570963553,-2.7331269267920995,-2.222010557008414,-3.34204150971703,recomendar,-2.3453190422600465,2.2220105570084154,16.666666666666668,26.932808665740186,20.807504587406793,1.6696803451335838,0.6734638668808162,10.266141999073518,4.140837920740125,1.5251666589075246,1.3469277337616323,recomendar,2.5465407934309505,1.0271446357455563
AP0188,2,180,16.666666666666668,16.862101220024954,15.286091290188375,0.07539303402490717,-0.5325863034156438,0.19543455335828597,-1.3805753764782924,-2.222010557008414,-3.34204150971703,recomendar,-0.1675241175282383,1.1834123887076469,15.0,8.196586608886719,19.07132317644045,-1.1253965582692413,0.6734638668808164,-6.803413391113281,4.071323176440451,1.5251666589075246,1.3469277337616323,recomendar,-1.7164173087215262,1.0271446357455567
AP0188,3,180,15.0,16.648746626112192,13.167467399913539,0.8824023550809742,-0.9807638459840099,1.6487466261121924,-1.832532600086461,-2.222010557008414,-3.34204150971703,recomendar,-1.9607073485190119,2.1792676197086442,8.333333333333334,4.999427101828835,11.268937700368133,-0.7648392295978808,0.6734638668808163,-3.333906231504499,2.9356043670347987,1.5251666589075246,1.3469277337616323,recomendar,-1.1665072924072049,1.0271446357455565
AP0189,0,180,26.666666666666668,26.910403730604383,24.022630362527714,0.09218370547944855,-1.0,0.243737063937715,-2.644036304138954,-2.222010557008414,-3.34204150971703,recomendar,-0.2048331667594891,2.222010557008414,63.333333333333336,65.10984346123152,66.01516924458164,0.22276114228233565,0.33628225452914506,1.7765101278981845,2.6818359112483066,1.5251666589075246,1.3469277337616323,recomendar,0.3397478671091736,0.5128864825901059
AP0189,1,180,23.333333333333332,23.051299831814234,20.600206406541233,-0.10319078076996752,-1.0000000000000004,-0.28203350151909845,-2.7331269267920995,-2.222010557008414,-3.34204150971703,recomendar,0.22929100425680868,2.2220105570084154,16.666666666666668,25.996213590181792,20.807504587406793,1.5173529772528471,0.6734638668808162,9.329546923515124,4.140837920740125,1.5251666589075246,1.3469277337616323,recomendar,2.3142161707001097,1.0271446357455563
AP0189,2,180,16.666666666666668,17.077672237820096,15.286091290188375,0.1585541373207893,-0.5325863034156438,0.41100557115342795,-1.3805753764782924,-2.222010557008414,-3.34204150971703,recomendar,-0.3523089669841556,1.1834123887076469,15.0,5.5298997909303695,19.07132317644045,-1.5665104513085921,0.6734638668808164,-9.470100209069631,4.071323176440451,1.5251666589075246,1.3469277337616323,recomendar,-2.3891895111660437,1.0271446357455567
AP0189,3,180,15.0,17.93025617811415,13.167467399913539,1.5682609514450359,-0.9807638459840099,2.930256178114149,-1.832532600086461,-2.222010557008414,-3.34204150971703,recomendar,-3.4846923902549296,2.1792676197086442,8.333333333333334,5.024686963630445,11.268937700368133,-0.7590443055962619,0.6734638668808163,-3.308646369702889,2.9356043670347987,1.5251666589075246,1.3469277337616323,recomendar,-1.1576690675290329,1.0271446357455565
AP0190,0,180,26.666666666666668,26.72987138536241,24.022630362527714,0.023904633456357405,-1.0,0.06320471869574362,-2.644036304138954,-2.222010557008414,-3.34204150971703,recomendar,-0.053116347901442686,2.222010557008414,63.333333333333336,65.90778506699428,66.01516924458164,0.3228170782339153,0.33628225452914506,2.5744517336609434,2.6818359112483066,1.5251666589075246,1.3469277337616323,recomendar,0.49234984464830955,0.5128864825901059
AP0190,1,180,23.333333333333332,26.364392361111115,20.600206406541233,1.1090077808187895,-1.0000000000000004,3.0310590277777827,-2.7331269267920995,-2.222010557008414,-3.34204150971703,recomendar,-2.4642269967838235,2.2220105570084154,16.666666666666668,27.132225388746996,20.807504587406793,1.7021133840420137,0.6734638668808162,10.465558722080328,4.140837920740125,1.5251666589075246,1.3469277337616323,recomendar,2.5960065830211385,1.0271446357455563
AP0190,2,180,16.666666666666668,19.758090125189888,15.286091290188375,1.192582324818231,-0.5325863034156438,3.09142345852322,-1.3805753764782924,-2.222010557008414,-3.34204150971703,recomendar,-2.649930515847747,1.1834123887076469,15.0,10.581619843982514,19.07132317644045,-0.730872803819661,0.6734638668808164,-4.418380156017486,4.071323176440451,1.5251666589075246,1.3469277337616323,recomendar,-1.114702832288007,1.0271446357455567
AP0190,3,180,15.0,17.571175302105186,13.167467399913539,1.3760823561189595,-0.9807638459840099,2.5711753021051855,-1.832532600086461,-2.222010557008414,-3.34204150971703,recomendar,-3.0576695226093404,2.1792676197086442,8.333333333333334,9.035038197835286,11.268937700368133,0.16097975488907632,0.6734638668808163,0.7017048645019521,2.9356043670347987,1.5251666589075246,1.3469277337616323,recomendar,0.2455209549159248,1.0271446357455565
AP0191,0,190,26.666666666666668,28.415554504394528,24.07556931417062,0.674960296664704,-1.0000000000000002,1.7488878377278603,-2.591097352496046,-2.342439478616427,-3.1534356745744208,recomendar,-1.5810536454060584,2.3424394786164275,63.333333333333336,63.6135158181133,63.333333333333336,0.035258930690285614,0.0,0.28018248477996366,0.0,0.0,0.2738869149207891,ejecutar la receta,0.0,0.0
AP0191,1,190,23.333333333333332,23.849457763671875,20.59440063022646,0.18843998238915632,-1.0000000000000007,0.516124430338543,-2.7389327031068724,-2.342439478616427,-3.1534356745744208,recomendar,-0.4414092540981441,2.3424394786164284,16.666666666666668,27.24398827185998,16.666666666666668,1.7016208140577445,0.0,10.577321605193312,0.0,0.0,0.2738869149207891,ejecutar la receta,0.0,0.0
AP0191,2,190,16.666666666666668,16.94102300855848,15.387783450656467,0.10404391889382474,-0.48498977892666445,0.27435634189181357,-1.2788832160102004,-2.342439478616427,-3.1534356745744208,recomendar,-0.24371658312686065,1.136059204883272,15.0,7.619953216068327,15.0,-1.2390198759374822,0.0,-7.380046783931673,0.0,0.0,0.2738869149207891,ejecutar la receta,-0.0,0.0
AP0191,3,190,15.0,16.630536278618706,13.315554796006944,0.8132136086821277,-0.8401001443076879,1.630536278618706,-1.6844452039930555,-2.342439478616427,-3.1534356745744208,recomendar,-1.9049036615251462,1.9678837440176855,8.333333333333334,4.991436767578125,8.333333333333334,-0.7699359211345258,0.0,-3.341896565755209,0.0,0.0,0.2738869149207891,ejecutar la receta,-0.0,0.0
AP0192,0,190,26.666666666666668,28.49331819615994,24.07556931417062,0.7049721724016389,-1.0000000000000002,1.8266515294932724,-2.591097352496046,-2.342439478616427,-3.1534356745744208,recomendar,-1.6513546479595849,2.3424394786164275,63.333333333333336,63.33281814411122,63.333333333333336,-6.48328216845901e-05,0.0,-0.0005151892221135768,0.0,0.0,0.2738869149207891,ejecutar la receta,-0.0,0.0
AP0192,1,190,23.333333333333332,22.912665303548177,20.59440063022646,-0.15358830441798582,-1.0000000000000007,-0.42066802978515483,-2.7389327031068724,-2.342439478616427,-3.1534356745744208,recomendar,0.3597713077224478,2.3424394786164284,16.666666666666668,28.032220224233775,16.666666666666668,1.8284271972357011,0.0,11.365553557567107,0.0,0.0,0.2738869149207891,ejecutar la receta,0.0,0.0
AP0192,2,190,16.666666666666668,13.444030504014757,15.387783450656467,-1.2221175323276419,-0.48498977892666445,-3.222636162651911,-1.2788832160102004,-2.342439478616427,-3.1534356745744208,recomendar,2.862736355233556,1.136059204883272,15.0,5.950781396835569,15.0,-1.5192534734923104,0.0,-9.04921860316443,0.0,0.0,0.2738869149207891,ejecutar la receta,-0.0,0.0
AP0192,3,190,15.0,14.855497899905654,13.315554796006944,-0.07206897253424976,-0.8401001443076879,-0.14450210009434628,-1.6844452039930555,-2.342439478616427,-3.1534356745744208,recomendar,0.1688172064475496,1.9678837440176855,8.333333333333334,5.000757974291604,8.333333333333334,-0.7677884184408252,0.0,-3.33257535904173,0.0,0.0,0.2738869149207891,ejecutar la receta,-0.0,0.0
AP0193,0,190,26.666666666666668,28.299217031973377,24.07556931417062,0.6300613767885053,-1.0000000000000002,1.6325503653067095,-2.591097352496046,-2.342439478616427,-3.1534356745744208,recomendar,-1.4758806429408144,2.3424394786164275,63.333333333333336,63.96058218350974,63.333333333333336,0.07893471196566693,0.0,0.6272488501764073,0.0,0.0,0.2738869149207891,ejecutar la receta,0.0,0.0
AP0193,1,190,23.333333333333332,21.52397300889757,20.59440063022646,-0.6606078062390283,-1.0000000000000007,-1.8093603244357617,-2.7389327031068724,-2.342439478616427,-3.1534356745744208,recomendar,1.547433805216491,2.3424394786164284,16.666666666666668,27.379040096967646,16.666666666666668,1.7233472023777194,0.0,10.712373430300978,0.0,0.0,0.2738869149207891,ejecutar la receta,0.0,0.0
AP0193,2,190,16.666666666666668,20.007448306613497,15.387783450656467,1.2669217397776447,-0.48498977892666445,3.3407816399468295,-1.2788832160102004,-2.342439478616427,-3.1534356745744208,recomendar,-2.9676874995725626,1.136059204883272,15.0,8.1750002664233,15.0,-1.1458342434334146,0.0,-6.8249997335767,0.0,0.0,0.2738869149207891,ejecutar la receta,-0.0,0.0
AP0193,3,190,15.0,17.067097727457682,13.315554796006944,1.0309442509727682,-0.8401001443076879,2.067097727457682,-1.6844452039930555,-2.342439478616427,-3.1534356745744208,recomendar,-2.414924513731254,1.9678837440176855,8.333333333333334,4.3901335051565455,8.333333333333334,-0.9084695268654178,0.0,-3.9431998281767884,0.0,0.0,0.2738869149207891,ejecutar la receta,-0.0,0.0
AP0194,0,190,26.666666666666668,28.992270259150754,24.07556931417062,0.8975361694703576,-1.0000000000000002,2.325603592484086,-2.591097352496046,-2.342439478616427,-3.1534356745744208,recomendar,-2.10242415685353,2.3424394786164275,63.333333333333336,64.23440978347614,63.333333333333336,0.11339392655891559,0.0,0.9010764501428028,0.0,0.0,0.2738869149207891,ejecutar la receta,0.0,0.0
AP0194,1,190,23.333333333333332,27.468382297092017,20.59440063022646,1.5097300342823863,-1.0000000000000007,4.135048963758685,-2.7389327031068724,-2.342439478616427,-3.1534356745744208,recomendar,-3.5364512343559933,2.3424394786164284,16.666666666666668,27.56579198592748,16.666666666666668,1.7533908101245639,0.0,10.899125319260811,0.0,0.0,0.2738869149207891,ejecutar la receta,0.0,0.0
AP0194,2,190,16.666666666666668,14.900541246202256,15.387783450656467,-0.6697662198586284,-0.48498977892666445,-1.7661254204644123,-1.2788832160102004,-2.342439478616427,-3.1534356745744208,recomendar,1.5688868348405407,1.136059204883272,15.0,9.514349316793773,15.0,-0.9209738675019045,0.0,-5.485650683206227,0.0,0.0,0.2738869149207891,ejecutar la receta,-0.0,0.0
AP0194,3,190,15.0,10.713324805365668,13.315554796006944,-2.1379362421974846,-0.8401001443076879,-4.286675194634332,-1.6844452039930555,-2.342439478616427,-3.1534356745744208,recomendar,5.007986256488239,1.9678837440176855,8.333333333333334,4.71982368700432,8.333333333333334,-0.8325125638489361,0.0,-3.613509646329014,0.0,0.0,0.2738869149207891,ejecutar la receta,-0.0,0.0
AP0195,0,190,26.666666666666668,27.92473319724754,24.07556931417062,0.48553425805053496,-1.0000000000000002,1.258066530580873,-2.591097352496046,-2.342439478616427,-3.1534356745744208,recomendar,-1.1373346142783087,2.3424394786164275,63.333333333333336,64.16989444199427,63.333333333333336,0.1052751394207559,0.0,0.8365611086609377,0.0,0.0,0.2738869149207891,ejecutar la receta,0.0,0.0
AP0195,1,190,23.333333333333332,28.528872246636286,20.59440063022646,1.8969209821801996,-1.0000000000000007,5.195538913302954,-2.7389327031068724,-2.342439478616427,-3.1534356745744208,recomendar,-4.443422596474748,2.3424394786164284,16.666666666666668,30.22231967632587,16.666666666666668,2.1807582458356234,0.0,13.555653009659203,0.0,0.0,0.2738869149207891,ejecutar la receta,0.0,0.0
AP0195,2,190,16.666666666666668,20.85531658596463,15.387783450656467,1.5884580960403398,-0.48498977892666445,4.188649919297962,-1.2788832160102004,-2.342439478616427,-3.1534356745744208,recomendar,-3.7208669542927764,1.136059204883272,15.0,6.832934231228299,15.0,-1.3711507679909118,0.0,-8.167065768771701,0.0,0.0,0.2738869149207891,ejecutar la receta,-0.0,0.0
AP0195,3,190,15.0,15.329240044487847,13.315554796006944,0.16420516869912374,-0.8401001443076879,0.3292400444878467,-1.6844452039930555,-2.342439478616427,-3.1534356745744208,recomendar,-0.3846406697536979,1.9678837440176855,8.333333333333334,3.58273960460316,8.333333333333334,-1.0944841309411393,0.0,-4.750593728730173,0.0,0.0,0.2738869149207891,ejecutar la receta,-0.0,0.0
AP0196,0,190,26.666666666666668,29.923326031720194,24.07556931417062,1.2568649193811008,-1.0000000000000002,3.256659365053526,-2.591097352496046,-2.342439478616427,-3.1534356745744208,recomendar,-2.9441300064463434,2.3424394786164275,63.333333333333336,63.983462951003865,63.333333333333336,0.08181409036738739,0.0,0.6501296176705296,0.0,0.0,0.2738869149207891,ejecutar la receta,0.0,0.0
AP0196,1,190,23.333333333333332,24.951775526258686,20.59440063022646,0.5909025041358249,-1.0000000000000007,1.6184421929253539,-2.7389327031068724,-2.342439478616427,-3.1534356745744208,recomendar,-1.3841533537010628,2.3424394786164284,16.666666666666668,27.440223341721754,16.666666666666668,1.7331900233328905,0.0,10.773556675055087,0.0,0.0,0.2738869149207891,ejecutar la receta,0.0,0.0
AP0196,2,190,16.666666666666668,21.479965938991967,15.387783450656467,1.825343331407285,-0.48498977892666445,4.813299272325299,-1.2788832160102004,-2.342439478616427,-3.1534356745744208,recomendar,-4.275756281517652,1.136059204883272,15.0,6.010167875744047,15.0,-1.509283207736035,0.0,-8.989832124255953,0.0,0.0,0.2738869149207891,ejecutar la receta,-0.0,0.0
AP0196,3,190,15.0,20.05648591783312,13.315554796006944,2.5218716163585615,-0.8401001443076879,5.056485917833118,-1.6844452039930555,-2.342439478616427,-3.1534356745744208,recomendar,-5.907331634160516,1.9678837440176855,8.333333333333334,8.057176051995693,8.333333333333334,-0.0636235761942721,0.0,-0.2761572813376407,0.0,0.0,0.2738869149207891,ejecutar la receta,-0.0,0.0
AP0197,0,190,27.5,28.081758377640334,24.908902647503954,0.22452200689407395,-1.0000000000000002,0.5817583776403339,-2.591097352496046,-2.342439478616427,-3.1534356745744208,recomendar,-0.5259292127668683,2.3424394786164275,55.0,66.20570475260416,55.0,1.4101565539264882,0.0,11.205704752604163,0.0,0.0,0.2738869149207891,ejecutar la receta,0.0,0.0
AP0197,1,190,25.833333333333332,23.498441745334198,23.09440063022646,-0.8524822772573355,-1.0000000000000007,-2.3348915879991345,-2.7389327031068724,-2.342439478616427,-3.1534356745744208,recomendar,1.9968881410684174,2.3424394786164284,30.0,27.320594709347457,30.0,-0.43104785710895294,0.0,-2.679405290652543,0.0,0.0,0.2738869149207891,ejecutar la receta,-0.0,0.0
AP0197,2,190,19.0,19.92386552598741,19.0,0.350356726554324,0.0,0.9238655259874093,0.0,-2.342439478616427,-3.1534356745744208,ejecutar la receta: horno frio,-0.8206894278796688,-0.0,16.666666666666668,12.164437139601933,16.666666666666668,-0.7558694454635945,0.0,-4.502229527064735,0.0,0.0,0.2738869149207891,ejecutar la receta,-0.0,0.0
AP0197,3,190,16.666666666666668,17.170021766123146,16.666666666666668,0.25104330535001534,0.0,0.5033550994564777,0.0,-2.342439478616427,-3.1534356745744208,ejecutar la receta: horno frio,-0.5880537492942344,-0.0,13.333333333333334,6.69847649468316,13.333333333333334,-1.528597462892278,0.0,-6.634856838650174,0.0,0.0,0.2738869149207891,ejecutar la receta,-0.0,0.0
AP0198,0,190,27.5,28.903542774341723,24.908902647503954,0.5416789041097463,-1.0000000000000002,1.403542774341723,-2.591097352496046,-2.342439478616427,-3.1534356745744208,recomendar,-1.2688500497203519,2.3424394786164275,55.0,66.20634962512601,55.0,1.4102377064495293,0.0,11.206349625126009,0.0,0.0,0.2738869149207891,ejecutar la receta,0.0,0.0
AP0198,1,190,25.833333333333332,26.106897583007818,25.833333333333332,0.09987987268331641,0.0,0.2735642496744859,0.0,-2.342439478616427,-3.1534356745744208,ejecutar la receta: horno frio,-0.2339625568925828,-0.0,30.0,31.14930858122997,30.0,0.18489438787943058,0.0,1.1493085812299704,0.0,0.0,0.2738869149207891,ejecutar la receta,0.0,0.0
AP0198,2,190,19.0,18.838421732584635,19.0,-0.061275186985100205,0.0,-0.16157826741536496,0.0,-2.342439478616427,-3.1534356745744208,ejecutar la receta: horno frio,0.1435334170535022,-0.0,16.666666666666668,10.112341090611048,16.666666666666668,-1.1003913525019582,0.0,-6.55432557605562,0.0,0.0,0.2738869149207891,ejecutar la receta,-0.0,0.0
AP0198,3,190,16.666666666666668,16.78410227457682,16.666666666666668,0.05856983113389967,0.0,0.11743560791015284,0.0,-2.342439478616427,-3.1534356745744208,ejecutar la receta: horno frio,-0.13719628470394413,-0.0,13.333333333333334,3.3331449335271666,13.333333333333334,-2.3039325471713425,0.0,-10.000188399806166,0.0,0.0,0.2738869149207891,ejecutar la receta,-0.0,0.0
AP0199,0,190,27.5,29.208903096516927,27.5,0.6595287108262117,0.0,1.7089030965169272,0.0,-2.342439478616427,-3.1534356745744208,ejecutar la receta: horno frio,-1.5449060895203157,-0.0,55.0,65.97852717573923,55.0,1.381567905912469,0.0,10.97852717573923,0.0,0.0,0.2738869149207891,ejecutar la receta,0.0,0.0
AP0199,1,190,25.833333333333332,24.715066589355466,25.833333333333332,-0.4082855861005185,0.0,-1.1182667439778662,0.0,-2.342439478616427,-3.1534356745744208,ejecutar la receta: horno frio,0.9563842754319011,-0.0,30.0,26.538828844901847,30.0,-0.5568140119365941,0.0,-3.461171155098153,0.0,0.0,0.2738869149207891,ejecutar la receta,-0.0,0.0
AP0199,2,190,19.0,19.59763841417101,19.0,0.22664190032232615,0.0,0.5976384141710085,0.0,-2.342439478616427,-3.1534356745744208,ejecutar la receta: horno frio,-0.5308949348236659,-0.0,16.666666666666668,12.113154820033483,16.666666666666668,-0.7644791216742969,0.0,-4.553511846633185,0.0,0.0,0.2738869149207891,ejecutar la receta,-0.0,0.0
AP0199,3,190,16.666666666666668,16.914229414198132,16.666666666666668,0.12346943636597425,0.0,0.24756274753146457,0.0,-2.342439478616427,-3.1534356745744208,ejecutar la receta: horno frio,-0.2892196821461768,-0.0,13.333333333333334,7.496876109730112,13.333333333333334,-1.3446550424883386,0.0,-5.8364572236032215,0.0,0.0,0.2738869149207891,ejecutar la receta,-0.0,0.0
AP0200,0,190,27.5,29.162660545066547,24.908902647503954,0.641682005295895,-1.0000000000000002,1.6626605450665473,-2.591097352496046,-2.342439478616427,-3.1534356745744208,recomendar,-1.5031012619228599,2.3424394786164275,55.0,63.25287324656349,55.0,1.0385641558743985,0.0,8.252873246563489,0.0,0.0,0.2738869149207891,ejecutar la receta,0.0,0.0
AP0200,1,190,25.833333333333332,28.693812513563373,23.09440063022646,1.0443773141944288,-1.0000000000000007,2.8604791802300404,-2.7389327031068724,-2.342439478616427,-3.1534356745744208,recomendar,-2.4463906513404226,2.3424394786164284,30.0,26.02017564039964,30.0,-0.640252061851365,0.0,-3.979824359600361,0.0,0.0,0.2738869149207891,ejecutar la receta,-0.0,0.0
AP0200,2,190,19.0,23.40360478719075,19.0,1.6699752451853347,0.0,4.403604787190751,0.0,-2.342439478616427,-3.1534356745744208,ejecutar la receta: horno frio,-3.9118159426342753,-0.0,16.666666666666668,12.177295987568206,16.666666666666668,-0.7537106016678398,0.0,-4.489370679098462,0.0,0.0,0.2738869149207891,ejecutar la receta,-0.0,0.0
AP0200,3,190,16.666666666666668,20.076510891384544,16.666666666666668,1.700625593792859,0.0,3.409844224717876,0.0,-2.342439478616427,-3.1534356745744208,ejecutar la receta: horno frio,-3.9836125292458964,-0.0,13.333333333333334,5.097918701171875,13.333333333333334,-1.8973482350448179,0.0,-8.235414632161458,0.0,0.0,0.2738869149207891,ejecutar la receta,-0.0,0.0
AP0201,0,200,27.5,29.121772099247686,27.5,0.6335493527922799,0.0,1.6217720992476856,0.0,-2.389260898247962,-3.2958911217747167,ejecutar la receta: horno frio,-1.5137146957368974,-0.0,55.0,62.64654921664986,55.0,0.9765073072173388,0.0,7.646549216649859,0.0,-0.0,-0.22464779454340716,ejecutar la receta,-0.0,-0.0
AP0201,1,200,25.833333333333332,25.709714246961802,25.833333333333332,-0.04520285151934391,0.0,-0.12361908637153007,0.0,-2.389260898247962,-3.2958911217747167,ejecutar la receta: horno frio,0.10800140562447688,-0.0,30.0,32.450354551657654,30.0,0.3919572476179284,0.0,2.4503545516576537,0.0,-0.0,-0.22464779454340716,ejecutar la receta,-0.0,-0.0
AP0201,2,200,19.0,21.854892798529733,19.0,1.0816587040675187,0.0,2.8548927985297325,0.0,-2.389260898247962,-3.2958911217747167,ejecutar la receta: horno frio,-2.584364846878086,-0.0,16.666666666666668,14.803328789605036,16.666666666666668,-0.31917671277269904,0.0,-1.8633378770616318,0.0,-0.0,-0.22464779454340716,ejecutar la receta,0.0,-0.0
AP0201,3,200,16.666666666666668,20.27745954725477,16.666666666666668,1.774596446109505,0.0,3.6107928805881038,0.0,-2.389260898247962,-3.2958911217747167,ejecutar la receta: horno frio,-4.239973898859237,-0.0,13.333333333333334,6.407325929583925,13.333333333333334,-1.6188632387946627,0.0,-6.926007403749409,0.0,-0.0,-0.22464779454340716,ejecutar la receta,0.0,-0.0
AP0202,0,200,27.5,29.140231328925157,27.5,0.6407604973301785,0.0,1.6402313289251573,0.0,-2.389260898247962,-3.2958911217747167,ejecutar la receta: horno frio,-1.530944001412913,-0.0,55.0,62.92843450730846,55.0,1.0125056429798078,0.0,7.9284345073084594,0.0,-0.0,-0.22464779454340716,ejecutar la receta,-0.0,-0.0
AP0202,1,200,25.833333333333332,25.289655942264243,25.833333333333332,-0.19880237837269912,0.0,-0.5436773910690889,0.0,-2.389260898247962,-3.2958911217747167,ejecutar la receta: horno frio,0.47499074912458633,-0.0,28.333333333333332,31.20009280473758,28.333333333333332,0.45856512937447924,0.0,2.8667594714042473,0.0,-0.0,-0.22464779454340716,ejecutar la receta,-0.0,-0.0
AP0202,2,200,19.0,13.665034138655463,19.0,-2.021306110967896,0.0,-5.334965861344537,0.0,-2.389260898247962,-3.2958911217747167,ejecutar la receta: horno frio,4.829427654325249,-0.0,16.666666666666668,14.034517996651783,16.666666666666668,-0.45086861076918633,0.0,-2.6321486700148853,0.0,-0.0,-0.22464779454340716,ejecutar la receta,0.0,-0.0
AP0202,3,200,16.666666666666668,18.735596079369113,16.666666666666668,1.0168167780465964,0.0,2.0689294127024453,0.0,-2.389260898247962,-3.2958911217747167,ejecutar la receta: horno frio,-2.42944056846921,-0.0,13.333333333333334,4.176772034473909,13.333333333333334,-2.1402259074208976,0.0,-9.156561298859426,0.0,-0.0,-0.22464779454340716,ejecutar la receta,0.0,-0.0
AP0203,0,200,27.5,29.178250133373115,24.940180323600753,0.6556126389862802,-1.0000000000000004,1.6782501333731155,-2.559819676399247,-2.389260898247962,-3.2958911217747167,recomendar,-1.5664296427270765,2.3892608982479624,55.0,62.97537959929435,55.0,1.0185007950495013,0.0,7.9753795992943495,0.0,-0.0,-0.22464779454340716,ejecutar la receta,-0.0,-0.0
AP0203,1,200,25.833333333333332,28.011582234700523,23.098570321344386,0.7965037159775638,-0.9999999999999999,2.1782489013671906,-2.734763011988946,-2.389260898247962,-3.2958911217747167,recomendar,-1.9030551838943937,2.3892608982479615,28.333333333333332,26.4516607822516,28.333333333333332,-0.3009912151452785,0.0,-1.8816725510817314,0.0,-0.0,-0.22464779454340716,ejecutar la receta,0.0,-0.0
AP0203,2,200,19.0,21.771117672390403,16.36063437774405,1.0499180746401626,-1.0,2.771117672390403,-2.6393656222559514,-2.389260898247962,-3.2958911217747167,recomendar,-2.5085282021015254,2.389260898247962,16.666666666666668,11.178385344005767,16.666666666666668,-0.9401041072062997,0.0,-5.488281322660901,0.0,-0.0,-0.22464779454340716,ejecutar la receta,0.0,-0.0
AP0203,3,200,16.666666666666668,21.117740359836155,16.666666666666668,2.1875692731463356,0.0,4.451073693169487,0.0,-2.389260898247962,-3.2958911217747167,ejecutar la receta: horno frio,-5.226673726537254,-0.0,13.333333333333334,6.519704414136482,13.333333333333334,-1.592596244425713,0.0,-6.8136289191968515,0.0,-0.0,-0.22464779454340716,ejecutar la receta,0.0,-0.0
AP0204,0,200,27.5,29.272195638020833,24.940180323600753,0.6923126868505364,-1.0000000000000004,1.7721956380208326,-2.559819676399247,-2.389260898247962,-3.2958911217747167,recomendar,-1.6541156320529726,2.3892608982479624,55.0,62.63451360887096,55.0,0.9749702924659912,0.0,7.634513608870961,0.0,-0.0,-0.22464779454340716,ejecutar la receta,-0.0,-0.0
AP0204,1,200,25.833333333333332,23.92034625922309,25.833333333333332,-0.6995074402147037,0.0,-1.9129870741102408,0.0,-2.389260898247962,-3.2958911217747167,ejecutar la receta: horno frio,1.6713057749385152,-0.0,28.333333333333332,30.031301801632612,28.333333333333332,0.2716060200048955,0.0,1.6979684682992797,0.0,-0.0,-0.22464779454340716,ejecutar la receta,-0.0,-0.0
AP0204,2,200,19.0,21.772548438178166,19.0,1.05046016163853,0.0,2.772548438178166,0.0,-2.389260898247962,-3.2958911217747167,ejecutar la receta: horno frio,-2.5098233893701734,-0.0,16.666666666666668,16.419410051618303,16.666666666666668,-0.04235332441526454,0.0,-0.24725661504836438,0.0,-0.0,-0.22464779454340716,ejecutar la receta,0.0,-0.0
AP0204,3,200,16.666666666666668,20.05760260687934,16.666666666666668,1.6665433514165726,0.0,3.390935940212671,0.0,-2.389260898247962,-3.2958911217747167,ejecutar la receta: horno frio,-3.9818068647747293,-0.0,13.333333333333334,3.3645278453826903,13.333333333333334,-2.3300773155976375,0.0,-9.968805487950643,0.0,-0.0,-0.22464779454340716,ejecutar la receta,0.0,-0.0
AP0205,0,200,27.5,29.09524527090567,24.940180323600753,0.6231865805288336,-1.0000000000000004,1.5952452709056715,-2.559819676399247,-2.389260898247962,-3.2958911217747167,recomendar,-1.4889553291703967,2.3892608982479624,55.0,61.14655932367006,55.0,0.7849501682065119,0.0,6.146559323670061,0.0,-0.0,-0.22464779454340716,ejecutar la receta,-0.0,-0.0
AP0205,1,200,25.833333333333332,28.820395141601562,23.098570321344386,1.0922561827746058,-0.9999999999999999,2.98706180826823,-2.734763011988946,-2.389260898247962,-3.2958911217747167,recomendar,-2.6096849883729445,2.3892608982479615,28.333333333333332,29.75391853528145,28.333333333333332,0.22723595872510152,0.0,1.4205852019481178,0.0,-0.0,-0.22464779454340716,ejecutar la receta,-0.0,-0.0
AP0205,2,200,19.0,16.314228735108305,19.0,-1.017582119826233,0.0,-2.685771264891695,0.0,-2.389260898247962,-3.2958911217747167,ejecutar la receta: horno frio,2.4312691696570905,-0.0,16.666666666666668,16.371367802695623,16.666666666666668,-0.05058262478752423,0.0,-0.29529886397104477,0.0,-0.0,-0.22464779454340716,ejecutar la receta,0.0,-0.0
AP0205,3,200,16.666666666666668,21.27104753282335,16.666666666666668,2.2629151523876447,0.0,4.604380866156681,0.0,-2.389260898247962,-3.2958911217747167,ejecutar la receta: horno frio,-5.406694689652628,-0.0,13.333333333333334,5.028862138227983,13.333333333333334,-1.941061040175527,0.0,-8.30447119510535,0.0,-0.0,-0.22464779454340716,ejecutar la receta,0.0,-0.0
AP0206,0,200,27.5,29.40682952880859,24.940180323600753,0.7449077551786067,-1.0000000000000004,1.90682952880859,-2.559819676399247,-2.389260898247962,-3.2958911217747167,recomendar,-1.7797789722499107,2.3892608982479624,55.0,60.60704017557123,55.0,0.716050540992315,0.0,5.607040175571228,0.0,-0.0,-0.22464779454340716,ejecutar la receta,-0.0,-0.0
AP0206,1,200,25.833333333333332,24.374794253909137,23.098570321344386,-0.5333328968653209,-0.9999999999999999,-1.4585390794241953,-2.734763011988946,-2.389260898247962,-3.2958911217747167,recomendar,1.2742714362296244,2.3892608982479615,28.333333333333332,21.420944164960815,28.333333333333332,-1.105701634510974,0.0,-6.912389168372517,0.0,-0.0,-0.22464779454340716,ejecutar la receta,0.0,-0.0
AP0206,2,200,19.0,27.0485168923272,16.36063437774405,3.049413398605939,-1.0,8.0485168923272,-2.6393656222559514,-2.389260898247962,-3.2958911217747167,recomendar,-7.285844195882596,2.389260898247962,16.666666666666668,15.35707520984468,16.666666666666668,-0.22432383380881948,0.0,-1.3095914568219875,0.0,-0.0,-0.22464779454340716,ejecutar la receta,0.0,-0.0
AP0206,3,200,16.666666666666668,19.748330523173014,16.666666666666668,1.5145453945199878,0.0,3.0816638565063457,0.0,-2.389260898247962,-3.2958911217747167,ejecutar la receta: horno frio,-3.61864408974814,-0.0,13.333333333333334,8.655836255622633,13.333333333333334,-1.0933034903451118,0.0,-4.677497077710701,0.0,-0.0,-0.22464779454340716,ejecutar la receta,0.0,-0.0
AP0207,0,200,27.5,28.955146190502024,24.940180323600753,0.5684565221206894,-1.0000000000000004,1.455146190502024,-2.559819676399247,-2.389260898247962,-3.2958911217747167,recomendar,-1.358190940656991,2.3892608982479624,55.0,64.20890010712205,55.0,1.1760282960656956,0.0,9.208900107122048,0.0,-0.0,-0.22464779454340716,ejecutar la receta,-0.0,-0.0
AP0207,1,200,25.833333333333332,26.14110294596354,25.833333333333332,0.11253977448172774,0.0,0.3077696126302065,0.0,-2.389260898247962,-3.2958911217747167,ejecutar la receta: horno frio,-0.26888688266683586,-0.0,28.333333333333332,26.886716950245397,28.333333333333332,-0.23139989088132937,0.0,-1.4466163830879353,0.0,-0.0,-0.22464779454340716,ejecutar la receta,0.0,-0.0
AP0207,2,200,19.0,19.14207436455621,19.0,0.05382898199407962,0.0,0.14207436455620837,0.0,-2.389260898247962,-3.2958911217747167,ejecutar la receta: horno frio,-0.12861148187094804,-0.0,16.666666666666668,9.282132733057415,16.666666666666668,-1.2649188830984572,0.0,-7.384533933609253,0.0,-0.0,-0.22464779454340716,ejecutar la receta,0.0,-0.0
AP0207,3,200,16.666666666666668,16.90649671766493,16.666666666666668,0.11786927975288802,0.0,0.23983005099826116,0.0,-2.389260898247962,-3.2958911217747167,ejecutar la receta: horno frio,-0.28162046121822554,-0.0,13.333333333333334,5.663810984293619,13.333333333333334,-1.792650089177367,0.0,-7.669522349039715,0.0,-0.0,-0.22464779454340716,ejecutar la receta,0.0,-0.0
AP0208,0,200,27.5,29.09917527940538,27.5,0.624721848241611,0.0,1.5991752794053795,0.0,-2.389260898247962,-3.2958911217747167,ejecutar la receta: horno frio,-1.4926234842848785,-0.0,55.0,58.07828356014784,55.0,0.39311411003882296,0.0,3.078283560147838,0.0,-0.0,-0.22464779454340716,ejecutar la receta,-0.0,-0.0
AP0208,1,200,25.833333333333332,24.171195597330733,25.833333333333332,-0.6077812697904506,0.0,-1.6621377360025988,0.0,-2.389260898247962,-3.2958911217747167,ejecutar la receta: horno frio,1.4521480225978187,-0.0,28.333333333333332,29.73971307216547,28.333333333333332,0.22496366134662155,0.0,1.4063797388321362,0.0,-0.0,-0.22464779454340716,ejecutar la receta,-0.0,-0.0
AP0208,2,200,19.0,19.14168719821506,19.0,0.05368229282836341,0.0,0.1416871982150596,0.0,-2.389260898247962,-3.2958911217747167,ejecutar la receta: horno frio,-0.1282610031831057,-0.0,16.666666666666668,14.201726180788068,16.666666666666668,-0.4222270212763181,0.0,-2.4649404858786,0.0,-0.0,-0.22464779454340716,ejecutar la receta,0.0,-0.0
AP0208,3,200,16.666666666666668,16.882016584608287,16.666666666666668,0.10583802829115127,0.0,0.2153499179416194,0.0,-2.389260898247962,-3.2958911217747167,ejecutar la receta: horno frio,-0.25287466254370927,-0.0,13.333333333333334,6.010590709339488,13.333333333333334,-1.711594884337105,0.0,-7.322742623993846,0.0,-0.0,-0.22464779454340716,ejecutar la receta,0.0,-0.0
AP0209,0,200,27.5,30.35220917878327,27.5,1.1142226950905039,0.0,2.8522091787832693,0.0,-2.389260898247962,-3.2958911217747167,ejecutar la receta: horno frio,-2.662168717320202,-0.0,55.0,57.253933976286206,55.0,0.2878400354811574,0.0,2.2539339762862056,0.0,-0.0,-0.22464779454340716,ejecutar la receta,-0.0,-0.0
AP0209,1,200,25.833333333333332,27.98059403483073,23.098570321344386,0.7851724965139601,-0.9999999999999999,2.147260701497398,-2.734763011988946,-2.389260898247962,-3.2958911217747167,recomendar,-1.8759819443005392,2.3892608982479615,28.333333333333332,31.200353064903847,28.333333333333332,0.45860676043491744,0.0,2.8670197315705153,0.0,-0.0,-0.22464779454340716,ejecutar la receta,-0.0,-0.0
AP0209,2,200,19.0,23.897900424533418,19.0,1.8557112297109575,0.0,4.897900424533418,0.0,-2.389260898247962,-3.2958911217747167,ejecutar la receta: horno frio,-4.433778279588033,-0.0,16.666666666666668,10.493810042123945,16.666666666666668,-1.057367056234406,0.0,-6.172856624542723,0.0,-0.0,-0.22464779454340716,ejecutar la receta,0.0,-0.0
AP0209,3,200,16.666666666666668,22.227294906462078,16.666666666666668,2.732882067406167,0.0,5.56062823979541,0.0,-2.389260898247962,-3.2958911217747167,ejecutar la receta: horno frio,-6.529568263176606,-0.0,13.333333333333334,5.630951987372504,13.333333333333334,-1.8003304480159183,0.0,-7.70238134596083,0.0,-0.0,-0.22464779454340716,ejecutar la receta,0.0,-0.0
AP0210,0,200,27.5,27.428891826558992,24.940180323600753,-0.027778586943683396,-1.0000000000000004,-0.07110817344100795,-2.559819676399247,-2.389260898247962,-3.2958911217747167,recomendar,0.0663702915931241,2.3892608982479624,55.0,62.46509484732034,55.0,0.9533345645125683,0.0,7.465094847320337,0.0,-0.0,-0.22464779454340716,ejecutar la receta,-0.0,-0.0
AP0210,1,200,25.833333333333332,27.086311842176645,23.098570321344386,0.4581671257620393,-0.9999999999999999,1.252978508843313,-2.734763011988946,-2.389260898247962,-3.2958911217747167,recomendar,-1.094680798445897,2.3892608982479615,28.333333333333332,27.016339580829325,28.333333333333332,-0.21066553246846156,0.0,-1.3169937525040076,0.0,-0.0,-0.22464779454340716,ejecutar la receta,0.0,-0.0
AP0210,2,200,19.0,19.641757168240016,19.0,0.24314826366931505,0.0,0.6417571682400158,0.0,-2.389260898247962,-3.2958911217747167,ejecutar la receta: horno frio,-0.5809446388619799,-0.0,16.666666666666668,9.370470537458147,16.666666666666668,-1.249787236621842,0.0,-7.296196129208521,0.0,-0.0,-0.22464779454340716,ejecutar la receta,0.0,-0.0
AP0210,3,200,16.666666666666668,16.793752577039932,16.666666666666668,0.06245891480273802,0.0,0.127085910373264,0.0,-2.389260898247962,-3.2958911217747167,ejecutar la receta: horno frio,-0.14923064288518276,-0.0,13.333333333333334,7.578929646809895,13.333333333333334,-1.3450162620753574,0.0,-5.754403686523439,0.0,-0.0,-0.22464779454340716,ejecutar la receta,0.0,-0.0
AP0211,0,210,27.5,28.319691738552514,24.975426141402767,0.32468518825904813,-1.0,0.819691738552514,-2.5245738585972326,-2.2839771226205174,-3.1814202820608224,recomendar,-0.7415735420374018,2.2839771226205174,55.0,54.59404316563759,55.0,-0.05276356632912424,0.0,-0.4059568343624065,0.0,0.0,0.746503095323904,ejecutar la receta,-0.0,0.0
AP0211,1,210,25.833333333333332,24.195344621969817,25.833333333333332,-0.6076092643104446,0.0,-1.6379887113635156,0.0,-2.2839771226205174,-3.1814202820608224,ejecutar la receta: horno frio,1.3877656591773389,-0.0,28.333333333333332,31.221848786182896,28.333333333333332,0.45832061862992585,0.0,2.888515452849564,0.0,0.0,0.746503095323904,ejecutar la receta,0.0,0.0
AP0211,2,210,19.0,19.348705045912002,19.0,0.12933229566937876,0.0,0.348705045912002,0.0,-2.2839771226205174,-3.1814202820608224,ejecutar la receta: horno frio,-0.2953920045248537,-0.0,16.666666666666668,15.011254834371897,16.666666666666668,-0.288911147617726,0.0,-1.6554118322947708,0.0,0.0,0.746503095323904,ejecutar la receta,-0.0,0.0
AP0211,3,210,16.666666666666668,17.036789556946417,16.666666666666668,0.17522988238259624,0.0,0.3701228902797489,0.0,-2.2839771226205174,-3.1814202820608224,ejecutar la receta: horno frio,-0.40022104256133384,-0.0,13.333333333333334,8.317321734958224,13.333333333333334,-1.1951209314698723,0.0,-5.01601159837511,0.0,0.0,0.746503095323904,ejecutar la receta,-0.0,0.0
AP0212,0,210,27.5,29.17913293909144,24.975426141402767,0.6651153949698428,-1.0,1.6791329390914385,-2.5245738585972326,-2.2839771226205174,-3.1814202820608224,recomendar,-1.5191083460138306,2.2839771226205174,55.0,35.87624024977993,55.0,-2.4855789597131968,0.0,-19.123759750220067,0.0,0.0,0.746503095323904,ejecutar la receta,-0.0,0.0
AP0212,1,210,25.833333333333332,29.449982747395833,25.833333333333332,1.3415902530354054,0.0,3.6166494140625005,0.0,-2.2839771226205174,-3.1814202820608224,ejecutar la receta: horno frio,-3.064161445863537,-0.0,28.333333333333332,42.69559952173478,28.333333333333332,2.2788601383115537,0.0,14.362266188401446,0.0,0.0,0.746503095323904,ejecutar la receta,0.0,0.0
AP0212,2,210,19.0,22.017803692287867,19.0,1.1192825684019838,0.0,3.017803692287867,0.0,-2.2839771226205174,-3.1814202820608224,ejecutar la receta: horno frio,-2.5564157799780656,-0.0,16.666666666666668,22.09632815406436,16.666666666666668,0.9476129751502872,0.0,5.429661487397691,0.0,0.0,0.746503095323904,ejecutar la receta,0.0,0.0
AP0212,3,210,16.666666666666668,21.08428990116826,16.666666666666668,2.0914664294533436,0.0,4.4176232345015904,0.0,-2.2839771226205174,-3.1814202820608224,ejecutar la receta: horno frio,-4.776861477600256,-0.0,13.333333333333334,11.390174770355225,13.333333333333334,-0.46297928667715726,0.0,-1.943158562978109,0.0,0.0,0.746503095323904,ejecutar la receta,-0.0,0.0
AP0213,0,210,27.5,29.598203713756256,27.5,0.8311120336650054,0.0,2.0982037137562557,0.0,-2.2839771226205174,-3.1814202820608224,ejecutar la receta: horno frio,-1.8982408712254857,-0.0,55.0,63.89774560415616,55.0,1.156469729354168,0.0,8.897745604156157,0.0,0.0,0.746503095323904,ejecutar la receta,0.0,0.0
AP0213,1,210,25.5,27.481068481445313,25.5,0.7348741503582059,0.0,1.9810684814453126,0.0,-2.2839771226205174,-3.1814202820608224,ejecutar la receta: horno frio,-1.6784357474233327,-0.0,28.333333333333332,27.258116658528646,28.333333333333332,-0.1706045820428438,0.0,-1.075216674804686,0.0,0.0,0.746503095323904,ejecutar la receta,-0.0,0.0
AP0213,2,210,18.333333333333332,18.86442872803418,18.333333333333332,0.19697961764920766,0.0,0.5310953947008485,0.0,-2.2839771226205174,-3.1814202820608224,ejecutar la receta: horno frio,-0.449896940333327,-0.0,16.666666666666668,9.472015041775173,16.666666666666668,-1.255648302800708,0.0,-7.194651624891495,0.0,0.0,0.746503095323904,ejecutar la receta,-0.0,0.0
AP0213,3,210,16.666666666666668,16.88508528369968,16.666666666666668,0.10340746162426231,0.0,0.2184186170330129,0.0,-2.2839771226205174,-3.1814202820608224,ejecutar la receta: horno frio,-0.23618027665807423,-0.0,13.333333333333334,5.443985309022845,13.333333333333334,-1.8797255099167423,0.0,-7.889348024310489,0.0,0.0,0.746503095323904,ejecutar la receta,-0.0,0.0
AP0214,0,210,27.5,29.21353016040943,24.975426141402767,0.6787403563473263,-1.0,1.7135301604094302,-2.5245738585972326,-2.2839771226205174,-3.1814202820608224,recomendar,-1.550227446096591,2.2839771226205174,55.0,65.33337080760668,55.0,1.343062734408498,0.0,10.333370807606684,0.0,0.0,0.746503095323904,ejecutar la receta,0.0,0.0
AP0214,1,210,25.5,27.323060845269097,22.804207148285645,0.6762614731728159,-0.9999999999999996,1.8230608452690973,-2.695792851714355,-2.2839771226205174,-3.1814202820608224,recomendar,-1.5445657336363605,2.283977122620516,28.333333333333332,27.402476931840948,28.333333333333332,-0.14769894388715793,0.0,-0.9308564014923846,0.0,0.0,0.746503095323904,ejecutar la receta,-0.0,0.0
AP0214,2,210,18.333333333333332,22.143929985894097,18.333333333333332,1.4133240075628373,0.0,3.810596652560765,0.0,-2.2839771226205174,-3.1814202820608224,ejecutar la receta: horno frio,-3.2279997001238674,-0.0,16.666666666666668,8.810904390849762,16.666666666666668,-1.3710287979348947,0.0,-7.855762275816906,0.0,0.0,0.746503095323904,ejecutar la receta,-0.0,0.0
AP0214,3,210,16.666666666666668,16.05927997165256,16.666666666666668,-0.2875593537260864,0.0,-0.6073866950141067,0.0,-2.2839771226205174,-3.1814202820608224,ejecutar la receta: horno frio,0.6567789853059223,-0.0,13.333333333333334,4.999413322679924,13.333333333333334,-1.9856497638789299,0.0,-8.33392001065341,0.0,0.0,0.746503095323904,ejecutar la receta,-0.0,0.0
AP0215,0,210,27.5,29.21498893455223,27.5,0.6793181862008016,0.0,1.7149889345522311,0.0,-2.2839771226205174,-3.1814202820608224,ejecutar la receta: horno frio,-1.5515471962626959,-0.0,55.0,45.53436512418146,55.0,-1.230280195681252,0.0,-9.465634875818537,0.0,0.0,0.746503095323904,ejecutar la receta,-0.0,0.0
AP0215,1,210,25.5,26.756342854817706,25.5,0.46603835083943884,0.0,1.2563428548177065,0.0,-2.2839771226205174,-3.1814202820608224,ejecutar la receta: horno frio,-1.0644209315810726,-0.0,28.333333333333332,46.84277570675581,28.333333333333332,2.9368923994202936,0.0,18.509442373422477,0.0,0.0,0.746503095323904,ejecutar la receta,0.0,0.0
AP0215,2,210,18.333333333333332,24.10367574055989,18.333333333333332,2.140180186877225,0.0,5.770342407226558,0.0,-2.2839771226205174,-3.1814202820608224,ejecutar la receta: horno frio,-4.888122585113287,-0.0,16.666666666666668,21.28028884161086,16.666666666666668,0.805193518153112,0.0,4.613622174944194,0.0,0.0,0.746503095323904,ejecutar la receta,0.0,0.0
AP0215,3,210,16.666666666666668,20.9564579433865,16.666666666666668,2.030946046858514,0.0,4.289791276719832,0.0,-2.2839771226205174,-3.1814202820608224,ejecutar la receta: horno frio,-4.638634308301424,-0.0,13.333333333333334,5.0947424389067155,13.333333333333334,-1.9629365344641356,0.0,-8.238590894426618,0.0,0.0,0.746503095323904,ejecutar la receta,-0.0,0.0
AP0216,0,210,27.5,29.52856110749421,27.5,0.8035261478233674,0.0,2.028561107494209,0.0,-2.2839771226205174,-3.1814202820608224,ejecutar la receta: horno frio,-1.835235339055963,-0.0,55.0,47.511159531054986,55.0,-0.9733496208581178,0.0,-7.488840468945014,0.0,0.0,0.746503095323904,ejecutar la receta,-0.0,0.0
AP0216,1,210,25.5,26.788634589301218,25.5,0.4780169175393897,0.0,1.2886345893012177,0.0,-2.2839771226205174,-3.1814202820608224,ejecutar la receta: horno frio,-1.0917797038855444,-0.0,28.333333333333332,40.356250234750604,28.333333333333332,1.9076756908320194,0.0,12.022916901417272,0.0,0.0,0.746503095323904,ejecutar la receta,0.0,0.0
AP0216,2,210,18.333333333333332,22.158580796983504,18.333333333333332,1.418757892313933,0.0,3.8252474636501717,0.0,-2.2839771226205174,-3.1814202820608224,ejecutar la receta: horno frio,-3.2404105685823263,-0.0,16.666666666666668,15.951318214053197,16.666666666666668,-0.12484636050029227,0.0,-0.7153484526134708,0.0,0.0,0.746503095323904,ejecutar la receta,-0.0,0.0
AP0216,3,210,16.666666666666668,17.42632835343567,16.666666666666668,0.35965197376062036,0.0,0.7596616867690038,0.0,-2.2839771226205174,-3.1814202820608224,ejecutar la receta: horno frio,-0.8214368801745715,-0.0,13.333333333333334,6.514269765218098,13.333333333333334,-1.6247182534263156,0.0,-6.819063568115236,0.0,0.0,0.746503095323904,ejecutar la receta,-0.0,0.0
AP0217,0,210,27.5,29.140323497630934,27.5,0.6497427247156762,0.0,1.6403234976309342,0.0,-2.2839771226205174,-3.1814202820608224,ejecutar la receta: horno frio,-1.483997518839725,-0.0,55.0,56.71172931630124,55.0,0.22247917924578883,0.0,1.7117293163012377,0.0,0.0,0.746503095323904,ejecutar la receta,0.0,0.0
AP0217,1,210,25.5,24.343394982209535,25.5,-0.4290407614423847,0.0,-1.156605017790465,0.0,-2.2839771226205174,-3.1814202820608224,ejecutar la receta: horno frio,0.9799192838060936,-0.0,28.333333333333332,28.996955128205126,28.333333333333332,0.10529684072207139,0.0,0.6636217948717942,0.0,0.0,0.746503095323904,ejecutar la receta,0.0,0.0
AP0217,2,210,18.333333333333332,15.909694903504612,18.333333333333332,-0.8989107719461545,0.0,-2.4236384298287206,0.0,-2.2839771226205174,-3.1814202820608224,ejecutar la receta: horno frio,2.053091638402166,-0.0,16.666666666666668,16.95888972206721,16.666666666666668,0.051000298928088855,0.0,0.29222305540054094,0.0,0.0,0.746503095323904,ejecutar la receta,0.0,0.0
AP0217,3,210,16.666666666666668,14.835258161756727,16.666666666666668,-0.8670566056244111,0.0,-1.8314085049099411,0.0,-2.2839771226205174,-3.1814202820608224,ejecutar la receta: horno frio,1.9803374512631553,-0.0,13.333333333333334,6.06303368770715,13.333333333333334,-1.732230301732263,0.0,-7.270299645626184,0.0,0.0,0.746503095323904,ejecutar la receta,-0.0,0.0
AP0218,0,210,27.5,29.155271199544266,24.975426141402767,0.655663605921995,-1.0,1.6552711995442664,-2.5245738585972326,-2.2839771226205174,-3.1814202820608224,recomendar,-1.4975206760607112,2.2839771226205174,55.0,61.17538012432795,55.0,0.8026347907389909,0.0,6.175380124327951,0.0,0.0,0.746503095323904,ejecutar la receta,0.0,0.0
AP0218,1,210,25.5,15.174191090901695,22.804207148285645,-3.8303421208835586,-0.9999999999999996,-10.325808909098305,-2.695792851714355,-2.2839771226205174,-3.1814202820608224,recomendar,8.7484137759078,2.283977122620516,28.333333333333332,29.19928252391326,28.333333333333332,0.13740011961408977,0.0,0.8659491905799293,0.0,0.0,0.746503095323904,ejecutar la receta,0.0,0.0
AP0218,2,210,18.333333333333332,7.066181526184083,15.637138665889855,-4.17890886856205,-1.0000000000000002,-11.267151807149249,-2.6961946674434767,-2.2839771226205174,-3.1814202820608224,recomendar,9.544532253311711,2.283977122620518,16.666666666666668,13.727423580109127,16.666666666666668,-0.5129721056105132,0.0,-2.939243086557541,0.0,0.0,0.746503095323904,ejecutar la receta,-0.0,0.0
AP0218,3,210,16.666666666666668,8.741528012054134,16.666666666666668,-3.752054117117394,0.0,-7.9251386546125335,0.0,-2.2839771226205174,-3.1814202820608224,ejecutar la receta: horno frio,8.569605766330252,-0.0,13.333333333333334,5.459996859232584,13.333333333333334,-1.8759105787855745,0.0,-7.87333647410075,0.0,0.0,0.746503095323904,ejecutar la receta,-0.0,0.0
AP0219,0,210,27.5,29.42753025388806,24.975426141402767,0.763507174616426,-1.0,1.9275302538880617,-2.5245738585972326,-2.2839771226205174,-3.1814202820608224,recomendar,-1.7438329197805456,2.2839771226205174,55.0,58.48759696157274,55.0,0.4532946314359092,0.0,3.4875969615727413,0.0,0.0,0.746503095323904,ejecutar la receta,0.0,0.0
AP0219,1,210,25.5,26.901052300347224,22.804207148285645,0.5197180857038931,-0.9999999999999996,1.4010523003472244,-2.695792851714355,-2.2839771226205174,-3.1814202820608224,recomendar,-1.1870242179598214,2.283977122620516,28.333333333333332,32.54990390875401,28.333333333333332,0.6690430659517735,0.0,4.216570575420679,0.0,0.0,0.746503095323904,ejecutar la receta,0.0,0.0
AP0219,2,210,18.333333333333332,23.53320509168837,15.637138665889855,1.928596559122172,-1.0000000000000002,5.199871758355037,-2.6961946674434767,-2.2839771226205174,-3.1814202820608224,recomendar,-4.404870419799689,2.283977122620518,16.666666666666668,12.071691046820746,16.666666666666668,-0.801939223646173,0.0,-4.594975619845922,0.0,0.0,0.746503095323904,ejecutar la receta,-0.0,0.0
AP0219,3,210,16.666666666666668,17.114073677668497,14.554453354375422,0.21181904706229673,-1.0000000000000004,0.4474070110018289,-2.112213312291246,-2.2839771226205174,-3.1814202820608224,recomendar,-0.4837898576255644,2.2839771226205183,13.333333333333334,6.048410000271267,13.333333333333334,-1.7357145590165877,0.0,-7.284923333062067,0.0,0.0,0.746503095323904,ejecutar la receta,-0.0,0.0
AP0220,0,210,27.5,29.31486906828703,27.5,0.7188813518394959,0.0,1.814869068287031,0.0,-2.2839771226205174,-3.1814202820608224,ejecutar la receta: horno frio,-1.6419085614799196,-0.0,55.0,45.09456602157018,55.0,-1.2874423547038139,0.0,-9.90543397842982,0.0,0.0,0.746503095323904,ejecutar la receta,-0.0,0.0
AP0220,1,210,25.5,16.320847581621468,25.5,-3.40499174947406,0.0,-9.179152418378532,0.0,-2.2839771226205174,-3.1814202820608224,ejecutar la receta: horno frio,7.776923258510366,-0.0,28.333333333333332,42.01305791414701,28.333333333333332,2.1705612917460337,0.0,13.67972458081368,0.0,0.0,0.746503095323904,ejecutar la receta,0.0,0.0
AP0220,2,210,18.333333333333332,23.597465294581948,18.333333333333332,1.9524302250178582,0.0,5.264131961248616,0.0,-2.2839771226205174,-3.1814202820608224,ejecutar la receta: horno frio,-4.459305967453617,-0.0,16.666666666666668,25.297409784226186,16.666666666666668,1.5062825154700854,0.0,8.630743117559518,0.0,0.0,0.746503095323904,ejecutar la receta,0.0,0.0
AP0220,3,210,16.666666666666668,15.266411433848297,16.666666666666668,-0.6629326804589775,0.0,-1.4002552328183704,0.0,-2.2839771226205174,-3.1814202820608224,ejecutar la receta: horno frio,1.5141230760058024,-0.0,13.333333333333334,4.9932541815439855,13.333333333333334,-1.9871172482232287,0.0,-8.340079151789348,0.0,0.0,0.746503095323904,ejecutar la receta,-0.0,0.0
AP0221,0,220,27.5,28.898105129665794,27.5,0.5615194553224558,0.0,1.3981051296657938,0.0,-0.3642395482251517,-1.1337766894000487,ejecutar la receta: horno frio,-0.2045275927262846,-0.0,55.0,59.76116427170537,55.0,0.6086506920891416,0.0,4.761164271705368,0.0,0.0,0.832108218014683,ejecutar la receta,0.0,0.0
AP0221,1,220,25.5,27.9927447781033,25.5,0.8856167592233951,0.0,2.492744778103301,0.0,-0.3642395482251517,-1.1337766894000487,ejecutar la receta: horno frio,-0.32257664828015237,-0.0,28.333333333333332,32.41927372859075,28.333333333333332,0.6450762211052089,0.0,4.0859403952574205,0.0,0.0,0.832108218014683,ejecutar la receta,0.0,0.0
AP0221,2,220,18.333333333333332,22.02554859585232,18.333333333333332,1.30101893426388,0.0,3.692215262518989,0.0,-0.3642395482251517,-1.1337766894000487,ejecutar la receta: horno frio,-0.473882548848644,-0.0,16.666666666666668,12.2692388867575,16.666666666666668,-0.7632488037708848,0.0,-4.397427779909167,0.0,0.0,0.832108218014683,ejecutar la receta,-0.0,0.0
AP0221,3,220,16.666666666666668,20.07822726779514,16.666666666666668,1.5649404710995807,0.0,3.411560601128471,0.0,-0.3642395482251517,-1.1337766894000487,ejecutar la receta: horno frio,-0.5700132101925672,-0.0,13.333333333333334,4.92617169004498,13.333333333333334,-2.0388765586986395,0.0,-8.407161643288354,0.0,0.0,0.832108218014683,ejecutar la receta,-0.0,0.0
AP0222,0,220,27.5,22.649357898853445,27.5,-1.9481581554965561,0.0,-4.850642101146555,0.0,-0.3642395482251517,-1.1337766894000487,ejecutar la receta: horno frio,0.7095962464292105,-0.0,55.0,66.05401178175403,55.0,1.4131064456879676,0.0,11.054011781754028,0.0,0.0,0.832108218014683,ejecutar la receta,0.0,0.0
AP0222,1,220,25.5,22.856689995659725,25.5,-0.9391092342184427,0.0,-2.6433100043402753,0.0,-0.3642395482251517,-1.1337766894000487,ejecutar la receta: horno frio,0.3420607232057938,-0.0,28.333333333333332,26.278712033002805,28.333333333333332,-0.32437755229074644,0.0,-2.0546213003305276,0.0,0.0,0.832108218014683,ejecutar la receta,-0.0,0.0
AP0222,2,220,18.333333333333332,19.62946130075762,18.333333333333332,0.4567141693947434,0.0,1.2961279674242867,0.0,-0.3642395482251517,-1.1337766894000487,ejecutar la receta: horno frio,-0.16635336272836673,-0.0,16.666666666666668,7.423974570773896,16.666666666666668,-1.6042272980679824,0.0,-9.242692095892771,0.0,0.0,0.832108218014683,ejecutar la receta,-0.0,0.0
AP0222,3,220,16.666666666666668,24.644039879316168,16.666666666666668,3.659355835394337,0.0,7.9773732126495,0.0,-0.3642395482251517,-1.1337766894000487,ejecutar la receta: horno frio,-1.3328821162791058,-0.0,13.333333333333334,8.118420329846835,13.333333333333334,-1.26470315780708,0.0,-5.214913003486499,0.0,0.0,0.832108218014683,ejecutar la receta,-0.0,0.0
AP0223,0,220,27.5,29.650527829770688,27.5,0.863714172851421,0.0,2.150527829770688,0.0,-0.3642395482251517,-1.1337766894000487,ejecutar la receta: horno frio,-0.31459886011506216,-0.0,55.0,63.61288320069672,55.0,1.101041052530061,0.0,8.612883200696722,0.0,0.0,0.832108218014683,ejecutar la receta,0.0,0.0
AP0223,1,220,25.5,29.52314131673177,25.5,1.4293325999995663,0.0,4.0231413167317704,0.0,-0.3642395482251517,-1.1337766894000487,ejecutar la receta: horno frio,-0.5206194604873234,-0.0,28.333333333333332,28.04300349308894,28.333333333333332,-0.045836419061892064,0.0,-0.290329840244393,0.0,0.0,0.832108218014683,ejecutar la receta,-0.0,0.0
AP0223,2,220,18.333333333333332,21.41796188354492,18.333333333333332,1.086924749414059,0.0,3.084628550211587,0.0,-0.3642395482251517,-1.1337766894000487,ejecutar la receta: horno frio,-0.39590097968131305,-0.0,16.666666666666668,14.413526892283604,16.666666666666668,-0.39107094501549644,0.0,-2.2531397743830635,0.0,0.0,0.832108218014683,ejecutar la receta,-0.0,0.0
AP0223,3,220,16.666666666666668,20.16306146127206,16.666666666666668,1.6038553485492772,0.0,3.4963947946053935,0.0,-0.3642395482251517,-1.1337766894000487,ejecutar la receta: horno frio,-0.584187547574082,-0.0,13.333333333333334,5.969526576995849,13.333333333333334,-1.7858456415274382,0.0,-7.3638067563374845,0.0,0.0,0.832108218014683,ejecutar la receta,-0.0,0.0
AP0224,0,220,27.5,29.20823590313947,26.0885270845732,0.686076943385817,-0.5668883447000246,1.708235903139471,-1.411472915426799,-0.3642395482251517,-1.1337766894000487,recomendar,-0.24989635590654297,0.206483154567641,55.0,45.791539956562794,55.0,-1.1771775260561932,0.0,-9.208460043437206,0.0,0.0,0.832108218014683,ejecutar la receta,-0.0,0.0
AP0224,1,220,25.5,28.087728841145836,25.5,0.9193624835464467,0.0,2.587728841145836,0.0,-0.3642395482251517,-1.1337766894000487,ejecutar la receta: horno frio,-0.3348681756621112,-0.0,28.333333333333332,38.95830305050581,28.333333333333332,1.6774388883563476,0.0,10.62496971717248,0.0,0.0,0.832108218014683,ejecutar la receta,0.0,0.0
AP0224,2,220,18.333333333333332,24.199004990179663,18.333333333333332,2.0668756681661145,0.0,5.865671656846331,0.0,-0.3642395482251517,-1.1337766894000487,ejecutar la receta: horno frio,-0.752837859610384,-0.0,16.666666666666668,17.71379166860429,16.666666666666668,0.18174645386535138,0.0,1.0471250019376228,0.0,0.0,0.832108218014683,ejecutar la receta,0.0,0.0
AP0224,3,220,16.666666666666668,21.576687879178113,16.666666666666668,2.252309663464553,0.0,4.910021212511445,0.0,-0.3642395482251517,-1.1337766894000487,ejecutar la receta: horno frio,-0.8203802542834723,-0.0,13.333333333333334,8.196918900807699,13.333333333333334,-1.2456659484593544,0.0,-5.136414432525635,0.0,0.0,0.832108218014683,ejecutar la receta,-0.0,0.0
AP0225,0,220,27.5,29.17542695222077,27.5,0.6728999198139394,0.0,1.6754269522207714,0.0,-0.3642395482251517,-1.1337766894000487,ejecutar la receta: horno frio,-0.24509676279377007,-0.0,55.0,56.68741303411093,55.0,0.21571301732968498,0.0,1.6874130341109321,0.0,0.0,0.832108218014683,ejecutar la receta,0.0,0.0
AP0225,1,220,24.166666666666668,29.196541490342884,24.166666666666668,1.7870026164623571,0.0,5.0298748236762165,0.0,-0.3642395482251517,-1.1337766894000487,ejecutar la receta: horno frio,-0.650897025697413,-0.0,28.333333333333332,29.415597455929493,28.333333333333332,0.17086466832761812,0.0,1.0822641225961611,0.0,0.0,0.832108218014683,ejecutar la receta,0.0,0.0
AP0225,2,220,18.333333333333332,20.422865634494354,18.333333333333332,0.7362845593438592,0.0,2.0895323011610216,0.0,-0.3642395482251517,-1.1337766894000487,ejecutar la receta: horno frio,-0.26818395526056216,-0.0,16.666666666666668,17.1848394484747,16.666666666666668,0.08993774898783724,0.0,0.5181727818080333,0.0,0.0,0.832108218014683,ejecutar la receta,0.0,0.0
AP0225,3,220,16.666666666666668,16.698380805121527,16.666666666666668,0.01454781098059575,0.0,0.03171413845485915,0.0,-0.3642395482251517,-1.1337766894000487,ejecutar la receta: horno frio,-0.005298888099237098,-0.0,13.333333333333334,6.519492316968512,13.333333333333334,-1.6524698004416676,0.0,-6.8138410163648215,0.0,0.0,0.832108218014683,ejecutar la receta,-0.0,0.0
AP0226,0,220,27.5,26.367109366639017,27.5,-0.45500164321465264,0.0,-1.132890633360983,0.0,-0.3642395482251517,-1.1337766894000487,ejecutar la receta: horno frio,0.16572959296620676,-0.0,55.0,42.21551368902802,55.0,-1.6343242948830508,0.0,-12.784486310971978,0.0,0.0,0.832108218014683,ejecutar la receta,-0.0,0.0
AP0226,1,220,24.166666666666668,27.605788634460303,24.166666666666668,1.2218435190179615,0.0,3.4391219677936355,0.0,-0.3642395482251517,-1.1337766894000487,ejecutar la receta: horno frio,-0.4450437313689318,-0.0,28.333333333333332,37.372933020958534,28.333333333333332,1.4271453429828398,0.0,9.039599687625202,0.0,0.0,0.832108218014683,ejecutar la receta,0.0,0.0
AP0226,2,220,18.333333333333332,28.857810855441624,18.333333333333332,3.7084903116282133,0.0,10.524477522108292,0.0,-0.3642395482251517,-1.1337766894000487,ejecutar la receta: horno frio,-1.3507788357048125,-0.0,16.666666666666668,19.18463943723648,16.666666666666668,0.43703724114481474,0.0,2.5179727705698127,0.0,0.0,0.832108218014683,ejecutar la receta,0.0,0.0
AP0226,3,220,16.666666666666668,21.83893161349826,16.666666666666668,2.372605293855564,0.0,5.172264946831593,0.0,-0.3642395482251517,-1.1337766894000487,ejecutar la receta: horno frio,-0.8641966803505539,-0.0,13.333333333333334,9.960478763303895,13.333333333333334,-0.8179733435032203,0.0,-3.372854570029439,0.0,0.0,0.832108218014683,ejecutar la receta,-0.0,0.0
AP0227,0,220,27.5,27.350515108461728,27.5,-0.06003745576383922,0.0,-0.14948489153827182,0.0,-0.3642395482251517,-1.1337766894000487,ejecutar la receta: horno frio,0.021868015764008326,-0.0,55.0,59.79197262999831,55.0,0.6125891255325258,0.0,4.7919726299983125,0.0,0.0,0.832108218014683,ejecutar la receta,0.0,0.0
AP0227,1,220,24.166666666666668,26.661555352105037,24.166666666666668,0.8863784418003025,0.0,2.4948886854383687,0.0,-0.3642395482251517,-1.1337766894000487,ejecutar la receta: horno frio,-0.3228540831978561,-0.0,28.333333333333332,29.78385674892328,28.333333333333332,0.22900435959356036,0.0,1.4505234155899487,0.0,0.0,0.832108218014683,ejecutar la receta,0.0,0.0
AP0227,2,220,18.333333333333332,19.691106596447174,18.333333333333332,0.47843600606947984,0.0,1.3577732631138417,0.0,-0.3642395482251517,-1.1337766894000487,ejecutar la receta: horno frio,-0.17426531470539328,-0.0,16.666666666666668,14.086944386315725,16.666666666666668,-0.44775492471638206,0.0,-2.5797222803509428,0.0,0.0,0.832108218014683,ejecutar la receta,-0.0,0.0
AP0227,3,220,16.666666666666668,18.163027370123217,16.666666666666668,0.6864059291303818,0.0,1.4963607034565491,0.0,-0.3642395482251517,-1.1337766894000487,ejecutar la receta: horno frio,-0.25001618552551574,-0.0,13.333333333333334,6.930045827229819,13.333333333333334,-1.5529037443005356,0.0,-6.403287506103515,0.0,0.0,0.832108218014683,ejecutar la receta,-0.0,0.0
AP0228,0,220,27.5,28.997882645218457,27.5,0.6015929912803364,0.0,1.497882645218457,0.0,-0.3642395482251517,-1.1337766894000487,ejecutar la receta: horno frio,-0.21912395935936738,-0.0,55.0,56.095017440326615,55.0,0.13998322361302423,0.0,1.0950174403266146,0.0,0.0,0.832108218014683,ejecutar la receta,0.0,0.0
AP0228,1,220,24.166666666666668,25.49108306206597,24.166666666666668,0.4705356786860172,0.0,1.3244163953993038,0.0,-0.3642395482251517,-1.1337766894000487,ejecutar la receta: horno frio,-0.17138770302841005,-0.0,28.333333333333332,31.339049275716143,28.333333333333332,0.47453356981871253,0.0,3.0057159423828104,0.0,0.0,0.832108218014683,ejecutar la receta,0.0,0.0
AP0228,2,220,18.333333333333332,19.596038665771484,18.333333333333332,0.44493709848791735,0.0,1.262705332438152,0.0,-0.3642395482251517,-1.1337766894000487,ejecutar la receta: horno frio,-0.16206368774184884,-0.0,16.666666666666668,14.219402398003472,16.666666666666668,-0.42476457125738076,0.0,-2.4472642686631954,0.0,0.0,0.832108218014683,ejecutar la receta,-0.0,0.0
AP0228,3,220,16.666666666666668,16.481022625204957,16.666666666666668,-0.08515805746080571,0.0,-0.18564404146171043,0.0,-0.3642395482251517,-1.1337766894000487,ejecutar la receta: horno frio,0.03101793237725538,-0.0,13.333333333333334,8.901024627685548,13.333333333333334,-1.07490859630082,0.0,-4.432308705647786,0.0,0.0,0.832108218014683,ejecutar la receta,-0.0,0.0
AP0229,0,220,27.5,30.02400438096788,27.5,1.013713157301244,0.0,2.524004380967881,0.0,-0.3642395482251517,-1.1337766894000487,ejecutar la receta: horno frio,-0.36923442244529725,-0.0,55.0,65.75578862672211,55.0,1.374982634084599,0.0,10.755788626722108,0.0,0.0,0.832108218014683,ejecutar la receta,0.0,0.0
AP0229,1,220,24.166666666666668,28.49092970106337,24.166666666666668,1.5363144467063559,0.0,4.324263034396701,0.0,-0.3642395482251517,-1.1337766894000487,ejecutar la receta: horno frio,-0.5595864800000969,-0.0,28.333333333333332,31.648490084134615,28.333333333333332,0.5233871721820805,0.0,3.3151567508012825,0.0,0.0,0.832108218014683,ejecutar la receta,0.0,0.0
AP0229,2,220,18.333333333333332,19.820704989963104,18.333333333333332,0.5241023477711751,0.0,1.4873716566297723,0.0,-0.3642395482251517,-1.1337766894000487,ejecutar la receta: horno frio,-0.1908988023759142,-0.0,16.666666666666668,9.774857318212117,16.666666666666668,-1.1961913883060042,0.0,-6.891809348454551,0.0,0.0,0.832108218014683,ejecutar la receta,-0.0,0.0
AP0229,3,220,16.666666666666668,16.502472635904944,16.666666666666668,-0.0753185752488162,0.0,-0.164194030761724,0.0,-0.3642395482251517,-1.1337766894000487,ejecutar la receta: horno frio,0.02743400382159091,-0.0,13.333333333333334,5.261824321746826,13.333333333333334,-1.957475211647255,0.0,-8.071509011586507,0.0,0.0,0.832108218014683,ejecutar la receta,-0.0,0.0
AP0230,0,220,27.5,29.139383793583626,27.5,0.6584239448843081,0.0,1.639383793583626,0.0,-0.3642395482251517,-1.1337766894000487,ejecutar la receta: horno frio,-0.23982404022528256,-0.0,55.0,59.125505476100464,55.0,0.527390281021893,0.0,4.125505476100464,0.0,0.0,0.832108218014683,ejecutar la receta,0.0,0.0
AP0230,1,220,24.166666666666668,26.69035306125217,24.166666666666668,0.8966096271474637,0.0,2.5236863945855035,0.0,-0.3642395482251517,-1.1337766894000487,ejecutar la receta: horno frio,-0.3265806855265139,-0.0,28.333333333333332,31.415983620668072,28.333333333333332,0.4866797373380429,0.0,3.08265028733474,0.0,0.0,0.832108218014683,ejecutar la receta,0.0,0.0
AP0230,2,220,18.333333333333332,23.191911621093748,18.333333333333332,1.7120080755170146,0.0,4.858578287760416,0.0,-0.3642395482251517,-1.1337766894000487,ejecutar la receta: horno frio,-0.6235810479841288,-0.0,16.666666666666668,11.173090423099577,16.666666666666668,-0.9535041179035219,0.0,-5.493576243567091,0.0,0.0,0.832108218014683,ejecutar la receta,-0.0,0.0
AP0230,3,220,16.666666666666668,21.29302815755208,16.666666666666668,2.1221901579671028,0.0,4.626361490885412,0.0,-0.3642395482251517,-1.1337766894000487,ejecutar la receta: horno frio,-0.7729855843858009,-0.0,13.333333333333334,6.412718616832386,13.333333333333334,-1.6783641989949367,0.0,-6.920614716500948,0.0,0.0,0.832108218014683,ejecutar la receta,-0.0,0.0
AP0231,0,230,27.5,28.33847400806568,27.5,0.33862685533031595,0.0,0.8384740080656812,0.0,-0.5574727013001219,-1.2142674110844986,ejecutar la receta: horno frio,-0.18877522777375683,-0.0,55.0,52.47852460410726,55.0,-0.3228630636797012,0.0,-2.521475395892743,0.0,0.0,0.9038012192416196,ejecutar la receta,-0.0,0.0
AP0231,1,230,24.166666666666668,26.85100625271268,24.166666666666668,0.9442873247669795,0.0,2.6843395860460113,0.0,-0.5574727013001219,-1.2142674110844986,ejecutar la receta: horno frio,-0.5264144057413137,-0.0,28.333333333333332,26.60646903296252,28.333333333333332,-0.275082533104013,0.0,-1.7268643003708135,0.0,0.0,0.9038012192416196,ejecutar la receta,-0.0,0.0
AP0231,2,230,18.333333333333332,23.3658586968316,18.333333333333332,1.740519243804114,0.0,5.032525363498269,0.0,-0.5574727013001219,-1.2142674110844986,ejecutar la receta: horno frio,-0.970291964508325,-0.0,16.666666666666668,26.274866836790057,16.666666666666668,1.6892046616870275,0.0,9.60820017012339,0.0,0.0,0.9038012192416196,ejecutar la receta,0.0,0.0
AP0231,3,230,16.666666666666668,17.97170687320727,16.666666666666668,0.5715682622790953,0.0,1.3050402065406033,0.0,-0.5574727013001219,-1.2142674110844986,ejecutar la receta: horno frio,-0.3186337031501439,-0.0,13.333333333333334,11.092871454026962,13.333333333333334,-0.5538409128329583,0.0,-2.2404618793063715,0.0,0.0,0.9038012192416196,ejecutar la receta,-0.0,0.0
AP0232,0,230,27.5,19.387603932767767,27.5,-3.276279458892521,0.0,-8.112396067232233,0.0,-0.5574727013001219,-1.2142674110844986,ejecutar la receta: horno frio,1.8264363601629157,-0.0,55.0,49.394533367526115,55.0,-0.7177536347421254,0.0,-5.605466632473885,0.0,0.0,0.9038012192416196,ejecutar la receta,-0.0,0.0
AP0232,1,230,24.166666666666668,23.598899909125436,24.166666666666668,-0.19972694787098474,0.0,-0.5677667575412322,0.0,-0.5574727013001219,-1.2142674110844986,ejecutar la receta: horno frio,0.11134232115206649,-0.0,20.0,29.885934604742587,20.0,1.5747895955630427,0.0,9.885934604742587,0.0,0.0,0.9038012192416196,ejecutar la receta,0.0,0.0
AP0232,2,230,18.333333333333332,7.19521034620541,18.333333333333332,-3.852164867277926,0.0,-11.138122987127922,0.0,-0.5574727013001219,-1.2142674110844986,ejecutar la receta: horno frio,2.147476754414851,-0.0,16.666666666666668,13.264012388199095,16.666666666666668,-0.5982160412487451,0.0,-3.4026542784675726,0.0,0.0,0.9038012192416196,ejecutar la receta,-0.0,0.0
AP0232,3,230,16.666666666666668,14.913208318639684,16.666666666666668,-0.7679618880227767,0.0,-1.7534583480269834,0.0,-0.5574727013001219,-1.2142674110844986,ejecutar la receta: horno frio,0.428117788211599,-0.0,13.333333333333334,14.432268851143972,13.333333333333334,0.271656240148675,0.0,1.098935517810638,0.0,0.0,0.9038012192416196,ejecutar la receta,0.0,0.0
AP0233,0,230,27.5,28.698952885380493,27.5,0.48421017391132,0.0,1.1989528853804927,0.0,-0.5574727013001219,-1.2142674110844986,ejecutar la receta: horno frio,-0.2699339536473454,-0.0,55.0,63.77900764711442,55.0,1.124110633651987,0.0,8.779007647114419,0.0,0.0,0.9038012192416196,ejecutar la receta,0.0,0.0
AP0233,1,230,24.166666666666668,28.856253865559896,24.166666666666668,1.6496861177043551,0.0,4.6895871988932285,0.0,-0.5574727013001219,-1.2142674110844986,ejecutar la receta: horno frio,-0.9196549763339577,-0.0,20.0,27.154739301632617,20.0,1.1397211757573036,0.0,7.154739301632617,0.0,0.0,0.9038012192416196,ejecutar la receta,0.0,0.0
AP0233,2,230,18.333333333333332,19.358587476942272,18.333333333333332,0.3545882907385531,0.0,1.0252541436089402,0.0,-0.5574727013001219,-1.2142674110844986,ejecutar la receta: horno frio,-0.1976732922874142,-0.0,16.666666666666668,9.39689696781219,16.666666666666668,-1.2780883669431693,0.0,-7.269769698854478,0.0,0.0,0.9038012192416196,ejecutar la receta,-0.0,0.0
AP0233,3,230,16.666666666666668,16.74519114176432,16.666666666666668,0.03439135250623137,0.0,0.0785244750976517,0.0,-0.5574727013001219,-1.2142674110844986,ejecutar la receta: horno frio,-0.01917224018301352,-0.0,13.333333333333334,8.047196498061671,13.333333333333334,-1.3067300440359058,0.0,-5.2861368352716624,0.0,0.0,0.9038012192416196,ejecutar la receta,-0.0,0.0
AP0234,0,230,27.5,29.544626950864437,27.5,0.825744850805919,0.0,2.044626950864437,0.0,-0.5574727013001219,-1.2142674110844986,ejecutar la receta: horno frio,-0.4603302125634418,-0.0,55.0,58.62495405955981,55.0,0.4641583159106245,0.0,3.624954059559812,0.0,0.0,0.9038012192416196,ejecutar la receta,0.0,0.0
AP0234,1,230,24.166666666666668,24.02160875786675,24.166666666666668,-0.051027949425254994,0.0,-0.14505790879991665,0.0,-0.5574727013001219,-1.2142674110844986,ejecutar la receta: horno frio,0.02844668880790291,-0.0,20.0,28.512634746844952,20.0,1.3560284551881199,0.0,8.512634746844952,0.0,0.0,0.9038012192416196,ejecutar la receta,0.0,0.0
AP0234,2,230,18.333333333333332,17.84035432603624,18.333333333333332,-0.1704987828209543,0.0,-0.492979007297091,0.0,-0.5574727013001219,-1.2142674110844986,ejecutar la receta: horno frio,0.09504841702758023,-0.0,16.666666666666668,12.181954859173487,16.666666666666668,-0.7884511102398327,0.0,-4.484711807493181,0.0,0.0,0.9038012192416196,ejecutar la receta,-0.0,0.0
AP0234,3,230,16.666666666666668,16.93508194432114,16.666666666666668,0.11755779864040125,0.0,0.2684152776544728,0.0,-0.5574727013001219,-1.2142674110844986,ejecutar la receta: horno frio,-0.0655352635669603,-0.0,13.333333333333334,6.324329906039767,13.333333333333334,-1.7326216938015468,0.0,-7.009003427293567,0.0,0.0,0.9038012192416196,ejecutar la receta,-0.0,0.0
AP0235,0,230,28.333333333333332,29.30805736400463,28.333333333333332,0.39365291010339354,0.0,0.9747240306712968,0.0,-0.5574727013001219,-1.2142674110844986,ejecutar la receta: horno frio,-0.21945075116999288,-0.0,55.0,60.10307433425739,55.0,0.6534246641578879,0.0,5.103074334257393,0.0,0.0,0.9038012192416196,ejecutar la receta,0.0,0.0
AP0235,1,230,24.166666666666668,14.994350044955516,24.166666666666668,-3.226604550950009,0.0,-9.172316621711152,0.0,-0.5574727013001219,-1.2142674110844986,ejecutar la receta: horno frio,1.7987439550453683,-0.0,20.0,23.372263204134427,20.0,0.537187956394464,0.0,3.372263204134427,0.0,0.0,0.9038012192416196,ejecutar la receta,0.0,0.0
AP0235,2,230,18.333333333333332,21.667953186035156,18.333333333333332,1.1532917581490814,0.0,3.334619852701824,0.0,-0.5574727013001219,-1.2142674110844986,ejecutar la receta: horno frio,-0.6429286718025353,-0.0,16.666666666666668,21.379282536582338,16.666666666666668,0.8285186148551676,0.0,4.71261586991567,0.0,0.0,0.9038012192416196,ejecutar la receta,0.0,0.0
AP0235,3,230,16.666666666666668,15.639987568940217,16.666666666666668,-0.44965448946688785,0.0,-1.0266790977264506,0.0,-0.5574727013001219,-1.2142674110844986,ejecutar la receta: horno frio,0.2506701028948332,-0.0,13.333333333333334,5.9344199636708135,13.333333333333334,-1.8290072116266138,0.0,-7.3989133696625204,0.0,0.0,0.9038012192416196,ejecutar la receta,-0.0,0.0
AP0236,0,230,28.333333333333332,29.30685778582538,26.830009472556824,0.3931684473977464,-0.607133705542249,0.9735244524920468,-1.5033238607765078,-0.5574727013001219,-1.2142674110844986,recomendar,-0.2191806764367966,0.3384604668789904,55.0,62.95396141134282,55.0,1.0184673440951948,0.0,7.953961411342817,0.0,0.0,0.9038012192416196,ejecutar la receta,0.0,0.0
AP0236,1,230,24.166666666666668,27.509167494032116,24.166666666666668,1.1758129190180018,0.0,3.3425008273654484,0.0,-0.5574727013001219,-1.2142674110844986,ejecutar la receta: horno frio,-0.655483604188547,-0.0,20.0,27.198396262144435,20.0,1.146675553864856,0.0,7.198396262144435,0.0,0.0,0.9038012192416196,ejecutar la receta,0.0,0.0
AP0236,2,230,18.333333333333332,18.538884218004014,18.333333333333332,0.07109060451939546,0.0,0.20555088467068217,0.0,-0.5574727013001219,-1.2142674110844986,ejecutar la receta: horno frio,-0.03963107133848605,-0.0,16.666666666666668,6.220215885222904,16.666666666666668,-1.8365763666091777,0.0,-10.446450781443763,0.0,0.0,0.9038012192416196,ejecutar la receta,-0.0,0.0
AP0236,3,230,16.666666666666668,16.737263047960067,16.666666666666668,0.03091908645942927,0.0,0.07059638129339874,0.0,-0.5574727013001219,-1.2142674110844986,ejecutar la receta: horno frio,-0.01723654665027006,-0.0,13.333333333333334,3.32447817253344,13.333333333333334,-2.4741833502592074,0.0,-10.008855160799893,0.0,0.0,0.9038012192416196,ejecutar la receta,-0.0,0.0
AP0237,0,230,28.333333333333332,29.2515514006438,28.333333333333332,0.3708323617068736,0.0,0.9182180673104696,0.0,-0.5574727013001219,-1.2142674110844986,ejecutar la receta: horno frio,-0.20672891841023472,-0.0,55.0,60.837734690020156,55.0,0.7474944669455549,0.0,5.837734690020156,0.0,0.0,0.9038012192416196,ejecutar la receta,0.0,0.0
AP0237,1,230,24.166666666666668,23.361384765624997,24.166666666666668,-0.2832791707765966,0.0,-0.8052819010416705,0.0,-0.5574727013001219,-1.2142674110844986,ejecutar la receta: horno frio,0.15792040455488784,-0.0,20.0,28.818462900015025,20.0,1.4047456491508883,0.0,8.818462900015025,0.0,0.0,0.9038012192416196,ejecutar la receta,0.0,0.0
AP0237,2,230,18.333333333333332,17.50461599561903,18.333333333333332,-0.2866152418083787,0.0,-0.828717337714302,0.0,-0.5574727013001219,-1.2142674110844986,ejecutar la receta: horno frio,0.15978017308470452,-0.0,16.666666666666668,11.15655774313306,16.666666666666668,-0.9687247887464369,0.0,-5.510108923533608,0.0,0.0,0.9038012192416196,ejecutar la receta,-0.0,0.0
AP0237,3,230,16.666666666666668,16.146854688856337,16.666666666666668,-0.22766197346247571,0.0,-0.5198119778103312,0.0,-0.5574727013001219,-1.2142674110844986,ejecutar la receta: horno frio,0.12691533532944302,-0.0,13.333333333333334,7.128894921505089,13.333333333333334,-1.5337336757930764,0.0,-6.204438411828245,0.0,0.0,0.9038012192416196,ejecutar la receta,-0.0,0.0
AP0238,0,230,28.333333333333332,29.213201147008824,28.333333333333332,0.35534419431634057,0.0,0.8798678136754923,0.0,-0.5574727013001219,-1.2142674110844986,ejecutar la receta: horno frio,-0.1980946878968458,-0.0,55.0,62.08463738554267,55.0,0.907154491803478,0.0,7.0846373855426705,0.0,0.0,0.9038012192416196,ejecutar la receta,0.0,0.0
AP0238,1,230,24.166666666666668,23.347159830729165,24.166666666666668,-0.28828316721117425,0.0,-0.8195068359375028,0.0,-0.5574727013001219,-1.2142674110844986,ejecutar la receta: horno frio,0.16070999596456806,-0.0,20.0,28.14417286408253,20.0,1.2973339601772518,0.0,8.144172864082531,0.0,0.0,0.9038012192416196,ejecutar la receta,0.0,0.0
AP0238,2,230,18.333333333333332,19.508465728759763,18.333333333333332,0.4064242900974763,0.0,1.1751323954264308,0.0,-0.5574727013001219,-1.2142674110844986,ejecutar la receta: horno frio,-0.22657044687462455,-0.0,16.666666666666668,8.818139503115699,16.666666666666668,-1.3798389331305223,0.0,-7.848527163550969,0.0,0.0,0.9038012192416196,ejecutar la receta,-0.0,0.0
AP0238,3,230,16.666666666666668,15.760015853727706,16.666666666666668,-0.3970857196952792,0.0,-0.9066508129389614,0.0,-0.5574727013001219,-1.2142674110844986,ejecutar la receta: horno frio,0.22136444880623035,-0.0,13.333333333333334,5.040644942389594,13.333333333333334,-2.049947892753908,0.0,-8.29268839094374,0.0,0.0,0.9038012192416196,ejecutar la receta,-0.0,0.0
AP0239,0,230,28.333333333333332,29.56301455932844,28.333333333333332,0.49662014876057137,0.0,1.2296812259951082,0.0,-0.5574727013001219,-1.2142674110844986,ejecutar la receta: horno frio,-0.2768521758496241,-0.0,55.0,61.52042209063093,55.0,0.8349093773015162,0.0,6.52042209063093,0.0,0.0,0.9038012192416196,ejecutar la receta,0.0,0.0
AP0239,1,230,24.166666666666668,25.351347138865894,24.166666666666668,0.4167426355487625,0.0,1.1846804721992257,0.0,-0.5574727013001219,-1.2142674110844986,ejecutar la receta: horno frio,-0.23232264278630088,-0.0,21.666666666666668,30.54422529171675,21.666666666666668,1.4141593603120786,0.0,8.877558625050082,0.0,0.0,0.9038012192416196,ejecutar la receta,0.0,0.0
AP0239,2,230,18.333333333333332,18.570741110907658,18.333333333333332,0.0821084397296795,0.0,0.23740777757432596,0.0,-0.5574727013001219,-1.2142674110844986,ejecutar la receta: horno frio,-0.04577321369564269,-0.0,16.666666666666668,6.782543654668899,16.666666666666668,-1.7377142828967769,0.0,-9.884123011997769,0.0,0.0,0.9038012192416196,ejecutar la receta,-0.0,0.0
AP0239,3,230,16.666666666666668,16.988377873584476,16.666666666666668,0.14089980873551033,0.0,0.32171120691780786,0.0,-0.5574727013001219,-1.2142674110844986,ejecutar la receta: horno frio,-0.07854779698845546,-0.0,13.333333333333334,4.845972781711154,13.333333333333334,-2.0980707410688684,0.0,-8.48736055162218,0.0,0.0,0.9038012192416196,ejecutar la receta,-0.0,0.0
AP0240,0,230,28.333333333333332,29.09783558033131,28.333333333333332,0.30875255440667937,0.0,0.7645022469979779,0.0,-0.5574727013001219,-1.2142674110844986,ejecutar la receta: horno frio,-0.1721211205384044,-0.0,55.0,59.348670221144154,55.0,0.5568267661141234,0.0,4.348670221144154,0.0,0.0,0.9038012192416196,ejecutar la receta,0.0,0.0
AP0240,1,230,24.166666666666668,25.284981268988716,24.166666666666668,0.3933966885426823,0.0,1.118314602322048,0.0,-0.5574727013001219,-1.2142674110844986,ejecutar la receta: horno frio,-0.21930791464441182,-0.0,21.666666666666668,31.81086840507312,21.666666666666668,1.615930510532744,0.0,10.144201738406451,0.0,0.0,0.9038012192416196,ejecutar la receta,0.0,0.0
AP0240,2,230,18.333333333333332,19.533440394931368,18.333333333333332,0.4150618793671797,0.0,1.200107061598036,0.0,-0.5574727013001219,-1.2142674110844986,ejecutar la receta: horno frio,-0.23138566709752703,-0.0,16.666666666666668,11.559182933020212,16.666666666666668,-0.8979397992970272,0.0,-5.107483733646456,0.0,0.0,0.9038012192416196,ejecutar la receta,-0.0,0.0
AP0240,3,230,16.666666666666668,21.532266701592338,16.666666666666668,2.1309861128949406,0.0,4.86560003492567,0.0,-0.5574727013001219,-1.2142674110844986,ejecutar la receta: horno frio,-1.1879665847885892,-0.0,13.333333333333334,5.634396284054486,13.333333333333334,-1.9031728959995402,0.0,-7.698937049278848,0.0,0.0,0.9038012192416196,ejecutar la receta,-0.0,0.0
AP0241,0,240,28.333333333333332,29.4866564602322,28.333333333333332,0.4632365402677398,0.0,1.1533231268988686,0.0,-0.9163983812183084,-1.6660594900423011,ejecutar la receta: horno frio,-0.42450921562252647,-0.0,55.0,59.303569965977815,55.0,0.5587773878459575,0.0,4.303569965977815,0.0,0.0,0.861448688170256,ejecutar la receta,0.0,0.0
AP0241,1,240,24.166666666666668,25.660526726616755,24.166666666666668,0.5190337446245751,0.0,1.4938600599500873,0.0,-0.9163983812183084,-1.6660594900423011,ejecutar la receta: horno frio,-0.4756416833716374,-0.0,21.666666666666668,30.683337715344557,21.666666666666668,1.4575731813898296,0.0,9.016671048677889,0.0,0.0,0.861448688170256,ejecutar la receta,0.0,0.0
AP0241,2,240,18.333333333333332,21.693438703748914,18.333333333333332,1.1366286586027763,0.0,3.3601053704155817,0.0,-0.9163983812183084,-1.6660594900423011,ejecutar la receta: horno frio,-1.0416046627899216,-0.0,16.666666666666668,10.629603988405256,16.666666666666668,-1.0583724498519633,0.0,-6.037062678261412,0.0,0.0,0.861448688170256,ejecutar la receta,-0.0,0.0
AP0241,3,240,16.666666666666668,16.689390869140624,16.666666666666668,0.010042585399609822,0.0,0.022724202473956012,0.0,-0.9163983812183084,-1.6660594900423011,ejecutar la receta: horno frio,-0.00920300900344906,-0.0,13.333333333333334,6.762711403586647,13.333333333333334,-1.6380113180773992,0.0,-6.570621929746687,0.0,0.0,0.861448688170256,ejecutar la receta,-0.0,0.0
AP0242,0,240,28.333333333333332,29.28094125253183,28.333333333333332,0.3806102589827934,0.0,0.9476079191984965,0.0,-0.9163983812183084,-1.6660594900423011,ejecutar la receta: horno frio,-0.34879062520691295,-0.0,55.0,59.32147453061996,55.0,0.5611021242718433,0.0,4.321474530619959,0.0,0.0,0.861448688170256,ejecutar la receta,0.0,0.0
AP0242,1,240,24.166666666666668,24.35014674380855,24.166666666666668,0.06374917842447675,0.0,0.1834800771418834,0.0,-0.9163983812183084,-1.6660594900423011,ejecutar la receta: horno frio,-0.0584196439121876,-0.0,21.666666666666668,30.852318631685698,21.666666666666668,1.4848894770044556,0.0,9.18565196501903,0.0,0.0,0.861448688170256,ejecutar la receta,0.0,0.0
AP0242,2,240,18.333333333333332,20.45556020100911,18.333333333333332,0.7178893552254134,0.0,2.122226867675778,0.0,-0.9163983812183084,-1.6660594900423011,ejecutar la receta: horno frio,-0.657872643022424,-0.0,16.666666666666668,11.51491457015749,16.666666666666668,-0.9031664532896054,0.0,-5.151752096509178,0.0,0.0,0.861448688170256,ejecutar la receta,-0.0,0.0
AP0242,3,240,16.666666666666668,20.079955006609055,16.666666666666668,1.5084463222262616,0.0,3.413288339942387,0.0,-0.9163983812183084,-1.6660594900423011,ejecutar la receta: horno frio,-1.382337767842857,-0.0,13.333333333333334,5.623548380533854,13.333333333333334,-1.9219969049589258,0.0,-7.70978495279948,0.0,0.0,0.861448688170256,ejecutar la receta,-0.0,0.0
AP0243,0,240,28.333333333333332,30.05228894338483,28.333333333333332,0.69042493911934,0.0,1.7189556100514984,0.0,-0.9163983812183084,-1.6660594900423011,ejecutar la receta: horno frio,-0.6327042965617122,-0.0,55.0,62.70233666204637,55.0,1.00007472734338,0.0,7.7023366620463705,0.0,0.0,0.861448688170256,ejecutar la receta,0.0,0.0
AP0243,1,240,24.166666666666668,25.127073562622073,24.166666666666668,0.33368827571951665,0.0,0.9604068959554048,0.0,-0.9163983812183084,-1.6660594900423011,ejecutar la receta: horno frio,-0.3057913957008936,-0.0,21.666666666666668,27.71104035988832,21.666666666666668,0.9770919828366035,0.0,6.044373693221651,0.0,0.0,0.861448688170256,ejecutar la receta,0.0,0.0
AP0243,2,240,18.333333333333332,21.30926330566406,18.333333333333332,1.006672981843935,0.0,2.9759299723307286,0.0,-0.9163983812183084,-1.6660594900423011,ejecutar la receta: horno frio,-0.9225134909779896,-0.0,16.666666666666668,7.5010994339401,16.666666666666668,-1.6068383522526763,0.0,-9.165567232726568,0.0,0.0,0.861448688170256,ejecutar la receta,-0.0,0.0
AP0243,3,240,16.666666666666668,16.216211593062788,16.666666666666668,-0.19907116874790662,0.0,-0.45045507360388015,0.0,-0.9163983812183084,-1.6660594900423011,ejecutar la receta: horno frio,0.18242849678781833,-0.0,13.333333333333334,4.942409531275431,13.333333333333334,-2.091800183278201,0.0,-8.390923802057902,0.0,0.0,0.861448688170256,ejecutar la receta,-0.0,0.0
AP0244,0,240,28.333333333333332,29.137605387369792,28.333333333333332,0.32303887354419425,0.0,0.8042720540364598,0.0,-0.9163983812183084,-1.6660594900423011,ejecutar la receta: horno frio,-0.29603230078648546,-0.0,55.0,55.611917606476815,55.0,0.07945164698777625,0.0,0.6119176064768155,0.0,0.0,0.861448688170256,ejecutar la receta,0.0,0.0
AP0244,1,240,24.166666666666668,27.27067286512587,24.166666666666668,1.0784704697024976,0.0,3.104006198459203,0.0,-0.9163983812183084,-1.6660594900423011,ejecutar la receta: horno frio,-0.9883085926271176,-0.0,21.666666666666668,28.66564816205929,21.666666666666668,1.1314073308933477,0.0,6.9989814953926235,0.0,0.0,0.861448688170256,ejecutar la receta,0.0,0.0
AP0244,2,240,18.333333333333332,19.621814236111106,18.333333333333332,0.43585666481002694,0.0,1.2884809027777742,0.0,-0.9163983812183084,-1.6660594900423011,ejecutar la receta: horno frio,-0.3994183420751195,-0.0,16.666666666666668,16.085656011672246,16.666666666666668,-0.1018584207400726,0.0,-0.5810106549944223,0.0,0.0,0.861448688170256,ejecutar la receta,-0.0,0.0
AP0244,3,240,16.666666666666668,16.594700113932294,16.666666666666668,-0.03180442757358744,0.0,-0.07196655273437358,0.0,-0.9163983812183084,-1.6660594900423011,ejecutar la receta: horno frio,0.029145525944010455,-0.0,13.333333333333334,5.0155125257704,13.333333333333334,-2.0735761043936742,0.0,-8.317820807562935,0.0,0.0,0.861448688170256,ejecutar la receta,-0.0,0.0
AP0245,0,240,28.333333333333332,29.529573646827977,28.333333333333332,0.48047438851076363,0.0,1.1962403134946449,0.0,-0.9163983812183084,-1.6660594900423011,ejecutar la receta: horno frio,-0.44030595184812044,-0.0,55.0,61.65632432506929,55.0,0.8642600325826559,0.0,6.656324325069292,0.0,0.0,0.861448688170256,ejecutar la receta,0.0,0.0
AP0245,1,240,24.166666666666668,26.782146979437936,24.166666666666668,0.9087347450569657,0.0,2.6154803127712682,0.0,-0.9163983812183084,-1.6660594900423011,ejecutar la receta: horno frio,-0.8327630493270356,-0.0,21.666666666666668,29.526690752078323,21.666666666666668,1.2705975686729776,0.0,7.860024085411656,0.0,0.0,0.861448688170256,ejecutar la receta,0.0,0.0
AP0245,2,240,18.333333333333332,18.872900865342878,18.333333333333332,0.18252044282104413,0.0,0.5395675320095457,0.0,-0.9163983812183084,-1.6660594900423011,ejecutar la receta: horno frio,-0.16726143834045365,-0.0,16.666666666666668,6.986532011486235,16.666666666666668,-1.697048444898815,0.0,-9.680134655180433,0.0,0.0,0.861448688170256,ejecutar la receta,-0.0,0.0
AP0245,3,240,16.666666666666668,16.839642859564886,16.666666666666668,0.07644396723144178,0.0,0.17297619289821853,0.0,-0.9163983812183084,-1.6660594900423011,ejecutar la receta: horno frio,-0.07005312782479867,-0.0,13.333333333333334,4.955385658957741,13.333333333333334,-2.0885653229810024,0.0,-8.377947674375593,0.0,0.0,0.861448688170256,ejecutar la receta,-0.0,0.0
AP0246,0,240,28.333333333333332,29.264597247088396,28.333333333333332,0.37404562817018616,0.0,0.931263913755064,0.0,-0.9163983812183084,-1.6660594900423011,ejecutar la receta: horno frio,-0.34277480815694394,-0.0,55.0,62.75599470241095,55.0,1.0070417105384684,0.0,7.755994702410952,0.0,0.0,0.861448688170256,ejecutar la receta,0.0,0.0
AP0246,1,240,24.166666666666668,28.265525553385416,24.166666666666668,1.4241267530322959,0.0,4.098858886718748,0.0,-0.9163983812183084,-1.6660594900423011,ejecutar la receta: horno frio,-1.3050674511284817,-0.0,21.666666666666668,27.901104188576724,21.666666666666668,1.0078163974185363,0.0,6.234437521910056,0.0,0.0,0.861448688170256,ejecutar la receta,0.0,0.0
AP0246,2,240,18.333333333333332,16.653945261637368,18.333333333333332,-0.5680895093385715,0.0,-1.6793880716959642,0.0,-0.9163983812183084,-1.6660594900423011,ejecutar la receta: horno frio,0.52059630674497,-0.0,16.666666666666668,6.524488903227306,16.666666666666668,-1.7780503695907823,0.0,-10.142177763439362,0.0,0.0,0.861448688170256,ejecutar la receta,-0.0,0.0
AP0246,3,240,16.666666666666668,17.379144547073928,16.666666666666668,0.3148678140640277,0.0,0.7124778804072598,0.0,-0.9163983812183084,-1.6660594900423011,ejecutar la receta: horno frio,-0.28854435510602233,-0.0,13.333333333333334,4.150439151128133,13.333333333333334,-2.2892330077708665,0.0,-9.182894182205201,0.0,0.0,0.861448688170256,ejecutar la receta,-0.0,0.0
AP0247,0,240,28.333333333333332,29.161100588198057,28.333333333333332,0.33247580868469234,0.0,0.8277672548647246,0.0,-0.9163983812183084,-1.6660594900423011,ejecutar la receta: horno frio,-0.3046802928729001,-0.0,55.0,55.505656843287966,55.0,0.0656547034839909,0.0,0.5056568432879658,0.0,0.0,0.861448688170256,ejecutar la receta,0.0,0.0
AP0247,1,240,24.166666666666668,27.748549682617192,21.769077150136066,1.2445062321554292,-0.8330297450211509,3.581883015950524,-2.3975895165306014,-0.9163983812183084,-1.6660594900423011,recomendar,-1.1404634965633318,0.763387109844083,21.666666666666668,27.471941825671074,21.666666666666668,0.9384409541694575,0.0,5.805275159004406,0.0,0.0,0.861448688170256,ejecutar la receta,0.0,0.0
AP0247,2,240,18.333333333333332,19.11118807474772,18.333333333333332,0.2631262695229983,0.0,0.7778547414143873,0.0,-0.9163983812183084,-1.6660594900423011,ejecutar la receta: horno frio,-0.24112848744688797,-0.0,16.666666666666668,15.280813453311008,16.666666666666668,-0.24295736829700224,0.0,-1.3858532133556594,0.0,0.0,0.861448688170256,ejecutar la receta,-0.0,0.0
AP0247,3,240,16.666666666666668,14.349567283347797,16.666666666666668,-1.0240037450393322,0.0,-2.3170993833188707,0.0,-0.9163983812183084,-1.6660594900423011,ejecutar la receta: horno frio,0.9383953743155294,-0.0,13.333333333333334,5.782706705729166,13.333333333333334,-1.8823198179459137,0.0,-7.550626627604168,0.0,0.0,0.861448688170256,ejecutar la receta,-0.0,0.0
AP0248,0,240,28.333333333333332,30.29139423511646,26.259333579833168,0.7864624723293898,-0.8330297450211511,1.9580609017831279,-2.073999753500164,-0.9163983812183084,-1.6660594900423011,recomendar,-0.7207129365316015,0.7633871098440831,55.0,58.96316613640272,55.0,0.5145792072176767,0.0,3.9631661364027195,0.0,0.0,0.861448688170256,ejecutar la receta,0.0,0.0
AP0248,1,240,24.166666666666668,25.28077350538604,21.769077150136066,0.3870905046030109,-0.8330297450211509,1.1141068387193727,-2.3975895165306014,-0.9163983812183084,-1.6660594900423011,recomendar,-0.3547291118031774,0.763387109844083,21.666666666666668,30.60007097293169,21.666666666666668,1.4441128510764056,0.0,8.933404306265022,0.0,0.0,0.861448688170256,ejecutar la receta,0.0,0.0
AP0248,2,240,18.333333333333332,23.07745225836917,15.870728067509486,1.6048013188790575,-0.8330297450211509,4.744118925035838,-2.4626052658238464,-0.9163983812183084,-1.6660594900423011,recomendar,-1.4706373307977747,0.7633871098440829,16.666666666666668,12.144307042681982,16.666666666666668,-0.7928260959726648,0.0,-4.522359623984686,0.0,0.0,0.861448688170256,ejecutar la receta,-0.0,0.0
AP0248,3,240,16.666666666666668,19.921008542749714,16.666666666666668,1.4382025616761234,0.0,3.2543418760830463,0.0,-0.9163983812183084,-1.6660594900423011,ejecutar la receta: horno frio,-1.3179664993840239,-0.0,13.333333333333334,8.534606317016516,13.333333333333334,-1.1962899781990306,0.0,-4.798727016316818,0.0,0.0,0.861448688170256,ejecutar la receta,-0.0,0.0
AP0249,0,240,28.333333333333332,29.241740033185042,26.259333579833168,0.36486494286023335,-0.8330297450211511,0.9084066998517102,-2.073999753500164,-0.9163983812183084,-1.6660594900423011,recomendar,-0.3343616430004284,0.7633871098440831,55.0,58.53061707199829,55.0,0.4584168493998918,0.0,3.530617071998293,0.0,0.0,0.861448688170256,ejecutar la receta,0.0,0.0
AP0249,1,240,24.166666666666668,23.416766442192923,21.769077150136066,-0.2605488506175216,-0.8330297450211509,-0.7499002244737447,-2.3975895165306014,-0.9163983812183084,-1.6660594900423011,recomendar,0.2387665449341876,0.763387109844083,21.666666666666668,28.00747578938802,21.666666666666668,1.0250117006260084,0.0,6.340809122721353,0.0,0.0,0.861448688170256,ejecutar la receta,0.0,0.0
AP0249,2,240,18.333333333333332,19.325261891682942,15.870728067509486,0.33554139005088934,-0.8330297450211509,0.9919285583496098,-2.4626052658238464,-0.9163983812183084,-1.6660594900423011,recomendar,-0.307489586674376,0.7633871098440829,16.666666666666668,14.725100950210813,16.666666666666668,-0.3403807072060659,0.0,-1.9415657164558553,0.0,0.0,0.861448688170256,ejecutar la receta,-0.0,0.0
AP0249,3,240,16.666666666666668,13.985876713505496,16.666666666666668,-1.1847307765318584,0.0,-2.680789953161172,0.0,-0.9163983812183084,-1.6660594900423011,ejecutar la receta: horno frio,1.0856853657933045,-0.0,13.333333333333334,4.752057647705077,13.333333333333334,-2.1392536120463377,0.0,-8.581275685628256,0.0,0.0,0.861448688170256,ejecutar la receta,-0.0,0.0
AP0250,0,240,28.333333333333332,29.095483014142072,28.333333333333332,0.3061202650581733,0.0,0.76214968080874,0.0,-0.9163983812183084,-1.6660594900423011,ejecutar la receta: horno frio,-0.2805281153574295,-0.0,55.0,60.60652931787634,55.0,0.7279541942831905,0.0,5.606529317876337,0.0,0.0,0.861448688170256,ejecutar la receta,0.0,0.0
AP0250,1,240,24.166666666666668,25.370400512695316,24.166666666666668,0.41823093232472236,0.0,1.2037338460286477,0.0,-0.9163983812183084,-1.6660594900423011,ejecutar la receta: horno frio,-0.3832661493577995,-0.0,21.666666666666668,28.32740509815705,21.666666666666668,1.0767292777545097,0.0,6.660738431490383,0.0,0.0,0.861448688170256,ejecutar la receta,0.0,0.0
AP0250,2,240,18.333333333333332,17.037167684766978,18.333333333333332,-0.4384561970670458,0.0,-1.2961656485663546,0.0,-0.9163983812183084,-1.6660594900423011,ejecutar la receta: horno frio,0.4018005492273764,-0.0,16.666666666666668,14.211990211123512,16.666666666666668,-0.43033542507385725,0.0,-2.454676455543156,0.0,0.0,0.861448688170256,ejecutar la receta,-0.0,0.0
AP0250,3,240,16.666666666666668,9.767635928966378,16.666666666666668,-3.0489125168328415,0.0,-6.89903073770029,0.0,-0.9163983812183084,-1.6660594900423011,ejecutar la receta: horno frio,2.7940184949018545,-0.0,13.333333333333334,5.047497431437174,13.333333333333334,-2.065602485145757,0.0,-8.28583590189616,0.0,0.0,0.861448688170256,ejecutar la receta,-0.0,0.0
AP0251,0,250,28.333333333333332,28.469342334888598,26.3627162166681,0.05557895532026227,-0.8052764113261778,0.13600900155526574,-1.970617116665231,-0.7971687946122642,-1.610552822652355,recomendar,-0.044305808818462356,0.641941226146579,55.0,59.12116554834508,59.06019485185921,0.5445616175634962,0.5365050858098388,4.121165548345083,4.060194851859208,0.385316126954993,1.0730101716196783,recomendar,0.20982837336791244,0.20672406175590327
AP0251,1,250,26.666666666666668,28.063565606011288,26.666666666666668,0.48866354809024465,0.0,1.39689893934462,0.0,-0.7971687946122642,-1.610552822652355,ejecutar la receta: horno frio,-0.3895473316020525,-0.0,23.333333333333332,28.26583447578626,26.58889305890729,0.8128592843500337,0.5365050858098392,4.932501142452928,3.2555597255739563,0.385316126954993,1.0730101716196783,recomendar,0.3132077912051624,0.20672406175590347
AP0251,2,250,18.333333333333332,19.95981952243381,18.333333333333332,0.556496097572557,0.0,1.6264861891004792,0.0,-0.7971687946122642,-1.610552822652355,ejecutar la receta: horno frio,-0.4436213233083442,-0.0,16.666666666666668,15.761013454861109,19.415147077772346,-0.1607879510986734,0.48795999194380485,-0.9056532118055589,2.748480411105678,0.385316126954993,1.0730101716196783,recomendar,-0.06195419057836964,0.18801885420477646
AP0251,3,250,16.666666666666668,16.29746292873167,16.666666666666668,-0.1609816212170761,0.0,-0.36920373793499905,0.0,-0.7971687946122642,-1.610552822652355,ejecutar la receta: horno frio,0.12832952494034464,-0.0,13.333333333333334,6.071317733355111,14.38977455956595,-1.8385039165579566,0.26745623240574967,-7.2620155999782225,1.0564412262326162,0.385316126954993,1.0730101716196783,recomendar,-0.7084052085196976,0.10305519960055796
AP0252,0,250,28.333333333333332,27.60914774576823,26.3627162166681,-0.2959324600181245,-0.8052764113261778,-0.7241855875651027,-1.970617116665231,-0.7971687946122642,-1.610552822652355,recomendar,0.23590812243929044,0.641941226146579,55.0,60.58030126428091,59.06019485185921,0.7373685544344901,0.5365050858098388,5.580301264280912,4.060194851859208,0.385316126954993,1.0730101716196783,recomendar,0.28411999553309963,0.20672406175590327
AP0252,1,250,26.666666666666668,24.850759290907117,24.364694749062046,-0.6352411876396953,-0.805276411326177,-1.8159073757595507,-2.3019719176046216,-0.7971687946122642,-1.610552822652355,recomendar,0.506394451838799,0.6419412261465784,23.333333333333332,28.126158181214947,26.58889305890729,0.7898411096822748,0.5365050858098392,4.792824847881615,3.2555597255739563,0.385316126954993,1.0730101716196783,recomendar,0.30433851729260797,0.20672406175590347
AP0252,2,250,18.333333333333332,14.626452543470595,15.979730195515003,-1.2682952413301147,-0.8052764113261779,-3.706880789862737,-2.353603137818329,-0.7971687946122642,-1.610552822652355,recomendar,1.0110453887435982,0.6419412261465791,16.666666666666668,6.23469727531312,19.415147077772346,-1.85207203209249,0.48795999194380485,-10.431969391353547,2.748480411105678,0.385316126954993,1.0730101716196783,recomendar,-0.7136332222475419,0.18801885420477646
AP0252,3,250,16.666666666666668,9.99114731818043,14.819803286333352,-2.910685393370724,-0.8052764113261778,-6.6755193484862385,-1.8468633803333159,-0.7971687946122642,-1.610552822652355,recomendar,2.320307566528864,0.641941226146579,13.333333333333334,3.2426642726417225,14.38977455956595,-2.5546260997879653,0.26745623240574967,-10.090669060691612,1.0564412262326162,0.385316126954993,1.0730101716196783,recomendar,-0.9843386345884383,0.10305519960055796
AP0253,0,250,28.333333333333332,29.337090974030673,28.333333333333332,0.41017727081850985,0.0,1.0037576406973407,0.0,-0.7971687946122642,-1.610552822652355,ejecutar la receta: horno frio,-0.32698052055573973,-0.0,55.0,62.19398048975133,59.06019485185921,0.950596525731022,0.5365050858098388,7.193980489751333,4.060194851859208,0.385316126954993,1.0730101716196783,recomendar,0.3662801715915498,0.20672406175590327
AP0253,1,250,26.666666666666668,27.95182679578993,26.666666666666668,0.4495750486117005,0.0,1.2851601291232626,0.0,-0.7971687946122642,-1.610552822652355,ejecutar la receta: horno frio,-0.3583871995895394,-0.0,23.333333333333332,28.34918424166166,26.58889305890729,0.8265950401225156,0.5365050858098392,5.0158509083283285,3.2555597255739563,0.385316126954993,1.0730101716196783,recomendar,0.31850039942021474,0.20672406175590347
AP0253,2,250,18.333333333333332,16.71226714556907,18.333333333333332,-0.5546416646160066,0.0,-1.6210661877642636,0.0,-0.7971687946122642,-1.610552822652355,ejecutar la receta: horno frio,0.44214302722368165,-0.0,16.666666666666668,4.682628904070173,19.415147077772346,-2.1276233028484173,0.48795999194380485,-11.984037762596495,2.748480411105678,0.385316126954993,1.0730101716196783,recomendar,-0.8198075706727423,0.18801885420477646
AP0253,3,250,16.666666666666668,16.2964730717988,16.666666666666668,-0.16141322241027464,0.0,-0.3701935948678674,0.0,-0.7971687946122642,-1.610552822652355,ejecutar la receta: horno frio,0.12867358394327996,-0.0,13.333333333333334,4.039106085549663,14.38977455956595,-2.352993182289666,0.26745623240574967,-9.29422724778367,1.0564412262326162,0.385316126954993,1.0730101716196783,recomendar,-0.906646219751358,0.10305519960055796
AP0254,0,250,28.333333333333332,29.154155596230506,26.3627162166681,0.33542223936480586,-0.8052764113261778,0.820822262897174,-1.970617116665231,-0.7971687946122642,-1.610552822652355,recomendar,-0.26738814224058866,0.641941226146579,55.0,57.002846666561666,59.06019485185921,0.26465168838278136,0.5365050858098388,2.002846666561666,4.060194851859208,0.385316126954993,1.0730101716196783,recomendar,0.10197456355975304,0.20672406175590327
AP0254,1,250,26.666666666666668,26.399103881835934,26.666666666666668,-0.09359888256027726,0.0,-0.2675627848307336,0.0,-0.7971687946122642,-1.610552822652355,ejecutar la receta: horno frio,0.0746141083876311,-0.0,23.333333333333332,28.131135128705928,26.58889305890729,0.7906612935725424,0.5365050858098392,4.797801795372596,3.2555597255739563,0.385316126954993,1.0730101716196783,recomendar,0.3046545473725968,0.20672406175590347
AP0254,2,250,18.333333333333332,20.804495790269637,18.333333333333332,0.8454988877055326,0.0,2.4711624569363053,0.0,-0.7971687946122642,-1.610552822652355,ejecutar la receta: horno frio,-0.6740053291582296,-0.0,16.666666666666668,10.996013047960068,19.415147077772346,-1.006757073079168,0.48795999194380485,-5.6706536187066,2.748480411105678,0.385316126954993,1.0730101716196783,recomendar,-0.3879197361834098,0.18801885420477646
AP0254,3,250,16.666666666666668,16.601678118489218,16.666666666666668,-0.028336554512326775,0.0,-0.0649885481774497,0.0,-0.7971687946122642,-1.610552822652355,ejecutar la receta: horno frio,0.02258901700405625,-0.0,13.333333333333334,9.276767342003303,14.38977455956595,-1.0269893199979405,0.26745623240574967,-4.0565659913300305,1.0564412262326162,0.385316126954993,1.0730101716196783,recomendar,-0.3957155472057484,0.10305519960055796
AP0255,0,250,28.333333333333332,28.17624823676215,26.3627162166681,-0.06419152750166535,-0.8052764113261778,-0.1570850965711834,-1.970617116665231,-0.7971687946122642,-1.610552822652355,recomendar,0.051171482602822574,0.641941226146579,55.0,58.868734408394495,59.06019485185921,0.5112059301293697,0.5365050858098388,3.868734408394495,4.060194851859208,0.385316126954993,1.0730101716196783,recomendar,0.19697588907387348,0.20672406175590327
AP0255,1,250,26.666666666666668,20.564855733235678,24.364694749062046,-2.1345370781834565,-0.805276411326177,-6.10181093343099,-2.3019719176046216,-0.7971687946122642,-1.610552822652355,recomendar,1.7015863496706904,0.6419412261465784,23.333333333333332,42.33040560208834,26.58889305890729,3.1306524059813605,0.5365050858098392,18.99707226875501,3.2555597255739563,0.385316126954993,1.0730101716196783,recomendar,1.2062908599150681,0.20672406175590347
AP0255,2,250,18.333333333333332,11.646560372246636,15.979730195515003,-2.2878540765577666,-0.8052764113261779,-6.686772961086696,-2.353603137818329,-0.7971687946122642,-1.610552822652355,recomendar,1.8238058764583094,0.6419412261465791,16.666666666666668,6.525654234204973,19.415147077772346,-1.8004160862312104,0.48795999194380485,-10.141012432461695,2.748480411105678,0.385316126954993,1.0730101716196783,recomendar,-0.6937293532540767,0.18801885420477646
AP0255,3,250,16.666666666666668,14.27591461189939,14.819803286333352,-1.0424248244535674,-0.8052764113261778,-2.390752054767278,-1.8468633803333159,-0.7971687946122642,-1.610552822652355,recomendar,0.8309885407835516,0.641941226146579,13.333333333333334,3.899252280437802,14.38977455956595,-2.388399573931742,0.26745623240574967,-9.434081052895532,1.0564412262326162,0.385316126954993,1.0730101716196783,recomendar,-0.9202888734483342,0.10305519960055796
AP0256,0,250,28.333333333333332,29.182112212004483,28.333333333333332,0.3468464795344997,0.0,0.8487788786711512,0.0,-0.7971687946122642,-1.610552822652355,ejecutar la receta: horno frio,-0.2764951900060245,-0.0,55.0,62.58293076381888,59.06019485185921,1.001991546851453,0.5365050858098388,7.582930763818879,4.060194851859208,0.385316126954993,1.0730101716196783,recomendar,0.38608350207444436,0.20672406175590327
AP0256,1,250,26.666666666666668,28.34277023654514,26.666666666666668,0.5863349841240564,0.0,1.676103569878471,0.0,-0.7971687946122642,-1.610552822652355,ejecutar la receta: horno frio,-0.4674079525331751,-0.0,23.333333333333332,31.332564368614786,26.58889305890729,1.3182458608526344,0.5365050858098392,7.999231035281454,3.2555597255739563,0.385316126954993,1.0730101716196783,recomendar,0.5079413894781877,0.20672406175590347
AP0256,2,250,18.333333333333332,17.890335744222003,18.333333333333332,-0.15156994951850516,0.0,-0.4429975891113287,0.0,-0.7971687946122642,-1.610552822652355,ejecutar la receta: horno frio,0.12082683395710848,-0.0,16.666666666666668,11.08910202752976,19.415147077772346,-0.990230232452128,0.48795999194380485,-5.577564639136908,2.748480411105678,0.385316126954993,1.0730101716196783,recomendar,-0.3815516779621964,0.18801885420477646
AP0256,3,250,16.666666666666668,14.537878406665943,16.666666666666668,-0.9282023720548823,0.0,-2.128788260000725,0.0,-0.7971687946122642,-1.610552822652355,ejecutar la receta: horno frio,0.7399339660872349,-0.0,13.333333333333334,4.657940864562987,14.38977455956595,-2.196324534411564,0.26745623240574967,-8.675392468770347,1.0564412262326162,0.385316126954993,1.0730101716196783,recomendar,-0.8462792631356922,0.10305519960055796
AP0257,0,250,28.333333333333332,29.154678423846203,26.3627162166681,0.3356358885524386,-0.8052764113261778,0.821345090512871,-1.970617116665231,-0.7971687946122642,-1.610552822652355,recomendar,-0.26755845670596373,0.641941226146579,55.0,61.11908680905578,59.06019485185921,0.8085624738101025,0.5365050858098388,6.11908680905578,4.060194851859208,0.385316126954993,1.0730101716196783,recomendar,0.3115521608096567,0.20672406175590327
AP0257,1,250,26.666666666666668,25.95041599527995,24.364694749062046,-0.2505589950308535,-0.805276411326177,-0.7162506713867174,-2.3019719176046216,-0.7971687946122642,-1.610552822652355,recomendar,0.19973781204800578,0.6419412261465784,23.333333333333332,28.588229683117987,26.58889305890729,0.8659889096539268,0.5365050858098392,5.254896349784655,3.2555597255739563,0.385316126954993,1.0730101716196783,recomendar,0.3336794926538284,0.20672406175590347
AP0257,2,250,18.333333333333332,19.627956280178488,15.979730195515003,0.44295034447581505,-0.8052764113261779,1.2946229468451556,-2.353603137818329,-0.7971687946122642,-1.610552822652355,recomendar,-0.3531061921788727,0.6419412261465791,16.666666666666668,11.126794142950148,19.415147077772346,-0.9835384458697822,0.48795999194380485,-5.53987252371652,2.748480411105678,0.385316126954993,1.0730101716196783,recomendar,-0.3789732246738775,0.18801885420477646
AP0257,3,250,16.666666666666668,15.922826325095846,16.666666666666668,-0.3243321012470802,0.0,-0.7438403415708219,0.0,-0.7971687946122642,-1.610552822652355,ejecutar la receta: horno frio,0.2585474302051977,-0.0,13.333333333333334,5.625688174006382,14.38977455956595,-1.951322689654381,0.26745623240574967,-7.707645159326952,1.0564412262326162,0.385316126954993,1.0730101716196783,recomendar,-0.7518761012170259,0.10305519960055796
AP0258,0,250,28.333333333333332,29.20858661792896,26.3627162166681,0.35766502688931706,-0.8052764113261778,0.8752532845956296,-1.970617116665231,-0.7971687946122642,-1.610552822652355,recomendar,-0.28511939836031996,0.641941226146579,55.0,61.99324728032593,59.06019485185921,0.9240720874523162,0.5365050858098388,6.993247280325932,4.060194851859208,0.385316126954993,1.0730101716196783,recomendar,0.35605987776434206,0.20672406175590327
AP0258,1,250,25.833333333333332,22.113371287096264,23.53136141572871,-1.3013180847056196,-0.805276411326177,-3.719962046237068,-2.3019719176046216,-0.7971687946122642,-1.610552822652355,recomendar,1.037370168991919,0.6419412261465784,26.666666666666668,28.734881670047073,29.922226392240624,0.34083474468163144,0.5365050858098392,2.0682150033804056,3.2555597255739563,0.385316126954993,1.0730101716196783,recomendar,0.13132912375242015,0.20672406175590347
AP0258,2,250,18.333333333333332,16.106503664652507,18.333333333333332,-0.7619013483692814,0.0,-2.226829668680825,0.0,-0.7971687946122642,-1.610552822652355,ejecutar la receta: horno frio,0.6073639794929988,-0.0,16.666666666666668,11.169241623651413,19.415147077772346,-0.9760024007674301,0.48795999194380485,-5.497425043015255,2.748480411105678,0.385316126954993,1.0730101716196783,recomendar,-0.37606946496248106,0.18801885420477646
AP0258,3,250,16.666666666666668,13.586947221040557,16.666666666666668,-1.342831012555814,0.0,-3.079719445626111,0.0,-0.7971687946122642,-1.610552822652355,ejecutar la receta: horno frio,1.0704629796470846,-0.0,13.333333333333334,5.2135255543778465,14.38977455956595,-2.0556687324318323,0.26745623240574967,-8.119807778955487,1.0564412262326162,0.385316126954993,1.0730101716196783,recomendar,-0.7920823142831135,0.10305519960055796
AP0259,0,250,28.333333333333332,29.452976232458045,28.333333333333332,0.45753282469186757,0.0,1.1196428991247132,0.0,-0.7971687946122642,-1.610552822652355,ejecutar la receta: horno frio,-0.36473089035516043,-0.0,55.0,61.67153609080981,59.06019485185921,0.8815618888941614,0.5365050858098388,6.671536090809809,4.060194851859208,0.385316126954993,1.0730101716196783,recomendar,0.3396800126998262,0.20672406175590327
AP0259,1,250,25.833333333333332,20.961499945746528,25.833333333333332,-1.704266015120339,0.0,-4.871833387586804,0.0,-0.7971687946122642,-1.610552822652355,ejecutar la receta: horno frio,1.3585876849721275,-0.0,26.666666666666668,28.78550735864884,29.922226392240624,0.34917768466645516,0.5365050858098392,2.1188406919821716,3.2555597255739563,0.385316126954993,1.0730101716196783,recomendar,0.13454379307479036,0.20672406175590347
AP0259,2,250,18.333333333333332,15.68998865763346,18.333333333333332,-0.9044103825927418,0.0,-2.643344675699872,0.0,-0.7971687946122642,-1.610552822652355,ejecutar la receta: horno frio,0.7209677345262726,-0.0,16.666666666666668,11.185621473524304,19.415147077772346,-0.9730943533315739,0.48795999194380485,-5.481045193142364,2.748480411105678,0.385316126954993,1.0730101716196783,recomendar,-0.37494894738749557,0.18801885420477646
AP0259,3,250,16.666666666666668,8.511798299153643,16.666666666666668,-3.5557167919172654,0.0,-8.154868367513025,0.0,-0.7971687946122642,-1.610552822652355,ejecutar la receta: horno frio,2.8345064689952735,-0.0,13.333333333333334,4.697539075215657,14.38977455956595,-2.186299567600168,0.26745623240574967,-8.635794258117677,1.0564412262326162,0.385316126954993,1.0730101716196783,recomendar,-0.8424164817510726,0.10305519960055796
AP0260,0,250,28.333333333333332,29.126394834165218,26.3627162166681,0.3240780331958037,-0.8052764113261778,0.793061500831886,-1.970617116665231,-0.7971687946122642,-1.610552822652355,recomendar,-0.25834489508301217,0.641941226146579,55.0,61.26293905934979,59.06019485185921,0.8275707891013221,0.5365050858098388,6.26293905934979,4.060194851859208,0.385316126954993,1.0730101716196783,recomendar,0.31887637123760876,0.20672406175590327
AP0260,1,250,25.833333333333332,26.647763298882378,23.53136141572871,0.2849041010961987,-0.805276411326177,0.8144299655490457,-2.3019719176046216,-0.7971687946122642,-1.610552822652355,recomendar,-0.22711665885094737,0.6419412261465784,26.666666666666668,25.701267379369494,29.922226392240624,-0.15909449407530524,0.5365050858098392,-0.9653992872971742,3.2555597255739563,0.385316126954993,1.0730101716196783,recomendar,-0.06130167427696069,0.20672406175590347
AP0260,2,250,18.333333333333332,14.021151178854485,15.979730195515003,-1.475396813739101,-0.8052764113261779,-4.3121821544788475,-2.353603137818329,-0.7971687946122642,-1.610552822652355,recomendar,1.1761402995831742,0.6419412261465791,16.666666666666668,4.623844460400916,19.415147077772346,-2.138059781326986,0.48795999194380485,-12.042822206265752,2.748480411105678,0.385316126954993,1.0730101716196783,recomendar,-0.8238289141391535,0.18801885420477646
AP0260,3,250,16.666666666666668,19.682616419483836,16.666666666666668,1.3150259080075335,0.0,3.0159497528171677,0.0,-0.7971687946122642,-1.610552822652355,ejecutar la receta: horno frio,-1.0482976179702637,-0.0,13.333333333333334,4.0645873529309595,14.38977455956595,-2.346542162013765,0.26745623240574967,-9.268745980402375,1.0564412262326162,0.385316126954993,1.0730101716196783,recomendar,-0.9041605376037395,0.10305519960055796
AP0261,0,260,28.333333333333332,29.366939719871237,26.38438773649561,0.43016752345160053,-0.8111144741875479,1.0336063865379046,-1.9489455968377207,-0.8163954426246237,-1.6222289483750945,recomendar,-0.35118680571100763,0.6621901601735821,55.0,62.25870728851646,55.0,0.974874251975912,0.0,7.258707288516462,0.0,-0.0,-0.14368495676703796,ejecutar la receta,-0.0,-0.0
AP0261,1,260,25.833333333333332,28.381678480360247,23.513151395059726,0.8908782539343141,-0.8111144741875469,2.5483451470269145,-2.320181938273606,-0.8163954426246237,-1.6222289483750945,recomendar,-0.7273089464453563,0.6621901601735813,26.666666666666668,28.945315943008815,26.666666666666668,0.3775693195996157,0.0,2.278649276342147,0.0,-0.0,-0.14368495676703796,ejecutar la receta,-0.0,-0.0
AP0261,2,260,18.333333333333332,19.640806509723596,18.333333333333332,0.4422240668361447,0.0,1.307473176390264,0.0,-0.8163954426246237,-1.6222289483750945,ejecutar la receta: horno frio,-0.36102971278395557,-0.0,16.666666666666668,9.364063514225066,16.666666666666668,-1.304930376842714,0.0,-7.302603152441602,0.0,-0.0,-0.14368495676703796,ejecutar la receta,0.0,-0.0
AP0261,3,260,16.666666666666668,18.973555796344147,16.666666666666668,0.9722758978822288,0.0,2.3068891296774794,0.0,-0.8163954426246237,-1.6222289483750945,ejecutar la receta: horno frio,-0.7937616120048157,-0.0,13.333333333333334,4.281242910965004,13.333333333333334,-2.317785443679789,0.0,-9.05209042236833,0.0,-0.0,-0.14368495676703796,ejecutar la receta,0.0,-0.0
AP0262,0,260,28.333333333333332,29.17477010091146,28.333333333333332,0.3501901450731111,0.0,0.8414367675781271,0.0,-0.8163954426246237,-1.6222289483750945,ejecutar la receta: horno frio,-0.28589363848974375,-0.0,55.0,61.59970479985718,55.0,0.8863675065395238,0.0,6.599704799857179,0.0,-0.0,-0.14368495676703796,ejecutar la receta,-0.0,-0.0
AP0262,1,260,25.833333333333332,25.637029344346793,25.833333333333332,-0.06862608667931033,0.0,-0.19630398898653922,0.0,-0.8163954426246237,-1.6222289483750945,ejecutar la receta: horno frio,0.05602602441015136,-0.0,26.666666666666668,28.93394673665365,26.666666666666668,0.3756854564037848,0.0,2.267280069986981,0.0,-0.0,-0.14368495676703796,ejecutar la receta,-0.0,-0.0
AP0262,2,260,18.333333333333332,16.411605190700953,18.333333333333332,-0.6499823093385562,0.0,-1.9217281426323787,0.0,-0.8163954426246237,-1.6222289483750945,ejecutar la receta: horno frio,0.5306425951306257,-0.0,16.666666666666668,11.267249503968253,16.666666666666668,-0.964842717832106,0.0,-5.399417162698414,0.0,-0.0,-0.14368495676703796,ejecutar la receta,0.0,-0.0
AP0262,3,260,16.666666666666668,14.267860860359603,16.666666666666668,-1.0110156743850012,0.0,-2.398805806307065,0.0,-0.8163954426246237,-1.6222289483750945,ejecutar la receta: horno frio,0.8253885889899756,-0.0,13.333333333333334,5.285961552367419,13.333333333333334,-2.060527491827936,0.0,-8.047371780965914,0.0,-0.0,-0.14368495676703796,ejecutar la receta,0.0,-0.0
AP0263,0,260,28.333333333333332,29.152525318287037,26.38438773649561,0.3409322852379772,-0.8111144741875479,0.8191919849537044,-1.9489455968377207,-0.8163954426246237,-1.6222289483750945,recomendar,-0.27833556391188286,0.6621901601735821,55.0,62.1568859469506,55.0,0.9611992268993067,0.0,7.156885946950602,0.0,-0.0,-0.14368495676703796,ejecutar la receta,-0.0,-0.0
AP0263,1,260,25.833333333333332,27.972398654513892,23.513151395059726,0.7477977544007517,-0.8111144741875469,2.13906532118056,-2.320181938273606,-0.8163954426246237,-1.6222289483750945,recomendar,-0.6104986786977014,0.6621901601735813,26.666666666666668,29.045420407026246,26.666666666666668,0.3941565034020388,0.0,2.3787537403595778,0.0,-0.0,-0.14368495676703796,ejecutar la receta,-0.0,-0.0
AP0263,2,260,18.333333333333332,18.69039749774454,15.935204200359081,0.1207691062108971,-0.811114474187547,0.35706416441120936,-2.398129132974251,-0.8163954426246237,-1.6222289483750945,recomendar,-0.09859534792042554,0.6621901601735815,16.666666666666668,11.23752707829551,16.666666666666668,-0.970153932932278,0.0,-5.429139588371157,0.0,-0.0,-0.14368495676703796,ejecutar la receta,0.0,-0.0
AP0263,3,260,16.666666666666668,15.100012114219416,14.742160291981271,-0.6602920105938906,-0.8111144741875471,-1.5666545524472522,-1.9245063746853965,-0.8163954426246237,-1.6222289483750945,recomendar,0.5390593882503021,0.6621901601735815,13.333333333333334,2.393991771923981,13.333333333333334,-2.8010156164394795,0.0,-10.939341561409353,0.0,-0.0,-0.14368495676703796,ejecutar la receta,0.0,-0.0
AP0264,0,260,28.333333333333332,29.63448189064308,26.38438773649561,0.5415135392258255,-0.8111144741875479,1.301148557309748,-1.9489455968377207,-0.8163954426246237,-1.6222289483750945,recomendar,-0.44208918554349425,0.6621901601735821,55.0,60.636649576846395,55.0,0.7570252279730026,0.0,5.636649576846395,0.0,-0.0,-0.14368495676703796,ejecutar la receta,-0.0,-0.0
AP0264,1,260,25.833333333333332,24.53203803846571,25.833333333333332,-0.45492098332799386,0.0,-1.3012952948676215,0.0,-0.8163954426246237,-1.6222289483750945,ejecutar la receta: horno frio,0.3713954175432866,-0.0,26.666666666666668,27.8896977351262,26.666666666666668,0.20265471003450708,0.0,1.2230310684595338,0.0,-0.0,-0.14368495676703796,ejecutar la receta,-0.0,-0.0
AP0264,2,260,18.333333333333332,22.949764946831596,18.333333333333332,1.561406535335901,0.0,4.616431613498264,0.0,-0.8163954426246237,-1.6222289483750945,ejecutar la receta: horno frio,-1.2747251795325332,-0.0,16.666666666666668,10.553918069506448,16.666666666666668,-1.0923106683909107,0.0,-6.11274859716022,0.0,-0.0,-0.14368495676703796,ejecutar la receta,0.0,-0.0
AP0264,3,260,16.666666666666668,20.519271296748403,16.666666666666668,1.6237428048489013,0.0,3.8526046300817356,0.0,-0.8163954426246237,-1.6222289483750945,ejecutar la receta: horno frio,-1.325616225873167,-0.0,13.333333333333334,5.225357818603514,13.333333333333334,-2.0760450623996487,0.0,-8.10797551472982,0.0,-0.0,-0.14368495676703796,ejecutar la receta,0.0,-0.0
AP0265,0,260,28.333333333333332,29.95634449146412,28.333333333333332,0.6754666955628676,0.0,1.6230111581307867,0.0,-0.8163954426246237,-1.6222289483750945,ejecutar la receta: horno frio,-0.5514479319022393,-0.0,55.0,60.6483643234417,55.0,0.7585985666365207,0.0,5.648364323441697,0.0,-0.0,-0.14368495676703796,ejecutar la receta,-0.0,-0.0
AP0265,1,260,25.833333333333332,28.670348958333335,25.833333333333332,0.9917948239205588,0.0,2.837015625000003,0.0,-0.8163954426246237,-1.6222289483750945,ejecutar la receta: horno frio,-0.8096967742674354,-0.0,26.666666666666668,30.54129967322717,26.666666666666668,0.6420218166850508,0.0,3.874633006560501,0.0,-0.0,-0.14368495676703796,ejecutar la receta,-0.0,-0.0
AP0265,2,260,18.333333333333332,15.768989019545296,18.333333333333332,-0.8673331060927242,0.0,-2.5643443137880357,0.0,-0.8163954426246237,-1.6222289483750945,ejecutar la receta: horno frio,0.7080867950515592,-0.0,16.666666666666668,5.877155526857528,16.666666666666668,-1.928019439603855,0.0,-10.78951113980914,0.0,-0.0,-0.14368495676703796,ejecutar la receta,0.0,-0.0
AP0265,3,260,16.666666666666668,22.46798405798321,16.666666666666668,2.4450594538674952,0.0,5.801317391316541,0.0,-0.8163954426246237,-1.6222289483750945,ejecutar la receta: horno frio,-1.9961353950836744,-0.0,13.333333333333334,4.9855527345718045,13.333333333333334,-2.137447092997536,0.0,-8.34778059876153,0.0,-0.0,-0.14368495676703796,ejecutar la receta,0.0,-0.0
AP0266,0,260,28.333333333333332,29.19700992160373,26.38438773649561,0.3594459398454771,-0.8111144741875479,0.8636765882703976,-1.9489455968377207,-0.8163954426246237,-1.6222289483750945,recomendar,-0.29345002715977214,0.6621901601735821,55.0,62.38573811848958,55.0,0.9919350150602477,0.0,7.385738118489577,0.0,-0.0,-0.14368495676703796,ejecutar la receta,-0.0,-0.0
AP0266,1,260,25.833333333333332,27.558905137803823,23.513151395059726,0.6032441869181068,-0.8111144741875469,1.7255718044704906,-2.320181938273606,-0.8163954426246237,-1.6222289483750945,recomendar,-0.492485804989739,0.6621901601735813,26.666666666666668,29.31296120668069,26.666666666666668,0.4384876774617969,0.0,2.646294540014022,0.0,-0.0,-0.14368495676703796,ejecutar la receta,-0.0,-0.0
AP0266,2,260,18.333333333333332,20.3794016096327,15.935204200359081,0.6920376268579373,-0.811114474187547,2.046068276299369,-2.398129132974251,-0.8163954426246237,-1.6222289483750945,recomendar,-0.56497636469158,0.6621901601735815,16.666666666666668,7.5158326164124505,16.666666666666668,-1.6351978981126578,0.0,-9.150834050254218,0.0,-0.0,-0.14368495676703796,ejecutar la receta,0.0,-0.0
AP0266,3,260,16.666666666666668,15.880645208803479,14.742160291981271,-0.3312815119144784,-0.8111144741875471,-0.786021457863189,-1.9245063746853965,-0.8163954426246237,-1.6222289483750945,recomendar,0.27045671655277514,0.6621901601735815,13.333333333333334,4.45328157109313,13.333333333333334,-2.273734988636851,0.0,-8.880051762240203,0.0,-0.0,-0.14368495676703796,ejecutar la receta,0.0,-0.0
AP0267,0,260,28.333333333333332,30.028956536187064,28.333333333333332,0.7056864618666051,0.0,1.6956232028537315,0.0,-0.8163954426246237,-1.6222289483750945,ejecutar la receta: horno frio,-0.5761192113897917,-0.0,55.0,59.70605841195711,55.0,0.6320430059729403,0.0,4.706058411957109,0.0,-0.0,-0.14368495676703796,ejecutar la receta,-0.0,-0.0
AP0267,1,260,25.833333333333332,27.68775900607639,25.833333333333332,0.648290325708715,0.0,1.8544256727430586,0.0,-0.8163954426246237,-1.6222289483750945,ejecutar la receta: horno frio,-0.5292612674062279,-0.0,26.666666666666668,30.802631241235975,26.666666666666668,0.6853241288694776,0.0,4.135964574569307,0.0,-0.0,-0.14368495676703796,ejecutar la receta,-0.0,-0.0
AP0267,2,260,18.333333333333332,18.801875099605983,18.333333333333332,0.15847395503419132,0.0,0.46854176627265076,0.0,-0.8163954426246237,-1.6222289483750945,ejecutar la receta: horno frio,-0.12937741466461333,-0.0,16.666666666666668,8.625024728926402,16.666666666666668,-1.436992073263767,0.0,-8.041641937740266,0.0,-0.0,-0.14368495676703796,ejecutar la receta,0.0,-0.0
AP0267,3,260,16.666666666666668,17.21214519359447,16.666666666666668,0.22990078618054433,0.0,0.545478526927802,0.0,-0.8163954426246237,-1.6222289483750945,ejecutar la receta: horno frio,-0.18768995409361444,-0.0,13.333333333333334,4.590306695302327,13.333333333333334,-2.2386497405348558,0.0,-8.743026638031008,0.0,-0.0,-0.14368495676703796,ejecutar la receta,0.0,-0.0
AP0268,0,260,28.333333333333332,28.164626770019527,26.38438773649561,-0.07021249624222271,-0.8111144741875479,-0.16870656331380474,-1.9489455968377207,-0.8163954426246237,-1.6222289483750945,recomendar,0.05732116194744914,0.6621901601735821,55.0,62.786841607862904,55.0,1.0458048638673991,0.0,7.786841607862904,0.0,-0.0,-0.14368495676703796,ejecutar la receta,-0.0,-0.0
AP0268,1,260,25.833333333333332,27.20759918891059,23.513151395059726,0.4804308267608783,-0.8111144741875469,1.3742658555772564,-2.320181938273606,-0.8163954426246237,-1.6222289483750945,recomendar,-0.39222153746396116,0.6621901601735813,26.666666666666668,29.471245868389428,26.666666666666668,0.4647152468578033,0.0,2.8045792017227598,0.0,-0.0,-0.14368495676703796,ejecutar la receta,-0.0,-0.0
AP0268,2,260,18.333333333333332,22.145174899631076,18.333333333333332,1.2892716348010889,0.0,3.811841566297744,0.0,-0.8163954426246237,-1.6222289483750945,ejecutar la receta: horno frio,-1.052555486956807,-0.0,16.666666666666668,7.66334492516896,16.666666666666668,-1.6088383536274542,0.0,-9.003321741497707,0.0,-0.0,-0.14368495676703796,ejecutar la receta,0.0,-0.0
AP0268,3,260,16.666666666666668,12.976838701760531,14.742160291981271,-1.5551379350908099,-0.8111144741875471,-3.6898279649061365,-1.9245063746853965,-0.8163954426246237,-1.6222289483750945,recomendar,1.269607522860805,0.6621901601735815,13.333333333333334,4.286066649463339,13.333333333333334,-2.3165503266677088,0.0,-9.047266683869996,0.0,-0.0,-0.14368495676703796,ejecutar la receta,0.0,-0.0
AP0269,0,260,28.333333333333332,29.242059755678532,26.38438773649561,0.37819483285568173,-0.8111144741875479,0.9087264223452003,-1.9489455968377207,-0.8163954426246237,-1.6222289483750945,recomendar,-0.3087565379675599,0.6621901601735821,55.0,62.512505381594416,55.0,1.0089603800298306,0.0,7.512505381594416,0.0,-0.0,-0.14368495676703796,ejecutar la receta,-0.0,-0.0
AP0269,1,260,25.833333333333332,25.84686713663737,23.513151395059726,0.0047312943737858005,-0.8111144741875469,0.013533803304039083,-2.320181938273606,-0.8163954426246237,-1.6222289483750945,recomendar,-0.0038626071644742503,0.6621901601735813,26.666666666666668,30.42771105644031,26.666666666666668,0.6232003257255809,0.0,3.761044389773641,0.0,-0.0,-0.14368495676703796,ejecutar la receta,-0.0,-0.0
AP0269,2,260,18.333333333333332,17.486959423489036,18.333333333333332,-0.2862673737664757,0.0,-0.8463739098442957,0.0,-0.8163954426246237,-1.6222289483750945,ejecutar la receta: horno frio,0.23370737931507055,-0.0,16.666666666666668,14.164634583488342,16.666666666666668,-0.44709778157434443,0.0,-2.5020320831783263,0.0,-0.0,-0.14368495676703796,ejecutar la receta,0.0,-0.0
AP0269,3,260,16.666666666666668,14.733606739676812,16.666666666666668,-0.8147195077541423,0.0,-1.9330599269898556,0.0,-0.8163954426246237,-1.6222289483750945,ejecutar la receta: horno frio,0.6651332931478585,-0.0,13.333333333333334,5.35000868331377,13.333333333333334,-2.044128240285985,0.0,-7.983324650019564,0.0,-0.0,-0.14368495676703796,ejecutar la receta,0.0,-0.0
AP0270,0,260,28.333333333333332,30.045991493507664,26.38438773649561,0.7127760904700539,-0.8111144741875479,1.7126581601743318,-1.9489455968377207,-0.8163954426246237,-1.6222289483750945,recomendar,-0.5819071518715484,0.6621901601735821,55.0,59.430617925603315,55.0,0.5950502154628663,0.0,4.430617925603315,0.0,-0.0,-0.14368495676703796,ejecutar la receta,-0.0,-0.0
AP0270,1,260,25.833333333333332,18.830203603108725,23.513151395059726,-2.4482303715478966,-0.8111144741875469,-7.003129730224607,-2.320181938273606,-0.8163954426246237,-1.6222289483750945,recomendar,1.9987241178268922,0.6621901601735813,26.666666666666668,30.997319304637422,26.666666666666668,0.7175836961472694,0.0,4.330652637970754,0.0,-0.0,-0.14368495676703796,ejecutar la receta,-0.0,-0.0
AP0270,2,260,18.333333333333332,10.260115205788914,15.935204200359081,-2.730588601958689,-0.811114474187547,-8.073218127544418,-2.398129132974251,-0.8163954426246237,-1.6222289483750945,recomendar,2.2292400903218166,0.6621901601735815,16.666666666666668,11.619777064853244,16.666666666666668,-0.9018482057012797,0.0,-5.046889601813424,0.0,-0.0,-0.14368495676703796,ejecutar la receta,0.0,-0.0
AP0270,3,260,16.666666666666668,20.525917305100776,14.742160291981271,1.626543873029859,-0.8111144741875471,3.8592506384341085,-1.9245063746853965,-0.8163954426246237,-1.6222289483750945,recomendar,-1.3279030051705814,0.6621901601735815,13.333333333333334,4.8728601604676705,13.333333333333334,-2.1663019978517712,0.0,-8.460473172865663,0.0,-0.0,-0.14368495676703796,ejecutar la receta,0.0,-0.0
AP0271,0,270,28.333333333333332,28.30033795392072,28.333333333333332,-0.013951424350641683,0.0,-0.032995379412611214,0.0,-0.8945842596188971,-1.572024459240281,ejecutar la receta: horno frio,0.012480724623347842,-0.0,55.0,59.75933335827242,55.0,0.6486678773792209,0.0,4.759333358272421,0.0,0.0,0.21111796061632443,ejecutar la receta,0.0,0.0
AP0271,1,270,25.833333333333332,16.5100065451728,25.833333333333332,-3.261609493334486,0.0,-9.323326788160532,0.0,-0.8945842596188971,-1.572024459240281,ejecutar la receta: horno frio,2.9177845137605973,-0.0,26.666666666666668,31.077190379607377,26.666666666666668,0.7398442960928411,0.0,4.410523712940709,0.0,0.0,0.21111796061632443,ejecutar la receta,0.0,0.0
AP0271,2,270,18.333333333333332,20.47817237854004,18.333333333333332,0.7196094562509392,0.0,2.1448390452067088,0.0,-0.8945842596188971,-1.572024459240281,ejecutar la receta: horno frio,-0.6437512926350035,-0.0,16.666666666666668,14.849246893988715,16.666666666666668,-0.3286315775504946,0.0,-1.8174197726779528,0.0,0.0,0.21111796061632443,ejecutar la receta,-0.0,0.0
AP0271,3,270,16.666666666666668,15.357562159785513,16.666666666666668,-0.5449743567994593,0.0,-1.3091045068811553,0.0,-0.8945842596188971,-1.572024459240281,ejecutar la receta: horno frio,0.48752548148872893,-0.0,13.333333333333334,6.088495381673176,13.333333333333334,-1.875219218346901,0.0,-7.244837951660158,0.0,0.0,0.21111796061632443,ejecutar la receta,-0.0,0.0
AP0272,0,270,28.333333333333332,28.269898534704133,28.333333333333332,-0.026822112975467167,0.0,-0.06343479862919921,0.0,-0.8945842596188971,-1.572024459240281,ejecutar la receta: horno frio,0.02399464007757271,-0.0,55.0,62.39500758673555,55.0,1.0078940711629836,0.0,7.395007586735552,0.0,0.0,0.21111796061632443,ejecutar la receta,0.0,0.0
AP0272,1,270,25.833333333333332,26.848044121636285,25.833333333333332,0.35497954917986996,0.0,1.0147107883029527,0.0,-0.8945842596188971,-1.572024459240281,ejecutar la receta: horno frio,-0.31755911718292384,-0.0,26.666666666666668,40.55273844401042,26.666666666666668,2.3293222456690295,0.0,13.886071777343755,0.0,0.0,0.21111796061632443,ejecutar la receta,0.0,0.0
AP0272,2,270,18.333333333333332,17.56966837565104,18.333333333333332,-0.25621527460709204,0.0,-0.7636649576822911,0.0,-0.8945842596188971,-1.572024459240281,ejecutar la receta: horno frio,0.22920615173743786,-0.0,16.666666666666668,14.109943837968128,16.666666666666668,-0.46231468876147813,0.0,-2.5567228286985397,0.0,0.0,0.21111796061632443,ejecutar la receta,-0.0,0.0
AP0272,3,270,16.666666666666668,13.458156139232491,16.666666666666668,-1.3356885961217408,0.0,-3.2085105274341768,0.0,-0.8945842596188971,-1.572024459240281,ejecutar la receta: horno frio,1.1948859938429715,-0.0,13.333333333333334,4.9064468701680495,13.333333333333334,-2.1811750037740723,0.0,-8.426886463165285,0.0,0.0,0.21111796061632443,ejecutar la receta,-0.0,0.0
AP0273,0,270,28.333333333333332,27.192218921802656,28.333333333333332,-0.48249699416435127,0.0,-1.1411144115306762,0.0,-0.8945842596188971,-1.572024459240281,ejecutar la receta: horno frio,0.4316342162928595,-0.0,55.0,57.488359480009635,55.0,0.3391480992287997,0.0,2.4883594800096347,0.0,0.0,0.21111796061632443,ejecutar la receta,0.0,0.0
AP0273,1,270,25.833333333333332,24.245335188123917,25.833333333333332,-0.5555345150391828,0.0,-1.587998145209415,0.0,-0.8945842596188971,-1.572024459240281,ejecutar la receta: horno frio,0.49697243282907044,-0.0,26.666666666666668,29.790276630108174,26.666666666666668,0.5239706586069166,0.0,3.123609963441506,0.0,0.0,0.21111796061632443,ejecutar la receta,0.0,0.0
AP0273,2,270,18.333333333333332,17.328425996568466,18.333333333333332,-0.3371538875180501,0.0,-1.004907336764866,0.0,-0.8945842596188971,-1.572024459240281,ejecutar la receta: horno frio,0.3016125608429677,-0.0,16.666666666666668,11.099022662450396,16.666666666666668,-1.0067589556644325,0.0,-5.567644004216271,0.0,0.0,0.21111796061632443,ejecutar la receta,-0.0,0.0
AP0273,3,270,16.666666666666668,14.943146837022566,16.666666666666668,-0.717493603951574,0.0,-1.7235198296441023,0.0,-0.8945842596188971,-1.572024459240281,ejecutar la receta: horno frio,0.641858484472313,-0.0,13.333333333333334,4.476078621546426,13.333333333333334,-2.2925694636869585,0.0,-8.857254711786908,0.0,0.0,0.21111796061632443,ejecutar la receta,-0.0,0.0
AP0274,0,270,28.333333333333332,28.36861357512297,28.333333333333332,0.014917531883642173,0.0,0.03528024178963918,0.0,-0.8945842596188971,-1.572024459240281,ejecutar la receta: horno frio,-0.013344989215469323,-0.0,55.0,60.12343047767556,55.0,0.6982920763634362,0.0,5.123430477675562,0.0,0.0,0.21111796061632443,ejecutar la receta,0.0,0.0
AP0274,1,270,25.833333333333332,25.513840128580732,25.833333333333332,-0.11176933870860659,0.0,-0.31949320475260023,0.0,-0.8945842596188971,-1.572024459240281,ejecutar la receta: horno frio,0.09998709111673255,-0.0,26.666666666666668,32.76987836788862,26.666666666666668,1.0237846248842626,0.0,6.103211701221955,0.0,0.0,0.21111796061632443,ejecutar la receta,0.0,0.0
AP0274,2,270,18.333333333333332,19.466471303304033,18.333333333333332,0.38017621893363246,0.0,1.1331379699707007,0.0,-0.8945842596188971,-1.572024459240281,ejecutar la receta: horno frio,-0.34009966133945535,-0.0,16.666666666666668,12.098723347981771,16.666666666666668,-0.8259899234884506,0.0,-4.567943318684897,0.0,0.0,0.21111796061632443,ejecutar la receta,-0.0,0.0
AP0274,3,270,16.666666666666668,17.19429834106878,16.666666666666668,0.21965070845976178,0.0,0.5276316744021123,0.0,-0.8945842596188971,-1.572024459240281,ejecutar la receta: horno frio,-0.19649606640224224,-0.0,13.333333333333334,8.675782317531333,13.333333333333334,-1.2055382375062866,0.0,-4.657551015802001,0.0,0.0,0.21111796061632443,ejecutar la receta,-0.0,0.0
AP0275,0,270,28.333333333333332,28.4094384765625,26.474399715700507,0.032179510202893884,-0.7860122296201408,0.07610514322916728,-1.8589336176328253,-0.8945842596188971,-1.572024459240281,recomendar,-0.028787283309754573,0.7031541684861322,55.0,62.517807433425745,55.0,1.0246309353199283,0.0,7.5178074334257445,0.0,0.0,0.21111796061632443,ejecutar la receta,0.0,0.0
AP0275,1,270,25.833333333333332,20.788378530714244,23.586513506736846,-1.7648928168603097,-0.7860122296201404,-5.044954802619088,-2.246819826596486,-0.8945842596188971,-1.572024459240281,recomendar,1.57884533387769,0.7031541684861318,26.666666666666668,31.630918688651846,26.666666666666668,0.8327295763215096,0.0,4.964252021985178,0.0,0.0,0.21111796061632443,ejecutar la receta,0.0,0.0
AP0275,2,270,18.333333333333332,17.79407911434227,15.990576848611195,-0.18092380226684285,-0.7860122296201408,-0.5392542189910614,-2.3427564847221376,-0.8945842596188971,-1.572024459240281,recomendar,0.16185158569831934,0.7031541684861321,16.666666666666668,11.20916491311694,16.666666666666668,-0.9868426863821999,0.0,-5.457501753549728,0.0,0.0,0.21111796061632443,ejecutar la receta,-0.0,0.0
AP0275,3,270,16.666666666666668,16.80875125069795,16.666666666666668,0.05914917746180788,0.0,0.14208458403128077,0.0,-0.8945842596188971,-1.572024459240281,ejecutar la receta: horno frio,-0.05291392312673816,-0.0,13.333333333333334,4.7744074068609175,13.333333333333334,-2.2153514671851,0.0,-8.558925926472416,0.0,0.0,0.21111796061632443,ejecutar la receta,-0.0,0.0
AP0276,0,270,28.333333333333332,28.411795089156538,26.474399715700507,0.03317595585421832,-0.7860122296201408,0.07846175582320569,-1.8589336176328253,-0.8945842596188971,-1.572024459240281,recomendar,-0.02967868790499511,0.7031541684861322,55.0,58.72793511831631,55.0,0.5080946380867654,0.0,3.72793511831631,0.0,0.0,0.21111796061632443,ejecutar la receta,0.0,0.0
AP0276,1,270,25.833333333333332,17.755534270003036,23.586513506736846,-2.8258825104857914,-0.7860122296201404,-8.077799063330296,-2.246819826596486,-0.8945842596188971,-1.572024459240281,recomendar,2.527990013412922,0.7031541684861318,26.666666666666668,32.82164517916166,26.666666666666668,1.032468260329845,0.0,6.154978512494996,0.0,0.0,0.21111796061632443,ejecutar la receta,0.0,0.0
AP0276,2,270,18.333333333333332,18.13305206298828,15.990576848611195,-0.06719585619831905,-0.7860122296201408,-0.2002812703450516,-2.3427564847221376,-0.8945842596188971,-1.572024459240281,recomendar,0.06011235526663112,0.7031541684861321,16.666666666666668,10.78120868016803,16.666666666666668,-1.0642270826955158,0.0,-5.885457986498638,0.0,0.0,0.21111796061632443,ejecutar la receta,-0.0,0.0
AP0276,3,270,16.666666666666668,16.811295606825084,14.778555530020885,0.060208381548697607,-0.7860122296201405,0.144628940158416,-1.888111136645783,-0.8945842596188971,-1.572024459240281,recomendar,-0.053861470430593715,0.703154168486132,13.333333333333334,4.507166671752929,13.333333333333334,-2.284522781401289,0.0,-8.826166661580405,0.0,0.0,0.21111796061632443,ejecutar la receta,-0.0,0.0
AP0277,0,270,28.333333333333332,29.19701168484158,26.474399715700507,0.3651888051861216,-0.7860122296201408,0.8636783515082485,-1.8589336176328253,-0.8945842596188971,-1.572024459240281,recomendar,-0.32669215690853626,0.7031541684861322,55.0,61.88995335076445,55.0,0.9390582837644564,0.0,6.889953350764451,0.0,0.0,0.21111796061632443,ejecutar la receta,0.0,0.0
AP0277,1,270,25.833333333333332,26.58982691786024,23.586513506736846,0.2646465916085738,-0.7860122296201404,0.7564935845269076,-2.246819826596486,-0.8945842596188971,-1.572024459240281,recomendar,-0.2367486752148206,0.7031541684861318,26.666666666666668,33.14218843900241,26.666666666666668,1.0862378618282715,0.0,6.4755217723357426,0.0,0.0,0.21111796061632443,ejecutar la receta,0.0,0.0
AP0277,2,270,16.666666666666668,23.467469923231334,14.736088024563259,2.2817200873245316,-0.6477234970141178,6.8008032565646666,-1.9305786421034092,-0.8945842596188971,-1.572024459240281,recomendar,-2.041190874976781,0.5794432450141375,16.666666666666668,11.409102327861481,16.666666666666668,-0.9506893722130416,0.0,-5.257564338805187,0.0,0.0,0.21111796061632443,ejecutar la receta,-0.0,0.0
AP0277,3,270,16.666666666666668,16.619674540031347,14.778555530020885,-0.01956261234539266,-0.7860122296201405,-0.046992126635320375,-1.888111136645783,-0.8945842596188971,-1.572024459240281,recomendar,0.017500405081214587,0.703154168486132,13.333333333333334,6.697723132799286,13.333333333333334,-1.7175296199204577,0.0,-6.635610200534048,0.0,0.0,0.21111796061632443,ejecutar la receta,-0.0,0.0
AP0278,0,270,28.333333333333332,27.882991366916226,26.474399715700507,-0.19041793088113645,-0.7860122296201408,-0.4503419664171062,-1.8589336176328253,-0.8945842596188971,-1.572024459240281,recomendar,0.17034488371546377,0.7031541684861322,55.0,62.274255764868954,55.0,0.9914363401986807,0.0,7.274255764868954,0.0,0.0,0.21111796061632443,ejecutar la receta,0.0,0.0
AP0278,1,270,25.833333333333332,19.318380192347934,23.586513506736846,-2.279147078728506,-0.7860122296201404,-6.514953140985398,-2.246819826596486,-0.8945842596188971,-1.572024459240281,recomendar,2.038889101986913,0.7031541684861318,26.666666666666668,2.601479946038662,26.666666666666668,-4.036820180203657,0.0,-24.065186720628006,0.0,0.0,0.21111796061632443,ejecutar la receta,-0.0,0.0
AP0278,2,270,16.666666666666668,13.64414537491337,14.736088024563259,-1.014078379506495,-0.6477234970141178,-3.022521291753298,-1.9305786421034092,-0.8945842596188971,-1.572024459240281,recomendar,0.9071785563263488,0.5794432450141375,16.666666666666668,1.582411535959395,16.666666666666668,-2.7275826060118935,0.0,-15.084255130707273,0.0,0.0,0.21111796061632443,ejecutar la receta,-0.0,0.0
AP0278,3,270,16.666666666666668,21.15976442815615,14.778555530020885,1.8704565217932714,-0.7860122296201405,4.493097761489484,-1.888111136645783,-0.8945842596188971,-1.572024459240281,recomendar,-1.6732809626977712,0.703154168486132,13.333333333333334,15.077557535816851,13.333333333333334,0.45146665355756943,0.0,1.744224202483517,0.0,0.0,0.21111796061632443,ejecutar la receta,0.0,0.0
AP0279,0,270,28.333333333333332,29.066578798647278,26.474399715700507,0.31003791506239264,-0.7860122296201408,0.7332454653139457,-1.8589336176328253,-0.8945842596188971,-1.572024459240281,recomendar,-0.27735503869987704,0.7031541684861322,55.0,65.18682900705646,55.0,1.3884021672377589,0.0,10.18682900705646,0.0,0.0,0.21111796061632443,ejecutar la receta,0.0,0.0
AP0279,1,270,25.833333333333332,27.498267306857638,23.586513506736846,0.5824492241029107,-0.7860122296201404,1.664933973524306,-2.246819826596486,-0.8945842596188971,-1.572024459240281,recomendar,-0.5210499079097034,0.7031541684861318,26.666666666666668,27.22824182754908,26.666666666666668,0.09420155216198878,0.0,0.5615751608824127,0.0,0.0,0.21111796061632443,ejecutar la receta,0.0,0.0
AP0279,2,270,16.666666666666668,16.956607225206163,14.736088024563259,0.0972772144100872,-0.6477234970141178,0.2899405585394952,-1.9305786421034092,-0.8945842596188971,-1.572024459240281,recomendar,-0.08702266483083657,0.5794432450141375,16.666666666666668,9.453005230616009,16.666666666666668,-1.304397021141341,0.0,-7.213661436050659,0.0,0.0,0.21111796061632443,ejecutar la receta,-0.0,0.0
AP0279,3,270,16.666666666666668,16.67440598259022,14.778555530020885,0.0032218426377230856,-0.7860122296201405,0.00773931592355126,-1.888111136645783,-0.8945842596188971,-1.572024459240281,recomendar,-0.002882209710676101,0.703154168486132,13.333333333333334,5.4325814880191645,13.333333333333334,-2.0449928347021014,0.0,-7.900751845314169,0.0,0.0,0.21111796061632443,ejecutar la receta,-0.0,0.0
AP0280,0,270,28.333333333333332,28.939193205656828,26.474399715700507,0.25617551082258494,-0.7860122296201408,0.6058598723234958,-1.8589336176328253,-0.8945842596188971,-1.572024459240281,recomendar,-0.22917057968171492,0.7031541684861322,55.0,61.66935254168766,55.0,0.9089917496934067,0.0,6.669352541687658,0.0,0.0,0.21111796061632443,ejecutar la receta,0.0,0.0
AP0280,1,270,25.833333333333332,25.72973299153646,23.586513506736846,-0.03624284185195315,-0.7860122296201404,-0.10360034179687361,-2.246819826596486,-0.8945842596188971,-1.572024459240281,recomendar,0.03242227584461429,0.7031541684861318,26.666666666666668,33.50589224008414,26.666666666666668,1.1472474380625164,0.0,6.839225573417469,0.0,0.0,0.21111796061632443,ejecutar la receta,0.0,0.0
AP0280,2,270,16.666666666666668,18.905057101779512,14.736088024563259,0.7509966435423687,-0.6477234970141178,2.2383904351128443,-1.9305786421034092,-0.8945842596188971,-1.572024459240281,recomendar,-0.6718297763396266,0.5794432450141375,16.666666666666668,10.634613763718379,16.666666666666668,-1.090734838018737,0.0,-6.032052902948289,0.0,0.0,0.21111796061632443,ejecutar la receta,-0.0,0.0
AP0280,3,270,16.666666666666668,17.939646537645462,14.778555530020885,0.5299358322874578,-0.7860122296201405,1.2729798709787943,-1.888111136645783,-0.8945842596188971,-1.572024459240281,recomendar,-0.4740722541723994,0.703154168486132,13.333333333333334,5.060582606783225,13.333333333333334,-2.1412792466207184,0.0,-8.27275072655011,0.0,0.0,0.21111796061632443,ejecutar la receta,-0.0,0.0
AP0281,0,280,28.333333333333332,29.06204360396774,26.597590576847246,0.3134266407937954,-0.7465628568319354,0.7287102706344086,-1.7357427564860863,-0.7301881173273952,-1.4931257136638698,recomendar,-0.22886040876147123,0.5451313268966725,55.0,62.91096598307292,55.0,1.0930884904008804,0.0,7.91096598307292,0.0,0.0,0.7074383229619827,ejecutar la receta,0.0,0.0
AP0281,1,280,25.833333333333332,23.98056705729167,23.634902091105726,-0.6291788696934485,-0.7465628568319347,-1.8527662760416632,-2.198431242227606,-0.7301881173273952,-1.4931257136638698,recomendar,0.4594189343236376,0.5451313268966721,26.666666666666668,33.43176026955629,26.666666666666668,1.0982627882026255,0.0,6.765093602889625,0.0,0.0,0.7074383229619827,ejecutar la receta,0.0,0.0
AP0281,2,280,16.666666666666668,16.333037846883137,14.565922407008985,-0.11251794445042536,-0.7084862334916944,-0.33362881978353087,-2.1007442596576826,-0.7301881173273952,-1.4931257136638698,recomendar,0.08215926602380452,0.5173282289856777,16.666666666666668,10.813375466967384,16.666666666666668,-1.0689493480395476,0.0,-5.853291199699283,0.0,0.0,0.7074383229619827,ejecutar la receta,-0.0,0.0
AP0281,3,280,16.666666666666668,14.078090313364223,14.884857376357367,-1.0845913577617496,-0.7465628568319346,-2.588576353302445,-1.781809290309301,-0.7301881173273952,-1.4931257136638698,recomendar,0.7919557215936153,0.5451313268966719,13.333333333333334,4.448428128098277,13.333333333333334,-2.314420432834545,0.0,-8.884905205235057,0.0,0.0,0.7074383229619827,ejecutar la receta,-0.0,0.0
AP0282,0,280,28.333333333333332,29.275626559787327,26.597590576847246,0.4052911184483546,-0.7465628568319354,0.9422932264539945,-1.7357427564860863,-0.7301881173273952,-1.4931257136638698,recomendar,-0.29593875874931835,0.5451313268966725,55.0,66.0229720577117,55.0,1.5230862971824894,0.0,11.022972057711698,0.0,0.0,0.7074383229619827,ejecutar la receta,0.0,0.0
AP0282,1,280,25.833333333333332,26.83052528211806,23.634902091105726,0.338635321312203,-0.7465628568319347,0.997191948784728,-2.198431242227606,-0.7301881173273952,-1.4931257136638698,recomendar,-0.24726748772951504,0.5451313268966721,26.666666666666668,27.5354495317508,26.666666666666668,0.14104045675619475,0.0,0.8687828650841318,0.0,0.0,0.7074383229619827,ejecutar la receta,0.0,0.0
AP0282,2,280,16.666666666666668,17.17400125291612,14.565922407008985,0.17110106024543548,-0.7084862334916944,0.5073345862494527,-2.1007442596576826,-0.7301881173273952,-1.4931257136638698,recomendar,-0.12493596105333575,0.5173282289856777,16.666666666666668,9.566042267330108,16.666666666666668,-1.296741877925785,0.0,-7.10062439933656,0.0,0.0,0.7074383229619827,ejecutar la receta,-0.0,0.0
AP0282,3,280,16.666666666666668,16.598646688336355,14.884857376357367,-0.028499789298499657,-0.7465628568319346,-0.06801997833031237,-1.781809290309301,-0.7301881173273952,-1.4931257136638698,recomendar,0.020810207492098907,0.5451313268966719,13.333333333333334,5.4427048160199005,13.333333333333334,-2.055422252295602,0.0,-7.890628517313433,0.0,0.0,0.7074383229619827,ejecutar la receta,-0.0,0.0
AP0283,0,280,28.333333333333332,29.590357654712818,26.597590576847246,0.540660570219592,-0.7465628568319354,1.257024321379486,-1.7357427564860863,-0.7301881173273952,-1.4931257136638698,recomendar,-0.39478392388179984,0.5451313268966725,55.0,63.00670914188507,55.0,1.1063176896107005,0.0,8.006709141885068,0.0,0.0,0.7074383229619827,ejecutar la receta,0.0,0.0
AP0283,1,280,25.833333333333332,20.87095722113715,23.634902091105726,-1.6851678669021464,-0.7465628568319347,-4.962376112196182,-2.198431242227606,-0.7301881173273952,-1.4931257136638698,recomendar,1.2304895521139008,0.5451313268966721,26.666666666666668,33.19866739908854,26.666666666666668,1.0604218888955235,0.0,6.532000732421874,0.0,0.0,0.7074383229619827,ejecutar la receta,0.0,0.0
AP0283,2,280,16.666666666666668,17.09376355018936,14.565922407008985,0.1440405041936622,-0.7084862334916944,0.4270968835226938,-2.1007442596576826,-0.7301881173273952,-1.4931257136638698,recomendar,-0.10517666457605897,0.5173282289856777,16.666666666666668,10.128627159481956,16.666666666666668,-1.1940005768072768,0.0,-6.5380395071847115,0.0,0.0,0.7074383229619827,ejecutar la receta,-0.0,0.0
AP0283,3,280,16.666666666666668,16.639304027819477,14.884857376357367,-0.011464711705859871,-0.7465628568319346,-0.027362638847190368,-1.781809290309301,-0.7301881173273952,-1.4931257136638698,recomendar,0.00837139625620317,0.5451313268966719,13.333333333333334,5.814098225222847,13.333333333333334,-1.9586783394429446,0.0,-7.519235108110487,0.0,0.0,0.7074383229619827,ejecutar la receta,-0.0,0.0
AP0284,0,280,28.333333333333332,28.321518984194153,26.597590576847246,-0.005081486995694789,-0.7465628568319354,-0.011814349139179114,-1.7357427564860863,-0.7301881173273952,-1.4931257136638698,recomendar,0.00371044142261002,0.5451313268966725,55.0,61.30719939201108,55.0,0.8714899137251405,0.0,6.3071993920110785,0.0,0.0,0.7074383229619827,ejecutar la receta,0.0,0.0
AP0284,1,280,25.0,25.675902798122834,22.801568757772394,0.22952909066011143,-0.7465628568319347,0.6759027981228343,-2.198431242227606,-0.7301881173273952,-1.4931257136638698,recomendar,-0.16759941458097577,0.5451313268966721,26.666666666666668,31.96542201898037,26.666666666666668,0.8602136450484493,0.0,5.298755352313702,0.0,0.0,0.7074383229619827,ejecutar la receta,0.0,0.0
AP0284,2,280,16.666666666666668,13.680958449045818,14.565922407008985,-1.006944638635876,-0.7084862334916944,-2.98570821762085,-2.1007442596576826,-0.7301881173273952,-1.4931257136638698,recomendar,0.7352590099384446,0.5173282289856777,16.666666666666668,11.5928224109468,16.666666666666668,-0.9266039095209548,0.0,-5.073844255719868,0.0,0.0,0.7074383229619827,ejecutar la receta,-0.0,0.0
AP0284,3,280,16.666666666666668,8.407520791512948,14.884857376357367,-3.4605114997891326,-0.7465628568319346,-8.25914587515372,-1.781809290309301,-0.7301881173273952,-1.4931257136638698,recomendar,2.5268243770208274,0.5451313268966719,13.333333333333334,4.758456834157307,13.333333333333334,-2.2336613526312474,0.0,-8.574876499176028,0.0,0.0,0.7074383229619827,ejecutar la receta,-0.0,0.0
AP0285,0,280,28.333333333333332,29.392989863642935,26.597590576847246,0.45577042080249913,-0.7465628568319354,1.0596565303096028,-1.7357427564860863,-0.7301881173273952,-1.4931257136638698,recomendar,-0.3327981454992915,0.5451313268966725,55.0,65.58391480804771,55.0,1.4624200742127946,0.0,10.583914808047709,0.0,0.0,0.7074383229619827,ejecutar la receta,0.0,0.0
AP0285,1,280,25.0,27.743341539171006,22.801568757772394,0.9316083475387505,-0.7465628568319347,2.7433415391710056,-2.198431242227606,-0.7301881173273952,-1.4931257136638698,recomendar,-0.680249345375806,0.5451313268966721,26.666666666666668,27.526194332807496,26.666666666666668,0.13953794382828769,0.0,0.8595276661408278,0.0,0.0,0.7074383229619827,ejecutar la receta,0.0,0.0
AP0285,2,280,16.666666666666668,18.01042784796821,14.565922407008985,0.45319000334091775,-0.7084862334916944,1.3437611813015415,-2.1007442596576826,-0.7301881173273952,-1.4931257136638698,recomendar,-0.3309139553311007,0.5173282289856777,16.666666666666668,9.652394467308406,16.666666666666668,-1.2809719247969666,0.0,-7.0142721993582615,0.0,0.0,0.7074383229619827,ejecutar la receta,-0.0,0.0
AP0285,3,280,16.666666666666668,16.68206080843212,14.884857376357367,0.006450013768250295,-0.7465628568319346,0.015394141765451508,-1.781809290309301,-0.7301881173273952,-1.4931257136638698,recomendar,-0.00470972341017446,0.5451313268966719,13.333333333333334,5.5189183058547995,13.333333333333334,-2.0355694734468655,0.0,-7.8144150274785344,0.0,0.0,0.7074383229619827,ejecutar la receta,-0.0,0.0
AP0286,0,280,28.333333333333332,29.208555523907695,26.597590576847246,0.3764430970639273,-0.7465628568319354,0.8752221905743625,-1.7357427564860863,-0.7301881173273952,-1.4931257136638698,recomendar,-0.274874276326003,0.5451313268966725,55.0,64.76679057459677,55.0,1.3495148870682638,0.0,9.766790574596769,0.0,0.0,0.7074383229619827,ejecutar la receta,0.0,0.0
AP0286,1,280,25.0,25.68312687174479,22.801568757772394,0.23198230590631877,-0.7465628568319347,0.6831268717447898,-2.198431242227606,-0.7301881173273952,-1.4931257136638698,recomendar,-0.16939072320300277,0.5451313268966721,26.666666666666668,32.72141645382612,26.666666666666668,0.9829437363992506,0.0,6.054749787159455,0.0,0.0,0.7074383229619827,ejecutar la receta,0.0,0.0
AP0286,2,280,16.666666666666668,22.812344301011827,14.565922407008985,2.0726597154290713,-0.7084862334916944,6.145677634345159,-2.1007442596576826,-0.7301881173273952,-1.4931257136638698,recomendar,-1.5134314954694883,0.5173282289856777,16.666666666666668,9.395401945568267,16.666666666666668,-1.3279048347091327,0.0,-7.271264721098401,0.0,0.0,0.7074383229619827,ejecutar la receta,-0.0,0.0
AP0286,3,280,16.666666666666668,16.626207503071832,14.884857376357367,-0.01695204359000051,-0.7465628568319346,-0.0404591635948357,-1.781809290309301,-0.7301881173273952,-1.4931257136638698,recomendar,0.012378180793834409,0.5451313268966719,13.333333333333334,4.816964603278957,13.333333333333334,-2.218420719984438,0.0,-8.516368730054378,0.0,0.0,0.7074383229619827,ejecutar la receta,-0.0,0.0
AP0287,0,280,28.333333333333332,29.16378968415437,26.597590576847246,0.3571887962236458,-0.7465628568319354,0.8304563508210379,-1.7357427564860863,-0.7301881173273952,-1.4931257136638698,recomendar,-0.2608150146449825,0.5451313268966725,55.0,59.01398387621846,55.0,0.554627536654479,0.0,4.013983876218461,0.0,0.0,0.7074383229619827,ejecutar la receta,0.0,0.0
AP0287,1,280,25.0,27.325903645833332,22.801568757772394,0.7898510707069772,-0.7465628568319347,2.325903645833332,-2.198431242227606,-0.7301881173273952,-1.4931257136638698,recomendar,-0.576739866288555,0.5451313268966721,26.666666666666668,33.80067592523037,26.666666666666668,1.1581535096612543,0.0,7.1340092585637045,0.0,0.0,0.7074383229619827,ejecutar la receta,0.0,0.0
AP0287,2,280,16.666666666666668,20.321378614637588,14.565922407008985,1.232569405157837,-0.7084862334916944,3.6547119479709202,-2.1007442596576826,-0.7301881173273952,-1.4931257136638698,recomendar,-0.9000075334275484,0.5173282289856777,16.666666666666668,10.35711124965123,16.666666666666668,-1.1522739804547153,0.0,-6.309555417015439,0.0,0.0,0.7074383229619827,ejecutar la receta,-0.0,0.0
AP0287,3,280,16.666666666666668,18.539669876254727,14.884857376357367,0.7847723292332331,-0.7465628568319346,1.8730032095880595,-1.781809290309301,-0.7301881173273952,-1.4931257136638698,recomendar,-0.5730314296134493,0.5451313268966719,13.333333333333334,4.989890962092181,13.333333333333334,-2.1733752986807655,0.0,-8.343442371241153,0.0,0.0,0.7074383229619827,ejecutar la receta,-0.0,0.0
AP0288,0,280,28.333333333333332,29.194388303403503,26.597590576847246,0.3703496131225689,-0.7465628568319354,0.8610549700701711,-1.7357427564860863,-0.7301881173273952,-1.4931257136638698,recomendar,-0.27042488675889775,0.5451313268966725,55.0,63.755880901377694,55.0,1.2098336229855866,0.0,8.755880901377694,0.0,0.0,0.7074383229619827,ejecutar la receta,0.0,0.0
AP0288,1,280,25.0,27.879966430664062,22.801568757772394,0.9780046447475078,-0.7465628568319347,2.879966430664062,-2.198431242227606,-0.7301881173273952,-1.4931257136638698,recomendar,-0.7141273702856307,0.5451313268966721,26.666666666666668,27.696543688651847,26.666666666666668,0.16719289873360133,0.0,1.029877021985179,0.0,0.0,0.7074383229619827,ejecutar la receta,0.0,0.0
AP0288,2,280,16.666666666666668,17.261204715304906,14.565922407008985,0.20051085267077945,-0.7084862334916944,0.5945380486382383,-2.1007442596576826,-0.7301881173273952,-1.4931257136638698,recomendar,-0.14641064201538714,0.5173282289856777,16.666666666666668,8.992013670906188,16.666666666666668,-1.401573069979741,0.0,-7.67465299576048,0.0,0.0,0.7074383229619827,ejecutar la receta,-0.0,0.0
AP0288,3,280,16.666666666666668,16.723118802546416,14.884857376357367,0.023652962225454394,-0.7465628568319346,0.05645213587974851,-1.781809290309301,-0.7301881173273952,-1.4931257136638698,recomendar,-0.017271111956620542,0.5451313268966719,13.333333333333334,5.233867023477691,13.333333333333334,-2.109822208518316,0.0,-8.099466309855643,0.0,0.0,0.7074383229619827,ejecutar la receta,-0.0,0.0
AP0289,0,280,28.333333333333332,29.58919848406756,26.597590576847246,0.5401619976371937,-0.7465628568319354,1.2558651507342269,-1.7357427564860863,-0.7301881173273952,-1.4931257136638698,recomendar,-0.39441987210650736,0.5451313268966725,55.0,65.22798914755545,55.0,1.4132404615390846,0.0,10.227989147555448,0.0,0.0,0.7074383229619827,ejecutar la receta,0.0,0.0
AP0289,1,280,25.0,24.91483093261719,22.801568757772394,-0.028922470276848418,-0.7465628568319347,-0.08516906738281094,-2.198431242227606,-0.7301881173273952,-1.4931257136638698,recomendar,0.02111884411990949,0.5451313268966721,26.666666666666668,32.71665602463943,26.666666666666668,0.9821709160158949,0.0,6.049989357972759,0.0,0.0,0.7074383229619827,ejecutar la receta,0.0,0.0
AP0289,2,280,16.666666666666668,17.729567294650604,14.565922407008985,0.3584684137701775,-0.7084862334916944,1.062900627983936,-2.1007442596576826,-0.7301881173273952,-1.4931257136638698,recomendar,-0.26174937617218363,0.5173282289856777,16.666666666666668,10.883118450830853,16.666666666666668,-1.0562126304241626,0.0,-5.783548215835815,0.0,0.0,0.7074383229619827,ejecutar la receta,-0.0,0.0
AP0289,3,280,16.666666666666668,16.564686897361966,14.884857376357367,-0.04272865133505043,-0.7465628568319346,-0.10197976930470176,-1.781809290309301,-0.7301881173273952,-1.4931257136638698,recomendar,0.031199953474279164,0.5451313268966719,13.333333333333334,5.343252770835212,13.333333333333334,-2.0813284201325986,0.0,-7.990080562498122,0.0,0.0,0.7074383229619827,ejecutar la receta,-0.0,0.0
AP0290,0,280,28.333333333333332,29.25027314362702,26.597590576847246,0.3943863235250525,-0.7465628568319354,0.9169398102936874,-1.7357427564860863,-0.7301881173273952,-1.4931257136638698,recomendar,-0.2879762070744311,0.5451313268966725,55.0,62.56664829049059,55.0,1.0455127951433796,0.0,7.5666482904905905,0.0,0.0,0.7074383229619827,ejecutar la receta,0.0,0.0
AP0290,1,280,25.0,25.60676327853733,22.801568757772394,0.20605007695693997,-0.7465628568319347,0.6067632785373291,-2.198431242227606,-0.7301881173273952,-1.4931257136638698,recomendar,-0.1504553177683529,0.5451313268966721,26.666666666666668,34.232012469951925,26.666666666666668,1.2281777996514527,0.0,7.565345803285258,0.0,0.0,0.7074383229619827,ejecutar la receta,0.0,0.0
AP0290,2,280,16.666666666666668,18.774854558308917,14.565922407008985,0.7109966346335749,-0.7084862334916944,2.108187891642249,-2.1007442596576826,-0.7301881173273952,-1.4931257136638698,recomendar,-0.519161294069204,0.5173282289856777,16.666666666666668,8.910678100585937,16.666666666666668,-1.4164268679371574,0.0,-7.755988566080731,0.0,0.0,0.7074383229619827,ejecutar la receta,-0.0,0.0
AP0290,3,280,16.666666666666668,16.79347280584448,14.884857376357367,0.05313068802777557,-0.7465628568319346,0.12680613917781258,-1.781809290309301,-0.7301881173273952,-1.4931257136638698,recomendar,-0.038795397063310616,0.5451313268966719,13.333333333333334,5.248405777159276,13.333333333333334,-2.106035022520115,0.0,-8.084927556174058,0.0,0.0,0.7074383229619827,ejecutar la receta,-0.0,0.0
AP0291,0,290,28.333333333333332,26.92963901285352,26.69690836896806,-0.6135294145217093,-0.7152517721611557,-1.4036943204798114,-1.636424964365272,-0.6275548984341908,-1.4305035443223129,recomendar,0.3850233894165598,0.448859753233469,55.0,61.72105115664902,60.34639773421081,0.9357401794446905,0.7443536819748633,6.721051156649018,5.346397734210811,1.6913279589797112,1.488707363949726,recomendar,1.5826435278354969,1.2589461936935786
AP0291,1,290,25.0,23.641807868109808,22.90800881203556,-0.4643658801522216,-0.715251772161156,-1.358192131890192,-2.091991187964439,-0.6275548984341908,-1.4305035443223129,recomendar,0.291415082755231,0.44885975323346916,26.666666666666668,32.66785536545974,31.190251805443154,0.9874926119729823,0.7443536819748631,6.001188698793069,4.523585138776486,1.6913279589797112,1.488707363949726,recomendar,1.6701738639158081,1.2589461936935782
AP0291,2,290,16.666666666666668,18.945133310953775,14.559705888946525,0.7734730149556196,-0.7152517721611563,2.278466644287107,-2.1069607777201433,-0.6275548984341908,-1.4305035443223129,recomendar,-0.48539677934206116,0.4488597532334694,16.666666666666668,11.011318097795758,19.207564869229753,-1.0479177459370779,0.47082019519392404,-5.6553485688709095,2.540898202563085,1.6913279589797112,1.488707363949726,recomendar,-1.7723725824143775,0.7963113597837689
AP0291,3,290,16.666666666666668,16.792533271979785,14.947306657581386,0.0523603620128462,-0.7152517721611562,0.12586660531311722,-1.7193600090852819,-0.6275548984341908,-1.4305035443223129,recomendar,-0.03285900166494916,0.4488597532334693,13.333333333333334,5.436578140478454,13.991169165293384,-2.0856035243882287,0.1737403143567294,-7.89675519285488,0.6578358319600497,1.6913279589797112,1.488707363949726,recomendar,-3.5274395521444353,0.29385185127346053
AP0292,0,290,28.333333333333332,29.25990009449146,26.69690836896806,0.4049855828256867,-0.7152517721611557,0.9265667611581279,-1.636424964365272,-0.6275548984341908,-1.4305035443223129,recomendar,-0.2541506862974854,0.448859753233469,55.0,62.05053837273711,60.34639773421081,0.9816131269228525,0.7443536819748633,7.050538372737108,5.346397734210811,1.6913279589797112,1.488707363949726,recomendar,1.6602297264661203,1.2589461936935786
AP0292,1,290,25.0,27.421955661349827,22.90800881203556,0.8280666232450953,-0.715251772161156,2.421955661349827,-2.091991187964439,-0.6275548984341908,-1.4305035443223129,recomendar,-0.5196572656473191,0.44885975323346916,26.666666666666668,28.169568418845156,31.190251805443154,0.24730173492061383,0.7443536819748631,1.502901752178488,4.523585138776486,1.6913279589797112,1.488707363949726,recomendar,0.41826833857542334,1.2589461936935782
AP0292,2,290,16.666666666666668,18.67622077094184,14.559705888946525,0.682185045652262,-0.7152517721611563,2.0095541042751712,-2.1069607777201433,-0.6275548984341908,-1.4305035443223129,recomendar,-0.428108567037629,0.4488597532334694,16.666666666666668,9.871409122527592,19.207564869229753,-1.2591391816080093,0.47082019519392404,-6.795257544139076,2.540898202563085,1.6913279589797112,1.488707363949726,recomendar,-2.1296173021004585,0.7963113597837689
AP0292,3,290,16.666666666666668,16.852171180240653,14.947306657581386,0.07716966276787753,-0.7152517721611562,0.185504513573985,-1.7193600090852819,-0.6275548984341908,-1.4305035443223129,recomendar,-0.04842819988049613,0.4488597532334693,13.333333333333334,5.587260110088219,13.991169165293384,-2.0458070713888707,0.1737403143567294,-7.746073223245115,0.6578358319600497,1.6913279589797112,1.488707363949726,recomendar,-3.4601306985183986,0.29385185127346053
AP0293,0,290,28.333333333333332,29.797772499367042,26.69690836896806,0.6400798884989466,-0.7152517721611557,1.46443916603371,-1.636424964365272,-0.6275548984341908,-1.4305035443223129,recomendar,-0.4016852694167246,0.448859753233469,55.0,62.870299242901545,60.34639773421081,1.095744557538515,0.7443536819748633,7.870299242901545,5.346397734210811,1.6913279589797112,1.488707363949726,recomendar,1.8532634060647435,1.2589461936935786
AP0293,1,290,25.0,28.27999164496528,22.90800881203556,1.1214291198893327,-0.715251772161156,3.2799916449652784,-2.091991187964439,-0.6275548984341908,-1.4305035443223129,recomendar,-0.7037583374332941,0.44885975323346916,26.666666666666668,34.59656012119392,31.190251805443154,1.3048600190914585,0.7443536819748631,7.9298934545272495,4.523585138776486,1.6913279589797112,1.488707363949726,recomendar,2.206946232844184,1.2589461936935782
AP0293,2,290,16.666666666666668,18.68018916659885,14.559705888946525,0.6835322003104448,-0.7152517721611563,2.013522499932183,-2.1069607777201433,-0.6275548984341908,-1.4305035443223129,recomendar,-0.4289539805423201,0.4488597532334694,16.666666666666668,10.817473880828373,19.207564869229753,-1.0838364505816538,0.47082019519392404,-5.849192785838294,2.540898202563085,1.6913279589797112,1.488707363949726,recomendar,-1.833122891830083,0.7963113597837689
AP0293,3,290,16.666666666666668,14.87167462511635,14.947306657581386,-0.7467146100583494,-0.7152517721611562,-1.7949920415503176,-1.7193600090852819,-0.6275548984341908,-1.4305035443223129,recomendar,0.46860441127449387,0.4488597532334693,13.333333333333334,4.949442016131999,13.991169165293384,-2.21426052248196,0.1737403143567294,-8.383891317201336,0.6578358319600497,1.6913279589797112,1.488707363949726,recomendar,-3.7450407301387614,0.29385185127346053
AP0294,0,290,28.333333333333332,27.6100124669958,26.69690836896806,-0.3161504760407581,-0.7152517721611557,-0.7233208663375308,-1.636424964365272,-0.6275548984341908,-1.4305035443223129,recomendar,0.198401779881679,0.448859753233469,55.0,60.057824542958244,60.34639773421081,0.7041770007576004,0.7443536819748633,5.057824542958244,5.346397734210811,1.6913279589797112,1.488707363949726,recomendar,1.1909942494518069,1.2589461936935786
AP0294,1,290,25.0,22.88798214382596,22.90800881203556,-0.7220988898783867,-0.715251772161156,-2.1120178561740417,-2.091991187964439,-0.6275548984341908,-1.4305035443223129,recomendar,0.4531566954970729,0.44885975323346916,26.666666666666668,33.33172036195413,31.190251805443154,1.096731266561119,0.7443536819748631,6.665053695287465,4.523585138776486,1.6913279589797112,1.488707363949726,recomendar,1.8549322546220515,1.2589461936935782
AP0294,2,290,16.666666666666668,17.52190272543165,14.559705888946525,0.29032771426798126,-0.7152517721611563,0.8552360587649837,-2.1069607777201433,-0.6275548984341908,-1.4305035443223129,recomendar,-0.18219657924007376,0.4488597532334694,16.666666666666668,11.467704772949217,19.207564869229753,-0.9633507753819784,0.47082019519392404,-5.198961893717451,2.540898202563085,1.6913279589797112,1.488707363949726,recomendar,-1.629342100708324,0.7963113597837689
AP0294,3,290,16.666666666666668,21.624657207193604,14.947306657581386,2.062518321777626,-0.7152517721611562,4.957990540526936,-1.7193600090852819,-0.6275548984341908,-1.4305035443223129,recomendar,-1.2943434759418158,0.4488597532334693,13.333333333333334,5.4369857756438495,13.991169165293384,-2.085495864302934,0.1737403143567294,-7.896347557689484,0.6578358319600497,1.6913279589797112,1.488707363949726,recomendar,-3.5272574636321106,0.29385185127346053
AP0295,0,290,28.333333333333332,29.358457901566112,26.69690836896806,0.44806341878243944,-0.7152517721611557,1.0251245682327799,-1.636424964365272,-0.6275548984341908,-1.4305035443223129,recomendar,-0.28118439326609007,0.448859753233469,55.0,64.75309277606266,60.34639773421081,1.3578770004428604,0.7443536819748633,9.753092776062658,5.346397734210811,1.6913279589797112,1.488707363949726,recomendar,2.2966153357045154,1.2589461936935786
AP0295,1,290,25.0,28.085338351779516,22.90800881203556,1.0548771603451856,-0.715251772161156,3.085338351779516,-2.091991187964439,-0.6275548984341908,-1.4305035443223129,recomendar,-0.6619933292209705,0.44885975323346916,26.666666666666668,27.678289481921073,31.190251805443154,0.16646203049204947,0.7443536819748631,1.0116228152544053,4.523585138776486,1.6913279589797112,1.488707363949726,recomendar,0.2815418862797365,1.2589461936935782
AP0295,2,290,16.666666666666668,17.034838935004338,14.559705888946525,0.12498375393302583,-0.7152517721611563,0.3681722683376698,-2.1069607777201433,-0.6275548984341908,-1.4305035443223129,recomendar,-0.07843416700536392,0.4488597532334694,16.666666666666668,9.377307685973154,19.207564869229753,-1.3506945751178692,0.47082019519392404,-7.289358980693514,2.540898202563085,1.6913279589797112,1.488707363949726,recomendar,-2.284467498939074,0.7963113597837689
AP0295,3,290,16.666666666666668,16.694991258864047,14.947306657581386,0.01178299754435681,-0.7152517721611562,0.028324592197378706,-1.7193600090852819,-0.6275548984341908,-1.4305035443223129,recomendar,-0.007394477827199156,0.4488597532334693,13.333333333333334,5.353036264713785,13.991169165293384,-2.107667679382732,0.1737403143567294,-7.980297068619549,0.6578358319600497,1.6913279589797112,1.488707363949726,recomendar,-3.5647572743779,0.29385185127346053
AP0296,0,290,28.833333333333332,29.722585257071035,27.19690836896806,0.3886759418864112,-0.7152517721611557,0.889251923737703,-1.636424964365272,-0.6275548984341908,-1.4305035443223129,recomendar,-0.24391549123434023,0.448859753233469,55.0,62.79674387285786,60.34639773421081,1.0855037910929706,0.7443536819748633,7.79674387285786,5.346397734210811,1.6913279589797112,1.488707363949726,recomendar,1.835942911454013,1.2589461936935786
AP0296,1,290,26.333333333333332,23.96392467830492,24.241342145368893,-0.8101008021606737,-0.715251772161156,-2.369408655028412,-2.091991187964439,-0.6275548984341908,-1.4305035443223129,recomendar,0.508382726621398,0.44885975323346916,26.666666666666668,26.230593099349583,31.190251805443154,-0.07175568835036432,0.7443536819748631,-0.43607356731708435,4.523585138776486,1.6913279589797112,1.488707363949726,recomendar,-0.12136240192280592,1.2589461936935782
AP0296,2,290,18.333333333333332,22.847221243116586,16.22637255561319,1.532333378461269,-0.7152517721611563,4.513887909783254,-2.1069607777201433,-0.6275548984341908,-1.4305035443223129,recomendar,-0.961623317687582,0.4488597532334694,16.666666666666668,11.460604028853158,19.207564869229753,-0.9646665202307709,0.47082019519392404,-5.20606263781351,2.540898202563085,1.6913279589797112,1.488707363949726,recomendar,-1.63156745675797,0.7963113597837689
AP0296,3,290,16.666666666666668,21.51552238059697,14.947306657581386,2.017118360329604,-0.7152517721611562,4.848855713930302,-1.7193600090852819,-0.6275548984341908,-1.4305035443223129,recomendar,-1.265852507746386,0.4488597532334693,13.333333333333334,8.082533444410519,13.991169165293384,-1.3867831136646447,0.1737403143567294,-5.250799888922815,0.6578358319600497,1.6913279589797112,1.488707363949726,recomendar,-2.345505053181953,0.29385185127346053
AP0297,0,290,28.833333333333332,22.689179647940175,27.19690836896806,-2.6854985151198254,-0.7152517721611557,-6.144153685393157,-1.636424964365272,-0.6275548984341908,-1.4305035443223129,recomendar,1.6852977479011921,0.448859753233469,55.0,62.62770287298387,60.34639773421081,1.0619690118048952,0.7443536819748633,7.627702872983868,5.346397734210811,1.6913279589797112,1.488707363949726,recomendar,1.796137881235674,1.2589461936935786
AP0297,1,290,26.333333333333332,13.843997934977216,24.241342145368893,-4.270103683123697,-0.715251772161156,-12.489335398356117,-2.091991187964439,-0.6275548984341908,-1.4305035443223129,recomendar,2.6797244831661557,0.44885975323346916,26.666666666666668,32.31627854567308,31.190251805443154,0.9296408213518835,0.7443536819748631,5.649611879006411,4.523585138776486,1.6913279589797112,1.488707363949726,recomendar,1.5723275129613035,1.2589461936935782
AP0297,2,290,18.333333333333332,10.508608019793476,16.22637255561319,-2.65626617560463,-0.7152517721611563,-7.824725313539856,-2.1069607777201433,-0.6275548984341908,-1.4305035443223129,recomendar,1.66695285004574,0.4488597532334694,16.666666666666668,8.48277590312655,19.207564869229753,-1.5164484129466205,0.47082019519392404,-8.183890763540118,2.540898202563085,1.6913279589797112,1.488707363949726,recomendar,-2.56481159916703,0.7963113597837689
AP0297,3,290,16.666666666666668,23.30052480340303,14.947306657581386,2.759677300561803,-0.7152517721611562,6.633858136736361,-1.7193600090852819,-0.6275548984341908,-1.4305035443223129,recomendar,-1.7318490080652043,0.4488597532334693,13.333333333333334,5.406894503565932,13.991169165293384,-2.0934432378210865,0.1737403143567294,-7.9264388297674016,0.6578358319600497,1.6913279589797112,1.488707363949726,recomendar,-3.540699078663817,0.29385185127346053
AP0298,0,290,28.833333333333332,28.989063008626303,27.19690836896806,0.06806662612519027,-0.7152517721611557,0.15572967529297088,-1.636424964365272,-0.6275548984341908,-1.4305035443223129,recomendar,-0.04271554464475181,0.448859753233469,55.0,61.1388442829091,60.34639773421081,0.8546822687385103,0.7443536819748633,6.138844282909098,5.346397734210811,1.6913279589797112,1.488707363949726,recomendar,1.4455480171616535,1.2589461936935786
AP0298,1,290,26.333333333333332,25.77417614746094,24.241342145368893,-0.19117583783946274,-0.715251772161156,-0.5591571858723938,-2.091991187964439,-0.6275548984341908,-1.4305035443223129,recomendar,0.11997333349841535,0.44885975323346916,26.666666666666668,33.62083951509916,31.190251805443154,1.1443056792383979,0.7443536819748631,6.954172848432496,4.523585138776486,1.6913279589797112,1.488707363949726,recomendar,1.9353961889151714,1.2589461936935782
AP0298,2,290,18.333333333333332,18.75889404296875,16.22637255561319,0.14446545704483935,-0.7152517721611563,0.42556070963541615,-2.1069607777201433,-0.6275548984341908,-1.4305035443223129,recomendar,-0.0906600052230231,0.4488597532334694,16.666666666666668,12.225975642128594,19.207564869229753,-0.8228456428753813,0.47082019519392404,-4.440691024538074,2.540898202563085,1.6913279589797112,1.488707363949726,recomendar,-1.391701841719767,0.7963113597837689
AP0298,3,290,16.666666666666668,16.95630804302877,14.947306657581386,0.12049047706094122,-0.7152517721611562,0.28964137636210197,-1.7193600090852819,-0.6275548984341908,-1.4305035443223129,recomendar,-0.07561438909426615,0.4488597532334693,13.333333333333334,5.492651507193724,13.991169165293384,-2.070794047788081,0.1737403143567294,-7.84068182613961,0.6578358319600497,1.6913279589797112,1.488707363949726,recomendar,-3.5023918703127492,0.29385185127346053
AP0299,0,290,28.666666666666668,28.973646488896122,27.030241702301396,0.13417533137701712,-0.7152517721611557,0.3069798222294544,-1.636424964365272,-0.6275548984341908,-1.4305035443223129,recomendar,-0.08420238645467787,0.448859753233469,55.0,60.84893700384325,60.34639773421081,0.8143198487817702,0.7443536819748633,5.848937003843247,5.346397734210811,1.6913279589797112,1.488707363949726,recomendar,1.3772819277967385,1.2589461936935786
AP0299,1,290,25.833333333333332,18.316672470304702,23.741342145368893,-2.569946295159548,-0.715251772161156,-7.51666086302863,-2.091991187964439,-0.6275548984341908,-1.4305035443223129,recomendar,1.6127823862401751,0.44885975323346916,26.666666666666668,27.338914832090722,31.190251805443154,0.11061810086094338,0.7443536819748631,0.6722481654240546,4.523585138776486,1.6913279589797112,1.488707363949726,recomendar,0.1870914867553512,1.2589461936935782
AP0299,2,290,18.333333333333332,19.848075402577713,16.22637255561319,0.5142107821135746,-0.7152517721611563,1.514742069244381,-2.1069607777201433,-0.6275548984341908,-1.4305035443223129,recomendar,-0.3226954951430501,0.4488597532334694,16.666666666666668,11.745064484126981,19.207564869229753,-0.9119569205538242,0.47082019519392404,-4.9216021825396865,2.540898202563085,1.6913279589797112,1.488707363949726,recomendar,-1.5424182371177222,0.7963113597837689
AP0299,3,290,16.666666666666668,14.207145645529103,14.947306657581386,-1.0231578958104073,-0.7152517721611562,-2.459521021137565,-1.7193600090852819,-0.6275548984341908,-1.4305035443223129,recomendar,0.6420877493874405,0.4488597532334693,13.333333333333334,7.240643731329462,13.991169165293384,-1.6091337006926898,0.1737403143567294,-6.092689602003872,0.6578358319600497,1.6913279589797112,1.488707363949726,recomendar,-2.721572817718037,0.29385185127346053
AP0300,0,290,28.666666666666668,27.554672828956882,27.030241702301396,-0.48603240623544713,-0.7152517721611557,-1.111993837709786,-1.636424964365272,-0.6275548984341908,-1.4305035443223129,recomendar,0.3050120173308114,0.448859753233469,55.0,62.9648419123824,60.34639773421081,1.1089072864693421,0.7443536819748633,7.964841912382397,5.346397734210811,1.6913279589797112,1.488707363949726,recomendar,1.8755258975219224,1.2589461936935786
AP0300,1,290,25.833333333333332,20.380081386990017,23.741342145368893,-1.8644668013437307,-0.715251772161156,-5.453251946343315,-2.091991187964439,-0.6275548984341908,-1.4305035443223129,recomendar,1.1700552741511856,0.44885975323346916,26.666666666666668,32.39840025290465,31.190251805443154,0.9431539073826718,0.7443536819748631,5.731733586237983,4.523585138776486,1.6913279589797112,1.488707363949726,recomendar,1.595182573177274,1.2589461936935782
AP0300,2,290,18.333333333333332,13.150246344672308,16.22637255561319,-1.7595069605029157,-0.7152517721611563,-5.1830869886610245,-2.1069607777201433,-0.6275548984341908,-1.4305035443223129,recomendar,1.104187211892659,0.4488597532334694,16.666666666666668,10.781295376732235,19.207564869229753,-1.090540210040882,0.47082019519392404,-5.885371289934433,2.540898202563085,1.6913279589797112,1.488707363949726,recomendar,-1.8444611476337507,0.7963113597837689
AP0300,3,290,16.666666666666668,17.33236644280408,16.666666666666668,0.2769303357607359,0.0,0.6656997761374122,0.0,-0.6275548984341908,-1.4305035443223129,ejecutar la receta: horno frio,-0.17378898873167495,-0.0,13.333333333333334,5.774434502718522,13.991169165293384,-1.9963726437776157,0.1737403143567294,-7.558898830614812,0.6578358319600497,1.6913279589797112,1.488707363949726,recomendar,-3.3765208689633246,0.29385185127346053
AP0301,0,300,28.666666666666668,29.301521595142503,27.42636895713808,0.2777098732304762,-0.5425537461104303,0.6348549284758356,-1.240297709528587,-0.14204624718197242,-1.085107492220861,recomendar,-0.039447645297770444,0.07706772352950729,55.0,57.56410699659777,60.37996634360218,0.36130179088937364,0.758077364730557,2.564106996597772,5.379966343602177,1.9211963693501086,1.5161547294611135,recomendar,0.6941316888963568,1.456415480806844
AP0301,1,300,25.833333333333332,21.15838507125367,24.18934194352689,-1.5428369687279184,-0.5425537461104304,-4.674948262079663,-1.643991389806441,-0.14204624718197242,-1.085107492220861,recomendar,0.21915420142141095,0.0770677235295073,26.666666666666668,28.593689629970456,31.22240476323553,0.3206576977936516,0.7580773647305568,1.9270229633037879,4.555738096568863,1.9211963693501086,1.5161547294611135,recomendar,0.6160464048053278,1.4564154808068437
AP0301,2,300,18.333333333333332,20.60065737406413,16.72195681815341,0.7634126104955525,-0.54255374611043,2.2673240407307986,-1.6113765151799235,-0.14204624718197242,-1.085107492220861,recomendar,-0.1084398963722861,0.07706772352950723,16.666666666666668,14.814434039403523,19.186723567417687,-0.34846957803878215,0.4741106229923185,-1.8522326272631453,2.520056900751019,1.9211963693501086,1.5161547294611135,recomendar,-0.6694784881570726,0.9108596075631604
AP0301,3,300,16.666666666666668,16.880827236945976,15.346875220267803,0.08803937924527876,-0.5425537461104306,0.2141605702793079,-1.319791446398865,-0.14204624718197242,-1.085107492220861,recomendar,-0.012505663426022277,0.07706772352950733,13.333333333333334,12.608906224165144,13.605982579973016,-0.1941861317259517,0.07308492718300902,-0.7244271091681895,0.2726492466396824,1.9211963693501086,1.5161547294611135,recomendar,-0.37306969125004036,0.140410496758214
AP0302,0,300,28.333333333333332,29.30999139856409,27.093035623804745,0.4272276630755962,-0.5425537461104303,0.9766580652307582,-1.240297709528587,-0.14204624718197242,-1.085107492220861,recomendar,-0.06068608623221257,0.07706772352950729,55.0,58.2589362687962,60.37996634360218,0.45920841519980693,0.758077364730557,3.258936268796198,5.379966343602177,1.9211963693501086,1.5161547294611135,recomendar,0.8822295400568863,1.456415480806844
AP0302,1,300,24.166666666666668,28.1437239718967,22.522675276860227,1.3125174212149964,-0.5425537461104304,3.9770573052300335,-1.643991389806441,-0.14204624718197242,-1.085107492220861,recomendar,-0.1864381740445504,0.0770677235295073,26.666666666666668,31.123870223607774,31.22240476323553,0.7416811622815604,0.7580773647305568,4.457203556941106,4.555738096568863,1.9211963693501086,1.5161547294611135,recomendar,1.4249151561907027,1.4564154808068437
AP0302,2,300,16.666666666666668,24.280010579427085,15.055290151486743,2.563428361641464,-0.5425537461104305,7.613343912760417,-1.6113765151799253,-0.14204624718197242,-1.085107492220861,recomendar,-0.3641253786910019,0.07706772352950732,16.666666666666668,11.425198218936012,19.186723567417687,-0.986103079818388,0.4741106229923185,-5.2414684477306555,2.520056900751019,1.9211963693501086,1.5161547294611135,recomendar,-1.8944976567520475,0.9108596075631604
AP0302,3,300,16.666666666666668,21.18865938436796,15.346875220267803,1.8589483176052144,-0.5425537461104306,4.521992717701291,-1.319791446398865,-0.14204624718197242,-1.085107492220861,recomendar,-0.26405663222106207,0.07706772352950733,13.333333333333334,5.135629385068492,13.605982579973016,-2.197433528648533,0.07308492718300902,-8.197703948264842,0.2726492466396824,1.9211963693501086,1.5161547294611135,recomendar,-4.22170131712776,0.140410496758214
AP0303,0,300,28.333333333333332,29.215240207248264,27.093035623804745,0.3857798611471653,-0.5425537461104303,0.8819068739149323,-1.240297709528587,-0.14204624718197242,-1.085107492220861,recomendar,-0.05479858151433723,0.07706772352950729,55.0,58.320915633754886,60.37996634360218,0.46794176977021795,0.758077364730557,3.320915633754886,5.379966343602177,1.9211963693501086,1.5161547294611135,recomendar,0.8990080291498072,1.456415480806844
AP0303,1,300,24.166666666666668,27.424127258300782,22.522675276860227,1.0750344909082947,-0.5425537461104304,3.257460591634114,-1.643991389806441,-0.14204624718197242,-1.085107492220861,recomendar,-0.15270461502470553,0.0770677235295073,26.666666666666668,34.701531121669674,31.22240476323553,1.3370059346921965,0.7580773647305568,8.034864455003007,4.555738096568863,1.9211963693501086,1.5161547294611135,recomendar,2.5686509475301964,1.4564154808068437
AP0303,2,300,16.666666666666668,12.696218916298687,15.055290151486743,-1.3368578233606347,-0.5425537461104305,-3.970447750367981,-1.6113765151799253,-0.14204624718197242,-1.085107492220861,recomendar,0.18989563682423835,0.07706772352950732,16.666666666666668,11.083035375201513,19.186723567417687,-1.0504758481314533,0.4741106229923185,-5.583631291465155,2.520056900751019,1.9211963693501086,1.5161547294611135,recomendar,-2.0181703855201243,0.9108596075631604
AP0303,3,300,16.666666666666668,19.055293621883287,15.346875220267803,0.9819418864618602,-0.5425537461104306,2.388626955216619,-1.319791446398865,-0.14204624718197242,-1.085107492220861,recomendar,-0.13948115992269366,0.07706772352950733,10.0,5.166872616486266,12.828069074637234,-1.2955427797573014,0.7580773647305565,-4.833127383513734,2.8280690746372343,1.9211963693501086,1.5161547294611135,recomendar,-2.4889920848074745,1.4564154808068432
AP0304,0,300,28.333333333333332,29.235861511230464,27.093035623804745,0.3948004097132646,-0.5425537461104303,0.9025281778971319,-1.240297709528587,-0.14204624718197242,-1.085107492220861,recomendar,-0.05607991658567437,0.07706772352950729,55.0,63.23413000619539,60.37996634360218,1.160250302191664,0.758077364730557,8.234130006195393,5.379966343602177,1.9211963693501086,1.5161547294611135,recomendar,2.229068668107991,1.456415480806844
AP0304,1,300,24.166666666666668,29.055682820638022,22.522675276860227,1.6134841371911754,-0.5425537461104304,4.889016153971355,-1.643991389806441,-0.14204624718197242,-1.085107492220861,recomendar,-0.2291893665756492,0.0770677235295073,26.666666666666668,33.322221570137216,31.22240476323553,1.1074880546452905,0.7580773647305568,6.655554903470549,4.555738096568863,1.9211963693501086,1.5161547294611135,recomendar,2.127702029683147,1.4564154808068437
AP0304,2,300,16.666666666666668,14.764877681154193,15.055290151486743,-0.6403362148331521,-0.5425537461104305,-1.901788985512475,-1.6113765151799253,-0.14204624718197242,-1.085107492220861,recomendar,0.09095735625175852,0.07706772352950732,16.666666666666668,10.811808461991566,19.186723567417687,-1.101503093094029,0.4741106229923185,-5.854858204675102,2.520056900751019,1.9211963693501086,1.5161547294611135,recomendar,-2.1162037432801633,0.9108596075631604
AP0304,3,300,16.666666666666668,8.934647576614969,15.346875220267803,-3.1785597139239954,-0.5425537461104306,-7.732019090051699,-1.319791446398865,-0.14204624718197242,-1.085107492220861,recomendar,0.4515024788067074,0.07706772352950733,10.0,6.577494696867967,12.828069074637234,-0.917418822702375,0.7580773647305565,-3.4225053031320334,2.8280690746372343,1.9211963693501086,1.5161547294611135,recomendar,-1.7625417113492539,1.4564154808068432
AP0305,0,300,30.833333333333332,30.369013660572193,30.833333333333332,-0.20311121750363814,0.0,-0.46431967276113895,0.0,-0.14204624718197242,-1.085107492220861,ejecutar la receta: horno frio,0.028851186206953146,-0.0,50.0,59.208647172169016,55.37996634360218,1.2975670357702118,0.758077364730557,9.208647172169016,5.379966343602177,1.9211963693501086,1.5161547294611135,recomendar,2.4928810781101136,1.456415480806844
AP0305,1,300,26.666666666666668,30.00067719184028,26.666666666666668,1.1002976726158633,0.0,3.3340105251736105,0.0,-0.14204624718197242,-1.085107492220861,ejecutar la receta: horno frio,-0.15629315517814188,-0.0,36.666666666666664,33.40616611578526,41.22240476323553,-0.5425491134304369,0.7580773647305574,-3.260500550881403,4.5557380965688665,1.9211963693501086,1.5161547294611135,recomendar,-1.0423433869166756,1.4564154808068448
AP0305,2,300,16.666666666666668,26.345923071967228,16.666666666666668,3.259025294701417,0.0,9.67925640530056,0.0,-0.14204624718197242,-1.085107492220861,ejecutar la receta: horno frio,-0.462932312583458,-0.0,16.666666666666668,9.667008330330017,19.186723567417687,-1.3168799377446372,0.4741106229923185,-6.999658336336651,2.520056900751019,1.9211963693501086,1.5161547294611135,recomendar,-2.529984955264994,0.9108596075631604
AP0305,3,300,15.0,20.15506560106117,15.0,2.119198575602439,0.0,5.155065601061171,0.0,-0.14204624718197242,-1.085107492220861,ejecutar la receta: horno frio,-0.3010242046977079,-0.0,10.0,4.143884552364218,12.828069074637234,-1.5697595953065933,0.7580773647305565,-5.856115447635782,2.8280690746372343,1.9211963693501086,1.5161547294611135,recomendar,-3.0158164352555232,1.4564154808068432
AP0306,0,300,30.833333333333332,30.948305178041814,29.593035623804745,0.05029309057381242,-0.5425537461104303,0.11497184470848154,-1.240297709528587,-0.14204624718197242,-1.085107492220861,recomendar,-0.007143944775193086,0.07706772352950729,50.0,65.54909169186827,55.37996634360218,2.1909829357469524,0.758077364730557,15.54909169186827,5.379966343602177,1.9211963693501086,1.5161547294611135,recomendar,4.209308461465087,1.456415480806844
AP0306,1,300,26.666666666666668,27.01245703125,25.022675276860227,0.11411851597085775,-0.5425537461104304,0.34579036458333334,-1.643991389806441,-0.14204624718197242,-1.085107492220861,recomendar,-0.016210106927636327,0.0770677235295073,36.666666666666664,27.518622843424478,41.22240476323553,-1.5222396035422003,0.7580773647305574,-9.148043823242187,4.5557380965688665,1.9211963693501086,1.5161547294611135,recomendar,-2.9245211996062244,1.4564154808068448
AP0306,2,300,16.666666666666668,19.02906723022461,15.055290151486743,0.7954250688757468,-0.5425537461104305,2.362400563557941,-1.6113765151799253,-0.14204624718197242,-1.085107492220861,recomendar,-0.11298714594826177,0.07706772352950732,16.666666666666668,9.58192884657118,19.186723567417687,-1.3328863568999925,0.4741106229923185,-7.084737820095487,2.520056900751019,1.9211963693501086,1.5161547294611135,recomendar,-2.5607364296325588,0.9108596075631604
AP0306,3,300,15.0,15.16860430364358,13.680208553601135,0.06931163010774566,-0.5425537461104306,0.1686043036435798,-1.319791446398865,-0.14204624718197242,-1.085107492220861,recomendar,-0.009845456942870283,0.07706772352950733,10.0,7.964378444775223,12.828069074637234,-0.5456580385581502,0.7580773647305565,-2.035621555224777,2.8280690746372343,1.9211963693501086,1.5161547294611135,recomendar,-1.0483162425846198,1.4564154808068432
AP0307,0,300,30.833333333333332,30.325860934787322,29.593035623804745,-0.2219878733658479,-0.5425537461104303,-0.5074723985460103,-1.240297709528587,-0.14204624718197242,-1.085107492220861,recomendar,0.03153254433152562,0.07706772352950729,50.0,51.16792591468355,55.37996634360218,0.16456946810768017,0.758077364730557,1.1679259146835506,5.379966343602177,1.9211963693501086,1.5161547294611135,recomendar,0.31617026463435366,1.456415480806844
AP0307,1,300,26.666666666666668,24.743302300347224,25.022675276860227,-0.6347530458810919,-0.5425537461104304,-1.9233643663194435,-1.643991389806441,-0.14204624718197242,-1.085107492220861,recomendar,0.09016428805473549,0.0770677235295073,36.666666666666664,36.90825860439203,41.22240476323553,0.04020103342396492,0.7580773647305574,0.24159193772536725,4.5557380965688665,1.9211963693501086,1.5161547294611135,recomendar,0.07723407945824377,1.4564154808068448
AP0307,2,300,16.666666666666668,16.61200124952528,15.055290151486743,-0.018405957002194967,-0.5425537461104305,-0.054665417141386285,-1.6113765151799253,-0.14204624718197242,-1.085107492220861,recomendar,0.0026144971179545423,0.07706772352950732,16.666666666666668,17.028119719974576,19.186723567417687,0.06800192973230779,0.4741106229923185,0.36145305330790833,2.520056900751019,1.9211963693501086,1.5161547294611135,recomendar,0.13064506051051092,0.9108596075631604
AP0307,3,300,15.0,15.01942165278222,13.680208553601135,0.007984057254956108,-0.5425537461104306,0.019421652782220633,-1.319791446398865,-0.14204624718197242,-1.085107492220861,recomendar,-0.0011341053703525154,0.07706772352950733,10.0,6.218404745431367,12.828069074637234,-1.0136745918869374,0.7580773647305565,-3.781595254568633,2.8280690746372343,1.9211963693501086,1.5161547294611135,recomendar,-1.9474679456356374,1.4564154808068432
AP0308,0,300,30.833333333333332,30.631742180718312,29.593035623804745,-0.08818369508685894,-0.5425537461104303,-0.2015911526150198,-1.240297709528587,-0.14204624718197242,-1.085107492220861,recomendar,0.012526162949727653,0.07706772352950729,50.0,55.30863224285161,55.37996634360218,0.7480258581487875,0.758077364730557,5.308632242851608,5.379966343602177,1.9211963693501086,1.5161547294611135,recomendar,1.4371045628554497,1.456415480806844
AP0308,1,300,26.666666666666668,29.512188381618927,25.022675276860227,0.9390854937918456,-0.5425537461104304,2.845521714952259,-1.643991389806441,-0.14204624718197242,-1.085107492220861,recomendar,-0.13339357017616113,0.0770677235295073,36.666666666666664,38.00885776617588,41.22240476323553,0.22334134889076895,0.7580773647305574,1.3421910995092148,4.5557380965688665,1.9211963693501086,1.5161547294611135,recomendar,0.42908258861470117,1.4564154808068448
AP0308,2,300,16.666666666666668,20.915804400973848,15.055290151486743,1.4306933071009351,-0.5425537461104305,4.24913773430718,-1.6113765151799253,-0.14204624718197242,-1.085107492220861,recomendar,-0.203224615142053,0.07706772352950732,16.666666666666668,10.081500898088729,19.186723567417687,-1.238899424897009,0.4741106229923185,-6.585165768577939,2.520056900751019,1.9211963693501086,1.5161547294611135,recomendar,-2.3801690771020714,0.9108596075631604
AP0308,3,300,15.0,16.624309275805143,13.680208553601135,0.6677381375933417,-0.5425537461104306,1.6243092758051425,-1.319791446398865,-0.14204624718197242,-1.085107492220861,recomendar,-0.09484969654541373,0.07706772352950733,10.0,5.242673050111832,12.828069074637234,-1.2752241130445112,0.7580773647305565,-4.757326949888168,2.8280690746372343,1.9211963693501086,1.5161547294611135,recomendar,-2.449955936088828,1.4564154808068432
AP0309,0,300,30.833333333333332,30.841604738588682,29.593035623804745,0.0036182296173015173,-0.5425537461104303,0.008271405255349862,-1.240297709528587,-0.14204624718197242,-1.085107492220861,recomendar,-0.0005139559385803448,0.07706772352950729,50.0,60.59579828734038,55.37996634360218,1.4930269689206634,0.758077364730557,10.59579828734038,5.379966343602177,1.9211963693501086,1.5161547294611135,recomendar,2.868397992032176,1.456415480806844
AP0309,1,300,26.666666666666668,28.626076619466147,25.022675276860227,0.6466488916238081,-0.5425537461104304,1.9594099527994793,-1.643991389806441,-0.14204624718197242,-1.085107492220861,recomendar,-0.09185404829954394,0.0770677235295073,36.666666666666664,29.37074498885717,41.22240476323553,-1.2140454436921915,0.7580773647305574,-7.2959216778094955,4.5557380965688665,1.9211963693501086,1.5161547294611135,recomendar,-2.3324196986474797,1.4564154808068448
AP0309,2,300,16.666666666666668,17.91176283094618,15.055290151486743,0.4192264078778313,-0.5425537461104305,1.2450961642795129,-1.6113765151799253,-0.14204624718197242,-1.085107492220861,recomendar,-0.05954953795862481,0.07706772352950732,16.666666666666668,11.3576177687872,19.186723567417687,-0.9988173202439141,0.4741106229923185,-5.309048897879467,2.520056900751019,1.9211963693501086,1.5161547294611135,recomendar,-1.9189242092966126,0.9108596075631604
AP0309,3,300,15.0,15.570123077861293,13.680208553601135,0.23437219000142728,-0.5425537461104306,0.5701230778612931,-1.319791446398865,-0.14204624718197242,-1.085107492220861,recomendar,-0.03329169003352294,0.07706772352950733,10.0,10.01397872003954,12.828069074637234,0.003747062384337463,0.7580773647305565,0.013978720039540704,2.8280690746372343,1.9211963693501086,1.5161547294611135,recomendar,0.007198842648517495,1.4564154808068432
AP0310,0,300,30.833333333333332,31.18333740234375,29.593035623804745,0.1531051918717734,-0.5425537461104303,0.35000406901041714,-1.240297709528587,-0.14204624718197242,-1.085107492220861,recomendar,-0.02174801792946124,0.07706772352950729,50.0,63.40799334126134,55.37996634360218,1.8892862165495827,0.758077364730557,13.407993341261339,5.379966343602177,1.9211963693501086,1.5161547294611135,recomendar,3.6296898198982617,1.456415480806844
AP0310,1,300,26.666666666666668,26.615890502929688,25.022675276860227,-0.01675726407050027,-0.5425537461104304,-0.05077616373698035,-1.643991389806441,-0.14204624718197242,-1.085107492220861,recomendar,0.0023803064742518665,0.0770677235295073,36.666666666666664,27.834649032201522,41.22240476323553,-1.4696526691540326,0.7580773647305574,-8.832017634465142,4.5557380965688665,1.9211963693501086,1.5161547294611135,recomendar,-2.823491372184424,1.4564154808068448
AP0310,2,300,16.666666666666668,20.09406339009603,15.055290151486743,1.1540114394031484,-0.5425537461104305,3.4273967234293607,-1.6113765151799253,-0.14204624718197242,-1.085107492220861,recomendar,-0.16392299417228343,0.07706772352950732,16.666666666666668,11.247901795402404,19.186723567417687,-1.0194587226178733,0.4741106229923185,-5.418764871264264,2.520056900751019,1.9211963693501086,1.5161547294611135,recomendar,-1.9585803965957576,0.9108596075631604
AP0310,3,300,15.0,18.71716063363642,13.680208553601135,1.5280894812407815,-0.5425537461104306,3.7171606336364214,-1.319791446398865,-0.14204624718197242,-1.085107492220861,recomendar,-0.21705937616850007,0.07706772352950733,10.0,6.244112970590114,12.828069074637234,-1.006783379874111,0.7580773647305565,-3.7558870294098856,2.8280690746372343,1.9211963693501086,1.5161547294611135,recomendar,-1.9342285741361733,1.4564154808068432
AP0311,0,310,30.833333333333332,30.80067019992404,30.833333333333332,-0.014511741920795199,0.0,-0.03266313340929372,0.0,-0.0,-0.8443901660423629,ejecutar la receta,0.0,-0.0,50.0,60.37975864205309,50.0,1.4699696945023197,0.0,10.37975864205309,0.0,0.0,0.8599818108511923,ejecutar la receta,0.0,0.0
AP0311,1,310,26.666666666666668,21.98568252733019,26.666666666666668,-1.5414001006860487,0.0,-4.680984139336477,0.0,-0.0,-0.8443901660423629,ejecutar la receta,0.0,-0.0,36.666666666666664,41.21105471880008,36.666666666666664,0.7421133356337386,0.0,4.544388052133414,0.0,0.0,0.8599818108511923,ejecutar la receta,0.0,0.0
AP0311,2,310,16.666666666666668,18.86555278990004,16.666666666666668,0.7281445237181375,0.0,2.198886123233372,0.0,-0.0,-0.8443901660423629,ejecutar la receta,-0.0,-0.0,16.666666666666668,11.05177743094308,16.666666666666668,-1.070581482178723,0.0,-5.614889235723588,0.0,0.0,0.8599818108511923,ejecutar la receta,-0.0,0.0
AP0311,3,310,15.0,19.83359416613677,15.0,1.9512673326338286,0.0,4.83359416613677,0.0,-0.0,-0.8443901660423629,ejecutar la receta,-0.0,-0.0,10.0,4.919362226522821,10.0,-1.363817899070486,0.0,-5.080637773477179,0.0,0.0,0.8599818108511923,ejecutar la receta,-0.0,0.0
AP0312,0,310,30.833333333333332,29.43092985930266,30.833333333333332,-0.6230669001942459,0.0,-1.402403474030674,0.0,-0.0,-0.8443901660423629,ejecutar la receta,0.0,-0.0,50.0,61.389911938739075,50.0,1.6130264633672555,0.0,11.389911938739075,0.0,0.0,0.8599818108511923,ejecutar la receta,0.0,0.0
AP0312,1,310,26.666666666666668,30.446942097981772,26.666666666666668,1.2448059546888477,0.0,3.780275431315104,0.0,-0.0,-0.8443901660423629,ejecutar la receta,-0.0,-0.0,36.666666666666664,35.47725939628406,36.666666666666664,-0.1942340721620971,0.0,-1.1894072703826026,0.0,0.0,0.8599818108511923,ejecutar la receta,-0.0,0.0
AP0312,2,310,16.666666666666668,27.425118412441673,16.666666666666668,3.5625799988463074,0.0,10.758451745775005,0.0,-0.0,-0.8443901660423629,ejecutar la receta,-0.0,-0.0,16.666666666666668,6.169923013354104,16.666666666666668,-2.001396449090466,0.0,-10.496743653312564,0.0,0.0,0.8599818108511923,ejecutar la receta,-0.0,0.0
AP0312,3,310,15.0,16.76276257704834,15.0,0.711607328534358,0.0,1.7627625770483384,0.0,-0.0,-0.8443901660423629,ejecutar la receta,-0.0,-0.0,10.0,4.9950709458377505,10.0,-1.3434950752202162,0.0,-5.0049290541622495,0.0,0.0,0.8599818108511923,ejecutar la receta,-0.0,0.0
AP0313,0,310,30.833333333333332,31.05530578613281,30.833333333333332,0.09861904270443837,0.0,0.22197245279947708,0.0,-0.0,-0.8443901660423629,ejecutar la receta,-0.0,-0.0,50.0,65.23714192708333,50.0,2.1578668287043015,0.0,15.237141927083329,0.0,0.0,0.8599818108511923,ejecutar la receta,0.0,0.0
AP0313,1,310,26.666666666666668,26.775710137261285,26.666666666666668,0.035906897257191796,0.0,0.10904347059461728,0.0,-0.0,-0.8443901660423629,ejecutar la receta,-0.0,-0.0,36.666666666666664,26.72852798853165,36.666666666666664,-1.6229303395336294,0.0,-9.938138678135015,0.0,0.0,0.8599818108511923,ejecutar la receta,-0.0,0.0
AP0313,2,310,16.666666666666668,20.974192148844402,16.666666666666668,1.4264045133960603,0.0,4.307525482177734,0.0,-0.0,-0.8443901660423629,ejecutar la receta,-0.0,-0.0,16.666666666666668,10.636128888811385,16.666666666666668,-1.149832490278695,0.0,-6.030537777855283,0.0,0.0,0.8599818108511923,ejecutar la receta,-0.0,0.0
AP0313,3,310,15.0,15.078839916353166,15.0,0.03182678313485114,0.0,0.07883991635316612,0.0,-0.0,-0.8443901660423629,ejecutar la receta,-0.0,-0.0,10.0,7.624655840510373,10.0,-0.6376240593407546,0.0,-2.375344159489627,0.0,0.0,0.8599818108511923,ejecutar la receta,-0.0,0.0
AP0314,0,310,30.833333333333332,30.709163083676934,30.833333333333332,-0.055166985808582945,0.0,-0.12417024965639811,0.0,-0.0,-0.8443901660423629,ejecutar la receta,0.0,-0.0,50.0,64.07189521379367,50.0,1.9928459053646586,0.0,14.071895213793667,0.0,0.0,0.8599818108511923,ejecutar la receta,0.0,0.0
AP0314,1,310,26.666666666666668,26.600797919379342,26.666666666666668,-0.02168990337898026,0.0,-0.06586874728732539,0.0,-0.0,-0.8443901660423629,ejecutar la receta,0.0,-0.0,36.666666666666664,32.63224236904047,36.666666666666664,-0.6588345974256341,0.0,-4.034424297626195,0.0,0.0,0.8599818108511923,ejecutar la receta,-0.0,0.0
AP0314,2,310,16.666666666666668,20.413533409966362,16.666666666666668,1.2407466086617938,0.0,3.7468667432996945,0.0,-0.0,-0.8443901660423629,ejecutar la receta,-0.0,-0.0,16.666666666666668,9.598583669511097,16.666666666666668,-1.3476594913242117,0.0,-7.068082997155571,0.0,0.0,0.8599818108511923,ejecutar la receta,-0.0,0.0
AP0314,3,310,15.0,19.866457982685326,15.0,1.9645340839275394,0.0,4.866457982685326,0.0,-0.0,-0.8443901660423629,ejecutar la receta,-0.0,-0.0,10.0,6.945690636493296,10.0,-0.819881669383045,0.0,-3.054309363506704,0.0,0.0,0.8599818108511923,ejecutar la receta,-0.0,0.0
AP0315,0,310,30.833333333333332,28.579162575050635,30.833333333333332,-1.0014943722543812,0.0,-2.2541707582826973,0.0,-0.0,-0.8443901660423629,ejecutar la receta,0.0,-0.0,50.0,60.39831759545111,50.0,1.4725979925194088,0.0,10.398317595451111,0.0,0.0,0.8599818108511923,ejecutar la receta,0.0,0.0
AP0315,1,310,26.666666666666668,23.378250030517577,26.666666666666668,-1.0828418946056024,0.0,-3.2884166361490905,0.0,-0.0,-0.8443901660423629,ejecutar la receta,0.0,-0.0,36.666666666666664,35.685692185622,36.666666666666664,-0.16019632037318304,0.0,-0.9809744810446617,0.0,0.0,0.8599818108511923,ejecutar la receta,-0.0,0.0
AP0315,2,310,16.666666666666668,18.6145691341824,16.666666666666668,0.6450331826975175,0.0,1.947902467515732,0.0,-0.0,-0.8443901660423629,ejecutar la receta,-0.0,-0.0,16.666666666666668,10.694441489567831,16.666666666666668,-1.1387141248173882,0.0,-5.972225177098837,0.0,0.0,0.8599818108511923,ejecutar la receta,-0.0,0.0
AP0315,3,310,15.0,15.151713841413828,15.0,0.061245163016198506,0.0,0.15171384141382838,0.0,-0.0,-0.8443901660423629,ejecutar la receta,-0.0,-0.0,10.0,4.6637016269240394,10.0,-1.4324459960468383,0.0,-5.3362983730759606,0.0,0.0,0.8599818108511923,ejecutar la receta,-0.0,0.0
AP0316,0,310,30.833333333333332,30.59345624005353,30.833333333333332,-0.10657380682884911,0.0,-0.23987709327980156,0.0,-0.0,-0.8443901660423629,ejecutar la receta,0.0,-0.0,50.0,65.63532544207828,50.0,2.2142571283324264,0.0,15.635325442078283,0.0,0.0,0.8599818108511923,ejecutar la receta,0.0,0.0
AP0316,1,310,26.666666666666668,28.97173270670573,26.666666666666668,0.7590346218750141,0.0,2.305066040039062,0.0,-0.0,-0.8443901660423629,ejecutar la receta,-0.0,-0.0,36.666666666666664,27.066153736603564,36.666666666666664,-1.5677949577785748,0.0,-9.6005129300631,0.0,0.0,0.8599818108511923,ejecutar la receta,-0.0,0.0
AP0316,2,310,16.666666666666668,17.250977249145507,16.666666666666668,0.19349003401635753,0.0,0.5843105824788388,0.0,-0.0,-0.8443901660423629,ejecutar la receta,-0.0,-0.0,16.666666666666668,10.734118264818948,16.666666666666668,-1.1311490208459403,0.0,-5.93254840184772,0.0,0.0,0.8599818108511923,ejecutar la receta,-0.0,0.0
AP0316,3,310,15.0,15.02677820218323,15.0,0.01081005755776203,0.0,0.02677820218323035,0.0,-0.0,-0.8443901660423629,ejecutar la receta,-0.0,-0.0,10.0,8.91452977777934,10.0,-0.29137753643857645,0.0,-1.0854702222206605,0.0,0.0,0.8599818108511923,ejecutar la receta,-0.0,0.0
AP0317,0,310,30.833333333333332,30.84843849464699,30.833333333333332,0.006710997377656236,0.0,0.015105161313659465,0.0,-0.0,-0.8443901660423629,ejecutar la receta,-0.0,-0.0,53.333333333333336,61.865863759030574,53.333333333333336,1.2083673210259762,0.0,8.532530425697239,0.0,0.0,0.8599818108511923,ejecutar la receta,0.0,0.0
AP0317,1,310,26.666666666666668,27.745322564019098,26.666666666666668,0.35519033162550145,0.0,1.07865589735243,0.0,-0.0,-0.8443901660423629,ejecutar la receta,-0.0,-0.0,36.666666666666664,29.70976398174579,36.666666666666664,-1.136084814491624,0.0,-6.956902684920873,0.0,0.0,0.8599818108511923,ejecutar la receta,-0.0,0.0
AP0317,2,310,16.666666666666668,14.853597971598305,16.666666666666668,-0.600383997829571,0.0,-1.8130686950683632,0.0,-0.0,-0.8443901660423629,ejecutar la receta,0.0,-0.0,16.666666666666668,12.668781292627727,16.666666666666668,-0.762270076867808,0.0,-3.9978853740389404,0.0,0.0,0.8599818108511923,ejecutar la receta,-0.0,0.0
AP0317,3,310,15.0,13.445082613193945,15.0,-0.6277025744269247,0.0,-1.5549173868060553,0.0,-0.0,-0.8443901660423629,ejecutar la receta,0.0,-0.0,10.0,5.742788355867762,10.0,-1.1427820087290301,0.0,-4.257211644132238,0.0,0.0,0.8599818108511923,ejecutar la receta,-0.0,0.0
AP0318,0,310,30.833333333333332,27.59474978976779,30.833333333333332,-1.4388542576195475,0.0,-3.238583543565543,0.0,-0.0,-0.8443901660423629,ejecutar la receta,0.0,-0.0,53.333333333333336,61.79436940839214,53.333333333333336,1.1982423718445152,0.0,8.461036075058807,0.0,0.0,0.8599818108511923,ejecutar la receta,0.0,0.0
AP0318,1,310,26.666666666666668,25.164581027560768,26.666666666666668,-0.4946214057638517,0.0,-1.5020856391058999,0.0,-0.0,-0.8443901660423629,ejecutar la receta,0.0,-0.0,36.666666666666664,37.96471025515825,36.666666666666664,0.21197473591658847,0.0,1.2980435884915877,0.0,0.0,0.8599818108511923,ejecutar la receta,0.0,0.0
AP0318,2,310,16.666666666666668,18.06717753940158,16.666666666666668,0.4637685924772219,0.0,1.4005108727349125,0.0,-0.0,-0.8443901660423629,ejecutar la receta,-0.0,-0.0,16.666666666666668,13.514183213975693,16.666666666666668,-0.6010787151157165,0.0,-3.1524834526909746,0.0,0.0,0.8599818108511923,ejecutar la receta,-0.0,0.0
AP0318,3,310,15.0,14.707648084919523,15.0,-0.11801916377795728,0.0,-0.2923519150804772,0.0,-0.0,-0.8443901660423629,ejecutar la receta,0.0,-0.0,10.0,4.552500778931001,10.0,-1.4622961277914064,0.0,-5.447499221068999,0.0,0.0,0.8599818108511923,ejecutar la receta,-0.0,0.0
AP0319,0,310,30.833333333333332,31.190832395200378,30.833333333333332,0.15883148924300156,0.0,0.3574990618670455,0.0,-0.0,-0.8443901660423629,ejecutar la receta,-0.0,-0.0,53.333333333333336,65.6174567109795,53.333333333333336,1.7396636772948744,0.0,12.28412337764616,0.0,0.0,0.8599818108511923,ejecutar la receta,0.0,0.0
AP0319,1,310,26.666666666666668,26.1712451171875,26.666666666666668,-0.16313723856314402,0.0,-0.4954215494791683,0.0,-0.0,-0.8443901660423629,ejecutar la receta,0.0,-0.0,36.666666666666664,27.532413345728163,36.666666666666664,-1.491653248525489,0.0,-9.134253320938502,0.0,0.0,0.8599818108511923,ejecutar la receta,-0.0,0.0
AP0319,2,310,16.666666666666668,17.457078535291885,16.666666666666668,0.2617389175092762,0.0,0.7904118686252168,0.0,-0.0,-0.8443901660423629,ejecutar la receta,-0.0,-0.0,16.666666666666668,10.887727283296133,16.666666666666668,-1.10186064777688,0.0,-5.778939383370535,0.0,0.0,0.8599818108511923,ejecutar la receta,-0.0,0.0
AP0319,3,310,15.0,15.271103268423005,15.0,0.1094413252875275,0.0,0.2711032684230048,0.0,-0.0,-0.8443901660423629,ejecutar la receta,-0.0,-0.0,10.0,13.850019426726401,10.0,1.033477614434412,0.0,3.8500194267264014,0.0,0.0,0.8599818108511923,ejecutar la receta,0.0,0.0
AP0320,0,310,30.833333333333332,30.8320120578342,30.833333333333332,-0.0005870229536594774,0.0,-0.001321275499133634,0.0,-0.0,-0.8443901660423629,ejecutar la receta,0.0,-0.0,53.333333333333336,63.011735747962874,53.333333333333336,1.3706444177867163,0.0,9.678402414629538,0.0,0.0,0.8599818108511923,ejecutar la receta,0.0,0.0
AP0320,1,310,26.666666666666668,23.436405714246966,26.666666666666668,-1.0636918240034292,0.0,-3.2302609524197017,0.0,-0.0,-0.8443901660423629,ejecutar la receta,0.0,-0.0,36.666666666666664,24.827920506089086,36.666666666666664,-1.9333057173281676,0.0,-11.838746160577578,0.0,0.0,0.8599818108511923,ejecutar la receta,-0.0,0.0
AP0320,2,310,16.666666666666668,16.19074931250678,16.666666666666668,-0.15759643553727043,0.0,-0.47591735415988623,0.0,-0.0,-0.8443901660423629,ejecutar la receta,0.0,-0.0,16.666666666666668,16.22750980437748,16.666666666666668,-0.08373329994601897,0.0,-0.43915686228918815,0.0,0.0,0.8599818108511923,ejecutar la receta,-0.0,0.0
AP0320,3,310,15.0,14.114100410949813,15.0,-0.35762765112093814,0.0,-0.8858995890501866,0.0,-0.0,-0.8443901660423629,ejecutar la receta,0.0,-0.0,10.0,8.698004042973874,10.0,-0.3495004898753807,0.0,-1.3019959570261257,0.0,0.0,0.8599818108511923,ejecutar la receta,-0.0,0.0
AP0321,0,320,30.833333333333332,28.127286015263312,28.60271848670343,-1.213139651678737,-0.9999999999999992,-2.70604731807002,-2.2306148466299014,-0.9537440021991651,-2.156121709512161,recomendar,1.1570246666185797,0.9537440021991643,53.333333333333336,62.79733440440188,53.333333333333336,1.3332377697660018,0.0,9.464001071068544,0.0,0.0,0.7337624112818218,ejecutar la receta,0.0,0.0
AP0321,1,320,26.666666666666668,24.91170391167535,23.644035278685614,-0.5806075997124921,-1.0,-1.7549627549913183,-3.022631387981054,-0.9537440021991651,-2.156121709512161,recomendar,0.5537510158570431,0.9537440021991651,36.666666666666664,37.92071783603767,36.666666666666664,0.19672202125725044,0.0,1.254051169371003,0.0,0.0,0.7337624112818218,ejecutar la receta,0.0,0.0
AP0321,2,320,16.666666666666668,18.55166565789117,16.666666666666668,0.619941216057487,0.0,1.8849989912245029,0.0,-0.9537440021991651,-2.156121709512161,ejecutar la receta: horno frio,-0.5912652165308849,-0.0,16.666666666666668,8.393133932446677,16.666666666666668,-1.5964286964365846,0.0,-8.273532734219991,0.0,0.0,0.7337624112818218,ejecutar la receta,-0.0,0.0
AP0321,3,320,15.0,16.75155620507295,15.0,0.7090510844216297,0.0,1.7515562050729514,0.0,-0.9537440021991651,-2.156121709512161,ejecutar la receta: horno frio,-0.6762532190199432,-0.0,10.0,5.215184948199697,10.0,-1.2764370049774671,0.0,-4.784815051800303,0.0,0.0,0.7337624112818218,ejecutar la receta,-0.0,0.0
AP0322,0,320,30.833333333333332,30.795435508445454,28.60271848670343,-0.016989855933728554,-0.9999999999999992,-0.03789782488787807,-2.2306148466299014,-0.9537440021991651,-2.156121709512161,recomendar,0.016203973195021506,0.9537440021991643,53.333333333333336,65.73072680401545,53.333333333333336,1.7464783760741502,0.0,12.397393470682111,0.0,0.0,0.7337624112818218,ejecutar la receta,0.0,0.0
AP0322,1,320,26.666666666666668,26.84755017089844,23.644035278685614,0.059843057592474866,-1.0,0.18088350423177246,-3.022631387981054,-0.9537440021991651,-2.156121709512161,recomendar,-0.057074957252082115,0.9537440021991651,36.666666666666664,28.638219119340945,36.666666666666664,-1.259416256403556,0.0,-8.028447547325719,0.0,0.0,0.7337624112818218,ejecutar la receta,-0.0,0.0
AP0322,2,320,16.666666666666668,17.235286517673067,13.848671614329021,0.1870085254944046,-0.9267863206947023,0.5686198510063996,-2.817995052337647,-0.9537440021991651,-2.156121709512161,recomendar,-0.17835825955039805,0.8839168946828043,16.666666666666668,11.00620858328683,16.666666666666668,-1.092219975381042,0.0,-5.660458083379838,0.0,0.0,0.7337624112818218,ejecutar la receta,-0.0,0.0
AP0322,3,320,15.0,15.183747667389488,12.941301898652965,0.07438327268352489,-0.8333858297148213,0.183747667389488,-2.0586981013470353,-0.9537440021991651,-2.156121709512161,recomendar,-0.07094260018585685,0.7948367366082856,10.0,10.005628278363066,10.0,0.0015014462835356561,0.0,0.005628278363065675,0.0,0.0,0.7337624112818218,ejecutar la receta,0.0,0.0
AP0323,0,320,30.833333333333332,30.80337749339916,28.60271848670343,-0.013429409375370065,-0.9999999999999992,-0.02995583993417128,-2.2306148466299014,-0.9537440021991651,-2.156121709512161,recomendar,0.012808218644836436,0.9537440021991643,53.333333333333336,65.72648006972446,53.333333333333336,1.745880118898101,0.0,12.393146736391124,0.0,0.0,0.7337624112818218,ejecutar la receta,0.0,0.0
AP0323,1,320,26.666666666666668,26.426203328450523,23.644035278685614,-0.07955430462751888,-1.0,-0.24046333821614496,-3.022631387981054,-0.9537440021991651,-2.156121709512161,recomendar,0.07587444088762141,0.9537440021991651,36.666666666666664,28.685144668970352,36.666666666666664,-1.252055082316589,0.0,-7.981521997696312,0.0,0.0,0.7337624112818218,ejecutar la receta,-0.0,0.0
AP0323,2,320,16.666666666666668,14.846948216756184,13.848671614329021,-0.5984716564685907,-0.9267863206947023,-1.819718449910484,-2.817995052337647,-0.9537440021991651,-2.156121709512161,recomendar,0.5707887528431175,0.8839168946828043,16.666666666666668,11.76554952954489,16.666666666666668,-0.9457004998525554,0.0,-4.901117137121778,0.0,0.0,0.7337624112818218,ejecutar la receta,-0.0,0.0
AP0323,3,320,15.0,7.555938070791737,12.941301898652965,-3.0134460819012383,-0.8333858297148213,-7.444061929208263,-2.0586981013470353,-0.9537440021991651,-2.156121709512161,recomendar,2.87405612656388,0.7948367366082856,10.0,5.6251367251078275,10.0,-1.1670748639883564,0.0,-4.3748632748921725,0.0,0.0,0.7337624112818218,ejecutar la receta,-0.0,0.0
AP0324,0,320,30.833333333333332,29.259798052752455,28.60271848670343,-0.7054267046407557,-0.9999999999999992,-1.5735352805808773,-2.2306148466299014,-0.9537440021991651,-2.156121709512161,recomendar,0.6727964885422427,0.9537440021991643,53.333333333333336,61.66284448767222,53.333333333333336,1.1734169080559875,0.0,8.329511154338881,0.0,0.0,0.7337624112818218,ejecutar la receta,0.0,0.0
AP0324,1,320,26.666666666666668,26.45383052571615,23.644035278685614,-0.07041419003217611,-1.0,-0.21283614095051817,-3.022631387981054,-0.9537440021991651,-2.156121709512161,recomendar,0.0671571114129002,0.9537440021991651,36.666666666666664,39.22656390850361,36.666666666666664,0.4015690682523023,0.0,2.559897241836943,0.0,0.0,0.7337624112818218,ejecutar la receta,0.0,0.0
AP0324,2,320,16.666666666666668,22.362519310845265,13.848671614329021,1.8732603206447975,-0.9267863206947023,5.695852644178597,-2.817995052337647,-0.9537440021991651,-2.156121709512161,recomendar,-1.7866107953726607,0.8839168946828043,16.666666666666668,10.006596156529017,16.666666666666668,-1.2851013012492998,0.0,-6.6600705101376505,0.0,0.0,0.7337624112818218,ejecutar la receta,-0.0,0.0
AP0324,3,320,15.0,21.78390967478618,12.941301898652965,2.7462084845431414,-0.8333858297148213,6.78390967478618,-2.0586981013470353,-0.9537440021991651,-2.156121709512161,recomendar,-2.6191798709214797,0.7948367366082856,10.0,5.360199665070647,10.0,-1.2377516746404533,0.0,-4.639800334929353,0.0,0.0,0.7337624112818218,ejecutar la receta,-0.0,0.0
AP0325,0,320,30.833333333333332,31.25908508300781,28.60271848670343,0.19086744191527313,-0.9999999999999992,0.42575174967447893,-2.2306148466299014,-0.9537440021991651,-2.156121709512161,recomendar,-0.1820386779417893,0.9537440021991643,53.333333333333336,61.769086021505366,53.333333333333336,1.18838364617875,0.0,8.43575268817203,0.0,0.0,0.7337624112818218,ejecutar la receta,0.0,0.0
AP0325,1,320,26.666666666666668,24.642133954280713,23.644035278685614,-0.6697914672745552,-1.0,-2.0245327123859553,-3.022631387981054,-0.9537440021991651,-2.156121709512161,recomendar,0.6388095946372854,0.9537440021991651,36.666666666666664,37.496972264999,36.666666666666664,0.1302493865916768,0.0,0.8303055983323375,0.0,0.0,0.7337624112818218,ejecutar la receta,0.0,0.0
AP0325,2,320,16.666666666666668,16.17188451131185,13.848671614329021,-0.16272467651293246,-0.9267863206947023,-0.4947821553548195,-2.817995052337647,-0.9537440021991651,-2.156121709512161,recomendar,0.15519768423400868,0.8839168946828043,16.666666666666668,9.555660187251984,16.666666666666668,-1.3721121519626585,0.0,-7.111006479414684,0.0,0.0,0.7337624112818218,ejecutar la receta,-0.0,0.0
AP0325,3,320,15.0,14.762134450684268,12.941301898652965,-0.09629084422206234,-0.8333858297148213,-0.23786554931573178,-2.0586981013470353,-0.9537440021991651,-2.156121709512161,recomendar,0.0918368151434861,0.7948367366082856,10.0,6.284592184406485,10.0,-0.9911530483548544,0.0,-3.7154078155935153,0.0,0.0,0.7337624112818218,ejecutar la receta,-0.0,0.0
AP0326,0,320,30.833333333333332,29.34402772126374,28.60271848670343,-0.6676659640814693,-0.9999999999999992,-1.489305612069593,-2.2306148466299014,-0.9537440021991651,-2.156121709512161,recomendar,0.6367824087152245,0.9537440021991643,53.333333333333336,56.19669248692983,53.333333333333336,0.40337469779565743,0.0,2.863359153596491,0.0,0.0,0.7337624112818218,ejecutar la receta,0.0,0.0
AP0326,1,320,26.666666666666668,23.039835225255036,23.644035278685614,-1.1998920727922928,-1.0,-3.626831441411632,-3.022631387981054,-0.9537440021991651,-2.156121709512161,recomendar,1.1443898677119733,0.9537440021991651,35.833333333333336,33.1810397582772,35.833333333333336,-0.4160632084210441,0.0,-2.6522935750561345,0.0,0.0,0.7337624112818218,ejecutar la receta,-0.0,0.0
AP0326,2,320,16.666666666666668,20.209566463894312,13.848671614329021,1.165194049911054,-0.9267863206947023,3.542899797227644,-2.817995052337647,-0.9537440021991651,-2.156121709512161,recomendar,-1.1112968365008222,0.8839168946828043,16.666666666666668,21.523881445990668,16.666666666666668,0.9372292716503977,0.0,4.857214779324,0.0,0.0,0.7337624112818218,ejecutar la receta,0.0,0.0
AP0326,3,320,15.0,14.315377704223085,12.941301898652965,-0.27714336533073414,-0.8333858297148213,-0.684622295776915,-2.0586981013470353,-0.9537440021991651,-2.156121709512161,recomendar,0.26432382243347974,0.7948367366082856,10.0,10.207990223818355,10.0,0.055485199632826665,0.0,0.20799022381835464,0.0,0.0,0.7337624112818218,ejecutar la receta,0.0,0.0
AP0327,0,320,30.833333333333332,30.318386106137872,28.60271848670343,-0.23085438885761103,-0.9999999999999992,-0.51494722719546,-2.2306148466299014,-0.9537440021991651,-2.156121709512161,recomendar,0.22017598875430028,0.9537440021991643,53.333333333333336,64.01088381531417,53.333333333333336,1.504196109474101,0.0,10.677550481980838,0.0,0.0,0.7337624112818218,ejecutar la receta,0.0,0.0
AP0327,1,320,26.666666666666668,27.33362743801541,23.644035278685614,0.2206556757138133,-1.0,0.6669607713487409,-3.022631387981054,-0.9537440021991651,-2.156121709512161,recomendar,-0.21044902726325343,0.9537440021991651,35.833333333333336,38.21315190241888,35.833333333333336,0.3733202683993054,0.0,2.3798185690855433,0.0,0.0,0.7337624112818218,ejecutar la receta,0.0,0.0
AP0327,2,320,16.666666666666668,16.991358937157525,13.848671614329021,0.10678526723338432,-0.9267863206947023,0.324692270490857,-2.817995052337647,-0.9537440021991651,-2.156121709512161,recomendar,-0.10184580814707532,0.8839168946828043,16.666666666666668,8.926556105840774,16.666666666666668,-1.4935016286074159,0.0,-7.740110560825894,0.0,0.0,0.7337624112818218,ejecutar la receta,-0.0,0.0
AP0327,3,320,15.0,19.373435898371497,15.0,1.7704196173708506,0.0,4.373435898371497,0.0,-0.9537440021991651,-2.156121709512161,ejecutar la receta: horno frio,-1.6885270914431896,-0.0,10.0,4.891747193735933,10.0,-1.3627199467703857,0.0,-5.108252806264067,0.0,0.0,0.7337624112818218,ejecutar la receta,-0.0,0.0
AP0328,0,320,30.833333333333332,31.104951364022714,28.60271848670343,0.12176823403634768,-0.9999999999999992,0.27161803068938184,-2.2306148466299014,-0.9537440021991651,-2.156121709512161,recomendar,-0.11613572287055084,0.9537440021991643,53.333333333333336,62.08758098643313,53.333333333333336,1.233251510577042,0.0,8.754247653099796,0.0,0.0,0.7337624112818218,ejecutar la receta,0.0,0.0
AP0328,1,320,26.666666666666668,25.913230916341146,26.666666666666668,-0.24926484695468423,0.0,-0.7534357503255222,0.0,-0.9537440021991651,-2.156121709512161,ejecutar la receta: horno frio,0.23773485274212292,-0.0,35.833333333333336,38.09184836363181,35.833333333333336,0.35429147761414287,0.0,2.258515030298476,0.0,0.0,0.7337624112818218,ejecutar la receta,0.0,0.0
AP0328,2,320,16.666666666666668,17.30264744228787,16.666666666666668,0.2091622845759044,0.0,0.6359807756212028,0.0,-0.9537440021991651,-2.156121709512161,ejecutar la receta: horno frio,-0.19948727440054378,-0.0,16.666666666666668,9.260330345517113,16.666666666666668,-1.42909784953651,0.0,-7.4063363211495545,0.0,0.0,0.7337624112818218,ejecutar la receta,-0.0,0.0
AP0328,3,320,15.0,14.987062996511835,15.0,-0.005237055097565626,0.0,-0.012937003488165288,0.0,-0.9537440021991651,-2.156121709512161,ejecutar la receta: horno frio,0.0049948098884897785,-0.0,10.0,4.879457285959644,10.0,-1.3659985046464131,0.0,-5.120542714040356,0.0,0.0,0.7337624112818218,ejecutar la receta,-0.0,0.0
AP0329,0,320,30.833333333333332,29.66138929578993,28.60271848670343,-0.5253905842660459,-0.9999999999999992,-1.1719440375434012,-2.2306148466299014,-0.9537440021991651,-2.156121709512161,recomendar,0.5010881185556563,0.9537440021991643,53.333333333333336,65.20103077221941,53.333333333333336,1.6718576368347462,0.0,11.867697438886076,0.0,0.0,0.7337624112818218,ejecutar la receta,0.0,0.0
AP0329,1,320,26.666666666666668,24.79409983317057,23.644035278685614,-0.6195154463564497,-1.0,-1.8725668334960979,-3.022631387981054,-0.9537440021991651,-2.156121709512161,recomendar,0.5908591412322025,0.9537440021991651,35.833333333333336,37.37900633200621,35.833333333333336,0.24246850840559864,0.0,1.5456729986728774,0.0,0.0,0.7337624112818218,ejecutar la receta,0.0,0.0
AP0329,2,320,16.666666666666668,15.509912473890514,16.666666666666668,-0.38043500515796114,0.0,-1.1567541927761535,0.0,-0.9537440021991651,-2.156121709512161,ejecutar la receta: horno frio,0.36283760439601387,-0.0,16.666666666666668,11.149837070041233,16.666666666666668,-1.0645059812208304,0.0,-5.516829596625435,0.0,0.0,0.7337624112818218,ejecutar la receta,-0.0,0.0
AP0329,3,320,15.0,14.833735586959172,15.0,-0.06730584038690035,0.0,-0.16626441304082817,0.0,-0.9537440021991651,-2.156121709512161,ejecutar la receta: horno frio,0.06419254158198054,-0.0,10.0,4.646355242877373,10.0,-1.4281827417600528,0.0,-5.353644757122627,0.0,0.0,0.7337624112818218,ejecutar la receta,-0.0,0.0
AP0330,0,320,30.833333333333332,30.731445787217876,28.60271848670343,-0.04567688871496216,-0.9999999999999992,-0.10188754611545647,-2.2306148466299014,-0.9537440021991651,-2.156121709512161,recomendar,0.04356405865101389,0.9537440021991643,53.333333333333336,64.86645258421538,53.333333333333336,1.6247240541314973,0.0,11.533119250882045,0.0,0.0,0.7337624112818218,ejecutar la receta,0.0,0.0
AP0330,1,320,26.666666666666668,26.415802368164062,23.644035278685614,-0.08299533297381949,-1.0,-0.2508642985026057,-3.022631387981054,-0.9537440021991651,-2.156121709512161,recomendar,0.07915630103430293,0.9537440021991651,35.833333333333336,28.691770661182897,35.833333333333336,-1.1202913231247373,0.0,-7.141562672150439,0.0,0.0,0.7337624112818218,ejecutar la receta,-0.0,0.0
AP0330,2,320,16.666666666666668,16.72665428161621,16.666666666666668,0.01972881425047823,0.0,0.05998761494954152,0.0,-0.9537440021991651,-2.156121709512161,ejecutar la receta: horno frio,-0.018816238261895026,-0.0,16.666666666666668,10.469880022321428,16.666666666666668,-1.1957078484515564,0.0,-6.19678664434524,0.0,0.0,0.7337624112818218,ejecutar la receta,-0.0,0.0
AP0330,3,320,15.0,14.926776492070655,12.941301898652965,-0.0296417594548704,-0.8333858297148213,-0.07322350792934529,-2.0586981013470353,-0.9537440021991651,-2.156121709512161,recomendar,0.02827065029471304,0.7948367366082856,10.0,9.60485646088241,10.0,-0.10541177248171398,0.0,-0.3951435391175906,0.0,0.0,0.7337624112818218,ejecutar la receta,-0.0,0.0
AP0331,0,330,30.833333333333332,30.893071978533712,29.26234590326006,0.027048972547933165,-0.711325068164251,0.059738645200379636,-1.5709874300732736,-0.46501018781612447,-1.422650136328502,recomendar,-0.012578047804747595,0.3307734035453759,53.333333333333336,62.31276396064347,53.333333333333336,1.2692617343132306,0.0,8.979430627310137,0.0,0.0,0.5435561215915559,ejecutar la receta,0.0,0.0
AP0331,1,330,26.666666666666668,25.895034227159286,24.54162486472893,-0.2582920943624889,-0.7113250681642507,-0.7716324395073819,-2.125041801937737,-0.46501018781612447,-1.422650136328502,recomendar,0.1201084553109211,0.33077340354537577,35.833333333333336,38.3129163693159,35.833333333333336,0.38523697135667556,0.0,2.4795830359825644,0.0,0.0,0.5435561215915559,ejecutar la receta,0.0,0.0
AP0331,2,330,16.666666666666668,19.061084091454223,16.666666666666668,0.793610641788738,0.0,2.394417424787555,0.0,-0.46501018781612447,-1.422650136328502,ejecutar la receta: horno frio,-0.3690370335910561,-0.0,16.666666666666668,10.74238499232701,16.666666666666668,-1.151874692143853,0.0,-5.9242816743396585,0.0,0.0,0.5435561215915559,ejecutar la receta,-0.0,0.0
AP0331,3,330,15.0,15.0890469781148,15.0,0.03550132914328253,0.0,0.08904697811479956,0.0,-0.46501018781612447,-1.422650136328502,ejecutar la receta: horno frio,-0.01650847973263986,-0.0,10.0,6.0273242337371356,10.0,-1.060555536471664,0.0,-3.9726757662628644,0.0,0.0,0.5435561215915559,ejecutar la receta,-0.0,0.0
AP0332,0,330,30.833333333333332,29.38527208116319,29.26234590326006,-0.6556655064120365,-0.711325068164251,-1.4480612521701417,-1.5709874300732736,-0.46501018781612447,-1.422650136328502,recomendar,0.30489114028121544,0.3307734035453759,53.333333333333336,63.437372121503266,53.333333333333336,1.4282275044071981,0.0,10.10403878816993,0.0,0.0,0.5435561215915559,ejecutar la receta,0.0,0.0
AP0332,1,330,26.666666666666668,24.858053853352867,24.54162486472893,-0.605405329692837,-0.7113250681642507,-1.8086128133138004,-2.125041801937737,-0.46501018781612447,-1.422650136328502,recomendar,0.2815196460653489,0.33077340354537577,35.833333333333336,37.679319098056894,35.833333333333336,0.2867990121120674,0.0,1.845985764723558,0.0,0.0,0.5435561215915559,ejecutar la receta,0.0,0.0
AP0332,2,330,16.666666666666668,15.19091539171007,14.520514576188427,-0.48912604139721666,-0.7113250681642511,-1.4757512749565986,-2.1461520904782407,-0.46501018781612447,-1.422650136328502,recomendar,0.2274485923758772,0.33077340354537593,16.666666666666668,16.957740614149305,16.666666666666668,0.05659432351096477,0.0,0.29107394748263715,0.0,0.0,0.5435561215915559,ejecutar la receta,0.0,0.0
AP0332,3,330,15.0,13.933890609419073,13.215803483816446,-0.4250374485360269,-0.7113250681642511,-1.0661093905809267,-1.7841965161835542,-0.46501018781612447,-1.422650136328502,recomendar,0.19764674377262417,0.33077340354537593,10.0,4.879540780962751,10.0,-1.3669707002381122,0.0,-5.120459219037249,0.0,0.0,0.5435561215915559,ejecutar la receta,-0.0,0.0
AP0333,0,330,30.833333333333332,30.86013870804398,29.26234590326006,0.012137165853918074,-0.711325068164251,0.02680537471064781,-1.5709874300732736,-0.46501018781612447,-1.422650136328502,recomendar,-0.0056439057732858965,0.3307734035453759,53.333333333333336,63.92933106781334,53.333333333333336,1.497766954214327,0.0,10.595997734480001,0.0,0.0,0.5435561215915559,ejecutar la receta,0.0,0.0
AP0333,1,330,25.0,25.30337875705295,22.874958198062263,0.10155137411579188,-0.7113250681642507,0.3033787570529505,-2.125041801937737,-0.46501018781612447,-1.422650136328502,recomendar,-0.047222423550569895,0.33077340354537577,35.833333333333336,32.44186080541367,35.833333333333336,-0.5269114145949206,0.0,-3.3914725279196674,0.0,0.0,0.5435561215915559,ejecutar la receta,-0.0,0.0
AP0333,2,330,16.666666666666668,17.119291466606988,14.520514576188427,0.1500188957245028,-0.7113250681642511,0.45262479994032034,-2.1461520904782407,-0.46501018781612447,-1.422650136328502,recomendar,-0.06976031487681865,0.33077340354537593,16.666666666666668,13.615710739862351,16.666666666666668,-0.5932059129048595,0.0,-3.050955926804317,0.0,0.0,0.5435561215915559,ejecutar la receta,-0.0,0.0
AP0333,3,330,15.0,15.270540659915799,13.215803483816446,0.10785939307147996,-0.7113250681642511,0.2705406599157989,-1.7841965161835542,-0.46501018781612447,-1.422650136328502,recomendar,-0.050155716629902085,0.33077340354537593,10.0,16.648439542257737,10.0,1.7748841788997949,0.0,6.648439542257737,0.0,0.0,0.5435561215915559,ejecutar la receta,0.0,0.0
AP0334,0,330,30.833333333333332,30.825816322609228,29.26234590326006,-0.003403616135531701,-0.711325068164251,-0.007517010724104267,-1.5709874300732736,-0.46501018781612447,-1.422650136328502,recomendar,0.0015827161784375881,0.3307734035453759,53.333333333333336,61.61308121219757,53.333333333333336,1.1703600805646648,0.0,8.279747878864235,0.0,0.0,0.5435561215915559,ejecutar la receta,0.0,0.0
AP0334,1,330,25.0,25.03875910101997,22.874958198062263,0.012974013099354075,-0.7113250681642507,0.03875910101996993,-2.125041801937737,-0.46501018781612447,-1.422650136328502,recomendar,-0.006033048268059498,0.33077340354537577,35.833333333333336,38.941331364558295,35.833333333333336,0.48286979349218,0.0,3.107998031224959,0.0,0.0,0.5435561215915559,ejecutar la receta,0.0,0.0
AP0334,2,330,16.666666666666668,17.120977240668402,14.520514576188427,0.15057763215071657,-0.7113250681642511,0.4543105740017346,-2.1461520904782407,-0.46501018781612447,-1.422650136328502,recomendar,-0.07002013300731201,0.33077340354537593,16.666666666666668,11.043642655629958,16.666666666666668,-1.0933003202202325,0.0,-5.62302401103671,0.0,0.0,0.5435561215915559,ejecutar la receta,-0.0,0.0
AP0334,3,330,15.0,15.246177103996251,13.215803483816446,0.09814610873424441,-0.7113250681642511,0.24617710399625103,-1.7841965161835542,-0.46501018781612447,-1.422650136328502,recomendar,-0.04563894045593277,0.33077340354537593,10.0,6.804690416210226,10.0,-0.8530279008943872,0.0,-3.195309583789774,0.0,0.0,0.5435561215915559,ejecutar la receta,-0.0,0.0
AP0335,0,330,30.833333333333332,30.630964807581016,29.26234590326006,-0.09163014459533343,-0.711325068164251,-0.20236852575231623,-1.5709874300732736,-0.46501018781612447,-1.422650136328502,recomendar,0.04260895074789464,0.3307734035453759,53.333333333333336,60.43341038917019,53.333333333333336,1.0036110853443545,0.0,7.100077055836856,0.0,0.0,0.5435561215915559,ejecutar la receta,0.0,0.0
AP0335,1,330,25.0,25.41852924262153,22.874958198062263,0.14009622858478513,-0.7113250681642507,0.41852924262153124,-2.125041801937737,-0.46501018781612447,-1.422650136328502,recomendar,-0.06514617356654163,0.33077340354537577,35.833333333333336,40.070416103265224,35.833333333333336,0.6582884743076586,0.0,4.237082769931888,0.0,0.0,0.5435561215915559,ejecutar la receta,0.0,0.0
AP0335,2,330,16.666666666666668,19.564871504041882,14.520514576188427,0.9605869792016907,-0.7113250681642511,2.8982048373752143,-2.1461520904782407,-0.46501018781612447,-1.422650136328502,recomendar,-0.4466827316123018,0.33077340354537593,16.666666666666668,12.439943198552205,16.666666666666668,-0.8218136917256256,0.0,-4.2267234681144625,0.0,0.0,0.5435561215915559,ejecutar la receta,-0.0,0.0
AP0335,3,330,15.0,15.949201481086863,13.215803483816446,0.37842849826877417,-0.7113250681642511,0.9492014810868632,-1.7841965161835542,-0.46501018781612447,-1.422650136328502,recomendar,-0.1759731070549366,0.33077340354537593,10.0,5.4954615300655325,10.0,-1.2025429445083213,0.0,-4.5045384699344675,0.0,0.0,0.5435561215915559,ejecutar la receta,-0.0,0.0
AP0336,0,330,30.833333333333332,30.404477872495296,29.26234590326006,-0.19418082797708913,-0.711325068164251,-0.4288554608380366,-1.5709874300732736,-0.46501018781612447,-1.422650136328502,recomendar,0.09029606328791677,0.3307734035453759,53.333333333333336,64.76549164146506,53.333333333333336,1.6159600406055359,0.0,11.432158308131726,0.0,0.0,0.5435561215915559,ejecutar la receta,0.0,0.0
AP0336,1,330,25.0,25.25774727376302,22.874958198062263,0.08627693672258475,-0.7113250681642507,0.25774727376301954,-2.125041801937737,-0.46501018781612447,-1.422650136328502,recomendar,-0.04011965454956903,0.33077340354537577,35.833333333333336,31.10456120417669,35.833333333333336,-0.7346791080744328,0.0,-4.728772129156646,0.0,0.0,0.5435561215915559,ejecutar la receta,-0.0,0.0
AP0336,2,330,16.666666666666668,17.245040164523655,14.520514576188427,0.19169730310019176,-0.7113250681642511,0.5783734978569868,-2.1461520904782407,-0.46501018781612447,-1.422650136328502,recomendar,-0.08914119891846471,0.33077340354537593,16.666666666666668,11.590386284722223,16.666666666666668,-0.9869954238527816,0.0,-5.076280381944445,0.0,0.0,0.5435561215915559,ejecutar la receta,-0.0,0.0
AP0336,3,330,15.0,15.147345589191977,13.215803483816446,0.05874387172320978,-0.7113250681642511,0.1473455891919766,-1.7841965161835542,-0.46501018781612447,-1.422650136328502,recomendar,-0.0273164988230561,0.33077340354537593,10.0,9.911397754795434,10.0,-0.0236534787191854,0.0,-0.08860224520456583,0.0,0.0,0.5435561215915559,ejecutar la receta,-0.0,0.0
AP0337,0,330,30.833333333333332,31.058680261682582,29.26234590326006,0.10203450142255968,-0.711325068164251,0.22534692834924996,-1.5709874300732736,-0.46501018781612447,-1.422650136328502,recomendar,-0.047447082670229096,0.3307734035453759,53.333333333333336,59.247266182848286,53.333333333333336,0.8359470635429269,0.0,5.91393284951495,0.0,0.0,0.5435561215915559,ejecutar la receta,0.0,0.0
AP0337,1,330,24.166666666666668,24.930309760199655,22.04162486472893,0.25561778364321663,-0.7113250681642507,0.7636430935329876,-2.125041801937737,-0.46501018781612447,-1.422650136328502,recomendar,-0.11886487358107363,0.33077340354537577,35.833333333333336,38.72203040489784,35.833333333333336,0.44879840475898225,0.0,2.8886970715645077,0.0,0.0,0.5435561215915559,ejecutar la receta,0.0,0.0
AP0337,2,330,16.666666666666668,18.583413399590384,16.666666666666668,0.6352904840713066,0.0,1.9167467329237162,0.0,-0.46501018781612447,-1.422650136328502,ejecutar la receta: horno frio,-0.2954165473157949,-0.0,16.666666666666668,12.453875877743675,16.666666666666668,-0.8191047218560925,0.0,-4.212790788922993,0.0,0.0,0.5435561215915559,ejecutar la receta,-0.0,0.0
AP0337,3,330,15.0,15.202961830741515,15.0,0.08091700481276838,0.0,0.20296183074151486,0.0,-0.46501018781612447,-1.422650136328502,ejecutar la receta: horno frio,-0.03762723160550367,-0.0,10.0,7.139177019583722,10.0,-0.7637325141185689,0.0,-2.8608229804162777,0.0,0.0,0.5435561215915559,ejecutar la receta,-0.0,0.0
AP0338,0,330,30.833333333333332,26.84788655598958,29.26234590326006,-1.8045645345658896,-0.711325068164251,-3.9854467773437534,-1.5709874300732736,-0.46501018781612447,-1.422650136328502,recomendar,0.8391408931448016,0.3307734035453759,53.333333333333336,62.82730004095262,53.333333333333336,1.3419925103240875,0.0,9.493966707619286,0.0,0.0,0.5435561215915559,ejecutar la receta,0.0,0.0
AP0338,1,330,24.166666666666668,22.51878761121962,22.04162486472893,-0.5516021757188274,-0.7113250681642507,-1.6478790554470493,-2.125041801937737,-0.46501018781612447,-1.422650136328502,recomendar,0.2565006313307948,0.33077340354537577,35.833333333333336,39.3061288686899,35.833333333333336,0.5395460505929821,0.0,3.4727955353565676,0.0,0.0,0.5435561215915559,ejecutar la receta,0.0,0.0
AP0338,2,330,16.666666666666668,17.88419319387911,16.666666666666668,0.4035394992757411,0.0,1.217526527212442,0.0,-0.46501018781612447,-1.422650136328502,ejecutar la receta: horno frio,-0.18764997834943722,-0.0,16.666666666666668,9.735806201753164,16.666666666666668,-1.3475866279103133,0.0,-6.930860464913504,0.0,0.0,0.5435561215915559,ejecutar la receta,-0.0,0.0
AP0338,3,330,15.0,16.62241621957252,13.215803483816446,0.6468263543338757,-0.7113250681642511,1.6224162195725214,-1.7841965161835542,-0.46501018781612447,-1.422650136328502,recomendar,-0.30078084451321463,0.33077340354537593,10.0,5.285369407582837,10.0,-1.2586296671047918,0.0,-4.714630592417163,0.0,0.0,0.5435561215915559,ejecutar la receta,-0.0,0.0
AP0339,0,330,30.833333333333332,30.796914966724536,29.26234590326006,-0.016489818196205597,-0.711325068164251,-0.03641836660879605,-1.5709874300732736,-0.46501018781612447,-1.422650136328502,recomendar,0.007667933456471311,0.3307734035453759,53.333333333333336,61.31954280470657,53.333333333333336,1.128867798521034,0.0,7.986209471373236,0.0,0.0,0.5435561215915559,ejecutar la receta,0.0,0.0
AP0339,1,330,24.166666666666668,24.751174804687498,22.04162486472893,0.1956551116976136,-0.7113250681642507,0.5845081380208299,-2.125041801937737,-0.46501018781612447,-1.422650136328502,recomendar,-0.09098162023769212,0.33077340354537577,41.666666666666664,31.25196666228466,41.666666666666664,-1.6180653880327207,0.0,-10.414700004382006,0.0,0.0,0.5435561215915559,ejecutar la receta,-0.0,0.0
AP0339,2,330,16.666666666666668,17.220543636745873,14.520514576188427,0.18357812349096145,-0.7113250681642511,0.5538769700792052,-2.1461520904782407,-0.46501018781612447,-1.422650136328502,recomendar,-0.08536569768346366,0.33077340354537593,16.666666666666668,11.79640934051029,16.666666666666668,-0.9469377836179648,0.0,-4.870257326156377,0.0,0.0,0.5435561215915559,ejecutar la receta,-0.0,0.0
AP0339,3,330,15.0,15.242217295644798,13.215803483816446,0.09656740878725653,-0.7113250681642511,0.24221729564479766,-1.7841965161835542,-0.46501018781612447,-1.422650136328502,recomendar,-0.04490482889707863,0.33077340354537593,10.0,10.019831899049128,10.0,0.00529437376035499,0.0,0.01983189904912841,0.0,0.0,0.5435561215915559,ejecutar la receta,0.0,0.0
AP0340,0,330,30.833333333333332,31.054269092701098,29.26234590326006,0.1000371747626692,-0.711325068164251,0.22093575936776588,-1.5709874300732736,-0.46501018781612447,-1.422650136328502,recomendar,-0.04651830542498327,0.3307734035453759,53.333333333333336,62.90423334593413,53.333333333333336,1.3528671976133115,0.0,9.570900012600795,0.0,0.0,0.5435561215915559,ejecutar la receta,0.0,0.0
AP0340,1,330,24.166666666666668,25.93463742404514,22.04162486472893,0.5918010263882282,-0.7113250681642507,1.767970757378471,-2.125041801937737,-0.46501018781612447,-1.422650136328502,recomendar,-0.2751935064305652,0.33077340354537577,35.833333333333336,37.81390333909255,35.833333333333336,0.30770850562631347,0.0,1.980570005759212,0.0,0.0,0.5435561215915559,ejecutar la receta,0.0,0.0
AP0340,2,330,16.666666666666668,22.209267739189993,14.520514576188427,1.8370511126456808,-0.7113250681642511,5.5426010725233255,-2.1461520904782407,-0.46501018781612447,-1.422650136328502,recomendar,-0.8542474829191884,0.33077340354537593,16.666666666666668,11.380611407567583,16.666666666666668,-1.0277825412325352,0.0,-5.286055259099085,0.0,0.0,0.5435561215915559,ejecutar la receta,-0.0,0.0
AP0340,3,330,15.0,11.55740990417806,13.215803483816446,-1.3724949086943456,-0.7113250681642511,-3.4425900958219398,-1.7841965161835542,-0.46501018781612447,-1.422650136328502,recomendar,0.6382241152686323,0.33077340354537593,10.0,6.961704379686066,10.0,-0.8111110574203197,0.0,-3.038295620313934,0.0,0.0,0.5435561215915559,ejecutar la receta,-0.0,0.0
AP0341,0,340,30.833333333333332,28.109202745225694,30.833333333333332,-1.2439831253654199,0.0,-2.724130588107638,0.0,-0.0,-0.833176307721237,ejecutar la receta,0.0,-0.0,53.333333333333336,61.315907599336356,57.675383489600556,1.136758084477205,0.6183294328201375,7.98257426600302,4.34205015626722,0.9811260440340931,1.2366588656402746,recomendar,1.1153029624468933,0.6066591103326661
AP0341,1,340,24.166666666666668,18.844857242763442,24.166666666666668,-1.8047948781606558,0.0,-5.321809423903225,0.0,-0.0,-0.833176307721237,ejecutar la receta,0.0,-0.0,35.833333333333336,40.270616267277646,39.82032357130521,0.6881638720048492,0.6183294328201373,4.43728293394431,3.986990237971874,0.9811260440340931,1.2366588656402746,recomendar,0.6751754973873018,0.6066591103326658
AP0341,2,340,16.666666666666668,20.05275400797526,16.666666666666668,1.1325550195881207,0.0,3.386087341308592,0.0,-0.0,-0.833176307721237,ejecutar la receta,-0.0,-0.0,16.666666666666668,11.867691621326264,19.16787353757828,-0.9452101087481704,0.492639781644945,-4.798975045340404,2.501206870911613,0.9811260440340931,1.2366588656402746,recomendar,-0.9273702547771273,0.4833417200991243
AP0341,3,340,15.0,18.588180126792725,15.0,1.4461311382730146,0.0,3.588180126792725,0.0,-0.0,-0.833176307721237,ejecutar la receta,-0.0,-0.0,10.0,5.959348831639856,12.34963383296248,-1.0633374060697947,0.6183294328201372,-4.040651168360144,2.34963383296248,0.9811260440340931,1.2366588656402746,recomendar,-1.0432680226907316,0.6066591103326658
AP0342,0,340,30.833333333333332,30.792321992097072,30.833333333333332,-0.018727962847754045,0.0,-0.041011341236259824,0.0,-0.0,-0.833176307721237,ejecutar la receta,0.0,-0.0,53.333333333333336,62.05287116267691,57.675383489600556,1.2417053434285423,0.6183294328201375,8.719537829343572,4.34205015626722,0.9811260440340931,1.2366588656402746,recomendar,1.2182694514540406,0.6066591103326661
AP0342,1,340,24.166666666666668,24.373600070529516,24.166666666666668,0.070177700414176,0.0,0.2069334038628483,0.0,-0.0,-0.833176307721237,ejecutar la receta,-0.0,-0.0,41.666666666666664,32.98146487505008,41.666666666666664,-1.346959881314013,0.0,-8.685201791616585,0.0,0.9811260440340931,1.2366588656402746,recomendar,-1.321537419826249,0.0
AP0342,2,340,16.666666666666668,17.307566689385308,16.666666666666668,0.21436379650609402,0.0,0.6409000227186397,0.0,-0.0,-0.833176307721237,ejecutar la receta,-0.0,-0.0,16.666666666666668,12.025498695979042,19.16787353757828,-0.9141282963227001,0.492639781644945,-4.641167970687626,2.501206870911613,0.9811260440340931,1.2366588656402746,recomendar,-0.8968750791107158,0.4833417200991243
AP0342,3,340,15.0,15.224045366382864,15.0,0.09029618616210615,0.0,0.22404536638286388,0.0,-0.0,-0.833176307721237,ejecutar la receta,-0.0,-0.0,10.0,19.400898612993757,12.34963383296248,2.4739396521384984,0.6183294328201372,9.400898612993757,2.34963383296248,0.9811260440340931,1.2366588656402746,recomendar,2.427246624081725,0.6066591103326658
AP0343,0,340,30.833333333333332,30.873512708875865,30.833333333333332,0.018348042997950207,0.0,0.04017937554253237,0.0,-0.0,-0.833176307721237,ejecutar la receta,-0.0,-0.0,53.333333333333336,60.97185176726686,57.675383489600556,1.0877628311186212,0.6183294328201375,7.638518433933527,4.34205015626722,0.9811260440340931,1.2366588656402746,recomendar,1.067232443342738,0.6066591103326661
AP0343,1,340,24.166666666666668,26.969637749565972,24.166666666666668,0.950576665020593,0.0,2.8029710828993046,0.0,-0.0,-0.833176307721237,ejecutar la receta,-0.0,-0.0,41.666666666666664,33.05299087915665,41.666666666666664,-1.3358671444595565,0.0,-8.613675787510012,0.0,0.9811260440340931,1.2366588656402746,recomendar,-1.310654046798725,0.0
AP0343,2,340,16.666666666666668,20.171084416707355,16.666666666666668,1.1721333543654087,0.0,3.5044177500406875,0.0,-0.0,-0.833176307721237,ejecutar la receta,-0.0,-0.0,16.666666666666668,11.239053635370164,19.16787353757828,-1.0690271683191996,0.492639781644945,-5.427613031296504,2.501206870911613,0.9811260440340931,1.2366588656402746,recomendar,-1.048850396617985,0.4833417200991243
AP0343,3,340,15.0,15.068175293203726,15.0,0.027476439554032565,0.0,0.06817529320372628,0.0,-0.0,-0.833176307721237,ejecutar la receta,-0.0,-0.0,10.0,9.668901297707922,12.34963383296248,-0.08713190537336507,0.6183294328201372,-0.3310987022920777,2.34963383296248,0.9811260440340931,1.2366588656402746,recomendar,-0.08548738162812261,0.6066591103326658
AP0344,0,340,30.833333333333332,28.395977410210502,30.833333333333332,-1.1130265384892966,0.0,-2.43735592312283,0.0,-0.0,-0.833176307721237,ejecutar la receta,0.0,-0.0,53.333333333333336,62.35652721774193,57.675383489600556,1.2849474685868032,0.6183294328201375,9.023193884408592,4.34205015626722,0.9811260440340931,1.2366588656402746,recomendar,1.2606954266461925,0.6066591103326661
AP0344,1,340,24.166666666666668,25.268680677625866,24.166666666666668,0.3737280094448962,0.0,1.1020140109591985,0.0,-0.0,-0.833176307721237,ejecutar la receta,-0.0,-0.0,41.666666666666664,41.128917361528444,41.666666666666664,-0.0833978021011358,0.0,-0.5377493051382203,0.0,0.9811260440340931,1.2366588656402746,recomendar,-0.08182375565662554,0.0
AP0344,2,340,16.666666666666668,20.60414177905554,16.666666666666668,1.3169793787173625,0.0,3.9374751123888707,0.0,-0.0,-0.833176307721237,ejecutar la receta,-0.0,-0.0,16.666666666666668,10.396266428629556,19.16787353757828,-1.2350232361896363,0.492639781644945,-6.270400238037112,2.501206870911613,0.9811260440340931,1.2366588656402746,recomendar,-1.2117134620129213,0.4833417200991243
AP0344,3,340,15.0,19.692277298666454,15.0,1.8911113910768074,0.0,4.692277298666454,0.0,-0.0,-0.833176307721237,ejecutar la receta,-0.0,-0.0,10.0,5.669302786952828,12.34963383296248,-1.1396658976786052,0.6183294328201372,-4.330697213047172,2.34963383296248,0.9811260440340931,1.2366588656402746,recomendar,-1.1181558937099734,0.6066591103326658
AP0345,0,340,30.833333333333332,30.879279593008537,30.833333333333332,0.020981509461819498,0.0,0.045946259675204715,0.0,-0.0,-0.833176307721237,ejecutar la receta,-0.0,-0.0,53.333333333333336,65.10382486979167,57.675383489600556,1.6761762517292764,0.6183294328201375,11.77049153645833,4.34205015626722,0.9811260440340931,1.2366588656402746,recomendar,1.6445401749630393,0.6066591103326661
AP0345,1,340,24.166666666666668,24.34548659166753,24.166666666666668,0.060643525359073025,0.0,0.1788199250008624,0.0,-0.0,-0.833176307721237,ejecutar la receta,-0.0,-0.0,41.666666666666664,33.33309333996895,41.666666666666664,-1.2924269589090414,0.0,-8.333573326697717,0.0,0.9811260440340931,1.2366588656402746,recomendar,-1.2680337493974412,0.0
AP0345,2,340,16.666666666666668,17.079803975423175,16.666666666666668,0.13818330292404213,0.0,0.41313730875650734,0.0,-0.0,-0.833176307721237,ejecutar la receta,-0.0,-0.0,16.666666666666668,11.340526617140995,19.16787353757828,-1.0490409655929038,0.492639781644945,-5.326140049525673,2.501206870911613,0.9811260440340931,1.2366588656402746,recomendar,-1.029241412601871,0.4833417200991243
AP0345,3,340,15.0,15.324500079241853,15.0,0.13078208238758568,0.0,0.32450007924185265,0.0,-0.0,-0.833176307721237,ejecutar la receta,-0.0,-0.0,10.0,14.613526491848916,12.34963383296248,1.2140952258117956,0.6183294328201372,4.613526491848916,2.34963383296248,0.9811260440340931,1.2366588656402746,recomendar,1.191180445981406,0.6066591103326658
AP0346,0,340,30.833333333333332,30.90769602457682,30.833333333333332,0.03395796569646705,0.0,0.07436269124348627,0.0,-0.0,-0.833176307721237,ejecutar la receta,-0.0,-0.0,53.333333333333336,62.930212533602145,57.675383489600556,1.3666430969666563,0.6183294328201375,9.596879200268809,4.34205015626722,0.9811260440340931,1.2366588656402746,recomendar,1.3408491353333971,0.6066591103326661
AP0346,1,340,24.166666666666668,24.840378173828125,24.166666666666668,0.22847700483627914,0.0,0.6737115071614568,0.0,-0.0,-0.833176307721237,ejecutar la receta,-0.0,-0.0,41.666666666666664,33.23065318572216,41.666666666666664,-1.3083140714156534,0.0,-8.436013480944503,0.0,0.9811260440340931,1.2366588656402746,recomendar,-1.2836210092421778,0.0
AP0346,2,340,16.666666666666668,20.610139431423608,16.666666666666668,1.3189854319022094,0.0,3.9434727647569403,0.0,-0.0,-0.833176307721237,ejecutar la receta,-0.0,-0.0,16.666666666666668,12.936619301447795,19.16787353757828,-0.7346732255125263,0.492639781644945,-3.730047365218873,2.501206870911613,0.9811260440340931,1.2366588656402746,recomendar,-0.7208070354048722,0.4833417200991243
AP0346,3,340,15.0,16.894354560343054,15.0,0.7634748033372143,0.0,1.8943545603430536,0.0,-0.0,-0.833176307721237,ejecutar la receta,-0.0,-0.0,10.0,6.694839681716547,12.34963383296248,-0.8697856986537807,0.6183294328201372,-3.305160318283453,2.34963383296248,0.9811260440340931,1.2366588656402746,recomendar,-0.8533694016776138,0.6066591103326658
AP0347,0,340,30.833333333333332,26.906224029167447,30.833333333333332,-1.7933272829044227,0.0,-3.927109304165885,0.0,-0.0,-0.833176307721237,ejecutar la receta,0.0,-0.0,53.333333333333336,60.95847738942791,57.675383489600556,1.085858253519133,0.6183294328201375,7.625144056094577,4.34205015626722,0.9811260440340931,1.2366588656402746,recomendar,1.0653638126569964,0.6066591103326661
AP0347,1,340,24.166666666666668,17.173960557467694,24.166666666666668,-2.371449100315346,0.0,-6.9927061091989735,0.0,-0.0,-0.833176307721237,ejecutar la receta,0.0,-0.0,41.666666666666664,42.164280505058095,41.666666666666664,0.07717332225336519,0.0,0.49761383839143036,0.0,0.9811260440340931,1.2366588656402746,recomendar,0.07571675636741243,0.0
AP0347,2,340,16.666666666666668,17.28290587634575,16.666666666666668,0.20611541872376543,0.0,0.6162392096790832,0.0,-0.0,-0.833176307721237,ejecutar la receta,-0.0,-0.0,16.666666666666668,8.638376405504014,19.16787353757828,-1.5812587144380874,0.492639781644945,-8.028290261162654,2.501206870911613,0.9811260440340931,1.2366588656402746,recomendar,-1.5514141070910763,0.4833417200991243
AP0347,3,340,15.0,18.736672452245628,15.0,1.5059774581465817,0.0,3.736672452245628,0.0,-0.0,-0.833176307721237,ejecutar la receta,-0.0,-0.0,10.0,5.427032698840448,12.34963383296248,-1.2034216727573703,0.6183294328201372,-4.572967301159552,2.34963383296248,0.9811260440340931,1.2366588656402746,recomendar,-1.1807083450973297,0.6066591103326658
AP0348,0,340,30.833333333333332,30.873608025444877,30.833333333333332,0.018391569620329184,0.0,0.04027469211154511,0.0,-0.0,-0.833176307721237,ejecutar la receta,-0.0,-0.0,53.333333333333336,57.44179543115759,57.675383489600556,0.5850653371757967,0.6183294328201375,4.108462097824251,4.34205015626722,0.9811260440340931,1.2366588656402746,recomendar,0.5740228397647621,0.6066591103326661
AP0348,1,340,24.166666666666668,28.245830159505207,24.166666666666668,1.3833741106902142,0.0,4.079163492838539,0.0,-0.0,-0.833176307721237,ejecutar la receta,-0.0,-0.0,41.666666666666664,42.51375795022035,41.666666666666664,0.13137264995488784,0.0,0.8470912835536879,0.0,0.9811260440340931,1.2366588656402746,recomendar,0.12889312834451477,0.0
AP0348,2,340,16.666666666666668,20.858968421088328,16.666666666666668,1.40221202733755,0.0,4.19230175442166,0.0,-0.0,-0.833176307721237,ejecutar la receta,-0.0,-0.0,16.666666666666668,17.449268934461806,19.16787353757828,0.15414199233385187,0.492639781644945,0.7826022677951379,2.501206870911613,0.9811260440340931,1.2366588656402746,recomendar,0.1512327231580456,0.4833417200991243
AP0348,3,340,15.0,16.501988586282707,15.0,0.6053409770973738,0.0,1.5019885862827067,0.0,-0.0,-0.833176307721237,ejecutar la receta,-0.0,-0.0,10.0,7.654604380202906,12.34963383296248,-0.6172141050163068,0.6183294328201372,-2.3453956197970944,2.34963383296248,0.9811260440340931,1.2366588656402746,recomendar,-0.6055648331766923,0.6066591103326658
AP0349,0,340,30.833333333333332,30.844830164026334,30.833333333333332,0.005250065264753819,0.0,0.01149683069300167,0.0,-0.0,-0.833176307721237,ejecutar la receta,-0.0,-0.0,53.333333333333336,62.26977919711861,57.675383489600556,1.2725941210988971,0.6183294328201375,8.936445863785274,4.34205015626722,0.9811260440340931,1.2366588656402746,recomendar,1.2485752356948046,0.6066591103326661
AP0349,1,340,24.166666666666668,28.03495453559028,24.166666666666668,1.3118594780426862,0.0,3.8682878689236126,0.0,-0.0,-0.833176307721237,ejecutar la receta,-0.0,-0.0,41.666666666666664,33.4373283973107,41.666666666666664,-1.2762614806813128,0.0,-8.229338269355964,0.0,0.9811260440340931,1.2366588656402746,recomendar,-1.2521733776939505,0.0
AP0349,2,340,16.666666666666668,18.86316520690918,16.666666666666668,0.7346696043310725,0.0,2.196498540242512,0.0,-0.0,-0.833176307721237,ejecutar la receta,-0.0,-0.0,16.666666666666668,12.978072635711186,19.16787353757828,-0.7265085423839658,0.492639781644945,-3.688594030955482,2.501206870911613,0.9811260440340931,1.2366588656402746,recomendar,-0.7127964521461556,0.4833417200991243
AP0349,3,340,15.0,15.134037804763262,15.0,0.054020767164543376,0.0,0.13403780476326155,0.0,-0.0,-0.833176307721237,ejecutar la receta,-0.0,-0.0,10.0,5.67941201214397,12.34963383296248,-1.1370055548664622,0.6183294328201372,-4.32058798785603,2.34963383296248,0.9811260440340931,1.2366588656402746,recomendar,-1.115545762090921,0.6066591103326658
AP0350,0,340,30.833333333333332,28.75157359935619,30.833333333333332,-0.9506423779528617,0.0,-2.081759733977144,0.0,-0.0,-0.833176307721237,ejecutar la receta,0.0,-0.0,53.333333333333336,64.94555257161457,57.675383489600556,1.6536374931150473,0.6183294328201375,11.612219238281234,4.34205015626722,0.9811260440340931,1.2366588656402746,recomendar,1.6224268118864211,0.6066591103326661
AP0350,1,340,24.166666666666668,26.002981791178385,24.166666666666668,0.622752877343163,0.0,1.8363151245117173,0.0,-0.0,-0.833176307721237,ejecutar la receta,-0.0,-0.0,41.666666666666664,43.10920003255209,41.666666666666664,0.22371783844792806,0.0,1.4425333658854242,0.0,0.9811260440340931,1.2366588656402746,recomendar,0.219495397816274,0.0
AP0350,2,340,16.666666666666668,23.706971143086754,16.666666666666668,2.354792233775288,0.0,7.040304476420086,0.0,-0.0,-0.833176307721237,ejecutar la receta,-0.0,-0.0,16.666666666666668,10.754451691158234,19.16787353757828,-1.1644747695383142,0.492639781644945,-5.912214975508434,2.501206870911613,0.9811260440340931,1.2366588656402746,recomendar,-1.1424965240146385,0.4833417200991243
AP0350,3,340,15.0,21.953243124157286,15.0,2.8023401943353563,0.0,6.953243124157286,0.0,-0.0,-0.833176307721237,ejecutar la receta,-0.0,-0.0,10.0,5.464805276175124,12.34963383296248,-1.1934814446282678,0.6183294328201372,-4.535194723824876,2.34963383296248,0.9811260440340931,1.2366588656402746,recomendar,-1.1709557283962269,0.6066591103326658
AP0351,0,350,30.833333333333332,30.796286700213397,30.833333333333332,-0.016972549571131573,0.0,-0.03704663311993528,0.0,-0.0,-0.1721591708790018,ejecutar la receta,0.0,-0.0,53.333333333333336,56.96379066385248,58.94092525165215,0.5209336214308329,0.8046322817126662,3.6304573305191425,5.607591918318818,2.16434304317081,1.609264563425333,recomendar,1.1274790594975996,1.7415002812354645
AP0351,1,350,24.166666666666668,27.442352105034725,24.166666666666668,1.104345205154188,0.0,3.2756854383680576,0.0,-0.0,-0.1721591708790018,ejecutar la receta,-0.0,-0.0,41.666666666666664,42.06059272961739,42.07510080924401,0.05990600961702925,0.06211231490977097,0.39392606295072596,0.4084341425773488,2.16434304317081,1.609264563425333,recomendar,0.1296571551587409,0.13443235667019737
AP0351,2,350,16.666666666666668,20.592034276326498,16.666666666666668,1.3145614119190674,0.0,3.92536760965983,0.0,-0.0,-0.1721591708790018,ejecutar la receta,-0.0,-0.0,16.666666666666668,18.320345924014138,19.1552892000713,0.3295754527101588,0.4959782221536307,1.65367925734747,2.4886225334046337,2.16434304317081,1.609264563425333,recomendar,0.7133143382731025,1.0734670146824372
AP0351,3,350,15.0,17.078424162115834,15.0,0.8314559542203275,0.0,2.0784241621158337,0.0,-0.0,-0.1721591708790018,ejecutar la receta,-0.0,-0.0,10.0,7.18409160601758,13.139675756836649,-0.7216575760124927,0.8046322817126663,-2.8159083939824203,3.139675756836649,2.16434304317081,1.609264563425333,recomendar,-1.5619145541941488,1.7415002812354647
AP0352,0,350,30.833333333333332,30.895306238245084,30.833333333333332,0.028392275143506108,0.0,0.06197290491175167,0.0,-0.0,-0.1721591708790018,ejecutar la receta,-0.0,-0.0,53.333333333333336,60.749087524414065,58.94092525165215,1.0640851371328883,0.8046322817126662,7.41575419108073,5.607591918318818,2.16434304317081,1.609264563425333,recomendar,2.3030452638950245,1.7415002812354645
AP0352,1,350,24.166666666666668,27.124533759223095,24.166666666666668,0.9971978087051662,0.0,2.9578670925564268,0.0,-0.0,-0.1721591708790018,ejecutar la receta,-0.0,-0.0,41.666666666666664,33.821082560221356,42.07510080924401,-1.193111299646893,0.06211231490977097,-7.845584106445308,0.4084341425773488,2.16434304317081,1.609264563425333,recomendar,-2.582302141119237,0.13443235667019737
AP0352,2,350,16.666666666666668,19.43429246149143,16.666666666666668,0.926846714574016,0.0,2.767625794824763,0.0,-0.0,-0.1721591708790018,ejecutar la receta,-0.0,-0.0,16.666666666666668,11.722027636331225,19.1552892000713,-0.9854581169053797,0.4959782221536307,-4.944639030335443,2.4886225334046337,2.16434304317081,1.609264563425333,recomendar,-2.1328694196603655,1.0734670146824372
AP0352,3,350,15.0,19.070856806840624,15.0,1.6285117313976596,0.0,4.070856806840624,0.0,-0.0,-0.1721591708790018,ejecutar la receta,-0.0,-0.0,10.0,5.808956680690918,13.139675756836649,-1.074075481020362,0.8046322817126663,-4.191043319309082,3.139675756836649,2.16434304317081,1.609264563425333,recomendar,-2.3246677951867625,1.7415002812354647
AP0353,0,350,30.833333333333332,30.92266740587022,30.833333333333332,0.040927524226419314,0.0,0.08933407253688941,0.0,-0.0,-0.1721591708790018,ejecutar la receta,-0.0,-0.0,53.333333333333336,65.63993458081316,58.94092525165215,1.7658718369892346,0.8046322817126662,12.306601247479826,5.607591918318818,2.16434304317081,1.609264563425333,recomendar,3.8219524255189086,1.7415002812354645
AP0353,1,350,24.166666666666668,24.171129035102,24.166666666666668,0.0015044164886734914,0.0,0.004462368435330433,0.0,-0.0,-0.1721591708790018,ejecutar la receta,-0.0,-0.0,41.666666666666664,33.85377455491286,42.07510080924401,-1.1881396891529865,0.06211231490977097,-7.812892111753804,0.4084341425773488,2.16434304317081,1.609264563425333,recomendar,-2.5715418705333954,0.13443235667019737
AP0353,2,350,16.666666666666668,17.127919642130532,16.666666666666668,0.15446842766662408,0.0,0.46125297546386435,0.0,-0.0,-0.1721591708790018,ejecutar la receta,-0.0,-0.0,16.666666666666668,11.667258659241691,19.1552892000713,-0.9963734805338191,0.4959782221536307,-4.999408007424977,2.4886225334046337,2.16434304317081,1.609264563425333,recomendar,-2.156494010993258,1.0734670146824372
AP0353,3,350,15.0,15.136389726693608,15.0,0.054561553132850514,0.0,0.13638972669360783,0.0,-0.0,-0.1721591708790018,ejecutar la receta,-0.0,-0.0,10.0,9.988280977218624,13.139675756836649,-0.0030033368953748334,0.8046322817126663,-0.011719022781376154,3.139675756836649,2.16434304317081,1.609264563425333,recomendar,-0.00650025131580274,1.7415002812354647
AP0354,0,350,30.833333333333332,30.861844278971354,30.833333333333332,0.013062008539198932,0.0,0.028510945638021923,0.0,-0.0,-0.1721591708790018,ejecutar la receta,-0.0,-0.0,53.333333333333336,57.40628084572412,58.94092525165215,0.584426452196873,0.8046322817126662,4.072947512390783,5.607591918318818,2.16434304317081,1.609264563425333,recomendar,1.2648993260573,1.7415002812354645
AP0354,1,350,24.166666666666668,24.910435885959206,24.166666666666668,0.2507499534131696,0.0,0.7437692192925383,0.0,-0.0,-0.1721591708790018,ejecutar la receta,-0.0,-0.0,41.666666666666664,42.5786860539363,42.07510080924401,0.13869466207806128,0.06211231490977097,0.9120193872696376,0.4084341425773488,2.16434304317081,1.609264563425333,recomendar,0.30018282699357834,0.13443235667019737
AP0354,2,350,16.666666666666668,18.058775588287702,16.666666666666668,0.46620160237931574,0.0,1.392108921621034,0.0,-0.0,-0.1721591708790018,ejecutar la receta,-0.0,-0.0,16.666666666666668,17.919002956814236,19.1552892000713,0.2495884845485614,0.4959782221536307,1.2523362901475679,2.4886225334046337,2.16434304317081,1.609264563425333,recomendar,0.5401951001882241,1.0734670146824372
AP0354,3,350,15.0,20.11542466591162,15.0,2.046382242067442,0.0,5.115424665911618,0.0,-0.0,-0.1721591708790018,ejecutar la receta,-0.0,-0.0,10.0,8.060595870790344,13.139675756836649,-0.49702812981592936,0.8046322817126663,-1.939404129209656,3.139675756836649,2.16434304317081,1.609264563425333,recomendar,-1.075739375027305,1.7415002812354647
AP0355,0,350,30.833333333333332,30.928885305899158,30.833333333333332,0.043776193797222245,0.0,0.0955519725658256,0.0,-0.0,-0.1721591708790018,ejecutar la receta,-0.0,-0.0,53.333333333333336,60.67775642641129,58.94092525165215,1.0538498516522272,0.8046322817126662,7.344423093077957,5.607591918318818,2.16434304317081,1.609264563425333,recomendar,2.280892594970088,1.7415002812354645
AP0355,1,350,24.166666666666668,26.55022983918834,24.166666666666668,0.8035803834900003,0.0,2.383563172521672,0.0,-0.0,-0.1721591708790018,ejecutar la receta,-0.0,-0.0,41.666666666666664,27.75838322272668,42.07510080924401,-2.115091739571587,0.06211231490977097,-13.908283443939986,0.4084341425773488,2.16434304317081,1.609264563425333,recomendar,-4.577784092209812,0.13443235667019737
AP0355,2,350,16.666666666666668,18.520960590574475,16.666666666666668,0.6209821553340923,0.0,1.8542939239078073,0.0,-0.0,-0.1721591708790018,ejecutar la receta,-0.0,-0.0,16.666666666666668,12.506914120628718,19.1552892000713,-0.8290315805990844,0.4959782221536307,-4.15975254603795,2.4886225334046337,2.16434304317081,1.609264563425333,recomendar,-1.794308734038529,1.0734670146824372
AP0355,3,350,15.0,18.67503060985191,15.0,1.470164819192973,0.0,3.675030609851909,0.0,-0.0,-0.1721591708790018,ejecutar la receta,-0.0,-0.0,10.0,4.218010334076892,13.139675756836649,-1.4818012744151088,0.8046322817126663,-5.781989665923108,3.139675756836649,2.16434304317081,1.609264563425333,recomendar,-3.2071262796419813,1.7415002812354647
AP0356,0,350,30.833333333333332,30.93315259015118,30.833333333333332,0.045731207988851996,0.0,0.09981925681784887,0.0,-0.0,-0.1721591708790018,ejecutar la receta,-0.0,-0.0,53.333333333333336,65.88327137936828,58.94092525165215,1.8007881872333449,0.8046322817126662,12.549938046034946,5.607591918318818,2.16434304317081,1.609264563425333,recomendar,3.8975233852626645,1.7415002812354645
AP0356,1,350,24.166666666666668,25.29020069715712,24.166666666666668,0.37878161464057974,0.0,1.1235340304904504,0.0,-0.0,-0.1721591708790018,ejecutar la receta,-0.0,-0.0,41.666666666666664,33.221504015800285,42.07510080924401,-1.2842917556421236,0.06211231490977097,-8.44516265086638,0.4084341425773488,2.16434304317081,1.609264563425333,recomendar,-2.7796479267256564,0.13443235667019737
AP0356,2,350,16.666666666666668,17.219327748616536,16.666666666666668,0.1850799732521603,0.0,0.5526610819498678,0.0,-0.0,-0.1721591708790018,ejecutar la receta,-0.0,-0.0,16.666666666666668,10.876234557136657,19.1552892000713,-1.1540232335905782,0.4959782221536307,-5.790432109530011,2.4886225334046337,2.16434304317081,1.609264563425333,recomendar,-2.497702157279251,1.0734670146824372
AP0356,3,350,15.0,15.035732784914964,15.0,0.014294597474356007,0.0,0.035732784914964455,0.0,-0.0,-0.1721591708790018,ejecutar la receta,-0.0,-0.0,10.0,12.752413715174216,13.139675756836649,0.7053852370058898,0.8046322817126663,2.7524137151742156,3.139675756836649,2.16434304317081,1.609264563425333,recomendar,1.5266956304690906,1.7415002812354647
AP0357,0,350,30.833333333333332,30.950064584237555,30.833333333333332,0.05347927127569396,0.0,0.11673125090422332,0.0,-0.0,-0.1721591708790018,ejecutar la receta,-0.0,-0.0,53.333333333333336,47.583037079893785,58.94092525165215,-0.8251088992074909,0.8046322817126662,-5.750296253439551,5.607591918318818,2.16434304317081,1.609264563425333,recomendar,-1.7858187058580581,1.7415002812354645
AP0357,1,350,26.666666666666668,26.929337388780386,26.666666666666668,0.08855525292599213,0.0,0.2626707221137181,0.0,-0.0,-0.1721591708790018,ejecutar la receta,-0.0,-0.0,41.666666666666664,29.210677783061715,42.07510080924401,-1.8942351370749086,0.06211231490977097,-12.455988883604949,0.4084341425773488,2.16434304317081,1.609264563425333,recomendar,-4.099774641057785,0.13443235667019737
AP0357,2,350,16.666666666666668,20.96095472547743,16.666666666666668,1.4381087162092996,0.0,4.294288058810761,0.0,-0.0,-0.1721591708790018,ejecutar la receta,-0.0,-0.0,16.666666666666668,33.617300221276665,19.1552892000713,3.378232328103009,0.4959782221536307,16.950633554609997,2.4886225334046337,2.16434304317081,1.609264563425333,recomendar,7.311653637544477,1.0734670146824372
AP0357,3,350,15.0,16.623656482871922,15.0,0.6495300020559795,0.0,1.6236564828719224,0.0,-0.0,-0.1721591708790018,ejecutar la receta,-0.0,-0.0,10.0,15.998882840987962,13.139675756836649,1.5373863933434957,0.8046322817126663,5.998882840987962,3.139675756836649,2.16434304317081,1.609264563425333,recomendar,3.3274315450984577,1.7415002812354647
AP0358,0,350,30.833333333333332,24.24730207347337,30.833333333333332,-3.0173252633542047,0.0,-6.586031259859961,0.0,-0.0,-0.1721591708790018,ejecutar la receta,0.0,-0.0,53.333333333333336,60.05221762195709,58.94092525165215,0.9640914093726581,0.8046322817126662,6.718884288623755,5.607591918318818,2.16434304317081,1.609264563425333,recomendar,2.0866245348564543,1.7415002812354645
AP0358,1,350,26.666666666666668,14.88745600923579,26.666666666666668,-3.9711733787587455,0.0,-11.779210657430879,0.0,-0.0,-0.1721591708790018,ejecutar la receta,0.0,-0.0,41.666666666666664,14.682118228765637,42.07510080924401,-4.103654899407593,0.06211231490977097,-26.984548437901026,0.4084341425773488,2.16434304317081,1.609264563425333,recomendar,-8.881716933106635,0.13443235667019737
AP0358,2,350,16.666666666666668,12.505645967141175,16.666666666666668,-1.393478978206252,0.0,-4.161020699525492,0.0,-0.0,-0.1721591708790018,ejecutar la receta,0.0,-0.0,16.666666666666668,1.3804728868934841,19.1552892000713,-3.046512322628347,0.4959782221536307,-15.286193779773184,2.4886225334046337,2.16434304317081,1.609264563425333,recomendar,-6.593697751414809,1.0734670146824372
AP0358,3,350,15.0,19.718540011021993,15.0,1.8876119027586808,0.0,4.718540011021993,0.0,-0.0,-0.1721591708790018,ejecutar la receta,-0.0,-0.0,10.0,19.490551694087824,13.139675756836649,2.432227037361299,0.8046322817126663,9.490551694087824,3.139675756836649,2.16434304317081,1.609264563425333,recomendar,5.264173667724878,1.7415002812354647
AP0359,0,350,30.833333333333332,30.8417504091616,30.833333333333332,0.003856200272688317,0.0,0.00841707582826956,0.0,-0.0,-0.1721591708790018,ejecutar la receta,-0.0,-0.0,53.333333333333336,66.34612288936492,58.94092525165215,1.867202661040919,0.8046322817126662,13.012789556031585,5.607591918318818,2.16434304317081,1.609264563425333,recomendar,4.041267089613937,1.7415002812354645
AP0359,1,350,26.666666666666668,23.038842386881516,26.666666666666668,-1.2230632104035748,0.0,-3.627824279785152,0.0,-0.0,-0.1721591708790018,ejecutar la receta,0.0,-0.0,41.666666666666664,25.70759570782001,42.07510080924401,-2.4269637078039854,0.06211231490977097,-15.959070958846656,0.4084341425773488,2.16434304317081,1.609264563425333,recomendar,-5.25278201701359,0.13443235667019737
AP0359,2,350,16.666666666666668,15.04106581793891,16.666666666666668,-0.5443954195937292,0.0,-1.6256008487277587,0.0,-0.0,-0.1721591708790018,ejecutar la receta,0.0,-0.0,16.666666666666668,11.663265458364336,19.1552892000713,-0.9971693186511986,0.4959782221536307,-5.003401208302332,2.4886225334046337,2.16434304317081,1.609264563425333,recomendar,-2.1582164776860986,1.0734670146824372
AP0359,3,350,15.0,15.013066260653108,15.0,0.005227046729654096,0.0,0.01306626065310823,0.0,-0.0,-0.1721591708790018,ejecutar la receta,-0.0,-0.0,10.0,25.817716853286505,13.139675756836649,4.053745223668649,0.8046322817126663,15.817716853286505,3.139675756836649,2.16434304317081,1.609264563425333,recomendar,8.773695273634141,1.7415002812354647
AP0360,0,350,30.833333333333332,30.85810872395833,30.833333333333332,0.011350600853945528,0.0,0.024775390624999005,0.0,-0.0,-0.1721591708790018,ejecutar la receta,-0.0,-0.0,53.333333333333336,57.888077274445564,58.94092525165215,0.6535593287346106,0.8046322817126662,4.554743941112228,5.607591918318818,2.16434304317081,1.609264563425333,recomendar,1.4145265864461392,1.7415002812354645
AP0360,1,350,26.666666666666668,27.67944950358073,26.666666666666668,0.3414436125972211,0.0,1.012782836914063,0.0,-0.0,-0.1721591708790018,ejecutar la receta,-0.0,-0.0,41.666666666666664,35.3125471457457,42.07510080924401,-0.9662979450426924,0.06211231490977097,-6.3541195209209675,0.4084341425773488,2.16434304317081,1.609264563425333,recomendar,-2.091400234983401,0.13443235667019737
AP0360,2,350,16.666666666666668,23.189365692138672,16.666666666666668,2.184378456516246,0.0,6.522699025472004,0.0,-0.0,-0.1721591708790018,ejecutar la receta,-0.0,-0.0,16.666666666666668,39.947212098136774,19.1552892000713,4.639772958284134,0.4959782221536307,23.280545431470106,2.4886225334046337,2.16434304317081,1.609264563425333,recomendar,10.042060324154315,1.0734670146824372
AP0360,3,350,15.0,16.175698078126945,15.0,0.47032804239001375,0.0,1.1756980781269455,0.0,-0.0,-0.1721591708790018,ejecutar la receta,-0.0,-0.0,10.0,3.7411050787798343,13.139675756836649,-1.6040219728088372,0.8046322817126663,-6.258894921220166,3.139675756836649,2.16434304317081,1.609264563425333,recomendar,-3.4716537979419257,1.7415002812354647
AP0361,0,360,30.833333333333332,30.79336238154658,30.833333333333332,-0.01832478052452451,0.0,-0.039970951786752806,0.0,-0.0,-0.019175113714609306,ejecutar la receta,0.0,-0.0,53.333333333333336,58.2622807984711,60.271085031414245,0.7104531380823551,1.0000000000000004,4.928947465137767,6.937751698080909,3.0380564149756975,2.521189883949185,recomendar,2.158396713690714,3.0380564149756992
AP0361,1,360,26.666666666666668,21.140129401312933,26.666666666666668,-1.8369064843737213,0.0,-5.526537265353735,0.0,-0.0,-0.019175113714609306,ejecutar la receta,0.0,-0.0,41.666666666666664,42.41378627679287,42.12778404431465,0.10607085212101312,0.06546624196715549,0.7471196101262052,0.4611173776479873,3.0380564149756975,2.521189883949185,recomendar,0.3222492327281825,0.19889013637266797
AP0361,2,360,16.666666666666668,20.46657955593533,16.666666666666668,1.2726648074021125,0.0,3.7999128892686613,0.0,-0.0,-0.019175113714609306,ejecutar la receta,-0.0,-0.0,16.666666666666668,6.768513779413132,19.186723567417687,-1.8553623048789656,0.4723728389591392,-9.898152887253536,2.520056900751019,3.0380564149756975,2.521189883949185,recomendar,-5.636695352441637,1.435095333660095
AP0361,3,360,15.0,16.808268911947728,15.0,0.7213540964914411,0.0,1.808268911947728,0.0,-0.0,-0.019175113714609306,ejecutar la receta,-0.0,-0.0,10.0,5.472521388624679,14.187650735771555,-1.0811500043928937,1.0,-4.527478611375321,4.187650735771555,3.0380564149756975,2.521189883949185,recomendar,-3.2845947063968337,3.0380564149756975
AP0362,0,360,30.833333333333332,30.988477557146993,30.833333333333332,0.07112624853670028,0.0,0.1551442238136609,0.0,-0.0,-0.019175113714609306,ejecutar la receta,-0.0,-0.0,53.333333333333336,66.16139283539147,60.271085031414245,1.849022573927888,1.0000000000000004,12.828059502058132,6.937751698080909,3.0380564149756975,2.521189883949185,recomendar,5.6174348921564965,3.0380564149756992
AP0362,1,360,26.666666666666668,26.755583374023434,26.666666666666668,0.02955407128741223,0.0,0.08891670735676627,0.0,-0.0,-0.019175113714609306,ejecutar la receta,-0.0,-0.0,41.666666666666664,34.72908184344952,42.12778404431465,-0.9849500988685664,0.06546624196715549,-6.9375848232171435,0.4611173776479873,3.0380564149756975,2.521189883949185,recomendar,-2.9923339662985957,0.19889013637266797
AP0362,2,360,16.666666666666668,19.55953532748752,16.666666666666668,0.9688780359835447,0.0,2.8928686608208523,0.0,-0.0,-0.019175113714609306,ejecutar la receta,-0.0,-0.0,16.666666666666668,12.724430193219865,19.186723567417687,-0.7389537253128543,0.4723728389591392,-3.942236473446803,2.520056900751019,3.0380564149756975,2.521189883949185,recomendar,-2.2449831055569063,1.435095333660095
AP0362,3,360,15.0,15.13904474012997,15.0,0.055467686374315706,0.0,0.13904474012996992,0.0,-0.0,-0.019175113714609306,ejecutar la receta,-0.0,-0.0,10.0,11.668617750369426,14.187650735771555,0.3984615374237965,1.0,1.6686177503694264,4.187650735771555,3.0380564149756975,2.521189883949185,recomendar,1.2105486298914439,3.0380564149756975
